date,high,low,close,adjclose
1998-06-19,0.218750,0.197917,0.208333,0.181413
1998-06-22,0.210938,0.205729,0.208333,0.181413
1998-06-23,0.210938,0.200521,0.208333,0.181413
1998-06-24,0.213542,0.205729,0.213542,0.185949
1998-06-25,0.244792,0.217448,0.234375,0.204090
1998-06-26,0.265625,0.233073,0.252604,0.219964
1998-06-29,0.268229,0.252604,0.259115,0.225633
1998-06-30,0.264323,0.247396,0.251302,0.218830
1998-07-01,0.252604,0.247396,0.247396,0.215429
1998-07-02,0.252604,0.247396,0.250000,0.217696
1998-07-06,0.252604,0.247396,0.252604,0.219964
1998-07-07,0.252604,0.247396,0.251302,0.218830
1998-07-08,0.252604,0.247396,0.252604,0.219964
1998-07-09,0.325521,0.250000,0.294271,0.256247
1998-07-10,0.302083,0.294271,0.299479,0.260782
1998-07-13,0.307292,0.287760,0.287760,0.250577
1998-07-14,0.317708,0.286458,0.315104,0.274388
1998-07-15,0.369792,0.320313,0.333333,0.290261
1998-07-16,0.338542,0.312500,0.325521,0.283459
1998-07-17,0.335938,0.322917,0.335938,0.292530
1998-07-20,0.365885,0.333333,0.351563,0.306136
1998-07-21,0.385417,0.364583,0.372396,0.324277
1998-07-22,0.382813,0.322917,0.361979,0.315206
1998-07-23,0.372396,0.328125,0.351563,0.306136
1998-07-24,0.351563,0.322917,0.335938,0.292530
1998-07-27,0.338542,0.320313,0.335938,0.292530
1998-07-28,0.335938,0.309896,0.320313,0.278924
1998-07-29,0.333333,0.312500,0.333333,0.290261
1998-07-30,0.341146,0.320313,0.341146,0.297065
1998-07-31,0.343750,0.325521,0.333333,0.290261
1998-08-03,0.335938,0.325521,0.330729,0.287994
1998-08-04,0.339844,0.325521,0.332031,0.289128
1998-08-05,0.369792,0.330729,0.345052,0.300466
1998-08-06,0.341146,0.333333,0.334635,0.291395
1998-08-07,0.364583,0.347656,0.354167,0.308403
1998-08-10,0.377604,0.351563,0.355469,0.309537
1998-08-11,0.361979,0.322917,0.351563,0.306136
1998-08-12,0.369792,0.354167,0.356771,0.310671
1998-08-13,0.372396,0.359375,0.364583,0.317473
1998-08-14,0.375000,0.364583,0.372396,0.324277
1998-08-17,0.371094,0.359375,0.361979,0.315206
1998-08-18,0.407552,0.369792,0.395833,0.344685
1998-08-19,0.408854,0.390625,0.390625,0.340150
1998-08-20,0.403646,0.382813,0.382813,0.333348
1998-08-21,0.375000,0.343750,0.375000,0.326544
1998-08-24,0.393229,0.355469,0.372396,0.324277
1998-08-25,0.401042,0.381510,0.393229,0.342418
1998-08-26,0.384115,0.364583,0.365885,0.318607
1998-08-27,0.364583,0.320313,0.328125,0.285726
1998-08-28,0.338542,0.309896,0.322917,0.281191
1998-08-31,0.328125,0.250000,0.250000,0.217696
1998-09-01,0.330729,0.240885,0.312500,0.272120
1998-09-02,0.346354,0.302083,0.309896,0.269853
1998-09-03,0.302083,0.270833,0.296875,0.258514
1998-09-04,0.317708,0.286458,0.302083,0.263049
1998-09-08,0.346354,0.304688,0.338542,0.294797
1998-09-09,0.337240,0.307292,0.326823,0.284593
1998-09-10,0.324219,0.307292,0.324219,0.282325
1998-09-11,0.325521,0.312500,0.324219,0.282325
1998-09-14,0.341146,0.324219,0.328125,0.285726
1998-09-15,0.333333,0.317708,0.317708,0.276655
1998-09-16,0.319010,0.307292,0.312500,0.272120
1998-09-17,0.309896,0.299479,0.305990,0.266452
1998-09-18,0.309896,0.304688,0.309896,0.269853
1998-09-21,0.322917,0.299479,0.322917,0.281191
1998-09-22,0.322917,0.315104,0.315104,0.274388
1998-09-23,0.341146,0.315104,0.333333,0.290261
1998-09-24,0.338542,0.317708,0.320313,0.278924
1998-09-25,0.338542,0.322917,0.328125,0.285726
1998-09-28,0.338542,0.328125,0.328125,0.285726
1998-09-29,0.341146,0.322917,0.334635,0.291395
1998-09-30,0.328125,0.322917,0.322917,0.281191
1998-10-01,0.325521,0.312500,0.320313,0.278924
1998-10-02,0.335938,0.320313,0.335938,0.292530
1998-10-05,0.333333,0.320313,0.322917,0.281191
1998-10-06,0.320313,0.268229,0.270833,0.235837
1998-10-07,0.260417,0.250000,0.255208,0.222231
1998-10-08,0.250000,0.145833,0.192708,0.167807
1998-10-09,0.236979,0.218750,0.229167,0.199555
1998-10-12,0.250000,0.226563,0.226563,0.197288
1998-10-13,0.302083,0.250000,0.261719,0.227901
1998-10-14,0.260417,0.239583,0.257813,0.224500
1998-10-15,0.276042,0.265625,0.270833,0.235837
1998-10-16,0.278646,0.268229,0.278646,0.242641
1998-10-19,0.309896,0.278646,0.304688,0.265318
1998-10-20,0.333333,0.309896,0.322917,0.281191
1998-10-21,0.352865,0.333333,0.345052,0.300466
1998-10-22,0.369792,0.345052,0.364583,0.317473
1998-10-23,0.401042,0.368490,0.380208,0.331079
1998-10-26,0.445313,0.393229,0.429688,0.374166
1998-10-27,0.502604,0.442708,0.473958,0.412715
1998-10-28,0.497396,0.447917,0.460938,0.401378
1998-10-29,0.463542,0.414063,0.437500,0.380968
1998-10-30,0.468750,0.427083,0.464844,0.404779
1998-11-02,0.488281,0.473958,0.479167,0.417252
1998-11-03,0.481771,0.464844,0.473958,0.412715
1998-11-04,0.484375,0.457031,0.470052,0.409314
1998-11-05,0.468750,0.375000,0.421875,0.367362
1998-11-06,0.416667,0.377604,0.395833,0.344685
1998-11-09,0.411458,0.385417,0.411458,0.358291
1998-11-10,0.419271,0.406250,0.419271,0.365095
1998-11-11,0.419271,0.395833,0.398438,0.346954
1998-11-12,0.403646,0.395833,0.398438,0.346954
1998-11-13,0.416667,0.395833,0.406250,0.353756
1998-11-16,0.414063,0.398438,0.403646,0.351489
1998-11-17,0.414063,0.369792,0.401042,0.349221
1998-11-18,0.408854,0.388021,0.404948,0.352623
1998-11-19,0.416667,0.401042,0.411458,0.358291
1998-11-20,0.500000,0.408854,0.455729,0.396842
1998-11-23,0.489583,0.468750,0.476563,0.414984
1998-11-24,0.481771,0.458333,0.466146,0.405913
1998-11-25,0.479167,0.463542,0.463542,0.403645
1998-11-27,0.473958,0.453125,0.453125,0.394574
1998-11-30,0.471354,0.447917,0.450521,0.392307
1998-12-01,0.516927,0.445313,0.510417,0.444464
1998-12-02,0.541667,0.500000,0.505208,0.439928
1998-12-03,0.514323,0.458333,0.460938,0.401378
1998-12-04,0.473958,0.453125,0.462240,0.402512
1998-12-07,0.523438,0.476563,0.502604,0.437660
1998-12-08,0.510417,0.471354,0.489583,0.426321
1998-12-09,0.492188,0.471354,0.479167,0.417252
1998-12-10,0.500000,0.479167,0.494792,0.430858
1998-12-11,0.506510,0.453125,0.468750,0.408181
1998-12-14,0.472656,0.432292,0.434896,0.378701
1998-12-15,0.463542,0.442708,0.458333,0.399110
1998-12-16,0.479167,0.458333,0.471354,0.410448
1998-12-17,0.473958,0.434896,0.458333,0.399110
1998-12-18,0.484375,0.458333,0.481771,0.419519
1998-12-21,0.567708,0.479167,0.562500,0.489817
1998-12-22,0.697917,0.567708,0.567708,0.494352
1998-12-23,0.598958,0.544271,0.591146,0.514761
1998-12-24,0.598958,0.583333,0.583333,0.507958
1998-12-28,0.617188,0.552083,0.562500,0.489817
1998-12-29,0.645833,0.546875,0.617188,0.537438
1998-12-30,0.641927,0.591146,0.617188,0.537438
1998-12-31,0.635417,0.614583,0.632813,0.551044
1999-01-04,0.669271,0.611979,0.625000,0.544240
1999-01-05,0.640625,0.593750,0.640625,0.557847
1999-01-06,0.679688,0.645833,0.648438,0.564650
1999-01-07,0.656250,0.625000,0.635417,0.553312
1999-01-08,0.661458,0.643229,0.653646,0.569185
1999-01-11,0.697917,0.658854,0.690104,0.600932
1999-01-12,0.696615,0.630208,0.630208,0.548776
1999-01-13,0.648438,0.546875,0.627604,0.546508
1999-01-14,0.645833,0.619792,0.645833,0.562382
1999-01-15,0.677083,0.635417,0.677083,0.589594
1999-01-19,0.729167,0.682292,0.708333,0.616806
1999-01-20,0.739583,0.718750,0.731771,0.637215
1999-01-21,0.752604,0.710938,0.748698,0.651955
1999-01-22,0.768229,0.705729,0.768229,0.668962
1999-01-25,0.864583,0.750000,0.828125,0.721119
1999-01-26,0.833333,0.809896,0.812500,0.707513
1999-01-27,0.848958,0.804688,0.815104,0.709780
1999-01-28,0.833333,0.815104,0.822917,0.716584
1999-01-29,0.825521,0.809896,0.809896,0.705245
1999-02-01,0.833333,0.809896,0.812500,0.707513
1999-02-02,0.809896,0.755208,0.796875,0.693907
1999-02-03,0.794271,0.783854,0.783854,0.682568
1999-02-04,0.794271,0.770833,0.781250,0.680301
1999-02-05,0.796875,0.773438,0.791667,0.689372
1999-02-08,0.822917,0.791667,0.804688,0.700710
1999-02-09,0.820313,0.796875,0.804688,0.700710
1999-02-10,0.947917,0.807292,0.916667,0.798220
1999-02-11,0.963542,0.916667,0.916667,0.798220
1999-02-12,0.927083,0.885417,0.921875,0.802755
1999-02-16,1.000000,0.890625,0.890625,0.775543
1999-02-17,0.885417,0.791667,0.809896,0.705245
1999-02-18,0.833333,0.781250,0.796875,0.693907
1999-02-19,0.802083,0.776042,0.802083,0.698442
1999-02-22,0.882813,0.791667,0.861979,0.750598
1999-02-23,0.890625,0.854167,0.882813,0.768740
1999-02-24,0.947917,0.885417,0.921875,0.802755
1999-02-25,0.942708,0.898438,0.942708,0.820896
1999-02-26,0.942708,0.890625,0.895833,0.780078
1999-03-01,0.893229,0.799479,0.820313,0.714316
1999-03-02,0.835938,0.815104,0.820313,0.714316
1999-03-03,0.828125,0.804688,0.807292,0.702978
1999-03-04,0.820313,0.723958,0.750000,0.653089
1999-03-05,0.799479,0.747396,0.770833,0.671230
1999-03-08,0.773438,0.742188,0.753906,0.656490
1999-03-09,0.796875,0.726563,0.768229,0.668962
1999-03-10,0.885417,0.765625,0.848958,0.739260
1999-03-11,0.875000,0.809896,0.822917,0.716584
1999-03-12,0.833333,0.763021,0.786458,0.684836
1999-03-15,0.791667,0.763021,0.786458,0.684836
1999-03-16,0.794271,0.755208,0.786458,0.684836
1999-03-17,0.789063,0.748698,0.770833,0.671230
1999-03-18,0.773438,0.721354,0.721354,0.628144
1999-03-19,0.721354,0.604167,0.619792,0.539706
1999-03-22,0.619792,0.570313,0.588542,0.512494
1999-03-23,0.589844,0.489583,0.528646,0.460337
1999-03-24,0.625000,0.492188,0.585938,0.510226
1999-03-25,0.635417,0.596354,0.625000,0.544240
1999-03-26,0.626302,0.598958,0.613281,0.534036
1999-03-29,0.653646,0.611979,0.651042,0.566918
1999-03-30,0.648438,0.580729,0.593750,0.517028
1999-03-31,0.593750,0.572917,0.578125,0.503423
1999-04-01,0.582031,0.523438,0.531250,0.462604
1999-04-05,0.536458,0.497396,0.536458,0.467140
1999-04-06,0.536458,0.489583,0.489583,0.426321
1999-04-07,0.488281,0.406250,0.421875,0.367362
1999-04-08,0.479167,0.421875,0.463542,0.403645
1999-04-09,0.473958,0.416667,0.427083,0.371897
1999-04-12,0.440104,0.414063,0.429688,0.374166
1999-04-13,0.466146,0.424479,0.447917,0.390039
1999-04-14,0.510417,0.458333,0.498698,0.434259
1999-04-15,0.520833,0.500000,0.518229,0.451266
1999-04-16,0.520833,0.473958,0.500000,0.435393
1999-04-19,0.510417,0.473958,0.498698,0.434259
1999-04-20,0.526042,0.494792,0.520833,0.453533
1999-04-21,0.513021,0.463542,0.494792,0.430858
1999-04-22,0.520833,0.489583,0.515625,0.448999
1999-04-23,0.519531,0.484375,0.484375,0.421786
1999-04-26,0.500000,0.466146,0.466146,0.405913
1999-04-27,0.477865,0.421875,0.460938,0.401378
1999-04-28,0.463542,0.446615,0.458333,0.399110
1999-04-29,0.468750,0.447917,0.453125,0.394574
1999-04-30,0.500000,0.458333,0.467448,0.407047
1999-05-03,0.484375,0.460938,0.473958,0.412715
1999-05-04,0.484375,0.471354,0.476563,0.414984
1999-05-05,0.479167,0.437500,0.453125,0.394574
1999-05-06,0.458333,0.437500,0.437500,0.380968
1999-05-07,0.453125,0.401042,0.429688,0.374166
1999-05-10,0.434896,0.416667,0.429688,0.374166
1999-05-11,0.453125,0.434896,0.437500,0.380968
1999-05-12,0.477865,0.437500,0.466146,0.405913
1999-05-13,0.531250,0.460938,0.500000,0.435393
1999-05-14,0.509115,0.492188,0.509115,0.443330
1999-05-17,0.591146,0.539063,0.583333,0.507958
1999-05-18,0.649740,0.593750,0.623698,0.543107
1999-05-19,0.630208,0.595052,0.604167,0.526100
1999-05-20,0.596354,0.546875,0.548177,0.477344
1999-05-21,0.552083,0.541667,0.546875,0.476211
1999-05-24,0.553385,0.539063,0.541667,0.471675
1999-05-25,0.572917,0.539063,0.539063,0.469408
1999-05-26,0.546875,0.528646,0.529948,0.461471
1999-05-27,0.533854,0.520833,0.528646,0.460337
1999-05-28,0.531250,0.507813,0.523438,0.455802
1999-06-01,0.520833,0.475260,0.479167,0.417252
1999-06-02,0.481771,0.463542,0.472656,0.411582
1999-06-03,0.481771,0.468750,0.471354,0.410448
1999-06-04,0.481771,0.464844,0.481771,0.419519
1999-06-07,0.552083,0.488281,0.536458,0.467140
1999-06-08,0.579427,0.541667,0.544271,0.473943
1999-06-09,0.559896,0.518229,0.549479,0.478478
1999-06-10,0.541667,0.529948,0.531250,0.462604
1999-06-11,0.539063,0.526042,0.533854,0.464872
1999-06-14,0.540365,0.479167,0.489583,0.426321
1999-06-15,0.496094,0.458333,0.473958,0.412715
1999-06-16,0.515625,0.479167,0.510417,0.444464
1999-06-17,0.520833,0.494792,0.494792,0.430858
1999-06-18,0.518229,0.494792,0.494792,0.430858
1999-06-21,0.516927,0.476563,0.490885,0.427455
1999-06-22,0.513021,0.490885,0.497396,0.433125
1999-06-23,0.523438,0.494792,0.523438,0.455802
1999-06-24,0.531250,0.507813,0.520833,0.453533
1999-06-25,0.549479,0.518229,0.544271,0.473943
1999-06-28,0.549479,0.531250,0.533854,0.464872
1999-06-29,0.562500,0.531250,0.555990,0.484148
1999-06-30,0.559896,0.535156,0.542969,0.472809
1999-07-01,0.542969,0.507813,0.520833,0.453533
1999-07-02,0.520833,0.500000,0.513021,0.446731
1999-07-06,0.515625,0.496094,0.496094,0.431991
1999-07-07,0.500000,0.489583,0.489583,0.426321
1999-07-08,0.489583,0.468750,0.468750,0.408181
1999-07-09,0.480469,0.424479,0.463542,0.403645
1999-07-12,0.497396,0.464844,0.488281,0.425188
1999-07-13,0.497396,0.479167,0.480469,0.418385
1999-07-14,0.480469,0.471354,0.477865,0.416118
1999-07-15,0.583333,0.479167,0.578125,0.503423
1999-07-16,0.625000,0.565104,0.580729,0.505690
1999-07-19,0.630208,0.589844,0.613281,0.534036
1999-07-20,0.593750,0.520833,0.575521,0.501155
1999-07-21,0.600260,0.567708,0.583333,0.507958
1999-07-22,0.588542,0.567708,0.588542,0.512494
1999-07-23,0.598958,0.567708,0.588542,0.512494
1999-07-26,0.619792,0.583333,0.592448,0.515895
1999-07-27,0.593750,0.575521,0.585938,0.510226
1999-07-28,0.585938,0.561198,0.567708,0.494352
1999-07-29,0.562500,0.536458,0.555990,0.484148
1999-07-30,0.562500,0.537760,0.559896,0.487549
1999-08-02,0.562500,0.531250,0.545573,0.475077
1999-08-03,0.562500,0.541667,0.562500,0.489817
1999-08-04,0.565104,0.523438,0.536458,0.467140
1999-08-05,0.531901,0.505208,0.520833,0.453533
1999-08-06,0.531250,0.510417,0.515625,0.448999
1999-08-09,0.536458,0.505208,0.506510,0.441061
1999-08-10,0.506185,0.466146,0.496094,0.431991
1999-08-11,0.518229,0.490885,0.511719,0.445597
1999-08-12,0.520833,0.502604,0.520833,0.453533
1999-08-13,0.536458,0.515625,0.536458,0.467140
1999-08-16,0.549479,0.532552,0.542969,0.472809
1999-08-17,0.559896,0.531250,0.531250,0.462604
1999-08-18,0.557292,0.522135,0.531250,0.462604
1999-08-19,0.536458,0.522135,0.526042,0.458070
1999-08-20,0.533854,0.510417,0.510417,0.444464
1999-08-23,0.514323,0.500000,0.505208,0.439928
1999-08-24,0.505208,0.488281,0.489583,0.426321
1999-08-25,0.510417,0.486979,0.500000,0.435393
1999-08-26,0.515625,0.496094,0.505208,0.439928
1999-08-27,0.507813,0.479167,0.479167,0.417252
1999-08-30,0.497396,0.479167,0.489583,0.426321
1999-08-31,0.502604,0.492188,0.502604,0.437660
1999-09-01,0.509115,0.500000,0.505208,0.439928
1999-09-02,0.507813,0.496094,0.497396,0.433125
1999-09-03,0.519531,0.501302,0.510417,0.444464
1999-09-07,0.509766,0.471354,0.500000,0.435393
1999-09-08,0.502604,0.492188,0.497396,0.433125
1999-09-09,0.502604,0.473958,0.479167,0.417252
1999-09-10,0.489583,0.466146,0.468750,0.408181
1999-09-13,0.468750,0.455729,0.463542,0.403645
1999-09-14,0.497396,0.458333,0.494792,0.430858
1999-09-15,0.494141,0.455729,0.458333,0.399110
1999-09-16,0.468750,0.445313,0.459635,0.400243
1999-09-17,0.476563,0.458333,0.471354,0.410448
1999-09-20,0.484375,0.467448,0.479167,0.417252
1999-09-21,0.481771,0.476563,0.481771,0.419519
1999-09-22,0.518229,0.480469,0.518229,0.451266
1999-09-23,0.567708,0.505208,0.531250,0.462604
1999-09-24,0.604167,0.520833,0.585938,0.510226
1999-09-27,0.641927,0.585938,0.621094,0.540839
1999-09-28,0.682292,0.619792,0.640625,0.557847
1999-09-29,0.656250,0.625000,0.640625,0.557847
1999-09-30,0.674479,0.635417,0.658854,0.573720
1999-10-01,0.666667,0.635417,0.639974,0.557280
1999-10-04,0.665365,0.640625,0.662760,0.577121
1999-10-05,0.677083,0.657878,0.661458,0.575988
1999-10-06,0.670573,0.644531,0.648438,0.564650
1999-10-07,0.657552,0.643229,0.653646,0.569185
1999-10-08,0.661458,0.635417,0.643229,0.560114
1999-10-11,0.638021,0.583333,0.638021,0.555579
1999-10-12,0.638021,0.598958,0.617188,0.537438
1999-10-13,0.606771,0.588542,0.598958,0.521564
1999-10-14,0.604167,0.580729,0.593750,0.517028
1999-10-15,0.598958,0.533854,0.570313,0.496620
1999-10-18,0.695313,0.600260,0.677083,0.589594
1999-10-19,0.829427,0.752604,0.815104,0.709780
1999-10-20,0.979167,0.865885,0.966146,0.841305
1999-10-21,0.963542,0.861979,0.880208,0.766472
1999-10-22,0.927083,0.872396,0.914063,0.795952
1999-10-25,0.986979,0.895833,0.955729,0.832234
1999-10-26,0.989583,0.958333,0.963542,0.839038
1999-10-27,0.960938,0.937500,0.937500,0.816361
1999-10-28,0.968750,0.911458,0.911458,0.793684
1999-10-29,0.981771,0.917969,0.957031,0.833368
1999-11-01,1.078125,0.958333,1.059896,0.922942
1999-11-02,1.213542,1.052083,1.119792,0.975098
1999-11-03,1.190104,1.049479,1.093750,0.952421
1999-11-04,1.130208,1.065104,1.088542,0.947886
1999-11-05,1.207031,1.080729,1.140625,0.993239
1999-11-08,1.145833,1.104167,1.104167,0.961492
1999-11-09,1.091146,0.984375,1.014323,0.883257
1999-11-10,1.080729,0.966146,1.052083,0.916138
1999-11-11,1.119792,1.062500,1.109375,0.966027
1999-11-12,1.119792,1.075521,1.083333,0.943350
1999-11-15,1.083333,1.065104,1.065104,0.927477
1999-11-16,1.087240,1.065104,1.075521,0.936548
1999-11-17,1.076823,0.992188,0.994792,0.866250
1999-11-18,1.039063,0.986979,1.039063,0.904801
1999-11-19,1.072917,1.037760,1.065104,0.927477
1999-11-22,1.101563,1.061198,1.080729,0.941083
1999-11-23,1.218750,1.083333,1.166667,1.015916
1999-11-24,1.190104,1.145833,1.166667,1.015916
1999-11-26,1.192708,1.138021,1.190104,1.036325
1999-11-29,1.287760,1.166667,1.242188,1.081679
1999-11-30,1.255208,1.169271,1.248698,1.087347
1999-12-01,1.223958,1.191406,1.205729,1.049931
1999-12-02,1.294271,1.200521,1.289063,1.122497
1999-12-03,1.414063,1.307292,1.356771,1.181456
1999-12-06,1.450521,1.354167,1.434896,1.249486
1999-12-07,1.500000,1.427083,1.497396,1.303910
1999-12-08,1.662435,1.505208,1.645833,1.433167
1999-12-09,1.812500,1.541667,1.666667,1.451309
1999-12-10,1.679688,1.557292,1.640625,1.428632
1999-12-13,1.669271,1.604167,1.614583,1.405955
1999-12-14,1.656250,1.604167,1.656250,1.442238
1999-12-15,1.664063,1.466146,1.514323,1.318650
1999-12-16,1.562500,1.488281,1.520833,1.324319
1999-12-17,1.567708,1.531250,1.532552,1.334523
1999-12-20,1.593750,1.460938,1.460938,1.272163
1999-12-21,2.095052,1.395833,1.890625,1.646328
1999-12-22,2.520833,2.072917,2.437500,2.122539
1999-12-23,2.500000,2.214844,2.276042,1.981943
1999-12-27,2.242188,2.002604,2.049479,1.784655
1999-12-28,2.187500,2.000000,2.070964,1.803364
1999-12-29,2.158854,2.057292,2.122396,1.848151
1999-12-30,2.385417,2.127604,2.356771,2.052241
1999-12-31,2.437500,2.257813,2.277344,1.983077
2000-01-03,2.312500,1.729167,2.000000,1.741570
2000-01-04,2.044271,1.856771,1.932292,1.682611
2000-01-05,2.039063,1.687500,2.039063,1.775585
2000-01-06,2.041667,1.934896,1.934896,1.684879
2000-01-07,1.958333,1.791667,1.958333,1.705287
2000-01-10,2.221354,1.979167,1.996094,1.738169
2000-01-11,2.098958,1.953125,1.975260,1.720027
2000-01-12,1.976563,1.837240,1.890625,1.646328
2000-01-13,1.958333,1.882813,1.958333,1.705287
2000-01-14,2.071615,1.875000,1.901042,1.655399
2000-01-18,1.968750,1.666667,1.695313,1.476253
2000-01-19,1.890625,1.684896,1.830729,1.594171
2000-01-20,1.958333,1.744792,1.769531,1.540881
2000-01-21,1.783854,1.658854,1.708333,1.487590
2000-01-24,1.875000,1.682292,1.828125,1.591904
2000-01-25,1.875000,1.789063,1.869792,1.628186
2000-01-26,2.119792,1.868490,1.895833,1.650863
2000-01-27,2.026042,1.895833,1.895833,1.650863
2000-01-28,1.968750,1.856771,1.867188,1.625919
2000-01-31,1.937500,1.520833,1.567708,1.365137
2000-02-01,1.875000,1.583333,1.833333,1.596439
2000-02-02,1.958333,1.843750,1.916667,1.669005
2000-02-03,1.979167,1.843750,1.942708,1.691681
2000-02-04,2.036458,1.940104,2.015625,1.755176
2000-02-07,2.270833,2.013021,2.263021,1.970605
2000-02-08,2.679688,2.338542,2.575521,2.242725
2000-02-09,2.625000,2.416667,2.548177,2.218915
2000-02-10,2.597656,2.417969,2.578125,2.244992
2000-02-11,2.744792,2.473958,2.708333,2.358376
2000-02-14,2.809896,2.583333,2.690104,2.342503
2000-02-15,2.729167,2.583333,2.658854,2.315290
2000-02-16,2.666667,2.583333,2.583333,2.249528
2000-02-17,2.656250,2.500000,2.559896,2.229119
2000-02-18,2.559896,2.407552,2.408854,2.097594
2000-02-22,2.440104,2.312500,2.397135,2.087389
2000-02-23,2.403646,2.371094,2.373698,2.066981
2000-02-24,2.390625,2.270833,2.270833,1.977408
2000-02-25,2.391927,2.281250,2.354167,2.049974
2000-02-28,2.407552,2.248698,2.248698,1.958132
2000-02-29,2.317708,2.209635,2.273438,1.979676
2000-03-01,2.291667,2.208333,2.255208,1.963802
2000-03-02,2.541667,2.317708,2.466146,2.147483
2000-03-03,2.604167,2.479167,2.522135,2.196238
2000-03-06,2.687500,2.562500,2.632813,2.292614
2000-03-07,2.716146,2.552083,2.552083,2.222315
2000-03-08,2.593750,2.398438,2.555339,2.225151
2000-03-09,2.791667,2.457031,2.734375,2.381052
2000-03-10,2.791667,2.489583,2.559896,2.229119
2000-03-13,2.716146,2.450521,2.500000,2.176962
2000-03-14,2.645833,2.260417,2.333333,2.031831
2000-03-15,2.358073,1.876302,2.101563,1.830010
2000-03-16,2.135417,1.994792,2.041667,1.777853
2000-03-17,2.395833,2.031250,2.343750,2.040903
2000-03-20,2.582031,2.312500,2.367188,2.061312
2000-03-21,2.500000,2.239583,2.486979,2.165624
2000-03-22,2.604167,2.500000,2.580078,2.246694
2000-03-23,2.906250,2.625000,2.703125,2.353841
2000-03-24,2.916667,2.697917,2.773438,2.415068
2000-03-27,3.005208,2.750000,2.864583,2.494437
2000-03-28,3.000000,2.833333,2.911458,2.535254
2000-03-29,2.934896,2.354167,2.750000,2.394659
2000-03-30,2.708333,2.424479,2.484375,2.163357
2000-03-31,2.638021,2.390625,2.604167,2.267669
2000-04-03,2.604167,2.205729,2.250000,1.959266
2000-04-04,2.395833,1.666667,2.346354,2.043169
2000-04-05,2.208333,2.036458,2.166667,1.886701
2000-04-06,2.375000,2.119792,2.247396,1.956998
2000-04-07,2.375000,2.083333,2.177083,1.895772
2000-04-10,2.174479,1.882813,1.882813,1.639525
2000-04-11,2.083333,1.776042,1.958333,1.705287
2000-04-12,1.968750,1.750000,1.833333,1.596439
2000-04-13,1.856771,1.744792,1.782552,1.552220
2000-04-14,1.750000,1.289063,1.453125,1.265360
2000-04-17,1.502604,1.010417,1.500000,1.306178
2000-04-18,1.708333,1.250000,1.593750,1.387814
2000-04-19,1.755208,1.643229,1.755208,1.528409
2000-04-20,1.895833,1.755208,1.869792,1.628186
2000-04-24,1.843750,1.598958,1.843750,1.605510
2000-04-25,2.000000,1.822917,1.908854,1.662202
2000-04-26,1.966146,1.765625,1.835938,1.598707
2000-04-27,1.875000,1.632813,1.828125,1.591904
2000-04-28,1.916667,1.872396,1.911458,1.664469
2000-05-01,2.354167,1.945313,2.208984,1.923550
2000-05-02,2.354167,2.208333,2.263021,1.970605
2000-05-03,2.265625,2.005859,2.096354,1.825473
2000-05-04,2.354167,2.041667,2.312500,2.013691
2000-05-05,2.452474,2.218750,2.377604,2.070383
2000-05-08,2.510417,2.377604,2.479167,2.158821
2000-05-09,2.507813,2.427083,2.486979,2.165624
2000-05-10,2.489583,2.375000,2.380208,2.072649
2000-05-11,2.453125,2.244792,2.364583,2.059043
2000-05-12,2.440104,2.296875,2.359375,2.054508
2000-05-15,2.531250,2.341146,2.531250,2.204175
2000-05-16,2.625000,2.526042,2.552083,2.222315
2000-05-17,2.666667,2.463542,2.619792,2.281276
2000-05-18,2.664063,2.596354,2.625000,2.285811
2000-05-19,2.666667,2.531250,2.531250,2.204175
2000-05-22,2.708333,2.166667,2.640625,2.299417
2000-05-23,2.677083,2.380208,2.395833,2.086255
2000-05-24,2.500000,2.114583,2.416667,2.104398
2000-05-25,2.414063,2.218750,2.260417,1.968338
2000-05-26,2.281250,2.127604,2.244792,1.954732
2000-05-30,2.281250,2.033854,2.171875,1.891236
2000-05-31,2.425781,2.143229,2.333333,2.031831
2000-06-01,2.416667,2.208333,2.354167,2.049974
2000-06-02,2.500000,2.354167,2.397135,2.087389
2000-06-05,2.440104,2.312500,2.317708,2.018225
2000-06-06,2.375000,2.283854,2.283854,1.988746
2000-06-07,2.302083,2.208333,2.234375,1.945660
2000-06-08,2.263021,2.223958,2.239583,1.950195
2000-06-09,2.247396,2.187500,2.229167,1.941126
2000-06-12,2.234375,2.057292,2.096354,1.825473
2000-06-13,2.104167,2.002604,2.062500,1.795994
2000-06-14,2.088542,2.020833,2.036458,1.773317
2000-06-15,2.065104,1.828776,1.875000,1.632722
2000-06-16,1.979167,1.843750,1.968750,1.714358
2000-06-19,1.981771,1.875000,1.916667,1.669005
2000-06-20,2.041667,1.828125,2.010417,1.750641
2000-06-21,1.979167,1.895833,1.947266,1.695650
2000-06-22,1.947917,1.729167,1.734375,1.510268
2000-06-23,1.835938,1.713542,1.791667,1.560157
2000-06-26,1.885417,1.750000,1.776042,1.546551
2000-06-27,1.770833,1.656250,1.695313,1.476253
2000-06-28,1.697917,1.625000,1.625000,1.415026
2000-06-29,1.645833,1.554688,1.578125,1.374208
2000-06-30,1.583333,1.354167,1.382813,1.204133
2000-07-03,1.453125,1.369792,1.406250,1.224541
2000-07-05,1.437500,1.333333,1.348958,1.174652
2000-07-06,1.645833,1.289063,1.489583,1.297107
2000-07-07,1.625000,1.489583,1.609375,1.401419
2000-07-10,1.750000,1.591146,1.625000,1.415026
2000-07-11,1.687500,1.622396,1.625000,1.415026
2000-07-12,1.687500,1.541667,1.580729,1.376475
2000-07-13,1.580729,1.531250,1.562500,1.360601
2000-07-14,1.854167,1.562500,1.854167,1.614581
2000-07-17,1.875000,1.744792,1.822917,1.587369
2000-07-18,2.036458,1.796875,1.953125,1.700752
2000-07-19,2.041667,1.791667,1.809896,1.576030
2000-07-20,1.895833,1.791667,1.851563,1.612313
2000-07-21,1.906250,1.817708,1.838542,1.600975
2000-07-24,1.875000,1.588542,1.791016,1.559590
2000-07-25,1.958333,1.552083,1.942057,1.691114
2000-07-26,2.000000,1.734375,1.973958,1.718893
2000-07-27,1.989583,1.864583,1.953125,1.700752
2000-07-28,1.953125,1.734375,1.734375,1.510268
2000-07-31,1.833333,1.697917,1.713542,1.492127
2000-08-01,1.713542,1.635417,1.645833,1.433167
2000-08-02,1.822917,1.635417,1.750000,1.523874
2000-08-03,1.880208,1.666667,1.838542,1.600975
2000-08-04,1.927083,1.833333,1.921875,1.673540
2000-08-07,1.933594,1.750000,1.776042,1.546551
2000-08-08,1.833333,1.708333,1.708333,1.487590
2000-08-09,1.739583,1.640625,1.677083,1.460379
2000-08-10,1.820313,1.666667,1.697917,1.478520
2000-08-11,1.791667,1.687500,1.776042,1.546551
2000-08-14,1.791667,1.744792,1.750000,1.523874
2000-08-15,1.811849,1.671875,1.674479,1.458111
2000-08-16,1.812500,1.692708,1.812500,1.578298
2000-08-17,1.812500,1.747396,1.785807,1.555054
2000-08-18,1.828125,1.770833,1.783854,1.553354
2000-08-21,1.802083,1.723958,1.791667,1.560157
2000-08-22,1.846354,1.791667,1.838542,1.600975
2000-08-23,1.854167,1.755208,1.776042,1.546551
2000-08-24,1.812500,1.765625,1.794271,1.562424
2000-08-25,1.822917,1.666667,1.747396,1.521606
2000-08-28,1.796875,1.729167,1.744792,1.519339
2000-08-29,1.794271,1.687500,1.687500,1.469450
2000-08-30,1.807292,1.687500,1.804688,1.571495
2000-08-31,1.861979,1.760417,1.781250,1.551086
2000-09-01,1.802083,1.528646,1.598958,1.392349
2000-09-05,1.598958,1.541667,1.565104,1.362869
2000-09-06,1.557292,1.312500,1.312500,1.142906
2000-09-07,1.500000,1.411458,1.473958,1.283501
2000-09-08,1.520833,1.447917,1.489583,1.297107
2000-09-11,1.559896,1.463542,1.544271,1.344728
2000-09-12,1.591146,1.536458,1.536458,1.337925
2000-09-13,1.570313,1.479167,1.541016,1.341894
2000-09-14,1.557292,1.500000,1.523438,1.326587
2000-09-15,1.588542,1.489583,1.567708,1.365137
2000-09-18,1.583333,1.492188,1.567708,1.365137
2000-09-19,1.656250,1.515625,1.640625,1.428632
2000-09-20,1.700521,1.570313,1.692708,1.473985
2000-09-21,1.750000,1.648438,1.718750,1.496662
2000-09-22,1.723958,1.583333,1.721354,1.498929
2000-09-25,1.791667,1.716146,1.786458,1.555621
2000-09-26,1.697917,1.598958,1.660156,1.445639
2000-09-27,1.692708,1.544271,1.572917,1.369673
2000-09-28,1.635417,1.437500,1.635417,1.424096
2000-09-29,1.666667,1.552083,1.625000,1.415026
2000-10-02,1.666667,1.598958,1.622396,1.412758
2000-10-03,1.630208,1.513021,1.526042,1.328854
2000-10-04,1.528646,1.489583,1.500000,1.306178
2000-10-05,1.570313,1.492188,1.497396,1.303910
2000-10-06,1.528646,1.427083,1.460938,1.272163
2000-10-09,1.463542,1.395833,1.411458,1.229077
2000-10-10,1.455729,1.390625,1.437500,1.251753
2000-10-11,1.494792,1.406250,1.479167,1.288037
2000-10-12,1.489583,1.414063,1.421875,1.238148
2000-10-13,1.486979,1.406250,1.463542,1.274431
2000-10-16,1.500000,1.427083,1.460938,1.272163
2000-10-17,1.583333,1.479167,1.523438,1.326587
2000-10-18,1.552083,1.494792,1.541667,1.342460
2000-10-19,1.661458,1.546875,1.630208,1.419561
2000-10-20,1.671875,1.593750,1.625651,1.415593
2000-10-23,1.625000,1.458333,1.611979,1.403687
2000-10-24,1.617188,1.572266,1.604167,1.396885
2000-10-25,1.687500,1.578125,1.656250,1.442238
2000-10-26,1.666667,1.526042,1.661458,1.446773
2000-10-27,1.708333,1.635417,1.651042,1.437703
2000-10-30,1.641276,1.552083,1.604167,1.396885
2000-10-31,1.708333,1.604167,1.708333,1.487590
2000-11-01,1.677083,1.611979,1.640625,1.428632
2000-11-02,1.664063,1.628255,1.664063,1.449041
2000-11-03,1.770833,1.635417,1.747396,1.521606
2000-11-06,1.770833,1.687500,1.729167,1.505733
2000-11-07,1.875000,1.687500,1.864583,1.623651
2000-11-08,1.869792,1.750000,1.750000,1.523874
2000-11-09,1.812500,1.739583,1.770833,1.542014
2000-11-10,1.786458,1.669271,1.705729,1.485323
2000-11-13,1.666667,1.562500,1.604167,1.396885
2000-11-14,1.778646,1.614583,1.773438,1.544283
2000-11-15,1.848958,1.750000,1.786458,1.555621
2000-11-16,1.770833,1.666667,1.677083,1.460379
2000-11-17,1.703125,1.661458,1.671875,1.455843
2000-11-20,1.671875,1.604167,1.651042,1.437703
2000-11-21,1.692708,1.625000,1.661458,1.446773
2000-11-22,1.656250,1.625000,1.632813,1.421829
2000-11-24,1.652995,1.619792,1.619792,1.410490
2000-11-27,1.671875,1.598958,1.601563,1.394617
2000-11-28,1.609375,1.557292,1.567708,1.365137
2000-11-29,1.583333,1.520833,1.541667,1.342460
2000-11-30,1.557292,1.494792,1.541667,1.342460
2000-12-01,1.656250,1.541667,1.609375,1.401419
2000-12-04,1.630208,1.598958,1.614583,1.405955
2000-12-05,1.848958,1.614583,1.848958,1.610045
2000-12-06,1.833333,1.744792,1.744792,1.519339
2000-12-07,1.807292,1.635417,1.640625,1.428632
2000-12-08,1.690104,1.646484,1.674479,1.458111
2000-12-11,1.703125,1.648438,1.686849,1.468883
2000-12-12,1.703125,1.640625,1.645833,1.433167
2000-12-13,1.666667,1.536458,1.580729,1.376475
2000-12-14,1.598958,1.541667,1.583333,1.378743
2000-12-15,1.583333,1.526042,1.544271,1.344728
2000-12-18,1.562500,1.534505,1.536458,1.337925
2000-12-19,1.546875,1.520833,1.523438,1.326587
2000-12-20,1.505208,1.395833,1.421875,1.238148
2000-12-21,1.427083,1.375000,1.416667,1.233613
2000-12-22,1.442057,1.393229,1.442057,1.255722
2000-12-26,1.432292,1.359375,1.369792,1.192794
2000-12-27,1.372396,1.203125,1.286458,1.120228
2000-12-28,1.447917,1.273438,1.442708,1.256289
2000-12-29,1.541667,1.333333,1.513021,1.317516
2001-01-02,1.520833,1.354167,1.380208,1.201865
2001-01-03,1.635417,1.364583,1.635417,1.424096
2001-01-04,1.666667,1.598958,1.653646,1.439970
2001-01-05,1.654948,1.312500,1.447917,1.260824
2001-01-08,1.471354,1.380208,1.390625,1.210935
2001-01-09,1.500000,1.416667,1.492188,1.299375
2001-01-10,1.500000,1.453125,1.484375,1.292571
2001-01-11,1.604167,1.489583,1.604167,1.396885
2001-01-12,1.677083,1.580729,1.661458,1.446773
2001-01-16,1.875000,1.640625,1.851563,1.612313
2001-01-17,1.937500,1.846354,1.916667,1.669005
2001-01-18,2.013021,1.875000,1.973958,1.718893
2001-01-19,2.041667,1.947917,2.037109,1.773884
2001-01-22,2.041667,1.833333,1.981771,1.725696
2001-01-23,2.239583,1.927083,2.075521,1.807332
2001-01-24,2.093750,1.968750,2.093750,1.823206
2001-01-25,2.088542,1.979167,2.088542,1.818671
2001-01-26,2.114583,1.958333,1.968750,1.714358
2001-01-29,2.062500,1.854818,2.031250,1.768782
2001-01-30,2.088542,2.007813,2.088542,1.818671
2001-01-31,2.091146,2.046875,2.052083,1.786923
2001-02-01,2.080729,1.982422,2.067708,1.800529
2001-02-02,2.072917,1.893229,1.958333,1.705287
2001-02-05,1.968750,1.903646,1.937500,1.687146
2001-02-06,2.062500,1.960938,1.994792,1.737035
2001-02-07,2.015625,1.901042,1.919271,1.671272
2001-02-08,1.963542,1.901042,1.901042,1.655399
2001-02-09,1.942708,1.869792,1.872396,1.630455
2001-02-12,1.872396,1.778646,1.838542,1.600975
2001-02-13,1.895833,1.750000,1.770833,1.542014
2001-02-14,1.786458,1.677083,1.677083,1.460379
2001-02-15,1.742188,1.679688,1.742188,1.517071
2001-02-16,1.750000,1.687500,1.713542,1.492127
2001-02-20,1.833333,1.666667,1.833333,1.596439
2001-02-21,1.854167,1.744792,1.803385,1.570361
2001-02-22,1.791667,1.658854,1.708333,1.487590
2001-02-23,1.729167,1.601563,1.729167,1.505733
2001-02-26,1.776042,1.723958,1.750000,1.523874
2001-02-27,1.786458,1.729167,1.734375,1.510268
2001-02-28,1.750000,1.713542,1.750000,1.523874
2001-03-01,1.770833,1.703125,1.760417,1.532945
2001-03-02,1.739583,1.718750,1.723958,1.501197
2001-03-05,1.729167,1.632813,1.661458,1.446773
2001-03-06,1.708333,1.666667,1.708333,1.487590
2001-03-07,1.723958,1.687500,1.687500,1.469450
2001-03-08,1.718750,1.666667,1.684896,1.467182
2001-03-09,1.692708,1.661458,1.677083,1.460379
2001-03-12,1.596354,1.494792,1.583333,1.378743
2001-03-13,1.609375,1.479167,1.570964,1.367972
2001-03-14,1.567708,1.468750,1.468750,1.278966
2001-03-15,1.500000,1.424479,1.458333,1.269895
2001-03-16,1.484375,1.338542,1.343750,1.170117
2001-03-19,1.453125,1.354167,1.453125,1.265360
2001-03-20,1.510417,1.421875,1.447917,1.260824
2001-03-21,1.505208,1.460938,1.479818,1.288604
2001-03-22,1.625000,1.479167,1.546875,1.346995
2001-03-23,1.570313,1.500000,1.518229,1.322051
2001-03-26,1.526042,1.484375,1.500000,1.306178
2001-03-27,1.497396,1.424479,1.473958,1.283501
2001-03-28,1.468750,1.351563,1.380859,1.202431
2001-03-29,1.385417,1.158854,1.182292,1.029522
2001-03-30,1.296875,1.197917,1.252604,1.090749
2001-04-02,1.427083,1.250000,1.377604,1.199597
2001-04-03,1.432292,1.333333,1.393229,1.213203
2001-04-04,1.526042,1.393229,1.406250,1.224541
2001-04-05,1.562500,1.395833,1.552083,1.351531
2001-04-06,1.510417,1.463542,1.497396,1.303910
2001-04-09,1.507500,1.412500,1.416667,1.233613
2001-04-10,1.629167,1.417083,1.541667,1.342460
2001-04-11,1.562500,1.396250,1.401667,1.220551
2001-04-12,1.419167,1.160417,1.386667,1.207489
2001-04-16,1.416250,1.264583,1.311667,1.142180
2001-04-17,1.646250,1.294583,1.577083,1.373300
2001-04-18,1.921667,1.668333,1.836250,1.598979
2001-04-19,1.983333,1.836667,1.927083,1.678075
2001-04-20,1.832917,1.675000,1.738333,1.513714
2001-04-23,1.738333,1.656250,1.656250,1.442238
2001-04-24,1.672500,1.562917,1.583333,1.378743
2001-04-25,1.697500,1.583333,1.657917,1.443689
2001-04-26,1.708333,1.636250,1.642500,1.430264
2001-04-27,1.691667,1.624583,1.628333,1.417928
2001-04-30,1.837083,1.626667,1.761667,1.534033
2001-05-01,1.793333,1.708333,1.790833,1.559431
2001-05-02,1.833333,1.762500,1.804167,1.571042
2001-05-03,1.804167,1.750000,1.803333,1.570315
2001-05-04,1.789167,1.742500,1.777083,1.547457
2001-05-07,1.854167,1.729167,1.742917,1.517706
2001-05-08,1.762500,1.710833,1.726250,1.503193
2001-05-09,1.750000,1.610417,1.667500,1.452034
2001-05-10,1.737500,1.666667,1.704167,1.483963
2001-05-11,1.717500,1.645833,1.717500,1.495573
2001-05-14,1.717500,1.660417,1.662083,1.447317
2001-05-15,1.707917,1.645833,1.689167,1.470901
2001-05-16,1.759167,1.664167,1.723750,1.501016
2001-05-17,1.778750,1.675833,1.753333,1.526776
2001-05-18,1.780833,1.729167,1.768750,1.540201
2001-05-21,1.833333,1.754583,1.830417,1.593900
2001-05-22,1.876250,1.800000,1.847083,1.608412
2001-05-23,1.858750,1.750000,1.812500,1.578298
2001-05-24,1.875000,1.812500,1.863750,1.622926
2001-05-25,1.885417,1.833333,1.834583,1.597528
2001-05-29,1.854167,1.757083,1.773333,1.544192
2001-05-30,1.771250,1.637500,1.666667,1.451309
2001-05-31,1.732917,1.669167,1.700417,1.480698
2001-06-01,1.717917,1.595833,1.699167,1.479609
2001-06-04,1.725000,1.655000,1.708333,1.487590
2001-06-05,1.794583,1.694167,1.780000,1.549997
2001-06-06,1.818750,1.791667,1.802083,1.569227
2001-06-07,1.864583,1.802500,1.807500,1.573944
2001-06-08,1.858333,1.816250,1.836250,1.598979
2001-06-11,1.866667,1.820000,1.829167,1.592811
2001-06-12,1.856250,1.817917,1.856250,1.616395
2001-06-13,1.856250,1.833333,1.840417,1.602608
2001-06-14,1.833333,1.701250,1.701250,1.481423
2001-06-15,1.679167,1.559167,1.633333,1.422282
2001-06-18,1.639583,1.558333,1.558333,1.356973
2001-06-19,1.716667,1.550000,1.582917,1.378380
2001-06-20,1.704167,1.542083,1.695833,1.476706
2001-06-21,1.704167,1.612500,1.677917,1.461105
2001-06-22,1.692500,1.631667,1.631667,1.420831
2001-06-25,1.640417,1.588333,1.604167,1.396885
2001-06-26,1.656250,1.586250,1.656250,1.442238
2001-06-27,1.767917,1.660000,1.720833,1.498476
2001-06-28,1.811667,1.721250,1.743750,1.518431
2001-06-29,1.781250,1.725833,1.768750,1.540201
2001-07-02,1.795000,1.707500,1.745417,1.519883
2001-07-03,1.770833,1.708333,1.738333,1.513714
2001-07-05,1.708333,1.588333,1.612500,1.404141
2001-07-06,1.656667,1.591667,1.639583,1.427724
2001-07-09,1.731250,1.631250,1.631250,1.420468
2001-07-10,1.650000,1.610417,1.610417,1.402327
2001-07-11,1.649583,1.607083,1.625833,1.415751
2001-07-12,1.797500,1.670833,1.789167,1.557980
2001-07-13,1.790417,1.770833,1.770833,1.542014
2001-07-16,1.785417,1.731250,1.752083,1.525688
2001-07-17,1.883333,1.773333,1.840417,1.602608
2001-07-18,1.854167,1.837083,1.841667,1.603696
2001-07-19,1.847917,1.771667,1.775000,1.545643
2001-07-20,1.772500,1.734583,1.758333,1.531130
2001-07-23,1.810417,1.758333,1.810417,1.576484
2001-07-24,1.835000,1.786250,1.832083,1.595351
2001-07-25,1.839583,1.822917,1.839583,1.601881
2001-07-26,1.879167,1.829167,1.878750,1.635987
2001-07-27,1.918750,1.872917,1.897917,1.652678
2001-07-30,1.887917,1.859167,1.872083,1.630182
2001-07-31,1.868333,1.822917,1.843750,1.605510
2001-08-01,1.879167,1.817917,1.875000,1.632722
2001-08-02,1.910417,1.874583,1.891250,1.646872
2001-08-03,1.893333,1.828333,1.853333,1.613855
2001-08-06,1.829583,1.777083,1.785417,1.554714
2001-08-07,1.808333,1.760417,1.793750,1.561971
2001-08-08,1.806250,1.647917,1.695000,1.475981
2001-08-09,1.752500,1.689583,1.751250,1.524962
2001-08-10,1.870000,1.725417,1.815833,1.581200
2001-08-13,1.851667,1.800833,1.812500,1.578298
2001-08-14,1.852500,1.802083,1.843750,1.605510
2001-08-15,1.854167,1.722500,1.733333,1.509360
2001-08-16,1.738333,1.683333,1.711250,1.490131
2001-08-17,1.743333,1.700000,1.718750,1.496662
2001-08-20,1.753750,1.696667,1.729167,1.505733
2001-08-21,1.747500,1.701667,1.712500,1.491220
2001-08-22,1.728333,1.691667,1.718750,1.496662
2001-08-23,1.765833,1.725000,1.725000,1.502105
2001-08-24,1.758333,1.723333,1.737917,1.513352
2001-08-27,1.770417,1.722917,1.723333,1.500653
2001-08-28,1.756667,1.723333,1.745417,1.519883
2001-08-29,1.750000,1.725000,1.735833,1.511538
2001-08-30,1.740417,1.705000,1.730000,1.506458
2001-08-31,1.770417,1.718333,1.762083,1.534396
2001-09-04,1.762083,1.727917,1.735833,1.511538
2001-09-05,1.749167,1.709583,1.729167,1.505733
2001-09-06,1.710000,1.682917,1.700000,1.480335
2001-09-07,1.677500,1.483333,1.553750,1.352983
2001-09-10,1.603333,1.471667,1.556250,1.355159
2001-09-17,1.551667,1.368333,1.372500,1.195153
2001-09-18,1.389167,1.279583,1.290833,1.124038
2001-09-19,1.282917,1.184583,1.248333,1.087030
2001-09-20,1.197917,0.949167,0.949167,0.826520
2001-09-21,0.949583,0.760417,0.922500,0.803299
2001-09-24,0.977083,0.837500,0.937500,0.816361
2001-09-25,0.957917,0.879167,0.916667,0.798220
2001-09-26,0.937500,0.856667,0.898750,0.782618
2001-09-27,0.892917,0.830417,0.872500,0.759760
2001-09-28,0.960833,0.862917,0.933333,0.812732
2001-10-01,0.937500,0.863750,0.865833,0.753955
2001-10-02,0.885417,0.837500,0.854167,0.743796
2001-10-03,0.875000,0.795417,0.851667,0.741619
2001-10-04,1.064167,0.877083,0.956250,0.832688
2001-10-05,0.965000,0.880000,0.951667,0.828697
2001-10-08,0.900000,0.814583,0.833333,0.725654
2001-10-09,0.862500,0.737500,0.845833,0.736539
2001-10-10,0.920417,0.797083,0.875000,0.761937
2001-10-11,1.038333,0.904167,1.038333,0.904165
2001-10-12,1.079583,0.987083,1.000417,0.871148
2001-10-15,1.005833,0.973333,1.000000,0.870785
2001-10-16,1.158333,1.037917,1.118750,0.974191
2001-10-17,1.238333,1.160000,1.192500,1.038411
2001-10-18,1.197500,1.065417,1.139167,0.991970
2001-10-19,1.135000,1.072917,1.122500,0.977456
2001-10-22,1.164583,1.108333,1.147917,0.999589
2001-10-23,1.187500,1.153750,1.169167,1.018093
2001-10-24,1.199583,1.154167,1.166667,1.015916
2001-10-25,1.164583,1.117083,1.146250,0.998137
2001-10-26,1.322500,1.145417,1.295000,1.127667
2001-10-29,1.316667,1.256667,1.288333,1.121861
2001-10-30,1.284583,1.131667,1.166667,1.015916
2001-10-31,1.233333,1.135417,1.175833,1.023898
2001-11-01,1.193750,1.162917,1.191667,1.037686
2001-11-02,1.192500,1.166667,1.170833,1.019544
2001-11-05,1.187500,1.100833,1.178750,1.026438
2001-11-06,1.229167,1.166667,1.214583,1.057641
2001-11-07,1.291667,1.208333,1.244167,1.083402
2001-11-08,1.267083,1.210833,1.253333,1.091384
2001-11-09,1.287500,1.227917,1.256250,1.093924
2001-11-12,1.262500,1.148333,1.237917,1.077960
2001-11-13,1.290000,1.258333,1.290000,1.123313
2001-11-14,1.333333,1.254583,1.277083,1.112065
2001-11-15,1.402083,1.249583,1.396250,1.215833
2001-11-16,1.419167,1.312917,1.353750,1.178825
2001-11-19,1.410417,1.337500,1.391667,1.211843
2001-11-20,1.410417,1.333333,1.353750,1.178825
2001-11-21,1.375000,1.323333,1.367083,1.190435
2001-11-23,1.410833,1.349167,1.355417,1.180276
2001-11-26,1.411250,1.342083,1.372917,1.195516
2001-11-27,1.459583,1.402083,1.435833,1.250302
2001-11-28,1.462917,1.400000,1.400000,1.219099
2001-11-29,1.414167,1.383333,1.395833,1.215471
2001-11-30,1.415833,1.315833,1.333750,1.161410
2001-12-03,1.397917,1.335417,1.362500,1.186444
2001-12-04,1.445417,1.367917,1.442500,1.256107
2001-12-05,1.648750,1.438333,1.644167,1.431716
2001-12-06,1.702500,1.618750,1.665417,1.450220
2001-12-07,1.686667,1.602500,1.652083,1.438609
2001-12-10,1.666667,1.620833,1.623333,1.413574
2001-12-11,1.666667,1.621667,1.655833,1.441874
2001-12-12,1.666667,1.614583,1.625833,1.415751
2001-12-13,1.656250,1.550417,1.655833,1.441874
2001-12-14,1.649583,1.572917,1.627917,1.417566
2001-12-17,1.650000,1.603750,1.647917,1.434981
2001-12-18,1.688750,1.622917,1.688750,1.470538
2001-12-19,1.735417,1.658333,1.729167,1.505733
2001-12-20,1.780000,1.702917,1.750417,1.524237
2001-12-21,1.814583,1.737917,1.814583,1.580112
2001-12-24,1.869583,1.782500,1.859583,1.619297
2001-12-26,1.887917,1.806667,1.879167,1.636350
2001-12-27,1.883333,1.814583,1.835417,1.598254
2001-12-28,1.833333,1.737500,1.789167,1.557980
2001-12-31,1.783750,1.670833,1.707500,1.486865
2002-01-02,1.716667,1.597917,1.598333,1.391804
2002-01-03,1.656667,1.566667,1.637083,1.425547
2002-01-04,1.697917,1.545833,1.635417,1.424096
2002-01-07,1.737917,1.570833,1.571667,1.368584
2002-01-08,1.670833,1.570000,1.616667,1.407769
2002-01-09,1.654167,1.583333,1.589583,1.384185
2002-01-10,1.626250,1.520833,1.528333,1.330849
2002-01-11,1.579167,1.510417,1.562500,1.360601
2002-01-14,1.582917,1.531250,1.582917,1.378380
2002-01-15,1.641667,1.525833,1.551250,1.350805
2002-01-16,1.562500,1.500833,1.537500,1.338832
2002-01-17,1.572917,1.541250,1.570833,1.367858
2002-01-18,1.562500,1.461250,1.485000,1.293116
2002-01-22,1.516250,1.454583,1.495833,1.302549
2002-01-23,1.522083,1.467500,1.498333,1.304726
2002-01-24,1.563750,1.487500,1.520833,1.324319
2002-01-25,1.546250,1.497917,1.541667,1.342460
2002-01-28,1.602083,1.535417,1.541667,1.342460
2002-01-29,1.567083,1.358333,1.406250,1.224541
2002-01-30,1.445417,1.352083,1.433333,1.248125
2002-01-31,1.541667,1.462500,1.529583,1.331938
2002-02-01,1.541667,1.504167,1.540833,1.341734
2002-02-04,1.541667,1.437500,1.440000,1.253930
2002-02-05,1.518750,1.447917,1.470833,1.280779
2002-02-06,1.483333,1.404167,1.409583,1.227444
2002-02-07,1.437500,1.347917,1.375417,1.197693
2002-02-08,1.461667,1.375000,1.444583,1.257921
2002-02-11,1.450000,1.394167,1.407500,1.225630
2002-02-12,1.441250,1.396667,1.422083,1.238329
2002-02-13,1.482083,1.429167,1.480833,1.289487
2002-02-14,1.504167,1.454167,1.457500,1.269169
2002-02-15,1.468750,1.408333,1.458333,1.269895
2002-02-19,1.468333,1.420833,1.450833,1.263364
2002-02-20,1.473333,1.418750,1.458333,1.269895
2002-02-21,1.475000,1.418750,1.457500,1.269169
2002-02-22,1.469167,1.441667,1.448750,1.261550
2002-02-25,1.475000,1.437500,1.458333,1.269895
2002-02-26,1.488750,1.451250,1.465000,1.275700
2002-02-27,1.531667,1.470833,1.516667,1.320691
2002-02-28,1.543333,1.460833,1.477500,1.286585
2002-03-01,1.515000,1.475000,1.500000,1.306178
2002-03-04,1.614583,1.478333,1.610000,1.401964
2002-03-05,1.610000,1.570833,1.587917,1.382734
2002-03-06,1.603333,1.562083,1.595833,1.389627
2002-03-07,1.609583,1.545000,1.576250,1.372575
2002-03-08,1.582917,1.539167,1.578333,1.374389
2002-03-11,1.597500,1.517083,1.586667,1.381646
2002-03-12,1.602083,1.564167,1.593750,1.387814
2002-03-13,1.593750,1.522917,1.550000,1.349716
2002-03-14,1.677500,1.567083,1.657917,1.443689
2002-03-15,1.722083,1.658333,1.672500,1.456388
2002-03-18,1.683333,1.645833,1.662917,1.448043
2002-03-19,1.687500,1.656667,1.684167,1.466547
2002-03-20,1.721667,1.666667,1.721667,1.499202
2002-03-21,1.723750,1.700000,1.715833,1.494122
2002-03-22,1.732083,1.704167,1.732083,1.508272
2002-03-25,1.725000,1.701250,1.704167,1.483963
2002-03-26,1.722083,1.670833,1.714167,1.492671
2002-03-27,1.765417,1.693750,1.739583,1.514803
2002-03-28,1.768750,1.748333,1.754167,1.527503
2002-04-01,1.773333,1.729167,1.745417,1.519883
2002-04-02,1.754583,1.722917,1.735833,1.511538
2002-04-03,1.765833,1.731250,1.738750,1.514078
2002-04-04,1.770000,1.625000,1.759167,1.531857
2002-04-05,1.749167,1.681250,1.692500,1.473804
2002-04-08,1.702083,1.668750,1.693750,1.474892
2002-04-09,1.727917,1.600417,1.616250,1.407406
2002-04-10,1.641667,1.583333,1.612917,1.404504
2002-04-11,1.611250,1.563750,1.571250,1.368221
2002-04-12,1.603333,1.564583,1.603333,1.396158
2002-04-15,1.681250,1.583333,1.587500,1.382371
2002-04-16,1.862500,1.623333,1.847083,1.608412
2002-04-17,1.980000,1.858333,1.935417,1.685332
2002-04-18,1.995833,1.877083,1.983333,1.727056
2002-04-19,1.954167,1.843750,1.927083,1.678075
2002-04-22,1.891667,1.852083,1.883333,1.639978
2002-04-23,1.918750,1.875000,1.916667,1.669005
2002-04-24,1.935000,1.879167,1.883333,1.639978
2002-04-25,1.946250,1.824583,1.940000,1.689323
2002-04-26,1.958333,1.901667,1.905000,1.658845
2002-04-29,1.922083,1.871667,1.892500,1.647961
2002-04-30,2.004167,1.890833,1.958333,1.705287
2002-05-01,1.962500,1.901250,1.958333,1.705287
2002-05-02,1.958333,1.887500,1.891667,1.647235
2002-05-03,1.966250,1.882500,1.958333,1.705287
2002-05-06,2.020833,1.937500,2.000000,1.741570
2002-05-07,2.017500,1.937917,1.960833,1.707464
2002-05-08,2.043750,1.975417,2.041667,1.777853
2002-05-09,2.056250,2.012083,2.032083,1.769508
2002-05-10,2.075000,2.025417,2.041250,1.777490
2002-05-13,2.185417,2.032500,2.161667,1.882347
2002-05-14,2.218750,2.147917,2.195833,1.912098
2002-05-15,2.312500,2.135000,2.187917,1.905205
2002-05-16,2.262500,2.156250,2.188333,1.905567
2002-05-17,2.279167,2.190833,2.251250,1.960355
2002-05-20,2.276250,2.233333,2.259167,1.967248
2002-05-21,2.260417,2.150417,2.172917,1.892144
2002-05-22,2.166667,2.108750,2.155417,1.876905
2002-05-23,2.200000,2.127083,2.187500,1.904842
2002-05-24,2.210417,2.168750,2.205833,1.920807
2002-05-28,2.245833,2.177083,2.208750,1.923347
2002-05-29,2.212500,2.179167,2.208333,1.922984
2002-05-30,2.203750,2.150000,2.203750,1.918992
2002-05-31,2.204167,2.026250,2.032083,1.769508
2002-06-03,2.005417,1.679167,1.690417,1.471990
2002-06-04,1.853333,1.717083,1.849167,1.610227
2002-06-05,1.916667,1.827083,1.894583,1.649774
2002-06-06,1.915833,1.843750,1.879167,1.636350
2002-06-07,1.910000,1.812500,1.885833,1.642155
2002-06-10,1.950000,1.888333,1.924583,1.675898
2002-06-11,1.954167,1.846667,1.854167,1.614581
2002-06-12,1.891667,1.804167,1.877083,1.634535
2002-06-13,2.102917,1.889583,2.037917,1.774588
2002-06-14,2.079583,1.965000,2.079583,1.810869
2002-06-17,2.123333,2.074167,2.100000,1.828649
2002-06-18,2.162500,2.090000,2.125000,1.850418
2002-06-19,2.122083,2.014583,2.018333,1.757534
2002-06-20,2.060417,2.007083,2.025833,1.764065
2002-06-21,2.052083,1.997917,2.040417,1.776765
2002-06-24,2.094167,2.020417,2.059167,1.793092
2002-06-25,2.080000,1.969167,2.017083,1.756446
2002-06-26,2.104167,1.942500,2.078750,1.810144
2002-06-27,2.175000,2.077083,2.150417,1.872551
2002-06-28,2.250000,2.157083,2.239583,1.950195
2002-07-01,2.216667,2.114583,2.156250,1.877630
2002-07-02,2.133333,2.052500,2.081667,1.812684
2002-07-03,2.133333,2.067083,2.093333,1.822843
2002-07-05,2.172917,2.085417,2.131250,1.855861
2002-07-08,2.189583,2.112500,2.170833,1.890329
2002-07-09,2.164583,2.095833,2.112500,1.839533
2002-07-10,2.141667,1.992500,2.019583,1.758623
2002-07-11,2.091667,1.978750,2.065833,1.798896
2002-07-12,2.227917,2.055417,2.118750,1.844976
2002-07-15,2.120833,1.948750,2.045833,1.781481
2002-07-16,2.395417,2.094167,2.282917,1.987930
2002-07-17,2.353750,2.275000,2.292083,1.995912
2002-07-18,2.322917,2.273333,2.305000,2.007159
2002-07-19,2.312083,2.249583,2.277917,1.983576
2002-07-22,2.311667,2.177917,2.241667,1.952010
2002-07-23,2.300833,2.250000,2.270833,1.977408
2002-07-24,2.339583,2.177083,2.329167,2.028203
2002-07-25,2.364583,2.287500,2.312500,2.013691
2002-07-26,2.440833,2.307917,2.373333,2.066663
2002-07-29,2.510417,2.416250,2.505417,2.181679
2002-07-30,2.520833,2.458333,2.485000,2.163901
2002-07-31,2.518750,2.395833,2.438333,2.123264
2002-08-01,2.506250,2.389583,2.433333,2.118910
2002-08-02,2.463333,2.391667,2.395833,2.086255
2002-08-05,2.343750,2.012917,2.050000,1.785109
2002-08-06,2.190417,1.946250,2.132500,1.856948
2002-08-07,2.270833,2.067500,2.163750,1.884161
2002-08-08,2.225833,2.145833,2.212500,1.926612
2002-08-09,2.212500,2.141667,2.202083,1.917541
2002-08-12,2.242917,2.123333,2.187500,1.904842
2002-08-13,2.270833,2.176250,2.235000,1.946204
2002-08-14,2.311667,2.183333,2.301667,2.004257
2002-08-15,2.455417,2.306250,2.435417,2.120725
2002-08-16,2.498750,2.400000,2.439583,2.124353
2002-08-19,2.493750,2.396250,2.407917,2.096778
2002-08-20,2.422917,2.354583,2.360833,2.055778
2002-08-21,2.436250,2.364583,2.420000,2.107301
2002-08-22,2.497917,2.410833,2.486250,2.164989
2002-08-23,2.476250,2.395833,2.441667,2.126167
2002-08-26,2.489583,2.402083,2.489583,2.167892
2002-08-27,2.555833,2.419583,2.422917,2.109840
2002-08-28,2.419167,2.296250,2.375000,2.068113
2002-08-29,2.412083,2.312500,2.389167,2.080451
2002-08-30,2.409583,2.315417,2.392083,2.082990
2002-09-03,2.400417,2.316250,2.399583,2.089520
2002-09-04,2.492083,2.357917,2.492083,2.170069
2002-09-05,2.475417,2.366667,2.432083,2.117821
2002-09-06,2.522500,2.440000,2.522500,2.196555
2002-09-09,2.673750,2.486250,2.619583,2.281094
2002-09-10,2.647917,2.535417,2.617083,2.278917
2002-09-11,2.671250,2.578750,2.653333,2.310482
2002-09-12,2.637917,2.585417,2.629583,2.289801
2002-09-13,2.635417,2.563333,2.605417,2.268758
2002-09-16,2.656250,2.579167,2.643750,2.302138
2002-09-17,2.700833,2.615000,2.625833,2.286536
2002-09-18,2.647917,2.527917,2.616667,2.278554
2002-09-19,2.520417,2.395833,2.451250,2.134513
2002-09-20,2.508333,2.428750,2.487500,2.166078
2002-09-23,2.500833,2.339583,2.357917,2.053240
2002-09-24,2.325000,2.233750,2.237500,1.948381
2002-09-25,2.312500,2.219167,2.287500,1.991921
2002-09-26,2.384583,2.287500,2.376250,2.069203
2002-09-27,2.479167,2.351667,2.424583,2.111291
2002-09-30,2.416250,2.325417,2.394583,2.085167
2002-10-01,2.411667,2.259583,2.301667,2.004257
2002-10-02,2.359583,2.247083,2.303333,2.005708
2002-10-03,2.318750,2.254583,2.293750,1.997363
2002-10-04,2.337917,2.140417,2.156667,1.877993
2002-10-07,2.137083,1.970417,2.000000,1.741570
2002-10-08,2.080417,2.013750,2.073750,1.805791
2002-10-09,2.217500,2.047083,2.206250,1.921169
2002-10-10,2.415000,2.205833,2.387500,2.078999
2002-10-11,2.463333,2.372917,2.435417,2.120725
2002-10-14,2.466667,2.399583,2.458333,2.140679
2002-10-15,2.625000,2.481250,2.610417,2.273112
2002-10-16,2.675000,2.486250,2.630000,2.290164
2002-10-17,2.781667,2.614583,2.698333,2.349668
2002-10-18,2.744167,2.627500,2.682500,2.335880
2002-10-21,2.770833,2.640000,2.750000,2.394659
2002-10-22,2.833333,2.689583,2.788333,2.428039
2002-10-23,2.853750,2.744167,2.841667,2.474481
2002-10-24,2.916250,2.810417,2.865417,2.495162
2002-10-25,2.934583,2.813750,2.899583,2.524914
2002-10-28,2.916667,2.783333,2.795417,2.434207
2002-10-29,2.818333,2.745833,2.793750,2.432756
2002-10-30,2.877500,2.764583,2.776250,2.417517
2002-10-31,2.839583,2.757083,2.757083,2.400828
2002-11-01,2.831667,2.666667,2.825000,2.459967
2002-11-04,2.989583,2.845000,2.920833,2.543419
2002-11-05,2.943333,2.869583,2.929167,2.550674
2002-11-06,3.082917,2.902500,3.081250,2.683105
2002-11-07,3.072917,2.980000,3.031250,2.639568
2002-11-08,2.986667,2.875000,2.916667,2.539790
2002-11-11,2.916667,2.781667,2.792500,2.431667
2002-11-12,2.915417,2.787917,2.881667,2.509312
2002-11-13,2.935417,2.843750,2.891250,2.517658
2002-11-14,3.005000,2.925417,3.000833,2.613081
2002-11-15,2.916250,2.764583,2.847083,2.479197
2002-11-18,2.878750,2.744167,2.767083,2.409535
2002-11-19,2.802500,2.725417,2.735417,2.381960
2002-11-20,2.790417,2.727083,2.779167,2.420057
2002-11-21,2.977500,2.782083,2.947917,2.567002
2002-11-22,3.040000,2.919167,3.033750,2.641744
2002-11-25,3.115833,3.011667,3.040417,2.647550
2002-11-26,3.057083,2.896250,2.908333,2.532533
2002-11-27,3.037917,2.952917,3.006250,2.617797
2002-11-29,3.068333,2.960833,2.974583,2.590222
2002-12-02,3.061667,2.992500,3.043750,2.650452
2002-12-03,3.041250,2.964583,3.002083,2.614170
2002-12-04,3.020833,2.958333,3.000417,2.612719
2002-12-05,3.041667,2.934167,2.941250,2.561196
2002-12-06,3.002083,2.898333,2.987917,2.601834
2002-12-09,2.990417,2.845833,2.845833,2.478110
2002-12-10,2.940417,2.852917,2.927917,2.549586
2002-12-11,2.932917,2.889167,2.916667,2.539790
2002-12-12,2.979167,2.920833,2.952500,2.570992
2002-12-13,2.962500,2.909583,2.948750,2.567727
2002-12-16,3.000000,2.943750,3.000000,2.612356
2002-12-17,3.022500,2.985833,2.997083,2.609815
2002-12-18,3.016667,2.979583,2.999583,2.611992
2002-12-19,3.018750,2.992917,3.018750,2.628682
2002-12-20,3.086250,3.000000,3.070833,2.674036
2002-12-23,3.152500,3.038333,3.152500,2.745150
2002-12-24,3.187917,3.062500,3.089583,2.690362
2002-12-26,3.148750,3.083333,3.137083,2.731725
2002-12-27,3.132083,3.103333,3.112083,2.709955
2002-12-30,3.129583,3.022083,3.098333,2.697982
2002-12-31,3.112083,3.001250,3.009583,2.620700
2003-01-02,3.033333,2.925833,3.010417,2.621426
2003-01-03,3.057083,2.990833,2.990833,2.604373
2003-01-06,3.019167,2.970833,2.993750,2.606912
2003-01-07,3.002083,2.783333,2.793750,2.432756
2003-01-08,2.775417,2.666667,2.689583,2.342049
2003-01-09,2.683333,2.575000,2.680417,2.334067
2003-01-10,2.671667,2.588333,2.602500,2.266218
2003-01-13,2.666250,2.580833,2.581250,2.247714
2003-01-14,2.616667,2.543750,2.560000,2.229210
2003-01-15,2.578333,2.527500,2.560833,2.229935
2003-01-16,2.599583,2.551667,2.561250,2.230298
2003-01-17,2.572083,2.500000,2.505833,2.182041
2003-01-21,2.519583,2.441667,2.465417,2.146847
2003-01-22,2.468333,2.404167,2.425833,2.112378
2003-01-23,2.468750,2.421250,2.445833,2.129795
2003-01-24,2.462500,2.401250,2.410000,2.098592
2003-01-27,2.393750,2.320000,2.345833,2.042717
2003-01-28,2.370833,2.325833,2.354167,2.049974
2003-01-29,2.377083,2.323333,2.375000,2.068113
2003-01-30,2.468333,2.352083,2.447917,2.131610
2003-01-31,2.514583,2.433333,2.511250,2.186759
2003-02-03,2.621667,2.545833,2.605417,2.268758
2003-02-04,2.605833,2.497917,2.528750,2.201998
2003-02-05,2.575000,2.497083,2.528750,2.201998
2003-02-06,2.633333,2.520833,2.603333,2.266943
2003-02-07,2.775000,2.689167,2.711667,2.361279
2003-02-10,2.729167,2.694583,2.712500,2.362005
2003-02-11,2.753333,2.700000,2.750000,2.394659
2003-02-12,2.784167,2.681250,2.703333,2.354022
2003-02-13,2.750000,2.693333,2.739167,2.385226
2003-02-14,2.835000,2.736667,2.802917,2.440738
2003-02-18,2.858750,2.816667,2.833333,2.467225
2003-02-19,2.837500,2.820833,2.828333,2.462870
2003-02-20,2.828333,2.792083,2.802917,2.440738
2003-02-21,2.840000,2.804167,2.839583,2.472667
2003-02-24,2.899167,2.822917,2.847500,2.479560
2003-02-25,2.916667,2.842083,2.912917,2.536525
2003-02-26,2.932917,2.888750,2.900833,2.526003
2003-02-27,2.917500,2.855417,2.887917,2.514755
2003-02-28,2.925000,2.849583,2.925000,2.547046
2003-03-03,2.966667,2.916667,2.929167,2.550674
2003-03-04,2.937500,2.908750,2.917083,2.540153
2003-03-05,2.927083,2.882917,2.907083,2.531445
2003-03-06,2.940833,2.897917,2.927083,2.548861
2003-03-07,2.940833,2.898333,2.898333,2.523825
2003-03-10,2.902500,2.794167,2.828750,2.463233
2003-03-11,2.829583,2.779583,2.811667,2.448358
2003-03-12,2.804167,2.732083,2.739167,2.385226
2003-03-13,2.780833,2.568750,2.602500,2.266218
2003-03-14,2.680417,2.607917,2.657500,2.314112
2003-03-17,2.687500,2.634583,2.683333,2.336606
2003-03-18,2.727083,2.675417,2.714167,2.363457
2003-03-19,2.724167,2.610833,2.664167,2.319917
2003-03-20,2.705417,2.625833,2.675000,2.329350
2003-03-21,2.722500,2.667083,2.698750,2.350031
2003-03-24,2.787500,2.667500,2.766250,2.408810
2003-03-25,2.847083,2.709167,2.833333,2.467225
2003-03-26,2.885417,2.804583,2.859583,2.490082
2003-03-27,2.863333,2.806667,2.837500,2.470853
2003-03-28,2.827083,2.762917,2.785417,2.425499
2003-03-31,2.841250,2.693750,2.804583,2.442188
2003-04-01,2.822917,2.739583,2.747083,2.392119
2003-04-02,2.875000,2.718750,2.748750,2.393570
2003-04-03,2.908750,2.700000,2.850000,2.481738
2003-04-04,2.913750,2.793750,2.835000,2.468675
2003-04-07,2.926250,2.787500,2.806250,2.443641
2003-04-08,2.831250,2.757500,2.825000,2.459967
2003-04-09,2.862500,2.753750,2.762500,2.405545
2003-04-10,2.462500,2.278750,2.440000,2.124716
2003-04-11,2.465000,2.318750,2.367500,2.061584
2003-04-14,2.411250,2.325000,2.375000,2.068113
2003-04-15,2.500000,2.381250,2.473750,2.154105
2003-04-16,2.600000,2.500000,2.520000,2.194378
2003-04-17,2.580000,2.472500,2.575000,2.242271
2003-04-21,2.607500,2.525000,2.573750,2.241183
2003-04-22,2.520000,2.325000,2.486250,2.164989
2003-04-23,2.512500,2.462500,2.470000,2.150839
2003-04-24,2.462500,2.350000,2.428750,2.114919
2003-04-25,2.445000,2.352500,2.375000,2.068113
2003-04-28,2.375000,2.227500,2.335000,2.033282
2003-04-29,2.372500,2.318750,2.330000,2.028929
2003-04-30,2.322500,2.225000,2.245000,1.954912
2003-05-01,2.226250,2.140000,2.186250,1.903754
2003-05-02,2.290000,2.187500,2.287500,1.991921
2003-05-05,2.362500,2.262500,2.333750,2.032195
2003-05-06,2.353750,2.287500,2.326250,2.025664
2003-05-07,2.350000,2.275000,2.331250,2.030017
2003-05-08,2.331250,2.250000,2.267500,1.974504
2003-05-09,2.332500,2.256250,2.303750,2.006071
2003-05-12,2.300000,2.258750,2.270000,1.976682
2003-05-13,2.348750,2.273750,2.303750,2.006071
2003-05-14,2.365000,2.300000,2.353750,2.049610
2003-05-15,2.601250,2.355000,2.601250,2.265129
2003-05-16,2.668750,2.540000,2.626250,2.286899
2003-05-19,2.603750,2.483750,2.506250,2.182405
2003-05-20,2.535000,2.470000,2.511250,2.186759
2003-05-21,2.542500,2.416250,2.533750,2.206352
2003-05-22,2.563750,2.500000,2.561250,2.230298
2003-05-23,2.570000,2.517500,2.561250,2.230298
2003-05-27,2.612500,2.516250,2.611250,2.273837
2003-05-28,2.635000,2.551250,2.583750,2.249891
2003-05-29,2.610000,2.505000,2.606250,2.269484
2003-05-30,2.621250,2.585000,2.593750,2.258599
2003-06-02,2.618750,2.451250,2.473750,2.154105
2003-06-03,2.483750,2.356250,2.457500,2.139954
2003-06-04,2.750000,2.473750,2.746250,2.391393
2003-06-05,2.785000,2.692500,2.743750,2.389216
2003-06-06,2.901250,2.786250,2.873750,2.502418
2003-06-09,2.933750,2.843750,2.873750,2.502418
2003-06-10,3.053750,2.876250,2.988750,2.602559
2003-06-11,3.037500,2.951250,3.016250,2.626506
2003-06-12,3.076250,2.993750,3.060000,2.664602
2003-06-13,3.098750,2.962500,3.031250,2.639568
2003-06-16,3.106250,2.992500,3.093750,2.693991
2003-06-17,3.106250,3.062500,3.098750,2.698345
2003-06-18,3.125000,3.043750,3.083750,2.685283
2003-06-19,3.108750,2.957500,2.978750,2.593850
2003-06-20,3.016250,2.906250,2.967500,2.584055
2003-06-23,2.970000,2.853750,2.868750,2.498065
2003-06-24,2.886250,2.812500,2.862500,2.492622
2003-06-25,2.958750,2.866250,2.913750,2.537250
2003-06-26,3.156250,2.936250,3.150000,2.742973
2003-06-27,3.300000,3.087500,3.123750,2.720115
2003-06-30,3.156250,3.008750,3.048750,2.654806
2003-07-01,3.153750,3.000000,3.133750,2.728822
2003-07-02,3.276250,3.118750,3.243750,2.824609
2003-07-03,3.355000,3.187500,3.300000,2.873591
2003-07-07,3.426250,3.328750,3.412500,2.971554
2003-07-08,3.506250,3.342500,3.498750,3.046659
2003-07-09,3.487500,3.355000,3.450000,3.004210
2003-07-10,3.667500,3.450000,3.541250,3.083667
2003-07-11,3.578750,3.500000,3.555000,3.095641
2003-07-14,3.698750,3.558750,3.698750,3.220816
2003-07-15,3.823750,3.541250,3.582500,3.119587
2003-07-16,3.685000,3.526250,3.576250,3.114144
2003-07-17,3.575000,3.418750,3.462500,3.015093
2003-07-18,3.465000,3.403750,3.441250,2.996589
2003-07-21,3.437500,3.362500,3.378750,2.942165
2003-07-22,3.842500,3.523750,3.841250,3.344903
2003-07-23,3.985000,3.751250,3.927500,3.420009
2003-07-24,4.098750,3.922500,3.927500,3.420009
2003-07-25,3.948750,3.812500,3.907500,3.402592
2003-07-28,3.986250,3.900000,3.917500,3.411300
2003-07-29,4.098750,3.897500,3.931250,3.423275
2003-07-30,4.012500,3.818750,3.818750,3.325310
2003-07-31,3.956250,3.818750,3.851250,3.353611
2003-08-01,3.902500,3.788750,3.795000,3.304629
2003-08-04,3.853750,3.792500,3.808750,3.316602
2003-08-05,3.968750,3.763750,3.771250,3.283948
2003-08-06,3.780000,3.652500,3.668750,3.194693
2003-08-07,3.722500,3.540000,3.641250,3.170746
2003-08-08,3.718750,3.625000,3.677500,3.202312
2003-08-11,3.693750,3.622500,3.625000,3.156596
2003-08-12,3.737500,3.625000,3.675000,3.200136
2003-08-13,3.722500,3.645000,3.676250,3.201224
2003-08-14,3.690000,3.612500,3.625000,3.156596
2003-08-15,3.748750,3.600000,3.667500,3.193604
2003-08-18,3.861250,3.637500,3.775000,3.287213
2003-08-19,3.971250,3.755000,3.957500,3.446132
2003-08-20,3.993750,3.846250,3.867500,3.367761
2003-08-21,3.952500,3.826250,3.881250,3.379734
2003-08-22,4.125000,3.950000,3.987500,3.472255
2003-08-25,4.003750,3.860000,3.988750,3.473344
2003-08-26,4.045000,3.908750,4.043750,3.521237
2003-08-27,4.173750,4.032500,4.173750,3.634439
2003-08-28,4.375000,4.222500,4.362500,3.798800
2003-08-29,4.417500,4.336250,4.353750,3.791180
2003-09-02,4.632500,4.396250,4.610000,4.014318
2003-09-03,4.910000,4.633750,4.706250,4.098134
2003-09-04,4.790000,4.568750,4.790000,4.171060
2003-09-05,4.881250,4.725000,4.846250,4.220041
2003-09-08,4.846250,4.701250,4.716250,4.106840
2003-09-09,4.743750,4.570000,4.672500,4.068744
2003-09-10,4.675000,4.440000,4.481250,3.902205
2003-09-11,4.671250,4.468750,4.605000,4.009965
2003-09-12,4.656250,4.555000,4.632500,4.033911
2003-09-15,4.701250,4.552500,4.562500,3.972956
2003-09-16,4.843750,4.615000,4.822500,4.199360
2003-09-17,5.103750,4.811250,5.100000,4.441003
2003-09-18,5.097500,4.925000,4.978750,4.335421
2003-09-19,5.065000,4.937500,5.051250,4.398554
2003-09-22,4.991250,4.817500,4.896250,4.263581
2003-09-23,4.955000,4.847500,4.923750,4.287528
2003-09-24,4.943750,4.627500,4.683750,4.078538
2003-09-25,4.718750,4.543750,4.562500,3.972956
2003-09-26,4.668750,4.446250,4.523750,3.939214
2003-09-29,4.803750,4.523750,4.667500,4.064390
2003-09-30,4.737500,4.455000,4.557500,3.968602
2003-10-01,4.667500,4.567500,4.647500,4.046975
2003-10-02,4.748750,4.650000,4.748750,4.135140
2003-10-03,4.997500,4.817500,4.962500,4.321270
2003-10-06,5.082500,4.950000,5.048750,4.396375
2003-10-07,5.036250,4.892500,5.000000,4.353923
2003-10-08,5.188750,4.926250,4.946250,4.307120
2003-10-09,5.237500,4.990000,5.011250,4.363722
2003-10-10,5.498750,5.118750,5.498750,4.788228
2003-10-13,5.623750,5.375000,5.500000,4.789319
2003-10-14,5.525000,5.446250,5.497500,4.787140
2003-10-15,5.618750,5.460000,5.503750,4.792583
2003-10-16,5.518750,5.333750,5.356250,4.664142
2003-10-17,5.478750,5.263750,5.278750,4.596656
2003-10-20,5.597500,5.302500,5.485000,4.776257
2003-10-21,5.575000,5.175000,5.268750,4.587948
2003-10-22,5.326250,5.187500,5.243750,4.566179
2003-10-23,5.312500,5.013750,5.251250,4.572710
2003-10-24,5.292500,5.125000,5.175000,4.506312
2003-10-27,5.305000,5.167500,5.216250,4.542232
2003-10-28,5.370000,5.242500,5.353750,4.661965
2003-10-29,5.561250,5.293750,5.450000,4.745777
2003-10-30,5.620000,5.397500,5.591250,4.868775
2003-10-31,5.748750,5.556250,5.673750,4.940618
2003-11-03,5.962500,5.656250,5.755000,5.011368
2003-11-04,5.768750,5.656250,5.717500,4.978714
2003-11-05,5.760000,5.491250,5.630000,4.902519
2003-11-06,5.801250,5.611250,5.741250,4.999393
2003-11-07,5.927500,5.792500,5.893750,5.132189
2003-11-10,5.933750,5.650000,5.722500,4.983066
2003-11-11,5.761250,5.521250,5.561250,4.842653
2003-11-12,5.897500,5.562500,5.857500,5.100624
2003-11-13,5.893750,5.763750,5.822500,5.070147
2003-11-14,5.861250,5.663750,5.723750,4.984156
2003-11-17,5.660000,5.551250,5.602500,4.878573
2003-11-18,5.766250,5.543750,5.548750,4.831769
2003-11-19,5.662500,5.552500,5.635000,4.906875
2003-11-20,5.750000,5.542500,5.627500,4.900344
2003-11-21,5.725000,5.392500,5.477500,4.769725
2003-11-24,5.750000,5.525000,5.687500,4.952591
2003-11-25,5.868750,5.682500,5.790000,5.041846
2003-11-26,5.837500,5.621250,5.765000,5.020074
2003-11-28,5.798750,5.718750,5.733750,4.992863
2003-12-01,5.998750,5.737500,5.936250,5.169197
2003-12-02,6.112500,5.950000,6.050000,5.268250
2003-12-03,6.198750,5.896250,5.911250,5.147429
2003-12-04,5.996250,5.656250,5.761250,5.016810
2003-12-05,5.843750,5.655000,5.782500,5.035315
2003-12-08,5.991250,5.751250,5.975000,5.202942
2003-12-09,6.025000,5.687500,5.737500,4.996130
2003-12-10,5.736250,5.518750,5.621250,4.894902
2003-12-11,5.793750,5.597500,5.767500,5.022254
2003-12-12,5.801250,5.696250,5.716250,4.977626
2003-12-15,5.898750,5.591250,5.610000,4.885104
2003-12-16,5.585000,5.283750,5.337500,4.647815
2003-12-17,5.343750,5.101250,5.127500,4.464950
2003-12-18,5.475000,5.162500,5.441250,4.738159
2003-12-19,5.487500,5.281250,5.300000,4.615159
2003-12-22,5.468750,5.127500,5.395000,4.697884
2003-12-23,5.650000,5.420000,5.573750,4.853539
2003-12-24,5.592500,5.462500,5.506250,4.794760
2003-12-26,5.537500,5.448750,5.463750,4.757751
2003-12-29,5.692500,5.495000,5.670000,4.937351
2003-12-30,5.725000,5.587500,5.663750,4.931909
2003-12-31,5.768750,5.642500,5.705000,4.967829
2004-01-02,5.913750,5.740000,5.882500,5.122392
2004-01-05,6.362500,5.968750,6.290000,5.477237
2004-01-06,6.450000,6.122500,6.343750,5.524043
2004-01-07,6.552500,6.335000,6.552500,5.705820
2004-01-08,6.637500,6.407500,6.453750,5.619830
2004-01-09,6.743750,6.303750,6.375000,5.551255
2004-01-12,6.612500,6.416250,6.547500,5.701465
2004-01-13,6.496250,6.168750,6.298750,5.484859
2004-01-14,6.458750,6.273750,6.438750,5.606768
2004-01-15,6.640000,6.286250,6.575000,5.725412
2004-01-16,6.688750,6.531250,6.633750,5.776571
2004-01-20,6.653750,6.407500,6.445000,5.612210
2004-01-21,6.947500,6.595000,6.931250,6.035629
2004-01-22,6.968750,6.850000,6.956250,6.057396
2004-01-23,7.148750,6.943750,7.082500,6.167334
2004-01-26,7.103750,6.912500,6.970000,6.069372
2004-01-27,7.142500,6.975000,7.032500,6.123796
2004-01-28,7.075000,6.745000,6.786250,5.909365
2004-01-29,6.867500,6.591250,6.752500,5.879977
2004-01-30,6.858750,6.650000,6.768750,5.894126
2004-02-02,6.867500,6.652500,6.712500,5.845144
2004-02-03,6.856250,6.676250,6.767500,5.893039
2004-02-04,6.741250,6.463750,6.478750,5.641598
2004-02-05,6.655000,6.465000,6.606250,5.752623
2004-02-06,6.681250,6.553750,6.625000,5.768951
2004-02-09,6.661250,6.481250,6.493750,5.654661
2004-02-10,6.532500,6.018750,6.348750,5.528398
2004-02-11,6.548750,6.312500,6.508750,5.667721
2004-02-12,6.652500,6.432500,6.486250,5.648129
2004-02-13,6.521250,6.193750,6.266250,5.456557
2004-02-17,6.281250,6.093750,6.187500,5.387982
2004-02-18,6.250000,6.112500,6.152500,5.357504
2004-02-19,6.235000,5.870000,5.936250,5.169197
2004-02-20,6.200000,5.875000,6.083750,5.297639
2004-02-23,6.250000,5.968750,5.976250,5.204029
2004-02-24,5.970000,5.757500,5.846250,5.090827
2004-02-25,6.035000,5.825000,5.991250,5.217092
2004-02-26,6.025000,5.901250,5.998750,5.223622
2004-02-27,6.093750,5.908750,5.908750,5.145251
2004-03-01,6.020000,5.867500,5.951250,5.182260
2004-03-02,5.893750,5.687500,5.745000,5.002661
2004-03-03,5.777500,5.595000,5.650000,4.919935
2004-03-04,5.786250,5.628750,5.721250,4.981977
2004-03-05,5.811250,5.547500,5.795000,5.046199
2004-03-08,5.812500,5.562500,5.587500,4.865512
2004-03-09,5.653750,5.388750,5.415000,4.715300
2004-03-10,5.516250,5.258750,5.280000,4.597744
2004-03-11,5.512500,5.242500,5.362500,4.669585
2004-03-12,5.530000,5.352500,5.475000,4.767547
2004-03-15,5.500000,5.328750,5.366250,4.672849
2004-03-16,5.526250,5.330000,5.432500,4.730539
2004-03-17,5.600000,5.438750,5.553750,4.836122
2004-03-18,5.575000,5.388750,5.467500,4.761017
2004-03-19,5.617500,5.407500,5.487500,4.778432
2004-03-22,5.446250,5.218750,5.323750,4.635842
2004-03-23,5.393750,5.237500,5.238750,4.561825
2004-03-24,5.318750,5.043750,5.265000,4.584683
2004-03-25,5.597500,5.300000,5.538750,4.823059
2004-03-26,5.697500,5.505000,5.566250,4.847007
2004-03-29,5.803750,5.636250,5.718750,4.979802
2004-03-30,5.768750,5.586250,5.673750,4.940618
2004-03-31,5.703750,5.562500,5.656250,4.925379
2004-04-01,5.793750,5.651250,5.772500,5.026606
2004-04-02,6.062500,5.892500,6.012500,5.235594
2004-04-05,6.082500,5.980000,6.078750,5.293285
2004-04-06,6.080000,5.853750,5.905000,5.141984
2004-04-07,5.906250,5.762500,5.863750,5.106065
2004-04-08,6.025000,5.806250,5.848750,5.093003
2004-04-12,5.905000,5.831250,5.868750,5.110418
2004-04-13,6.050000,5.812500,5.838750,5.084297
2004-04-14,5.812500,5.751250,5.781250,5.034226
2004-04-15,5.872500,5.665000,5.787500,5.039669
2004-04-16,5.818750,5.732500,5.807500,5.057085
2004-04-19,6.058750,5.800000,6.006250,5.230152
2004-04-20,6.041250,5.693750,5.815000,5.063615
2004-04-21,5.940000,5.752500,5.902500,5.139809
2004-04-22,6.125000,5.842500,6.087500,5.300904
2004-04-23,6.165000,5.937500,6.027500,5.248656
2004-04-26,6.045000,5.905000,5.956250,5.186613
2004-04-27,5.962500,5.797500,5.807500,5.057085
2004-04-28,5.815000,5.500000,5.593750,4.870955
2004-04-29,5.657500,5.387500,5.467500,4.761017
2004-04-30,5.595000,5.398750,5.407500,4.708768
2004-05-03,5.498750,5.316250,5.371250,4.677206
2004-05-04,5.547500,5.343750,5.461250,4.755575
2004-05-05,5.653750,5.492500,5.610000,4.885104
2004-05-06,5.622500,5.518750,5.535000,4.819795
2004-05-07,5.537500,5.343750,5.346250,4.655435
2004-05-10,5.456250,5.186250,5.335000,4.645639
2004-05-11,5.456250,5.302500,5.347500,4.656523
2004-05-12,5.416250,5.231250,5.400000,4.702238
2004-05-13,5.587500,5.286250,5.487500,4.778432
2004-05-14,5.491250,4.945000,5.251250,4.572710
2004-05-17,5.185000,4.900000,5.092500,4.434474
2004-05-18,5.553750,5.281250,5.377500,4.682647
2004-05-19,5.575000,5.326250,5.363750,4.670672
2004-05-20,5.487500,5.310000,5.335000,4.645639
2004-05-21,5.423750,5.318750,5.401250,4.703327
2004-05-24,5.575000,5.488750,5.523750,4.810000
2004-05-25,5.711250,5.431250,5.710000,4.972183
2004-05-26,5.818750,5.687500,5.737500,4.996130
2004-05-27,5.792500,5.631250,5.693750,4.958032
2004-05-28,5.790000,5.630000,5.780000,5.033136
2004-06-01,5.906250,5.691250,5.766250,5.021164
2004-06-02,5.831250,5.725000,5.788750,5.040758
2004-06-03,5.787500,5.500000,5.527500,4.813265
2004-06-04,5.762500,5.587500,5.632500,4.904696
2004-06-07,5.765000,5.647500,5.737500,4.996130
2004-06-08,5.791250,5.643750,5.748750,5.005926
2004-06-09,5.767500,5.665000,5.678750,4.944971
2004-06-10,5.797500,5.662500,5.745000,5.002661
2004-06-14,5.848750,5.718750,5.790000,5.041846
2004-06-15,6.185000,5.801250,6.062500,5.279136
2004-06-16,6.197500,6.082500,6.171250,5.373830
2004-06-17,6.190000,6.075000,6.163750,5.367301
2004-06-18,6.247500,6.050000,6.127500,5.335735
2004-06-21,6.367500,6.140000,6.212500,5.409751
2004-06-22,6.347500,6.120000,6.150000,5.355328
2004-06-23,6.345000,6.112500,6.345000,5.525131
2004-06-24,6.447500,6.282500,6.317500,5.501184
2004-06-25,6.570000,6.352500,6.482500,5.644864
2004-06-28,6.660000,6.460000,6.585000,5.734120
2004-06-29,6.437500,6.167500,6.307500,5.492477
2004-06-30,6.372500,6.252500,6.352500,5.531661
2004-07-01,6.450000,6.180000,6.200000,5.398866
2004-07-02,6.265000,6.135000,6.190000,5.390159
2004-07-06,6.242500,5.940000,6.070000,5.285666
2004-07-07,6.187500,6.017500,6.060000,5.276957
2004-07-08,6.072500,5.875000,5.920000,5.155046
2004-07-09,6.225000,5.922500,6.202500,5.401043
2004-07-12,6.112500,5.950000,6.037500,5.257365
2004-07-13,6.350000,6.202500,6.310000,5.494653
2004-07-14,6.422500,6.182500,6.310000,5.494653
2004-07-15,6.350000,6.217500,6.275000,5.464177
2004-07-16,6.345000,6.192500,6.230000,5.424989
2004-07-19,6.312500,6.075000,6.160000,5.364035
2004-07-20,6.175000,6.002500,6.085000,5.298728
2004-07-21,6.175000,5.912500,5.912500,5.148516
2004-07-22,6.000000,5.710000,5.922500,5.157226
2004-07-23,5.955000,5.715000,5.715000,4.976537
2004-07-26,6.537500,6.077500,6.455000,5.620918
2004-07-27,6.967500,6.347500,6.877500,5.988824
2004-07-28,6.982500,6.587500,6.777500,5.901746
2004-07-29,6.960000,6.777500,6.857500,5.971408
2004-07-30,6.937500,6.737500,6.887500,5.997531
2004-08-02,6.870000,6.587500,6.795000,5.916984
2004-08-03,6.865000,6.592500,6.610000,5.755888
2004-08-04,6.575000,6.375000,6.542500,5.697111
2004-08-05,6.562500,6.345000,6.352500,5.531661
2004-08-06,6.260000,6.052500,6.187500,5.387982
2004-08-09,6.395000,6.152500,6.290000,5.477237
2004-08-10,6.447500,6.210000,6.415000,5.586085
2004-08-11,6.400000,6.235000,6.315000,5.499008
2004-08-12,6.475000,6.100000,6.117500,5.327027
2004-08-13,6.222500,6.005000,6.212500,5.409751
2004-08-16,6.385000,6.175000,6.320000,5.503361
2004-08-17,6.487500,6.317500,6.337500,5.518600
2004-08-18,6.575000,6.247500,6.530000,5.686226
2004-08-19,6.585000,6.377500,6.457500,5.623096
2004-08-20,6.650000,6.420000,6.630000,5.773304
2004-08-23,6.675000,6.515000,6.522500,5.679695
2004-08-24,6.625000,6.437500,6.550000,5.703642
2004-08-25,6.737500,6.430000,6.712500,5.845144
2004-08-26,6.795000,6.622500,6.750000,5.877799
2004-08-27,6.875000,6.740000,6.805000,5.925691
2004-08-30,6.795000,6.660000,6.737500,5.866915
2004-08-31,6.872500,6.732500,6.855000,5.969232
2004-09-01,7.002500,6.775000,6.995000,6.091142
2004-09-02,7.062500,6.800000,6.950000,6.051956
2004-09-03,6.975000,6.830000,6.872500,5.984468
2004-09-07,6.972500,6.800000,6.850000,5.964878
2004-09-08,7.062500,6.792500,6.970000,6.069372
2004-09-09,7.275000,7.000000,7.225000,6.291422
2004-09-10,7.395000,7.175000,7.300000,6.356731
2004-09-13,7.425000,7.302500,7.375000,6.422039
2004-09-14,7.375000,7.227500,7.340000,6.391561
2004-09-15,7.325000,7.107500,7.187500,6.258769
2004-09-16,7.327500,7.197500,7.272500,6.332784
2004-09-17,7.332500,7.125000,7.202500,6.271830
2004-09-20,7.287500,7.105000,7.137500,6.215229
2004-09-21,7.320000,7.127500,7.255000,6.317545
2004-09-22,7.270000,7.072500,7.120000,6.199987
2004-09-23,7.187500,7.070000,7.145000,6.221759
2004-09-24,7.230000,7.115000,7.150000,6.226113
2004-09-27,7.145000,6.985000,7.015000,6.108557
2004-09-28,7.147500,7.000000,7.122500,6.202168
2004-09-29,7.500000,7.115000,7.372500,6.419863
2004-09-30,7.662500,7.297500,7.627500,6.641913
2004-10-01,7.647500,7.465000,7.540000,6.565719
2004-10-04,7.940000,7.625000,7.800000,6.792123
2004-10-05,7.935000,7.760000,7.805000,6.796476
2004-10-06,7.795000,7.412500,7.765000,6.761647
2004-10-07,7.825000,7.670000,7.780000,6.774708
2004-10-08,7.787500,7.527500,7.560000,6.583136
2004-10-11,7.770000,7.562500,7.697500,6.702866
2004-10-12,8.095000,7.762500,8.067500,7.025057
2004-10-13,8.262500,7.950000,7.970000,6.940156
2004-10-14,8.137500,7.960000,8.040000,7.001112
2004-10-15,8.195000,7.937500,8.077500,7.033766
2004-10-18,8.102500,8.002500,8.050000,7.009820
2004-10-19,8.162500,7.907500,7.952500,6.924917
2004-10-20,7.967500,7.757500,7.885000,6.866139
2004-10-21,8.062500,7.897500,7.942500,6.916211
2004-10-22,8.042500,7.825000,7.995000,6.961927
2004-10-25,8.237500,7.925000,8.062500,7.020705
2004-10-26,7.982500,7.582500,7.697500,6.702866
2004-10-27,8.242500,7.750000,8.212500,7.151321
2004-10-28,8.735000,8.297500,8.680000,7.558415
2004-10-29,8.792500,8.437500,8.500000,7.401671
2004-11-01,8.677500,8.400000,8.507500,7.408205
2004-11-02,9.065000,8.430000,8.682500,7.560591
2004-11-03,9.475000,8.755000,9.015000,7.850127
2004-11-04,9.130000,8.925000,9.102500,7.926319
2004-11-05,9.275000,8.940000,9.110000,7.932852
2004-11-08,9.300000,9.107500,9.157500,7.974212
2004-11-09,9.245000,9.040000,9.160000,7.976391
2004-11-10,9.187500,9.007500,9.120000,7.941561
2004-11-11,9.292500,9.062500,9.277500,8.078707
2004-11-12,9.577500,9.267500,9.572500,8.335589
2004-11-15,9.675000,9.412500,9.500000,8.272453
2004-11-16,9.625000,9.430000,9.500000,8.272453
2004-11-17,9.817500,9.402500,9.650000,8.403076
2004-11-18,9.680000,9.462500,9.605000,8.363891
2004-11-19,9.640000,9.400000,9.482500,8.257219
2004-11-22,9.475000,7.745000,9.295000,8.093949
2004-11-23,9.472500,9.165000,9.460000,8.237626
2004-11-24,9.622500,9.352500,9.612500,8.370418
2004-11-26,9.940000,9.570000,9.797500,8.531516
2004-11-29,9.927500,9.422500,9.690000,8.437906
2004-11-30,9.797500,9.532500,9.532500,8.300756
2004-12-01,9.780000,9.567500,9.625000,8.381307
2004-12-02,9.722500,9.425000,9.535000,8.302936
2004-12-03,9.730000,9.352500,9.472500,8.248510
2004-12-06,9.562500,9.390000,9.447500,8.226741
2004-12-07,9.487500,9.160000,9.180000,7.993807
2004-12-08,9.337500,9.182500,9.205000,8.015575
2004-12-09,9.482500,9.125000,9.450000,8.228915
2004-12-10,9.780000,9.455000,9.575000,8.337765
2004-12-13,9.947500,9.665000,9.940000,8.655605
2004-12-14,10.270000,9.815000,10.230000,8.908131
2004-12-15,10.332500,10.067500,10.142500,8.831938
2004-12-16,10.205000,9.605000,9.837500,8.566349
2004-12-17,9.965000,9.707500,9.960000,8.673016
2004-12-20,10.017500,9.715000,9.927500,8.644720
2004-12-21,10.075000,9.832500,9.970000,8.681726
2004-12-22,9.925000,9.767500,9.857500,8.583764
2004-12-23,10.232500,10.075000,10.100000,8.794930
2004-12-27,10.212500,9.947500,10.130000,8.821052
2004-12-28,10.705000,10.162500,10.692500,9.310869
2004-12-29,10.667500,10.437500,10.555000,9.191136
2004-12-30,10.657500,10.475000,10.612500,9.241202
2004-12-31,10.732500,10.540000,10.582500,9.215081
2005-01-03,11.020000,10.200000,10.457500,9.106237
2005-01-04,10.832500,10.337500,10.340000,9.003919
2005-01-05,10.500000,10.242500,10.245000,8.921191
2005-01-06,10.305000,10.017500,10.122500,8.814520
2005-01-07,10.350000,10.082500,10.130000,8.821052
2005-01-10,10.267500,9.822500,9.880000,8.603356
2005-01-11,9.875000,9.167500,9.530000,8.298581
2005-01-12,9.697500,9.195000,9.440000,8.220209
2005-01-13,9.470000,9.222500,9.267500,8.070002
2005-01-14,9.522500,9.270000,9.512500,8.283343
2005-01-18,9.775000,9.500000,9.707500,8.453144
2005-01-19,9.780000,9.562500,9.607500,8.366066
2005-01-20,9.615000,9.152500,9.250000,8.054765
2005-01-21,9.345000,8.892500,8.965000,7.806587
2005-01-24,9.310000,8.987500,9.062500,7.891489
2005-01-25,9.275000,8.912500,9.015000,7.850127
2005-01-26,9.235000,8.952500,9.160000,7.976391
2005-01-27,9.400000,9.155000,9.315000,8.111362
2005-01-28,9.375000,9.100000,9.197500,8.009044
2005-01-31,9.512500,9.212500,9.475000,8.250688
2005-02-01,9.622500,9.472500,9.540000,8.307286
2005-02-02,9.680000,9.447500,9.550000,8.315995
2005-02-03,9.595000,9.312500,9.372500,8.161433
2005-02-04,9.587500,9.265000,9.575000,8.337765
2005-02-07,9.727500,9.435000,9.487500,8.261575
2005-02-08,9.577500,9.307500,9.410000,8.194087
2005-02-09,9.412500,9.125000,9.177500,7.991628
2005-02-10,10.835000,9.950000,10.772500,9.380532
2005-02-11,11.670000,10.775000,11.380000,9.909533
2005-02-14,11.750000,11.270000,11.462500,9.981374
2005-02-15,11.442500,11.057500,11.252500,9.798508
2005-02-16,11.315000,11.087500,11.280000,9.822453
2005-02-17,11.347500,11.032500,11.132500,9.694015
2005-02-18,11.222500,11.042500,11.187500,9.741909
2005-02-22,11.220000,10.932500,10.977500,9.559043
2005-02-23,11.275000,10.982500,11.150000,9.709253
2005-02-24,11.567500,11.162500,11.475000,9.992260
2005-02-25,11.960000,11.425000,11.927500,10.386286
2005-02-28,12.045000,11.510000,11.770000,10.249140
2005-03-01,11.972500,11.757500,11.902500,10.364520
2005-03-02,12.170000,11.810000,11.900000,10.362342
2005-03-03,11.995000,11.487500,11.717500,10.203423
2005-03-04,12.210000,11.707500,12.155000,10.584393
2005-03-07,12.372500,12.050000,12.122500,10.556092
2005-03-08,11.915000,11.527500,11.657500,10.151178
2005-03-09,11.750000,11.347500,11.432500,9.955253
2005-03-10,11.602500,11.215000,11.570000,10.074985
2005-03-11,11.782500,11.485000,11.712500,10.199068
2005-03-14,11.950000,11.585000,11.700000,10.188186
2005-03-15,11.795000,11.245000,11.470000,9.987903
2005-03-16,11.625000,11.225000,11.285000,9.826807
2005-03-17,11.262500,10.810000,11.170000,9.726667
2005-03-18,11.187500,11.010000,11.137500,9.698368
2005-03-21,11.272500,10.992500,11.220000,9.770208
2005-03-22,11.557500,11.282500,11.415000,9.940012
2005-03-23,11.602500,11.225000,11.577500,10.081515
2005-03-24,11.710000,11.502500,11.627500,10.125052
2005-03-28,11.737500,11.280000,11.405000,9.931304
2005-03-29,11.575000,11.102500,11.135000,9.696191
2005-03-30,11.430000,11.130000,11.360000,9.892118
2005-03-31,11.717500,11.300000,11.550000,10.057569
2005-04-01,11.702500,11.285000,11.490000,10.005322
2005-04-04,11.687500,11.397500,11.615000,10.114169
2005-04-05,12.007500,11.627500,11.990000,10.440713
2005-04-06,12.102500,11.800000,11.875000,10.340569
2005-04-07,11.937500,11.760000,11.885000,10.349278
2005-04-08,11.862500,11.430000,11.450000,9.970489
2005-04-11,11.580000,11.280000,11.290000,9.831162
2005-04-12,11.590000,11.202500,11.487500,10.003144
2005-04-13,11.535000,11.280000,11.287500,9.828984
2005-04-14,10.970000,10.275000,10.302500,8.971262
2005-04-15,10.250000,9.770000,9.985000,8.694790
2005-04-18,10.425000,9.887500,10.292500,8.962555
2005-04-19,10.375000,10.062500,10.262500,8.936433
2005-04-20,10.547500,10.197500,10.257500,8.932076
2005-04-21,10.530000,10.270000,10.500000,9.143245
2005-04-22,10.532500,10.285000,10.352500,9.014801
2005-04-25,10.572500,10.367500,10.567500,9.202022
2005-04-26,10.500000,10.177500,10.250000,8.925549
2005-04-27,10.525000,9.530000,10.525000,9.165010
2005-04-28,10.770000,10.432500,10.477500,9.123650
2005-04-29,10.617500,10.232500,10.502500,9.145420
2005-05-02,10.582500,10.352500,10.550000,9.186780
2005-05-03,10.807500,10.477500,10.690000,9.308690
2005-05-04,10.747500,10.517500,10.687500,9.306514
2005-05-05,10.937500,10.582500,10.922500,9.511149
2005-05-06,11.055000,10.900000,11.042500,9.615644
2005-05-09,11.070000,10.812500,11.000000,9.578637
2005-05-10,10.937500,10.675000,10.730000,9.343521
2005-05-11,10.897500,10.505000,10.840000,9.439312
2005-05-12,10.882500,10.502500,10.590000,9.221612
2005-05-13,10.842500,10.557500,10.647500,9.271684
2005-05-16,10.852500,10.532500,10.782500,9.389242
2005-05-17,10.872500,10.615000,10.872500,9.467608
2005-05-18,11.250000,10.847500,11.227500,9.776736
2005-05-19,11.447500,11.147500,11.405000,9.931304
2005-05-20,11.457500,11.272500,11.365000,9.896473
2005-05-23,11.750000,11.257500,11.632500,10.129404
2005-05-24,11.807500,11.515000,11.705000,10.192539
2005-05-25,11.767500,11.487500,11.560000,10.066273
2005-05-26,11.850000,11.625000,11.850000,10.318801
2005-05-27,11.955000,11.757500,11.845000,10.314451
2005-05-31,12.055000,11.767500,12.000000,10.449423
2005-06-01,12.030000,11.827500,11.997500,10.447244
2005-06-02,12.000000,11.865000,11.992500,10.442889
2005-06-03,12.005000,11.667500,11.755000,10.236078
2005-06-06,11.942500,11.690000,11.937500,10.394996
2005-06-07,12.010000,11.762500,11.805000,10.279617
2005-06-08,11.890000,11.572500,11.712500,10.199068
2005-06-09,11.925000,11.475000,11.920000,10.379760
2005-06-10,12.020000,11.707500,11.787500,10.264378
2005-06-13,12.225000,11.592500,11.792500,10.268734
2005-06-14,11.917500,11.732500,11.910000,10.371050
2005-06-15,12.187500,11.875000,12.175000,10.601808
2005-06-16,12.450000,12.062500,12.362500,10.765079
2005-06-17,12.577500,12.375000,12.542500,10.921820
2005-06-20,12.545000,12.085000,12.257500,10.673648
2005-06-21,12.372500,11.862500,11.912500,10.373225
2005-06-22,12.087500,11.720000,11.900000,10.362342
2005-06-23,12.000000,11.575000,11.677500,10.168593
2005-06-24,11.775000,11.480000,11.497500,10.011851
2005-06-27,11.545000,11.375000,11.545000,10.053212
2005-06-28,11.865000,11.562500,11.840000,10.310093
2005-06-29,11.920000,11.647500,11.822500,10.294858
2005-06-30,11.967500,11.750000,11.782500,10.260023
2005-07-01,11.942500,11.590000,11.807500,10.281793
2005-07-05,11.945000,11.635000,11.915000,10.375401
2005-07-06,12.135000,11.927500,11.955000,10.410235
2005-07-07,11.865000,11.632500,11.862500,10.329686
2005-07-08,12.120000,11.767500,12.112500,10.547381
2005-07-11,12.210000,11.975000,12.170000,10.597455
2005-07-12,12.167500,11.347500,11.935000,10.392819
2005-07-13,12.035000,11.787500,11.877500,10.342748
2005-07-14,11.937500,11.705000,11.757500,10.238254
2005-07-15,12.050000,11.705000,12.027500,10.473367
2005-07-18,12.365000,11.947500,12.172500,10.599629
2005-07-19,12.435000,12.105000,12.392500,10.791203
2005-07-20,12.420000,12.150000,12.375000,10.775964
2005-07-21,12.395000,12.000000,12.167500,10.595278
2005-07-22,12.275000,12.010000,12.080000,10.519083
2005-07-25,12.210000,11.905000,12.210000,10.632285
2005-07-26,12.325000,12.215000,12.310000,10.719365
2005-07-27,12.562500,12.135000,12.512500,10.895697
2005-07-28,12.862500,11.635000,11.787500,10.264378
2005-07-29,12.370000,12.062500,12.270000,10.684533
2005-08-01,12.490000,12.247500,12.292500,10.704126
2005-08-02,12.400000,12.212500,12.362500,10.765079
2005-08-03,12.475000,12.300000,12.380000,10.780318
2005-08-04,12.375000,12.140000,12.255000,10.671470
2005-08-05,12.290000,11.825000,11.940000,10.397173
2005-08-08,12.087500,11.825000,11.905000,10.366693
2005-08-09,12.120000,11.900000,12.052500,10.495135
2005-08-10,12.132500,11.665000,11.775000,10.253495
2005-08-11,11.940000,11.737500,11.907500,10.368875
2005-08-12,11.910000,11.500000,11.630000,10.127231
2005-08-15,11.602500,11.497500,11.525000,10.035798
2005-08-16,11.592500,11.287500,11.310000,9.848580
2005-08-17,11.615000,11.075000,11.552500,10.059743
2005-08-18,11.525000,11.327500,11.402500,9.929126
2005-08-19,11.532500,11.342500,11.432500,9.955253
2005-08-22,11.422500,10.937500,11.172500,9.728841
2005-08-23,11.240000,11.090000,11.215000,9.765855
2005-08-24,11.552500,11.195000,11.410000,9.935658
2005-08-25,11.552500,11.392500,11.520000,10.031444
2005-08-26,11.550000,11.407500,11.445000,9.966132
2005-08-29,11.485000,11.355000,11.437500,9.959603
2005-08-30,11.432500,11.187500,11.237500,9.785445
2005-08-31,11.410000,11.215000,11.382500,9.911711
2005-09-01,11.722500,11.320000,11.615000,10.114169
2005-09-02,11.687500,11.507500,11.532500,10.042329
2005-09-06,11.655000,11.457500,11.655000,10.149001
2005-09-07,11.690000,11.455000,11.600000,10.101106
2005-09-08,11.692500,11.525000,11.672500,10.164237
2005-09-09,12.095000,11.577500,12.087500,10.525614
2005-09-12,12.227500,12.000000,12.052500,10.495135
2005-09-13,12.110000,11.855000,11.895000,10.357989
2005-09-14,11.905000,11.690000,11.690000,10.179475
2005-09-15,11.775000,11.520000,11.527500,10.037973
2005-09-16,11.642500,11.365000,11.585000,10.088046
2005-09-19,11.605000,11.330000,11.360000,9.892118
2005-09-20,11.712500,11.325000,11.392500,9.920416
2005-09-21,11.390000,11.030000,11.052500,9.624353
2005-09-22,11.070000,10.610000,11.000000,9.578637
2005-09-23,11.115000,10.885000,11.102500,9.667891
2005-09-26,11.320000,11.102500,11.230000,9.778917
2005-09-27,11.412500,11.217500,11.317500,9.855112
2005-09-28,11.390000,11.202500,11.315000,9.852930
2005-09-29,11.527500,11.277500,11.440000,9.961782
2005-09-30,11.672500,11.315000,11.647500,10.142471
2005-10-03,11.750000,11.425000,11.445000,9.966132
2005-10-04,11.557500,11.307500,11.370000,9.900829
2005-10-05,11.312500,11.032500,11.047500,9.620001
2005-10-06,11.092500,10.637500,10.750000,9.360935
2005-10-07,11.070000,10.747500,10.910000,9.500264
2005-10-10,11.245000,10.977500,11.220000,9.770208
2005-10-11,11.835000,11.265000,11.355000,9.887764
2005-10-12,11.580000,10.867500,11.015000,9.591699
2005-10-13,11.002500,10.777500,10.950000,9.535094
2005-10-14,11.182500,10.922500,11.155000,9.713608
2005-10-17,11.197500,11.000000,11.112500,9.676599
2005-10-18,11.122500,10.927500,10.927500,9.515502
2005-10-19,11.037500,10.562500,11.002500,9.580812
2005-10-20,11.247500,10.850000,10.980000,9.561221
2005-10-21,11.285000,10.997500,11.265000,9.809391
2005-10-24,11.612500,11.260000,11.532500,10.042329
2005-10-25,11.587500,11.377500,11.485000,10.000966
2005-10-26,11.600000,11.265000,11.315000,9.852930
2005-10-27,11.325000,10.857500,10.857500,9.454549
2005-10-28,11.470000,10.985000,11.347500,9.881235
2005-10-31,11.260000,10.827500,10.995000,9.574281
2005-11-01,11.117500,10.802500,10.880000,9.474141
2005-11-02,11.000000,10.747500,10.837500,9.437133
2005-11-03,11.342500,10.845000,11.250000,9.796329
2005-11-04,11.332500,11.087500,11.265000,9.809391
2005-11-07,11.400000,11.130000,11.302500,9.842047
2005-11-08,11.355000,11.195000,11.290000,9.831162
2005-11-09,11.330000,11.180000,11.302500,9.842047
2005-11-10,11.487500,11.165000,11.462500,9.981374
2005-11-11,11.485000,11.295000,11.417500,9.942185
2005-11-14,11.735000,11.315000,11.655000,10.149001
2005-11-15,11.990000,11.750000,11.925000,10.384112
2005-11-16,12.125000,11.785000,11.892500,10.355810
2005-11-17,12.125000,11.880000,12.125000,10.558271
2005-11-18,12.235000,11.992500,12.090000,10.527791
2005-11-21,12.227500,11.932500,12.125000,10.558271
2005-11-22,12.242500,12.002500,12.227500,10.647525
2005-11-23,12.250000,12.105000,12.225000,10.645350
2005-11-25,12.347500,12.225000,12.347500,10.752019
2005-11-28,12.370000,12.027500,12.112500,10.547381
2005-11-29,12.305000,12.125000,12.197500,10.621399
2005-11-30,12.250000,12.112500,12.147500,10.577860
2005-12-01,12.612500,12.152500,12.437500,10.830388
2005-12-02,12.437500,12.217500,12.350000,10.754192
2005-12-05,12.332500,12.015000,12.107500,10.543029
2005-12-06,12.345000,12.127500,12.242500,10.660585
2005-12-07,12.392500,12.195000,12.267500,10.682355
2005-12-08,12.375000,12.030000,12.142500,10.573506
2005-12-09,12.382500,12.082500,12.367500,10.769433
2005-12-12,12.477500,12.237500,12.405000,10.802086
2005-12-13,12.477500,12.212500,12.432500,10.826034
2005-12-14,12.432500,12.275000,12.320000,10.728069
2005-12-15,12.555000,12.317500,12.542500,10.921820
2005-12-16,12.575000,12.360000,12.505000,10.889164
2005-12-19,12.745000,12.475000,12.587500,10.961007
2005-12-20,12.745000,12.537500,12.710000,11.067675
2005-12-21,12.870000,12.667500,12.860000,11.198297
2005-12-22,13.070000,12.817500,13.062500,11.374631
2005-12-23,13.117500,12.785000,12.872500,11.209178
2005-12-27,12.987500,12.607500,12.710000,11.067675
2005-12-28,12.862500,12.500000,12.635000,11.002369
2005-12-29,12.872500,12.602500,12.680000,11.041553
2005-12-30,12.645000,12.475000,12.567500,10.943589
2006-01-03,12.745000,12.267500,12.667500,11.030665
2006-01-04,12.765000,12.500000,12.745000,11.098155
2006-01-05,12.767500,12.515000,12.572500,10.947947
2006-01-06,12.925000,12.610000,12.837500,11.178702
2006-01-09,13.110000,12.812500,13.062500,11.374631
2006-01-10,13.162500,12.860000,12.922500,11.252721
2006-01-11,12.857500,12.320000,12.595000,10.967539
2006-01-12,12.550000,12.362500,12.430000,10.823861
2006-01-13,12.500000,12.300000,12.337500,10.743310
2006-01-17,12.440000,12.165000,12.300000,10.710655
2006-01-18,12.710000,12.127500,12.625000,10.993662
2006-01-19,13.067500,12.575000,13.000000,11.320207
2006-01-20,12.955000,12.477500,12.490000,10.876103
2006-01-23,12.707500,12.342500,12.367500,10.769433
2006-01-24,12.715000,12.365000,12.672500,11.035022
2006-01-25,12.722500,12.400000,12.442500,10.834743
2006-01-26,12.712500,12.462500,12.607500,10.978421
2006-01-27,12.895000,12.555000,12.725000,11.080741
2006-01-30,12.937500,12.722500,12.872500,11.209178
2006-01-31,13.115000,12.825000,13.092500,11.400754
2006-02-01,13.200000,12.910000,13.080000,11.389867
2006-02-02,13.312500,12.820000,12.870000,11.207003
2006-02-03,12.802500,12.565000,12.657500,11.021962
2006-02-06,12.777500,12.580000,12.700000,11.058970
2006-02-07,13.027500,12.582500,12.942500,11.270134
2006-02-08,13.077500,12.412500,12.537500,10.917467
2006-02-09,14.075000,13.565000,13.762500,11.984180
2006-02-10,13.905000,13.677500,13.812500,12.027718
2006-02-13,13.797500,13.437500,13.637500,11.875332
2006-02-14,13.737500,13.400000,13.672500,11.905807
2006-02-15,13.910000,13.525000,13.780000,11.999416
2006-02-16,13.890000,13.617500,13.805000,12.021188
2006-02-17,14.012500,13.725000,13.810000,12.025541
2006-02-21,13.947500,13.517500,13.665000,11.899279
2006-02-22,14.302500,13.622500,14.167500,12.336849
2006-02-23,14.400000,14.062500,14.182500,12.349912
2006-02-24,14.380000,14.152500,14.355000,12.500116
2006-02-27,14.762500,14.340000,14.600000,12.713463
2006-02-28,14.600000,14.175000,14.402500,12.541483
2006-03-01,14.765000,14.287500,14.697500,12.798364
2006-03-02,14.670000,14.352500,14.565000,12.682982
2006-03-03,14.850000,14.345000,14.682500,12.785300
2006-03-06,14.700000,14.070000,14.122500,12.297662
2006-03-07,14.155000,13.967500,14.127500,12.302013
2006-03-08,14.092500,13.857500,13.920000,12.121325
2006-03-09,14.110000,13.842500,13.845000,12.056020
2006-03-10,14.242500,13.735000,14.032500,12.219291
2006-03-13,14.305000,14.052500,14.160000,12.330311
2006-03-14,14.277500,14.020000,14.277500,12.432631
2006-03-15,14.367500,14.097500,14.367500,12.511003
2006-03-16,14.375000,14.115000,14.187500,12.354262
2006-03-17,14.310000,14.102500,14.267500,12.423923
2006-03-20,14.310000,13.975000,13.982500,12.175751
2006-03-21,14.155000,13.775000,13.840000,12.051666
2006-03-22,14.127500,13.725000,14.090000,12.269361
2006-03-23,14.370000,13.917500,14.307500,12.458756
2006-03-24,14.460000,14.280000,14.420000,12.556720
2006-03-27,14.492500,14.227500,14.415000,12.552363
2006-03-28,14.992500,14.425000,14.735000,12.831015
2006-03-29,15.145000,14.722500,15.040000,13.096608
2006-03-30,15.125000,14.725000,14.892500,12.968166
2006-03-31,14.970000,14.647500,14.872500,12.950751
2006-04-03,14.995000,14.745000,14.895000,12.970344
2006-04-04,15.305000,14.817500,15.257500,13.286007
2006-04-05,15.242500,14.880000,14.922500,12.994289
2006-04-06,14.942500,14.635000,14.687500,12.789654
2006-04-07,14.772500,14.410000,14.515000,12.639443
2006-04-10,14.525000,14.315000,14.362500,12.506653
2006-04-11,14.497500,14.112500,14.220000,12.382565
2006-04-12,14.950000,14.430000,14.890000,12.965987
2006-04-13,14.935000,14.600000,14.905000,12.979052
2006-04-17,15.735000,15.125000,15.597500,13.582070
2006-04-18,15.897500,15.632500,15.825000,13.780171
2006-04-19,15.950000,15.600000,15.900000,13.845481
2006-04-20,16.270000,15.895000,15.982500,13.917324
2006-04-21,16.012501,15.532500,15.725000,13.693098
2006-04-24,15.910000,15.510000,15.845000,13.797585
2006-04-25,15.962500,15.720000,15.845000,13.797585
2006-04-26,16.000000,15.637500,15.675000,13.649556
2006-04-27,16.107500,15.462500,15.835000,13.788880
2006-04-28,16.084999,15.817500,15.902500,13.847660
2006-05-01,16.105000,15.457500,15.522500,13.516761
2006-05-02,15.637500,15.187500,15.265000,13.292533
2006-05-03,17.417500,16.517500,16.722500,14.561700
2006-05-04,17.275000,16.684999,17.100000,14.890420
2006-05-05,17.327499,16.975000,17.252501,15.023219
2006-05-08,17.297501,16.875000,17.202499,14.979680
2006-05-09,17.250000,17.059999,17.240000,15.012335
2006-05-10,17.277500,17.027500,17.147499,14.931785
2006-05-11,17.367500,16.822500,17.087500,14.879541
2006-05-12,17.049999,16.350000,16.389999,14.272164
2006-05-15,16.590000,16.264999,16.510000,14.376659
2006-05-16,16.674999,16.350000,16.625000,14.476804
2006-05-17,16.642500,15.957500,16.072500,13.995692
2006-05-18,16.195000,15.937500,15.990000,13.923854
2006-05-19,16.197500,15.670000,16.049999,13.976102
2006-05-22,15.987500,15.142500,15.505000,13.501522
2006-05-23,16.077499,15.750000,15.812500,13.769290
2006-05-24,15.807500,14.852500,15.207500,13.242465
2006-05-25,15.437500,15.147500,15.325000,13.344779
2006-05-26,15.450000,14.960000,15.002500,13.063952
2006-05-30,15.092500,14.415000,14.527500,12.650330
2006-05-31,14.885000,14.342500,14.750000,12.844078
2006-06-01,15.607500,14.750000,15.512500,13.508052
2006-06-02,15.975000,15.340000,15.707500,13.677855
2006-06-05,15.775000,15.257500,15.295000,13.318662
2006-06-06,15.585000,15.157500,15.520000,13.514585
2006-06-07,15.620000,15.230000,15.265000,13.292533
2006-06-08,15.392500,14.717500,15.315000,13.336071
2006-06-09,16.055000,15.325000,15.447500,13.451452
2006-06-12,15.722500,14.780000,14.800000,12.887615
2006-06-13,14.995000,14.310000,14.625000,12.735230
2006-06-14,14.795000,14.382500,14.762500,12.854962
2006-06-15,15.812500,15.012500,15.752500,13.717043
2006-06-16,15.942500,15.550000,15.905000,13.849834
2006-06-19,16.037500,15.350000,15.552500,13.542884
2006-06-20,15.682500,15.157500,15.620000,13.601664
2006-06-21,16.307501,15.665000,16.227501,14.130666
2006-06-22,16.262501,15.867500,16.202499,14.108894
2006-06-23,16.842501,16.090000,16.639999,14.489866
2006-06-26,16.735001,16.355000,16.584999,14.441968
2006-06-27,16.655001,15.905000,15.970000,13.906436
2006-06-28,16.067499,15.575000,15.900000,13.845481
2006-06-29,16.852501,15.955000,16.852501,14.674909
2006-06-30,17.090000,16.790001,16.842501,14.666196
2006-07-03,17.137501,16.842501,17.112499,14.901309
2006-07-05,17.094999,16.500000,16.645000,14.494215
2006-07-06,17.094999,16.690001,16.987499,14.792459
2006-07-07,16.962500,16.347500,16.407499,14.287404
2006-07-10,16.540001,15.827500,15.980000,13.915146
2006-07-11,15.895000,15.377500,15.895000,13.841130
2006-07-12,16.840000,16.250000,16.292500,14.187263
2006-07-13,16.450001,15.800000,15.915000,13.858544
2006-07-14,15.992500,15.455000,15.625000,13.606017
2006-07-17,15.705000,15.375000,15.502500,13.499346
2006-07-18,15.645000,15.137500,15.605000,13.588601
2006-07-19,16.372499,15.575000,16.165001,14.076243
2006-07-20,16.237499,15.537500,15.625000,13.606017
2006-07-21,15.545000,15.042500,15.262500,13.290357
2006-07-24,15.840000,15.265000,15.775000,13.736631
2006-07-25,15.792500,15.432500,15.662500,13.638668
2006-07-26,15.940000,15.500000,15.700000,13.671323
2006-07-27,15.805000,15.480000,15.627500,13.608192
2006-07-28,16.225000,15.672500,16.135000,14.050115
2006-07-31,16.660000,16.182501,16.372499,14.256928
2006-08-01,16.217501,15.775000,15.880000,13.828066
2006-08-02,17.237499,16.660000,16.807501,14.635722
2006-08-03,17.865000,16.732500,17.577499,15.306220
2006-08-04,17.997499,16.877501,17.092501,14.883891
2006-08-07,17.125000,16.684999,16.852501,14.674909
2006-08-08,17.000000,16.500000,16.615000,14.468090
2006-08-09,16.820000,16.200001,16.202499,14.108894
2006-08-10,16.752501,16.162500,16.562500,14.422378
2006-08-11,16.600000,16.277500,16.424999,14.302643
2006-08-14,16.965000,16.542500,16.672501,14.518163
2006-08-15,17.422501,16.737499,17.382500,15.136421
2006-08-16,17.735001,17.222500,17.622499,15.345416
2006-08-17,17.692499,17.410000,17.555000,15.286630
2006-08-18,17.750000,17.325001,17.705000,15.417248
2006-08-21,17.682501,17.254999,17.422501,15.171250
2006-08-22,17.712500,17.299999,17.647499,15.367175
2006-08-23,17.809999,17.190001,17.290001,15.055877
2006-08-24,17.459999,17.127501,17.424999,15.173434
2006-08-25,17.582500,17.237499,17.270000,15.038458
2006-08-28,17.799999,17.125000,17.799999,15.499971
2006-08-29,17.895000,17.190001,17.637501,15.358471
2006-08-30,17.770000,17.442499,17.650000,15.369355
2006-08-31,17.815001,17.445000,17.477501,15.219142
2006-09-01,17.740000,17.432501,17.434999,15.182137
2006-09-05,17.917500,17.382500,17.875000,15.565282
2006-09-06,17.787500,17.432501,17.452499,15.197377
2006-09-07,17.587500,17.110001,17.240000,15.012335
2006-09-08,17.525000,17.190001,17.312500,15.075466
2006-09-11,17.514999,17.022499,17.405001,15.156013
2006-09-12,17.965000,17.340000,17.924999,15.608821
2006-09-13,18.552500,17.930000,18.320000,15.952783
2006-09-14,18.432501,17.887501,18.295000,15.931016
2006-09-15,18.577499,17.684999,17.892500,15.580523
2006-09-18,18.365000,17.900000,18.137501,15.793859
2006-09-19,18.322500,17.752501,17.922501,15.606646
2006-09-20,18.400000,17.922501,18.162500,15.815636
2006-09-21,18.700001,18.212500,18.342501,15.972376
2006-09-22,18.302500,18.007500,18.160000,15.813458
2006-09-25,18.667500,18.030001,18.667500,16.255379
2006-09-26,18.692499,18.325001,18.655001,16.244492
2006-09-27,19.162500,18.662500,18.764999,16.340277
2006-09-28,19.090000,18.592501,18.752501,16.329397
2006-09-29,18.857500,18.467501,18.502501,16.111700
2006-10-02,18.695000,18.077499,18.157499,15.811279
2006-10-03,18.580000,17.962500,18.290001,15.926661
2006-10-04,18.697500,18.162500,18.697500,16.281504
2006-10-05,18.955000,18.555000,18.860001,16.423004
2006-10-06,18.885000,18.557501,18.677500,16.264082
2006-10-09,19.112499,18.567499,18.927500,16.481791
2006-10-10,19.332500,18.940001,19.145000,16.671179
2006-10-11,19.594999,18.742500,18.950001,16.501375
2006-10-12,19.250000,18.892500,19.225000,16.740835
2006-10-13,19.555000,19.215000,19.309999,16.814854
2006-10-16,19.707500,19.357500,19.597500,17.065207
2006-10-17,19.535000,19.137501,19.392500,16.886690
2006-10-18,19.647499,19.200001,19.350000,16.849695
2006-10-19,19.367500,19.087500,19.367500,16.864929
2006-10-20,19.472500,19.010000,19.174999,16.697298
2006-10-23,19.542500,18.977501,19.490000,16.971596
2006-10-24,19.580000,19.302500,19.482500,16.965065
2006-10-25,19.719999,19.344999,19.577499,17.047800
2006-10-26,19.852501,19.577499,19.844999,17.280725
2006-10-27,19.867500,19.434999,19.492500,16.973780
2006-10-30,19.620001,19.102501,19.440001,16.928062
2006-10-31,19.452499,18.775000,18.820000,16.388174
2006-11-01,18.987499,18.135000,18.627501,16.220549
2006-11-02,19.032499,18.312500,18.750000,16.327223
2006-11-03,18.767500,17.879999,18.584999,16.183540
2006-11-06,19.250000,18.575001,19.115000,16.645063
2006-11-07,19.485001,19.055000,19.315001,16.819214
2006-11-08,19.455000,18.992500,19.280001,16.788733
2006-11-09,19.295000,18.855000,18.987499,16.534029
2006-11-10,19.122499,18.862499,19.059999,16.597162
2006-11-13,19.250000,18.950001,19.200001,16.719076
2006-11-14,19.912500,19.400000,19.887501,17.317734
2006-11-15,20.102501,19.875000,20.025000,17.437469
2006-11-16,20.174999,19.825001,20.059999,17.467945
2006-11-17,20.187500,19.870001,20.025000,17.437469
2006-11-20,20.190001,19.912500,20.020000,17.433113
2006-11-21,19.922501,19.762501,19.879999,17.311211
2006-11-22,20.122499,19.780001,20.067499,17.474478
2006-11-24,19.992500,19.875000,19.927500,17.352570
2006-11-27,19.947500,19.389999,19.424999,16.914997
2006-11-28,19.847500,19.395000,19.812500,17.252432
2006-11-29,20.059999,19.802500,20.040001,17.450527
2006-11-30,20.392500,20.020000,20.389999,17.755306
2006-12-01,20.500000,19.875000,20.105000,17.507133
2006-12-04,20.622499,20.250000,20.552500,17.896816
2006-12-05,20.594999,20.250000,20.340000,17.711763
2006-12-06,20.402500,20.080000,20.297501,17.674761
2006-12-07,20.440001,19.955000,20.070000,17.476656
2006-12-08,20.355000,19.815001,20.167500,17.561558
2006-12-11,20.250000,19.897499,19.912500,17.339508
2006-12-12,19.992500,19.655001,19.855000,17.289440
2006-12-13,20.155001,19.905001,19.992500,17.409168
2006-12-14,20.305000,20.027500,20.165001,17.559381
2006-12-15,20.325001,20.062500,20.110001,17.511486
2006-12-18,20.155001,19.590000,19.762501,17.208891
2006-12-19,19.785000,19.365000,19.695000,17.150112
2006-12-20,19.725000,19.432501,19.507500,16.986835
2006-12-21,19.709999,19.257500,19.362499,16.860571
2006-12-22,19.412500,18.817499,19.014999,16.557974
2006-12-26,19.250000,18.885000,19.047501,16.586279
2006-12-27,19.512501,19.207500,19.424999,16.914997
2006-12-28,19.547501,19.137501,19.467501,16.952011
2006-12-29,19.500000,19.200001,19.290001,16.797441
2007-01-03,19.820000,18.937500,19.440001,16.928062
2007-01-04,19.632500,19.262501,19.540001,17.015144
2007-01-05,19.582500,18.950001,19.277500,16.786558
2007-01-08,19.730000,19.207500,19.577499,17.047800
2007-01-09,19.707500,19.382500,19.629999,17.093513
2007-01-10,19.687500,19.320000,19.615000,17.080448
2007-01-11,20.247499,19.627501,20.227501,17.613806
2007-01-12,20.455000,20.049999,20.360001,17.729181
2007-01-16,20.590000,20.412500,20.480000,17.833679
2007-01-17,20.605000,20.375000,20.552500,17.896816
2007-01-18,20.662500,20.215000,20.297501,17.674761
2007-01-19,20.437500,20.000000,20.415001,17.777075
2007-01-22,20.495001,20.174999,20.405001,17.768372
2007-01-23,20.747499,20.400000,20.652500,17.983887
2007-01-24,21.105000,20.535000,21.082500,18.358324
2007-01-25,20.975000,20.722500,20.830000,18.138453
2007-01-26,20.977501,20.607500,20.780001,18.094921
2007-01-29,21.237499,20.637501,20.997499,18.284315
2007-01-30,21.305000,20.987499,21.275000,18.525951
2007-01-31,21.342501,21.067499,21.322500,18.567318
2007-02-01,21.385000,21.167500,21.299999,18.547720
2007-02-02,21.600000,21.270000,21.457500,18.684875
2007-02-05,23.370001,22.250000,23.237499,20.234863
2007-02-06,23.487499,22.857500,23.167500,20.173912
2007-02-07,23.725000,23.237499,23.719999,20.655018
2007-02-08,23.719999,23.437500,23.497499,20.461271
2007-02-09,23.575001,22.962500,23.087500,20.104248
2007-02-12,23.184999,22.750000,23.112499,20.126015
2007-02-13,23.250000,23.032499,23.120001,20.132545
2007-02-14,23.592501,23.075001,23.580000,20.533110
2007-02-15,23.647499,23.415001,23.620001,20.567934
2007-02-16,23.650000,23.420000,23.420000,20.393791
2007-02-20,23.655001,23.139999,23.645000,20.589716
2007-02-21,23.650000,23.445000,23.645000,20.589716
2007-02-22,23.887501,23.174999,23.594999,20.546171
2007-02-23,23.737499,23.387501,23.647499,20.591892
2007-02-26,23.745001,23.382500,23.507500,20.469978
2007-02-27,23.242500,22.002501,22.105000,19.248707
2007-02-28,22.700001,21.565001,22.549999,19.636198
2007-03-01,22.570000,21.582500,22.342501,19.455507
2007-03-02,22.232500,21.730000,21.732500,18.924332
2007-03-05,21.812500,21.305000,21.372499,18.610853
2007-03-06,22.485001,21.637501,22.462500,19.560003
2007-03-07,22.459999,22.142500,22.430000,19.531710
2007-03-08,22.882500,22.514999,22.754999,19.814713
2007-03-09,23.102501,22.722500,22.879999,19.923563
2007-03-12,23.000000,22.700001,22.942499,19.977989
2007-03-13,22.837500,22.080000,22.172501,19.307472
2007-03-14,22.542500,21.847500,22.455000,19.553473
2007-03-15,22.610001,22.135000,22.232500,19.359726
2007-03-16,22.287500,21.975000,22.207500,19.337955
2007-03-19,22.674999,22.227501,22.642500,19.716757
2007-03-20,22.875000,22.592501,22.825001,19.875668
2007-03-21,23.405001,22.602501,23.250000,20.245756
2007-03-22,23.475000,23.040001,23.247499,20.243576
2007-03-23,23.372499,23.105000,23.232500,20.230520
2007-03-26,23.667500,23.174999,23.652500,20.596243
2007-03-27,23.552500,23.170000,23.235001,20.232693
2007-03-28,23.100000,22.535000,22.590000,19.671038
2007-03-29,22.822500,22.180000,22.422501,19.525177
2007-03-30,22.500000,21.770000,22.067499,19.216049
2007-04-02,22.122499,21.219999,21.462500,18.689224
2007-04-03,22.377501,21.532499,22.232500,19.359726
2007-04-04,22.344999,21.932501,21.937500,19.102844
2007-04-05,21.807501,21.232500,21.690001,18.887331
2007-04-09,21.827499,21.344999,21.510000,18.730587
2007-04-10,21.500000,21.070000,21.417500,18.650038
2007-04-11,21.150000,20.662500,20.799999,18.112326
2007-04-12,21.584999,20.700001,21.375000,18.613028
2007-04-13,22.217501,21.625000,21.844999,19.022299
2007-04-16,22.030001,21.790001,21.950001,19.113728
2007-04-17,22.184999,21.817499,22.107500,19.250879
2007-04-18,22.094999,21.792500,21.965000,19.126795
2007-04-19,21.892500,21.467501,21.617500,18.824194
2007-04-20,22.327499,21.680000,22.052500,19.202984
2007-04-23,22.245001,21.942499,22.065001,19.213873
2007-04-24,22.147499,21.830000,21.897499,19.068014
2007-04-25,22.482500,21.737499,22.395000,19.501225
2007-04-26,22.465000,22.129999,22.292500,19.411974
2007-04-27,22.742500,22.137501,22.655001,19.727634
2007-04-30,22.665001,22.350000,22.350000,19.462048
2007-05-01,22.547501,21.812500,22.117500,19.259596
2007-05-02,21.617500,20.692499,21.090000,18.364853
2007-05-03,21.292500,20.930000,21.032499,18.314781
2007-05-04,21.275000,20.855000,20.975000,18.264715
2007-05-07,21.000000,20.225000,20.340000,17.711763
2007-05-08,20.362499,19.915001,20.075001,17.481012
2007-05-09,20.077499,19.782499,19.924999,17.350389
2007-05-10,20.355000,19.750000,20.020000,17.433113
2007-05-11,20.275000,20.000000,20.162500,17.557199
2007-05-14,20.280001,19.594999,19.662500,17.121817
2007-05-15,19.980000,19.535000,19.572500,17.043438
2007-05-16,19.687500,19.192499,19.424999,16.914997
2007-05-17,19.695000,19.120001,19.205000,16.723425
2007-05-18,19.867500,19.145000,19.707500,17.160995
2007-05-21,19.719999,19.427500,19.605000,17.071743
2007-05-22,20.135000,19.582500,19.672501,17.130514
2007-05-23,19.674999,18.950001,19.042500,16.581928
2007-05-24,19.142500,18.620001,18.735001,16.314152
2007-05-25,19.055000,18.767500,18.927500,16.481791
2007-05-29,19.262501,18.877501,19.110001,16.640705
2007-05-30,19.760000,18.917500,19.732500,17.182762
2007-05-31,19.875000,19.562500,19.639999,17.102221
2007-06-01,19.832500,19.445000,19.527500,17.004257
2007-06-04,19.605000,19.332500,19.510000,16.989012
2007-06-05,19.652500,19.315001,19.639999,17.102221
2007-06-06,19.647499,19.142500,19.242500,16.756081
2007-06-07,19.170000,18.674999,18.737499,16.316334
2007-06-08,18.889999,18.500000,18.867500,16.429539
2007-06-11,19.200001,18.802500,19.092501,16.625462
2007-06-12,19.222500,18.837500,18.875000,16.436068
2007-06-13,19.799999,18.950001,19.732500,17.182762
2007-06-14,20.045000,19.722500,19.775000,17.219776
2007-06-15,20.209999,19.727501,19.754999,17.202362
2007-06-18,19.862499,19.457500,19.517500,16.995550
2007-06-19,19.592501,19.277500,19.422501,16.912823
2007-06-20,19.680000,19.075001,19.139999,16.666830
2007-06-21,19.219999,18.937500,19.125000,16.653759
2007-06-22,19.225000,18.860001,18.982500,16.529676
2007-06-25,19.262501,18.735001,18.870001,16.431713
2007-06-26,19.045000,18.660000,18.709999,16.292385
2007-06-27,19.072500,18.575001,19.010000,16.553625
2007-06-28,19.347500,18.802500,19.150000,16.675529
2007-06-29,19.247499,18.722500,18.750000,16.327223
2007-07-02,19.112499,18.762501,19.045000,16.584101
2007-07-03,19.080000,18.827499,18.862499,16.425180
2007-07-05,18.844999,18.512501,18.602501,16.198780
2007-07-06,19.725000,18.715000,19.722500,17.174057
2007-07-09,20.424999,19.889999,20.000000,17.415693
2007-07-10,20.017500,19.500000,19.959999,17.380865
2007-07-11,20.559999,19.695000,20.540001,17.885923
2007-07-12,21.610001,20.540001,21.610001,18.817665
2007-07-13,21.575001,20.977501,21.545000,18.761065
2007-07-16,21.495001,21.205000,21.420000,18.652212
2007-07-17,21.575001,21.012501,21.125000,18.395332
2007-07-18,21.357500,20.942499,21.247499,18.502007
2007-07-19,22.000000,21.552500,21.879999,19.052776
2007-07-20,22.097500,21.382500,21.459999,18.687042
2007-07-23,21.637501,21.205000,21.264999,18.517250
2007-07-24,21.467501,20.727501,20.815001,18.125389
2007-07-25,21.177500,20.527500,20.575001,17.916403
2007-07-26,20.647499,20.002501,20.417500,17.779251
2007-07-27,20.790001,19.917500,20.385000,17.750954
2007-07-30,20.962500,20.212500,20.797501,18.110151
2007-07-31,21.235001,20.150000,20.245001,17.629040
2007-08-01,20.587500,19.625000,20.202499,17.592031
2007-08-02,21.055000,20.312500,21.000000,18.286489
2007-08-03,21.139999,20.667500,20.712500,18.036127
2007-08-06,20.959999,20.260000,20.957500,18.249474
2007-08-07,21.365000,20.742500,21.257500,18.510710
2007-08-08,22.215000,21.250000,21.757500,18.946104
2007-08-09,22.219999,21.012501,21.280001,18.530304
2007-08-10,21.177500,20.340000,20.584999,17.925110
2007-08-13,20.992500,20.514999,20.612499,17.949059
2007-08-14,20.895000,20.012501,20.087500,17.491888
2007-08-15,20.209999,19.490000,19.510000,16.989012
2007-08-16,19.400000,18.125000,18.719999,16.301092
2007-08-17,19.120001,18.160000,18.737499,16.316334
2007-08-20,18.917500,18.312500,18.420000,16.039862
2007-08-21,18.557501,17.767500,18.135000,15.791686
2007-08-22,19.162500,18.250000,18.754999,16.331566
2007-08-23,18.980000,18.415001,18.637501,16.229256
2007-08-24,18.625000,18.225000,18.362499,15.989788
2007-08-27,18.732500,18.037500,18.197500,15.846114
2007-08-28,18.197500,17.430000,17.462500,15.206079
2007-08-29,18.062500,17.657499,18.025000,15.695893
2007-08-30,18.157499,17.719999,17.982500,15.658895
2007-08-31,18.497499,18.125000,18.377501,16.002848
2007-09-04,18.497499,18.059999,18.365000,15.991966
2007-09-05,18.275000,17.802500,17.865000,15.556577
2007-09-06,18.197500,17.875000,18.025000,15.695893
2007-09-07,17.937500,17.590000,17.767500,15.471668
2007-09-10,17.834999,16.900000,16.937500,14.748923
2007-09-11,17.445000,16.977501,17.105000,14.894775
2007-09-12,17.740000,17.299999,17.475000,15.216968
2007-09-13,18.142500,17.502501,17.969999,15.648005
2007-09-14,18.195000,17.575001,18.017500,15.689369
2007-09-17,18.450001,17.927500,17.992500,15.667603
2007-09-18,18.715000,18.084999,18.575001,16.174837
2007-09-19,19.012501,18.730000,18.900000,16.457830
2007-09-20,18.927500,18.177500,18.352501,15.981084
2007-09-21,19.215000,18.352501,18.967501,16.516615
2007-09-24,19.077499,18.562500,18.707500,16.290213
2007-09-25,19.337500,18.545000,19.317499,16.821384
2007-09-26,19.657499,19.377501,19.567499,17.039083
2007-09-27,19.950001,19.570000,19.934999,17.359097
2007-09-28,20.202499,19.812500,19.947500,17.369989
2007-10-01,20.637501,19.959999,20.605000,17.942524
2007-10-02,20.639999,20.285000,20.514999,17.864153
2007-10-03,20.750000,20.432501,20.722500,18.044844
2007-10-04,20.985001,20.662500,20.834999,18.142807
2007-10-05,21.500000,20.827499,21.447500,18.676161
2007-10-08,21.372499,20.827499,20.887501,18.188526
2007-10-09,21.262501,20.900000,21.184999,18.447577
2007-10-10,21.420000,20.617500,21.260000,18.512894
2007-10-11,21.197500,20.227501,20.297501,17.674761
2007-10-12,20.655001,20.219999,20.462500,17.818441
2007-10-15,20.415001,19.719999,20.080000,17.485365
2007-10-16,20.305000,19.592501,19.937500,17.361273
2007-10-17,20.844999,20.305000,20.785000,18.099264
2007-10-18,20.915001,20.299999,20.910000,18.208111
2007-10-19,21.075001,20.000000,20.010000,17.424412
2007-10-22,20.295000,19.770000,20.160000,17.555023
2007-10-23,20.485001,19.795000,20.290001,17.668228
2007-10-24,20.309999,19.155001,19.584999,17.054323
2007-10-25,20.100000,19.254999,19.600000,17.067387
2007-10-26,20.100000,19.500000,19.969999,17.389580
2007-10-29,20.430000,20.000000,20.174999,17.568089
2007-10-30,20.395000,19.924999,20.230000,17.615984
2007-10-31,20.730000,19.920000,20.730000,18.051369
2007-11-01,21.000000,19.770000,19.820000,17.258963
2007-11-02,20.605000,19.875000,20.450001,17.807550
2007-11-05,20.450001,19.405001,19.805000,17.245897
2007-11-06,17.350000,15.575000,16.000000,13.932561
2007-11-07,17.240000,15.980000,16.545000,14.407137
2007-11-08,16.809999,15.000000,15.785000,13.745342
2007-11-09,16.120001,15.025000,15.395000,13.405732
2007-11-12,15.765000,14.960000,15.380000,13.392673
2007-11-13,16.254999,15.380000,16.150000,14.063180
2007-11-14,16.344999,15.370000,15.425000,13.431860
2007-11-15,15.870000,15.350000,15.545000,13.536350
2007-11-16,15.970000,15.485000,15.700000,13.671323
2007-11-19,15.690000,15.250000,15.260000,13.288179
2007-11-20,15.540000,14.720000,14.970000,13.035649
2007-11-21,15.340000,14.730000,15.055000,13.109671
2007-11-23,15.300000,14.965000,15.230000,13.262055
2007-11-26,15.360000,14.860000,14.880000,12.957280
2007-11-27,15.355000,14.765000,15.215000,13.248994
2007-11-28,16.344999,15.250000,16.285000,14.180736
2007-11-29,16.270000,15.735000,15.785000,13.745342
2007-11-30,16.225000,15.285000,15.550000,13.540707
2007-12-03,16.084999,15.575000,15.755000,13.719217
2007-12-04,15.835000,15.300000,15.480000,13.479752
2007-12-05,15.985000,15.505000,15.890000,13.836774
2007-12-06,15.950000,15.500000,15.880000,13.828066
2007-12-07,16.844999,16.174999,16.680000,14.524695
2007-12-10,17.299999,16.770000,17.205000,14.981852
2007-12-11,17.844999,16.930000,16.965000,14.772870
2007-12-12,17.709999,16.545000,16.895000,14.711914
2007-12-13,16.924999,16.510000,16.770000,14.603067
2007-12-14,16.700001,16.225000,16.360001,14.246042
2007-12-17,16.500000,16.100000,16.219999,14.124132
2007-12-18,16.745001,16.145000,16.665001,14.511634
2007-12-19,16.795000,16.379999,16.665001,14.511634
2007-12-20,17.580000,16.985001,17.555000,15.286630
2007-12-21,17.934999,17.565001,17.915001,15.600112
2007-12-24,18.135000,17.610001,17.875000,15.565282
2007-12-26,17.915001,17.600000,17.875000,15.565282
2007-12-27,17.750000,17.215000,17.230000,15.003626
2007-12-28,17.565001,17.184999,17.459999,15.203904
2007-12-31,17.445000,16.920000,16.969999,14.777219
2008-01-02,17.000000,16.010000,16.115000,14.032699
2008-01-03,16.650000,16.174999,16.375000,14.259107
2008-01-04,16.254999,15.455000,15.500000,13.497166
2008-01-07,16.030001,15.400000,15.610000,13.592952
2008-01-08,15.960000,15.305000,15.305000,13.327366
2008-01-09,15.525000,14.945000,15.520000,13.514585
2008-01-10,15.580000,14.750000,14.990000,13.053067
2008-01-11,14.680000,13.535000,13.555000,11.803493
2008-01-14,14.280000,13.820000,14.175000,12.343378
2008-01-15,14.170000,13.200000,13.335000,11.611917
2008-01-16,13.470000,12.910000,13.100000,11.407284
2008-01-17,13.925000,12.920000,13.540000,11.790429
2008-01-18,13.910000,12.980000,13.000000,11.320207
2008-01-22,12.945000,11.685000,12.700000,11.058970
2008-01-23,13.615000,12.030000,13.500000,11.755598
2008-01-24,13.685000,13.020000,13.405000,11.672874
2008-01-25,14.115000,13.320000,13.435000,11.698997
2008-01-28,13.820000,13.380000,13.775000,11.995062
2008-01-29,14.160000,13.730000,14.105000,12.282423
2008-01-30,14.405000,13.775000,14.095000,12.273715
2008-01-31,14.160000,13.460000,13.950000,12.147450
2008-02-01,15.125000,13.960000,14.920000,12.992114
2008-02-04,14.945000,14.555000,14.830000,12.913739
2008-02-05,14.595000,14.180000,14.300000,12.452227
2008-02-06,14.600000,13.585000,13.650000,11.886215
2008-02-07,13.800000,13.030000,13.640000,11.877504
2008-02-08,16.459999,15.500000,15.920000,13.862897
2008-02-11,16.250000,15.695000,16.049999,13.976102
2008-02-12,16.745001,16.139999,16.690001,14.533401
2008-02-13,16.995001,16.360001,16.780001,14.611770
2008-02-14,16.799999,16.270000,16.355000,14.241691
2008-02-15,16.334999,16.000000,16.280001,14.176384
2008-02-19,16.725000,16.160000,16.285000,14.180736
2008-02-20,16.615000,15.925000,16.520000,14.385365
2008-02-21,16.665001,16.065001,16.129999,14.045763
2008-02-22,16.295000,15.675000,16.075001,13.997870
2008-02-25,16.240000,15.695000,16.049999,13.976102
2008-02-26,16.430000,15.790000,16.350000,14.237337
2008-02-27,16.625000,16.045000,16.385000,14.267816
2008-02-28,16.469999,16.110001,16.180000,14.089303
2008-02-29,15.990000,15.095000,15.105000,13.153209
2008-03-03,15.165000,14.870000,15.010000,13.070485
2008-03-04,15.405000,14.835000,15.240000,13.270762
2008-03-05,15.750000,15.225000,15.570000,13.558123
2008-03-06,15.525000,14.670000,14.695000,12.796185
2008-03-07,14.990000,14.295000,14.595000,12.709107
2008-03-10,14.690000,13.855000,13.860000,12.069080
2008-03-11,14.735000,13.990000,14.735000,12.831015
2008-03-12,14.945000,14.305000,14.430000,12.565427
2008-03-13,14.540000,13.735000,14.345000,12.491412
2008-03-14,14.510000,13.460000,13.635000,11.873154
2008-03-17,13.520000,12.875000,13.405000,11.672874
2008-03-18,14.450000,13.655000,14.430000,12.565427
2008-03-19,15.010000,13.950000,13.950000,12.147450
2008-03-20,14.565000,13.710000,14.505000,12.630737
2008-03-24,15.545000,14.510000,15.380000,13.392673
2008-03-25,15.545000,15.085000,15.280000,13.305593
2008-03-26,15.425000,15.010000,15.280000,13.305593
2008-03-27,15.415000,14.530000,14.745000,12.839726
2008-03-28,15.215000,14.450000,14.590000,12.704755
2008-03-31,14.945000,14.270000,14.415000,12.552363
2008-04-01,15.085000,14.465000,15.085000,13.135792
2008-04-02,15.325000,14.700000,14.845000,12.926805
2008-04-03,14.985000,14.635000,14.780000,12.870203
2008-04-04,14.870000,14.385000,14.695000,12.796185
2008-04-07,14.965000,14.435000,14.485000,12.613319
2008-04-08,14.440000,14.090000,14.260000,12.417394
2008-04-09,14.385000,13.825000,13.915000,12.116976
2008-04-10,14.140000,13.590000,13.995000,12.186634
2008-04-11,13.925000,13.260000,13.265000,11.550962
2008-04-14,13.550000,13.160000,13.485000,11.742536
2008-04-15,14.730000,13.690000,14.660000,12.765706
2008-04-16,15.050000,14.365000,15.000000,13.061778
2008-04-17,15.120000,14.430000,14.630000,12.739584
2008-04-18,15.540000,15.000000,15.480000,13.479752
2008-04-21,15.800000,15.185000,15.710000,13.680035
2008-04-22,15.445000,14.900000,15.050000,13.105317
2008-04-23,15.545000,14.935000,15.430000,13.436213
2008-04-24,15.905000,15.050000,15.690000,13.662618
2008-04-25,15.805000,15.245000,15.625000,13.606017
2008-04-28,15.800000,15.490000,15.595000,13.579889
2008-04-29,16.219999,15.800000,16.059999,13.984807
2008-04-30,16.420000,15.980000,16.125000,14.041410
2008-05-01,16.125000,15.335000,16.110001,14.028346
2008-05-02,16.674999,16.205000,16.530001,14.394076
2008-05-05,16.719999,16.320000,16.620001,14.472448
2008-05-06,17.455000,15.915000,16.875000,14.694498
2008-05-07,15.785000,15.005000,15.105000,13.153209
2008-05-08,15.300000,14.420000,14.920000,12.992114
2008-05-09,15.105000,14.505000,14.865000,12.944217
2008-05-12,15.150000,14.505000,15.085000,13.135792
2008-05-13,15.160000,14.575000,14.960000,13.026946
2008-05-14,15.495000,14.845000,15.315000,13.336071
2008-05-15,15.835000,14.825000,15.815000,13.771463
2008-05-16,15.945000,15.350000,15.775000,13.736631
2008-05-19,16.065001,15.670000,15.865000,13.815005
2008-05-20,16.000000,15.220000,15.380000,13.392673
2008-05-21,15.525000,14.965000,15.055000,13.109671
2008-05-22,15.560000,15.040000,15.500000,13.497166
2008-05-23,15.490000,15.005000,15.200000,13.235931
2008-05-27,15.760000,15.205000,15.760000,13.723572
2008-05-28,16.125000,15.715000,16.105000,14.023993
2008-05-29,17.250000,16.035000,16.745001,14.581296
2008-05-30,17.900000,16.735001,17.639999,15.360649
2008-06-02,17.665001,16.875000,17.260000,15.029750
2008-06-03,17.760000,17.245001,17.434999,15.182137
2008-06-04,18.000000,17.320000,17.754999,15.460784
2008-06-05,18.430000,17.945000,18.389999,16.013741
2008-06-06,18.245001,17.295000,17.385000,15.138597
2008-06-09,17.770000,17.389999,17.684999,15.399835
2008-06-10,17.500000,16.900000,17.254999,15.025395
2008-06-11,17.520000,17.055000,17.075001,14.868654
2008-06-12,17.840000,17.075001,17.285000,15.051517
2008-06-13,17.905001,17.385000,17.875000,15.565282
2008-06-16,17.945000,17.514999,17.905001,15.591407
2008-06-17,18.065001,17.730000,17.865000,15.556577
2008-06-18,18.120001,17.725000,17.865000,15.556577
2008-06-19,18.549999,17.830000,18.355000,15.983256
2008-06-20,17.879999,17.309999,17.485001,15.225679
2008-06-23,17.825001,17.400000,17.559999,15.290989
2008-06-24,17.615000,16.855000,17.174999,14.955733
2008-06-25,17.459999,17.049999,17.219999,14.994916
2008-06-26,17.030001,16.174999,16.254999,14.154607
2008-06-27,16.615000,16.080000,16.445000,14.320063
2008-06-30,16.450001,16.080000,16.254999,14.154607
2008-07-01,16.240000,15.720000,15.970000,13.906436
2008-07-02,16.250000,15.645000,15.685000,13.658262
2008-07-03,16.145000,15.665000,15.900000,13.845481
2008-07-07,16.264999,15.350000,15.665000,13.640845
2008-07-08,15.825000,14.980000,15.675000,13.649556
2008-07-09,16.180000,15.025000,15.040000,13.096608
2008-07-10,15.175000,14.640000,15.125000,13.170624
2008-07-11,14.520000,13.795000,14.080000,12.260657
2008-07-14,14.350000,14.015000,14.070000,12.251943
2008-07-15,14.130000,13.430000,13.855000,12.064728
2008-07-16,14.220000,13.655000,14.150000,12.321606
2008-07-17,14.510000,13.960000,14.360000,12.504472
2008-07-18,14.500000,13.940000,14.045000,12.230175
2008-07-21,14.430000,13.875000,14.000000,12.190989
2008-07-22,14.000000,13.655000,13.895000,12.099558
2008-07-23,14.545000,13.930000,14.290000,12.443519
2008-07-24,14.375000,13.300000,13.300000,11.581440
2008-07-25,13.725000,13.340000,13.535000,11.786078
2008-07-28,13.835000,13.360000,13.380000,11.651103
2008-07-29,14.010000,13.335000,13.910000,12.112622
2008-07-30,14.280000,13.835000,14.100000,12.278071
2008-07-31,14.195000,13.500000,14.035000,12.221468
2008-08-01,14.805000,14.100000,14.680000,12.783121
2008-08-04,14.710000,14.305000,14.430000,12.565427
2008-08-05,14.845000,14.400000,14.825000,12.909387
2008-08-06,15.190000,14.635000,15.145000,13.188041
2008-08-07,15.100000,14.770000,14.830000,12.913739
2008-08-08,15.555000,14.710000,15.380000,13.392673
2008-08-11,15.845000,15.155000,15.645000,13.623432
2008-08-12,15.570000,15.270000,15.440000,13.444919
2008-08-13,15.590000,15.065000,15.175000,13.214163
2008-08-14,15.585000,14.950000,15.530000,13.523293
2008-08-15,15.740000,15.260000,15.385000,13.397026
2008-08-18,15.520000,14.975000,15.180000,13.218515
2008-08-19,15.180000,14.710000,14.870000,12.948571
2008-08-20,15.090000,14.625000,14.960000,13.026946
2008-08-21,14.970000,14.640000,14.955000,13.022590
2008-08-22,15.215000,14.875000,15.155000,13.196745
2008-08-25,15.095000,14.340000,14.445000,12.578490
2008-08-26,14.620000,14.235000,14.520000,12.643798
2008-08-27,14.955000,14.470000,14.880000,12.957280
2008-08-28,15.000000,14.780000,14.850000,12.931157
2008-08-29,14.865000,14.395000,14.660000,12.765706
2008-09-02,15.150000,14.590000,14.610000,12.722170
2008-09-03,14.845000,14.470000,14.770000,12.861497
2008-09-04,14.770000,13.975000,14.040000,12.225823
2008-09-05,14.050000,13.610000,13.875000,12.082143
2008-09-08,14.810000,14.160000,14.475000,12.604612
2008-09-09,14.595000,13.905000,13.935000,12.134388
2008-09-10,14.180000,13.805000,13.910000,12.112622
2008-09-11,13.835000,13.345000,13.535000,11.786078
2008-09-12,13.470000,13.140000,13.440000,11.703350
2008-09-15,13.000000,12.150000,12.445000,10.836920
2008-09-16,13.120000,12.125000,12.940000,11.267958
2008-09-17,13.015000,12.200000,12.235000,10.654055
2008-09-18,12.495000,11.505000,12.060000,10.501667
2008-09-19,13.575000,12.500000,13.285000,11.568378
2008-09-22,13.400000,12.535000,12.650000,11.015430
2008-09-23,13.025000,12.350000,12.395000,10.793381
2008-09-24,12.255000,11.580000,12.010000,10.458129
2008-09-25,12.515000,12.010000,12.365000,10.767255
2008-09-26,12.385000,11.855000,12.365000,10.767255
2008-09-29,12.070000,10.425000,10.530000,9.169366
2008-09-30,11.490000,10.340000,11.415000,9.940012
2008-10-01,11.345000,10.825000,11.055000,9.626530
2008-10-02,11.215000,10.260000,10.260000,8.934255
2008-10-03,10.575000,9.545000,9.630000,8.385660
2008-10-06,9.335000,8.425000,9.110000,7.932852
2008-10-07,9.490000,8.425000,8.425000,7.336362
2008-10-08,8.720000,7.735000,8.310000,7.236224
2008-10-09,8.750000,8.025000,8.075000,7.031590
2008-10-10,8.780000,7.815000,8.680000,7.558415
2008-10-13,10.330000,9.125000,10.310000,8.977798
2008-10-14,10.925000,9.920000,9.995000,8.703496
2008-10-15,9.990000,8.925000,8.955000,7.797880
2008-10-16,9.220000,8.225000,9.095000,7.919790
2008-10-17,9.975000,8.055000,9.320000,8.115715
2008-10-20,10.070000,9.565000,10.030000,8.733973
2008-10-21,10.150000,9.560000,9.560000,8.324703
2008-10-22,9.540000,8.660000,8.970000,7.810943
2008-10-23,9.250000,8.210000,8.830000,7.689034
2008-10-24,8.640000,8.050000,8.325000,7.249287
2008-10-27,8.590000,8.010000,8.035000,6.996756
2008-10-28,9.125000,7.920000,9.110000,7.932852
2008-10-29,9.440000,8.830000,8.975000,7.815296
2008-10-30,9.650000,9.050000,9.525000,8.294228
2008-10-31,9.900000,9.265000,9.600000,8.359538
2008-11-03,10.145000,9.560000,9.970000,8.681726
2008-11-04,10.500000,9.925000,10.500000,9.143245
2008-11-05,10.560000,9.835000,10.085000,8.781868
2008-11-06,10.060000,9.185000,9.310000,8.107011
2008-11-07,9.795000,9.445000,9.710000,8.455324
2008-11-10,10.130000,9.285000,9.440000,8.220209
2008-11-11,9.415000,8.850000,9.045000,7.876251
2008-11-12,8.965000,8.310000,8.345000,7.266700
2008-11-13,9.015000,7.880000,9.010000,7.845774
2008-11-14,9.000000,8.410000,8.435000,7.345071
2008-11-17,8.710000,8.145000,8.460000,7.366841
2008-11-18,8.685000,8.090000,8.330000,7.253640
2008-11-19,8.560000,7.830000,7.840000,6.826955
2008-11-20,8.000000,7.315000,7.340000,6.391561
2008-11-21,7.790000,7.190000,7.790000,6.783415
2008-11-24,8.860000,7.905000,8.795000,7.658554
2008-11-25,8.995000,8.600000,8.865000,7.719512
2008-11-26,9.605000,8.565000,9.405000,8.189731
2008-11-28,9.600000,9.240000,9.600000,8.359538
2008-12-01,9.410000,8.765000,8.770000,7.636783
2008-12-02,9.055000,8.600000,9.015000,7.850127
2008-12-03,9.400000,8.690000,9.385000,8.172318
2008-12-04,9.385000,7.745000,7.945000,6.918387
2008-12-05,9.095000,7.695000,8.895000,7.745635
2008-12-08,9.270000,8.855000,9.260000,8.063469
2008-12-09,9.595000,9.010000,9.105000,7.928496
2008-12-10,9.490000,9.140000,9.420000,8.202798
2008-12-11,9.405000,8.935000,8.995000,7.832713
2008-12-12,9.240000,8.640000,9.065000,7.893666
2008-12-15,9.125000,8.520000,8.685000,7.562769
2008-12-16,8.875000,8.275000,8.610000,7.497458
2008-12-17,9.030000,8.425000,8.770000,7.636783
2008-12-18,8.920000,8.475000,8.560000,7.453922
2008-12-19,9.065000,8.560000,9.000000,7.837064
2008-12-22,9.020000,8.495000,8.660000,7.541000
2008-12-23,8.865000,8.570000,8.685000,7.562769
2008-12-24,8.750000,8.560000,8.715000,7.588893
2008-12-26,8.830000,8.570000,8.810000,7.671616
2008-12-29,8.795000,8.460000,8.665000,7.545353
2008-12-30,8.845000,8.580000,8.845000,7.702094
2008-12-31,9.100000,8.745000,9.030000,7.863189
2009-01-02,9.625000,8.890000,9.560000,8.324703
2009-01-05,9.555000,9.335000,9.515000,8.285520
2009-01-06,9.850000,9.505000,9.720000,8.464031
2009-01-07,10.205000,9.065000,9.900000,8.620772
2009-01-08,10.345000,9.830000,10.320000,8.986504
2009-01-09,10.455000,9.895000,10.040000,8.742682
2009-01-12,10.215000,9.735000,9.855000,8.581582
2009-01-13,10.825000,9.880000,10.540000,9.178073
2009-01-14,10.325000,9.705000,9.845000,8.572878
2009-01-15,10.235000,9.495000,10.055000,8.755743
2009-01-16,10.415000,9.835000,10.180000,8.864591
2009-01-20,10.295000,9.545000,9.550000,8.315995
2009-01-21,9.845000,9.350000,9.680000,8.429202
2009-01-22,9.465000,9.175000,9.230000,8.037346
2009-01-23,9.695000,9.125000,9.470000,8.246334
2009-01-26,9.985000,9.450000,9.710000,8.455324
2009-01-27,9.895000,9.430000,9.530000,8.298581
2009-01-28,10.310000,9.720000,10.145000,8.834114
2009-01-29,10.055000,9.695000,9.775000,8.511925
2009-01-30,9.930000,9.315000,9.365000,8.154902
2009-02-02,9.550000,9.200000,9.350000,8.141840
2009-02-03,9.800000,9.195000,9.775000,8.511925
2009-02-04,10.000000,9.580000,9.630000,8.385660
2009-02-05,9.920000,9.325000,9.830000,8.559817
2009-02-06,10.125000,9.730000,10.085000,8.781868
2009-02-09,10.300000,9.990000,10.175000,8.860236
2009-02-10,10.195000,9.655000,9.655000,8.407427
2009-02-11,9.995000,9.680000,9.915000,8.633833
2009-02-12,10.510000,9.540000,10.380000,9.038747
2009-02-13,10.975000,10.460000,10.585000,9.217262
2009-02-17,10.160000,8.910000,9.875000,8.599001
2009-02-18,10.085000,9.725000,9.965000,8.677374
2009-02-19,10.215000,9.800000,9.850000,8.577230
2009-02-20,9.955000,9.605000,9.700000,8.446615
2009-02-23,9.995000,9.270000,9.300000,8.098303
2009-02-24,9.540000,9.200000,9.505000,8.276813
2009-02-25,9.700000,9.235000,9.500000,8.272453
2009-02-26,9.640000,9.200000,9.270000,8.072179
2009-02-27,9.455000,9.115000,9.200000,8.011224
2009-03-02,9.160000,8.630000,8.690000,7.567124
2009-03-03,9.060000,8.630000,8.990000,7.828359
2009-03-04,9.600000,9.005000,9.430000,8.211502
2009-03-05,9.385000,9.190000,9.215000,8.024285
2009-03-06,9.390000,8.910000,9.145000,7.963331
2009-03-09,9.310000,8.750000,9.030000,7.863189
2009-03-10,9.605000,9.030000,9.555000,8.320353
2009-03-11,9.995000,9.585000,9.825000,8.555463
2009-03-12,10.470000,9.765000,10.400000,9.056163
2009-03-13,10.600000,10.260000,10.485000,9.130178
2009-03-16,10.725000,10.385000,10.395000,9.051812
2009-03-17,10.890000,10.370000,10.885000,9.478494
2009-03-18,11.090000,10.600000,10.910000,9.500264
2009-03-19,11.070000,10.750000,10.795000,9.400125
2009-03-20,10.950000,10.205000,10.265000,8.938608
2009-03-23,10.770000,10.380000,10.750000,9.360935
2009-03-24,10.695000,10.145000,10.180000,8.864591
2009-03-25,10.505000,10.125000,10.385000,9.043100
2009-03-26,10.910000,10.340000,10.895000,9.487200
2009-03-27,10.330000,9.985000,10.060000,8.760099
2009-03-30,10.130000,9.710000,10.040000,8.742682
2009-03-31,10.635000,10.090000,10.395000,9.051812
2009-04-01,10.655000,10.175000,10.625000,9.252090
2009-04-02,11.395000,10.750000,11.085000,9.652655
2009-04-03,11.440000,10.965000,11.380000,9.909533
2009-04-06,11.590000,11.105000,11.550000,10.057569
2009-04-07,11.465000,11.010000,11.145000,9.704898
2009-04-08,11.360000,11.020000,11.325000,9.861642
2009-04-09,11.910000,11.285000,11.810000,10.283967
2009-04-13,11.875000,11.545000,11.760000,10.240433
2009-04-14,11.750000,11.370000,11.550000,10.057569
2009-04-15,11.310000,10.995000,11.240000,9.787622
2009-04-16,11.800000,11.370000,11.685000,10.175123
2009-04-17,11.770000,11.500000,11.690000,10.179475
2009-04-20,11.695000,11.190000,11.265000,9.809391
2009-04-21,11.485000,11.105000,11.325000,9.861642
2009-04-22,11.750000,11.050000,11.475000,9.992260
2009-04-23,11.600000,11.155000,11.355000,9.887764
2009-04-24,11.580000,11.210000,11.505000,10.018381
2009-04-27,11.605000,11.260000,11.490000,10.005322
2009-04-28,11.775000,11.260000,11.690000,10.179475
2009-04-29,12.355000,11.730000,12.215000,10.636639
2009-04-30,12.570000,12.260000,12.395000,10.793381
2009-05-01,12.555000,12.130000,12.485000,10.871752
2009-05-04,13.035000,12.585000,12.950000,11.276663
2009-05-05,13.755000,13.065000,13.460000,11.720767
2009-05-06,13.690000,12.905000,13.145000,11.446468
2009-05-07,13.275000,12.500000,12.650000,11.015430
2009-05-08,12.945000,12.480000,12.595000,10.967539
2009-05-11,12.920000,12.300000,12.750000,11.102509
2009-05-12,12.960000,12.535000,12.775000,11.124277
2009-05-13,12.975000,12.245000,12.305000,10.715009
2009-05-14,12.540000,12.250000,12.475000,10.863041
2009-05-15,13.000000,12.400000,12.880000,11.215710
2009-05-18,13.715000,13.035000,13.195000,11.490006
2009-05-19,12.960000,12.640000,12.820000,11.163465
2009-05-20,13.145000,12.695000,12.745000,11.098155
2009-05-21,12.745000,12.300000,12.450000,10.841274
2009-05-22,12.770000,12.375000,12.405000,10.802086
2009-05-26,12.970000,12.030000,12.880000,11.215710
2009-05-27,13.330000,12.810000,12.890000,11.224421
2009-05-28,13.130000,12.560000,12.730000,11.085092
2009-05-29,12.985000,12.555000,12.595000,10.967539
2009-06-01,13.440000,12.795000,13.290000,11.572732
2009-06-02,13.425000,13.220000,13.335000,11.611917
2009-06-03,13.295000,12.825000,12.965000,11.289728
2009-06-04,13.435000,12.970000,13.405000,11.672874
2009-06-05,13.680000,13.280000,13.615000,11.855737
2009-06-08,13.640000,13.270000,13.545000,11.794785
2009-06-09,13.950000,13.510000,13.740000,11.964587
2009-06-10,13.830000,13.120000,13.285000,11.568378
2009-06-11,13.540000,13.215000,13.295000,11.577085
2009-06-12,13.435000,13.130000,13.395000,11.664165
2009-06-15,13.360000,12.765000,12.905000,11.237480
2009-06-16,13.150000,12.735000,12.755000,11.106863
2009-06-17,12.995000,12.685000,12.865000,11.202652
2009-06-18,13.045000,12.690000,12.810000,11.154757
2009-06-19,13.135000,12.725000,12.870000,11.207003
2009-06-22,12.755000,12.415000,12.450000,10.841274
2009-06-23,12.560000,12.220000,12.450000,10.841274
2009-06-24,12.905000,12.455000,12.805000,11.150405
2009-06-25,13.165000,12.695000,13.135000,11.437761
2009-06-26,13.440000,12.945000,13.310000,11.590149
2009-06-29,13.675000,13.345000,13.600000,11.842677
2009-06-30,13.635000,13.170000,13.350000,11.624981
2009-07-01,13.775000,13.500000,13.605000,11.847031
2009-07-02,13.535000,13.275000,13.305000,11.585792
2009-07-06,13.225000,13.005000,13.210000,11.503072
2009-07-07,13.250000,12.865000,12.875000,11.211354
2009-07-08,13.165000,12.555000,12.780000,11.128633
2009-07-09,12.850000,12.505000,12.735000,11.089443
2009-07-10,13.450000,12.735000,13.205000,11.498714
2009-07-13,13.505000,12.945000,13.490000,11.746891
2009-07-14,13.675000,13.430000,13.590000,11.833968
2009-07-15,14.080000,13.655000,13.975000,12.169223
2009-07-16,14.225000,13.800000,14.180000,12.347732
2009-07-17,14.755000,14.140000,14.510000,12.635090
2009-07-20,15.000000,14.605000,14.785000,12.874555
2009-07-21,14.955000,14.350000,14.600000,12.713463
2009-07-22,14.715000,14.375000,14.630000,12.739584
2009-07-23,15.105000,14.630000,15.045000,13.100960
2009-07-24,15.260000,14.865000,15.180000,13.218515
2009-07-27,15.410000,15.105000,15.365000,13.379613
2009-07-28,15.365000,15.040000,15.125000,13.170624
2009-07-29,15.215000,14.820000,15.060000,13.114020
2009-07-30,15.330000,15.055000,15.100000,13.148852
2009-07-31,15.220000,14.745000,14.795000,12.883265
2009-08-03,15.365000,14.880000,15.230000,13.262055
2009-08-04,16.885000,16.370001,16.799999,14.629190
2009-08-05,17.400000,16.700001,17.295000,15.060225
2009-08-06,17.360001,16.780001,17.025000,14.825116
2009-08-07,17.275000,16.995001,17.070000,14.864303
2009-08-10,17.344999,16.844999,17.004999,14.807700
2009-08-11,17.065001,16.799999,16.889999,14.707556
2009-08-12,17.500000,16.825001,17.405001,15.156013
2009-08-13,17.475000,17.115000,17.295000,15.060225
2009-08-14,17.320000,16.934999,17.215000,14.990564
2009-08-17,16.945000,16.635000,16.745001,14.581296
2009-08-18,17.000000,16.705000,16.950001,14.759806
2009-08-19,17.200001,16.559999,17.100000,14.890420
2009-08-20,17.209999,16.840000,16.945000,14.755456
2009-08-21,17.260000,17.010000,17.230000,15.003626
2009-08-24,17.530001,17.245001,17.385000,15.138597
2009-08-25,17.770000,17.330000,17.750000,15.456435
2009-08-26,17.975000,17.424999,17.500000,15.238736
2009-08-27,17.725000,17.180000,17.719999,15.430310
2009-08-28,17.975000,17.445000,17.635000,15.356288
2009-08-31,17.495001,17.264999,17.434999,15.182137
2009-09-01,17.775000,17.120001,17.280001,15.047165
2009-09-02,17.280001,16.990000,17.195000,14.973145
2009-09-03,17.295000,16.920000,17.295000,15.060225
2009-09-04,17.750000,17.285000,17.695000,15.408539
2009-09-08,18.004999,17.700001,17.985001,15.661069
2009-09-09,18.790001,18.100000,18.730000,16.309805
2009-09-10,18.879999,18.580000,18.795000,16.366400
2009-09-11,18.844999,18.500000,18.565001,16.166121
2009-09-14,18.715000,18.445000,18.575001,16.174837
2009-09-15,18.650000,18.455000,18.555000,16.157413
2009-09-16,19.125000,18.570000,19.090000,16.623285
2009-09-17,19.260000,19.000000,19.155001,16.679882
2009-09-18,19.355000,19.030001,19.245001,16.758261
2009-09-21,19.549999,19.200001,19.400000,16.893230
2009-09-22,19.680000,19.405001,19.660000,17.119635
2009-09-23,19.700001,19.315001,19.330000,16.832272
2009-09-24,19.469999,18.850000,18.959999,16.510080
2009-09-25,19.055000,18.790001,18.905001,16.462191
2009-09-28,19.450001,18.959999,19.325001,16.827923
2009-09-29,19.535000,19.200001,19.395000,16.888878
2009-09-30,19.594999,18.959999,19.330000,16.832272
2009-10-01,19.469999,18.625000,18.629999,16.222725
2009-10-02,18.870001,18.344999,18.764999,16.340277
2009-10-05,19.420000,18.770000,19.370001,16.867111
2009-10-06,19.805000,19.434999,19.500000,16.980310
2009-10-07,19.840000,19.320000,19.805000,17.245897
2009-10-08,19.969999,19.450001,19.500000,16.980310
2009-10-09,19.510000,19.174999,19.370001,16.867111
2009-10-12,19.924999,19.424999,19.629999,17.093513
2009-10-13,19.850000,19.500000,19.750000,17.198002
2009-10-14,19.950001,19.775000,19.834999,17.272018
2009-10-15,20.075001,19.719999,20.075001,17.481012
2009-10-16,20.040001,19.410000,19.700001,17.154461
2009-10-19,20.395000,19.555000,20.195000,17.585501
2009-10-20,20.594999,20.075001,20.580000,17.920759
2009-10-21,20.830000,20.400000,20.455000,17.811909
2009-10-22,20.680000,20.055000,20.434999,17.794489
2009-10-23,20.625000,20.200001,20.260000,17.642103
2009-10-26,20.674999,20.049999,20.090000,17.494070
2009-10-27,20.395000,19.955000,20.040001,17.450527
2009-10-28,20.135000,19.745001,19.754999,17.202362
2009-10-29,20.125000,19.684999,20.100000,17.502777
2009-10-30,20.150000,19.285000,19.325001,16.827923
2009-11-02,19.840000,19.184999,19.400000,16.893230
2009-11-03,21.200001,20.424999,20.985001,18.273424
2009-11-04,21.545000,20.934999,20.934999,18.229883
2009-11-05,21.459999,20.980000,21.389999,18.626091
2009-11-06,21.500000,20.915001,21.500000,18.721870
2009-11-09,22.184999,21.540001,22.100000,19.244356
2009-11-10,22.105000,21.690001,21.965000,19.126795
2009-11-11,22.334999,21.860001,22.090000,19.235641
2009-11-12,22.370001,22.010000,22.075001,19.222580
2009-11-13,22.495001,22.100000,22.415001,19.518646
2009-11-16,22.850000,22.370001,22.775000,19.832129
2009-11-17,22.875000,22.575001,22.855000,19.901785
2009-11-18,22.870001,22.580000,22.780001,19.836479
2009-11-19,22.500000,21.934999,22.084999,19.231287
2009-11-20,22.065001,21.690001,21.840000,19.017944
2009-11-23,22.549999,22.004999,22.305000,19.422859
2009-11-24,22.400000,22.129999,22.325001,19.440277
2009-11-25,22.490000,22.275000,22.469999,19.566538
2009-11-27,21.910000,21.504999,21.745001,18.935217
2009-11-30,22.004999,21.605000,21.965000,19.126795
2009-12-01,22.719999,21.965000,22.570000,19.653614
2009-12-02,22.850000,22.584999,22.750000,19.810364
2009-12-03,22.915001,22.080000,22.110001,19.253059
2009-12-04,22.834999,22.030001,22.209999,19.340137
2009-12-07,22.434999,21.924999,22.135000,19.274822
2009-12-08,22.150000,21.709999,22.080000,19.226934
2009-12-09,22.125000,21.780001,22.045000,19.196453
2009-12-10,22.235001,22.000000,22.160000,19.296595
2009-12-11,22.245001,21.760000,21.820000,19.000528
2009-12-14,22.055000,21.700001,21.940001,19.105026
2009-12-15,21.965000,21.545000,21.559999,18.774126
2009-12-16,22.135000,21.555000,21.975000,19.135504
2009-12-17,21.934999,21.674999,21.834999,19.013592
2009-12-18,22.235001,21.690001,22.225000,19.353197
2009-12-21,22.670000,22.275000,22.615000,19.692804
2009-12-22,22.975000,22.600000,22.889999,19.932264
2009-12-23,23.174999,22.900000,23.125000,20.136904
2009-12-24,23.200001,23.010000,23.115000,20.128195
2009-12-28,23.305000,23.035000,23.110001,20.123848
2009-12-29,23.115000,22.730000,22.785000,19.840832
2009-12-30,22.865000,22.549999,22.740000,19.801659
2009-12-31,22.945000,22.650000,22.665001,19.736338
2010-01-04,23.400000,22.820000,23.400000,20.376371
2010-01-05,23.825001,23.135000,23.665001,20.607132
2010-01-06,23.875000,23.530001,23.665001,20.607132
2010-01-07,23.740000,22.709999,22.770000,19.827776
2010-01-08,23.440001,22.535000,23.430000,20.402494
2010-01-11,23.590000,22.895000,23.240000,20.237043
2010-01-12,24.245001,23.430000,23.600000,20.550528
2010-01-13,24.475000,23.670000,24.389999,21.238447
2010-01-14,24.385000,23.934999,24.055000,20.946733
2010-01-15,24.275000,23.785000,23.959999,20.864006
2010-01-19,24.170000,23.830000,24.155001,21.033810
2010-01-20,24.065001,23.395000,23.580000,20.533110
2010-01-21,23.799999,23.240000,23.400000,20.376371
2010-01-22,23.545000,22.459999,22.584999,19.666683
2010-01-25,22.820000,22.405001,22.639999,19.714575
2010-01-26,23.070000,22.254999,22.785000,19.840832
2010-01-27,23.090000,22.480000,23.045000,20.067240
2010-01-28,23.030001,22.055000,22.280001,19.401094
2010-01-29,22.795000,21.790001,21.830000,19.009237
2010-02-01,22.344999,21.834999,22.344999,19.457682
2010-02-02,22.635000,22.040001,22.584999,19.666683
2010-02-03,22.650000,22.264999,22.584999,19.666683
2010-02-04,22.415001,21.559999,21.559999,18.774126
2010-02-05,21.850000,21.040001,21.830000,19.009237
2010-02-08,22.150000,21.645000,21.870001,19.044067
2010-02-09,23.330000,22.445000,23.245001,20.241404
2010-02-10,23.320000,23.030001,23.170000,20.176092
2010-02-11,23.620001,22.895000,23.580000,20.533110
2010-02-12,23.670000,23.045000,23.580000,20.533110
2010-02-16,24.170000,23.405001,23.715000,20.650669
2010-02-17,23.809999,23.495001,23.594999,20.546171
2010-02-18,23.715000,23.504999,23.650000,20.594065
2010-02-19,23.875000,23.520000,23.754999,20.685495
2010-02-22,23.889999,23.469999,23.665001,20.607132
2010-02-23,23.740000,23.475000,23.610001,20.559235
2010-02-24,24.139999,23.709999,24.084999,20.972851
2010-02-25,24.084999,23.504999,24.080000,20.968508
2010-02-26,24.115000,23.870001,24.065001,20.955444
2010-03-01,25.250000,24.080000,25.240000,21.978611
2010-03-02,25.655001,25.280001,25.504999,22.209373
2010-03-03,25.584999,24.840000,24.920000,21.699955
2010-03-04,25.080000,24.545000,24.815001,21.608530
2010-03-05,25.389999,24.875000,25.334999,22.061331
2010-03-08,25.440001,24.980000,25.010000,21.778328
2010-03-09,25.320000,24.915001,25.145000,21.895893
2010-03-10,25.440001,25.020000,25.405001,22.122299
2010-03-11,25.530001,25.209999,25.504999,22.209373
2010-03-12,25.549999,25.340000,25.400000,22.117941
2010-03-15,25.459999,25.170000,25.424999,22.139704
2010-03-16,25.635000,25.400000,25.629999,22.318224
2010-03-17,26.010000,25.674999,25.809999,22.474960
2010-03-18,25.959999,25.709999,25.915001,22.566393
2010-03-19,26.110001,25.490000,25.625000,22.313864
2010-03-22,26.010000,25.500000,25.934999,22.583809
2010-03-23,26.315001,25.830000,26.260000,22.866817
2010-03-24,26.340000,25.945000,25.959999,22.605576
2010-03-25,26.160000,25.700001,25.730000,22.405304
2010-03-26,25.875000,25.410000,25.545000,22.244198
2010-03-29,25.695000,25.434999,25.570000,22.265974
2010-03-30,25.825001,25.510000,25.730000,22.405304
2010-03-31,25.715000,25.445000,25.490000,22.196310
2010-04-01,25.645000,25.125000,25.405001,22.122299
2010-04-05,26.115000,25.459999,25.990000,22.631697
2010-04-06,26.305000,25.770000,26.125000,22.749262
2010-04-07,26.049999,25.465000,25.555000,22.252913
2010-04-08,25.605000,25.094999,25.445000,22.157124
2010-04-09,25.860001,25.405001,25.860001,22.518499
2010-04-12,26.090000,25.750000,25.980000,22.622988
2010-04-13,27.174999,26.110001,26.834999,23.367516
2010-04-14,27.115000,26.860001,26.965000,23.480717
2010-04-15,26.895000,26.629999,26.830000,23.363167
2010-04-16,26.895000,26.350000,26.385000,22.975664
2010-04-19,26.105000,25.535000,26.025000,22.662176
2010-04-20,26.545000,26.075001,26.510000,23.084513
2010-04-21,26.434999,26.160000,26.385000,22.975664
2010-04-22,26.889999,25.969999,26.844999,23.376223
2010-04-23,26.995001,26.450001,26.665001,23.219481
2010-04-26,26.865000,26.535000,26.600000,23.162880
2010-04-27,26.584999,25.695000,25.745001,22.418356
2010-04-28,25.865000,25.235001,25.490000,22.196310
2010-04-29,26.219999,25.584999,26.025000,22.662176
2010-04-30,26.270000,25.555000,25.555000,22.252913
2010-05-03,26.070000,25.510000,26.010000,22.649117
2010-05-04,26.650000,25.375000,25.900000,22.553326
2010-05-05,25.745001,23.865000,25.495001,22.200666
2010-05-06,25.565001,22.975000,24.375000,21.225384
2010-05-07,24.514999,23.250000,23.760000,20.689854
2010-05-10,25.900000,24.155001,25.900000,22.553326
2010-05-11,26.115000,25.125000,25.709999,22.387882
2010-05-12,26.250000,25.650000,26.245001,22.853756
2010-05-13,26.445000,25.844999,25.879999,22.535915
2010-05-14,25.740000,24.469999,24.945000,21.721735
2010-05-17,25.155001,24.080000,24.715000,21.521450
2010-05-18,25.180000,24.375000,24.469999,21.308109
2010-05-19,24.674999,23.875000,24.264999,21.129597
2010-05-20,24.004999,23.240000,23.490000,20.454739
2010-05-21,24.754999,22.924999,24.745001,21.547571
2010-05-24,24.690001,24.235001,24.309999,21.168785
2010-05-25,24.530001,23.405001,24.525000,21.356005
2010-05-26,25.250000,24.344999,24.445000,21.286341
2010-05-27,25.379999,24.834999,25.379999,22.100523
2010-05-28,25.395000,24.809999,25.020000,21.787043
2010-06-01,25.215000,24.395000,24.570000,21.395189
2010-06-02,25.495001,24.320000,25.495001,22.200666
2010-06-03,26.184999,25.450001,26.120001,22.744904
2010-06-04,26.014999,25.049999,25.120001,21.874126
2010-06-07,25.375000,24.754999,24.809999,21.604172
2010-06-08,24.905001,24.264999,24.889999,21.673840
2010-06-09,25.465000,24.805000,24.910000,21.691254
2010-06-10,25.754999,25.174999,25.719999,22.396593
2010-06-11,25.940001,25.290001,25.895000,22.548973
2010-06-14,26.695000,26.035000,26.065001,22.697010
2010-06-15,26.915001,26.090000,26.885000,23.411055
2010-06-16,27.100000,26.580000,26.995001,23.506842
2010-06-17,27.125000,26.610001,26.840000,23.371864
2010-06-18,27.280001,26.680000,26.785000,23.323975
2010-06-21,27.405001,26.500000,26.670000,23.223833
2010-06-22,26.865000,26.090000,26.190001,22.805861
2010-06-23,26.389999,25.885000,26.100000,22.727484
2010-06-24,26.150000,25.715000,25.850000,22.509789
2010-06-25,26.825001,25.875000,26.290001,22.892937
2010-06-28,26.670000,26.174999,26.434999,23.019205
2010-06-29,26.035000,25.014999,25.275000,22.009090
2010-06-30,25.655001,24.915001,25.030001,21.795750
2010-07-01,25.285000,24.629999,25.165001,21.913305
2010-07-02,25.450001,24.549999,24.690001,21.499681
2010-07-06,25.174999,24.490000,24.785000,21.582407
2010-07-07,25.895000,24.775000,25.850000,22.509789
2010-07-08,26.680000,26.049999,26.370001,22.962605
2010-07-09,26.754999,26.285000,26.730000,23.276081
2010-07-12,26.969999,26.469999,26.620001,23.180298
2010-07-13,27.344999,26.219999,26.915001,23.437180
2010-07-14,27.110001,26.750000,26.895000,23.419764
2010-07-15,27.125000,26.625000,27.080000,23.580858
2010-07-16,27.200001,26.240000,26.315001,22.914705
2010-07-19,27.000000,26.385000,26.924999,23.445887
2010-07-20,27.245001,26.250000,27.230000,23.711473
2010-07-21,27.385000,26.424999,26.535000,23.106283
2010-07-22,27.145000,26.635000,27.049999,23.554735
2010-07-23,27.690001,26.785000,27.670000,24.094624
2010-07-26,27.834999,27.424999,27.655001,24.081560
2010-07-27,28.040001,27.205000,27.365000,23.829031
2010-07-28,27.480000,27.049999,27.165001,23.654873
2010-07-29,27.620001,26.580000,26.969999,23.485071
2010-07-30,27.469999,26.580000,27.280001,23.755009
2010-08-02,27.955000,27.344999,27.709999,24.129456
2010-08-03,31.969999,29.924999,30.309999,26.393490
2010-08-04,30.875000,30.235001,30.785000,26.807116
2010-08-05,30.635000,30.160000,30.500000,26.558939
2010-08-06,30.500000,29.770000,30.465000,26.528463
2010-08-09,30.745001,30.299999,30.635000,26.676497
2010-08-10,30.750000,30.065001,30.590000,26.637323
2010-08-11,30.000000,29.405001,29.645000,25.814419
2010-08-12,29.610001,28.799999,29.469999,25.662029
2010-08-13,29.440001,29.059999,29.139999,25.374680
2010-08-16,29.379999,28.775000,29.245001,25.466099
2010-08-17,30.165001,29.315001,29.930000,26.062597
2010-08-18,30.375000,29.735001,29.990000,26.114841
2010-08-19,30.025000,29.389999,29.535000,25.718639
2010-08-20,29.855000,29.270000,29.805000,25.953745
2010-08-23,30.115000,29.459999,29.530001,25.714277
2010-08-24,29.285000,28.844999,29.105000,25.344200
2010-08-25,29.215000,28.635000,29.090000,25.331135
2010-08-26,29.240000,28.725000,28.760000,25.043776
2010-08-27,29.334999,28.275000,29.295000,25.509645
2010-08-30,29.400000,28.750000,28.750000,25.035074
2010-08-31,29.000000,28.290001,28.805000,25.082966
2010-09-01,30.049999,29.285000,29.879999,26.019053
2010-09-02,30.475000,29.705000,30.459999,26.524111
2010-09-03,31.200001,30.590000,31.184999,27.155434
2010-09-07,31.330000,31.014999,31.115000,27.094477
2010-09-08,31.940001,31.105000,31.629999,27.542927
2010-09-09,31.985001,30.635000,30.870001,26.881134
2010-09-10,31.299999,30.860001,31.280001,27.238157
2010-09-13,32.215000,31.600000,31.945000,27.817230
2010-09-14,32.250000,31.840000,32.110001,27.960905
2010-09-15,31.995001,30.985001,31.709999,27.612597
2010-09-16,31.780001,31.475000,31.764999,27.660488
2010-09-17,32.075001,31.764999,32.055000,27.913015
2010-09-20,32.314999,31.549999,32.095001,27.947845
2010-09-21,32.125000,31.469999,31.745001,27.643072
2010-09-22,31.870001,31.020000,31.215000,27.181555
2010-09-23,31.785000,31.000000,31.565001,27.486332
2010-09-24,32.275002,31.920000,32.110001,27.960905
2010-09-27,32.139999,31.809999,31.920000,27.795456
2010-09-28,32.674999,31.730000,32.584999,28.374527
2010-09-29,32.680000,32.165001,32.380001,28.196018
2010-09-30,32.875000,31.965000,32.235001,28.069752
2010-10-01,33.535000,32.549999,32.900002,28.648825
2010-10-04,32.970001,32.020000,32.325001,28.148130
2010-10-05,33.084999,32.549999,32.970001,28.709785
2010-10-06,32.959999,32.125000,32.345001,28.165541
2010-10-07,32.485001,31.930000,32.150002,27.995741
2010-10-08,32.305000,31.735001,32.099998,27.952204
2010-10-11,32.875000,31.730000,31.809999,27.699669
2010-10-12,32.470001,31.334999,32.415001,28.226494
2010-10-13,33.049999,32.570000,32.700001,28.474674
2010-10-14,32.799999,32.415001,32.494999,28.296164
2010-10-15,33.389999,32.665001,33.275002,28.975376
2010-10-18,33.375000,33.035000,33.244999,28.949244
2010-10-19,32.980000,32.250000,32.514999,28.313578
2010-10-20,33.209999,32.599998,33.064999,28.792505
2010-10-21,34.145000,33.205002,33.540001,29.206135
2010-10-22,34.125000,33.380001,33.980000,29.589277
2010-10-25,34.435001,33.570000,33.630001,29.284500
2010-10-26,33.904999,33.154999,33.450001,29.127758
2010-10-27,33.395000,32.764999,33.005001,28.740257
2010-10-28,33.689999,32.775002,33.590000,29.249672
2010-10-29,33.514999,32.590000,32.595001,28.383240
2010-11-01,33.450001,30.934999,32.520000,28.317926
2010-11-02,33.044998,32.310001,32.775002,28.539980
2010-11-03,32.904999,31.850000,32.130001,27.978325
2010-11-04,32.480000,31.975000,32.139999,27.987022
2010-11-05,32.250000,31.555000,31.680000,27.586473
2010-11-08,31.610001,31.299999,31.495001,27.425377
2010-11-09,32.299999,31.500000,31.725000,27.625652
2010-11-10,32.025002,31.370001,31.790001,27.682261
2010-11-11,31.985001,31.219999,31.895000,27.773689
2010-11-12,31.834999,31.049999,31.615000,27.529869
2010-11-15,32.025002,31.590000,31.709999,27.612597
2010-11-16,31.530001,30.629999,30.875000,26.885490
2010-11-17,31.450001,30.754999,31.389999,27.333942
2010-11-18,32.685001,31.740000,32.334999,28.156834
2010-11-19,32.755001,32.180000,32.619999,28.405005
2010-11-22,33.025002,32.250000,32.990002,28.727201
2010-11-23,32.764999,32.264999,32.674999,28.452902
2010-11-24,33.075001,32.724998,33.060001,28.788153
2010-11-26,33.299999,32.695000,33.125000,28.844755
2010-11-29,32.939999,32.345001,32.814999,28.574808
2010-11-30,32.654999,32.334999,32.490002,28.291811
2010-12-01,33.474998,32.825001,33.445000,29.123400
2010-12-02,34.825001,33.400002,34.660000,30.181412
2010-12-03,34.849998,34.375000,34.654999,30.177048
2010-12-06,35.645000,34.785000,34.900002,30.390402
2010-12-07,35.500000,34.500000,34.590000,30.120449
2010-12-08,34.994999,34.625000,34.955002,30.438284
2010-12-09,35.369999,35.025002,35.294998,30.734350
2010-12-10,35.375000,35.000000,35.154999,30.612440
2010-12-13,35.500000,35.005001,35.139999,30.599388
2010-12-14,35.285000,34.724998,34.840000,30.338150
2010-12-15,35.000000,34.480000,34.619999,30.146572
2010-12-16,35.279999,34.520000,35.205002,30.655991
2010-12-17,36.325001,35.375000,36.200001,31.522417
2010-12-20,36.650002,35.915001,36.150002,31.478878
2010-12-21,36.494999,36.115002,36.424999,31.718349
2010-12-22,36.590000,36.340000,36.410000,31.705275
2010-12-23,36.450001,36.220001,36.415001,31.709637
2010-12-27,36.730000,36.055000,36.544998,31.822845
2010-12-28,36.730000,36.430000,36.575001,31.848953
2010-12-29,37.255001,36.509998,37.080002,32.288715
2010-12-30,37.395000,36.880001,36.919998,32.149384
2010-12-31,36.990002,36.599998,36.645000,31.909927
2011-01-03,37.930000,37.060001,37.680000,32.811192
2011-01-04,37.810001,36.790001,37.080002,32.288715
2011-01-05,38.099998,36.935001,38.095001,33.172558
2011-01-06,38.180000,37.549999,37.755001,32.876495
2011-01-07,37.759998,37.180000,37.544998,32.693611
2011-01-10,37.830002,37.310001,37.669998,32.802464
2011-01-11,37.849998,37.540001,37.755001,32.876495
2011-01-12,38.150002,37.500000,37.619999,32.758923
2011-01-13,37.674999,36.770000,37.294998,32.475922
2011-01-14,37.564999,37.174999,37.505001,32.658794
2011-01-18,38.224998,37.639999,37.755001,32.876495
2011-01-19,37.750000,36.889999,37.275002,32.458511
2011-01-20,37.340000,36.625000,36.805000,32.049244
2011-01-21,37.270000,36.439999,36.525002,31.805420
2011-01-24,37.290001,36.564999,37.134998,32.336597
2011-01-25,36.895000,36.285000,36.674999,31.936037
2011-01-26,36.834999,36.430000,36.610001,31.879442
2011-01-27,36.735001,36.500000,36.584999,31.857662
2011-01-28,36.724998,35.325001,35.814999,31.187160
2011-01-31,36.820000,35.865002,36.474998,31.761883
2011-02-01,37.750000,36.654999,37.674999,32.806831
2011-02-02,38.080002,37.494999,38.080002,33.159489
2011-02-03,38.244999,37.375000,37.439999,32.602184
2011-02-04,37.799999,37.005001,37.709999,32.837299
2011-02-07,38.220001,36.814999,37.360001,32.532516
2011-02-08,38.540001,36.974998,38.365002,33.407669
2011-02-09,38.209999,37.009998,37.110001,32.314827
2011-02-10,37.689999,36.799999,37.674999,32.806831
2011-02-11,37.770000,37.169998,37.750000,32.872135
2011-02-14,38.200001,37.660000,38.189999,33.255268
2011-02-15,38.439999,37.945000,38.250000,33.307518
2011-02-16,38.439999,38.014999,38.320000,33.368481
2011-02-17,38.630001,37.985001,38.439999,33.472984
2011-02-18,38.869999,38.195000,38.865002,33.843075
2011-02-22,38.520000,37.730000,37.775002,32.893894
2011-02-23,37.615002,36.625000,36.955002,32.179863
2011-02-24,37.544998,36.860001,37.465000,32.623962
2011-02-25,38.299999,37.500000,38.255001,33.311882
2011-02-28,38.555000,37.825001,38.435001,33.468624
2011-03-01,38.625000,37.195000,37.244999,32.432392
2011-03-02,37.785000,36.990002,37.285000,32.467213
2011-03-03,38.599998,37.450001,38.419998,33.455563
2011-03-04,38.490002,37.685001,38.160000,33.229145
2011-03-07,38.404999,37.685001,37.955002,33.050640
2011-03-08,38.980000,37.830002,38.895000,33.869175
2011-03-09,39.345001,38.625000,39.205002,34.139130
2011-03-10,38.880001,38.005001,38.055000,33.137722
2011-03-11,38.345001,37.450001,38.185001,33.250923
2011-03-14,38.150002,37.395000,37.685001,32.815536
2011-03-15,37.240002,35.264999,37.000000,32.219059
2011-03-16,37.110001,36.189999,36.465000,31.753180
2011-03-17,37.435001,36.599998,37.349998,32.523827
2011-03-18,37.820000,36.865002,37.095001,32.301765
2011-03-21,37.904999,37.389999,37.805000,32.920025
2011-03-22,38.720001,37.724998,38.435001,33.468624
2011-03-23,38.584999,37.750000,38.435001,33.468624
2011-03-24,39.904999,38.590000,39.895000,34.739979
2011-03-25,40.584999,40.014999,40.014999,34.844475
2011-03-28,40.224998,39.755001,39.785000,34.644173
2011-03-29,40.465000,39.575001,40.465000,35.236309
2011-03-30,40.889999,40.564999,40.825001,35.549793
2011-03-31,40.924999,40.610001,40.700001,35.440945
2011-04-01,41.430000,40.650002,41.205002,35.880692
2011-04-04,41.380001,40.930000,41.174999,35.854576
2011-04-05,41.294998,40.880001,41.005001,35.706543
2011-04-06,41.360001,40.305000,40.695000,35.436604
2011-04-07,40.904999,40.209999,40.404999,35.184063
2011-04-08,40.580002,39.790001,40.130001,34.944603
2011-04-11,40.564999,40.020000,40.250000,35.049095
2011-04-12,40.290001,39.724998,39.959999,34.796570
2011-04-13,40.380001,39.845001,40.125000,34.940250
2011-04-14,40.514999,39.660000,40.389999,35.171001
2011-04-15,39.755001,39.009998,39.360001,34.274105
2011-04-18,39.009998,38.384998,38.985001,33.947559
2011-04-19,39.654999,38.930000,39.639999,34.517925
2011-04-20,41.029999,40.230000,41.020000,35.719597
2011-04-21,41.465000,40.955002,41.235001,35.906818
2011-04-25,41.450001,40.564999,40.915001,35.628166
2011-04-26,41.150002,40.674999,40.974998,35.680412
2011-04-27,41.070000,40.470001,40.895000,35.610748
2011-04-28,41.275002,40.520000,40.720001,35.458363
2011-04-29,41.615002,40.450001,41.450001,36.094048
2011-05-02,41.740002,41.025002,41.105000,35.793633
2011-05-03,39.130001,36.785000,38.759998,33.751625
2011-05-04,39.244999,38.150002,38.634998,33.642769
2011-05-05,39.020000,38.099998,38.259998,33.316238
2011-05-06,39.145000,38.154999,38.384998,33.425079
2011-05-09,39.000000,38.325001,38.709999,33.708076
2011-05-10,39.264999,38.650002,39.230000,34.160896
2011-05-11,39.375000,37.970001,38.375000,33.416367
2011-05-12,39.020000,38.060001,39.005001,33.964970
2011-05-13,38.939999,38.235001,38.235001,33.294456
2011-05-16,38.110001,36.799999,36.875000,32.110199
2011-05-17,36.950001,36.195000,36.860001,32.097141
2011-05-18,36.900002,36.200001,36.685001,31.944752
2011-05-19,36.974998,36.514999,36.845001,32.084072
2011-05-20,37.330002,36.700001,37.025002,32.240822
2011-05-23,36.435001,35.845001,36.095001,31.430988
2011-05-24,36.445000,36.084999,36.340000,31.644325
2011-05-25,37.049999,36.035000,36.875000,32.110199
2011-05-26,37.814999,37.014999,37.625000,32.763287
2011-05-27,37.805000,37.250000,37.384998,32.554302
2011-05-31,38.180000,37.625000,38.020000,33.107250
2011-06-01,38.180000,37.185001,37.205002,32.397560
2011-06-02,37.810001,37.189999,37.680000,32.811192
2011-06-03,37.490002,36.900002,36.904999,32.136314
2011-06-06,37.419998,36.779999,37.105000,32.310471
2011-06-07,37.514999,37.090000,37.119999,32.323540
2011-06-08,37.029999,36.334999,36.415001,31.709637
2011-06-09,37.044998,36.400002,36.794998,32.040539
2011-06-10,36.750000,36.325001,36.500000,31.783649
2011-06-13,36.730000,35.345001,35.355000,30.786608
2011-06-14,35.720001,34.369999,35.270000,30.712576
2011-06-15,35.020000,33.779999,33.799999,29.432533
2011-06-16,34.055000,32.200001,32.770000,28.535631
2011-06-17,34.474998,33.174999,33.825001,29.454309
2011-06-20,34.005001,33.325001,33.955002,29.567507
2011-06-21,36.060001,34.029999,36.029999,31.374386
2011-06-22,36.419998,35.584999,35.830002,31.200224
2011-06-23,36.119999,35.064999,36.049999,31.391787
2011-06-24,37.395000,35.465000,35.570000,30.973814
2011-06-27,36.130001,35.294998,35.939999,31.296009
2011-06-28,36.700001,35.980000,36.424999,31.718349
2011-06-29,36.924999,36.270000,36.540001,31.818485
2011-06-30,37.064999,36.564999,36.669998,31.931696
2011-07-01,37.430000,36.560001,37.400002,32.567360
2011-07-05,37.855000,37.169998,37.834999,32.946156
2011-07-06,38.055000,37.770000,38.000000,33.089813
2011-07-07,38.855000,38.330002,38.810001,33.795181
2011-07-08,38.805000,37.764999,38.189999,33.255268
2011-07-11,38.105000,37.180000,37.380001,32.549950
2011-07-12,37.040001,36.345001,36.770000,32.018772
2011-07-13,37.599998,36.830002,37.009998,32.227753
2011-07-14,37.785000,36.404999,36.490002,31.774948
2011-07-15,37.080002,36.555000,37.029999,32.245178
2011-07-18,36.855000,35.990002,36.180000,31.505005
2011-07-19,37.310001,36.599998,37.230000,32.419323
2011-07-20,37.185001,36.480000,36.520000,31.801071
2011-07-21,37.174999,36.415001,36.724998,31.979576
2011-07-22,37.080002,36.610001,36.884998,32.118904
2011-07-25,37.264999,36.505001,37.160000,32.358372
2011-07-26,37.185001,36.544998,36.860001,32.097141
2011-07-27,36.590000,34.610001,34.939999,30.425226
2011-07-28,35.380001,34.750000,34.884998,30.377333
2011-07-29,35.049999,34.189999,34.935001,30.420868
2011-08-01,35.825001,34.735001,35.349998,30.782244
2011-08-02,37.244999,35.145000,35.185001,30.638565
2011-08-03,36.535000,35.384998,36.355000,31.657387
2011-08-04,35.945000,34.369999,34.395000,29.950642
2011-08-05,35.049999,32.950001,33.970001,29.580574
2011-08-08,33.485001,30.775000,30.790001,26.811464
2011-08-09,32.435001,29.850000,32.430000,28.239550
2011-08-10,31.995001,30.280001,30.415001,26.484930
2011-08-11,31.820000,30.535000,31.495001,27.425377
2011-08-12,32.465000,31.049999,32.299999,28.126360
2011-08-15,32.455002,31.340000,31.965000,27.834648
2011-08-16,31.690001,30.809999,31.365000,27.312174
2011-08-17,31.639999,30.809999,31.155001,27.129307
2011-08-18,30.180000,26.965000,27.230000,23.711473
2011-08-19,28.605000,26.770000,27.504999,23.950949
2011-08-22,29.285000,28.000000,28.235001,24.586620
2011-08-23,29.885000,28.190001,29.860001,26.001640
2011-08-24,30.500000,29.400000,30.209999,26.306417
2011-08-25,30.594999,29.230000,29.600000,25.775230
2011-08-26,30.674999,29.055000,30.420000,26.489281
2011-08-29,31.530001,30.610001,31.530001,27.455853
2011-08-30,31.615000,30.875000,31.400000,27.342646
2011-08-31,31.889999,31.424999,31.725000,27.625652
2011-09-01,32.395000,31.424999,31.555000,27.477623
2011-09-02,31.240000,30.450001,30.549999,26.602482
2011-09-06,30.230000,29.075001,30.184999,26.284649
2011-09-07,32.125000,30.555000,32.115002,27.965263
2011-09-08,32.240002,30.635000,31.010000,27.003044
2011-09-09,31.080000,30.180000,30.395000,26.467506
2011-09-12,30.760000,29.815001,30.750000,26.776632
2011-09-13,31.059999,30.490000,30.980000,26.976919
2011-09-14,32.330002,31.125000,31.965000,27.834648
2011-09-15,32.650002,32.084999,32.555000,28.348406
2011-09-16,32.889999,32.185001,32.619999,28.405005
2011-09-19,32.279999,31.705000,32.020000,27.882536
2011-09-20,32.855000,31.920000,32.005001,27.869471
2011-09-21,32.645000,31.405001,31.424999,27.364418
2011-09-22,30.785000,29.915001,30.440001,26.506701
2011-09-23,31.520000,30.000000,31.270000,27.229448
2011-09-26,32.075001,30.790001,32.025002,27.886889
2011-09-27,34.259998,32.505001,33.259998,28.962305
2011-09-28,33.605000,32.424999,32.525002,28.322283
2011-09-29,33.439999,31.934999,32.525002,28.322283
2011-09-30,32.625000,31.334999,31.350000,27.299112
2011-10-03,31.750000,30.420000,30.674999,26.711325
2011-10-04,31.490000,29.975000,31.440001,27.377480
2011-10-05,32.009998,31.084999,31.885000,27.764982
2011-10-06,32.980000,31.405001,32.980000,28.718487
2011-10-07,33.310001,32.485001,32.810001,28.570459
2011-10-10,34.049999,33.235001,33.935001,29.550104
2011-10-11,34.095001,33.240002,33.740002,29.380285
2011-10-12,36.724998,34.785000,35.630001,31.026073
2011-10-13,35.665001,35.040001,35.509998,30.921568
2011-10-14,36.365002,35.755001,36.110001,31.444054
2011-10-17,36.200001,35.314999,35.669998,31.060890
2011-10-18,36.099998,34.825001,35.764999,31.143621
2011-10-19,35.889999,34.994999,35.154999,30.612440
2011-10-20,34.974998,33.884998,34.680000,30.198832
2011-10-21,35.275002,34.770000,35.110001,30.573259
2011-10-24,36.014999,35.110001,35.720001,31.104448
2011-10-25,35.764999,34.959999,35.064999,30.534065
2011-10-26,35.875000,34.419998,35.544998,30.952053
2011-10-27,38.720001,36.820000,38.285000,33.338017
2011-10-28,38.430000,37.540001,37.834999,32.946156
2011-10-31,37.349998,36.165001,36.375000,31.674809
2011-11-01,35.985001,35.250000,35.459999,30.878046
2011-11-02,35.465000,33.884998,34.959999,30.442635
2011-11-03,35.715000,34.540001,35.615002,31.013004
2011-11-04,35.570000,34.820000,35.419998,30.843201
2011-11-07,35.535000,34.525002,35.240002,30.686464
2011-11-08,35.959999,35.264999,35.680000,31.069611
2011-11-09,34.665001,33.775002,33.790001,29.423828
2011-11-10,34.345001,33.264999,33.669998,29.319326
2011-11-11,34.549999,34.014999,34.410000,29.963703
2011-11-14,34.445000,33.750000,33.799999,29.432533
2011-11-15,34.924999,33.669998,34.785000,30.290255
2011-11-16,35.005001,33.955002,34.200001,29.780840
2011-11-17,34.365002,33.380001,33.570000,29.232252
2011-11-18,33.630001,32.855000,33.115002,28.836050
2011-11-21,32.605000,31.850000,32.355000,28.174246
2011-11-22,32.825001,32.020000,32.584999,28.374527
2011-11-23,32.250000,30.965000,30.975000,26.972567
2011-11-25,31.674999,30.760000,31.240000,27.203327
2011-11-28,32.500000,31.490000,32.345001,28.165541
2011-11-29,33.215000,32.115002,32.389999,28.204727
2011-11-30,33.855000,33.294998,33.674999,29.323679
2011-12-01,33.919998,33.270000,33.794998,29.428185
2011-12-02,34.669998,33.900002,34.250000,29.824387
2011-12-05,35.419998,34.320000,34.980000,30.460060
2011-12-06,35.305000,34.645000,34.945000,30.429592
2011-12-07,35.049999,33.880001,34.884998,30.377333
2011-12-08,34.575001,33.564999,33.669998,29.319326
2011-12-09,34.840000,33.775002,34.689999,30.207535
2011-12-12,34.250000,33.505001,33.720001,29.362871
2011-12-13,34.340000,33.209999,33.455002,29.132111
2011-12-14,33.264999,32.404999,32.540001,28.335346
2011-12-15,33.334999,32.695000,32.770000,28.535631
2011-12-16,33.525002,32.605000,32.744999,28.513857
2011-12-19,33.305000,31.975000,32.075001,27.930433
2011-12-20,33.900002,32.599998,33.814999,29.445599
2011-12-21,33.314999,31.250000,31.740000,27.638714
2011-12-22,32.389999,31.855000,32.099998,27.952204
2011-12-23,32.384998,32.070000,32.279999,28.108946
2011-12-27,32.439999,32.009998,32.095001,27.947845
2011-12-28,32.290001,31.495001,31.584999,27.503744
2011-12-29,31.850000,31.480000,31.830000,27.717089
2011-12-30,32.325001,31.735001,32.154999,28.000093
2012-01-03,33.799999,32.785000,32.860001,28.613997
2012-01-04,33.060001,32.459999,32.980000,28.718487
2012-01-05,33.775002,32.474998,33.645000,29.297564
2012-01-06,33.785000,33.105000,33.205002,28.914427
2012-01-09,33.500000,33.014999,33.320000,29.014559
2012-01-10,35.084999,33.705002,34.880001,30.372976
2012-01-11,35.360001,34.680000,35.139999,30.599388
2012-01-12,34.650002,33.625000,34.555000,30.089985
2012-01-13,34.520000,33.805000,34.169998,29.754717
2012-01-17,34.965000,34.099998,34.215000,29.793915
2012-01-18,34.680000,33.875000,34.674999,30.194475
2012-01-19,35.439999,34.799999,34.910000,30.399101
2012-01-20,35.375000,34.849998,35.084999,30.551495
2012-01-23,35.455002,34.994999,35.305000,30.743069
2012-01-24,35.650002,35.009998,35.590000,30.991234
2012-01-25,35.974998,35.169998,35.884998,31.248117
2012-01-26,36.240002,35.430000,35.615002,31.013004
2012-01-27,35.840000,35.384998,35.665001,31.056545
2012-01-30,35.599998,35.174999,35.494999,30.908512
2012-01-31,35.974998,35.494999,35.875000,31.239405
2012-02-01,36.695000,36.064999,36.485001,31.770597
2012-02-02,36.830002,36.215000,36.305000,31.613844
2012-02-03,37.095001,36.615002,36.674999,31.936037
2012-02-06,36.549999,36.029999,36.185001,31.509357
2012-02-07,36.549999,35.485001,36.005001,31.352619
2012-02-08,36.334999,34.825001,35.375000,30.804012
2012-02-09,35.849998,35.150002,35.340000,30.773548
2012-02-10,35.220001,34.799999,35.040001,30.512302
2012-02-13,35.459999,35.005001,35.325001,30.760485
2012-02-14,35.389999,34.900002,35.375000,30.804012
2012-02-15,35.779999,35.049999,35.360001,30.790956
2012-02-16,36.029999,35.294998,35.980000,31.330851
2012-02-17,36.160000,35.340000,35.540001,30.947702
2012-02-21,35.785000,35.250000,35.305000,30.743069
2012-02-22,35.689999,35.215000,35.570000,30.973814
2012-02-23,35.540001,35.099998,35.299999,30.738710
2012-02-24,36.160000,35.490002,36.090000,31.426628
2012-02-27,36.189999,35.619999,36.000000,31.348257
2012-02-28,36.230000,35.615002,35.775002,31.152338
2012-02-29,35.900002,35.465000,35.474998,30.891094
2012-03-01,35.814999,35.505001,35.685001,31.073963
2012-03-02,35.820000,35.410000,35.669998,31.060890
2012-03-05,35.810001,35.474998,35.720001,31.104448
2012-03-06,35.680000,35.080002,35.195000,30.647276
2012-03-07,35.639999,35.084999,35.544998,30.952053
2012-03-08,36.514999,35.720001,36.430000,31.722712
2012-03-09,36.494999,36.215000,36.349998,31.653036
2012-03-12,36.490002,35.994999,36.400002,31.696587
2012-03-13,37.820000,36.480000,37.814999,32.928734
2012-03-14,37.955002,37.490002,37.654999,32.789413
2012-03-15,38.174999,37.525002,38.130001,33.203026
2012-03-16,38.514999,38.250000,38.455002,33.486042
2012-03-19,38.450001,37.970001,38.095001,33.172558
2012-03-20,37.924999,37.500000,37.884998,32.989693
2012-03-21,38.514999,37.750000,38.470001,33.499100
2012-03-22,38.270000,37.875000,38.185001,33.250923
2012-03-23,38.490002,37.860001,38.189999,33.255268
2012-03-26,38.845001,38.139999,38.834999,33.816936
2012-03-27,39.000000,38.669998,38.705002,33.703743
2012-03-28,38.615002,38.025002,38.200001,33.263981
2012-03-29,38.185001,37.705002,38.150002,33.220436
2012-03-30,38.654999,37.990002,38.474998,33.503452
2012-04-02,38.924999,38.055000,38.505001,33.529579
2012-04-03,38.455002,37.889999,38.154999,33.224789
2012-04-04,38.250000,37.680000,38.139999,33.211742
2012-04-05,38.660000,37.889999,38.645000,33.651489
2012-04-09,38.084999,37.669998,37.955002,33.050640
2012-04-10,37.974998,37.325001,37.410000,32.576065
2012-04-11,38.215000,37.494999,37.685001,32.815536
2012-04-12,38.424999,37.799999,38.380001,33.420738
2012-04-13,37.645000,36.599998,36.900002,32.131962
2012-04-16,37.209999,36.215000,36.349998,31.653036
2012-04-17,37.310001,36.514999,37.125000,32.327888
2012-04-18,36.985001,36.220001,36.334999,31.639977
2012-04-19,36.564999,35.779999,35.950001,31.304728
2012-04-20,36.259998,35.790001,35.805000,31.178455
2012-04-23,36.055000,34.985001,35.884998,31.248117
2012-04-24,36.625000,35.939999,36.195000,31.518061
2012-04-25,36.494999,35.834999,36.055000,31.396154
2012-04-26,36.915001,35.880001,36.700001,31.957815
2012-04-27,37.305000,36.439999,36.990002,32.210342
2012-04-30,37.000000,36.439999,36.665001,31.927347
2012-05-01,37.084999,36.430000,36.689999,31.949100
2012-05-02,36.580002,36.150002,36.419998,31.713985
2012-05-03,36.400002,35.480000,35.544998,30.952053
2012-05-04,35.340000,34.764999,34.830002,30.329441
2012-05-07,30.625000,27.850000,28.150000,24.512600
2012-05-08,30.254999,28.584999,30.150000,26.254166
2012-05-09,30.385000,29.295000,30.295000,26.380430
2012-05-10,30.590000,30.000000,30.525000,26.580713
2012-05-11,30.805000,30.250000,30.645000,26.685211
2012-05-14,30.440001,29.990000,30.020000,26.140970
2012-05-15,31.020000,30.110001,30.600000,26.646017
2012-05-16,30.750000,30.155001,30.184999,26.284649
2012-05-17,30.285000,29.684999,29.725000,25.884089
2012-05-18,30.180000,29.684999,29.815001,25.962456
2012-05-21,30.775000,29.705000,30.540001,26.593775
2012-05-22,30.795000,30.250000,30.465000,26.528463
2012-05-23,30.790001,29.905001,30.635000,26.676497
2012-05-24,30.889999,29.660000,30.055000,26.171448
2012-05-25,30.190001,29.850000,30.000000,26.123556
2012-05-29,30.790001,30.094999,30.500000,26.558939
2012-05-30,30.250000,29.055000,29.430000,25.627209
2012-05-31,29.455000,28.500000,29.125000,25.361609
2012-06-01,28.625000,28.174999,28.450001,24.773836
2012-06-04,29.004999,28.480000,28.965000,25.222290
2012-06-05,29.344999,28.639999,29.180000,25.409510
2012-06-06,30.370001,29.370001,30.055000,26.171448
2012-06-07,30.455000,29.580000,29.665001,25.831841
2012-06-08,29.660000,29.174999,29.424999,25.622854
2012-06-11,29.795000,28.975000,29.030001,25.278887
2012-06-12,29.475000,28.934999,29.315001,25.527067
2012-06-13,29.559999,29.059999,29.305000,25.518356
2012-06-14,29.674999,28.920000,29.545000,25.727345
2012-06-15,30.305000,29.455000,30.250000,26.341248
2012-06-18,30.250000,29.855000,29.965000,26.093073
2012-06-19,30.440001,30.065001,30.195000,26.293356
2012-06-20,30.379999,29.770000,30.174999,26.275940
2012-06-21,30.365000,28.955000,28.985001,25.239712
2012-06-22,29.299999,28.930000,29.235001,25.457401
2012-06-25,29.184999,28.745001,28.950001,25.209225
2012-06-26,28.545000,27.844999,28.469999,24.791252
2012-06-27,29.235001,28.575001,28.805000,25.082966
2012-06-28,28.700001,27.625000,28.100000,24.469061
2012-06-29,30.000000,29.030001,30.000000,26.123556
2012-07-02,30.270000,29.514999,29.695000,25.857964
2012-07-03,30.110001,29.559999,29.875000,26.014706
2012-07-05,30.275000,29.670000,30.110001,26.219341
2012-07-06,29.780001,28.365000,28.830000,25.104727
2012-07-09,29.020000,28.434999,28.680000,24.974117
2012-07-10,29.145000,27.990000,28.094999,24.464701
2012-07-11,28.730000,27.969999,28.260000,24.608383
2012-07-12,27.775000,26.959999,27.674999,24.098980
2012-07-13,28.680000,27.635000,28.629999,24.930576
2012-07-16,29.174999,28.455000,29.129999,25.365965
2012-07-17,29.410000,28.700001,29.090000,25.331135
2012-07-18,29.785000,28.950001,29.655001,25.823133
2012-07-19,30.025000,29.424999,29.480000,25.670744
2012-07-20,29.480000,28.625000,28.660000,24.956699
2012-07-23,28.370001,27.750000,28.245001,24.595324
2012-07-24,28.370001,27.590000,27.825001,24.229586
2012-07-25,28.325001,27.790001,28.049999,24.425522
2012-07-26,28.945000,28.280001,28.480000,24.799950
2012-07-27,29.485001,28.590000,29.264999,25.483524
2012-07-30,29.540001,28.570000,28.655001,24.952341
2012-07-31,28.860001,28.350000,28.385000,24.717230
2012-08-01,28.709999,28.084999,28.129999,24.495184
2012-08-02,28.385000,27.764999,28.139999,24.503885
2012-08-03,29.170000,28.235001,28.930000,25.191814
2012-08-06,32.740002,31.625000,32.105000,27.956551
2012-08-07,32.380001,31.840000,31.900000,27.778040
2012-08-08,32.340000,31.610001,32.200001,28.039282
2012-08-09,32.439999,32.009998,32.220001,28.056692
2012-08-10,32.570000,32.040001,32.485001,28.287455
2012-08-13,32.490002,32.259998,32.470001,28.274393
2012-08-14,32.500000,31.965000,32.154999,28.000093
2012-08-15,32.330002,31.775000,31.865000,27.747566
2012-08-16,32.535000,31.815001,32.459999,28.265682
2012-08-17,32.595001,32.139999,32.240002,28.074110
2012-08-20,32.250000,31.840000,32.055000,27.913015
2012-08-21,32.630001,32.014999,32.220001,28.056692
2012-08-22,32.439999,31.930000,32.415001,28.226494
2012-08-23,32.825001,32.209999,32.494999,28.296164
2012-08-24,32.590000,32.180000,32.430000,28.239550
2012-08-27,32.494999,32.160000,32.275002,28.104582
2012-08-28,32.375000,32.080002,32.209999,28.047985
2012-08-29,32.450001,32.130001,32.365002,28.182961
2012-08-30,32.325001,31.879999,31.915001,27.791103
2012-08-31,32.500000,31.895000,32.139999,27.987022
2012-09-04,32.435001,31.834999,32.110001,27.960905
2012-09-05,32.189999,31.684999,31.934999,27.808519
2012-09-06,32.990002,32.165001,32.970001,28.709785
2012-09-07,33.709999,32.820000,33.599998,29.258381
2012-09-10,33.910000,33.250000,33.410000,29.092926
2012-09-11,33.680000,33.349998,33.630001,29.284500
2012-09-12,34.334999,33.555000,34.099998,29.693769
2012-09-13,35.070000,33.715000,35.020000,30.494898
2012-09-14,35.724998,34.764999,35.500000,30.912870
2012-09-17,35.490002,34.459999,34.525002,30.063856
2012-09-18,34.619999,34.264999,34.349998,29.911467
2012-09-19,34.595001,34.215000,34.305000,29.872278
2012-09-20,34.240002,33.950001,34.125000,29.715532
2012-09-21,34.744999,34.244999,34.305000,29.872278
2012-09-24,34.430000,34.049999,34.230000,29.806974
2012-09-25,34.450001,33.900002,33.955002,29.567507
2012-09-26,34.139999,33.590000,33.939999,29.554438
2012-09-27,34.520000,33.985001,34.360001,29.920177
2012-09-28,35.575001,34.580002,34.945000,30.429592
2012-10-01,35.705002,34.959999,35.625000,31.021715
2012-10-02,35.750000,35.415001,35.564999,30.969461
2012-10-03,35.875000,35.544998,35.770000,31.147974
2012-10-04,35.955002,35.555000,35.915001,31.274246
2012-10-05,36.365002,35.759998,35.910000,31.269880
2012-10-08,35.919998,35.395000,35.674999,31.065254
2012-10-09,35.770000,34.985001,34.985001,30.464407
2012-10-10,35.080002,34.509998,34.680000,30.198832
2012-10-11,35.189999,34.750000,34.915001,30.403465
2012-10-12,35.040001,34.134998,34.770000,30.277193
2012-10-15,35.020000,34.605000,34.900002,30.390402
2012-10-16,35.235001,34.779999,35.125000,30.586323
2012-10-17,34.974998,34.060001,34.770000,30.277193
2012-10-18,34.794998,34.459999,34.685001,30.203182
2012-10-19,34.895000,34.259998,34.384998,29.941933
2012-10-22,34.994999,34.224998,34.904999,30.394754
2012-10-23,34.880001,34.410000,34.794998,30.298965
2012-10-24,35.000000,34.285000,34.299999,29.867935
2012-10-25,34.820000,33.950001,34.084999,29.680708
2012-10-26,34.220001,33.099998,33.365002,29.053745
2012-10-31,33.685001,32.970001,33.325001,29.018911
2012-11-01,33.720001,33.290001,33.605000,29.262732
2012-11-02,33.994999,33.055000,33.075001,28.801212
2012-11-05,33.340000,32.755001,33.009998,28.744623
2012-11-06,33.695000,33.020000,33.674999,29.323679
2012-11-07,34.404999,32.950001,33.470001,29.145170
2012-11-08,33.790001,32.619999,32.634998,28.418066
2012-11-09,33.419998,32.544998,33.000000,28.735907
2012-11-12,33.270000,32.700001,32.974998,28.714134
2012-11-13,32.959999,32.360001,32.639999,28.422415
2012-11-14,32.755001,32.099998,32.145000,27.991385
2012-11-15,32.610001,32.279999,32.505001,28.304871
2012-11-16,32.970001,32.480000,32.869999,28.622702
2012-11-19,33.400002,32.985001,33.075001,28.801212
2012-11-20,33.049999,32.255001,32.669998,28.448547
2012-11-21,32.994999,32.639999,32.755001,28.522570
2012-11-23,33.250000,32.650002,33.240002,28.944897
2012-11-26,33.235001,32.549999,32.994999,28.731552
2012-11-27,33.080002,32.605000,32.770000,28.535631
2012-11-28,32.930000,32.310001,32.840000,28.596581
2012-11-29,33.680000,33.064999,33.560001,29.223539
2012-11-30,33.715000,33.200001,33.615002,29.271444
2012-12-03,34.165001,33.470001,33.490002,29.162592
2012-12-04,33.650002,33.160000,33.570000,29.232252
2012-12-05,35.075001,33.834999,34.875000,30.368624
2012-12-06,35.025002,34.564999,34.985001,30.464407
2012-12-07,35.185001,34.724998,35.160000,30.616795
2012-12-10,35.500000,34.985001,35.485001,30.899801
2012-12-11,36.345001,35.450001,36.134998,31.465822
2012-12-12,36.270000,35.935001,36.099998,31.435339
2012-12-13,36.490002,35.805000,36.044998,31.387444
2012-12-14,36.380001,35.974998,36.264999,31.579020
2012-12-17,36.500000,36.165001,36.470001,31.757523
2012-12-18,37.305000,36.455002,37.130001,32.332241
2012-12-19,37.435001,36.605000,36.634998,31.901213
2012-12-20,36.889999,35.775002,36.860001,32.097141
2012-12-21,37.055000,35.930000,36.865002,32.101490
2012-12-24,36.785000,36.355000,36.674999,31.936037
2012-12-26,36.855000,36.395000,36.575001,31.848953
2012-12-27,36.724998,35.930000,36.500000,31.783649
2012-12-28,36.389999,36.070000,36.154999,31.483231
2012-12-31,37.025002,36.075001,36.939999,32.166798
2013-01-02,38.095001,37.230000,38.070000,33.150795
2013-01-03,38.285000,37.540001,37.680000,32.811192
2013-01-04,37.860001,37.430000,37.590000,32.732800
2013-01-07,37.820000,37.200001,37.755001,32.876495
2013-01-08,37.825001,37.145000,37.250000,32.436737
2013-01-09,37.750000,37.055000,37.205002,32.397560
2013-01-10,37.645000,37.075001,37.525002,32.676216
2013-01-11,39.285000,38.634998,39.235001,34.165245
2013-01-14,39.470001,39.014999,39.224998,34.156540
2013-01-15,39.165001,38.865002,39.080002,34.030289
2013-01-16,39.105000,38.825001,39.009998,33.969315
2013-01-17,39.340000,38.950001,39.259998,34.187027
2013-01-18,39.770000,39.014999,39.660000,34.535332
2013-01-22,39.715000,38.860001,39.099998,34.047699
2013-01-23,39.455002,38.680000,38.880001,33.856125
2013-01-24,39.139999,38.384998,38.465000,33.494743
2013-01-25,38.945000,38.389999,38.814999,33.799515
2013-01-28,39.084999,38.820000,38.869999,33.847412
2013-01-29,38.990002,38.509998,38.950001,33.917084
2013-01-30,39.185001,38.724998,39.009998,33.969315
2013-01-31,39.270000,38.750000,39.090000,34.038990
2013-02-01,39.525002,39.044998,39.490002,34.387302
2013-02-04,39.509998,38.884998,38.884998,33.860470
2013-02-05,39.255001,38.605000,39.169998,34.108646
2013-02-06,39.000000,37.895000,38.134998,33.207378
2013-02-07,39.314999,37.630001,39.255001,34.182674
2013-02-08,39.615002,39.049999,39.365002,34.278458
2013-02-11,39.325001,38.494999,38.560001,33.577465
2013-02-12,38.575001,38.250000,38.299999,33.351059
2013-02-13,38.430000,37.950001,38.189999,33.255268
2013-02-14,38.215000,37.930000,38.090000,33.168201
2013-02-15,38.615002,38.009998,38.424999,33.459919
2013-02-19,39.224998,38.294998,39.160000,34.099953
2013-02-20,39.119999,38.514999,38.525002,33.546986
2013-02-21,38.500000,37.564999,37.584999,32.728447
2013-02-22,38.220001,37.700001,38.189999,33.255268
2013-02-25,38.799999,37.730000,37.740002,32.863426
2013-02-26,38.125000,37.634998,37.930000,33.028877
2013-02-27,38.770000,37.849998,38.590000,33.603584
2013-02-28,38.709999,38.355000,38.384998,33.425079
2013-03-01,39.035000,37.875000,38.970001,33.934486
2013-03-04,39.345001,38.599998,39.294998,34.217503
2013-03-05,39.980000,39.415001,39.919998,34.761730
2013-03-06,40.375000,39.834999,40.349998,35.136177
2013-03-07,40.419998,40.014999,40.264999,35.062149
2013-03-08,40.540001,39.939999,40.255001,35.053455
2013-03-11,39.895000,39.505001,39.889999,34.735611
2013-03-12,39.869999,39.270000,39.509998,34.404724
2013-03-13,39.625000,39.060001,39.595001,34.478733
2013-03-14,39.720001,39.160000,39.340000,34.256676
2013-03-15,39.514999,39.119999,39.180000,34.117352
2013-03-18,39.145000,38.555000,38.805000,33.790813
2013-03-19,39.145000,38.314999,38.549999,33.568756
2013-03-20,39.090000,38.630001,38.805000,33.790813
2013-03-21,38.445000,38.014999,38.070000,33.150795
2013-03-22,38.330002,37.240002,37.450001,32.610909
2013-03-25,37.840000,37.014999,37.195000,32.388866
2013-03-26,37.705002,37.224998,37.310001,32.488983
2013-03-27,37.470001,37.035000,37.105000,32.310471
2013-03-28,38.365002,37.035000,38.310001,33.359764
2013-04-01,38.599998,38.134998,38.369999,33.412018
2013-04-02,38.945000,38.130001,38.180000,33.246571
2013-04-03,38.215000,37.424999,37.459999,32.619610
2013-04-04,37.639999,37.005001,37.240002,32.428043
2013-04-05,36.889999,36.075001,36.830002,32.071014
2013-04-08,37.294998,36.610001,37.294998,32.475922
2013-04-09,37.564999,36.845001,37.209999,32.401905
2013-04-10,38.474998,37.275002,38.150002,33.220436
2013-04-11,38.849998,38.125000,38.830002,33.812576
2013-04-12,37.889999,37.055000,37.779999,32.898247
2013-04-15,37.750000,36.525002,36.529999,31.809778
2013-04-16,37.099998,36.294998,36.314999,31.622559
2013-04-17,36.095001,35.330002,35.474998,30.891094
2013-04-18,35.639999,35.150002,35.240002,30.686464
2013-04-19,35.180000,33.855000,33.904999,29.523968
2013-04-22,34.270000,33.200001,33.349998,29.040678
2013-04-23,33.590000,32.435001,32.494999,28.296164
2013-04-24,32.595001,30.885000,30.965000,26.963854
2013-04-25,31.879999,30.645000,30.674999,26.711325
2013-04-26,31.180000,30.650000,30.980000,26.976919
2013-04-29,31.580000,31.075001,31.465000,27.399252
2013-04-30,32.610001,31.415001,32.400002,28.213436
2013-05-01,32.424999,31.705000,31.745001,27.643072
2013-05-02,32.205002,31.469999,32.169998,28.013155
2013-05-03,33.334999,32.375000,33.305000,29.001495
2013-05-06,33.389999,32.775002,32.825001,28.583519
2013-05-07,33.200001,32.080002,32.439999,28.248264
2013-05-08,34.115002,32.580002,34.075001,29.671989
2013-05-09,34.334999,33.845001,34.224998,29.802618
2013-05-10,34.365002,32.105000,32.514999,28.313578
2013-05-13,32.590000,31.315001,31.440001,27.377480
2013-05-14,31.815001,30.945000,31.195000,27.164141
2013-05-15,32.450001,31.004999,32.220001,28.056692
2013-05-16,32.285000,31.570000,31.610001,27.525517
2013-05-17,32.785000,31.415001,32.750000,28.518213
2013-05-20,33.215000,32.025002,32.264999,28.095877
2013-05-21,32.445000,32.035000,32.305000,28.130709
2013-05-22,33.200001,31.924999,32.575001,28.365828
2013-05-23,32.599998,31.840000,32.055000,27.913015
2013-05-24,31.924999,31.455000,31.885000,27.764982
2013-05-28,32.345001,31.750000,31.870001,27.751925
2013-05-29,32.355000,31.430000,32.139999,27.987022
2013-05-30,32.500000,31.889999,32.400002,28.213436
2013-05-31,32.584999,32.064999,32.325001,28.148130
2013-06-03,32.599998,32.099998,32.435001,28.243914
2013-06-04,32.945000,32.365002,32.410000,28.222137
2013-06-05,32.380001,31.650000,31.940001,27.812872
2013-06-06,32.680000,31.719999,32.674999,28.452902
2013-06-07,33.330002,32.799999,33.290001,28.988430
2013-06-10,33.320000,32.000000,32.055000,27.913015
2013-06-11,32.365002,31.625000,32.215000,28.052336
2013-06-12,32.570000,31.924999,32.000000,27.865122
2013-06-13,32.134998,31.590000,31.955000,27.825930
2013-06-14,32.075001,31.245001,31.490000,27.421021
2013-06-17,32.105000,31.684999,31.730000,27.630011
2013-06-18,32.224998,31.625000,32.020000,27.882536
2013-06-19,32.334999,31.695000,31.770000,27.664843
2013-06-20,31.700001,31.205000,31.355000,27.303469
2013-06-21,31.625000,30.995001,31.155001,27.129307
2013-06-24,31.055000,30.459999,30.850000,26.863720
2013-06-25,31.445000,30.730000,31.400000,27.342646
2013-06-26,32.075001,31.475000,31.924999,27.799812
2013-06-27,32.145000,31.430000,31.549999,27.473263
2013-06-28,31.684999,30.735001,31.320000,27.272989
2013-07-01,32.415001,31.570000,32.035000,27.895596
2013-07-02,32.285000,31.840000,32.174999,28.017511
2013-07-03,32.599998,31.975000,32.380001,28.196018
2013-07-05,32.750000,32.305000,32.630001,28.413719
2013-07-08,33.185001,32.474998,33.035000,28.766376
2013-07-09,33.404999,32.985001,33.275002,28.975376
2013-07-10,34.889999,33.325001,34.845001,30.342501
2013-07-11,35.595001,35.005001,35.525002,30.934649
2013-07-12,36.355000,35.505001,35.715000,31.100079
2013-07-15,35.849998,35.334999,35.474998,30.891094
2013-07-16,35.880001,35.314999,35.505001,30.917231
2013-07-17,35.840000,35.470001,35.605000,31.004292
2013-07-18,36.660000,35.974998,36.244999,31.561596
2013-07-19,36.375000,35.820000,36.180000,31.505005
2013-07-22,37.459999,36.355000,36.435001,31.727051
2013-07-23,36.525002,36.119999,36.150002,31.478878
2013-07-24,36.605000,35.845001,35.875000,31.239405
2013-07-25,36.575001,35.805000,36.310001,31.618210
2013-07-26,36.380001,36.009998,36.369999,31.670450
2013-07-29,36.610001,36.150002,36.285000,31.596437
2013-07-30,36.549999,36.115002,36.185001,31.509357
2013-07-31,36.755001,36.160000,36.195000,31.518061
2013-08-01,37.099998,36.365002,36.740002,31.992655
2013-08-02,36.950001,36.500000,36.755001,32.005695
2013-08-05,37.130001,36.520000,36.705002,31.962168
2013-08-06,38.040001,36.904999,37.005001,32.223400
2013-08-07,37.189999,36.415001,36.904999,32.136314
2013-08-08,36.985001,36.435001,36.445000,31.735756
2013-08-09,36.849998,36.369999,36.580002,31.853323
2013-08-12,36.814999,36.389999,36.695000,31.953445
2013-08-13,36.919998,36.345001,36.669998,31.931696
2013-08-14,36.619999,36.185001,36.189999,31.513708
2013-08-15,35.919998,35.185001,35.430000,30.851912
2013-08-16,35.904999,35.185001,35.730000,31.113153
2013-08-19,36.139999,35.395000,35.494999,30.908512
2013-08-20,35.590000,35.220001,35.325001,30.760485
2013-08-21,36.465000,35.000000,36.250000,31.565954
2013-08-22,36.485001,36.130001,36.380001,31.679159
2013-08-23,37.000000,35.889999,36.875000,32.110199
2013-08-26,36.900002,36.544998,36.810001,32.053596
2013-08-27,36.540001,36.005001,36.095001,31.430988
2013-08-28,37.000000,36.095001,36.889999,32.123257
2013-08-29,37.125000,36.514999,37.009998,32.227753
2013-08-30,37.105000,36.575001,36.650002,31.914268
2013-09-03,37.450001,36.790001,37.244999,32.432392
2013-09-04,38.145000,37.084999,37.849998,32.959213
2013-09-05,38.150002,37.709999,38.000000,33.089813
2013-09-06,38.994999,38.055000,38.750000,33.742912
2013-09-09,39.250000,38.764999,39.160000,34.099953
2013-09-10,39.744999,39.345001,39.630001,34.509220
2013-09-11,40.115002,39.514999,39.930000,34.770454
2013-09-12,39.849998,39.365002,39.404999,34.313274
2013-09-13,39.895000,39.375000,39.845001,34.696411
2013-09-16,40.570000,40.215000,40.424999,35.201488
2013-09-17,40.915001,40.314999,40.549999,35.310326
2013-09-18,41.875000,40.900002,41.794998,36.394455
2013-09-19,42.084999,41.305000,41.320000,35.980839
2013-09-20,41.674999,41.125000,41.150002,35.832806
2013-09-23,41.340000,40.810001,41.215000,35.889404
2013-09-24,41.685001,41.084999,41.445000,36.089687
2013-09-25,41.695000,41.115002,41.570000,36.198528
2013-09-26,41.735001,41.195000,41.494999,36.133228
2013-09-27,41.410000,40.955002,41.349998,36.006966
2013-09-30,41.240002,39.750000,41.060001,35.754433
2013-10-01,41.625000,40.820000,41.615002,36.237732
2013-10-02,41.950001,41.424999,41.880001,36.468483
2013-10-03,41.924999,41.465000,41.764999,36.368343
2013-10-04,42.485001,41.605000,42.424999,36.943058
2013-10-07,42.424999,41.834999,42.049999,36.616512
2013-10-08,42.150002,41.014999,41.090000,35.780560
2013-10-09,41.509998,40.619999,40.990002,35.693470
2013-10-10,42.160000,41.049999,42.099998,36.660042
2013-10-11,44.445000,42.549999,44.424999,38.684628
2013-10-14,44.240002,43.494999,44.110001,38.410324
2013-10-15,44.070000,42.849998,42.955002,37.404572
2013-10-16,43.455002,41.900002,42.345001,36.873402
2013-10-17,43.009998,41.889999,42.974998,37.421982
2013-10-18,43.005001,42.665001,42.884998,37.343613
2013-10-21,43.520000,42.994999,43.355000,37.752888
2013-10-22,43.869999,43.125000,43.294998,37.700634
2013-10-23,43.355000,42.755001,43.040001,37.478588
2013-10-24,43.424999,42.860001,43.305000,37.709347
2013-10-25,43.525002,43.064999,43.340000,37.739822
2013-10-28,44.435001,43.240002,44.419998,38.680275
2013-10-29,45.005001,44.369999,44.685001,38.911015
2013-10-30,44.764999,43.645000,43.730000,38.079437
2013-10-31,44.005001,43.439999,43.465000,37.848663
2013-11-01,43.799999,43.139999,43.770000,38.114269
2013-11-04,43.924999,43.070000,43.424999,37.813843
2013-11-05,45.349998,43.605000,44.794998,39.006809
2013-11-06,45.500000,44.980000,45.340000,39.481392
2013-11-07,45.825001,44.634998,44.750000,38.967636
2013-11-08,45.230000,44.689999,45.115002,39.285461
2013-11-11,45.500000,45.005001,45.360001,39.498806
2013-11-12,45.849998,45.209999,45.825001,39.903706
2013-11-13,46.419998,45.570000,46.415001,40.417488
2013-11-14,46.790001,46.255001,46.720001,40.683090
2013-11-15,47.360001,46.634998,47.185001,41.087994
2013-11-18,47.825001,46.610001,46.770000,40.726620
2013-11-19,47.099998,46.544998,46.709999,40.674374
2013-11-20,47.105000,46.244999,46.480000,40.474087
2013-11-21,47.014999,46.575001,46.869999,40.813690
2013-11-22,47.875000,46.470001,46.560001,40.543758
2013-11-25,46.799999,46.215000,46.314999,40.330410
2013-11-26,47.090000,46.189999,47.014999,40.939957
2013-11-27,47.625000,46.904999,47.209999,41.109753
2013-11-29,47.195000,46.775002,46.945000,40.879005
2013-12-02,47.105000,46.570000,46.779999,40.735336
2013-12-03,47.209999,46.525002,46.924999,40.861576
2013-12-04,46.970001,46.330002,46.674999,40.643898
2013-12-05,47.180000,46.445000,46.889999,40.831093
2013-12-06,48.235001,47.139999,48.099998,41.884754
2013-12-09,48.294998,47.029999,47.400002,41.275204
2013-12-10,47.650002,47.165001,47.345001,41.227322
2013-12-11,47.599998,46.580002,46.750000,40.709206
2013-12-12,46.915001,46.294998,46.619999,40.596004
2013-12-13,47.174999,46.580002,46.770000,40.726620
2013-12-16,47.215000,46.615002,47.160000,41.066219
2013-12-17,47.365002,46.919998,47.105000,41.018326
2013-12-18,48.305000,46.910000,48.290001,42.050213
2013-12-19,48.939999,48.205002,48.509998,42.241787
2013-12-20,49.305000,48.349998,49.080002,42.738132
2013-12-23,49.330002,48.610001,49.320000,42.947113
2013-12-24,49.455002,49.020000,49.419998,43.034195
2013-12-26,49.820000,49.080002,49.720001,43.295444
2013-12-27,49.799999,49.410000,49.575001,43.169174
2013-12-30,50.125000,49.285000,50.044998,43.578438
2013-12-31,50.564999,49.810001,50.490002,43.965935
2014-01-02,50.375000,49.215000,49.419998,43.034195
2014-01-03,49.919998,49.105000,49.160000,42.807793
2014-01-06,49.580002,48.630001,48.935001,42.611870
2014-01-07,49.750000,49.279999,49.560001,43.156113
2014-01-08,49.980000,49.310001,49.974998,43.517487
2014-01-09,50.235001,49.514999,49.764999,43.334621
2014-01-10,50.395000,49.805000,50.235001,43.743874
2014-01-13,50.459999,48.980000,49.105000,42.759911
2014-01-14,50.525002,49.270000,50.165001,43.682930
2014-01-15,50.584999,50.009998,50.514999,43.987709
2014-01-16,50.544998,50.044998,50.150002,43.669868
2014-01-17,50.235001,49.540001,49.669998,43.251896
2014-01-21,50.810001,49.049999,49.459999,43.069019
2014-01-22,50.735001,49.200001,50.270000,43.774357
2014-01-23,50.139999,49.139999,49.275002,42.907948
2014-01-24,48.994999,48.365002,48.639999,42.354973
2014-01-27,48.965000,47.834999,47.930000,41.736732
2014-01-28,48.639999,47.910000,48.375000,42.124222
2014-01-29,48.645000,47.715000,47.910000,41.719311
2014-01-30,49.419998,48.150002,49.299999,42.929688
2014-01-31,48.880001,48.105000,48.455002,42.193890
2014-02-03,49.165001,47.334999,47.590000,41.440655
2014-02-04,48.634998,47.395000,48.505001,42.237427
2014-02-05,47.240002,44.955002,46.424999,40.426193
2014-02-06,47.779999,46.404999,47.744999,41.575634
2014-02-07,48.625000,47.505001,48.500000,42.233086
2014-02-10,48.615002,47.715000,48.025002,41.819454
2014-02-11,49.090000,47.805000,48.869999,42.555264
2014-02-12,49.645000,48.965000,49.224998,42.864403
2014-02-13,49.980000,48.889999,49.884998,43.439098
2014-02-14,50.235001,49.435001,50.169998,43.687279
2014-02-18,50.369999,49.779999,50.035000,43.569729
2014-02-19,50.294998,49.814999,49.994999,43.534912
2014-02-20,50.580002,49.470001,50.330002,43.826611
2014-02-21,51.680000,50.535000,51.365002,44.727863
2014-02-24,52.650002,51.455002,52.119999,45.385315
2014-02-25,52.255001,51.264999,51.634998,44.962990
2014-02-26,52.345001,51.535000,51.650002,44.976048
2014-02-27,51.810001,51.290001,51.599998,44.932507
2014-02-28,52.294998,51.605000,52.029999,45.306942
2014-03-03,51.755001,50.980000,51.450001,44.801888
2014-03-04,52.730000,51.855000,52.654999,45.851185
2014-03-05,52.834999,52.250000,52.820000,45.994858
2014-03-06,54.000000,52.730000,53.544998,46.626179
2014-03-07,53.849998,53.195000,53.610001,46.682785
2014-03-10,53.610001,52.759998,52.900002,46.064518
2014-03-11,52.990002,51.939999,52.330002,45.568184
2014-03-12,52.029999,50.509998,51.590000,44.923813
2014-03-13,51.939999,50.230000,50.580002,44.044308
2014-03-14,51.119999,50.180000,50.250000,43.756947
2014-03-17,51.320000,50.400002,51.049999,44.453579
2014-03-18,51.410000,50.910000,51.090000,44.488396
2014-03-19,51.330002,49.220001,49.610001,43.199646
2014-03-20,49.810001,49.240002,49.619999,43.208344
2014-03-21,50.700001,48.689999,48.759998,42.459476
2014-03-24,49.520000,48.160000,49.070000,42.729420
2014-03-25,49.360001,48.349998,48.590000,42.311440
2014-03-26,49.720001,48.470001,49.099998,42.755550
2014-03-27,49.189999,47.419998,47.580002,41.431957
2014-03-28,50.630001,48.680000,49.689999,43.269306
2014-03-31,50.700001,49.759998,50.599998,44.061722
2014-04-01,51.700001,50.570000,51.669998,44.993465
2014-04-02,53.400002,51.799999,52.060001,45.333073
2014-04-03,52.650002,51.040001,51.290001,44.662567
2014-04-04,51.750000,50.130001,50.189999,43.704716
2014-04-07,50.040001,48.549999,48.680000,42.389820
2014-04-08,49.380001,48.279999,49.160000,42.807793
2014-04-09,49.860001,48.619999,49.790001,43.356377
2014-04-10,50.040001,47.720001,47.869999,41.684475
2014-04-11,48.490002,47.270000,47.310001,41.196838
2014-04-14,48.580002,47.330002,48.480000,42.215656
2014-04-15,49.240002,47.650002,48.889999,42.572681
2014-04-16,49.799999,48.660000,49.779999,43.347679
2014-04-17,50.410000,49.169998,49.549999,43.147400
2014-04-21,49.779999,48.810001,48.980000,42.651054
2014-04-22,49.540001,48.860001,49.119999,42.772961
2014-04-23,49.299999,48.799999,48.950001,42.624928
2014-04-24,49.810001,48.880001,49.299999,42.929688
2014-04-25,49.740002,48.660000,48.730000,42.433353
2014-04-28,49.310001,47.720001,48.439999,42.180828
2014-04-29,48.810001,47.599998,47.849998,41.667072
2014-04-30,48.169998,47.509998,47.910000,41.719311
2014-05-01,48.959999,47.669998,48.599998,42.320145
2014-05-02,49.669998,48.630001,49.410000,43.025494
2014-05-05,49.650002,48.680000,49.259998,42.894875
2014-05-06,49.540001,48.790001,49.200001,42.842621
2014-05-07,47.480000,45.730000,47.020000,40.944313
2014-05-08,48.439999,46.900002,48.000000,41.797691
2014-05-09,48.130001,47.330002,47.720001,41.553864
2014-05-12,49.150002,48.060001,49.020000,42.685879
2014-05-13,49.310001,48.770000,48.990002,42.659756
2014-05-14,49.029999,48.340000,48.590000,42.311440
2014-05-15,48.730000,46.919998,47.180000,41.083630
2014-05-16,47.360001,46.459999,47.180000,41.083630
2014-05-19,47.650002,46.639999,47.590000,41.440655
2014-05-20,47.840000,47.060001,47.310001,41.196838
2014-05-21,47.990002,47.279999,47.410000,41.283909
2014-05-22,47.700001,47.220001,47.650002,41.492901
2014-05-23,48.669998,47.529999,48.619999,42.337570
2014-05-27,48.950001,48.410000,48.840000,42.529140
2014-05-28,49.009998,48.639999,48.900002,42.581402
2014-05-29,49.000000,48.250000,48.959999,42.633633
2014-05-30,49.090000,48.290001,48.610001,42.328846
2014-06-02,48.799999,47.950001,48.349998,42.102455
2014-06-03,48.810001,47.790001,48.500000,42.233086
2014-06-04,48.660000,47.910000,48.529999,42.259193
2014-06-05,49.009998,48.209999,49.000000,42.668476
2014-06-06,50.000000,49.060001,49.830002,43.391220
2014-06-09,50.310001,49.669998,49.820000,43.382507
2014-06-10,48.799999,47.240002,47.470001,41.336166
2014-06-11,47.590000,47.090000,47.299999,41.188129
2014-06-12,47.570000,46.779999,46.980000,40.909477
2014-06-13,47.419998,46.799999,47.410000,41.283909
2014-06-16,47.849998,46.810001,47.770000,41.597389
2014-06-17,48.910000,47.669998,48.500000,42.233086
2014-06-18,49.020000,47.970001,49.000000,42.668476
2014-06-19,49.240002,48.669998,48.950001,42.624928
2014-06-20,49.490002,48.680000,49.410000,43.025494
2014-06-23,49.599998,49.020000,49.369999,42.990643
2014-06-24,50.000000,48.919998,49.060001,42.720726
2014-06-25,49.810001,48.759998,49.709999,43.286716
2014-06-26,49.900002,48.560001,49.389999,43.008076
2014-06-27,49.560001,48.939999,49.299999,42.929688
2014-06-30,49.310001,48.709999,48.910000,42.590099
2014-07-01,50.029999,48.980000,49.799999,43.365097
2014-07-02,50.049999,49.490002,49.869999,43.426048
2014-07-03,50.330002,49.830002,50.299999,43.800491
2014-07-07,50.990002,50.130001,50.470001,43.948528
2014-07-08,50.549999,49.770000,50.410000,43.896278
2014-07-09,50.840000,50.209999,50.369999,43.861446
2014-07-10,50.250000,49.540001,50.009998,43.547958
2014-07-11,50.500000,49.599998,49.700001,43.278011
2014-07-14,50.259998,49.830002,49.950001,43.495705
2014-07-15,50.139999,49.259998,49.509998,43.112572
2014-07-16,50.049999,49.209999,49.410000,43.025494
2014-07-17,49.700001,48.610001,48.639999,42.354973
2014-07-18,49.660000,48.540001,49.439999,43.051594
2014-07-21,49.560001,48.990002,49.349998,42.973240
2014-07-22,50.570000,49.509998,50.470001,43.948528
2014-07-23,50.930000,50.080002,50.619999,44.079140
2014-07-24,51.049999,50.619999,50.799999,44.235882
2014-07-25,51.259998,50.529999,51.119999,44.514530
2014-07-28,51.380001,50.660000,50.939999,44.357773
2014-07-29,51.259998,50.619999,50.639999,44.096554
2014-07-30,51.119999,49.910000,49.959999,43.504414
2014-07-31,50.119999,49.029999,49.049999,42.712009
2014-08-01,49.549999,49.049999,49.290001,42.920994
2014-08-04,50.139999,49.439999,50.040001,43.574085
2014-08-05,50.619999,49.599998,49.980000,43.521839
2014-08-06,44.250000,41.509998,43.669998,38.027184
2014-08-07,45.080002,43.950001,44.380001,38.645435
2014-08-08,44.619999,43.700001,44.470001,38.723812
2014-08-11,44.759998,44.290001,44.490002,38.741222
2014-08-12,44.639999,44.200001,44.560001,38.802189
2014-08-13,45.049999,44.560001,44.939999,39.133076
2014-08-14,45.099998,44.709999,44.820000,39.028584
2014-08-15,45.200001,44.590000,44.759998,38.976334
2014-08-18,45.680000,44.820000,45.270000,39.420448
2014-08-19,46.459999,45.270000,46.220001,40.247696
2014-08-20,46.290001,45.889999,46.009998,40.064831
2014-08-21,46.439999,45.830002,46.009998,40.064831
2014-08-22,46.380001,45.970001,46.060001,40.108368
2014-08-25,46.439999,45.619999,45.630001,39.733925
2014-08-26,46.099998,45.720001,45.740002,39.829716
2014-08-27,46.130001,45.650002,46.130001,40.169315
2014-08-28,45.689999,45.080002,45.470001,39.594589
2014-08-29,45.820000,45.180000,45.730000,39.821011
2014-09-02,46.090000,45.740002,45.880001,39.951611
2014-09-03,46.500000,45.880001,45.919998,39.986454
2014-09-04,46.340000,45.810001,46.049999,40.099651
2014-09-05,46.230000,45.810001,46.209999,40.238972
2014-09-08,46.320000,45.470001,45.730000,39.821011
2014-09-09,45.740002,45.169998,45.290001,39.437847
2014-09-10,45.650002,45.230000,45.389999,39.524940
2014-09-11,45.500000,44.799999,45.040001,39.220154
2014-09-12,45.189999,44.660000,44.759998,38.976334
2014-09-15,46.029999,44.189999,44.310001,38.584473
2014-09-16,45.099998,44.200001,44.980000,39.167912
2014-09-17,45.250000,44.650002,44.779999,38.993752
2014-09-18,45.340000,45.000000,45.310001,39.455269
2014-09-19,45.599998,44.650002,45.000000,39.185318
2014-09-22,45.040001,44.400002,44.599998,38.837013
2014-09-23,45.180000,44.369999,44.509998,38.758640
2014-09-24,45.380001,44.330002,45.200001,39.359478
2014-09-25,45.340000,44.049999,44.070000,38.375500
2014-09-26,44.799999,44.099998,44.750000,38.967636
2014-09-29,44.750000,44.009998,44.369999,38.636730
2014-09-30,45.299999,44.419998,44.770000,38.985046
2014-10-01,44.770000,44.310001,44.369999,38.636730
2014-10-02,44.680000,43.880001,43.900002,38.227455
2014-10-03,44.639999,44.240002,44.380001,38.645435
2014-10-06,44.799999,44.150002,44.250000,38.532246
2014-10-07,44.470001,43.889999,43.900002,38.227455
2014-10-08,45.130001,43.779999,45.029999,39.211449
2014-10-09,45.020000,44.070000,44.119999,38.419037
2014-10-10,45.200001,43.279999,43.310001,37.713703
2014-10-13,44.580002,43.250000,43.930000,38.253590
2014-10-14,45.389999,43.980000,44.650002,38.880554
2014-10-15,44.720001,42.939999,44.380001,38.645435
2014-10-16,44.630001,43.439999,44.119999,38.419037
2014-10-17,44.919998,44.189999,44.200001,38.488712
2014-10-20,44.330002,43.549999,43.570000,37.940102
2014-10-21,44.860001,43.750000,44.630001,38.863136
2014-10-22,44.959999,44.099998,44.139999,38.436451
2014-10-23,44.849998,44.310001,44.520000,38.767345
2014-10-24,45.160000,44.330002,45.099998,39.272396
2014-10-27,45.709999,44.869999,45.520000,39.638130
2014-10-28,46.939999,45.410000,46.930000,40.865940
2014-10-29,47.139999,46.349998,46.720001,40.683090
2014-10-30,48.480000,46.619999,47.980000,41.780262
2014-10-31,49.110001,48.610001,48.849998,42.537849
2014-11-03,49.459999,48.709999,48.889999,42.572681
2014-11-04,49.150002,48.400002,48.490002,42.224369
2014-11-05,52.599998,50.450001,52.400002,45.629135
2014-11-06,52.990002,51.680000,52.639999,45.838127
2014-11-07,53.709999,52.290001,53.619999,46.691498
2014-11-10,54.240002,53.310001,53.650002,46.717609
2014-11-11,53.439999,52.860001,53.150002,46.282238
2014-11-12,53.509998,52.939999,53.240002,46.360596
2014-11-13,53.700001,53.000000,53.389999,46.491219
2014-11-14,53.669998,53.150002,53.290001,46.404137
2014-11-17,53.610001,52.869999,53.060001,46.203850
2014-11-18,53.220001,52.570000,52.740002,45.925209
2014-11-19,52.709999,51.939999,52.430000,45.655266
2014-11-20,52.570000,51.549999,51.759998,45.071831
2014-11-21,53.090000,51.810001,53.060001,46.203850
2014-11-24,53.790001,52.560001,53.730000,46.787277
2014-11-25,53.799999,53.209999,53.299999,46.412838
2014-11-26,53.650002,53.169998,53.639999,46.708893
2014-11-28,54.549999,53.660000,53.990002,47.013683
2014-12-01,54.730000,53.509998,54.049999,47.065926
2014-12-02,54.599998,54.049999,54.490002,47.449089
2014-12-03,54.700001,54.209999,54.439999,47.405525
2014-12-04,54.490002,53.340000,53.520000,46.604412
2014-12-05,53.700001,52.700001,53.160000,46.290928
2014-12-08,53.090000,52.090000,52.549999,45.759747
2014-12-09,52.700001,51.840000,52.599998,45.803299
2014-12-10,52.650002,51.220001,51.320000,44.688679
2014-12-11,52.389999,51.410000,51.509998,44.854141
2014-12-12,51.520000,50.450001,50.480000,43.957222
2014-12-15,51.000000,50.169998,50.509998,43.983353
2014-12-16,52.619999,50.189999,51.209999,44.592899
2014-12-17,51.270000,50.570000,51.000000,44.410038
2014-12-18,53.450001,51.680000,53.450001,46.543457
2014-12-19,54.439999,53.230000,53.490002,46.578293
2014-12-22,54.330002,53.520000,54.310001,47.292336
2014-12-23,54.889999,54.200001,54.220001,47.213970
2014-12-24,54.549999,54.020000,54.259998,47.248798
2014-12-26,54.400002,53.720001,53.840000,46.883068
2014-12-29,54.139999,53.630001,53.930000,46.961433
2014-12-30,53.910000,52.919998,53.150002,46.282238
2014-12-31,53.799999,52.619999,52.660000,45.855537
2015-01-02,53.770000,52.000000,52.669998,45.864243
2015-01-05,53.970001,52.070000,52.340000,45.576889
2015-01-06,52.320000,50.709999,50.980000,44.392620
2015-01-07,52.680000,51.209999,52.650002,45.846836
2015-01-08,54.110001,52.599998,53.880001,46.917900
2015-01-09,54.650002,53.540001,54.119999,47.126892
2015-01-12,54.799999,53.810001,54.150002,47.153008
2015-01-13,55.680000,53.700001,54.150002,47.153008
2015-01-14,54.410000,53.139999,54.410000,47.379406
2015-01-15,54.669998,53.430000,53.840000,46.883068
2015-01-16,55.119999,53.630001,55.040001,47.928013
2015-01-20,55.740002,54.700001,55.599998,48.415649
2015-01-21,55.750000,54.860001,55.279999,48.137005
2015-01-22,56.200001,55.049999,56.180000,48.920700
2015-01-23,56.619999,55.830002,56.060001,48.816204
2015-01-26,56.250000,55.669998,56.099998,48.851044
2015-01-27,55.910000,54.849998,55.259998,48.119583
2015-01-28,55.720001,54.299999,54.430000,47.396828
2015-01-29,55.500000,54.020000,55.480000,48.311157
2015-01-30,55.310001,54.040001,54.130001,47.135593
2015-02-02,54.419998,53.330002,54.310001,47.292336
2015-02-03,55.220001,54.070000,55.099998,47.980247
2015-02-04,59.639999,57.000000,57.880001,50.401043
2015-02-05,58.209999,56.529999,57.639999,50.192047
2015-02-06,57.939999,56.900002,57.439999,50.017887
2015-02-09,57.900002,56.900002,57.450001,50.026611
2015-02-10,58.500000,57.730000,58.400002,50.853851
2015-02-11,59.090000,58.430000,58.889999,51.280525
2015-02-12,60.299999,59.020000,60.279999,52.490925
2015-02-13,60.500000,59.610001,60.230000,52.447384
2015-02-17,60.540001,59.689999,60.189999,52.412552
2015-02-18,61.119999,59.919998,61.090000,53.196255
2015-02-19,62.009998,60.860001,62.000000,53.988663
2015-02-20,63.080002,61.380001,63.049999,54.902992
2015-02-23,63.020000,61.820000,62.430000,54.363110
2015-02-24,62.560001,61.810001,62.450001,54.380535
2015-02-25,62.680000,61.990002,62.650002,54.554672
2015-02-26,63.099998,62.259998,62.790001,54.676590
2015-02-27,63.150002,62.400002,62.490002,54.415356
2015-03-02,63.189999,62.459999,62.919998,54.789787
2015-03-03,63.139999,62.290001,62.779999,54.667885
2015-03-04,62.770000,61.480000,62.060001,54.040924
2015-03-05,62.419998,61.830002,62.360001,54.302147
2015-03-06,62.450001,61.430000,61.610001,53.649063
2015-03-09,62.090000,61.509998,61.919998,53.919006
2015-03-10,61.299999,60.470001,60.650002,52.813114
2015-03-11,61.099998,60.290001,60.849998,52.987259
2015-03-12,61.770000,60.930000,61.650002,53.683907
2015-03-13,62.250000,60.759998,61.150002,53.248501
2015-03-16,62.389999,61.650002,62.029999,54.014786
2015-03-17,62.480000,61.549999,62.250000,54.206364
2015-03-18,64.279999,61.990002,63.790001,55.547379
2015-03-19,64.449997,63.529999,64.250000,55.947937
2015-03-20,64.690002,63.820000,64.059998,55.782478
2015-03-23,64.180000,63.740002,63.919998,55.660583
2015-03-24,63.900002,62.950001,62.970001,54.833332
2015-03-25,63.040001,61.150002,61.200001,53.292034
2015-03-26,63.040001,60.500000,62.529999,54.450184
2015-03-27,63.189999,62.160000,63.000000,54.859451
2015-03-30,63.939999,62.990002,63.340000,55.155521
2015-03-31,63.240002,62.330002,62.389999,54.328281
2015-04-01,62.500000,61.500000,61.980000,53.971241
2015-04-02,62.770000,61.680000,62.570000,54.485016
2015-04-06,62.910000,62.000000,62.419998,54.354404
2015-04-07,62.770000,62.020000,62.049999,54.032207
2015-04-08,62.919998,61.919998,62.540001,54.458897
2015-04-09,63.230000,62.200001,63.160000,54.998775
2015-04-10,63.220001,62.700001,62.799999,54.685291
2015-04-13,62.930000,61.669998,61.730000,53.753559
2015-04-14,62.639999,61.400002,62.619999,54.528553
2015-04-15,63.150002,62.470001,63.110001,54.955246
2015-04-16,62.930000,62.209999,62.450001,54.380535
2015-04-17,61.810001,60.410000,60.700001,52.856651
2015-04-20,61.470001,60.799999,61.139999,53.239799
2015-04-21,61.849998,61.290001,61.410000,53.474918
2015-04-22,61.400002,60.759998,61.209999,53.300758
2015-04-23,61.419998,60.419998,61.200001,53.292034
2015-04-24,60.660000,59.650002,59.730000,52.011982
2015-04-27,60.139999,59.130001,59.509998,51.820423
2015-04-28,60.509998,59.279999,60.330002,52.534462
2015-04-29,60.549999,59.500000,59.919998,52.177437
2015-04-30,59.900002,58.380001,58.540001,50.975761
2015-05-01,59.209999,58.349998,59.139999,51.498219
2015-05-04,65.550003,62.730000,62.779999,54.667885
2015-05-05,63.110001,60.919998,61.000000,53.117878
2015-05-06,61.540001,59.959999,60.619999,52.786980
2015-05-07,61.700001,60.220001,61.310001,53.387829
2015-05-08,63.189999,61.910000,63.090000,54.937828
2015-05-11,63.709999,62.639999,62.680000,54.580803
2015-05-12,62.660000,61.669998,62.130001,54.101871
2015-05-13,62.790001,61.610001,61.849998,53.858047
2015-05-14,63.919998,62.020000,63.820000,55.573505
2015-05-15,64.029999,63.009998,63.570000,55.355804
2015-05-18,64.989998,63.230000,64.739998,56.374603
2015-05-19,65.550003,64.760002,65.029999,56.627155
2015-05-20,65.580002,64.650002,65.000000,56.601032
2015-05-21,65.260002,64.680000,64.970001,56.574909
2015-05-22,65.230003,64.699997,64.809998,56.435577
2015-05-26,64.660004,63.570000,63.820000,55.573505
2015-05-27,64.750000,63.610001,64.680000,56.322376
2015-05-28,64.930000,64.139999,64.839996,56.461704
2015-05-29,65.169998,64.250000,64.720001,56.357212
2015-06-01,65.480003,64.440002,65.400002,56.949348
2015-06-02,65.959999,64.980003,65.599998,57.123482
2015-06-03,65.879997,65.180000,65.699997,57.210571
2015-06-04,65.660004,64.260002,64.470001,56.139503
2015-06-05,64.820000,63.639999,64.599998,56.252720
2015-06-08,64.589996,63.560001,63.590000,55.373219
2015-06-09,63.880001,62.630001,63.709999,55.477703
2015-06-10,65.370003,63.810001,64.849998,56.470409
2015-06-11,65.160004,64.250000,64.510002,56.174339
2015-06-12,64.379997,63.599998,63.610001,55.390640
2015-06-15,63.189999,62.549999,62.980000,54.842041
2015-06-16,62.970001,61.619999,62.720001,54.615639
2015-06-17,63.130001,61.610001,62.080002,54.058338
2015-06-18,63.610001,62.369999,63.250000,55.077160
2015-06-19,63.480000,62.470001,62.490002,54.415356
2015-06-22,63.299999,62.540001,63.200001,55.033600
2015-06-23,63.470001,62.889999,63.290001,55.111984
2015-06-24,63.720001,62.990002,63.020000,54.876869
2015-06-25,63.950001,63.060001,63.700001,55.469006
2015-06-26,64.260002,63.450001,63.830002,55.582207
2015-06-29,63.130001,61.060001,61.180000,53.274647
2015-06-30,61.790001,60.779999,61.090000,53.196255
2015-07-01,62.330002,61.529999,62.119999,54.093174
2015-07-02,62.230000,57.689999,60.529999,52.708618
2015-07-06,61.240002,59.419998,59.959999,52.212269
2015-07-07,60.470001,59.080002,60.299999,52.508331
2015-07-08,60.189999,58.900002,59.029999,51.402435
2015-07-09,60.110001,59.410000,59.490002,51.803005
2015-07-10,60.459999,59.680000,59.709999,51.994576
2015-07-13,60.529999,59.980000,60.230000,52.447384
2015-07-14,60.950001,60.110001,60.610001,52.778286
2015-07-15,61.360001,60.009998,60.849998,52.987259
2015-07-16,61.980000,60.950001,61.169998,53.265919
2015-07-17,61.459999,60.230000,60.590000,52.760860
2015-07-20,60.860001,60.310001,60.490002,52.673786
2015-07-21,61.990002,61.320000,61.560001,53.605530
2015-07-22,62.419998,61.369999,62.189999,54.154118
2015-07-23,62.689999,61.950001,62.259998,54.215073
2015-07-24,62.689999,61.349998,61.599998,53.640350
2015-07-27,61.340000,60.580002,60.750000,52.900188
2015-07-28,61.500000,60.389999,61.169998,53.265919
2015-07-29,62.330002,60.930000,62.259998,54.215073
2015-07-30,63.279999,61.320000,63.119999,54.963959
2015-07-31,63.669998,62.759998,63.099998,54.946526
2015-08-03,63.380001,62.500000,62.880001,54.754959
2015-08-04,63.820000,62.930000,63.290001,55.111984
2015-08-05,69.349998,67.230003,67.339996,58.638653
2015-08-06,68.260002,66.379997,67.080002,58.412270
2015-08-07,68.059998,66.339996,67.620003,58.882492
2015-08-10,68.489998,67.849998,68.440002,59.596546
2015-08-11,68.150002,67.019997,67.779999,59.021824
2015-08-12,67.919998,66.629997,67.470001,58.751854
2015-08-13,68.269997,66.860001,67.940002,59.161148
2015-08-14,68.040001,67.019997,67.169998,58.490631
2015-08-17,67.709999,66.690002,67.650002,58.908619
2015-08-18,67.980003,67.379997,67.839996,59.074055
2015-08-19,67.720001,66.820000,67.029999,58.368729
2015-08-20,66.750000,65.220001,65.699997,57.210571
2015-08-21,65.599998,62.849998,62.849998,54.728836
2015-08-24,62.230000,57.500000,59.830002,52.099068
2015-08-25,62.240002,58.830002,58.980000,51.358906
2015-08-26,62.240002,59.770000,62.160000,54.127995
2015-08-27,63.910000,62.259998,63.799999,55.556080
2015-08-28,64.120003,62.610001,63.720001,55.486420
2015-08-31,63.389999,62.549999,62.939999,54.807213
2015-09-01,62.400002,60.830002,61.230000,53.318165
2015-09-02,62.549999,60.610001,62.540001,54.458897
2015-09-03,63.400002,62.540001,62.860001,54.737556
2015-09-04,62.439999,61.230000,61.750000,53.770981
2015-09-08,63.490002,62.470001,63.169998,55.007488
2015-09-09,63.869999,61.939999,62.130001,54.101871
2015-09-10,63.220001,61.689999,62.630001,54.537270
2015-09-11,62.970001,61.950001,62.790001,54.676590
2015-09-14,63.119999,61.950001,62.080002,54.058338
2015-09-15,62.840000,62.040001,62.770000,54.659180
2015-09-16,64.000000,62.730000,63.619999,55.399338
2015-09-17,63.779999,62.750000,62.889999,54.763672
2015-09-18,62.619999,61.509998,61.830002,53.840637
2015-09-21,63.099998,62.000000,62.820000,54.702713
2015-09-22,62.430000,61.320000,61.860001,53.866756
2015-09-23,62.520000,61.610001,62.250000,54.206364
2015-09-24,61.849998,60.560001,61.119999,53.222374
2015-09-25,62.080002,60.840000,61.290001,53.370422
2015-09-28,61.490002,59.910000,60.040001,52.281940
2015-09-29,60.730000,59.939999,60.580002,52.752163
2015-09-30,62.700001,61.099998,62.610001,54.519855
2015-10-01,63.560001,62.230000,63.270000,55.094578
2015-10-02,63.279999,61.270000,63.270000,55.094578
2015-10-05,65.260002,63.599998,65.110001,56.696812
2015-10-06,65.209999,64.529999,64.980003,56.583622
2015-10-07,65.989998,64.800003,65.989998,57.463104
2015-10-08,66.620003,65.480003,66.360001,57.785297
2015-10-09,66.980003,66.360001,66.940002,58.290340
2015-10-12,67.959999,65.779999,66.190002,57.637257
2015-10-13,65.879997,64.599998,64.839996,56.461704
2015-10-14,65.279999,64.550003,64.750000,56.383335
2015-10-15,65.269997,64.419998,64.900002,56.513947
2015-10-16,65.570000,64.599998,64.900002,56.513947
2015-10-19,65.059998,64.370003,65.050003,56.644566
2015-10-20,65.330002,64.660004,65.199997,56.775177
2015-10-21,66.180000,64.870003,64.970001,56.574909
2015-10-22,68.489998,65.629997,68.430000,59.587830
2015-10-23,69.320000,68.199997,68.830002,59.936131
2015-10-26,69.120003,68.220001,68.449997,59.605236
2015-10-27,68.330002,67.779999,68.260002,59.439781
2015-10-28,69.800003,68.199997,69.760002,60.745953
2015-10-29,69.519997,68.699997,68.879997,59.979664
2015-10-30,69.080002,68.089996,68.110001,59.309158
2015-11-02,68.660004,68.150002,68.430000,59.587830
2015-11-03,68.910004,68.059998,68.139999,59.335293
2015-11-04,67.320000,65.339996,66.820000,58.185852
2015-11-05,67.660004,66.559998,67.169998,58.490631
2015-11-06,69.230003,66.820000,69.050003,60.127712
2015-11-09,68.800003,67.470001,67.970001,59.187260
2015-11-10,68.180000,67.410004,68.089996,59.291752
2015-11-11,68.980003,67.690002,67.889999,59.117596
2015-11-12,68.040001,66.940002,67.110001,58.438396
2015-11-13,67.180000,65.809998,65.900002,57.384743
2015-11-16,66.279999,65.349998,65.860001,57.349903
2015-11-17,65.860001,63.270000,64.110001,55.826031
2015-11-18,65.360001,63.869999,65.260002,56.827438
2015-11-19,65.580002,64.910004,65.239998,56.810009
2015-11-20,65.910004,65.040001,65.129997,56.714226
2015-11-23,65.089996,63.930000,64.239998,55.939228
2015-11-24,64.779999,63.689999,64.580002,56.235298
2015-11-25,64.830002,64.199997,64.470001,56.139503
2015-11-27,65.430000,64.510002,64.730003,56.365921
2015-11-30,64.989998,64.279999,64.580002,56.235298
2015-12-01,65.250000,64.559998,65.199997,56.775177
2015-12-02,65.199997,63.959999,64.040001,55.765072
2015-12-03,64.290001,61.169998,61.669998,53.701302
2015-12-04,63.040001,61.529999,62.959999,54.824612
2015-12-07,62.810001,61.619999,62.000000,53.988663
2015-12-08,62.619999,61.310001,62.009998,53.997383
2015-12-09,62.299999,59.840000,60.330002,52.534462
2015-12-10,60.919998,60.119999,60.369999,52.569298
2015-12-11,59.820000,58.150002,58.299999,50.766766
2015-12-14,59.770000,58.669998,59.759998,52.038105
2015-12-15,61.049999,60.000000,60.509998,52.691208
2015-12-16,62.520000,60.799999,62.419998,54.354404
2015-12-17,62.320000,60.139999,60.419998,52.612835
2015-12-18,60.419998,58.750000,58.860001,51.254417
2015-12-21,59.919998,59.119999,59.740002,52.020699
2015-12-22,60.240002,59.410000,60.099998,52.334167
2015-12-23,60.590000,60.110001,60.400002,52.595409
2015-12-24,61.000000,60.380001,60.730000,52.882786
2015-12-28,60.709999,59.860001,60.500000,52.682495
2015-12-29,61.650002,60.410000,61.410000,53.474918
2015-12-30,61.720001,60.959999,61.000000,53.117878
2015-12-31,61.029999,60.000000,60.020000,52.264515
2016-01-04,58.810001,57.470001,58.130001,50.618740
2016-01-05,58.680000,57.970001,58.130001,50.618740
2016-01-06,57.889999,56.599998,57.130001,49.747944
2016-01-07,57.950001,55.529999,56.639999,49.321243
2016-01-08,56.900002,55.700001,55.759998,48.554974
2016-01-11,56.520000,55.580002,56.119999,48.868458
2016-01-12,59.919998,57.450001,59.650002,51.942337
2016-01-13,59.950001,57.380001,57.770000,50.305256
2016-01-14,61.090000,58.000000,60.209999,52.429966
2016-01-15,59.330002,57.799999,58.709999,51.123791
2016-01-19,60.240002,58.310001,59.939999,52.194859
2016-01-20,59.939999,58.029999,59.250000,51.594006
2016-01-21,60.160000,58.630001,59.060001,51.428555
2016-01-22,60.630001,59.340000,60.509998,52.691208
2016-01-25,61.810001,60.169998,60.919998,53.048222
2016-01-26,62.110001,60.660000,61.939999,53.936424
2016-01-27,62.590000,60.619999,61.009998,53.126587
2016-01-28,62.259998,61.139999,61.340000,53.413956
2016-01-29,63.430000,61.820000,63.310001,55.129410
2016-02-01,63.000000,62.070000,62.330002,54.276035
2016-02-02,61.630001,59.779999,60.119999,52.351582
2016-02-03,61.020000,59.509998,60.759998,52.908909
2016-02-04,60.360001,58.980000,59.619999,51.916206
2016-02-05,59.720001,57.950001,58.540001,50.975761
2016-02-08,55.439999,53.040001,54.049999,47.065926
2016-02-09,54.029999,51.220001,52.330002,45.568184
2016-02-10,54.290001,52.939999,53.320000,46.430260
2016-02-11,52.860001,51.330002,52.110001,45.376610
2016-02-12,53.869999,52.520000,53.869999,46.909187
2016-02-16,55.209999,54.020000,55.009998,47.901897
2016-02-17,56.880001,55.029999,56.610001,49.295139
2016-02-18,57.270000,55.869999,56.009998,48.772655
2016-02-19,56.029999,55.070000,55.900002,48.676891
2016-02-22,57.410000,56.340000,56.630001,49.312557
2016-02-23,56.750000,55.700001,55.759998,48.554974
2016-02-24,56.330002,54.529999,56.189999,48.929401
2016-02-25,57.250000,55.560001,57.240002,49.843739
2016-02-26,57.799999,56.869999,57.040001,49.669575
2016-02-29,57.500000,56.660000,56.980000,49.617340
2016-03-01,58.419998,57.419998,58.209999,50.688400
2016-03-02,58.250000,57.240002,57.680000,50.226879
2016-03-03,58.000000,56.750000,57.799999,50.331375
2016-03-04,58.400002,57.419998,57.740002,50.279129
2016-03-07,57.290001,56.459999,57.000000,49.634747
2016-03-08,56.599998,55.779999,55.930000,48.703003
2016-03-09,56.240002,55.660000,56.049999,48.807507
2016-03-10,56.980000,54.650002,55.419998,48.258911
2016-03-11,57.080002,55.619999,56.970001,49.608616
2016-03-14,58.220001,56.450001,58.119999,50.610031
2016-03-15,58.230000,57.660000,58.029999,50.531662
2016-03-16,58.980000,57.310001,58.910000,51.297943
2016-03-17,58.990002,58.240002,58.730000,51.141201
2016-03-18,59.320000,57.930000,59.250000,51.594006
2016-03-21,59.720001,58.730000,59.520000,51.829121
2016-03-22,59.639999,58.799999,58.849998,51.245708
2016-03-23,59.270000,58.230000,59.060001,51.428555
2016-03-24,60.639999,58.779999,60.320000,52.525753
2016-03-28,60.730000,59.919998,60.180000,52.403839
2016-03-29,61.790001,59.950001,61.619999,53.657768
2016-03-30,62.849998,61.790001,62.450001,54.380535
2016-03-31,63.020000,62.040001,62.700001,54.598225
2016-04-01,63.189999,62.209999,63.119999,54.963959
2016-04-04,63.139999,61.599998,61.759998,53.779675
2016-04-05,61.560001,60.889999,61.180000,53.274647
2016-04-06,61.650002,60.889999,61.560001,53.605530
2016-04-07,61.230000,59.889999,59.990002,52.238400
2016-04-08,60.799999,59.919998,60.160000,52.386433
2016-04-11,61.119999,59.959999,59.980000,52.229683
2016-04-12,60.840000,58.939999,59.459999,51.776867
2016-04-13,60.740002,59.439999,60.450001,52.638958
2016-04-14,60.770000,60.060001,60.360001,52.560585
2016-04-15,60.959999,59.950001,60.070000,52.308064
2016-04-18,60.509998,59.119999,60.380001,52.577995
2016-04-19,60.630001,59.250000,59.849998,52.116486
2016-04-20,60.389999,59.330002,60.090000,52.325481
2016-04-21,60.419998,59.709999,60.049999,52.290642
2016-04-22,60.619999,59.689999,60.439999,52.630238
2016-04-25,60.310001,59.689999,60.209999,52.429966
2016-04-26,60.950001,60.160000,60.630001,52.795692
2016-04-27,61.250000,60.110001,60.580002,52.752163
2016-04-28,60.500000,59.580002,59.730000,52.011982
2016-04-29,59.500000,57.779999,58.369999,50.827709
2016-05-02,58.630001,57.950001,58.369999,50.827709
2016-05-03,58.299999,57.520000,57.650002,50.200768
2016-05-04,57.830002,57.000000,57.540001,50.104969
2016-05-05,57.759998,57.060001,57.590000,50.148514
2016-05-06,60.810001,56.209999,60.549999,52.726025
2016-05-09,61.169998,60.049999,60.820000,52.961140
2016-05-10,61.950001,60.570000,61.740002,53.762268
2016-05-11,61.980000,60.900002,61.099998,53.204964
2016-05-12,61.459999,60.509998,61.130001,53.231087
2016-05-13,62.090000,60.790001,61.349998,53.422649
2016-05-16,62.040001,60.869999,61.810001,53.823219
2016-05-17,62.060001,61.310001,61.639999,53.675186
2016-05-18,62.400002,61.389999,62.020000,54.006088
2016-05-19,62.150002,61.450001,62.009998,53.997383
2016-05-20,63.230000,61.910000,62.939999,54.807213
2016-05-23,62.900002,61.700001,61.740002,53.762268
2016-05-24,63.000000,61.950001,62.910000,54.781094
2016-05-25,63.150002,62.529999,62.599998,54.511147
2016-05-26,62.810001,62.049999,62.259998,54.215073
2016-05-27,62.730000,62.139999,62.459999,54.389229
2016-05-31,62.630001,61.270000,61.439999,53.501030
2016-06-01,61.549999,60.900002,61.130001,53.231087
2016-06-02,61.349998,60.689999,61.340000,53.413956
2016-06-03,61.330002,60.099998,60.119999,52.351582
2016-06-06,60.419998,59.470001,60.349998,52.551880
2016-06-07,61.060001,60.259998,60.730000,52.882786
2016-06-08,61.759998,60.610001,61.619999,53.657768
2016-06-09,61.160000,60.389999,60.990002,53.109184
2016-06-10,60.790001,59.799999,60.270000,52.482224
2016-06-13,60.980000,59.759998,60.049999,52.290642
2016-06-14,60.720001,59.880001,60.599998,52.769577
2016-06-15,60.860001,59.509998,59.630001,51.924911
2016-06-16,59.860001,58.590000,59.709999,51.994576
2016-06-17,60.020000,58.939999,59.549999,51.855244
2016-06-20,61.759998,60.419998,61.299999,53.379116
2016-06-21,61.849998,61.189999,61.599998,53.640350
2016-06-22,62.150002,61.430000,61.720001,53.744850
2016-06-23,62.709999,61.630001,62.700001,54.598225
2016-06-24,60.040001,57.959999,58.009998,50.514236
2016-06-27,57.549999,55.169998,55.480000,48.311157
2016-06-28,56.689999,55.619999,56.000000,48.763958
2016-06-29,57.509998,56.299999,57.090000,49.713120
2016-06-30,57.480000,56.700001,57.240002,49.843739
2016-07-01,58.169998,57.000000,57.200001,49.808907
2016-07-05,56.869999,56.090000,56.400002,49.112286
2016-07-06,56.840000,55.419998,56.770000,49.434460
2016-07-07,57.470001,56.610001,56.840000,49.495415
2016-07-08,58.160000,57.110001,57.930000,50.444580
2016-07-11,58.709999,58.080002,58.439999,50.888680
2016-07-12,58.680000,57.950001,58.360001,50.819019
2016-07-13,58.860001,58.049999,58.490002,50.932198
2016-07-14,59.410000,58.730000,58.939999,51.324059
2016-07-15,58.070000,56.520000,57.759998,50.296551
2016-07-18,58.029999,57.630001,57.980000,50.488117
2016-07-19,58.040001,57.480000,57.669998,50.218166
2016-07-20,58.820000,57.500000,58.720001,51.132484
2016-07-21,58.830002,58.220001,58.310001,50.775467
2016-07-22,58.590000,57.529999,58.360001,50.819019
2016-07-25,58.400002,57.880001,58.400002,50.853851
2016-07-26,58.910000,58.330002,58.619999,51.045418
2016-07-27,58.549999,57.880001,58.250000,50.723217
2016-07-28,58.630001,57.529999,57.889999,50.409733
2016-07-29,58.080002,57.169998,57.490002,50.061424
2016-08-01,58.480000,57.360001,58.450001,50.897385
2016-08-02,58.509998,57.529999,57.849998,50.374908
2016-08-03,58.310001,57.500000,58.150002,50.636150
2016-08-04,58.970001,57.889999,58.770000,51.176033
2016-08-05,60.470001,56.849998,59.709999,51.994576
2016-08-08,59.709999,58.240002,58.310001,50.775467
2016-08-09,58.470001,57.590000,57.669998,50.218166
2016-08-10,57.889999,57.310001,57.529999,50.096252
2016-08-11,57.919998,57.119999,57.330002,49.922108
2016-08-12,58.250000,57.060001,58.200001,50.679695
2016-08-15,58.310001,57.290001,57.880001,50.401043
2016-08-16,57.980000,57.279999,57.299999,49.895985
2016-08-17,57.450001,56.419998,57.000000,49.634747
2016-08-18,57.000000,56.320000,56.939999,49.582504
2016-08-19,57.650002,56.930000,57.139999,49.756668
2016-08-22,57.810001,56.849998,57.740002,50.279129
2016-08-23,58.660000,57.529999,58.150002,50.636150
2016-08-24,58.250000,57.349998,57.669998,50.218166
2016-08-25,57.970001,57.340000,57.570000,50.131092
2016-08-26,58.200001,57.330002,57.869999,50.392330
2016-08-29,58.099998,57.450001,57.849998,50.374908
2016-08-30,58.189999,57.509998,57.910000,50.427162
2016-08-31,57.910000,57.060001,57.439999,50.017887
2016-09-01,57.869999,56.950001,57.590000,50.148514
2016-09-02,58.610001,57.880001,58.360001,50.819019
2016-09-06,58.660000,58.119999,58.660000,51.080250
2016-09-07,59.000000,58.220001,58.380001,50.836430
2016-09-08,57.939999,56.060001,56.160000,48.903294
2016-09-09,56.360001,55.230000,55.230000,48.093456
2016-09-12,56.520000,55.049999,56.400002,49.112286
2016-09-13,55.770000,54.480000,55.000000,47.893181
2016-09-14,54.980000,53.950001,54.029999,47.048515
2016-09-15,54.410000,52.910000,54.099998,47.109470
2016-09-16,53.970001,52.860001,53.320000,46.430260
2016-09-19,54.020000,53.009998,53.330002,46.438961
2016-09-20,53.680000,52.950001,52.959999,46.116779
2016-09-21,53.490002,52.919998,53.450001,46.543457
2016-09-22,54.320000,53.619999,54.209999,47.205250
2016-09-23,54.560001,53.709999,54.410000,47.379406
2016-09-26,54.349998,53.610001,54.150002,47.153008
2016-09-27,54.750000,53.919998,54.400002,47.370708
2016-09-28,54.959999,54.169998,54.889999,47.797386
2016-09-29,55.930000,54.990002,55.000000,47.893181
2016-09-30,49.759998,45.439999,47.709999,41.545143
2016-10-03,51.259998,48.500000,50.400002,43.887566
2016-10-04,51.250000,49.919998,50.090000,43.617634
2016-10-05,51.430000,50.060001,50.900002,44.322964
2016-10-06,51.410000,50.619999,51.209999,44.592899
2016-10-07,51.369999,50.279999,50.349998,43.844028
2016-10-10,50.950001,50.360001,50.450001,43.931107
2016-10-11,50.560001,49.540001,49.889999,43.443470
2016-10-12,50.939999,49.740002,49.980000,43.521839
2016-10-13,51.369999,49.680000,51.250000,44.627728
2016-10-14,51.660000,50.330002,50.340000,43.835320
2016-10-17,50.919998,50.060001,50.099998,43.626331
2016-10-18,50.630001,49.700001,50.220001,43.730820
2016-10-19,50.840000,50.250000,50.389999,43.878868
2016-10-20,50.700001,49.720001,50.080002,43.608913
2016-10-21,50.020000,49.349998,49.709999,43.286716
2016-10-24,50.900002,50.110001,50.450001,43.931107
2016-10-25,51.040001,50.310001,50.639999,44.096554
2016-10-26,51.119999,50.430000,50.869999,44.296837
2016-10-27,51.500000,50.860001,51.299999,44.671272
2016-10-28,51.959999,51.400002,51.570000,44.906384
2016-10-31,51.980000,51.160000,51.349998,44.714809
2016-11-01,51.990002,51.119999,51.500000,44.845417
2016-11-02,52.189999,51.220001,51.410000,44.767071
2016-11-03,51.939999,51.380001,51.650002,44.976048
2016-11-04,52.980000,51.500000,52.080002,45.350479
2016-11-07,55.250000,53.520000,54.750000,47.675476
2016-11-08,55.230000,54.330002,54.889999,47.797386
2016-11-09,53.189999,51.459999,53.009998,46.160316
2016-11-10,54.660000,52.959999,53.810001,46.856949
2016-11-11,54.119999,52.820000,53.950001,46.978855
2016-11-14,54.279999,53.090000,53.950001,46.978855
2016-11-15,54.410000,53.750000,54.169998,47.170429
2016-11-16,55.450001,53.770000,55.330002,48.180538
2016-11-17,56.939999,55.130001,56.380001,49.094860
2016-11-18,56.860001,55.040001,55.570000,48.389519
2016-11-21,55.669998,54.680000,55.099998,47.980247
2016-11-22,53.549999,52.369999,53.180000,46.308342
2016-11-23,52.650002,51.349998,51.860001,45.158913
2016-11-25,53.509998,52.000000,53.250000,46.369305
2016-11-28,58.500000,56.830002,56.950001,49.591202
2016-11-29,56.950001,55.520000,55.630001,48.441769
2016-11-30,56.259998,54.980000,55.080002,47.962852
2016-12-01,55.570000,53.889999,54.080002,47.092060
2016-12-02,54.560001,53.750000,54.020000,47.039818
2016-12-05,55.090000,53.950001,54.759998,47.684177
2016-12-06,55.340000,54.200001,55.299999,48.154408
2016-12-07,57.209999,55.000000,57.099998,49.721828
2016-12-08,56.990002,55.880001,56.169998,48.911991
2016-12-09,56.480000,55.419998,55.840000,48.624641
2016-12-12,56.080002,55.240002,55.889999,48.668175
2016-12-13,56.830002,55.900002,56.689999,49.364784
2016-12-14,57.160000,56.209999,56.340000,49.060028
2016-12-15,57.000000,56.000000,56.799999,49.460579
2016-12-16,56.889999,55.849998,56.259998,48.990368
2016-12-19,56.930000,56.189999,56.689999,49.364784
2016-12-20,56.740002,56.209999,56.419998,49.129692
2016-12-21,56.590000,55.980000,56.279999,49.007771
2016-12-22,56.540001,55.580002,56.450001,49.155815
2016-12-23,56.900002,56.080002,56.490002,49.190647
2016-12-27,57.070000,56.419998,56.619999,49.303852
2016-12-28,57.040001,56.040001,56.150002,48.894569
2016-12-29,56.599998,56.029999,56.180000,48.920700
2016-12-30,56.509998,55.790001,56.029999,48.790092
2017-01-03,56.779999,56.009998,56.520000,49.216766
2017-01-04,57.400002,56.200001,57.320000,49.913399
2017-01-05,57.459999,56.980000,57.090000,49.713120
2017-01-06,58.000000,56.380001,57.869999,50.392330
2017-01-09,57.750000,56.450001,56.580002,49.269032
2017-01-10,56.930000,55.939999,56.660000,49.338669
2017-01-11,57.090000,56.270000,57.009998,49.643436
2017-01-12,57.169998,56.160000,56.990002,49.626045
2017-01-13,57.119999,56.270000,56.520000,49.216766
2017-01-17,56.880001,56.320000,56.580002,49.269032
2017-01-18,57.639999,56.599998,57.360001,49.948235
2017-01-19,57.430000,56.490002,56.650002,49.329975
2017-01-20,57.119999,56.459999,56.849998,49.504120
2017-01-23,56.950001,55.669998,56.169998,48.911991
2017-01-24,56.730000,55.750000,56.610001,49.295139
2017-01-25,57.570000,56.580002,57.549999,50.113678
2017-01-26,57.680000,56.259998,56.270000,48.999073
2017-01-27,56.630001,56.049999,56.130001,48.877163
2017-01-30,55.250000,53.529999,53.660000,46.726334
2017-01-31,53.139999,51.520000,52.590000,45.794582
2017-02-01,52.910000,51.950001,52.450001,45.672680
2017-02-02,52.820000,51.580002,51.680000,45.002163
2017-02-03,52.540001,51.660000,52.500000,45.716217
2017-02-06,53.480000,52.439999,52.759998,45.942619
2017-02-07,54.169998,52.639999,53.790001,46.839527
2017-02-08,57.490002,54.759998,56.450001,49.155815
2017-02-09,58.410000,56.290001,58.000000,50.505531
2017-02-10,58.340000,57.369999,57.400002,49.983059
2017-02-13,58.000000,57.529999,57.639999,50.192047
2017-02-14,57.689999,57.180000,57.360001,49.948235
2017-02-15,58.400002,57.070000,58.130001,50.618740
2017-02-16,58.480000,57.750000,58.099998,50.592598
2017-02-17,58.439999,57.619999,57.959999,50.470703
2017-02-21,58.689999,57.660000,58.619999,51.045418
2017-02-22,58.799999,57.919998,58.750000,51.158615
2017-02-23,59.310001,58.619999,59.150002,51.506935
2017-02-24,59.500000,58.750000,59.500000,51.811707
2017-02-27,59.669998,59.110001,59.580002,51.881374
2017-02-28,59.580002,59.119999,59.270000,51.611423
2017-03-01,60.389999,59.490002,60.250000,52.464798
2017-03-02,60.330002,59.669998,60.169998,52.395142
2017-03-03,60.259998,59.689999,59.880001,52.142597
2017-03-06,59.549999,58.490002,58.830002,51.228283
2017-03-07,59.299999,57.770000,57.840000,50.366199
2017-03-08,57.990002,57.150002,57.490002,50.061424
2017-03-09,57.750000,57.000000,57.669998,50.218166
2017-03-10,59.279999,58.110001,58.740002,51.149921
2017-03-13,59.340000,58.490002,59.250000,51.594006
2017-03-14,59.779999,58.919998,59.160000,51.515636
2017-03-15,59.450001,58.759998,59.259998,51.602718
2017-03-16,60.000000,59.259998,59.410000,51.733337
2017-03-17,59.889999,58.189999,58.560001,50.993172
2017-03-20,59.410000,58.439999,58.980000,51.358906
2017-03-21,59.400002,58.400002,58.529999,50.967049
2017-03-22,59.509998,58.520000,59.459999,51.776867
2017-03-23,59.340000,58.369999,58.759998,51.167320
2017-03-24,59.290001,58.540001,58.619999,51.045418
2017-03-27,58.860001,58.060001,58.709999,51.123791
2017-03-28,59.340000,58.310001,59.040001,51.411152
2017-03-29,59.200001,58.419998,59.080002,51.445988
2017-03-30,59.320000,58.910000,59.240002,51.585312
2017-03-31,59.820000,59.020000,59.520000,51.829121
2017-04-03,59.950001,58.169998,58.250000,50.723217
2017-04-04,58.439999,57.610001,58.209999,50.688400
2017-04-05,59.099998,57.930000,58.060001,50.557774
2017-04-06,58.419998,57.720001,58.139999,50.627438
2017-04-07,58.669998,58.029999,58.430000,50.879967
2017-04-10,59.099998,58.200001,58.970001,51.350204
2017-04-11,59.200001,58.410000,58.880001,51.271828
2017-04-12,59.009998,58.480000,58.660000,51.080250
2017-04-13,59.060001,58.290001,58.349998,50.810295
2017-04-17,58.820000,58.509998,58.700001,51.115082
2017-04-18,58.410000,57.650002,57.869999,50.392330
2017-04-19,58.330002,57.860001,57.970001,50.479424
2017-04-20,58.240002,57.500000,57.779999,50.313961
2017-04-21,57.980000,57.639999,57.849998,50.374908
2017-04-24,59.189999,58.450001,58.889999,51.280525
2017-04-25,59.369999,58.759998,59.090000,51.454689
2017-04-26,59.650002,58.970001,59.419998,51.742043
2017-04-27,59.730000,59.310001,59.700001,51.985867
2017-04-28,60.400002,59.439999,60.230000,52.447384
2017-05-01,60.750000,60.160000,60.349998,52.551880
2017-05-02,60.810001,60.200001,60.490002,52.673786
2017-05-03,60.799999,60.209999,60.560001,52.734741
2017-05-04,61.150002,60.560001,60.750000,52.900188
2017-05-05,63.340000,61.500000,63.220001,55.051033
2017-05-08,64.430000,63.000000,64.279999,55.974045
2017-05-09,64.339996,63.389999,64.169998,55.878273
2017-05-10,64.300003,63.660000,63.970001,55.704121
2017-05-11,64.320000,63.599998,64.250000,55.947937
2017-05-12,64.680000,64.040001,64.389999,56.069843
2017-05-15,64.720001,64.129997,64.489998,56.156921
2017-05-16,65.250000,64.260002,65.190002,56.766479
2017-05-17,65.000000,64.290001,64.500000,56.165642
2017-05-18,65.320000,63.959999,65.019997,56.750404
2017-05-19,65.519997,64.900002,65.419998,57.099545
2017-05-22,65.860001,65.169998,65.790001,57.422493
2017-05-23,66.300003,65.660004,66.010002,57.614506
2017-05-24,66.610001,65.849998,66.489998,58.033447
2017-05-25,67.040001,66.540001,66.879997,58.373844
2017-05-26,67.129997,66.699997,66.790001,58.295307
2017-05-30,66.690002,66.290001,66.489998,58.033447
2017-05-31,67.099998,66.430000,66.910004,58.400043
2017-06-01,67.440002,66.660004,67.389999,58.818996
2017-06-02,67.559998,66.660004,67.470001,58.888802
2017-06-05,67.879997,67.309998,67.559998,58.967361
2017-06-06,67.769997,67.150002,67.410004,58.836464
2017-06-07,67.389999,66.500000,66.959999,58.443665
2017-06-08,66.919998,66.300003,66.870003,58.365131
2017-06-09,67.129997,65.830002,66.309998,57.876347
2017-06-12,66.330002,65.589996,66.290001,57.858913
2017-06-13,66.639999,65.800003,66.430000,57.981091
2017-06-14,66.930000,65.940002,66.470001,58.016003
2017-06-15,66.550003,65.790001,66.389999,57.946175
2017-06-16,66.639999,65.870003,66.589996,58.120728
2017-06-19,67.459999,66.849998,67.400002,58.827709
2017-06-20,67.720001,67.010002,67.269997,58.714249
2017-06-21,68.180000,67.139999,67.910004,59.272850
2017-06-22,68.110001,66.870003,67.120003,58.583321
2017-06-23,67.779999,66.860001,67.379997,58.810268
2017-06-26,68.099998,67.309998,67.459999,58.880093
2017-06-27,67.680000,66.519997,66.529999,58.068371
2017-06-28,67.239998,66.529999,67.029999,58.504780
2017-06-29,67.160004,65.599998,66.139999,57.727974
2017-06-30,66.900002,66.169998,66.400002,57.954906
2017-07-03,66.980003,66.400002,66.699997,58.216740
2017-07-05,67.250000,66.139999,66.889999,58.382576
2017-07-06,66.690002,66.050003,66.290001,57.858913
2017-07-07,67.320000,66.370003,66.959999,58.443665
2017-07-10,67.320000,66.650002,67.279999,58.722969
2017-07-11,67.660004,67.059998,67.599998,59.002277
2017-07-12,68.370003,67.910004,68.129997,59.464886
2017-07-13,68.260002,67.610001,67.900002,59.264141
2017-07-14,68.910004,68.129997,68.830002,60.075848
2017-07-17,69.000000,68.519997,68.889999,60.128201
2017-07-18,68.959999,68.419998,68.790001,60.040916
2017-07-19,69.500000,68.650002,69.500000,60.660637
2017-07-20,70.300003,69.629997,69.959999,61.062138
2017-07-21,70.059998,69.599998,69.980003,61.079559
2017-07-24,70.059998,69.639999,69.959999,61.062138
2017-07-25,70.349998,69.730003,69.970001,61.070850
2017-07-26,70.449997,69.889999,70.050003,61.140678
2017-07-27,70.489998,69.250000,69.720001,60.852665
2017-07-28,69.900002,69.180000,69.320000,60.503532
2017-07-31,69.750000,69.239998,69.320000,60.503532
2017-08-01,70.019997,69.389999,69.510002,60.669380
2017-08-02,69.519997,68.040001,68.519997,59.805267
2017-08-03,70.050003,67.720001,69.949997,61.053391
2017-08-04,71.570000,70.599998,71.180000,62.126945
2017-08-07,71.169998,69.529999,69.589996,60.739182
2017-08-08,70.750000,69.519997,70.279999,61.341434
2017-08-09,71.080002,69.730003,71.010002,61.978603
2017-08-10,71.080002,69.919998,70.010002,61.105766
2017-08-11,70.709999,69.959999,70.610001,61.629456
2017-08-14,71.870003,70.940002,71.839996,62.703014
2017-08-15,71.910004,71.500000,71.669998,62.554619
2017-08-16,72.070000,71.559998,72.059998,62.895023
2017-08-17,71.980003,70.360001,70.389999,61.437424
2017-08-18,70.510002,69.580002,70.070000,61.288754
2017-08-21,70.169998,69.330002,69.519997,60.807674
2017-08-22,70.300003,69.599998,70.150002,61.358704
2017-08-23,70.129997,69.839996,70.019997,61.244995
2017-08-24,70.339996,69.519997,69.820000,61.070072
2017-08-25,70.739998,69.769997,69.779999,61.035072
2017-08-28,70.290001,69.809998,69.959999,61.192509
2017-08-29,69.779999,69.239998,69.650002,60.921368
2017-08-30,69.879997,69.370003,69.669998,60.938877
2017-08-31,71.000000,69.699997,70.769997,61.901009
2017-09-01,71.230003,70.750000,70.830002,61.953499
2017-09-05,70.730003,69.879997,70.540001,61.699833
2017-09-06,71.070000,70.529999,70.930000,62.040962
2017-09-07,71.800003,70.949997,71.419998,62.469540
2017-09-08,71.629997,71.000000,71.099998,62.189667
2017-09-11,72.330002,71.209999,72.180000,63.134312
2017-09-12,73.000000,72.099998,72.839996,63.711590
2017-09-13,72.989998,72.190002,72.269997,63.213043
2017-09-14,72.239998,71.500000,71.739998,62.749454
2017-09-15,71.930000,71.410004,71.820000,62.819420
2017-09-18,72.320000,71.809998,72.040001,63.011860
2017-09-19,72.820000,72.129997,72.500000,63.414211
2017-09-20,72.839996,72.010002,72.459999,63.379215
2017-09-21,72.580002,71.860001,71.860001,62.854424
2017-09-22,72.470001,71.910004,72.059998,63.029362
2017-09-25,72.050003,71.040001,71.690002,62.705727
2017-09-26,72.519997,71.510002,71.620003,62.644482
2017-09-27,72.330002,71.529999,71.910004,62.898136
2017-09-28,72.169998,71.389999,72.139999,63.099319
2017-09-29,72.650002,71.930000,72.540001,63.449169
2017-10-02,73.279999,72.349998,72.449997,63.370472
2017-10-03,72.919998,72.220001,72.550003,63.457935
2017-10-04,73.029999,72.260002,72.650002,63.545422
2017-10-05,73.230003,72.629997,73.199997,64.026482
2017-10-06,73.830002,73.000000,73.800003,64.551300
2017-10-09,73.910004,73.199997,73.650002,64.420090
2017-10-10,74.099998,73.620003,74.000000,64.726257
2017-10-11,74.010002,73.150002,73.599998,64.376358
2017-10-12,74.470001,73.739998,74.089996,64.804955
2017-10-13,74.769997,74.230003,74.379997,65.058601
2017-10-16,74.510002,73.790001,74.169998,64.874924
2017-10-17,74.129997,73.599998,73.970001,64.699989
2017-10-18,74.330002,73.639999,73.940002,64.673759
2017-10-19,74.470001,73.419998,74.269997,64.962402
2017-10-20,74.820000,74.190002,74.800003,65.425949
2017-10-23,75.000000,74.300003,74.400002,65.076118
2017-10-24,74.699997,74.150002,74.690002,65.329727
2017-10-25,74.750000,74.099998,74.250000,64.944893
2017-10-26,75.510002,74.540001,74.580002,65.233521
2017-10-27,75.500000,74.000000,75.389999,65.942032
2017-10-30,75.620003,74.750000,75.510002,66.046989
2017-10-31,76.510002,75.360001,75.669998,66.186935
2017-11-01,75.000000,70.529999,73.540001,64.323891
2017-11-02,75.110001,73.730003,74.360001,65.041122
2017-11-03,74.720001,73.769997,74.269997,64.962402
2017-11-06,75.290001,74.000000,74.779999,65.408463
2017-11-07,75.059998,74.529999,74.650002,65.294769
2017-11-08,75.080002,74.269997,74.379997,65.058601
2017-11-09,74.239998,73.500000,73.940002,64.673759
2017-11-10,74.440002,73.419998,74.260002,64.953651
2017-11-13,74.660004,73.809998,74.559998,65.216034
2017-11-14,75.190002,73.779999,74.970001,65.574661
2017-11-15,75.110001,73.970001,74.089996,64.804955
2017-11-16,75.769997,74.389999,75.379997,65.933273
2017-11-17,75.160004,72.879997,72.910004,63.899971
2017-11-20,72.910004,71.570000,71.900002,63.014812
2017-11-21,72.889999,71.489998,71.769997,62.900856
2017-11-22,72.059998,71.480003,71.709999,62.848263
2017-11-24,72.370003,71.529999,72.269997,63.339066
2017-11-27,72.610001,72.000000,72.400002,63.453011
2017-11-28,73.230003,72.379997,72.870003,63.864937
2017-11-29,72.989998,71.959999,72.110001,63.198837
2017-11-30,72.779999,71.449997,72.279999,63.347828
2017-12-01,72.410004,70.760002,71.360001,62.541523
2017-12-04,71.860001,70.320000,70.320000,61.630054
2017-12-05,71.309998,69.690002,70.430000,61.726440
2017-12-06,71.620003,69.940002,71.500000,62.664219
2017-12-07,71.790001,70.010002,71.610001,62.760632
2017-12-08,72.830002,71.489998,71.820000,62.944683
2017-12-11,72.040001,71.250000,71.559998,62.716801
2017-12-12,72.029999,70.940002,71.449997,62.620422
2017-12-13,72.120003,71.059998,71.190002,62.392540
2017-12-14,72.790001,71.650002,71.809998,62.935913
2017-12-15,72.300003,71.070000,72.080002,63.172539
2017-12-18,72.470001,71.720001,71.870003,62.988503
2017-12-19,72.440002,71.370003,71.930000,63.041061
2017-12-20,72.769997,71.949997,72.709999,63.724709
2017-12-21,73.860001,72.320000,72.400002,63.453011
2017-12-22,72.440002,71.500000,71.699997,62.839516
2017-12-26,71.919998,71.120003,71.239998,62.436352
2017-12-27,71.629997,71.080002,71.199997,62.401276
2017-12-28,71.529999,70.949997,71.389999,62.567814
2017-12-29,71.709999,71.010002,71.019997,62.243519
2018-01-02,71.330002,70.540001,70.949997,62.182159
2018-01-03,71.769997,70.900002,71.550003,62.708035
2018-01-04,72.970001,71.860001,72.680000,63.698406
2018-01-05,73.589996,72.760002,73.300003,64.241791
2018-01-08,73.660004,73.010002,73.370003,64.303154
2018-01-09,73.629997,73.199997,73.459999,64.382011
2018-01-10,74.019997,73.199997,73.970001,64.829002
2018-01-11,74.199997,73.620003,74.010002,64.864052
2018-01-12,74.849998,73.889999,74.559998,65.346077
2018-01-16,75.779999,74.419998,74.730003,65.495071
2018-01-17,76.029999,75.099998,75.839996,66.467880
2018-01-18,77.139999,76.110001,76.750000,67.265450
2018-01-19,77.379997,76.779999,77.290001,67.738716
2018-01-22,78.339996,77.190002,77.959999,68.325905
2018-01-23,78.779999,77.550003,78.260002,68.588829
2018-01-24,78.949997,78.110001,78.449997,68.755363
2018-01-25,78.830002,77.720001,77.949997,68.317154
2018-01-26,78.529999,77.680000,78.430000,68.737854
2018-01-29,78.419998,77.779999,78.150002,68.492462
2018-01-30,78.739998,77.519997,77.760002,68.150635
2018-01-31,78.230003,77.320000,77.980003,68.343437
2018-02-01,78.440002,77.089996,77.500000,67.922752
2018-02-02,77.080002,75.699997,75.720001,66.362717
2018-02-05,76.589996,73.250000,73.290001,64.233032
2018-02-06,74.269997,71.949997,73.900002,64.767639
2018-02-07,79.279999,76.500000,76.519997,67.063881
2018-02-08,78.080002,75.089996,75.160004,65.871948
2018-02-09,76.820000,74.059998,76.290001,66.862297
2018-02-12,77.900002,76.419998,77.430000,67.861412
2018-02-13,78.300003,76.660004,78.110001,68.457375
2018-02-14,80.129997,77.379997,79.820000,69.956047
2018-02-15,81.370003,79.330002,81.370003,71.314491
2018-02-16,81.870003,80.650002,80.949997,70.946419
2018-02-20,82.180000,80.610001,81.540001,71.463501
2018-02-21,83.559998,81.349998,81.800003,71.867661
2018-02-22,82.570000,81.370003,81.610001,71.700729
2018-02-23,82.529999,80.809998,82.529999,72.508995
2018-02-26,83.339996,82.269997,82.970001,72.895599
2018-02-27,83.790001,82.250000,82.510002,72.491432
2018-02-28,83.550003,81.860001,82.019997,72.060959
2018-03-01,82.500000,80.110001,80.650002,70.857285
2018-03-02,81.419998,79.519997,81.279999,71.410789
2018-03-05,82.580002,80.570000,82.269997,72.280579
2018-03-06,83.269997,82.010002,83.070000,72.983444
2018-03-07,83.559998,82.410004,83.250000,73.141594
2018-03-08,83.680000,82.660004,83.220001,73.115227
2018-03-09,84.949997,83.510002,84.709999,74.424286
2018-03-12,84.919998,83.800003,84.070000,73.862045
2018-03-13,84.989998,83.519997,83.790001,73.616035
2018-03-14,84.620003,83.449997,83.629997,73.475456
2018-03-15,85.099998,83.680000,84.830002,74.529747
2018-03-16,85.000000,84.230003,84.599998,74.327667
2018-03-19,84.760002,82.949997,83.809998,73.633598
2018-03-20,84.690002,83.910004,84.309998,74.072884
2018-03-21,84.570000,83.050003,83.349998,73.229454
2018-03-22,83.000000,80.660004,80.970001,71.138420
2018-03-23,81.459999,79.199997,79.260002,69.636078
2018-03-26,81.870003,79.650002,81.629997,71.718307
2018-03-27,82.739998,79.339996,80.080002,70.356491
2018-03-28,80.889999,79.379997,79.669998,69.996292
2018-03-29,81.610001,79.769997,80.500000,70.725525
2018-04-02,81.269997,78.459999,79.209999,69.592163
2018-04-03,80.720001,78.989998,80.050003,70.330162
2018-04-04,81.180000,78.580002,80.720001,70.918777
2018-04-05,81.480003,80.059998,80.919998,71.094505
2018-04-06,80.860001,78.540001,79.070000,69.469154
2018-04-09,80.230003,78.870003,78.910004,69.328590
2018-04-10,81.080002,80.099998,80.400002,70.637665
2018-04-11,80.260002,79.459999,79.930000,70.224701
2018-04-12,81.849998,80.080002,81.550003,71.648026
2018-04-13,82.230003,80.190002,80.820000,71.006668
2018-04-16,82.260002,81.000000,81.769997,71.841270
2018-04-17,82.500000,81.480003,82.190002,72.210289
2018-04-18,83.150002,81.629997,82.699997,72.658371
2018-04-19,83.239998,82.089996,82.370003,72.368446
2018-04-20,82.559998,81.389999,81.769997,71.841270
2018-04-23,82.199997,81.230003,81.570000,71.665596
2018-04-24,82.320000,80.349998,80.800003,70.989113
2018-04-25,81.150002,79.910004,80.910004,71.085739
2018-04-26,81.809998,80.790001,81.730003,71.806145
2018-04-27,82.680000,81.519997,81.620003,71.709518
2018-04-30,82.500000,81.720001,81.820000,71.885262
2018-05-01,82.169998,81.459999,81.820000,71.885262
2018-05-02,82.180000,81.120003,81.379997,71.498634
2018-05-03,81.570000,80.080002,81.360001,71.481087
2018-05-04,82.610001,80.720001,82.169998,72.192726
2018-05-07,78.879997,76.830002,77.860001,68.406067
2018-05-08,77.900002,75.050003,75.550003,66.376564
2018-05-09,75.970001,74.760002,75.029999,65.919693
2018-05-10,76.379997,75.199997,75.949997,66.727989
2018-05-11,76.989998,75.779999,76.580002,67.281479
2018-05-14,76.830002,75.440002,75.860001,66.648903
2018-05-15,76.330002,75.010002,75.459999,66.297478
2018-05-16,75.900002,75.169998,75.389999,66.235977
2018-05-17,76.209999,74.970001,75.779999,66.578621
2018-05-18,76.699997,75.550003,76.040001,66.807030
2018-05-21,76.809998,75.500000,75.750000,66.727791
2018-05-22,76.029999,75.139999,75.239998,66.278496
2018-05-23,75.800003,74.860001,75.760002,66.736595
2018-05-24,76.400002,75.470001,75.930000,66.886330
2018-05-25,76.040001,75.050003,75.779999,66.754204
2018-05-29,75.480003,73.970001,74.410004,65.547379
2018-05-30,76.029999,74.500000,75.690002,66.674911
2018-05-31,76.220001,74.919998,75.349998,66.375412
2018-06-01,77.220001,75.769997,76.870003,67.714371
2018-06-04,77.449997,76.720001,77.220001,68.022697
2018-06-05,77.400002,76.669998,77.029999,67.855316
2018-06-06,78.169998,77.099998,78.139999,68.833107
2018-06-07,78.199997,76.110001,76.720001,67.582253
2018-06-08,77.129997,75.940002,77.110001,67.925781
2018-06-11,77.779999,76.610001,76.970001,67.802467
2018-06-12,78.300003,76.949997,78.250000,68.929993
2018-06-13,79.059998,77.230003,78.019997,68.727379
2018-06-14,78.970001,78.110001,78.550003,69.194290
2018-06-15,80.750000,78.650002,80.699997,71.088196
2018-06-18,80.349998,78.629997,80.010002,70.480370
2018-06-19,79.660004,78.550003,79.199997,69.766861
2018-06-20,79.300003,78.459999,78.820000,69.432121
2018-06-21,78.769997,77.559998,77.680000,68.427902
2018-06-22,79.000000,77.250000,78.699997,69.326408
2018-06-25,78.500000,77.349998,77.959999,68.674561
2018-06-26,78.800003,77.790001,78.449997,69.106178
2018-06-27,79.430000,77.349998,77.379997,68.163612
2018-06-28,79.370003,77.349998,79.019997,69.608276
2018-06-29,80.010002,78.800003,78.989998,69.581848
2018-07-02,79.519997,78.300003,79.489998,70.022324
2018-07-03,80.209999,79.349998,79.900002,70.383492
2018-07-05,80.190002,79.220001,79.889999,70.374680
2018-07-06,80.739998,79.709999,80.559998,70.964859
2018-07-09,81.099998,80.250000,80.980003,71.334839
2018-07-10,82.099998,81.330002,81.750000,72.013130
2018-07-11,81.889999,81.110001,81.589996,71.872200
2018-07-12,83.349998,81.440002,83.320000,73.396126
2018-07-13,83.080002,81.570000,81.709999,71.977898
2018-07-16,82.379997,81.660004,81.959999,72.198112
2018-07-17,82.989998,81.279999,82.739998,72.885223
2018-07-18,82.650002,81.860001,82.330002,72.524055
2018-07-19,82.629997,81.500000,82.379997,72.568115
2018-07-20,82.570000,81.949997,82.239998,72.444786
2018-07-23,82.760002,81.739998,82.669998,72.823555
2018-07-24,82.910004,82.010002,82.260002,72.462379
2018-07-25,82.839996,81.910004,82.839996,72.973289
2018-07-26,83.300003,82.629997,82.720001,72.867592
2018-07-27,83.000000,80.989998,81.559998,71.845749
2018-07-30,81.760002,80.339996,80.760002,71.141052
2018-07-31,81.730003,80.809998,81.500000,71.792915
2018-08-01,82.290001,81.360001,82.089996,72.312637
2018-08-02,78.169998,74.830002,76.860001,67.705559
2018-08-03,78.250000,76.269997,77.820000,68.551208
2018-08-06,78.519997,77.750000,78.489998,69.141426
2018-08-07,78.830002,77.809998,78.070000,68.771469
2018-08-08,78.279999,77.209999,77.239998,68.040306
2018-08-09,77.250000,76.209999,76.260002,67.177025
2018-08-10,76.260002,75.360001,75.559998,66.560394
2018-08-13,76.459999,75.330002,75.419998,66.437057
2018-08-14,75.739998,74.660004,75.220001,66.260872
2018-08-15,75.129997,74.129997,74.540001,65.661873
2018-08-16,75.370003,74.550003,75.099998,66.155159
2018-08-17,75.809998,74.919998,75.559998,66.560394
2018-08-20,75.500000,74.550003,74.910004,65.987816
2018-08-21,75.300003,74.739998,74.900002,66.155632
2018-08-22,75.389999,74.599998,75.260002,66.473618
2018-08-23,75.949997,75.000000,75.110001,66.341125
2018-08-24,76.000000,75.070000,75.860001,67.003548
2018-08-27,77.169998,75.989998,76.610001,67.665970
2018-08-28,76.879997,76.160004,76.660004,67.710167
2018-08-29,77.900002,76.610001,77.690002,68.619911
2018-08-30,77.910004,77.059998,77.389999,68.354935
2018-08-31,78.589996,77.360001,78.430000,69.273514
2018-09-04,75.860001,74.019997,75.639999,66.809227
2018-09-05,75.459999,74.680000,75.290001,66.500114
2018-09-06,75.919998,74.940002,75.720001,66.879898
2018-09-07,76.209999,75.349998,75.730003,66.888741
2018-09-10,76.309998,75.400002,75.559998,66.738571
2018-09-11,76.760002,75.230003,76.610001,67.665970
2018-09-12,76.800003,75.360001,75.699997,66.862228
2018-09-13,77.230003,75.820000,77.199997,68.187103
2018-09-14,77.199997,76.080002,76.279999,67.374535
2018-09-17,76.629997,75.809998,75.959999,67.091881
2018-09-18,77.040001,75.739998,76.879997,67.904488
2018-09-19,77.690002,76.010002,76.099998,67.215538
2018-09-20,77.389999,76.389999,77.169998,68.160606
2018-09-21,77.849998,77.190002,77.610001,68.549240
2018-09-24,77.550003,76.879997,77.269997,68.248932
2018-09-25,77.779999,76.750000,76.820000,67.851471
2018-09-26,77.430000,76.459999,76.790001,67.824997
2018-09-27,77.550003,76.500000,76.760002,67.798477
2018-09-28,77.160004,76.449997,77.150002,68.142952
2018-10-01,77.870003,76.720001,76.980003,67.992821
2018-10-02,77.349998,76.540001,77.279999,68.257797
2018-10-03,77.489998,76.489998,76.559998,67.621849
2018-10-04,76.580002,75.769997,76.099998,67.215538
2018-10-05,76.290001,74.779999,75.209999,66.429436
2018-10-08,75.029999,73.360001,74.110001,65.457878
2018-10-09,74.300003,73.580002,73.970001,65.334213
2018-10-10,73.650002,71.389999,71.440002,63.099586
2018-10-11,72.129997,69.989998,70.290001,62.083847
2018-10-12,72.500000,70.820000,72.169998,63.744347
2018-10-15,72.589996,70.949997,72.010002,63.603039
2018-10-16,73.709999,72.510002,73.500000,64.919090
2018-10-17,74.379997,72.739998,73.989998,65.351868
2018-10-18,74.379997,73.279999,73.589996,64.998573
2018-10-19,74.529999,73.480003,73.690002,65.086884
2018-10-22,74.230003,73.099998,73.589996,64.998573
2018-10-23,73.620003,71.779999,73.410004,64.839592
2018-10-24,73.620003,70.099998,70.150002,61.960182
2018-10-25,71.860001,70.199997,71.480003,63.134911
2018-10-26,71.459999,69.320000,70.529999,62.295822
2018-10-29,71.309998,68.360001,69.220001,61.138763
2018-10-30,67.930000,65.139999,66.519997,58.753963
2018-10-31,69.660004,66.320000,69.029999,60.970943
2018-11-01,69.190002,68.080002,68.779999,60.750134
2018-11-02,69.629997,68.510002,69.500000,61.386074
2018-11-05,70.000000,69.059998,69.459999,61.350742
2018-11-06,69.779999,69.150002,69.650002,61.518547
2018-11-07,71.430000,70.180000,71.370003,63.037766
2018-11-08,71.820000,70.930000,71.239998,62.922928
2018-11-09,71.139999,69.849998,70.339996,62.127998
2018-11-12,70.269997,69.349998,69.550003,61.430237
2018-11-13,70.459999,69.440002,69.610001,61.483234
2018-11-14,70.000000,67.470001,67.570000,59.681400
2018-11-15,68.739998,67.010002,68.669998,60.652973
2018-11-16,71.129997,68.269997,70.330002,62.119164
2018-11-19,71.160004,68.750000,69.209999,61.304260
2018-11-20,68.779999,67.449997,67.610001,59.887032
2018-11-21,69.589996,67.709999,68.669998,60.825947
2018-11-23,68.959999,67.830002,67.980003,60.214775
2018-11-26,69.070000,68.370003,68.750000,60.896801
2018-11-27,70.000000,68.360001,69.900002,61.915440
2018-11-28,70.879997,69.510002,70.760002,62.677216
2018-11-29,70.949997,70.110001,70.300003,62.269749
2018-11-30,71.290001,70.059998,71.230003,63.093517
2018-12-03,72.230003,71.110001,71.930000,63.713573
2018-12-04,71.989998,69.739998,70.019997,62.021744
2018-12-06,69.480003,68.110001,69.400002,61.472576
2018-12-07,69.760002,67.589996,68.000000,60.232475
2018-12-10,68.660004,66.419998,67.089996,59.426426
2018-12-11,68.440002,66.599998,67.260002,59.577015
2018-12-12,69.230003,67.989998,68.029999,60.259037
2018-12-13,69.290001,67.820000,69.080002,61.189125
2018-12-14,68.870003,67.580002,67.769997,60.028751
2018-12-17,67.760002,64.050003,64.669998,57.282848
2018-12-18,65.489998,64.160004,64.620003,57.238575
2018-12-19,66.040001,63.630001,64.230003,56.893127
2018-12-20,64.470001,62.049999,62.779999,55.608757
2018-12-21,63.650002,59.799999,60.090000,53.226032
2018-12-24,60.959999,59.660000,60.020000,53.164013
2018-12-26,62.360001,59.470001,62.360001,55.236717
2018-12-27,63.110001,60.889999,63.080002,55.874481
2018-12-28,63.900002,62.419998,62.930000,55.741615
2018-12-31,63.660000,63.020000,63.480000,56.228786
2019-01-02,63.810001,62.500000,63.090000,55.883343
2019-01-03,62.970001,61.009998,61.099998,54.120640
2019-01-04,63.799999,61.950001,63.700001,56.423649
2019-01-07,63.970001,62.799999,63.599998,56.335075
2019-01-08,64.430000,63.439999,64.320000,56.972828
2019-01-09,64.800003,63.980000,64.260002,56.919685
2019-01-10,64.849998,63.500000,64.809998,57.406868
2019-01-11,65.190002,64.580002,64.919998,57.504299
2019-01-14,65.019997,64.339996,64.629997,57.247421
2019-01-15,66.250000,64.650002,65.989998,58.452072
2019-01-16,66.080002,65.449997,65.790001,58.274933
2019-01-17,66.739998,65.199997,66.550003,58.948101
2019-01-18,68.029999,66.970001,67.820000,60.073048
2019-01-22,67.690002,66.269997,66.800003,59.169559
2019-01-23,67.449997,66.209999,67.059998,59.399845
2019-01-24,68.150002,66.919998,68.120003,60.338768
2019-01-25,70.320000,69.250000,70.019997,62.021744
2019-01-28,69.379997,68.339996,68.949997,61.073963
2019-01-29,69.230003,68.379997,68.660004,60.817085
2019-01-30,70.099998,68.540001,69.800003,61.826870
2019-01-31,70.309998,69.410004,69.680000,61.720581
2019-02-01,70.940002,69.779999,70.139999,62.128033
2019-02-04,71.510002,69.940002,71.290001,63.146671
2019-02-05,71.870003,71.110001,71.209999,63.075790
2019-02-06,74.690002,70.000000,74.500000,65.990005
2019-02-07,74.449997,71.419998,72.989998,64.652481
2019-02-08,73.540001,72.180000,73.160004,64.803055
2019-02-11,73.870003,72.879997,72.970001,64.634750
2019-02-12,73.620003,72.879997,73.449997,65.059937
2019-02-13,74.349998,73.180000,73.580002,65.175079
2019-02-14,73.639999,72.919998,73.120003,64.767632
2019-02-15,74.050003,73.080002,73.559998,65.157372
2019-02-19,73.570000,72.639999,73.180000,64.820763
2019-02-20,73.410004,71.860001,72.250000,64.172371
2019-02-21,72.419998,71.120003,71.339996,63.364124
2019-02-22,72.419998,71.489998,72.379997,64.287857
2019-02-25,73.000000,72.139999,72.250000,64.172371
2019-02-26,72.540001,71.760002,72.040001,63.985855
2019-02-27,71.720001,70.959999,71.309998,63.337479
2019-02-28,71.760002,70.879997,70.980003,63.044380
2019-03-01,72.220001,70.800003,72.129997,64.065811
2019-03-04,72.879997,71.010002,71.760002,63.737175
2019-03-05,71.989998,71.339996,71.389999,63.408524
2019-03-06,72.029999,71.190002,71.459999,63.470707
2019-03-07,72.720001,71.660004,72.330002,64.243462
2019-03-08,72.000000,70.570000,71.150002,63.195385
2019-03-11,72.389999,71.300003,72.349998,64.261223
2019-03-12,72.610001,71.680000,71.779999,63.754929
2019-03-13,72.330002,71.150002,71.209999,63.248646
2019-03-14,71.470001,70.849998,70.930000,62.999958
2019-03-15,72.360001,70.940002,72.129997,64.065811
2019-03-18,72.320000,71.220001,71.879997,63.843750
2019-03-19,72.440002,71.800003,72.019997,63.968094
2019-03-20,72.430000,71.320000,71.709999,63.692753
2019-03-21,72.639999,71.410004,72.199997,64.127998
2019-03-22,72.059998,70.639999,70.889999,62.964447
2019-03-25,70.889999,70.010002,70.750000,62.840076
2019-03-26,71.730003,70.669998,71.089996,63.142090
2019-03-27,71.470001,70.320000,71.029999,63.088799
2019-03-28,71.889999,71.040001,71.580002,63.577297
2019-03-29,72.849998,71.970001,72.449997,64.350021
2019-04-01,73.980003,72.650002,73.849998,65.593521
2019-04-02,74.180000,73.410004,73.570000,65.344818
2019-04-03,74.849998,73.820000,74.180000,65.886620
2019-04-04,74.400002,73.320000,73.790001,65.540222
2019-04-05,74.419998,73.129997,74.199997,65.904373
2019-04-08,74.449997,73.559998,74.410004,66.090912
2019-04-09,74.519997,73.720001,74.370003,66.055374
2019-04-10,74.769997,74.309998,74.599998,66.259651
2019-04-11,74.779999,74.070000,74.190002,65.895500
2019-04-12,74.500000,73.550003,74.290001,65.984322
2019-04-15,74.580002,73.760002,74.320000,66.010963
2019-04-16,73.169998,71.580002,71.900002,63.861515
2019-04-17,72.430000,71.750000,72.150002,64.083588
2019-04-18,72.269997,70.559998,71.339996,63.364124
2019-04-22,71.540001,70.370003,71.480003,63.488476
2019-04-23,73.050003,71.550003,72.849998,64.705315
2019-04-24,73.500000,72.089996,72.669998,64.545433
2019-04-25,73.110001,72.300003,72.930000,64.776367
2019-04-26,73.430000,72.639999,73.370003,65.167175
2019-04-29,72.860001,71.150002,72.400002,64.305618
2019-04-30,73.050003,72.290001,72.959999,64.803017
2019-05-01,73.379997,72.150002,72.180000,64.110237
2019-05-02,72.970001,65.000000,66.610001,59.162941
2019-05-03,61.500000,57.700001,59.250000,52.625805
2019-05-06,60.189999,58.020000,59.599998,52.936665
2019-05-07,59.099998,57.470001,58.509998,51.968513
2019-05-08,59.110001,58.070000,58.980000,52.385983
2019-05-09,59.279999,58.009998,59.099998,52.492561
2019-05-10,59.320000,58.279999,59.130001,52.519218
2019-05-13,58.169998,56.730000,56.880001,50.520775
2019-05-14,58.299999,56.970001,57.750000,51.293495
2019-05-15,58.770000,57.430000,58.599998,52.048481
2019-05-16,58.990002,58.230000,58.639999,52.084000
2019-05-17,59.500000,57.810001,59.439999,52.794559
2019-05-20,60.119999,58.709999,59.990002,53.283070
2019-05-21,61.150002,60.020000,61.000000,54.361382
2019-05-22,62.189999,60.610001,61.500000,54.806957
2019-05-23,61.709999,60.840000,61.080002,54.432682
2019-05-24,62.189999,61.220001,61.869999,55.136700
2019-05-28,62.660000,61.880001,62.070000,55.314938
2019-05-29,62.169998,61.549999,61.880001,55.145618
2019-05-30,62.900002,61.750000,62.360001,55.573364
2019-05-31,62.330002,61.730000,61.930000,55.190170
2019-06-03,62.099998,60.130001,60.540001,53.951447
2019-06-04,61.540001,58.869999,61.099998,54.450493
2019-06-05,62.240002,61.279999,62.180000,55.412960
2019-06-06,62.150002,61.750000,61.900002,55.163429
2019-06-07,62.980000,62.150002,62.779999,55.947666
2019-06-10,63.430000,62.669998,63.029999,56.170460
2019-06-11,63.930000,63.020000,63.369999,56.473457
2019-06-12,63.389999,62.110001,62.150002,55.386227
2019-06-13,62.560001,61.860001,62.340000,55.555542
2019-06-14,62.220001,61.020000,61.639999,54.931736
2019-06-17,62.990002,61.639999,62.560001,55.751602
2019-06-18,64.000000,63.119999,63.720001,56.785362
2019-06-19,64.000000,61.900002,62.610001,55.796162
2019-06-20,64.290001,62.820000,64.169998,57.186394
2019-06-21,64.720001,63.860001,64.459999,57.444836
2019-06-24,64.480003,63.770000,64.050003,57.079449
2019-06-25,64.150002,63.049999,63.160000,56.286312
2019-06-26,64.220001,63.049999,63.060001,56.197193
2019-06-27,63.450001,62.939999,63.060001,56.197193
2019-06-28,63.790001,63.169998,63.389999,56.491272
2019-07-01,65.199997,63.849998,64.279999,57.284416
2019-07-02,64.550003,63.599998,64.360001,57.355709
2019-07-03,64.449997,63.790001,64.180000,57.195312
2019-07-05,64.870003,63.689999,64.709999,57.667618
2019-07-08,64.849998,63.900002,64.199997,57.213131
2019-07-09,64.459999,63.619999,64.379997,57.373535
2019-07-10,64.959999,63.669998,64.059998,57.088352
2019-07-11,65.419998,64.089996,65.290001,58.184486
2019-07-12,65.910004,65.190002,65.860001,58.692471
2019-07-15,66.089996,65.500000,65.820000,58.656826
2019-07-16,66.309998,65.349998,65.949997,58.772663
2019-07-17,66.250000,65.120003,65.239998,58.139942
2019-07-18,66.019997,64.309998,65.930000,58.754852
2019-07-19,66.269997,65.029999,65.139999,58.050827
2019-07-22,65.910004,65.190002,65.550003,58.416210
2019-07-23,65.870003,64.889999,65.870003,58.701389
2019-07-24,65.839996,64.830002,65.760002,58.603348
2019-07-25,66.010002,65.309998,65.779999,58.621185
2019-07-26,66.500000,65.750000,66.400002,59.173706
2019-07-29,66.470001,65.440002,66.040001,58.852882
2019-07-30,65.660004,65.089996,65.330002,58.220154
2019-07-31,66.080002,64.239998,65.139999,58.050827
2019-08-01,67.879997,65.029999,66.410004,59.182625
2019-08-02,65.480003,62.810001,63.490002,56.580399
2019-08-05,63.240002,61.799999,62.040001,55.288208
2019-08-06,62.750000,61.459999,62.580002,55.769417
2019-08-07,62.450001,61.150002,62.209999,55.439697
2019-08-08,63.980000,62.220001,63.959999,56.999264
2019-08-09,63.470001,61.900002,62.459999,55.662491
2019-08-12,62.279999,61.070000,61.169998,54.512875
2019-08-13,62.009998,60.730000,61.740002,55.020847
2019-08-14,60.990002,59.939999,60.650002,54.049484
2019-08-15,61.130001,60.099998,60.580002,53.987091
2019-08-16,61.459999,60.759998,61.220001,54.557442
2019-08-19,62.520000,61.570000,61.860001,55.127796
2019-08-20,62.080002,61.360001,61.580002,54.878254
2019-08-21,62.209999,61.660000,61.939999,55.378933
2019-08-22,62.270000,61.099998,61.200001,54.717327
2019-08-23,61.930000,59.799999,60.000000,53.644444
2019-08-26,60.630001,59.590000,59.869999,53.528217
2019-08-27,60.270000,59.439999,59.700001,53.376213
2019-08-28,60.310001,59.200001,60.240002,53.859024
2019-08-29,61.459999,60.750000,61.380001,54.878254
2019-08-30,61.830002,61.090000,61.389999,54.887192
2019-09-03,61.619999,60.840000,61.480000,54.967670
2019-09-04,62.549999,62.040001,62.410000,55.799160
2019-09-05,64.309998,63.160000,64.260002,57.453194
2019-09-06,65.000000,64.089996,64.449997,57.623070
2019-09-09,64.639999,63.860001,64.180000,57.381672
2019-09-10,64.769997,63.270000,64.739998,57.882351
2019-09-11,65.440002,64.410004,65.360001,58.436676
2019-09-12,65.620003,64.360001,64.839996,57.971760
2019-09-13,65.199997,64.190002,64.330002,57.515778
2019-09-16,64.540001,63.869999,63.990002,57.211788
2019-09-17,64.059998,63.209999,64.000000,57.220726
2019-09-18,63.830002,62.700001,63.509998,56.782639
2019-09-19,64.080002,63.080002,63.470001,56.746868
2019-09-20,63.330002,61.459999,61.799999,55.253777
2019-09-23,61.720001,60.799999,60.830002,54.386528
2019-09-24,61.490002,59.490002,59.919998,53.572918
2019-09-25,60.480000,59.419998,60.189999,53.814308
2019-09-26,60.189999,59.029999,59.660000,53.340469
2019-09-27,60.119999,58.660000,58.750000,52.526848
2019-09-30,60.410000,58.869999,60.270000,53.885830
2019-10-01,61.790001,60.400002,60.619999,54.198769
2019-10-02,60.610001,59.500000,59.939999,53.590797
2019-10-03,60.320000,59.630001,60.180000,53.805378
2019-10-04,60.849998,60.259998,60.509998,54.100410
2019-10-07,60.599998,60.080002,60.279999,53.894779
2019-10-08,59.880001,58.889999,58.900002,52.660961
2019-10-09,59.750000,59.139999,59.439999,53.143753
2019-10-10,60.310001,58.970001,59.799999,53.465614
2019-10-11,61.430000,60.310001,60.610001,54.189827
2019-10-14,60.700001,60.020000,60.380001,53.984200
2019-10-15,61.680000,60.369999,61.340000,54.842491
2019-10-16,61.980000,61.220001,61.389999,54.887192
2019-10-17,61.770000,60.970001,61.380001,54.878254
2019-10-18,61.430000,60.599998,60.639999,54.216644
2019-10-21,61.590000,60.299999,60.779999,54.341816
2019-10-22,61.230000,59.700001,59.900002,53.555027
2019-10-23,60.369999,59.590000,60.349998,53.957363
2019-10-24,61.000000,60.180000,60.509998,54.100410
2019-10-25,60.900002,60.270000,60.459999,54.055706
2019-10-28,60.889999,60.200001,60.669998,54.243473
2019-10-29,61.110001,60.369999,60.450001,54.046772
2019-10-30,60.869999,59.750000,59.889999,53.546085
2019-10-31,62.200001,59.889999,60.939999,54.484863
2019-11-01,61.669998,60.869999,61.230000,54.744144
2019-11-04,62.150002,61.349998,62.070000,55.495163
2019-11-05,62.200001,61.360001,61.919998,55.361053
2019-11-06,62.430000,61.889999,62.259998,55.665035
2019-11-07,63.570000,62.570000,63.029999,56.353477
2019-11-08,62.980000,62.380001,62.860001,56.201496
2019-11-11,62.900002,62.480000,62.639999,56.004795
2019-11-12,62.959999,62.500000,62.840000,56.183605
2019-11-13,62.950001,62.380001,62.509998,55.888561
2019-11-14,63.139999,62.020000,63.110001,56.425014
2019-11-15,63.400002,62.680000,63.380001,56.666412
2019-11-18,63.660000,62.970001,63.630001,57.070015
2019-11-19,63.959999,63.490002,63.919998,57.330109
2019-11-20,63.799999,63.070000,63.509998,56.962379
2019-11-21,63.580002,63.090000,63.400002,56.863724
2019-11-22,63.230000,61.950001,63.189999,56.675377
2019-11-25,63.590000,63.220001,63.360001,56.827847
2019-11-26,63.840000,63.099998,63.730000,57.159706
2019-11-27,64.180000,63.439999,64.150002,57.536407
2019-11-29,64.370003,63.900002,64.110001,57.500523
2019-12-02,64.160004,63.419998,63.540001,56.989292
2019-12-03,63.139999,62.310001,62.750000,56.280746
2019-12-04,63.020000,62.369999,62.400002,55.966824
2019-12-05,62.590000,62.060001,62.209999,55.796410
2019-12-06,62.849998,62.259998,62.660000,56.200016
2019-12-09,62.709999,61.740002,61.880001,55.500427
2019-12-10,61.900002,61.020000,61.099998,54.800846
2019-12-11,61.209999,60.459999,60.680000,54.424149
2019-12-12,61.930000,60.430000,61.770000,55.401775
2019-12-13,62.099998,61.080002,61.639999,55.285175
2019-12-16,62.520000,61.450001,61.660000,55.303112
2019-12-17,62.090000,61.509998,61.759998,55.392803
2019-12-18,62.480000,61.500000,62.320000,55.895065
2019-12-19,63.080002,62.160000,62.709999,56.244862
2019-12-20,63.270000,62.009998,63.220001,56.702286
2019-12-23,63.340000,62.590000,62.630001,56.173119
2019-12-24,62.660000,62.150002,62.400002,55.966824
2019-12-26,62.500000,61.910000,62.119999,55.715694
2019-12-27,62.840000,62.009998,62.160000,55.751564
2019-12-30,62.230000,61.389999,61.650002,55.294144
2019-12-31,62.070000,61.470001,62.020000,55.625992
2020-01-02,62.459999,61.680000,61.919998,55.536304
2020-01-03,61.540001,60.889999,61.360001,55.034050
2020-01-06,61.299999,60.349998,60.750000,54.486927
2020-01-07,60.689999,59.980000,60.320000,54.101257
2020-01-08,60.860001,60.220001,60.730000,54.468994
2020-01-09,61.990002,60.750000,61.110001,54.809807
2020-01-10,61.380001,60.450001,60.639999,54.388268
2020-01-13,61.270000,60.209999,61.160000,54.854656
2020-01-14,61.709999,60.970001,61.369999,55.043003
2020-01-15,62.000000,61.419998,61.849998,55.473526
2020-01-16,62.560001,61.860001,62.450001,56.011662
2020-01-17,62.930000,62.320000,62.770000,56.298679
2020-01-21,62.730000,61.939999,62.290001,55.868164
2020-01-22,62.919998,61.830002,62.189999,55.778477
2020-01-23,62.580002,61.849998,62.549999,56.101353
2020-01-24,63.150002,61.990002,62.419998,55.984772
2020-01-27,62.090000,61.290001,61.770000,55.401775
2020-01-28,62.880001,61.570000,62.599998,56.146202
2020-01-29,63.380001,62.590000,62.919998,56.433212
2020-01-30,62.520000,61.299999,62.470001,56.029613
2020-01-31,62.340000,60.849998,61.380001,55.051983
2020-02-03,62.910000,61.570000,62.610001,56.155174
2020-02-04,63.900002,63.000000,63.430000,56.890636
2020-02-05,65.169998,64.230003,64.970001,58.271873
2020-02-06,71.480003,66.970001,71.419998,64.056915
2020-02-07,70.989998,68.550003,69.589996,62.415550
2020-02-10,69.470001,68.589996,69.379997,62.227222
2020-02-11,69.459999,68.760002,69.199997,62.065773
2020-02-12,69.669998,69.050003,69.430000,62.272053
2020-02-13,69.699997,68.959999,69.610001,62.433498
2020-02-14,69.410004,67.800003,68.419998,61.560749
2020-02-18,69.220001,68.040001,68.830002,61.929653
2020-02-19,69.239998,67.910004,68.879997,61.974636
2020-02-20,69.739998,68.180000,69.559998,62.586460
2020-02-21,70.290001,68.800003,70.089996,63.063324
2020-02-24,69.879997,67.389999,67.419998,60.661003
2020-02-25,68.000000,64.330002,64.480003,58.015751
2020-02-26,65.889999,63.259998,63.279999,56.936050
2020-02-27,63.849998,61.299999,62.320000,56.072273
2020-02-28,61.650002,59.459999,60.930000,54.821640
2020-03-02,61.349998,58.820000,61.330002,55.181538
2020-03-03,62.880001,58.869999,59.610001,53.633965
2020-03-04,62.189999,59.349998,62.169998,55.937321
2020-03-05,61.259998,59.349998,59.930000,53.921879
2020-03-06,58.849998,57.009998,58.240002,52.401321
2020-03-09,55.970001,53.459999,53.959999,48.550388
2020-03-10,56.220001,52.919998,55.779999,50.187943
2020-03-11,55.369999,52.419998,53.139999,47.812614
2020-03-12,52.230000,47.750000,48.980000,44.069645
2020-03-13,52.700001,48.689999,52.619999,47.344734
2020-03-16,47.720001,43.009998,43.580002,39.211006
2020-03-17,50.650002,43.669998,50.099998,45.077362
2020-03-18,49.930000,45.790001,47.470001,42.711025
2020-03-19,47.770000,44.230000,46.490002,41.829277
2020-03-20,48.459999,43.669998,44.099998,39.678879
2020-03-23,44.740002,40.009998,41.610001,37.438511
2020-03-24,46.500000,43.080002,46.410000,41.757305
2020-03-25,49.360001,45.490002,47.689999,42.908978
2020-03-26,50.450001,47.430000,49.820000,44.825424
2020-03-27,48.490002,46.279999,46.660000,41.982224
2020-03-30,47.930000,46.330002,47.380001,42.630047
2020-03-31,48.459999,46.160000,46.470001,41.811287
2020-04-01,45.080002,42.139999,42.509998,38.248272
2020-04-02,45.000000,42.200001,44.290001,39.849834
2020-04-03,44.720001,43.009998,43.400002,39.049065
2020-04-06,48.700001,45.389999,48.450001,43.592789
2020-04-07,50.400002,47.610001,47.799999,43.007957
2020-04-08,51.790001,47.759998,51.389999,46.238037
2020-04-09,55.250000,51.919998,54.279999,48.838314
2020-04-13,53.720001,52.049999,52.700001,47.416702
2020-04-14,54.150002,53.029999,54.070000,48.649364
2020-04-15,52.790001,51.130001,51.939999,46.732906
2020-04-16,52.889999,50.540001,51.470001,46.310017
2020-04-17,53.910000,52.590000,53.810001,48.415436
2020-04-20,53.419998,51.139999,52.529999,47.263756
2020-04-21,52.509998,50.669998,50.990002,45.878147
2020-04-22,52.590000,51.330002,52.259998,47.020828
2020-04-23,53.720001,52.410000,52.650002,47.371719
2020-04-24,54.119999,52.400002,53.810001,48.415436
2020-04-27,56.169998,54.360001,56.040001,50.421871
2020-04-28,58.020000,56.480000,56.529999,50.862747
2020-04-29,59.700001,57.779999,59.230000,53.292061
2020-04-30,58.770000,57.299999,58.020000,52.203365
2020-05-01,57.049999,56.110001,56.500000,50.835762
2020-05-04,56.580002,55.130001,56.389999,50.736782
2020-05-05,57.459999,56.360001,57.139999,51.411587
2020-05-06,58.259998,56.660000,57.590000,51.816475
2020-05-07,59.230000,58.310001,58.759998,52.869175
2020-05-08,57.560001,54.240002,57.160000,51.429588
2020-05-11,56.360001,54.619999,55.549999,49.980988
2020-05-12,55.740002,53.209999,53.209999,47.875587
2020-05-13,52.669998,48.980000,49.480000,44.519520
2020-05-14,50.779999,47.389999,50.740002,45.653217
2020-05-15,50.279999,48.980000,50.180000,45.149349
2020-05-18,53.459999,51.910000,53.139999,47.812614
2020-05-19,52.900002,51.320000,51.480000,46.511570
2020-05-20,53.590000,52.000000,52.560001,47.487350
2020-05-21,52.790001,51.709999,51.740002,46.746490
2020-05-22,52.040001,50.930000,51.450001,46.484482
2020-05-26,53.900002,52.830002,53.259998,48.119789
2020-05-27,55.410000,53.980000,55.349998,50.008064
2020-05-28,55.889999,53.590000,53.700001,48.517319
2020-05-29,53.599998,52.230000,53.000000,47.884880
2020-06-01,53.330002,52.480000,52.849998,47.749363
2020-06-02,53.570000,52.889999,53.299999,48.155930
2020-06-03,55.439999,53.520000,55.349998,50.008064
2020-06-04,55.740002,54.529999,55.599998,50.233948
2020-06-05,59.220001,56.549999,57.820000,52.239700
2020-06-08,58.919998,58.090000,58.580002,52.926350
2020-06-09,58.000000,56.639999,57.189999,51.670490
2020-06-10,58.389999,56.680000,57.529999,51.977684
2020-06-11,56.230000,53.619999,53.660000,48.481182
2020-06-12,55.470001,53.480000,54.799999,49.511166
2020-06-15,55.099998,52.500000,54.669998,49.393700
2020-06-16,57.049999,54.830002,55.369999,50.026146
2020-06-17,56.049999,54.709999,55.490002,50.134575
2020-06-18,55.200001,53.900002,54.889999,49.592468
2020-06-19,56.009998,53.910000,54.160000,48.932934
2020-06-22,54.529999,53.160000,53.849998,48.652843
2020-06-23,55.439999,54.020000,55.200001,49.872566
2020-06-24,54.889999,53.770000,53.799999,48.607666
2020-06-25,55.669998,53.990002,55.590000,50.224918
2020-06-26,55.590000,54.590000,55.209999,49.881588
2020-06-29,56.520000,54.990002,56.490002,51.038052
2020-06-30,57.549999,56.270000,56.820000,51.336205
2020-07-01,57.430000,55.950001,56.419998,50.974819
2020-07-02,57.680000,56.009998,56.080002,50.667618
2020-07-06,57.090000,56.090000,56.259998,50.830242
2020-07-07,56.400002,55.360001,55.849998,50.459824
2020-07-08,56.360001,55.220001,55.700001,50.324295
2020-07-09,55.700001,54.570000,55.279999,49.944839
2020-07-10,55.880001,54.919998,55.779999,50.396584
2020-07-13,57.720001,56.160000,56.459999,51.010941
2020-07-14,56.549999,55.180000,56.470001,51.019974
2020-07-15,60.400002,58.000000,59.669998,53.911152
2020-07-16,61.700001,60.500000,61.049999,55.157959
2020-07-17,61.770000,60.799999,61.430000,55.501293
2020-07-20,62.009998,61.049999,61.709999,55.754265
2020-07-21,62.910000,61.400002,61.619999,55.672947
2020-07-22,62.410000,61.279999,61.959999,55.980137
2020-07-23,62.560001,61.790001,62.080002,56.088551
2020-07-24,62.330002,61.459999,61.799999,55.835587
2020-07-27,63.669998,61.290001,63.430000,57.308266
2020-07-28,63.840000,62.580002,62.639999,56.594505
2020-07-29,65.199997,62.680000,64.790001,58.537006
2020-07-30,69.489998,67.000000,69.180000,62.503330
2020-07-31,69.000000,66.989998,68.320000,61.726334
2020-08-03,68.120003,66.669998,68.040001,61.473339
2020-08-04,67.989998,66.870003,67.919998,61.364929
2020-08-05,68.680000,67.160004,67.430000,60.922211
2020-08-06,67.730003,66.669998,67.580002,61.057747
2020-08-07,67.650002,66.690002,67.480003,60.967403
2020-08-10,67.480003,66.610001,67.110001,60.633091
2020-08-11,67.580002,66.269997,66.529999,60.109081
2020-08-12,67.620003,66.889999,66.980003,60.515644
2020-08-13,67.300003,66.150002,66.900002,60.443367
2020-08-14,67.279999,66.000000,66.930000,60.470470
2020-08-17,67.839996,66.949997,67.540001,61.021595
2020-08-18,67.879997,67.000000,67.220001,60.732494
2020-08-19,67.669998,66.760002,66.889999,60.434330
2020-08-20,66.709999,66.019997,66.300003,60.098938
2020-08-21,66.209999,65.120003,65.720001,59.573193
2020-08-24,67.629997,65.540001,67.620003,61.295479
2020-08-25,67.650002,66.470001,66.940002,60.679089
2020-08-26,67.849998,66.580002,67.750000,61.413307
2020-08-27,68.300003,67.160004,67.410004,61.105114
2020-08-28,67.739998,67.010002,67.690002,61.358925
2020-08-31,67.540001,66.720001,66.860001,60.606567
2020-09-01,67.029999,65.879997,66.970001,60.706284
2020-09-02,68.989998,67.089996,68.820000,62.383240
2020-09-03,68.889999,66.330002,67.120003,60.842247
2020-09-04,68.120003,65.839996,66.809998,60.561222
2020-09-08,66.669998,65.040001,65.599998,59.464409
2020-09-09,66.940002,65.290001,66.410004,60.198654
2020-09-10,67.669998,65.360001,65.559998,59.428150
2020-09-11,69.169998,67.059998,68.180000,61.803112
2020-09-14,69.580002,68.349998,69.290001,62.809277
2020-09-15,70.989998,69.239998,70.129997,63.570698
2020-09-16,71.809998,70.050003,70.720001,64.105545
2020-09-17,70.860001,67.910004,70.120003,63.561657
2020-09-18,70.400002,67.970001,68.860001,62.419506
2020-09-21,68.169998,67.070000,67.389999,61.087006
2020-09-22,68.500000,66.709999,68.250000,61.866535
2020-09-23,69.190002,66.809998,67.089996,60.815044
2020-09-24,67.599998,65.580002,66.900002,60.642822
2020-09-25,68.320000,66.500000,68.080002,61.712467
2020-09-28,69.650002,68.730003,69.320000,62.836479
2020-09-29,70.080002,68.629997,69.000000,62.546406
2020-09-30,70.110001,68.860001,69.419998,62.927116
2020-10-01,70.599998,68.970001,69.330002,62.845531
2020-10-02,69.349998,67.790001,68.860001,62.419506
2020-10-05,71.260002,69.500000,70.930000,64.295898
2020-10-06,71.599998,69.690002,69.830002,63.298790
2020-10-07,72.480003,70.599998,72.239998,65.483360
2020-10-08,73.449997,72.230003,72.910004,66.090714
2020-10-09,74.059998,72.750000,73.080002,66.244804
2020-10-12,74.919998,73.269997,74.629997,67.649811
2020-10-13,75.320000,73.040001,73.220001,66.371719
2020-10-14,74.400002,73.099998,73.959999,67.042496
2020-10-15,73.889999,72.760002,73.720001,66.824936
2020-10-16,74.629997,73.309998,73.360001,66.498611
2020-10-19,73.750000,71.959999,72.199997,65.447098
2020-10-20,74.010002,72.300003,73.349998,66.489548
2020-10-21,74.040001,72.879997,72.889999,66.072578
2020-10-22,73.580002,72.230003,73.379997,66.516754
2020-10-23,74.320000,73.089996,74.120003,67.187523
2020-10-26,73.449997,71.870003,72.709999,65.909424
2020-10-27,73.500000,72.519997,73.389999,66.525795
2020-10-28,72.930000,70.980003,71.099998,64.449997
2020-10-29,76.449997,70.809998,71.019997,64.377472
2020-10-30,71.779999,69.970001,71.419998,64.740074
2020-11-02,71.910004,70.290001,70.800003,64.178062
2020-11-03,72.940002,71.410004,71.940002,65.211456
2020-11-04,74.089996,71.860001,73.019997,66.190407
2020-11-05,74.910004,73.419998,74.239998,67.296326
2020-11-06,74.620003,73.599998,74.220001,67.278183
2020-11-09,78.209999,73.820000,73.879997,66.969986
2020-11-10,75.489998,73.529999,75.099998,68.075874
2020-11-11,77.089996,75.440002,76.760002,69.580620
2020-11-12,77.180000,75.589996,76.220001,69.091133
2020-11-13,77.669998,76.800003,77.190002,69.970406
2020-11-16,78.470001,77.230003,77.800003,70.523331
2020-11-17,77.379997,76.169998,77.000000,69.798180
2020-11-18,76.769997,74.680000,74.699997,67.907310
2020-11-19,76.300003,74.559998,76.199997,69.270889
2020-11-20,76.279999,75.669998,75.900002,68.998192
2020-11-23,77.300003,75.919998,77.199997,70.179962
2020-11-24,78.769997,77.269997,78.750000,71.589027
2020-11-25,79.000000,78.169998,78.550003,71.407204
2020-11-27,78.889999,77.660004,78.410004,71.279945
2020-11-30,78.330002,77.070000,78.129997,71.025391
2020-12-01,79.040001,77.949997,78.660004,71.507225
2020-12-02,78.660004,77.980003,78.120003,71.016327
2020-12-03,79.129997,77.750000,78.760002,71.598106
2020-12-04,81.110001,78.489998,81.059998,73.688972
2020-12-07,80.739998,79.699997,80.529999,73.207153
2020-12-08,80.589996,78.739998,79.870003,72.607193
2020-12-09,80.760002,78.809998,79.010002,71.825386
2020-12-10,79.010002,77.940002,78.379997,71.252670
2020-12-11,79.949997,78.190002,78.510002,71.370842
2020-12-14,79.489998,78.610001,79.190002,71.989021
2020-12-15,80.529999,79.070000,80.529999,73.207153
2020-12-16,80.639999,78.839996,79.320000,72.107178
2020-12-17,82.730003,81.000000,81.730003,74.298042
2020-12-18,82.099998,80.519997,81.019997,73.652618
2020-12-21,80.540001,78.559998,80.470001,73.152626
2020-12-22,81.650002,80.139999,81.019997,73.652618
2020-12-23,81.889999,80.980003,80.989998,73.625336
2020-12-24,81.349998,80.599998,81.070000,73.698044
2020-12-28,82.250000,81.349998,81.370003,73.970787
2020-12-29,82.089996,80.209999,80.500000,73.179909
2020-12-30,81.410004,80.629997,81.070000,73.698044
2020-12-31,82.230003,80.769997,81.949997,74.498039
2021-01-04,82.269997,78.699997,79.419998,72.198105
2021-01-05,80.129997,79.190002,79.650002,72.407188
2021-01-06,81.139999,79.220001,80.150002,72.861710
2021-01-07,81.839996,80.510002,80.949997,73.588966
2021-01-08,82.059998,80.959999,81.949997,74.498039
2021-01-11,82.099998,79.919998,80.139999,72.852623
2021-01-12,80.500000,78.610001,79.639999,72.398102
2021-01-13,80.699997,79.320000,79.610001,72.370827
2021-01-14,80.220001,79.070000,80.050003,72.770821
2021-01-15,80.589996,79.190002,80.239998,72.943535
2021-01-19,80.989998,79.190002,79.760002,72.507187
2021-01-20,82.110001,80.160004,81.910004,74.461685
2021-01-21,82.070000,80.690002,80.879997,73.525322
2021-01-22,80.940002,79.500000,80.559998,73.234436
2021-01-25,80.430000,78.250000,80.029999,72.752617
2021-01-26,80.580002,79.459999,79.550003,72.316284
2021-01-27,78.730003,75.900002,76.150002,69.225449
2021-01-28,79.370003,76.660004,78.900002,71.725388
2021-01-29,79.610001,77.599998,77.949997,70.861755
2021-02-01,79.589996,78.029999,78.839996,71.670822
2021-02-02,80.830002,78.860001,80.050003,72.770821
2021-02-03,80.129997,78.750000,79.339996,72.125374
2021-02-04,75.629997,72.760002,74.690002,67.898216
2021-02-05,75.550003,74.089996,74.500000,67.725494
2021-02-08,75.889999,74.120003,75.849998,68.952744
2021-02-09,76.949997,75.220001,76.160004,69.234550
2021-02-10,76.430000,75.279999,76.040001,69.125443
2021-02-11,77.519997,75.750000,76.970001,69.970886
2021-02-12,77.150002,76.220001,76.959999,69.961792
2021-02-16,77.349998,76.110001,76.110001,69.189087
2021-02-17,76.790001,75.370003,76.430000,69.699776
2021-02-18,76.139999,74.419998,74.820000,68.231560
2021-02-19,75.190002,73.389999,73.639999,67.155472
2021-02-22,73.970001,72.769997,73.250000,66.799797
2021-02-23,73.430000,72.070000,72.879997,66.462387
2021-02-24,75.059998,71.559998,74.930000,68.331863
2021-02-25,74.980003,73.190002,73.379997,66.918358
2021-02-26,74.339996,72.580002,73.480003,67.009537
2021-03-01,75.160004,73.809998,74.830002,68.240669
2021-03-02,75.720001,74.040001,74.949997,68.350113
2021-03-03,74.760002,72.779999,73.160004,66.717728
2021-03-04,73.949997,71.760002,72.400002,66.024658
2021-03-05,74.510002,71.930000,73.709999,67.219292
2021-03-08,74.389999,72.570000,72.690002,66.289131
2021-03-09,75.220001,73.510002,74.389999,67.839432
2021-03-10,76.239998,74.639999,76.019997,69.325882
2021-03-11,78.309998,76.220001,77.540001,70.712036
2021-03-12,77.839996,76.839996,77.769997,70.921768
2021-03-15,79.330002,77.279999,79.269997,72.289696
2021-03-16,79.099998,77.839996,78.059998,71.186249
2021-03-17,78.320000,77.160004,78.029999,71.158867
2021-03-18,77.769997,76.029999,76.400002,69.672447
2021-03-19,77.330002,75.400002,76.550003,69.809219
2021-03-22,77.059998,76.220001,76.730003,69.973358
2021-03-23,77.620003,76.169998,76.230003,69.517410
2021-03-24,77.849998,76.529999,76.940002,70.164864
2021-03-25,77.449997,76.059998,77.099998,70.310783
2021-03-26,79.330002,76.940002,79.239998,72.262344
2021-03-29,79.110001,77.190002,78.059998,71.186249
2021-03-30,78.669998,77.500000,78.570000,71.651321
2021-03-31,79.180000,77.900002,78.120003,71.240959
2021-04-01,79.330002,78.139999,78.879997,71.934044
2021-04-05,80.489998,79.000000,80.330002,73.256348
2021-04-06,80.160004,79.169998,79.660004,72.645348
2021-04-07,80.120003,79.099998,79.209999,72.234978
2021-04-08,80.769997,79.309998,80.059998,73.010132
2021-04-09,80.650002,79.769997,80.550003,73.456985
2021-04-12,80.480003,79.599998,80.230003,73.165161
2021-04-13,80.739998,79.879997,80.440002,73.356674
2021-04-14,80.349998,79.279999,79.459999,72.462959
2021-04-15,80.500000,79.239998,79.769997,72.745651
2021-04-16,80.849998,79.550003,80.620003,73.520821
2021-04-19,80.879997,80.059998,80.400002,73.320175
2021-04-20,80.489998,79.389999,79.610001,72.599762
2021-04-21,80.379997,79.190002,79.250000,72.271454
2021-04-22,79.209999,77.480003,79.040001,72.079956
2021-04-23,79.419998,78.410004,78.690002,71.760765
2021-04-26,79.660004,78.070000,79.559998,72.554153
2021-04-27,80.089996,79.150002,79.940002,72.900688
2021-04-28,80.580002,79.300003,80.180000,73.119568
2021-04-29,81.779999,80.110001,81.360001,74.195656
2021-04-30,81.110001,79.959999,80.400002,73.320175
2021-05-03,82.570000,80.410004,82.199997,74.961678
2021-05-04,82.199997,80.769997,81.250000,74.095360
2021-05-05,81.889999,80.400002,81.459999,74.286880
2021-05-06,77.029999,72.160004,75.120003,68.505135
2021-05-07,75.580002,73.949997,74.820000,68.231560
2021-05-10,75.209999,73.839996,74.010002,67.492897
2021-05-11,73.739998,72.029999,72.639999,66.243523
2021-05-12,72.370003,70.620003,70.730003,64.501701
2021-05-13,71.699997,70.959999,71.290001,65.012375
2021-05-14,71.930000,70.849998,71.010002,64.757050
2021-05-17,71.099998,69.400002,70.639999,64.419632
2021-05-18,71.860001,70.339996,70.970001,64.720581
2021-05-19,70.800003,69.639999,70.739998,64.729721
2021-05-20,71.830002,70.330002,71.300003,65.242157
2021-05-21,72.150002,71.089996,71.239998,65.187241
2021-05-24,71.889999,71.000000,71.099998,65.059151
2021-05-25,71.400002,70.919998,71.000000,64.967644
2021-05-26,71.410004,70.750000,71.000000,64.967644
2021-05-27,71.610001,71.000000,71.120003,65.077446
2021-05-28,71.860001,70.900002,71.559998,65.480049
2021-06-01,72.470001,71.099998,71.190002,65.141487
2021-06-02,71.510002,71.019997,71.290001,65.232979
2021-06-03,71.160004,70.540001,70.800003,64.784630
2021-06-04,71.610001,70.970001,71.500000,65.425156
2021-06-07,71.769997,71.010002,71.300003,65.242157
2021-06-08,71.830002,71.139999,71.440002,65.370247
2021-06-09,71.980003,71.160004,71.250000,65.196388
2021-06-10,71.660004,70.879997,71.169998,65.123192
2021-06-11,71.559998,70.910004,71.250000,65.196388
2021-06-14,71.290001,70.059998,70.790001,64.775482
2021-06-15,71.519997,70.279999,70.349998,64.372856
2021-06-16,70.830002,69.680000,70.010002,64.061745
2021-06-17,69.870003,68.889999,69.169998,63.293110
2021-06-18,68.809998,68.209999,68.320000,62.515343
2021-06-21,69.839996,68.680000,69.620003,63.704884
2021-06-22,69.690002,69.110001,69.529999,63.622536
2021-06-23,69.769997,69.070000,69.110001,63.238213
2021-06-24,69.959999,69.269997,69.820000,63.887890
2021-06-25,70.599998,69.610001,70.489998,64.500961
2021-06-28,70.669998,69.910004,70.150002,64.189857
2021-06-29,71.129997,70.360001,70.419998,64.436913
2021-06-30,70.080002,68.610001,69.260002,63.375454
2021-07-01,69.989998,68.940002,69.839996,63.906174
2021-07-02,70.290001,69.540001,69.610001,63.695724
2021-07-06,69.570000,68.379997,68.730003,62.890507
2021-07-07,69.349998,68.690002,68.930000,63.073509
2021-07-08,68.610001,67.370003,68.370003,62.561081
2021-07-09,69.250000,68.500000,69.139999,63.265678
2021-07-12,69.279999,68.309998,69.250000,63.366333
2021-07-13,69.160004,68.339996,68.699997,62.863045
2021-07-14,69.970001,68.879997,69.230003,63.348042
2021-07-15,69.239998,68.650002,68.830002,62.982006
2021-07-16,69.230003,68.169998,68.239998,62.442131
2021-07-19,67.870003,66.190002,66.459999,60.813366
2021-07-20,68.019997,66.680000,67.610001,61.865650
2021-07-21,68.000000,67.269997,67.750000,61.993763
2021-07-22,68.220001,67.440002,68.110001,62.323177
2021-07-23,69.519997,68.459999,69.290001,63.402916
2021-07-26,69.760002,68.930000,69.430000,63.531010
2021-07-27,70.059998,68.540001,69.129997,63.256504
2021-07-28,70.139999,68.940002,69.790001,63.860443
2021-07-29,75.980003,73.769997,73.919998,67.639542
2021-07-30,74.480003,73.349998,73.529999,67.282677
2021-08-02,74.339996,73.110001,73.669998,67.410789
2021-08-03,74.980003,73.230003,74.900002,68.536278
2021-08-04,75.050003,73.550003,73.559998,67.310120
2021-08-05,73.879997,73.279999,73.400002,67.163719
2021-08-06,73.790001,72.860001,73.000000,66.797722
2021-08-09,73.120003,72.300003,72.529999,66.367630
2021-08-10,73.269997,72.309998,73.070000,66.861771
2021-08-11,75.150002,73.190002,75.050003,68.673523
2021-08-12,76.769997,74.940002,76.519997,70.018639
2021-08-13,77.839996,76.360001,77.629997,71.034309
2021-08-16,77.820000,76.790001,77.180000,70.622559
2021-08-17,77.500000,76.250000,77.010002,70.467003
2021-08-18,77.620003,76.419998,76.669998,70.155884
2021-08-19,76.449997,75.370003,75.790001,69.568405
2021-08-20,76.790001,75.339996,76.699997,70.403732
2021-08-23,77.860001,76.940002,77.360001,71.009544
2021-08-24,78.110001,76.870003,78.010002,71.606201
2021-08-25,78.360001,77.160004,77.489998,71.128883
2021-08-26,77.449997,76.500000,76.980003,70.660736
2021-08-27,77.870003,77.010002,77.239998,70.899406
2021-08-30,77.820000,76.820000,76.849998,70.541405
2021-08-31,76.980003,76.160004,76.309998,70.045723
2021-09-01,76.949997,76.139999,76.830002,70.523056
2021-09-02,77.339996,76.709999,77.309998,70.963638
2021-09-03,77.099998,76.430000,76.550003,70.266052
2021-09-07,76.919998,76.050003,76.209999,69.953957
2021-09-08,76.769997,75.940002,76.660004,70.367004
2021-09-09,77.059998,76.440002,76.480003,70.201790
2021-09-10,77.150002,76.190002,76.260002,69.999855
2021-09-13,76.820000,75.660004,76.400002,70.128380
2021-09-14,76.879997,75.559998,75.680000,69.467468
2021-09-15,76.720001,75.250000,76.480003,70.201790
2021-09-16,76.860001,76.000000,76.760002,70.458801
2021-09-17,76.660004,75.190002,75.480003,69.283897
2021-09-20,75.139999,74.040001,75.059998,68.898354
2021-09-21,75.459999,74.480003,74.510002,68.393517
2021-09-22,75.739998,74.830002,75.389999,69.201271
2021-09-23,77.279999,75.269997,77.150002,70.816811
2021-09-24,78.059998,76.750000,77.620003,71.248207
2021-09-27,78.290001,76.809998,78.029999,71.624527
2021-09-28,77.830002,76.180000,76.360001,70.091637
2021-09-29,76.559998,75.489998,75.580002,69.375679
2021-09-30,76.129997,74.019997,74.209999,68.118126
2021-10-01,75.680000,73.779999,75.269997,69.091125
2021-10-04,75.440002,73.900002,74.339996,68.237465
2021-10-05,74.940002,73.889999,74.430000,68.320076
2021-10-06,74.889999,73.050003,74.360001,68.255806
2021-10-07,75.750000,74.910004,75.260002,69.081940
2021-10-08,76.000000,75.080002,75.489998,69.293068
2021-10-11,76.419998,75.150002,75.389999,69.201271
2021-10-12,75.660004,74.680000,75.110001,68.944260
2021-10-13,76.580002,75.220001,75.629997,69.421547
2021-10-14,77.800003,76.260002,77.449997,71.092163
2021-10-15,78.959999,77.360001,78.830002,72.358856
2021-10-18,79.070000,77.910004,78.889999,72.413940
2021-10-19,79.910004,78.919998,79.790001,73.240067
2021-10-20,79.769997,78.290001,79.160004,72.661797
2021-10-21,79.199997,78.550003,79.080002,72.588356
2021-10-22,79.790001,78.860001,79.000000,72.514946
2021-10-25,79.220001,78.750000,78.959999,72.478195
2021-10-26,80.239998,78.680000,78.750000,72.285454
2021-10-27,78.480003,76.629997,77.709999,71.330826
2021-10-28,82.000000,76.379997,77.320000,70.972839
2021-10-29,78.599998,76.900002,78.089996,71.679619
2021-11-01,78.449997,77.690002,78.000000,71.597023
2021-11-02,78.699997,77.800003,78.620003,72.166122
2021-11-03,80.000000,77.720001,79.650002,73.111565
2021-11-04,80.209999,79.169998,79.540001,73.010590
2021-11-05,80.940002,79.660004,79.910004,73.350243
2021-11-08,80.529999,79.730003,80.169998,73.588890
2021-11-09,80.690002,79.750000,80.510002,73.900963
2021-11-10,81.500000,80.529999,80.650002,74.029488
2021-11-11,81.559998,80.580002,81.070000,74.414993
2021-11-12,82.529999,81.070000,81.980003,75.250313
2021-11-15,82.680000,81.720001,81.949997,75.222748
2021-11-16,82.540001,81.540001,81.750000,75.039177
2021-11-17,81.720001,80.430000,80.989998,74.341560
2021-11-18,81.629997,79.570000,81.040001,74.608536
2021-11-19,82.839996,80.650002,81.989998,75.483154
2021-11-22,82.809998,81.239998,81.389999,74.930794
2021-11-23,81.540001,79.959999,80.760002,74.350777
2021-11-24,80.940002,79.540001,80.739998,74.332367
2021-11-26,80.180000,78.099998,78.400002,72.178055
2021-11-29,80.139999,78.519997,79.709999,73.384109
2021-11-30,79.650002,77.470001,77.980003,71.791397
2021-12-01,79.440002,76.790001,76.860001,70.760277
2021-12-02,79.720001,76.889999,79.430000,73.126320
2021-12-03,80.019997,77.779999,78.519997,72.288528
2021-12-06,81.290001,78.510002,80.720001,74.313942
2021-12-07,82.389999,81.290001,81.449997,74.986008
2021-12-08,82.180000,81.199997,81.220001,74.774269
2021-12-09,81.239998,80.559998,80.989998,74.562515
2021-12-10,82.279999,81.250000,82.099998,75.584419
2021-12-13,82.389999,81.430000,81.930000,75.427917
2021-12-14,82.709999,81.169998,81.879997,75.381897
2021-12-15,83.050003,81.230003,82.900002,76.320938
2021-12-16,85.339996,83.620003,84.680000,77.959679
2021-12-17,85.940002,84.040001,84.820000,78.088570
2021-12-20,84.070000,81.849998,82.910004,76.330147
2021-12-21,85.309998,83.360001,85.199997,78.438408
2021-12-22,85.970001,84.830002,85.900002,79.082848
2021-12-23,86.970001,85.930000,86.290001,79.441910
2021-12-27,88.180000,86.360001,88.089996,81.099037
2021-12-28,88.889999,87.989998,88.730003,81.688271
2021-12-29,90.080002,88.519997,89.589996,82.480026
2021-12-30,89.949997,88.830002,88.940002,81.881592
2021-12-31,89.169998,88.650002,88.720001,81.679062
2022-01-03,89.970001,88.389999,89.570000,82.461586
2022-01-04,92.029999,89.550003,91.419998,84.164772
2022-01-05,91.919998,89.980003,90.019997,82.875877
2022-01-06,90.699997,87.989998,88.230003,81.227951
2022-01-07,88.169998,86.980003,87.419998,80.482224
2022-01-10,86.750000,84.889999,86.680000,79.800964
2022-01-11,88.029999,85.519997,87.970001,80.988586
2022-01-12,89.610001,87.620003,88.070000,81.080635
2022-01-13,88.480003,87.019997,87.199997,80.279686
2022-01-14,87.309998,85.970001,87.199997,80.279686
2022-01-18,86.800003,85.389999,86.190002,79.349823
2022-01-19,87.029999,85.900002,86.040001,79.211754
2022-01-20,87.559998,85.620003,85.690002,78.889511
2022-01-21,86.930000,84.129997,84.260002,77.573021
2022-01-24,85.199997,81.790001,85.099998,78.346336
2022-01-25,84.150002,82.070000,82.250000,75.722519
2022-01-26,84.070000,80.970001,81.830002,75.335854
2022-01-27,83.930000,81.300003,81.790001,75.299026
2022-01-28,84.470001,81.230003,84.440002,77.738731
2022-01-31,85.589996,83.690002,85.419998,78.640945
2022-02-01,86.540001,84.790001,86.419998,79.561584
2022-02-02,88.430000,86.290001,88.239998,81.237129
2022-02-03,87.559998,84.269997,86.059998,79.230133
2022-02-04,87.199997,84.860001,86.820000,79.929825
2022-02-07,88.529999,86.209999,87.739998,80.776848
2022-02-08,89.440002,87.540001,89.169998,82.093330
2022-02-09,91.870003,89.849998,91.690002,84.413345
2022-02-10,92.440002,89.650002,90.250000,83.087624
2022-02-11,90.519997,87.040001,87.339996,80.408554
2022-02-14,87.540001,84.980003,86.239998,79.395882
2022-02-15,89.150002,86.830002,89.059998,81.992065
2022-02-16,89.680000,87.959999,89.419998,82.323502
2022-02-17,88.620003,85.750000,85.919998,79.340828
2022-02-18,87.019997,85.730003,86.360001,79.747139
2022-02-22,86.790001,84.349998,85.269997,78.740585
2022-02-23,86.519997,84.440002,84.650002,78.168083
2022-02-24,86.400002,82.360001,86.080002,79.488579
2022-02-25,88.080002,85.949997,88.040001,81.298492
2022-02-28,87.019997,84.980003,86.129997,79.534760
2022-03-01,86.540001,84.410004,85.800003,79.229996
2022-03-02,88.769997,86.279999,88.190002,81.437019
2022-03-03,89.669998,86.820000,87.930000,81.196922
2022-03-04,89.019997,86.470001,88.879997,82.074188
2022-03-07,89.089996,86.589996,86.599998,79.968742
2022-03-08,88.849998,85.790001,87.480003,80.781380
2022-03-09,90.300003,87.639999,87.959999,81.224617
2022-03-10,88.070000,85.820000,87.660004,80.947594
2022-03-11,89.500000,87.959999,88.040001,81.298492
2022-03-14,89.199997,87.209999,87.430000,80.735214
2022-03-15,88.519997,86.879997,88.169998,81.418533
2022-03-16,89.730003,87.290001,89.699997,82.831390
2022-03-17,90.639999,88.650002,90.580002,83.643997
2022-03-18,91.830002,89.300003,91.720001,84.696701
2022-03-21,92.269997,90.809998,91.389999,84.391975
2022-03-22,93.470001,91.739998,93.120003,85.989502
2022-03-23,93.000000,90.849998,90.959999,83.994911
2022-03-24,91.910004,90.650002,91.190002,84.207298
2022-03-25,91.610001,90.040001,91.510002,84.502808
2022-03-28,92.239998,90.879997,91.540001,84.530495
2022-03-29,92.989998,91.540001,92.730003,85.629364
2022-03-30,92.800003,91.050003,91.389999,84.391975
2022-03-31,91.839996,89.660004,89.669998,82.803680
2022-04-01,90.379997,89.410004,90.010002,83.117630
2022-04-04,90.510002,89.339996,90.019997,83.126869
2022-04-05,89.629997,86.180000,86.800003,80.153450
2022-04-06,87.370003,85.550003,86.910004,80.255028
2022-04-07,88.480003,86.440002,87.809998,81.086098
2022-04-08,89.320000,87.129997,88.959999,82.148048
2022-04-11,89.239998,87.110001,87.209999,80.532051
2022-04-12,88.669998,85.860001,86.089996,79.497810
2022-04-13,86.800003,85.070000,86.059998,79.470093
2022-04-14,86.379997,84.580002,84.739998,78.251190
2022-04-18,85.419998,84.070000,84.610001,78.131134
2022-04-19,85.949997,84.330002,85.739998,79.174614
2022-04-20,87.269997,86.029999,86.209999,79.608620
2022-04-21,88.790001,86.129997,86.419998,79.802559
2022-04-22,86.349998,82.930000,83.160004,76.792183
2022-04-25,84.519997,82.519997,84.459999,77.992638
2022-04-26,84.160004,81.970001,82.269997,75.970314
2022-04-27,84.449997,82.250000,82.839996,76.496666
2022-04-28,84.430000,82.779999,83.970001,77.540146
2022-04-29,84.000000,80.870003,80.900002,74.705238
2022-05-02,81.860001,79.459999,80.669998,74.492836
2022-05-03,81.910004,80.790001,81.550003,75.305458
2022-05-04,84.410004,80.220001,84.360001,77.900284
2022-05-05,80.070000,72.489998,73.599998,67.964226
2022-05-06,75.669998,72.599998,75.519997,69.737198
2022-05-09,77.489998,74.260002,76.269997,70.429756
2022-05-10,77.610001,73.919998,74.440002,68.739876
2022-05-11,74.669998,72.110001,72.379997,66.837624
2022-05-12,73.860001,71.760002,73.540001,67.908813
2022-05-13,74.730003,72.980003,73.379997,67.761055
2022-05-16,73.580002,72.389999,72.580002,67.022316
2022-05-17,75.290001,73.650002,75.110001,69.358597
2022-05-18,74.660004,70.129997,70.230003,64.852264
2022-05-19,71.550003,69.440002,70.320000,65.185959
2022-05-20,71.459999,69.349998,70.830002,65.658745
2022-05-23,72.120003,70.699997,71.839996,66.595009
2022-05-24,71.959999,70.190002,71.400002,66.187141
2022-05-25,72.089996,70.529999,71.690002,66.455956
2022-05-26,73.290001,72.129997,72.739998,67.429298
2022-05-27,74.739998,73.230003,74.730003,69.274033
2022-05-31,75.099998,73.570000,74.699997,69.246201
2022-06-01,75.400002,74.040001,74.180000,68.764160
2022-06-02,74.980003,73.349998,74.959999,69.487221
2022-06-03,74.459999,73.199997,73.559998,68.189415
2022-06-06,74.540001,73.510002,73.879997,68.486053
2022-06-07,74.279999,72.980003,74.089996,68.680733
2022-06-08,74.180000,72.750000,73.110001,67.772278
2022-06-09,73.209999,70.739998,70.769997,65.603104
2022-06-10,70.570000,68.930000,69.910004,64.805908
2022-06-13,69.820000,67.449997,67.889999,62.933384
2022-06-14,68.419998,67.150002,67.870003,62.914856
2022-06-15,69.470001,67.459999,68.489998,63.489586
2022-06-16,67.250000,65.239998,65.790001,60.986710
2022-06-17,67.010002,65.430000,66.500000,61.644882
2022-06-21,68.370003,67.180000,67.750000,62.803619
2022-06-22,68.059998,66.680000,67.480003,62.553345
2022-06-23,68.239998,66.839996,67.379997,62.460625
2022-06-24,70.320000,68.000000,70.260002,65.130363
2022-06-27,70.669998,69.430000,69.910004,64.805908
2022-06-28,70.440002,68.019997,68.110001,63.137321
2022-06-29,68.779999,67.760002,68.480003,63.480339
2022-06-30,68.320000,67.050003,67.489998,62.562599
2022-07-01,68.230003,66.720001,68.029999,63.063183
2022-07-05,67.769997,66.089996,67.720001,62.775799
2022-07-06,68.769997,67.680000,68.019997,63.053898
2022-07-07,68.400002,66.690002,67.580002,62.646034
2022-07-08,67.669998,66.480003,67.019997,62.126904
2022-07-11,66.449997,65.139999,65.699997,60.903290
2022-07-12,66.480003,64.760002,65.150002,60.393440
2022-07-13,65.349998,63.810001,65.040001,60.291466
2022-07-14,64.690002,63.259998,64.459999,59.753815
2022-07-15,65.910004,64.720001,65.860001,61.051594
2022-07-18,66.620003,64.860001,65.099998,60.347080
2022-07-19,67.510002,65.699997,67.419998,62.497700
2022-07-20,68.220001,67.129997,68.120003,63.146606
2022-07-21,69.010002,67.930000,68.980003,63.943810
2022-07-22,69.580002,68.709999,69.099998,64.055038
2022-07-25,69.330002,67.769997,68.220001,63.239304
2022-07-26,68.580002,67.580002,68.070000,63.100239
2022-07-27,70.540001,68.209999,70.300003,65.167435
2022-07-28,67.839996,65.040001,66.830002,61.950779
2022-07-29,68.010002,66.739998,67.959999,62.998299
2022-08-01,68.809998,67.519997,67.620003,62.683113
2022-08-02,68.110001,66.360001,67.570000,62.636757
2022-08-03,69.089996,67.750000,68.730003,63.712067
2022-08-04,69.120003,68.070000,68.739998,63.721348
2022-08-05,68.779999,67.379997,68.720001,63.702793
2022-08-08,69.660004,68.419998,68.820000,63.795490
2022-08-09,68.750000,67.980003,68.110001,63.137321
2022-08-10,69.690002,68.750000,69.040001,63.999432
2022-08-11,69.510002,68.470001,68.720001,63.702793
2022-08-12,69.970001,69.010002,69.779999,64.685394
2022-08-15,70.209999,69.400002,69.699997,64.611244
2022-08-16,70.410004,69.300003,69.940002,64.833725
2022-08-17,69.809998,68.750000,68.900002,63.869656
2022-08-18,69.309998,68.349998,69.129997,64.334961
2022-08-19,68.959999,68.199997,68.599998,63.841740
2022-08-22,68.110001,66.510002,66.910004,62.268967
2022-08-23,66.970001,66.000000,66.019997,61.440685
2022-08-24,66.199997,65.500000,65.980003,61.403458
2022-08-25,67.040001,66.089996,67.029999,62.380623
2022-08-26,67.150002,64.580002,64.699997,60.212246
2022-08-29,64.949997,64.160004,64.260002,59.802765
2022-08-30,64.660004,63.619999,64.209999,59.756229
2022-08-31,65.070000,63.150002,63.169998,58.788372
2022-09-01,63.480000,62.200001,63.439999,59.039646
2022-09-02,64.089996,62.049999,62.330002,58.006634
2022-09-06,62.619999,61.590000,62.220001,57.904270
2022-09-07,63.959999,62.310001,63.669998,59.253685
2022-09-08,64.360001,62.939999,64.349998,59.886517
2022-09-09,65.690002,64.529999,65.510002,60.966061
2022-09-12,66.589996,65.980003,66.320000,61.719872
2022-09-13,65.080002,62.590000,62.830002,58.471954
2022-09-14,62.930000,61.720001,62.029999,57.727451
2022-09-15,63.230000,61.730000,62.040001,57.736759
2022-09-16,62.639999,60.840000,62.200001,57.885647
2022-09-19,63.470001,61.680000,63.209999,58.825596
2022-09-20,62.900002,61.599998,61.959999,57.662296
2022-09-21,62.810001,60.060001,60.080002,55.912704
2022-09-22,60.540001,59.630001,59.799999,55.652126
2022-09-23,59.560001,58.130001,58.849998,54.768013
2022-09-26,59.400002,58.380001,58.689999,54.619110
2022-09-27,59.639999,57.680000,57.970001,53.949059
2022-09-28,59.599998,57.700001,59.259998,55.149582
2022-09-29,58.910000,57.669998,58.450001,54.395760
2022-09-30,58.919998,57.419998,57.439999,53.455818
2022-10-03,59.599998,57.630001,59.029999,54.935528
2022-10-04,61.009998,59.660000,60.660000,56.452469
2022-10-05,61.150002,59.720001,60.630001,56.424545
2022-10-06,60.439999,59.459999,59.709999,55.568367
2022-10-07,59.150002,58.049999,58.490002,54.432991
2022-10-10,59.119999,57.820000,58.150002,54.116573
2022-10-11,58.029999,56.939999,57.220001,53.251080
2022-10-12,57.389999,56.730000,56.750000,52.813683
2022-10-13,59.290001,55.400002,58.950001,54.861080
2022-10-14,59.610001,58.310001,58.599998,54.535355
2022-10-17,60.320000,59.439999,59.880001,55.726570
2022-10-18,61.820000,60.259998,60.720001,56.508308
2022-10-19,60.680000,59.220001,59.810001,55.661423
2022-10-20,61.150002,59.630001,59.779999,55.633503
2022-10-21,60.480000,58.830002,60.279999,56.098827
2022-10-24,61.259998,60.240002,60.759998,56.545532
2022-10-25,61.520000,60.560001,61.480000,57.215599
2022-10-26,62.830002,61.310001,61.650002,57.373806
2022-10-27,62.220001,61.450001,61.820000,57.532013
2022-10-28,63.090000,61.830002,63.020000,58.648777
2022-10-31,62.639999,61.849998,62.250000,57.932194
2022-11-01,63.009998,62.049999,62.529999,58.192760
2022-11-02,62.840000,60.209999,60.259998,56.080223
2022-11-03,53.740002,51.330002,51.959999,48.355927
2022-11-04,53.520000,51.439999,52.630001,48.979450
2022-11-07,53.849998,52.480000,53.750000,50.021763
2022-11-08,54.580002,52.730000,53.220001,49.528522
2022-11-09,54.450001,52.740002,54.020000,50.273037
2022-11-10,57.410000,55.200001,57.290001,53.316219
2022-11-11,58.770000,57.380001,58.419998,54.367847
2022-11-14,58.860001,58.020000,58.080002,54.051434
2022-11-15,60.020000,58.599998,59.959999,55.801018
2022-11-16,59.939999,59.200001,59.410000,55.289173
2022-11-17,60.020000,58.000000,59.470001,55.597691
2022-11-18,60.529999,59.290001,59.970001,56.065128
2022-11-21,59.759998,57.959999,58.200001,54.410378
2022-11-22,59.369999,58.340000,59.230000,55.373318
2022-11-23,60.310001,59.020000,60.029999,56.121216
2022-11-25,61.279999,60.130001,60.919998,56.953274
2022-11-28,61.180000,60.000000,60.099998,56.186661
2022-11-29,60.520000,59.380001,59.619999,55.737919
2022-11-30,62.340000,59.380001,62.209999,58.159271
2022-12-01,63.580002,62.290001,62.619999,58.542576
2022-12-02,62.880001,61.540001,62.389999,58.327560
2022-12-05,62.049999,60.320000,60.450001,56.513878
2022-12-06,60.660000,59.049999,59.639999,55.756611
2022-12-07,60.110001,59.209999,59.400002,55.532246
2022-12-08,59.810001,58.950001,59.299999,55.438755
2022-12-09,59.189999,57.560001,58.340000,54.541260
2022-12-12,59.360001,57.779999,59.040001,55.195690
2022-12-13,61.630001,58.860001,59.180000,55.326565
2022-12-14,59.750000,57.700001,58.230000,54.438423
2022-12-15,57.279999,55.610001,56.349998,52.680847
2022-12-16,55.970001,54.950001,55.560001,51.942284
2022-12-19,55.990002,54.810001,54.980000,51.400043
2022-12-20,55.599998,54.590000,55.040001,51.456146
2022-12-21,56.130001,55.389999,55.630001,52.007725
2022-12-22,55.480000,54.250000,55.459999,51.848789
2022-12-23,56.060001,54.990002,56.020000,52.372334
2022-12-27,56.590000,55.580002,56.480000,52.802383
2022-12-28,56.910000,55.480000,55.580002,51.960983
2022-12-29,57.360001,56.060001,57.130001,53.410057
2022-12-30,57.220001,56.320000,57.189999,53.466137
2023-01-03,58.099998,57.060001,57.590000,53.840099
2023-01-04,58.630001,57.619999,58.060001,54.279499
2023-01-05,57.630001,56.779999,57.570000,53.821404
2023-01-06,59.930000,57.830002,59.750000,55.859451
2023-01-09,61.150002,58.560001,60.860001,56.897182
2023-01-10,61.250000,59.779999,61.209999,57.224388
2023-01-11,62.209999,61.029999,61.500000,57.495502
2023-01-12,67.410004,62.119999,65.099998,60.861092
2023-01-13,65.099998,63.709999,64.059998,59.888809
2023-01-17,64.059998,62.880001,62.959999,58.860439
2023-01-18,63.279999,60.840000,60.990002,57.018715
2023-01-19,61.709999,60.290001,61.369999,57.373970
2023-01-20,63.080002,61.389999,62.740002,58.654755
2023-01-23,64.489998,62.509998,64.239998,60.057091
2023-01-24,64.519997,63.660000,63.919998,59.757927
2023-01-25,64.239998,62.860001,64.139999,59.963604
2023-01-26,64.720001,63.689999,64.660004,60.449745
2023-01-27,65.839996,64.269997,65.709999,61.431374
2023-01-30,65.900002,64.949997,65.269997,61.020016
2023-01-31,66.779999,65.070000,66.750000,62.403660
2023-02-01,69.290001,66.169998,68.839996,64.357552
2023-02-02,70.860001,69.260002,70.660004,66.059074
2023-02-03,69.440002,65.989998,68.220001,63.777939
2023-02-06,68.379997,66.639999,66.830002,62.478443
2023-02-07,67.820000,66.150002,67.519997,63.123524
2023-02-08,67.389999,66.230003,66.300003,61.982952
2023-02-09,67.650002,66.260002,66.629997,62.291473
2023-02-10,66.750000,65.480003,66.720001,62.375614
2023-02-13,68.010002,66.400002,67.830002,63.413322
2023-02-14,67.709999,66.000000,67.410004,63.020687
2023-02-15,67.330002,66.599998,67.129997,62.758911
2023-02-16,67.199997,65.870003,66.360001,62.308231
2023-02-17,66.190002,65.070000,65.480003,61.481960
2023-02-21,64.889999,63.770000,64.660004,60.712017
2023-02-22,65.139999,64.180000,64.440002,60.505455
2023-02-23,64.949997,63.500000,64.290001,60.364609
2023-02-24,63.959999,63.130001,63.830002,59.932690
2023-02-27,64.629997,63.330002,63.500000,59.622845
2023-02-28,63.430000,62.480000,62.630001,58.805965
2023-03-01,62.860001,61.900002,62.369999,58.561840
2023-03-02,62.650002,61.849998,62.529999,58.712074
2023-03-03,62.889999,62.209999,62.540001,58.721462
2023-03-06,63.720001,62.470001,62.610001,58.787189
2023-03-07,62.680000,61.200001,61.419998,57.669849
2023-03-08,61.959999,61.189999,61.529999,57.773132
2023-03-09,61.889999,60.660000,60.910000,57.190983
2023-03-10,61.130001,60.060001,60.380001,56.693348
2023-03-13,60.080002,57.880001,57.980000,54.439880
2023-03-14,59.590000,57.919998,58.439999,54.871796
2023-03-15,57.830002,56.450001,57.070000,53.585449
2023-03-16,58.529999,56.590000,58.400002,54.834244
2023-03-17,58.669998,57.599998,57.790001,54.261486
2023-03-20,58.889999,57.880001,58.700001,55.115921
2023-03-21,59.599998,58.799999,59.180000,55.566612
2023-03-22,59.250000,57.400002,57.439999,53.932854
2023-03-23,59.180000,57.720001,58.160000,54.608894
2023-03-24,58.680000,57.240002,58.650002,55.068977
2023-03-27,59.490002,58.810001,59.009998,55.406998
2023-03-28,59.189999,58.570000,58.950001,55.350658
2023-03-29,59.740002,59.270000,59.509998,55.876461
2023-03-30,60.209999,59.389999,59.810001,56.158146
2023-03-31,61.029999,59.950001,60.930000,57.209766
2023-04-03,61.410000,60.570000,61.369999,57.622902
2023-04-04,61.560001,59.840000,60.669998,56.965641
2023-04-05,61.169998,60.240002,60.660000,56.956249
2023-04-06,60.889999,60.200001,60.419998,56.730900
2023-04-10,61.130001,59.849998,61.110001,57.378773
2023-04-11,62.000000,60.919998,61.689999,57.923367
2023-04-12,62.070000,60.139999,60.279999,56.599453
2023-04-13,60.770000,58.230000,60.610001,56.909302
2023-04-14,60.590000,59.520000,60.040001,56.374104
2023-04-17,60.759998,59.869999,60.750000,57.040756
2023-04-18,61.349998,60.389999,61.119999,57.388165
2023-04-19,61.090000,59.700001,60.250000,56.571278
2023-04-20,60.320000,59.410000,59.970001,56.308376
2023-04-21,60.110001,59.220001,59.490002,55.857693
2023-04-24,59.830002,59.220001,59.500000,55.867077
2023-04-25,59.430000,58.430000,58.459999,54.890572
2023-04-26,58.950001,58.090000,58.400002,54.834244
2023-04-27,59.279999,58.630001,59.209999,55.594776
2023-04-28,59.810001,59.279999,59.709999,56.064255
2023-05-01,59.980000,59.169998,59.840000,56.186317
2023-05-02,59.959999,58.470001,59.380001,55.754398
2023-05-03,60.040001,58.810001,58.880001,55.284931
2023-05-04,65.430000,62.049999,62.860001,59.021927
2023-05-05,63.910000,62.840000,63.290001,59.425667
2023-05-08,63.490002,61.310001,61.639999,57.876415
2023-05-09,61.660000,60.259998,61.630001,57.867023
2023-05-10,62.740002,61.610001,62.560001,58.740231
2023-05-11,62.349998,61.580002,61.880001,58.101765
2023-05-12,62.340000,61.310001,61.660000,57.895195
2023-05-15,62.779999,61.770000,62.759998,58.928020
2023-05-16,62.709999,61.889999,61.980000,58.195660
2023-05-17,63.080002,62.139999,62.759998,58.928020
2023-05-18,63.669998,62.029999,63.619999,60.012817
2023-05-19,63.880001,62.959999,63.009998,59.437408
2023-05-22,64.209999,62.930000,64.010002,60.380714
2023-05-23,64.050003,63.139999,63.299999,59.710972
2023-05-24,63.180000,62.439999,62.610001,59.060093
2023-05-25,62.639999,61.919998,62.160000,58.635609
2023-05-26,63.080002,62.160000,62.880001,59.314785
2023-05-30,63.299999,61.840000,62.450001,58.909164
2023-05-31,62.959999,61.759998,62.490002,58.946896
2023-06-01,62.630001,61.770000,62.189999,58.663906
2023-06-02,63.950001,62.540001,63.759998,60.144882
2023-06-05,63.000000,61.119999,61.299999,57.824368
2023-06-06,62.320000,61.310001,62.169998,58.645039
2023-06-07,62.689999,62.049999,62.599998,59.050652
2023-06-08,62.770000,61.889999,62.299999,58.767673
2023-06-09,62.410000,61.740002,62.049999,58.531845
2023-06-12,63.480000,62.029999,63.320000,59.729828
2023-06-13,64.339996,63.689999,64.230003,60.588238
2023-06-14,64.860001,63.599998,63.709999,60.097725
2023-06-15,65.000000,63.580002,64.739998,61.069328
2023-06-16,65.580002,64.290001,65.080002,61.390041
2023-06-20,65.330002,64.410004,64.639999,60.974995
2023-06-21,64.489998,63.139999,63.180000,59.597775
2023-06-22,62.750000,61.230000,62.599998,59.050652
2023-06-23,62.310001,61.389999,62.040001,58.522415
2023-06-26,62.689999,61.930000,62.459999,58.918602
2023-06-27,63.520000,62.279999,63.130001,59.550613
2023-06-28,63.990002,63.090000,63.369999,59.777004
2023-06-29,64.559998,63.180000,64.540001,60.880657
2023-06-30,65.550003,65.010002,65.279999,61.578705
2023-07-03,65.559998,64.639999,65.559998,61.842819
2023-07-05,65.949997,64.699997,65.529999,61.814518
2023-07-06,65.050003,64.110001,64.709999,61.041023
2023-07-07,65.709999,64.540001,65.339996,61.635300
2023-07-10,66.949997,65.260002,66.639999,62.861599
2023-07-11,67.349998,66.709999,67.180000,63.370972
2023-07-12,67.989998,66.900002,67.169998,63.361553
2023-07-13,67.959999,67.150002,67.690002,63.852058
2023-07-14,68.639999,67.639999,68.599998,64.710457
2023-07-17,68.900002,68.199997,68.440002,64.559540
2023-07-18,69.360001,68.500000,69.169998,65.248146
2023-07-19,69.570000,68.570000,69.089996,65.172699
2023-07-20,67.629997,65.830002,66.760002,62.974789
2023-07-21,67.489998,66.639999,66.809998,63.021954
2023-07-24,67.820000,66.879997,67.449997,63.625660
2023-07-25,68.150002,67.339996,67.839996,63.993553
2023-07-26,67.930000,67.160004,67.760002,63.918076
2023-07-27,68.430000,65.989998,66.290001,62.531433
2023-07-28,66.779999,65.260002,65.760002,62.031490
2023-07-31,66.220001,65.650002,66.029999,62.286182
2023-08-01,65.970001,65.150002,65.849998,62.116375
2023-08-02,65.690002,64.680000,65.339996,61.635300
2023-08-03,71.860001,68.370003,70.470001,66.474434
2023-08-04,71.750000,70.529999,71.000000,66.974403
2023-08-07,72.709999,71.080002,71.330002,67.285675
2023-08-08,70.930000,69.739998,70.260002,66.276360
2023-08-09,70.459999,69.309998,69.940002,65.974487
2023-08-10,71.430000,70.250000,71.080002,67.049858
2023-08-11,70.720001,69.989998,70.080002,66.106560
2023-08-14,71.169998,69.860001,71.099998,67.068710
2023-08-15,70.949997,69.129997,69.379997,65.446259
2023-08-16,70.019997,69.190002,69.230003,65.304771
2023-08-17,70.010002,68.889999,69.080002,65.163254
2023-08-18,68.959999,68.160004,68.800003,65.172729
2023-08-21,69.019997,68.349998,68.760002,65.134834
2023-08-22,69.849998,69.000000,69.589996,65.921066
2023-08-23,70.660004,69.739998,70.459999,66.745209
2023-08-24,70.949997,70.019997,70.029999,66.337875
2023-08-25,70.779999,69.320000,70.059998,66.366287
2023-08-28,70.959999,70.209999,70.620003,66.896767
2023-08-29,71.419998,70.379997,71.400002,67.635658
2023-08-30,71.720001,71.190002,71.489998,67.720894
2023-08-31,71.849998,71.389999,71.610001,67.834579
2023-09-01,72.360001,71.440002,71.730003,67.948257
2023-09-05,71.720001,70.949997,70.970001,67.228317
2023-09-06,71.690002,70.750000,71.300003,67.540924
2023-09-07,71.379997,70.769997,71.250000,67.493553
2023-09-08,71.730003,71.089996,71.339996,67.578804
2023-09-11,71.910004,70.940002,71.330002,67.569328
2023-09-12,71.089996,70.040001,70.129997,66.432617
2023-09-13,70.849998,70.070000,70.699997,66.972549
2023-09-14,71.360001,70.660004,70.970001,67.228317
2023-09-15,70.930000,69.879997,70.169998,66.470490
2023-09-18,70.930000,70.080002,70.220001,66.517868
2023-09-19,70.190002,69.050003,70.089996,66.394707
2023-09-20,71.260002,69.480003,69.510002,65.845299
2023-09-21,69.930000,68.970001,69.209999,65.561111
2023-09-22,70.099998,68.989998,69.610001,65.940018
2023-09-25,69.860001,69.239998,69.730003,66.053696
2023-09-26,69.760002,68.370003,68.639999,65.021156
2023-09-27,69.040001,67.760002,68.199997,64.604347
2023-09-28,68.250000,67.070000,67.839996,64.263329
2023-09-29,68.410004,67.489998,67.739998,64.168602
2023-10-02,67.989998,67.220001,67.760002,64.187538
2023-10-03,67.959999,66.970001,67.300003,63.751812
2023-10-04,67.639999,66.900002,67.540001,63.979153
2023-10-05,67.769997,66.750000,67.699997,64.130722
2023-10-06,68.169998,66.820000,67.839996,64.263329
2023-10-09,68.370003,67.180000,68.180000,64.585411
2023-10-10,68.500000,67.489998,67.860001,64.282280
2023-10-11,68.599998,68.029999,68.339996,64.736977
2023-10-12,68.209999,65.699997,65.959999,62.482452
2023-10-13,66.389999,65.150002,65.779999,62.311939
2023-10-16,66.900002,65.959999,66.769997,63.249737
2023-10-17,67.360001,66.400002,67.169998,63.628662
2023-10-18,67.199997,65.830002,66.029999,62.548767
2023-10-19,66.349998,65.220001,65.440002,61.989876
2023-10-20,66.540001,65.680000,65.739998,62.274055
2023-10-23,66.000000,64.940002,65.019997,61.591995
2023-10-24,65.800003,64.690002,65.150002,61.715153
2023-10-25,65.029999,63.970001,64.089996,60.711040
2023-10-26,64.370003,63.320000,63.419998,60.076366
2023-10-27,63.810001,62.790001,63.299999,59.962696
2023-10-30,63.919998,63.200001,63.750000,60.388966
2023-10-31,64.589996,63.930000,64.470001,61.071014
2023-11-01,65.209999,64.169998,64.959999,61.535175
2023-11-02,63.820000,62.139999,63.650002,60.294243
2023-11-03,66.919998,64.050003,66.269997,62.776096
2023-11-06,66.470001,65.809998,66.279999,62.785572
2023-11-07,66.580002,65.690002,65.769997,62.302464
2023-11-08,65.959999,65.269997,65.519997,62.065639
2023-11-09,65.660004,64.489998,64.650002,61.241516
2023-11-10,66.050003,64.760002,65.949997,62.472980
2023-11-13,66.099998,65.339996,65.680000,62.217224
2023-11-14,67.540001,66.730003,67.379997,63.827579
2023-11-15,68.790001,67.320000,68.410004,64.803284
2023-11-16,69.320000,68.230003,68.480003,64.869606
2023-11-17,69.730003,68.779999,69.529999,65.864227
2023-11-20,70.019997,68.959999,69.800003,66.396942
2023-11-21,70.500000,69.809998,70.250000,66.825005
2023-11-22,71.260002,70.489998,70.879997,67.424278
2023-11-24,71.500000,70.930000,71.169998,67.700142
2023-11-27,71.300003,70.760002,70.769997,67.319633
2023-11-28,71.519997,70.699997,71.300003,67.823807
2023-11-29,71.800003,69.900002,70.120003,66.701332
2023-11-30,70.519997,69.800003,70.379997,66.948654
2023-12-01,70.870003,70.080002,70.820000,67.367203
2023-12-04,71.480003,70.220001,71.160004,67.690636
2023-12-05,71.040001,69.889999,70.129997,66.710854
2023-12-06,70.910004,70.040001,70.120003,66.701332
2023-12-07,70.550003,69.940002,70.419998,66.986702
2023-12-08,70.559998,69.940002,70.330002,66.901077
2023-12-11,71.860001,70.410004,71.680000,68.185280
2023-12-12,72.269997,71.510002,72.050003,68.537247
2023-12-13,73.209999,71.720001,73.180000,69.612152
2023-12-14,75.110001,73.660004,74.680000,71.038994
2023-12-15,76.639999,75.000000,76.169998,72.456367
2023-12-18,76.849998,75.660004,75.900002,72.199532
2023-12-19,75.930000,74.919998,75.430000,71.752441
2023-12-20,75.519997,74.019997,74.029999,70.420685
2023-12-21,74.769997,73.629997,74.160004,70.544365
2023-12-22,75.220001,74.190002,75.150002,71.486092
2023-12-26,75.510002,74.680000,75.470001,71.790497
2023-12-27,75.720001,75.300003,75.599998,71.914154
2023-12-28,76.099998,75.500000,75.839996,72.142441
2023-12-29,75.870003,75.059998,75.529999,71.847557
2024-01-02,75.360001,73.989998,74.400002,70.772675
2024-01-03,74.290001,73.419998,73.669998,70.078255
2024-01-04,74.290001,73.510002,73.589996,70.002144
2024-01-05,73.470001,72.690002,72.839996,69.288704
2024-01-08,73.720001,72.739998,73.690002,70.097282
2024-01-09,73.360001,72.769997,73.160004,69.593117
2024-01-10,73.639999,72.739998,73.349998,69.773842
2024-01-11,74.919998,73.559998,74.879997,71.229256
2024-01-12,78.419998,75.099998,77.970001,74.168602
2024-01-16,77.809998,75.769997,76.199997,72.484901
2024-01-17,76.260002,75.239998,75.699997,72.009270
2024-01-18,76.680000,75.199997,75.660004,71.971237
2024-01-19,77.169998,75.599998,76.879997,73.131737
2024-01-22,77.709999,77.080002,77.269997,73.502731
2024-01-23,77.650002,76.830002,77.110001,73.350540
2024-01-24,77.550003,76.730003,76.949997,73.198334
2024-01-25,78.680000,77.790001,78.300003,74.482529
2024-01-26,78.889999,77.040001,77.279999,73.512238
2024-01-29,78.129997,76.919998,77.870003,74.073486
2024-01-30,77.940002,77.199997,77.599998,73.816650
2024-01-31,78.699997,76.970001,77.120003,73.360046
2024-02-01,77.949997,76.540001,77.879997,74.083000
2024-02-02,78.199997,77.150002,77.889999,74.092499
2024-02-05,77.750000,76.629997,77.589996,73.807129
2024-02-06,78.930000,77.760002,78.730003,74.891548
2024-02-07,78.879997,75.419998,78.000000,74.197136
2024-02-08,78.660004,77.360001,78.300003,74.482529
2024-02-09,78.580002,76.870003,77.099998,73.341026
2024-02-12,76.879997,75.540001,76.529999,72.798813
2024-02-13,76.070000,74.790001,75.500000,71.819038
2024-02-14,76.830002,75.790001,76.739998,72.998566
2024-02-15,78.040001,77.089996,78.019997,74.216171
2024-02-16,77.779999,76.860001,77.000000,73.528633
2024-02-20,77.389999,76.360001,76.739998,73.280342
2024-02-21,77.529999,76.120003,77.470001,73.977440
2024-02-22,79.680000,78.120003,79.459999,75.877724
2024-02-23,80.089996,79.430000,79.820000,76.221489
2024-02-26,79.940002,78.949997,79.510002,75.925461
2024-02-27,79.790001,78.750000,79.139999,75.572144
2024-02-28,79.080002,78.230003,78.480003,74.941902
2024-02-29,79.699997,78.440002,79.019997,75.457565
2024-03-01,79.519997,78.529999,78.610001,75.066048
2024-03-04,79.680000,78.480003,79.080002,75.514854
2024-03-05,78.980003,77.540001,77.779999,74.273453
2024-03-06,78.949997,76.379997,76.690002,73.232597
2024-03-07,77.959999,77.050003,77.459999,73.967880
2024-03-08,77.529999,76.589996,76.769997,73.308990
2024-03-11,77.309998,76.459999,76.959999,73.490433
2024-03-12,77.419998,76.730003,77.089996,73.614578
2024-03-13,77.370003,76.760002,77.019997,73.547722
2024-03-14,77.139999,75.879997,76.349998,72.907936
2024-03-15,76.570000,75.129997,75.330002,71.933914
2024-03-18,76.070000,75.010002,75.089996,71.704720
2024-03-19,75.370003,74.529999,74.650002,71.284584
2024-03-20,75.400002,73.930000,75.150002,71.762032
2024-03-21,75.699997,72.410004,72.580002,69.307899
2024-03-22,72.620003,71.599998,71.900002,68.658554
2024-03-25,72.559998,71.790001,72.010002,68.763588
2024-03-26,72.550003,71.910004,72.400002,69.136009
2024-03-27,73.650002,72.910004,73.620003,70.301010
2024-03-28,74.070000,73.139999,73.290001,69.985878
2024-04-01,72.739998,71.559998,71.750000,68.515320
2024-04-02,72.059998,71.410004,71.680000,68.448456
2024-04-03,72.389999,71.260002,71.839996,68.601257
2024-04-04,72.809998,71.309998,71.610001,68.381630
2024-04-05,71.750000,71.070000,71.129997,67.923256
2024-04-08,71.550003,70.809998,71.059998,67.856422
2024-04-09,71.750000,71.000000,71.559998,68.333878
2024-04-10,71.050003,69.699997,69.970001,66.815567
2024-04-11,70.900002,70.010002,70.570000,67.388512
2024-04-12,70.029999,69.019997,69.260002,66.137566
2024-04-15,70.239998,68.370003,68.419998,65.335434
2024-04-16,68.820000,67.879997,67.930000,64.867531
2024-04-17,68.529999,67.489998,67.540001,64.495110
2024-04-18,68.000000,66.599998,67.129997,64.103600
2024-04-19,67.599998,66.980003,67.440002,64.399628
2024-04-22,68.550003,67.360001,68.199997,65.125359
2024-04-23,68.400002,67.550003,67.769997,64.714752
2024-04-24,67.959999,67.169998,67.519997,64.476013
2024-04-25,67.500000,66.199997,66.760002,63.750263
2024-04-26,67.199997,66.449997,66.940002,63.922157
2024-04-29,67.889999,66.500000,66.529999,63.530651
2024-04-30,66.800003,65.559998,65.680000,62.718964
2024-05-01,66.269997,65.300003,65.370003,62.422947
2024-05-02,67.879997,65.559998,66.269997,63.282356
2024-05-03,67.269997,66.160004,66.250000,63.263271
2024-05-06,66.959999,66.050003,66.419998,63.425594
2024-05-07,67.709999,66.440002,67.660004,64.609711
2024-05-08,67.889999,67.360001,67.720001,64.667000
2024-05-09,67.629997,66.349998,66.800003,63.788475
2024-05-10,67.129997,66.669998,66.980003,63.960358
2024-05-13,68.209999,67.320000,67.870003,64.810234
2024-05-14,68.750000,67.570000,67.779999,64.724289
2024-05-15,69.059998,67.800003,68.860001,65.755592
2024-05-16,70.720001,68.889999,70.330002,67.159340
2024-05-17,70.180000,68.190002,68.760002,65.941399
2024-05-20,69.690002,68.750000,69.580002,66.727783
2024-05-21,69.330002,68.519997,68.790001,65.970161
2024-05-22,69.309998,68.769997,69.050003,66.219505
2024-05-23,69.660004,68.260002,68.470001,65.663277
2024-05-24,68.910004,68.250000,68.320000,65.519432
2024-05-28,68.230003,66.540001,66.860001,64.119263
2024-05-29,66.510002,66.059998,66.120003,63.409607
2024-05-30,66.010002,64.360001,64.779999,62.124531
2024-05-31,66.220001,64.360001,66.150002,63.438385
2024-06-03,66.290001,65.099998,65.779999,63.083542
2024-06-04,65.989998,65.070000,65.349998,62.671169
2024-06-05,65.820000,65.059998,65.519997,62.834198
2024-06-06,66.519997,65.339996,66.309998,63.591816
2024-06-07,66.750000,65.820000,65.940002,63.236988
2024-06-10,67.370003,65.680000,67.250000,64.493279
2024-06-11,67.209999,66.099998,66.970001,64.224754
2024-06-12,67.180000,65.860001,66.300003,63.582226
2024-06-13,66.050003,64.550003,64.610001,61.961514
2024-06-14,64.820000,63.919998,64.260002,61.625854
2024-06-17,65.699997,63.790001,65.519997,62.834198
2024-06-18,66.160004,65.470001,65.809998,63.112316
2024-06-20,68.580002,66.690002,68.139999,65.346794
2024-06-21,68.809998,67.639999,68.339996,65.538589
2024-06-24,69.199997,68.010002,68.680000,65.864662
2024-06-25,69.690002,68.300003,68.900002,66.075645
2024-06-26,68.690002,67.889999,68.300003,65.500259
2024-06-27,68.519997,67.550003,67.730003,64.953606
2024-06-28,68.349998,67.639999,68.000000,65.212540
2024-07-01,68.190002,67.239998,67.739998,64.963203
2024-07-02,68.690002,67.699997,68.610001,65.797554
2024-07-03,68.720001,68.190002,68.300003,65.500259
2024-07-05,68.190002,67.650002,68.000000,65.212540
2024-07-08,68.169998,67.220001,67.550003,64.780991
2024-07-09,67.690002,66.860001,66.889999,64.148048
2024-07-10,67.879997,66.550003,67.830002,65.049515
2024-07-11,70.400002,67.879997,70.139999,67.264824
2024-07-12,72.309998,70.360001,71.529999,68.597839
2024-07-15,73.110001,71.070000,72.430000,69.460945
2024-07-16,73.900002,72.730003,73.790001,70.765213
2024-07-17,75.120003,73.669998,74.699997,71.637901
2024-07-18,77.339996,74.580002,75.970001,72.855850
2024-07-19,75.849998,74.080002,74.330002,71.283058
2024-07-22,75.190002,74.089996,75.160004,72.079056
2024-07-23,74.910004,73.599998,73.889999,70.861107
2024-07-24,73.919998,72.389999,72.690002,69.710297
2024-07-25,74.389999,72.599998,73.209999,70.208977
2024-07-26,74.970001,72.830002,74.570000,71.513214
2024-07-29,74.839996,74.029999,74.540001,71.484451
2024-07-30,76.290001,74.510002,75.820000,72.711998
2024-07-31,76.309998,75.120003,75.680000,72.577728
2024-08-01,80.269997,75.400002,76.309998,73.181908
2024-08-02,76.110001,73.629997,74.000000,70.966591
2024-08-05,73.690002,71.550003,71.730003,68.789642
2024-08-06,73.919998,71.790001,72.650002,69.671921
2024-08-07,74.389999,73.099998,73.169998,70.170616
2024-08-08,74.250000,73.070000,73.730003,70.707664
2024-08-09,74.580002,73.209999,74.419998,71.369362
2024-08-12,74.620003,73.099998,73.139999,70.141838
2024-08-13,74.389999,73.339996,74.269997,71.225525
2024-08-14,74.599998,73.860001,74.379997,71.331017
2024-08-15,75.730003,74.690002,75.470001,72.376350
2024-08-16,75.879997,75.080002,75.860001,72.750351
2024-08-19,76.489998,75.739998,75.989998,72.875023
2024-08-20,75.989998,75.349998,75.459999,72.653572
2024-08-21,76.720001,75.589996,76.620003,73.770432
2024-08-22,76.930000,76.150002,76.269997,73.433434
2024-08-23,76.959999,76.209999,76.680000,73.828209
2024-08-26,77.449997,76.690002,76.809998,73.953354
2024-08-27,77.180000,76.500000,77.150002,74.280724
2024-08-28,78.169998,76.680000,76.870003,74.011131
2024-08-29,77.529999,76.400002,77.139999,74.271088
2024-08-30,77.870003,77.029999,77.769997,74.877640
2024-09-03,78.050003,76.400002,76.769997,73.914848
2024-09-04,77.519997,76.500000,77.320000,74.444397
2024-09-05,77.339996,76.550003,76.760002,73.905220
2024-09-06,77.510002,75.730003,75.839996,73.019440
2024-09-09,76.750000,76.080002,76.129997,73.298660
2024-09-10,76.650002,75.919998,76.550003,73.703041
2024-09-11,76.410004,74.760002,76.300003,73.462334
2024-09-12,76.730003,75.550003,76.309998,73.471970
2024-09-13,77.309998,76.529999,77.209999,74.338493
2024-09-16,77.910004,77.050003,77.870003,74.973946
2024-09-17,78.269997,75.830002,76.220001,73.385315
2024-09-18,76.269997,75.190002,75.349998,72.547668
2024-09-19,76.529999,75.040001,75.199997,72.403236
2024-09-20,75.650002,74.790001,75.639999,72.826874
2024-09-23,76.169998,75.269997,76.120003,73.289032
2024-09-24,76.570000,76.010002,76.040001,73.212006
2024-09-25,76.440002,75.449997,75.529999,72.720963
2024-09-26,77.559998,76.800003,77.199997,74.328857
2024-09-27,77.610001,76.680000,76.889999,74.030396
2024-09-30,77.300003,76.199997,77.180000,74.309608
2024-10-01,77.400002,75.739998,76.089996,73.260132
2024-10-02,76.860001,75.610001,76.760002,73.905220
2024-10-03,76.800003,76.019997,76.529999,73.683777
2024-10-04,77.750000,76.629997,77.139999,74.271088
2024-10-07,76.820000,75.760002,76.000000,73.173492
2024-10-08,76.489998,75.389999,76.129997,73.298660
2024-10-09,76.970001,76.080002,76.800003,73.943741
2024-10-10,76.320000,74.269997,74.500000,71.729279
2024-10-11,76.080002,74.540001,75.940002,73.115723
2024-10-14,76.830002,75.989998,76.769997,73.914848
2024-10-15,77.720001,76.650002,77.379997,74.502159
2024-10-16,77.809998,77.269997,77.599998,74.713982
2024-10-17,78.000000,76.879997,77.739998,74.848785
2024-10-18,78.050003,77.339996,78.000000,75.099098
2024-10-21,77.970001,76.760002,76.870003,74.011131
2024-10-22,76.760002,75.660004,75.820000,73.000191
2024-10-23,76.250000,75.410004,76.070000,73.240883
2024-10-24,76.419998,74.690002,74.860001,72.075890
2024-10-25,75.529999,74.629997,74.820000,72.037376
2024-10-28,75.849998,74.830002,74.980003,72.191422
2024-10-29,75.930000,74.559998,75.519997,72.711334
2024-10-30,75.400002,74.269997,74.349998,71.584839
2024-10-31,78.000000,74.570000,74.589996,71.815933
2024-11-01,74.910004,73.110001,74.610001,71.835190
2024-11-04,75.300003,74.279999,74.900002,72.114388
2024-11-05,76.070000,74.919998,75.389999,72.586174
2024-11-06,79.430000,77.480003,79.400002,76.447037
2024-11-07,81.529999,79.400002,81.360001,78.334152
2024-11-08,81.750000,80.150002,80.309998,77.323189
2024-11-11,82.190002,80.550003,81.500000,78.468948
2024-11-12,81.930000,81.260002,81.739998,78.700020
2024-11-13,82.410004,81.269997,82.320000,79.258446
2024-11-14,82.269997,80.660004,80.769997,77.766098
2024-11-15,80.519997,77.080002,77.110001,74.242210
2024-11-18,77.849998,76.830002,76.870003,74.011131
2024-11-19,76.629997,75.160004,76.320000,73.769485
2024-11-20,77.599998,76.129997,77.570000,74.977715
2024-11-21,79.050003,77.389999,78.860001,76.224609
2024-11-22,80.029999,78.760002,79.540001,76.881882
2024-11-25,80.820000,80.019997,80.629997,77.935463
2024-11-26,81.160004,79.709999,81.059998,78.351082
2024-11-27,80.980003,80.010002,80.750000,78.051437
2024-11-29,80.980003,80.209999,80.489998,77.800125
2024-12-02,81.019997,79.970001,80.820000,78.119102
2024-12-03,80.580002,79.599998,79.980003,77.307175
2024-12-04,80.820000,80.199997,80.580002,77.887123
2024-12-05,80.919998,80.129997,80.730003,78.032104
2024-12-06,81.400002,80.860001,81.150002,78.438080
2024-12-09,81.489998,80.500000,80.639999,77.945114
2024-12-10,80.839996,79.379997,80.059998,77.384499
2024-12-11,81.820000,80.320000,81.250000,78.534737
2024-12-12,81.599998,80.330002,80.370003,77.684143
2024-12-13,80.650002,79.489998,80.059998,77.384499
2024-12-16,80.970001,79.849998,80.699997,78.003120
2024-12-17,82.459999,80.870003,81.029999,78.322075
2024-12-18,81.709999,78.239998,78.260002,75.644661
2024-12-19,80.080002,78.639999,79.489998,76.833549
2024-12-20,80.269997,78.330002,79.230003,76.582237
2024-12-23,79.430000,78.610001,79.000000,76.359924
2024-12-24,79.519997,78.650002,79.489998,76.833549
2024-12-26,80.070000,79.029999,79.889999,77.220177
2024-12-27,80.120003,78.580002,79.199997,76.553230
2024-12-30,78.599998,75.629997,76.750000,74.185112
2024-12-31,77.349998,76.339996,76.900002,74.330101
2025-01-02,77.860001,76.180000,76.410004,73.856491
2025-01-03,77.199997,75.720001,76.379997,73.827477
2025-01-06,77.220001,75.650002,75.910004,73.373192
2025-01-07,76.790001,75.290001,75.620003,73.092880
2025-01-08,76.070000,74.779999,76.019997,73.479507
2025-01-10,76.620003,75.199997,75.320000,72.802910
2025-01-13,76.800003,74.580002,76.680000,74.117455
2025-01-14,77.650002,76.430000,77.169998,74.591080
2025-01-15,78.139999,76.930000,77.779999,75.180702
2025-01-16,77.639999,76.260002,77.430000,74.842400
2025-01-17,78.699997,77.239998,77.809998,75.209694
2025-01-21,78.870003,77.550003,78.449997,75.828300
2025-01-22,79.110001,77.839996,79.050003,76.408257
2025-01-23,79.940002,78.419998,79.680000,77.017204
2025-01-24,80.379997,79.410004,80.050003,77.374832
2025-01-27,81.330002,79.360001,81.120003,78.409088
2025-01-28,81.370003,80.040001,80.959999,78.254417
2025-01-29,81.690002,80.769997,81.190002,78.476738
2025-01-30,83.470001,81.790001,82.760002,79.994278
2025-01-31,83.400002,82.489998,82.610001,79.849281
2025-02-03,83.320000,81.440002,82.900002,80.129601
2025-02-04,83.970001,82.389999,83.540001,80.748199
2025-02-05,83.870003,81.839996,83.599998,80.806198
2025-02-06,87.610001,83.349998,87.089996,84.179558
2025-02-07,87.349998,85.800003,86.199997,83.319298
2025-02-10,87.449997,86.309998,86.959999,84.053917
2025-02-11,88.059998,86.559998,87.870003,84.933510
2025-02-12,88.400002,86.879997,88.080002,85.136482
2025-02-13,89.629997,87.769997,89.580002,86.586357
2025-02-14,90.820000,89.339996,90.699997,87.668915
2025-02-18,90.000000,88.040001,88.769997,86.097687
2025-02-19,88.519997,87.540001,88.430000,85.767921
2025-02-20,88.129997,86.940002,87.540001,84.904709
2025-02-21,87.540001,84.739998,84.870003,82.315102
2025-02-24,85.449997,84.410004,84.550003,82.004745
2025-02-25,85.099998,83.879997,84.839996,82.286003
2025-02-26,85.169998,83.930000,84.150002,81.616768
2025-02-27,84.900002,83.919998,83.989998,81.461578
2025-02-28,84.449997,82.339996,83.330002,80.821449
2025-03-03,84.339996,82.949997,83.510002,80.996033
2025-03-04,84.500000,82.629997,83.739998,81.219109
2025-03-05,84.610001,83.150002,84.290001,81.752563
2025-03-06,84.139999,82.709999,83.559998,81.044540
2025-03-07,83.580002,81.599998,83.230003,80.724472
2025-03-10,87.029999,83.029999,84.000000,81.471298
2025-03-11,83.779999,81.900002,82.470001,79.987343
2025-03-12,82.190002,79.139999,79.500000,77.106758
2025-03-13,79.650002,77.790001,78.339996,75.981667
2025-03-14,79.260002,78.099998,79.120003,76.738197
2025-03-17,80.529999,78.769997,80.019997,77.611099
2025-03-18,80.000000,78.790001,79.580002,77.184349
2025-03-19,80.260002,79.129997,79.660004,77.261940
2025-03-20,78.250000,76.279999,77.209999,74.885696
2025-03-21,76.949997,75.500000,76.419998,74.119469
2025-03-24,78.029999,76.870003,77.940002,75.593727
2025-03-25,80.519997,78.470001,78.820000,76.447220
2025-03-26,79.389999,77.669998,77.849998,75.506424
2025-03-27,78.180000,77.239998,77.580002,75.244545
2025-03-28,77.989998,75.550003,75.900002,73.615128
2025-03-31,76.720001,75.239998,76.500000,74.197067
2025-04-01,76.879997,75.750000,76.449997,74.148567
2025-04-02,77.010002,75.690002,76.730003,74.420143
2025-04-03,75.650002,73.089996,73.269997,71.064301
2025-04-04,72.750000,68.559998,68.739998,66.670670
2025-04-07,69.570000,65.519997,67.379997,65.351608
2025-04-08,69.250000,65.660004,66.470001,64.469009
2025-04-09,73.209999,65.639999,72.889999,70.695747
2025-04-10,71.779999,67.830002,69.500000,67.407791
2025-04-11,70.349998,67.860001,70.169998,68.057617
2025-04-14,71.919998,70.070000,70.809998,68.678360
2025-04-15,71.570000,70.760002,71.260002,69.114799
2025-04-16,71.730003,69.580002,70.010002,67.902451
2025-04-17,70.250000,69.169998,69.440002,67.349586
2025-04-21,69.320000,67.180000,68.059998,66.011139
2025-04-22,69.820000,68.690002,69.730003,67.630875
2025-04-23,72.860001,70.720001,71.029999,68.891724
2025-04-24,72.330002,70.690002,72.120003,69.948929
2025-04-25,72.470001,71.500000,72.169998,69.997406
2025-04-28,73.339996,71.720001,72.580002,70.395065
2025-04-29,73.830002,71.860001,73.290001,71.083702
2025-04-30,73.750000,71.800003,73.570000,71.355270
2025-05-01,77.470001,75.150002,75.230003,72.965309
2025-05-02,77.839996,76.089996,77.699997,75.360939
2025-05-05,78.750000,77.349998,77.910004,75.564613
2025-05-06,78.239998,76.750000,77.639999,75.302750
2025-05-07,78.370003,77.230003,77.930000,75.584015
2025-05-08,80.029999,78.320000,79.209999,76.825493
2025-05-09,79.750000,78.980003,79.169998,76.786690
2025-05-12,81.889999,80.599998,81.809998,79.347214
2025-05-13,82.040001,81.080002,81.269997,78.823463
2025-05-14,81.059998,80.150002,80.360001,77.940865
2025-05-15,81.779999,80.010002,81.360001,78.910759
2025-05-16,81.500000,79.519997,81.440002,78.988342
2025-05-19,81.919998,80.230003,81.570000,79.416740
2025-05-20,81.629997,80.680000,80.989998,78.852051
2025-05-21,81.239998,79.900002,79.989998,77.878441
2025-05-22,80.669998,79.250000,79.900002,77.790825
2025-05-23,79.470001,78.480003,79.120003,77.031418
2025-05-27,80.820000,79.480003,80.639999,78.511284
2025-05-28,80.980003,80.190002,80.459999,78.336037
2025-05-29,81.000000,79.910004,80.650002,78.521019
2025-05-30,81.230003,79.900002,80.989998,78.852051
2025-06-02,80.330002,79.470001,80.269997,78.151047
2025-06-03,80.660004,79.940002,80.320000,78.199738
2025-06-04,80.680000,79.739998,79.739998,77.635048
2025-06-05,80.279999,79.099998,79.320000,77.226128
2025-06-06,80.470001,79.769997,80.279999,78.160789
2025-06-09,81.029999,80.110001,80.470001,78.345779
2025-06-10,81.510002,80.610001,81.050003,78.910469
2025-06-11,81.489998,80.370003,80.650002,78.521019
2025-06-12,80.750000,79.949997,80.459999,78.336037
2025-06-13,80.010002,78.760002,78.949997,76.865898
2025-06-16,80.250000,79.349998,80.150002,78.034225
2025-06-17,80.599998,79.550003,79.709999,77.605835
2025-06-18,79.910004,78.849998,79.139999,77.050880
2025-06-20,79.190002,75.250000,75.470001,73.477768
2025-06-23,76.779999,75.410004,76.720001,74.694763
2025-06-24,77.720001,76.790001,77.589996,75.541794
2025-06-25,78.089996,76.800003,76.980003,74.947906
2025-06-26,77.949997,77.129997,77.589996,75.541794
2025-06-27,78.199997,76.889999,77.739998,75.687843
2025-06-30,78.320000,77.559998,78.029999,75.970184
2025-07-01,80.790001,77.879997,80.440002,78.316566
2025-07-02,80.529999,79.309998,80.250000,78.131592
2025-07-03,81.320000,80.019997,80.980003,78.842316
2025-07-07,81.610001,80.199997,80.459999,78.336037
2025-07-08,81.470001,80.349998,80.709999,78.579430
2025-07-09,81.040001,79.400002,79.949997,77.839500
2025-07-10,79.440002,76.410004,76.730003,74.704506
2025-07-11,76.510002,75.290001,75.360001,73.370667
2025-07-14,75.889999,74.889999,75.389999,73.399879
2025-07-15,75.779999,74.290001,74.309998,72.348373
2025-07-16,75.050003,73.959999,74.830002,72.854660
2025-07-17,75.589996,74.760002,75.559998,73.565384
2025-07-18,77.000000,75.190002,75.680000,73.682220
2025-07-21,76.110001,75.330002,75.419998,73.429085
2025-07-22,76.900002,75.389999,76.800003,74.772659
2025-07-23,77.580002,76.870003,77.190002,75.152367
2025-07-24,76.919998,75.660004,76.730003,74.704506
2025-07-25,76.919998,76.059998,76.669998,74.646080
2025-07-28,76.800003,75.269997,75.419998,73.429085
2025-07-29,75.970001,74.839996,74.910004,72.932549
2025-07-30,75.739998,73.110001,73.529999,71.588974
2025-07-31,75.000000,71.489998,71.760002,69.865700
2025-08-01,72.269997,70.010002,70.589996,68.726585
2025-08-04,71.769997,70.879997,71.260002,69.378891
2025-08-05,71.379997,69.760002,69.900002,68.054802
2025-08-06,71.099998,69.830002,70.889999,69.018661
2025-08-07,71.870003,68.760002,69.120003,67.295395
2025-08-08,69.900002,68.889999,69.580002,67.743248
2025-08-11,70.480003,68.870003,69.150002,67.324600
2025-08-12,69.680000,67.949997,68.769997,66.954636
2025-08-13,70.480003,68.839996,70.419998,68.561081
2025-08-14,70.220001,69.230003,69.370003,67.538788
2025-08-15,70.180000,69.349998,70.000000,68.152153
2025-08-18,70.489998,69.449997,70.099998,68.553101
2025-08-19,71.269997,70.089996,70.860001,69.296341
2025-08-20,71.699997,70.449997,70.489998,68.934509
2025-08-21,71.150002,69.839996,71.080002,69.511482
2025-08-22,73.089996,71.379997,72.370003,70.773018
2025-08-25,72.480003,71.370003,72.160004,70.567657
2025-08-26,72.660004,71.570000,71.680000,70.098251
2025-08-27,72.410004,71.459999,72.309998,70.714348
2025-08-28,72.480003,71.580002,71.720001,70.137360
2025-08-29,72.360001,71.500000,72.250000,70.655670
2025-09-02,72.379997,71.300003,71.779999,70.196030
2025-09-03,71.849998,70.900002,71.820000,70.235153
2025-09-04,71.839996,70.370003,71.449997,69.873322
2025-09-05,72.910004,70.660004,71.820000,70.235153
2025-09-08,71.769997,69.720001,71.190002,69.619057
2025-09-09,71.660004,70.269997,70.779999,69.218102
2025-09-10,70.779999,68.889999,69.160004,67.633858
2025-09-11,70.620003,69.019997,70.550003,68.993179
2025-09-12,70.540001,69.099998,69.169998,67.643631
2025-09-15,69.339996,67.910004,68.589996,67.076424
2025-09-16,69.389999,68.459999,69.169998,67.643631
2025-09-17,70.989998,69.309998,70.029999,68.484650
2025-09-18,70.410004,69.820000,70.260002,68.709579
2025-09-19,70.580002,65.169998,66.940002,65.462845
2025-09-22,68.730003,66.739998,68.160004,66.655922
2025-09-23,68.430000,67.540001,67.669998,66.176735
2025-09-24,68.870003,67.589996,68.360001,66.851509
2025-09-25,68.279999,66.230003,66.669998,65.198807
2025-09-26,67.550003,66.190002,66.980003,65.501961
2025-09-29,67.389999,66.559998,67.080002,65.599762
2025-09-30,67.610001,66.610001,67.070000,65.589966
2025-10-01,67.589996,65.750000,66.529999,65.061897
2025-10-02,67.110001,66.239998,67.000000,65.521515
2025-10-03,67.809998,66.790001,67.660004,66.166954
2025-10-06,68.220001,67.139999,67.800003,66.303864
2025-10-07,68.410004,67.610001,67.940002,66.440781
2025-10-08,68.580002,67.589996,68.400002,66.890633
2025-10-09,68.809998,68.029999,68.610001,67.095993
2025-10-10,69.000000,65.760002,65.800003,64.348007
2025-10-13,66.750000,65.610001,66.339996,64.876076
2025-10-14,67.690002,65.599998,67.269997,65.785553
2025-10-15,67.830002,66.500000,66.750000,65.277039
2025-10-16,66.949997,65.150002,65.470001,64.025284
2025-10-17,66.269997,65.330002,66.080002,64.621819
2025-10-20,67.110001,66.120003,66.699997,65.228134
2025-10-21,68.989998,66.809998,68.769997,67.252464
2025-10-22,69.430000,68.330002,68.360001,66.851509
2025-10-23,68.379997,67.110001,68.029999,66.528793
2025-10-24,68.839996,67.809998,67.860001,66.362541
2025-10-27,68.190002,67.419998,68.050003,66.548355
2025-10-28,68.400002,67.419998,67.820000,66.323425
2025-10-29,75.669998,71.120003,71.690002,70.108032
2025-10-30,73.139999,70.809998,72.190002,70.596992
2025-10-31,73.410004,71.169998,72.879997,71.271767
2025-11-03,73.500000,71.260002,72.730003,71.125076
2025-11-04,73.889999,72.489998,72.809998,71.203300
2025-11-05,74.910004,72.739998,74.660004,73.012497
2025-11-06,75.000000,71.800003,72.830002,71.222870
2025-11-07,73.639999,72.620003,73.199997,71.584709
2025-11-10,74.110001,72.000000,72.879997,71.271767
2025-11-11,73.580002,72.330002,73.129997,71.516251
2025-11-12,74.449997,73.269997,74.199997,72.562645
2025-11-13,74.760002,73.470001,73.559998,71.936760
2025-11-14,73.669998,72.529999,72.620003,71.017509
2025-11-17,73.059998,71.099998,71.169998,69.599495
2025-11-18,71.980003,70.449997,71.750000,70.473671
2025-11-19,72.830002,71.720001,72.290001,71.004059
2025-11-20,73.339996,71.690002,72.349998,71.062996
2025-11-21,76.669998,72.660004,75.980003,74.628433
2025-11-24,76.050003,74.750000,74.919998,73.587280
2025-11-25,76.669998,75.209999,76.449997,75.090057
2025-11-26,77.309998,76.480003,77.050003,75.679398
2025-11-28,78.000000,76.959999,77.709999,76.327652
2025-12-01,78.449997,77.290001,77.430000,76.052628
2025-12-02,78.239998,76.589996,77.690002,76.308006
2025-12-03,79.529999,77.500000,79.239998,77.830429
2025-12-04,80.669998,79.139999,80.199997,78.773354
2025-12-05,81.150002,79.480003,80.720001,79.284111
2025-12-08,81.190002,80.400002,80.709999,79.274284
2025-12-09,81.839996,80.470001,80.949997,79.510017
2025-12-10,83.559998,79.430000,83.220001,81.739639
2025-12-11,84.239998,82.419998,83.820000,82.328964
2025-12-12,84.029999,83.089996,83.940002,82.446823
2025-12-15,84.709999,81.839996,84.050003,82.554871
2025-12-16,84.480003,82.930000,83.629997,82.142342
2025-12-17,84.870003,83.309998,83.629997,82.142342
2025-12-18,84.529999,82.559998,83.760002,82.270035
2025-12-19,86.940002,83.540001,85.410004,83.890678
2025-12-22,85.440002,84.690002,85.209999,83.694229
2025-12-23,85.370003,84.599998,85.180000,83.664764
2025-12-24,85.500000,84.889999,85.419998,83.900497
2025-12-26,85.660004,85.000000,85.570000,84.047829
2025-12-29,85.769997,84.910004,85.000000,83.487976
2025-12-30,84.849998,84.089996,84.139999,82.643272
2025-12-31,84.440002,82.930000,83.000000,81.523552
2026-01-02,83.290001,80.519997,81.279999,79.834145
2026-01-05,82.730003,81.000000,81.629997,80.177917
2026-01-06,84.839996,81.209999,84.620003,83.114731
2026-01-07,85.089996,83.870003,84.110001,82.613800
2026-01-08,85.940002,83.510002,85.769997,84.244270
2026-01-09,86.169998,84.919998,85.260002,83.743347
2026-01-12,85.639999,84.250000,85.230003,83.713875
2026-01-13,85.779999,83.800003,84.470001,82.967400
2026-01-14,87.029999,84.400002,86.699997,85.157730
2026-01-15,86.559998,83.970001,84.820000,83.311172
2026-01-16,85.449997,84.070000,84.739998,83.232590
2026-01-20,84.180000,82.029999,82.209999,80.747597
2026-01-21,84.779999,82.839996,84.029999,82.535225
2026-01-22,85.739998,84.150002,84.610001,83.104912
2026-01-23,85.330002,84.129997,84.180000,82.682556
2026-01-26,85.930000,84.760002,85.610001,84.087120
2026-01-27,85.650002,83.330002,84.650002,83.144196
2026-01-28,85.110001,83.160004,83.300003,81.818214
2026-01-29,84.000000,81.639999,82.449997,80.983330
2026-01-30,82.389999,81.430000,82.059998,80.600266
2026-02-02,83.739998,81.949997,82.910004,81.435158
2026-02-03,81.220001,73.199997,74.500000,73.174751
2026-02-04,78.050003,72.059998,76.709999,75.345444
2026-02-05,78.349998,75.930000,76.839996,75.473122
2026-02-06,78.339996,76.629997,77.080002,75.708862
2026-02-09,76.129997,74.059998,74.599998,73.272972
2026-02-10,75.760002,73.769997,74.570000,73.243507
2026-02-11,74.860001,70.790001,70.910004,69.648613
2026-02-12,70.580002,65.000000,65.830002,64.658981
2026-02-13,67.760002,65.489998,66.550003,65.366173
2026-02-17,67.339996,64.610001,65.180000,64.020538
2026-02-18,67.139999,64.320000,66.809998,65.955467
2026-02-19,65.529999,63.830002,64.989998,64.158745
2026-02-20,66.089996,64.160004,65.029999,64.198235
2026-02-23,64.540001,60.889999,61.130001,60.348122
2026-02-24,62.700001,60.160000,61.060001,60.279015
2026-02-25,61.619999,60.040001,61.330002,60.545563
2026-02-26,65.080002,61.799999,64.970001,64.139000
2026-02-27,64.570000,62.750000,64.430000,63.605911
2026-03-02,64.160004,62.910000,63.500000,62.687809
2026-03-03,64.910004,62.410000,64.339996,63.517059
2026-03-04,65.459999,63.919998,65.120003,64.287094
2026-03-05,66.980003,64.769997,65.779999,64.938644
2026-03-06,66.389999,64.550003,66.260002,65.412506
2026-03-09,66.050003,63.889999,64.650002,63.823097
2026-03-10,64.550003,61.770000,62.980000,62.174458
2026-03-11,63.919998,61.220001,62.430000,61.631493
2026-03-12,63.099998,61.029999,61.180000,60.397480
2026-03-13,61.750000,60.270000,60.369999,59.597839
2026-03-16,61.389999,60.220001,61.049999,60.269142
2026-03-17,63.020000,61.070000,61.320000,60.535686
2026-03-18,61.889999,60.080002,60.290001,59.518864
2026-03-19,62.119999,59.360001,61.549999,60.762745
2026-03-20,62.150002,60.919998,62.070000,61.276096
2026-03-23,62.950001,61.549999,61.939999,61.147758
2026-03-24,61.400002,59.880001,60.240002,59.469505
2026-03-25,61.560001,58.869999,59.790001,59.025261
2026-03-26,61.369999,59.529999,60.759998,59.982849
2026-03-27,60.680000,58.840000,59.730000,58.966026
2026-03-30,61.360001,60.020000,61.060001,60.279015
2026-03-31,62.169998,60.480000,61.349998,60.565304
2026-04-01,61.720001,59.730000,61.250000,60.466587
2026-04-02,63.040001,61.080002,62.540001,61.740086
2026-04-06,62.950001,61.380001,62.349998,61.552517
2026-04-07,62.279999,61.009998,61.490002,60.703518
2026-04-08,62.779999,60.900002,61.000000,60.219784
2026-04-09,60.299999,58.080002,59.200001,58.442802
2026-04-10,59.369999,57.389999,57.919998,57.179176
2026-04-13,60.590000,57.509998,60.529999,59.755791
2026-04-14,61.639999,59.820000,60.040001,59.272064
2026-04-15,61.509998,60.259998,60.389999,59.617584
2026-04-16,61.230000,60.349998,60.529999,59.755791
2026-04-17,61.880001,60.730000,61.299999,60.515945
2026-04-20,61.669998,59.790001,60.259998,59.489246
2026-04-21,61.860001,60.080002,60.450001,59.676819
2026-04-22,60.450001,58.119999,58.810001,58.057793
2026-04-23,56.619999,54.480000,55.099998,54.395245
2026-04-24,55.360001,54.259998,55.110001,54.405121
2026-04-27,55.700001,54.480000,54.630001,53.931259
2026-04-28,56.230000,55.080002,55.119999,54.414989
2026-04-29,55.119999,52.439999,54.700001,54.000362
2026-04-30,54.540001,52.340000,52.900002,52.223385
2026-05-01,54.650002,52.279999,52.430000,51.759396
2026-05-04,53.240002,51.430000,51.860001,51.196686
2026-05-05,52.279999,50.810001,51.869999,51.206558
2026-05-06,52.000000,50.860001,51.330002,50.673470
2026-05-07,52.790001,51.410000,51.939999,51.275661
2026-05-08,51.919998,50.189999,51.680000,51.018990
2026-05-11,51.450001,49.029999,49.250000,48.620071
2026-05-12,49.730000,47.500000,47.730000,47.119511
2026-05-13,47.549999,45.480000,45.970001,45.382023
2026-05-14,46.840000,45.730000,46.049999,45.461002
2026-05-15,47.500000,46.560001,47.130001,46.527187
2026-05-18,51.500000,47.310001,51.400002,51.100372
2026-05-19,53.189999,50.810001,50.880001,50.583405
2026-05-20,51.529999,48.930000,51.299999,51.000954
2026-05-21,52.340000,50.110001,52.320000,52.015011
2026-05-22,53.320000,52.060001,52.750000,52.442501
2026-05-26,52.520000,51.099998,51.810001,51.507984
2026-05-27,53.610001,51.810001,53.160000,52.850113
2026-05-28,54.150002,52.680000,53.849998,53.536087
2026-05-29,56.139999,53.150002,55.759998,55.434956
2026-06-01,57.650002,55.009998,57.160000,56.826794
2026-06-02,55.900002,53.419998,55.139999,54.818569
2026-06-03,55.000000,52.849998,53.509998,53.198071
2026-06-04,55.560001,53.060001,53.400002,53.088715
2026-06-05,54.610001,52.330002,53.209999,52.899818
2026-06-08,54.369999,52.900002,52.990002,52.681107
2026-06-09,53.709999,52.200001,52.939999,52.631393
2026-06-10,53.270000,51.580002,51.810001,51.507984
2026-06-11,51.680000,49.660000,51.180000,50.881657
2026-06-12,52.310001,50.430000,52.169998,51.865883
2026-06-15,52.130001,50.080002,50.820000,50.523754
2026-06-16,51.599998,50.410000,51.049999,50.752411
2026-06-17,50.970001,48.490002,48.820000,48.535412
2026-06-18,46.439999,43.410000,43.700001,43.445259
2026-06-22,44.570000,40.770000,41.830002,41.586163
2026-06-23,42.700001,40.900002,40.950001,40.711288
2026-06-24,42.779999,40.959999,41.439999,41.198433
2026-06-25,41.610001,38.970001,39.150002,38.921783
2026-06-26,40.630001,39.110001,40.029999,39.796650
2026-06-29,41.029999,38.680000,38.740002,38.514172
2026-06-30,39.009998,37.080002,38.730000,38.504230
2026-07-01,41.709999,39.290001,41.070000,40.830589
2026-07-02,42.590000,41.410000,41.990002,41.745228
2026-07-06,42.310001,40.900002,41.369999,41.128838
2026-07-07,44.119999,42.500000,43.939999,43.683857
2026-07-08,43.790001,42.389999,42.430000,42.182663
2026-07-09,43.610001,41.020000,43.400002,43.147007
2026-07-10,44.619999,42.340000,42.570000,42.321846
2026-07-13,44.669998,43.599998,44.160000,43.902576
2026-07-14,43.900002,41.580002,43.029999,42.779163
2026-07-15,43.900002,42.900002,43.180000,42.928291
2026-07-16,44.779999,42.709999,44.560001,44.300247
2026-07-17,45.490002,43.630001,44.770000,44.509022
2026-07-20,44.980000,43.189999,44.639999,44.379780
2026-07-21,44.660000,43.549999,43.630001,43.375668
2026-07-22,44.639999,42.849998,43.180000,42.928291
2026-07-23,43.110001,42.119999,43.009998,42.759277
2026-07-24,45.490002,43.410000,45.450001,45.185059
2026-07-27,48.000000,46.180000,47.049999,46.775730
2026-07-28,51.049999,48.279999,50.310001,50.016727
2026-07-29,57.060001,51.230000,55.970001,55.643734
2026-07-30,54.779999,51.860001,53.900002,53.585800
2026-07-31,55.529999,52.209999,55.349998,55.027344
2026-08-03,57.509998,55.130001,55.169998,54.848392
2026-08-04,56.500000,53.520000,56.130001,55.802799
2026-08-05,57.259998,55.330002,55.779999,55.454838
2026-08-06,57.000000,52.799999,56.889999,56.558369
2026-08-07,58.230000,56.270000,57.669998,57.333820
2026-08-10,58.610001,56.369999,58.310001,57.970093
2026-08-11,59.230000,57.439999,58.599998,58.258400
2026-08-12,58.320000,56.889999,58.200001,57.860733
2026-08-13,59.820000,57.630001,59.290001,58.944378
2026-08-14,60.090000,57.700001,58.790001,58.447296
2026-08-17,58.320000,56.549999,56.610001,56.280003
2026-08-18,58.840000,56.759998,57.779999,57.779999
2026-08-19,61.509998,57.779999,60.930000,60.930000
2026-08-20,61.810001,60.259998,60.919998,60.919998
2026-08-21,63.110001,60.119999,61.869999,61.869999
2026-08-24,62.419998,61.439999,62.200001,62.200001
2026-08-25,63.299999,61.099998,63.060001,63.060001
2026-08-26,62.400002,61.020000,62.090000,62.090000
2026-08-27,64.239998,62.660000,63.759998,63.759998
2026-08-28,65.379997,63.910000,64.040001,64.040001
2026-08-31,64.910004,63.130001,64.580002,64.580002
2026-09-01,65.080002,63.189999,63.389999,63.389999
2026-09-02,64.040001,62.709999,63.400002,63.400002
2026-09-03,65.419998,63.680000,64.639999,64.639999
2026-09-04,63.950001,62.290001,62.310001,62.310001
2026-09-08,62.380001,59.119999,59.919998,59.919998
2026-09-09,59.869999,58.080002,58.200001,58.200001
2026-09-10,59.020000,57.889999,58.320000,58.320000
2026-09-11,60.049999,58.060001,60.000000,60.000000
2026-09-14,64.459999,61.900002,64.099998,64.099998
2026-09-15,64.610001,62.570000,63.279999,63.279999
2026-09-16,62.959999,61.650002,61.849998,61.849998
2026-09-17,62.119999,61.029999,61.880001,61.880001
2026-09-18,61.889999,59.759998,59.869999,59.869999
2026-09-21,61.970001,59.220001,59.380001,59.380001
2026-09-22,61.009998,58.349998,58.680000,58.680000
2026-09-23,59.959999,58.459999,59.139999,59.139999
2026-09-24,59.740002,56.919998,57.169998,57.169998
2026-09-25,58.279999,57.000000,57.330002,57.330002
2026-09-28,57.400002,55.630001,56.750000,56.750000
2026-09-29,56.880001,55.889999,56.840000,56.840000
2026-09-30,58.020000,56.259998,57.439999,57.439999
2026-10-01,64.739998,60.430000,60.880001,60.880001
