date,high,low,close,adjclose
1995-05-09,22.556166,22.317162,22.376911,10.945213
1995-05-10,22.705545,22.436663,22.436663,10.974440
1995-05-11,22.735420,22.287285,22.526291,11.018284
1995-05-12,22.854923,22.406788,22.556166,11.032899
1995-05-15,22.795172,22.496414,22.705545,11.105959
1995-05-16,22.914675,22.526291,22.615917,11.062117
1995-05-17,22.854923,22.645794,22.675669,11.091346
1995-05-18,22.974426,22.257408,22.257408,10.886765
1995-05-19,22.406788,22.048279,22.317162,10.915993
1995-05-22,22.795172,22.347036,22.765297,11.135187
1995-05-23,23.332935,22.825048,23.243307,11.368991
1995-05-24,23.392687,22.586042,22.974426,11.237482
1995-05-25,23.392687,22.914675,23.123804,11.310539
1995-05-26,23.303059,22.586042,22.705545,11.105959
1995-05-30,22.884798,21.869024,22.137905,10.828312
1995-05-31,22.376911,21.958652,22.227533,10.872154
1995-06-01,22.705545,22.317162,22.526291,11.018284
1995-06-02,22.795172,22.317162,22.436663,10.974440
1995-06-05,22.347036,21.510515,21.809273,10.667567
1995-06-06,22.167782,21.839149,21.839149,10.682182
1995-06-07,21.839149,21.271511,21.480640,10.506827
1995-06-08,21.689772,21.122131,21.361137,10.448370
1995-06-09,21.570269,21.181883,21.301386,10.419147
1995-06-12,21.689772,21.450766,21.570269,10.550664
1995-06-13,22.048279,21.719646,21.928776,10.726021
1995-06-14,22.317162,21.958652,22.227533,10.872154
1995-06-15,22.466539,22.227533,22.227533,10.872154
1995-06-16,22.376911,22.137905,22.137905,10.828312
1995-06-19,22.615917,22.287285,22.406788,10.959819
1995-06-20,23.422562,22.436663,23.362810,11.427448
1995-06-21,23.571941,23.213432,23.213432,11.354383
1995-06-22,23.691444,23.273184,23.303059,11.398223
1995-06-23,23.751196,23.243307,23.571941,11.529748
1995-06-26,23.721319,23.422562,23.482313,11.485902
1995-06-27,23.586880,22.586042,22.795172,11.149804
1995-06-28,23.093929,22.556166,22.974426,11.237482
1995-06-29,23.452438,23.034178,23.183556,11.339776
1995-06-30,23.452438,22.795172,22.944551,11.222869
1995-07-03,23.392687,22.884798,23.332935,11.412836
1995-07-05,23.571941,23.123804,23.123804,11.310539
1995-07-06,23.631693,23.153681,23.631693,11.558976
1995-07-07,24.049952,23.571941,23.781071,11.632036
1995-07-10,24.199331,23.900574,24.049952,11.763546
1995-07-11,24.139580,23.781071,23.840822,11.661256
1995-07-12,24.378586,23.810946,24.288958,11.880458
1995-07-13,24.916348,24.199331,24.796844,12.128877
1995-07-14,24.886473,24.408461,24.826721,12.143495
1995-07-17,25.693117,24.856598,25.633366,12.538054
1995-07-18,25.961998,24.587715,25.573614,12.508817
1995-07-19,25.215105,23.362810,24.199331,11.836619
1995-07-20,24.946224,24.229206,24.886473,12.172718
1995-07-21,25.065727,24.647467,24.766970,12.114268
1995-07-24,25.782743,24.737095,25.693117,12.567272
1995-07-25,26.350382,25.693117,25.902246,12.669565
1995-07-26,26.201004,25.872372,26.051624,12.742626
1995-07-27,26.499762,26.171127,26.469885,12.947212
1995-07-28,26.589388,26.260756,26.440010,12.932596
1995-07-31,26.589388,25.932121,26.021749,12.728016
1995-08-01,26.320507,25.633366,26.201004,12.815692
1995-08-02,26.708891,25.573614,25.693117,12.567272
1995-08-03,26.171127,25.244982,26.051624,12.742626
1995-08-04,26.230881,25.932121,25.961998,12.698794
1995-08-07,26.141253,25.961998,26.021749,12.728016
1995-08-08,26.290630,26.021749,26.201004,12.845192
1995-08-09,26.380259,26.201004,26.260756,12.874482
1995-08-10,26.380259,26.021749,26.081501,12.786605
1995-08-11,26.201004,25.902246,26.111378,12.801253
1995-08-14,26.499762,26.111378,26.469885,12.977013
1995-08-15,26.798517,26.350382,26.768642,13.123478
1995-08-16,26.947897,26.469885,26.858271,13.167418
1995-08-17,27.396032,26.828394,27.157026,13.313876
1995-08-18,27.246655,26.559511,26.619265,13.050247
1995-08-21,26.619265,25.454111,25.513863,12.508312
1995-08-22,25.872372,25.244982,25.722992,12.610849
1995-08-23,25.932121,25.454111,25.483988,12.493668
1995-08-24,25.483988,24.976099,25.065727,12.288610
1995-08-25,25.185228,24.796844,24.826721,12.171447
1995-08-28,24.826721,24.229206,24.288958,11.907796
1995-08-29,24.527964,23.571941,24.468212,11.995677
1995-08-30,24.737095,24.169455,24.288958,11.907796
1995-08-31,24.796844,24.378586,24.707218,12.112851
1995-09-01,24.976099,24.468212,24.557838,12.039618
1995-09-05,24.617592,23.930449,24.169455,11.849214
1995-09-06,24.527964,24.049952,24.079828,11.805274
1995-09-07,24.199331,23.661568,23.751196,11.644152
1995-09-08,23.900574,23.452438,23.631693,11.585570
1995-09-11,23.512190,22.914675,23.034178,11.292633
1995-09-12,23.542065,22.735420,23.303059,11.424464
1995-09-13,23.601816,22.078156,22.615917,11.087576
1995-09-14,22.854923,22.108030,22.317162,10.941113
1995-09-15,22.167782,21.898901,22.048279,10.809299
1995-09-18,22.526291,22.078156,22.496414,11.028989
1995-09-19,23.153681,22.526291,23.123804,11.336578
1995-09-20,23.452438,22.854923,22.884798,11.219398
1995-09-21,23.064054,22.436663,22.556166,11.058289
1995-09-22,22.556166,22.317162,22.436663,10.999700
1995-09-25,22.645794,22.137905,22.167782,10.867885
1995-09-26,22.436663,22.108030,22.197659,10.882528
1995-09-27,22.586042,21.958652,22.556166,11.058289
1995-09-28,22.795172,22.436663,22.436663,10.999700
1995-09-29,22.765297,22.376911,22.586042,11.072933
1995-10-02,22.854923,22.317162,22.347036,10.955758
1995-10-03,22.765297,22.317162,22.675669,11.116876
1995-10-04,22.615917,22.317162,22.406788,10.985051
1995-10-05,22.705545,22.347036,22.586042,11.072933
1995-10-06,22.795172,22.496414,22.496414,11.028989
1995-10-09,22.496414,21.988527,21.988527,10.779997
1995-10-10,21.779398,21.301386,21.689772,10.633529
1995-10-11,22.197659,21.809273,22.108030,10.838590
1995-10-12,22.347036,22.018402,22.227533,10.897175
1995-10-13,22.526291,22.108030,22.108030,10.838590
1995-10-16,22.496414,22.108030,22.466539,11.014345
1995-10-17,23.183556,21.809273,23.153681,11.351219
1995-10-18,23.482313,22.884798,23.034178,11.292633
1995-10-19,23.512190,22.944551,23.482313,11.512338
1995-10-20,23.542065,22.765297,22.795172,11.175464
1995-10-23,23.661568,22.854923,23.661568,11.600216
1995-10-24,23.721319,23.243307,23.422562,11.483047
1995-10-25,23.542065,22.944551,22.974426,11.263347
1995-10-26,23.093929,22.615917,22.914675,11.234049
1995-10-27,23.093929,22.884798,23.064054,11.307286
1995-10-30,23.601816,23.213432,23.482313,11.512338
1995-10-31,23.691444,23.153681,23.243307,11.395159
1995-11-01,23.332935,23.034178,23.153681,11.351219
1995-11-02,23.870699,23.123804,23.810946,11.673455
1995-11-03,24.259083,23.870699,24.259083,11.893152
1995-11-06,24.468212,23.900574,24.020077,11.775973
1995-11-07,24.049952,23.452438,23.601816,11.570923
1995-11-08,23.930449,23.243307,23.362810,11.482820
1995-11-09,23.840822,23.422562,23.512190,11.556238
1995-11-10,23.482313,23.093929,23.273184,11.438772
1995-11-13,23.422562,23.183556,23.273184,11.438772
1995-11-14,23.273184,22.765297,22.795172,11.203827
1995-11-15,23.004301,22.645794,22.825048,11.218514
1995-11-16,23.123804,22.735420,22.854923,11.233197
1995-11-17,22.914675,22.645794,22.735420,11.174451
1995-11-20,22.795172,22.227533,22.227533,10.924834
1995-11-21,22.675669,22.227533,22.586042,11.101038
1995-11-22,23.034178,22.556166,22.765297,11.189145
1995-11-24,23.093929,22.765297,22.914675,11.262561
1995-11-27,23.273184,22.854923,22.914675,11.262561
1995-11-28,23.303059,22.854923,23.183556,11.394719
1995-11-29,23.303059,23.123804,23.213432,11.409396
1995-11-30,23.452438,23.093929,23.093929,11.350665
1995-12-01,23.183556,22.645794,22.645794,11.130402
1995-12-04,23.243307,22.615917,22.974426,11.291935
1995-12-05,23.213432,22.854923,22.884798,11.247876
1995-12-06,23.064054,22.526291,22.884798,11.247876
1995-12-07,22.825048,22.466539,22.645794,11.130402
1995-12-08,23.153681,22.615917,23.153681,11.380026
1995-12-11,23.243307,22.914675,23.004301,11.306613
1995-12-12,23.123804,22.765297,22.795172,11.203827
1995-12-13,22.795172,22.556166,22.586042,11.101038
1995-12-14,22.735420,22.078156,22.406788,11.012932
1995-12-15,21.988527,21.480640,21.570269,10.601788
1995-12-18,21.540392,20.972754,21.271511,10.454945
1995-12-19,21.958652,21.301386,21.958652,10.792680
1995-12-20,21.988527,21.301386,21.361137,10.498997
1995-12-21,21.779398,21.450766,21.719646,10.675201
1995-12-22,21.958652,21.719646,21.809273,10.719255
1995-12-26,22.018402,21.898901,21.928776,10.777992
1995-12-27,21.988527,21.689772,21.988527,10.807356
1995-12-28,21.839149,21.510515,21.540392,10.587105
1995-12-29,21.928776,21.391012,21.839149,10.733943
1996-01-02,22.018402,21.659895,21.719646,10.675201
1996-01-03,21.809273,21.271511,21.331263,10.484317
1996-01-04,21.301386,20.464867,20.763622,10.205317
1996-01-05,21.211760,20.554493,21.181883,10.410888
1996-01-08,21.331263,21.181883,21.301386,10.469635
1996-01-09,21.301386,20.584370,20.733747,10.190639
1996-01-10,21.331263,20.703873,20.853251,10.249376
1996-01-11,21.152008,20.554493,20.853251,10.249376
1996-01-12,20.853251,20.584370,20.644119,10.146585
1996-01-15,20.673996,19.867352,19.867352,9.764804
1996-01-16,20.972754,19.956980,20.793499,10.220006
1996-01-17,21.331263,20.494741,20.942879,10.293427
1996-01-18,23.004301,21.420889,23.004301,11.306613
1996-01-19,24.886473,23.064054,24.378586,11.982073
1996-01-22,24.826721,24.229206,24.438337,12.011440
1996-01-23,24.976099,24.079828,24.617592,12.099545
1996-01-24,26.051624,24.647467,25.573614,12.569427
1996-01-25,25.812620,24.886473,24.886473,12.231699
1996-01-26,25.394360,24.737095,25.035851,12.305116
1996-01-29,25.483988,24.916348,25.454111,12.510697
1996-01-30,26.051624,25.424234,25.961998,12.760323
1996-01-31,26.260756,25.693117,25.932121,12.745642
1996-02-01,26.380259,25.842495,26.051624,12.804373
1996-02-02,26.260756,25.991875,26.201004,12.877793
1996-02-05,26.858271,26.111378,26.828394,13.186152
1996-02-06,27.515535,26.918020,27.425907,13.479834
1996-02-07,27.396032,26.649139,26.918020,13.259093
1996-02-08,27.366158,26.738768,27.127151,13.362108
1996-02-09,27.336281,27.007648,27.127151,13.362108
1996-02-12,27.694790,27.216778,27.545410,13.568134
1996-02-13,27.455784,27.127151,27.157026,13.376809
1996-02-14,27.485661,27.186901,27.306404,13.450394
1996-02-15,28.322180,27.306404,28.113050,13.847739
1996-02-16,28.411806,28.083174,28.202677,13.891883
1996-02-20,28.889818,27.903919,28.471558,14.024323
1996-02-21,28.830067,28.352055,28.740440,14.156771
1996-02-22,30.025097,28.979446,29.666588,14.612966
1996-02-23,30.144598,29.636711,30.025097,14.789560
1996-02-26,29.995220,29.606836,29.845840,14.701257
1996-02-27,30.801865,29.756214,30.771990,15.157449
1996-02-28,30.801865,30.353727,30.443356,14.995583
1996-02-29,30.443356,29.158701,29.308079,14.436373
1996-03-01,29.098948,27.963671,28.232553,13.906596
1996-03-04,28.979446,27.545410,27.754541,13.671142
1996-03-05,28.561186,27.754541,28.441683,14.009607
1996-03-06,28.650812,27.814293,27.963671,13.774150
1996-03-07,28.083174,27.575287,27.993547,13.788866
1996-03-08,27.933796,26.828394,27.306404,13.450394
1996-03-11,28.172800,27.216778,28.023422,13.803583
1996-03-12,27.724665,27.157026,27.306404,13.450394
1996-03-13,27.874044,27.366158,27.694790,13.641701
1996-03-14,28.381931,27.754541,27.933796,13.759433
1996-03-15,28.680689,27.664913,28.650812,14.112623
1996-03-18,29.905594,28.800192,29.786091,14.671829
1996-03-19,29.995220,29.039198,29.098948,14.333358
1996-03-20,28.889818,27.306404,27.963671,13.774150
1996-03-21,28.172800,27.276529,27.455784,13.523984
1996-03-22,27.664913,27.306404,27.306404,13.450394
1996-03-25,27.515535,25.902246,25.991875,12.802899
1996-03-26,26.768642,25.722992,26.469885,13.038349
1996-03-27,27.186901,26.350382,26.589388,13.097214
1996-03-28,26.858271,26.171127,26.230881,12.920626
1996-03-29,27.186901,26.380259,26.589388,13.097214
1996-04-01,26.947897,26.290630,26.380259,12.994198
1996-04-02,28.232553,26.410133,28.113050,13.847739
1996-04-03,28.800192,27.754541,28.620937,14.097909
1996-04-04,28.650812,28.023422,28.142925,13.862450
1996-04-08,28.531309,27.366158,28.531309,14.053759
1996-04-09,28.710564,28.083174,28.172800,13.877162
1996-04-10,28.889818,27.515535,27.724665,13.656428
1996-04-11,28.292303,27.425907,28.083174,13.833017
1996-04-12,27.635038,26.320507,26.649139,13.126645
1996-04-15,27.336281,26.649139,27.276529,13.435681
1996-04-16,27.814293,27.396032,27.605164,13.597566
1996-04-17,28.710564,24.707218,25.155354,12.390846
1996-04-18,25.633366,24.766970,25.215105,12.420288
1996-04-19,25.603489,25.005976,25.185228,12.405570
1996-04-22,25.722992,25.244982,25.633366,12.626310
1996-04-23,25.752869,25.513863,25.573614,12.596869
1996-04-24,25.722992,25.244982,25.513863,12.567439
1996-04-25,25.932121,25.483988,25.872372,12.744036
1996-04-26,26.021749,25.722992,25.752869,12.685167
1996-04-29,25.991875,25.663240,25.961998,12.788181
1996-04-30,26.350382,25.693117,25.752869,12.685167
1996-05-01,25.932121,25.722992,25.782743,12.699888
1996-05-02,26.141253,25.663240,25.782743,12.699888
1996-05-03,26.051624,25.752869,25.842495,12.729317
1996-05-06,25.932121,25.424234,25.573614,12.596869
1996-05-07,25.633366,25.244982,25.304731,12.464427
1996-05-08,25.334608,24.766970,25.304731,12.505770
1996-05-09,25.752869,25.274857,25.573614,12.638648
1996-05-10,25.902246,25.364485,25.424234,12.564830
1996-05-13,25.932121,25.304731,25.722992,12.712476
1996-05-14,26.021749,25.693117,25.961998,12.830598
1996-05-15,26.260756,25.932121,26.051624,12.874887
1996-05-16,26.111378,25.722992,25.961998,12.830598
1996-05-17,26.679014,26.051624,26.499762,13.096362
1996-05-20,26.888145,26.529636,26.798517,13.244010
1996-05-21,26.798517,26.469885,26.529636,13.111121
1996-05-22,26.529636,26.230881,26.380259,13.037309
1996-05-23,26.410133,26.111378,26.111378,12.904425
1996-05-24,26.260756,25.812620,25.991875,12.845361
1996-05-28,26.141253,25.782743,25.872372,12.786306
1996-05-29,25.902246,25.244982,25.543737,12.623887
1996-05-30,25.722992,25.364485,25.633366,12.668184
1996-05-31,25.872372,25.483988,25.513863,12.609122
1996-06-03,25.454111,25.095602,25.185228,12.446712
1996-06-04,25.483988,25.185228,25.304731,12.505770
1996-06-05,25.424234,25.035851,25.065727,12.387650
1996-06-06,25.065727,24.139580,24.199331,11.959476
1996-06-07,24.378586,22.974426,24.318834,12.018533
1996-06-10,24.677341,24.229206,24.527964,12.121886
1996-06-11,24.946224,24.468212,24.647467,12.180947
1996-06-12,24.826721,24.557838,24.617592,12.166182
1996-06-13,24.886473,24.318834,24.677341,12.195706
1996-06-14,24.916348,24.288958,24.288958,12.003773
1996-06-17,24.557838,24.109703,24.498089,12.107121
1996-06-18,24.498089,24.199331,24.199331,11.959476
1996-06-19,24.527964,24.259083,24.408461,12.062828
1996-06-20,24.438337,23.751196,24.079828,11.900418
1996-06-21,24.318834,23.482313,23.571941,11.649421
1996-06-24,23.930449,23.542065,23.810946,11.767528
1996-06-25,23.840822,23.631693,23.840822,11.782295
1996-06-26,23.930449,23.542065,23.571941,11.649421
1996-06-27,23.810946,23.332935,23.631693,11.678944
1996-06-28,23.870699,23.631693,23.661568,11.693706
1996-07-01,24.438337,23.691444,24.259083,11.989002
1996-07-02,24.199331,23.870699,23.900574,11.811824
1996-07-03,23.930449,23.452438,23.542065,11.634648
1996-07-05,23.721319,23.362810,23.392687,11.560825
1996-07-08,23.721319,23.452438,23.512190,11.619881
1996-07-09,23.960325,23.601816,23.661568,11.693706
1996-07-10,23.781071,23.362810,23.631693,11.678944
1996-07-11,23.332935,22.496414,22.944551,11.339351
1996-07-12,22.944551,22.615917,22.780233,11.258141
1996-07-15,22.675669,21.450766,21.719646,10.733994
1996-07-16,22.884798,21.450766,22.884798,11.309823
1996-07-17,23.392687,22.466539,22.496414,11.117881
1996-07-18,22.854923,22.257408,22.526291,11.132648
1996-07-19,22.765297,22.347036,22.406788,11.073582
1996-07-22,22.317162,21.958652,22.108030,10.925941
1996-07-23,22.287285,21.510515,21.570269,10.660180
1996-07-24,22.137905,21.301386,21.928776,10.837353
1996-07-25,24.796844,22.705545,24.766970,12.240005
1996-07-26,24.886473,24.288958,24.826721,12.269538
1996-07-29,25.215105,24.707218,25.035851,12.372885
1996-07-30,25.812620,24.796844,25.663240,12.682951
1996-07-31,26.021749,25.573614,25.693117,12.697712
1996-08-01,26.051624,25.633366,25.633366,12.668184
1996-08-02,26.141253,25.752869,26.021749,12.860128
1996-08-05,26.141253,25.812620,26.111378,12.904425
1996-08-06,26.320507,25.872372,26.201004,12.948717
1996-08-07,26.977772,26.230881,26.918020,13.345678
1996-08-08,27.216778,26.649139,27.127151,13.449357
1996-08-09,27.186901,26.798517,26.858271,13.316049
1996-08-12,27.067400,26.679014,26.798517,13.286429
1996-08-13,26.888145,26.081501,26.141253,12.960568
1996-08-14,26.649139,26.141253,26.589388,13.182742
1996-08-15,26.679014,26.469885,26.499762,13.138309
1996-08-16,26.589388,26.260756,26.290630,13.034623
1996-08-19,26.380259,26.171127,26.290630,13.034623
1996-08-20,26.469885,26.290630,26.410133,13.093874
1996-08-21,26.947897,26.320507,26.828394,13.301245
1996-08-22,27.216778,26.858271,26.918020,13.345678
1996-08-23,27.157026,26.768642,27.007648,13.390111
1996-08-26,27.037523,26.828394,26.888145,13.330862
1996-08-27,26.947897,26.589388,26.708891,13.241993
1996-08-28,27.664913,27.216778,27.485661,13.627103
1996-08-29,27.605164,27.396032,27.515535,13.641927
1996-08-30,27.485661,27.157026,27.336281,13.553045
1996-09-03,27.575287,26.903084,27.545410,13.656736
1996-09-04,27.635038,27.366158,27.396032,13.582667
1996-09-05,27.366158,27.007648,27.037523,13.404920
1996-09-06,27.694790,27.127151,27.605164,13.686356
1996-09-09,28.142925,27.694790,28.113050,13.938158
1996-09-10,28.531309,27.844168,28.232553,13.997405
1996-09-11,28.262428,27.903919,28.202677,13.982605
1996-09-12,28.262428,27.993547,28.023422,13.893720
1996-09-13,29.367830,28.232553,29.188576,14.471394
1996-09-16,29.487333,29.098948,29.337954,14.545456
1996-09-17,29.547085,29.039198,29.547085,14.649143
1996-09-18,29.935469,29.397705,29.756214,14.752828
1996-09-19,29.905594,29.397705,29.517208,14.634327
1996-09-20,29.845840,29.367830,29.397705,14.575082
1996-09-23,29.815966,29.188576,29.696463,14.723203
1996-09-24,30.323853,29.636711,29.666588,14.708385
1996-09-25,30.323853,29.756214,30.234226,14.989820
1996-09-26,30.562859,29.666588,29.726337,14.738013
1996-09-27,29.995220,29.636711,29.815966,14.782456
1996-09-30,30.383604,29.666588,29.756214,14.752828
1996-10-01,29.935469,29.427582,29.576960,14.663953
1996-10-02,30.084846,29.636711,30.084846,14.915760
1996-10-03,30.174475,29.786091,29.875717,14.812072
1996-10-04,30.383604,30.025097,30.264101,15.004634
1996-10-07,30.592733,30.323853,30.562859,15.152751
1996-10-08,30.951242,30.503107,30.682362,15.211997
1996-10-09,30.921368,30.144598,30.174475,14.960191
1996-10-10,30.592733,29.995220,30.532984,15.137939
1996-10-11,31.100620,30.652487,31.040871,15.389744
1996-10-14,31.070745,30.861616,31.070745,15.404547
1996-10-15,31.369503,30.742113,30.951242,15.345308
1996-10-16,30.951242,30.443356,30.503107,15.123122
1996-10-17,30.861616,29.935469,30.025097,14.886136
1996-10-18,30.951242,29.636711,30.921368,15.330497
1996-10-21,32.355404,30.293978,31.100620,15.419369
1996-10-22,31.250000,30.174475,30.353727,15.049062
1996-10-23,31.040871,30.144598,30.891491,15.315680
1996-10-24,31.010994,30.443356,30.443356,15.093500
1996-10-25,30.592733,30.204350,30.234226,14.989820
1996-10-28,30.622610,30.234226,30.443356,15.093500
1996-10-29,30.532984,29.905594,30.025097,14.886136
1996-10-30,30.473230,30.054972,30.204350,14.975006
1996-10-31,30.861616,30.084846,30.831739,15.286060
1996-11-01,30.981119,30.383604,30.473230,15.108323
1996-11-04,30.921368,30.443356,30.771990,15.256442
1996-11-05,31.429255,30.891491,31.130497,15.434176
1996-11-06,31.996893,31.130497,31.877390,15.847065
1996-11-07,32.295650,31.728010,31.967016,15.891623
1996-11-08,32.146271,31.757887,32.116398,15.965883
1996-11-11,32.235901,32.026768,32.146271,15.980733
1996-11-12,32.445030,31.787764,31.847513,15.832204
1996-11-13,32.474903,31.847513,32.206024,16.010443
1996-11-14,32.893166,32.176147,32.713909,16.262922
1996-11-15,34.775333,32.833412,34.655830,17.228292
1996-11-18,35.850861,34.177818,35.074093,17.436235
1996-11-19,37.016014,35.014339,36.836758,18.312494
1996-11-20,38.001911,36.418499,36.478249,18.134275
1996-11-21,37.016014,36.448376,36.836758,18.312494
1996-11-22,37.972034,36.836758,37.882408,18.832308
1996-11-25,37.882408,37.314770,37.673279,18.728352
1996-11-26,38.420174,37.523903,37.762905,18.772911
1996-11-27,38.300671,37.703156,37.792782,18.787754
1996-11-29,38.151291,37.792782,38.091537,18.936291
1996-12-02,39.077438,38.151291,38.957935,19.366985
1996-12-03,39.674953,38.868309,38.868309,19.322433
1996-12-04,39.196941,38.031788,38.718929,19.248167
1996-12-05,38.868309,37.852531,37.882408,18.832308
1996-12-06,37.762905,36.657505,37.195267,18.490723
1996-12-09,38.270794,37.344646,38.240917,19.010532
1996-12-10,38.689053,37.703156,37.703156,18.743206
1996-12-11,37.912285,36.747131,37.314770,18.550127
1996-12-12,37.882408,36.209370,36.239246,18.015455
1996-12-13,37.016014,36.328873,36.538002,18.163979
1996-12-16,36.627628,35.193596,35.522228,17.659008
1996-12-17,36.717255,35.223469,36.298996,18.045164
1996-12-18,38.001911,36.418499,37.912285,18.847168
1996-12-19,38.181168,37.583652,37.792782,18.787754
1996-12-20,37.852531,36.836758,36.956261,18.371904
1996-12-23,37.135517,36.508125,36.866634,18.327356
1996-12-24,37.284897,36.836758,37.225143,18.505571
1996-12-26,37.852531,37.075764,37.225143,18.505571
1996-12-27,37.195267,36.687382,37.075764,18.431314
1996-12-30,37.165394,36.717255,36.717255,18.253086
1996-12-31,37.135517,36.059990,36.209370,18.000616
1997-01-02,36.896511,35.910610,36.627628,18.208519
1997-01-03,38.031788,37.016014,38.031788,18.906572
1997-01-06,39.047562,37.882408,38.539677,19.159058
1997-01-07,39.137188,38.091537,39.047562,19.411541
1997-01-08,39.256691,38.031788,38.211040,18.995689
1997-01-09,38.718929,37.852531,38.689053,19.233320
1997-01-10,39.196941,38.270794,38.957935,19.366985
1997-01-13,39.734703,38.898186,39.167065,19.470947
1997-01-14,40.063335,39.316444,39.917690,19.844105
1997-01-15,40.242592,39.047562,39.346317,19.560061
1997-01-16,39.854206,39.017685,39.555450,19.664030
1997-01-17,39.615200,39.167065,39.495697,19.634325
1997-01-20,40.063335,39.316444,39.913960,19.842239
1997-01-21,40.660851,39.764580,40.152966,19.961065
1997-01-22,38.240917,37.045891,37.762905,18.772911
1997-01-23,38.300671,36.000240,36.269119,18.030296
1997-01-24,36.806885,35.611855,35.970364,17.881783
1997-01-27,36.269119,34.655830,34.835087,17.317415
1997-01-28,36.866634,35.522228,36.030113,17.911493
1997-01-29,37.464149,36.418499,37.374523,18.579840
1997-01-30,37.822659,37.225143,37.583652,18.683796
1997-01-31,37.733032,37.314770,37.494026,18.639248
1997-02-03,37.613529,36.926388,37.016014,18.401609
1997-02-04,36.986137,36.030113,36.717255,18.253086
1997-02-05,36.717255,34.775333,35.552101,17.673866
1997-02-06,35.791107,34.775333,34.894836,17.388033
1997-02-07,35.850861,34.864964,35.552101,17.715548
1997-02-10,35.552101,33.938816,34.118069,17.000965
1997-02-11,34.715584,33.729687,34.715584,17.298702
1997-02-12,35.044216,34.177818,34.655830,17.268932
1997-02-13,35.402725,34.685707,34.984467,17.432686
1997-02-14,35.313099,34.416824,34.655830,17.268932
1997-02-18,34.775333,34.207695,34.715584,17.298702
1997-02-19,34.864964,34.177818,34.327198,17.105169
1997-02-20,34.297321,33.520554,33.759560,16.822319
1997-02-21,33.669933,32.773663,32.893166,16.390610
1997-02-24,34.416824,32.863289,34.386951,17.134956
1997-02-25,35.372849,34.446701,35.014339,17.447584
1997-02-26,35.253345,34.416824,35.103966,17.492235
1997-02-27,35.103966,34.177818,34.177818,17.030745
1997-02-28,34.835087,33.610184,34.357075,17.120066
1997-03-03,35.074093,34.327198,34.685707,17.283827
1997-03-04,35.074093,34.058315,34.625957,17.254053
1997-03-05,35.014339,34.506454,34.775333,17.328476
1997-03-06,35.611855,34.566204,35.044216,17.462465
1997-03-07,35.283222,34.446701,34.596081,17.239162
1997-03-10,35.133842,34.506454,34.924713,17.402924
1997-03-11,35.791107,34.894836,34.894836,17.388033
1997-03-12,35.193596,34.446701,34.625957,17.254053
1997-03-13,34.954590,33.998566,34.147945,17.015852
1997-03-14,34.506454,33.968689,34.327198,17.105169
1997-03-17,34.207695,32.833412,33.341301,16.613905
1997-03-18,33.640057,32.952915,33.311424,16.599020
1997-03-19,33.162045,32.474903,32.952915,16.420370
1997-03-20,33.401051,32.624283,32.713909,16.301277
1997-03-21,32.773663,31.578632,31.668261,15.780232
1997-03-24,32.713909,31.070745,32.684032,16.286394
1997-03-25,33.072418,32.206024,32.474903,16.182184
1997-03-26,33.729687,32.385277,33.520554,16.703226
1997-03-27,33.849186,32.534657,32.743786,16.316172
1997-03-31,33.341301,32.116398,32.803535,16.345938
1997-04-01,32.923038,32.415154,32.684032,16.286394
1997-04-02,32.833412,31.847513,31.967016,15.929109
1997-04-03,31.608509,30.801865,31.339626,15.616476
1997-04-04,31.339626,30.383604,30.891491,15.393176
1997-04-07,31.907267,31.190248,31.668261,15.780232
1997-04-08,32.713909,31.608509,32.654160,16.271503
1997-04-09,32.982792,31.787764,31.817638,15.854674
1997-04-10,32.235901,31.757887,31.787764,15.839776
1997-04-11,32.206024,31.399380,31.877390,15.884442
1997-04-14,32.713909,31.847513,32.624283,16.256618
1997-04-15,33.221798,32.116398,32.952915,16.420370
1997-04-16,33.072418,32.445030,32.863289,16.375717
1997-04-17,33.401051,32.684032,32.923038,16.405485
1997-04-18,33.490681,32.923038,33.401051,16.643673
1997-04-21,33.759560,32.654160,32.833412,16.360826
1997-04-22,33.490681,32.206024,33.460804,16.673456
1997-04-23,34.357075,33.221798,34.028442,16.956306
1997-04-24,37.523903,35.970364,36.717255,18.296137
1997-04-25,36.538002,36.000240,36.030113,17.953732
1997-04-28,36.269119,35.641731,35.940487,17.909073
1997-04-29,38.001911,36.328873,37.852531,18.861845
1997-04-30,38.509800,37.583652,38.360420,19.114931
1997-05-01,38.629303,38.091537,38.569550,19.219131
1997-05-02,38.928059,38.211040,38.748806,19.308458
1997-05-05,39.734703,38.868309,39.704826,19.784842
1997-05-06,40.003586,39.346317,39.555450,19.710407
1997-05-07,39.884083,38.748806,38.748806,19.355238
1997-05-08,40.451721,39.077438,40.003586,19.981998
1997-05-09,40.451721,39.824329,40.033463,19.996933
1997-05-12,41.467495,40.182838,41.467495,20.713226
1997-05-13,42.333893,41.437618,41.497372,20.728155
1997-05-14,41.826004,41.079109,41.557121,20.758001
1997-05-15,41.975384,41.377869,41.557121,20.758001
1997-05-16,41.527248,40.541348,40.630974,20.295382
1997-05-19,40.720600,39.884083,40.332218,20.146158
1997-05-20,41.945507,40.242592,41.527248,20.743074
1997-05-21,42.393642,41.676624,41.855881,20.907221
1997-05-22,42.065010,41.228489,41.228489,20.593843
1997-05-23,41.796127,41.377869,41.437618,20.698303
1997-05-27,42.841778,41.586998,42.841778,21.399693
1997-05-28,43.917305,42.304016,43.080784,21.519093
1997-05-29,43.021034,41.826004,41.945507,20.952003
1997-05-30,42.184513,40.391968,41.347992,20.653542
1997-06-02,42.005257,41.407745,41.646751,20.802771
1997-06-03,41.407745,40.212715,40.332218,20.146158
1997-06-04,40.929733,39.077438,39.854206,19.907391
1997-06-05,40.571224,39.256691,39.615200,19.787996
1997-06-06,41.108986,39.495697,40.929733,20.444613
1997-06-09,41.885754,40.929733,41.527248,20.743074
1997-06-10,42.005257,40.869980,41.228489,20.593843
1997-06-11,41.766251,41.168739,41.646751,20.802771
1997-06-12,42.244263,40.869980,42.124760,21.041536
1997-06-13,42.901531,42.124760,42.543022,21.250458
1997-06-16,43.021034,42.363766,42.662525,21.310162
1997-06-17,43.379539,42.543022,42.961281,21.459379
1997-06-18,42.782028,42.184513,42.543022,21.250458
1997-06-19,43.379539,42.602772,42.841778,21.399693
1997-06-20,43.947182,42.901531,42.961281,21.459379
1997-06-23,43.678299,41.885754,41.945507,20.952003
1997-06-24,44.096558,42.782028,43.887428,21.922001
1997-06-25,44.813576,43.678299,43.917305,21.936935
1997-06-26,44.425190,43.140533,43.319790,21.638474
1997-06-27,43.977055,43.588673,43.618546,21.787706
1997-06-30,44.216061,43.080784,43.140533,21.548925
1997-07-01,44.096558,43.080784,43.887428,21.922001
1997-07-02,44.753822,43.797802,44.664196,22.309990
1997-07-03,45.470840,45.082458,45.321465,22.638315
1997-07-07,45.650097,44.933079,45.172085,22.563709
1997-07-08,45.769596,45.172085,45.769596,22.862164
1997-07-09,46.217735,45.560467,45.978729,22.966618
1997-07-10,45.978729,44.962955,45.769596,22.862164
1997-07-11,46.546368,45.709846,45.769596,22.862164
1997-07-14,46.098232,44.933079,45.530594,22.742762
1997-07-15,46.008602,44.634319,45.889099,22.921852
1997-07-16,46.845123,45.590343,46.665871,23.309849
1997-07-17,48.637669,46.426865,47.621895,23.787386
1997-07-18,50.310707,47.801147,49.952198,24.951397
1997-07-21,50.818596,48.846798,49.593689,24.772314
1997-07-22,49.474186,47.502392,49.235184,24.593227
1997-07-23,51.147228,49.324810,50.250957,25.100626
1997-07-24,51.834370,49.952198,51.535610,25.742313
1997-07-25,51.834370,50.489964,51.147228,25.548321
1997-07-28,51.087475,50.101578,50.191204,25.070772
1997-07-29,50.011951,49.115681,49.175430,24.563381
1997-07-30,50.669216,49.175430,50.669216,25.309542
1997-07-31,51.147228,50.191204,50.549713,25.249849
1997-08-01,50.639339,49.384560,50.071701,25.011082
1997-08-04,50.908222,49.862572,50.788719,25.369238
1997-08-05,51.595364,50.908222,50.908222,25.428921
1997-08-06,52.312382,50.579590,51.565487,25.757235
1997-08-07,52.222752,51.087475,51.326481,25.685474
1997-08-08,51.206978,49.713192,50.310707,25.177143
1997-08-11,50.340584,49.235184,49.235184,24.638910
1997-08-12,50.489964,49.235184,49.444313,24.743580
1997-08-13,50.669216,49.115681,49.892448,24.967823
1997-08-14,50.250957,49.055927,49.533939,24.788416
1997-08-15,49.952198,47.741398,47.771271,23.906330
1997-08-18,49.772945,47.651768,49.713192,24.878128
1997-08-19,51.625240,49.832695,51.595364,25.820021
1997-08-20,51.834370,50.728966,51.625240,25.834988
1997-08-21,51.595364,50.310707,50.549713,25.296749
1997-08-22,50.967972,48.966301,50.848469,25.446259
1997-08-25,51.147228,49.952198,50.191204,25.117340
1997-08-26,49.892448,49.265057,49.384560,24.713682
1997-08-27,50.101578,48.996178,49.653442,24.848230
1997-08-28,49.653442,48.279160,48.338909,24.190388
1997-08-29,49.175430,48.025215,48.458412,24.250187
1997-09-02,49.862572,48.398663,49.743069,24.893095
1997-09-03,50.250957,49.474186,49.504063,24.773472
1997-09-04,49.982075,49.235184,49.593689,24.818321
1997-09-05,50.310707,49.504063,49.533939,24.788416
1997-09-08,49.862572,49.055927,49.175430,24.609003
1997-09-09,49.713192,47.801147,47.801147,23.921274
1997-09-10,47.831024,45.948853,46.367111,23.203642
1997-09-11,47.024380,46.128105,46.845123,23.442848
1997-09-12,46.845123,46.337238,46.725620,23.383041
1997-09-15,47.412762,45.948853,46.008602,23.024239
1997-09-16,48.040154,46.068356,47.621895,23.831570
1997-09-17,48.398663,47.323135,47.621895,23.831570
1997-09-18,47.920650,47.203632,47.203632,23.622257
1997-09-19,47.621895,46.994503,47.442638,23.741879
1997-09-22,50.250957,48.757172,49.653442,24.848230
1997-09-23,50.191204,49.115681,49.354687,24.698713
1997-09-24,49.922321,48.488289,48.548038,24.295048
1997-09-25,49.235184,48.368786,48.577915,24.310017
1997-09-26,49.324810,48.727295,49.055927,24.549225
1997-09-29,50.250957,48.757172,50.191204,25.117340
1997-09-30,51.356358,49.533939,50.669216,25.356562
1997-10-01,50.878345,49.324810,49.474186,24.758518
1997-10-02,49.982075,49.235184,49.982075,25.012686
1997-10-03,51.266731,49.474186,49.862572,24.952887
1997-10-06,50.310707,49.892448,50.101578,25.072493
1997-10-07,51.206978,50.639339,51.057598,25.550917
1997-10-08,51.087475,49.952198,50.310707,25.177143
1997-10-09,50.579590,49.802818,50.011951,25.027626
1997-10-10,50.370461,49.772945,50.161327,25.102394
1997-10-13,50.430210,49.743069,49.952198,24.997744
1997-10-14,49.772945,48.787045,49.384560,24.713682
1997-10-15,49.175430,48.458412,48.607792,24.324947
1997-10-16,49.085804,47.382889,47.741398,23.891363
1997-10-17,47.263386,45.530594,45.620220,22.829865
1997-10-20,46.725620,45.172085,46.606117,23.323240
1997-10-21,50.370461,48.279160,50.280830,25.162195
1997-10-22,50.639339,49.832695,50.250957,25.147251
1997-10-23,49.653442,47.831024,47.980404,24.010983
1997-10-24,49.145554,46.307362,46.845123,23.442848
1997-10-27,47.143883,42.961281,43.021034,21.529160
1997-10-28,47.771271,42.363766,47.502392,23.771769
1997-10-29,48.876675,46.785374,46.964626,23.502653
1997-10-30,47.502392,45.679970,45.799473,22.919565
1997-10-31,47.412762,46.157982,47.084129,23.562464
1997-11-03,48.846798,47.382889,48.577915,24.310017
1997-11-04,49.115681,48.249283,48.727295,24.384754
1997-11-05,49.683315,48.548038,49.115681,24.579113
1997-11-06,49.324810,48.309032,48.309032,24.222588
1997-11-07,48.010277,46.964626,47.562141,23.848089
1997-11-10,48.189533,46.665871,46.695747,23.413679
1997-11-11,47.801147,46.815250,47.323135,23.728243
1997-11-12,47.562141,46.128105,46.187859,23.159004
1997-11-13,47.502392,45.530594,47.382889,23.758207
1997-11-14,48.787045,47.382889,48.518166,24.327448
1997-11-17,50.131454,49.175430,49.474186,24.806803
1997-11-18,49.892448,48.757172,48.816921,24.477242
1997-11-19,49.683315,48.637669,49.265057,24.701941
1997-11-20,50.191204,49.354687,50.071701,25.106401
1997-11-21,50.848469,50.191204,50.460087,25.301151
1997-11-24,50.549713,49.235184,49.294933,24.716917
1997-11-25,51.386234,49.653442,51.326481,25.735563
1997-11-26,52.521511,51.326481,52.461758,26.304802
1997-11-28,52.551388,52.163002,52.342255,26.244892
1997-12-01,54.164677,52.521511,53.806168,26.978897
1997-12-02,53.626911,52.850143,52.939770,26.544481
1997-12-03,53.358032,52.103249,52.760517,26.454603
1997-12-04,53.208652,52.043499,52.222752,26.184961
1997-12-05,53.955544,52.103249,53.656788,26.903996
1997-12-08,54.254303,53.417782,53.955544,27.053797
1997-12-09,53.656788,52.581261,52.760517,26.454603
1997-12-10,52.402008,50.400333,50.908222,25.525843
1997-12-11,49.683315,48.458412,48.577915,24.357416
1997-12-12,49.444313,46.068356,47.980404,24.057810
1997-12-15,48.727295,46.367111,48.219406,24.177660
1997-12-16,50.310707,48.338909,49.593689,24.866724
1997-12-17,50.430210,48.697418,48.757172,24.447298
1997-12-18,49.205307,47.323135,47.801147,23.967932
1997-12-19,49.205307,46.367111,48.816921,24.477242
1997-12-22,50.071701,48.219406,49.026051,24.582104
1997-12-23,49.772945,47.143883,47.143883,23.638376
1997-12-24,48.189533,47.323135,47.382889,23.758207
1997-12-26,48.637669,47.442638,48.607792,24.372391
1997-12-29,49.563816,49.115681,49.115681,24.627056
1997-12-30,50.430210,49.205307,49.294933,24.716917
1997-12-31,50.280830,49.324810,50.011951,25.076452
1998-01-02,50.549713,49.743069,50.489964,25.316120
1998-01-05,51.057598,50.191204,50.878345,25.510866
1998-01-06,51.236855,50.221081,50.310707,25.226238
1998-01-07,50.191204,49.055927,49.832695,24.986568
1998-01-08,50.430210,49.205307,49.802818,24.971582
1998-01-09,50.131454,47.502392,47.831024,23.982912
1998-01-12,48.338909,46.606117,47.860901,23.997890
1998-01-13,48.966301,47.950527,48.816921,24.477242
1998-01-14,49.713192,48.398663,49.055927,24.597088
1998-01-15,50.161327,48.936424,49.444313,24.791828
1998-01-16,50.280830,49.952198,50.191204,25.166323
1998-01-20,51.804493,50.041824,51.804493,25.975241
1998-01-21,48.757172,47.621895,47.860901,23.997890
1998-01-22,48.099903,47.084129,47.502392,23.818125
1998-01-23,47.801147,47.293259,47.412762,23.773186
1998-01-26,47.771271,46.845123,46.904877,23.518541
1998-01-27,46.785374,45.709846,46.128105,23.129059
1998-01-28,46.845123,46.128105,46.367111,23.248884
1998-01-29,47.472515,46.367111,46.934750,23.533508
1998-01-30,47.592018,46.845123,47.203632,23.668329
1998-02-02,48.398663,47.801147,48.070030,24.102749
1998-02-03,47.920650,47.173756,47.502392,23.818125
1998-02-04,47.711521,46.875000,46.994503,23.563467
1998-02-05,47.592018,47.024380,47.592018,23.863073
1998-02-06,47.621895,46.725620,46.845123,23.535849
1998-02-09,47.621895,46.845123,46.845123,23.535849
1998-02-10,48.966301,46.606117,48.219406,24.226309
1998-02-11,49.354687,48.518166,49.085804,24.661610
1998-02-12,49.354687,48.548038,49.175430,24.706642
1998-02-13,49.533939,48.936424,48.936424,24.586563
1998-02-17,49.563816,48.518166,48.757172,24.496504
1998-02-18,49.533939,48.428535,49.115681,24.676632
1998-02-19,50.011951,49.115681,49.115681,24.676632
1998-02-20,49.444313,48.548038,49.055927,24.646601
1998-02-23,49.683315,49.145554,49.175430,24.706642
1998-02-24,49.175430,48.637669,48.996178,24.616577
1998-02-25,50.310707,48.996178,50.310707,25.277016
1998-02-26,50.609467,49.862572,50.430210,25.337065
1998-02-27,50.489964,49.653442,49.922321,25.081896
1998-03-02,49.982075,47.801147,48.727295,24.481482
1998-03-03,48.996178,47.711521,48.816921,24.526512
1998-03-04,49.384560,47.323135,47.323135,23.776011
1998-03-05,47.980404,46.994503,47.293259,23.761002
1998-03-06,47.711521,46.904877,46.904877,23.565874
1998-03-09,46.964626,45.829350,45.948853,23.085543
1998-03-10,46.934750,46.217735,46.606117,23.415766
1998-03-11,47.741398,46.576244,47.382889,23.806030
1998-03-12,48.099903,46.934750,47.920650,24.076206
1998-03-13,48.338909,47.323135,47.621895,23.926107
1998-03-16,48.458412,47.442638,48.398663,24.316385
1998-03-17,48.667542,47.592018,48.219406,24.226309
1998-03-18,48.906548,48.070030,48.548038,24.391426
1998-03-19,49.235184,48.488289,49.175430,24.706642
1998-03-20,49.354687,48.488289,48.787045,24.511496
1998-03-23,49.414436,48.458412,48.458412,24.346388
1998-03-24,49.563816,48.816921,49.474186,24.856733
1998-03-25,50.997849,50.131454,50.669216,25.457144
1998-03-26,50.967972,50.191204,50.221081,25.232002
1998-03-27,50.430210,49.653442,49.892448,25.066889
1998-03-30,50.131454,48.996178,49.354687,24.796694
1998-03-31,50.161327,49.414436,49.653442,24.946800
1998-04-01,50.131454,49.384560,49.922321,25.081896
1998-04-02,50.997849,49.713192,50.579590,25.412128
1998-04-03,50.848469,49.683315,50.041824,25.141926
1998-04-06,50.908222,50.191204,50.669216,25.457144
1998-04-07,50.579590,49.504063,50.041824,25.141926
1998-04-08,50.489964,49.593689,49.952198,25.096901
1998-04-09,50.908222,50.340584,50.848469,25.547192
1998-04-13,51.535610,49.802818,49.802818,25.021849
1998-04-14,50.788719,50.011951,50.788719,25.517185
1998-04-15,52.491634,50.908222,52.461758,26.357752
1998-04-16,52.581261,51.445984,51.535610,25.892445
1998-04-17,51.595364,50.908222,51.505737,25.877422
1998-04-20,53.178776,51.236855,53.148903,26.702988
1998-04-21,56.644360,54.314053,56.405354,28.339094
1998-04-22,57.361378,54.792065,54.851814,27.558558
1998-04-23,56.226097,54.553059,56.166348,28.219004
1998-04-24,56.375477,55.568832,56.106598,28.188993
1998-04-27,55.748089,54.672562,55.120697,27.693661
1998-04-28,56.644360,55.120697,55.299953,27.783724
1998-04-29,55.867592,54.792065,55.240200,27.753696
1998-04-30,56.136471,55.210323,55.389580,27.828751
1998-05-01,56.106598,55.210323,55.867592,28.068893
1998-05-04,56.823612,55.748089,55.748089,28.008858
1998-05-05,56.524857,55.777966,56.315727,28.294044
1998-05-06,56.853489,56.046844,56.046844,28.211641
1998-05-07,56.285851,55.509083,55.987095,28.181581
1998-05-08,57.361378,55.867592,57.361378,28.873333
1998-05-11,58.675907,56.554733,57.032745,28.707893
1998-05-12,57.361378,56.076721,57.182121,28.783083
1998-05-13,58.436901,57.421127,58.257648,29.324474
1998-05-14,61.812859,58.735661,60.139816,30.271883
1998-05-15,61.065968,59.333176,59.721558,30.061333
1998-05-18,60.109943,59.004539,59.572182,29.986156
1998-05-19,60.707458,59.631931,59.751434,30.076376
1998-05-20,60.139816,58.586281,59.034416,29.715467
1998-05-21,59.363049,58.287525,59.094170,29.745531
1998-05-22,59.094170,57.899139,58.287525,29.339516
1998-05-26,58.795410,57.749760,57.839390,29.113949
1998-05-27,58.078396,56.674236,57.480881,28.933474
1998-05-28,58.138145,57.271751,57.391251,28.888363
1998-05-29,57.809513,56.106598,56.166348,28.271801
1998-06-01,56.554733,54.792065,56.016968,28.196609
1998-06-02,56.255974,54.881691,55.240200,27.805618
1998-06-03,55.748089,54.433556,54.433556,27.399586
1998-06-04,55.538960,54.612812,55.479206,27.925924
1998-06-05,56.883366,55.718212,56.823612,28.602648
1998-06-08,57.361378,56.584606,56.793739,28.587603
1998-06-09,57.152248,56.315727,57.002869,28.692869
1998-06-10,57.182121,55.867592,56.046844,28.211641
1998-06-11,56.435230,55.329826,55.449329,27.910887
1998-06-12,55.837715,54.493309,55.568832,27.971033
1998-06-15,55.180450,53.597034,53.656788,27.008598
1998-06-16,53.477531,51.206978,52.581261,26.467222
1998-06-17,53.626911,52.611137,53.059273,26.707834
1998-06-18,52.163002,51.445984,52.013622,26.181477
1998-06-19,52.222752,50.669216,50.728966,25.534847
1998-06-22,52.342255,50.758842,51.684990,26.016062
1998-06-23,53.686665,52.551388,53.417782,26.888288
1998-06-24,53.597034,52.611137,53.537285,26.948427
1998-06-25,54.821941,53.537285,53.746414,27.053701
1998-06-26,54.224426,53.686665,54.015297,27.189053
1998-06-29,54.881691,54.284180,54.553059,27.459730
1998-06-30,55.598709,54.254303,54.881691,27.625153
1998-07-01,55.897469,55.210323,55.807838,28.091330
1998-07-02,55.748089,54.732315,55.060947,27.715384
1998-07-06,55.001194,54.164677,54.343929,27.354475
1998-07-07,54.732315,53.895794,54.433556,27.399586
1998-07-08,55.240200,54.314053,54.971317,27.670280
1998-07-09,56.644360,54.792065,55.957218,28.166527
1998-07-10,57.002869,56.106598,56.644360,28.512402
1998-07-13,57.361378,56.524857,57.062618,28.722937
1998-07-14,57.660133,56.883366,57.182121,28.783083
1998-07-15,57.361378,55.927341,55.927341,28.151493
1998-07-16,56.853489,55.449329,56.584606,28.482338
1998-07-17,57.540630,56.644360,57.451004,28.918440
1998-07-20,58.795410,57.510754,58.317402,29.354549
1998-07-21,62.619503,61.065968,61.245220,30.828293
1998-07-22,61.394596,59.512428,60.916588,30.662872
1998-07-23,61.663479,59.124043,59.213673,29.805693
1998-07-24,60.199570,58.556404,59.392925,29.895922
1998-07-27,60.109943,58.436901,59.990440,30.196676
1998-07-28,60.677582,59.363049,59.960564,30.181658
1998-07-29,61.394596,60.737331,61.125717,30.768127
1998-07-30,63.934032,61.394596,63.754780,32.091488
1998-07-31,66.025337,63.217018,63.336521,31.880974
1998-08-03,64.471794,63.246895,63.456024,31.941122
1998-08-04,64.173042,60.617828,60.617828,30.512487
1998-08-05,61.782982,59.273422,61.543976,30.978666
1998-08-06,62.589626,60.886711,62.021988,31.272707
1998-08-07,64.173042,61.723232,61.723232,31.122086
1998-08-10,62.201244,61.543976,62.081741,31.302860
1998-08-11,61.424473,59.900814,61.424473,30.971445
1998-08-12,61.932362,60.976337,61.185467,30.850925
1998-08-13,61.364723,60.229446,60.319073,30.414074
1998-08-14,60.886711,59.273422,59.930687,30.218245
1998-08-17,60.229446,59.392925,59.811184,30.157980
1998-08-18,61.902485,60.707458,61.603729,31.061832
1998-08-19,62.619503,61.693356,62.111614,31.317898
1998-08-20,62.171368,60.946465,61.215343,30.865999
1998-08-21,61.185467,59.512428,61.125717,30.820795
1998-08-24,61.514099,60.856834,61.454350,30.986511
1998-08-25,62.559750,61.006214,61.394596,30.956375
1998-08-26,62.978012,60.707458,62.559750,31.543867
1998-08-27,61.543976,59.661808,59.870937,30.188116
1998-08-28,60.139816,57.749760,58.586281,29.540373
1998-08-31,58.974667,53.836040,53.836040,27.145199
1998-09-01,56.853489,52.939770,56.375477,28.425634
1998-09-02,59.153919,57.301624,57.600384,29.043249
1998-09-03,58.646034,56.435230,58.197899,29.344530
1998-09-04,58.735661,55.120697,57.062618,28.772106
1998-09-08,60.199570,58.407028,60.199570,30.353806
1998-09-09,60.916588,58.974667,59.034416,29.766327
1998-09-10,58.556404,56.494980,58.556404,29.525293
1998-09-11,60.498325,57.660133,60.498325,30.504454
1998-09-14,62.111614,61.006214,61.723232,31.122086
1998-09-15,62.470123,61.424473,62.141491,31.332983
1998-09-16,62.589626,61.275097,62.380497,31.453484
1998-09-17,61.304970,60.319073,60.587955,30.549658
1998-09-18,60.826962,59.392925,59.602055,30.052546
1998-09-21,61.484226,57.361378,61.275097,30.896120
1998-09-22,62.440250,61.036091,61.065968,30.790667
1998-09-23,63.575527,61.424473,63.127392,31.830074
1998-09-24,64.501671,62.260994,62.410374,31.468563
1998-09-25,63.904160,62.051865,63.814533,32.176559
1998-09-28,65.099190,63.187141,63.874283,32.206661
1998-09-29,64.113289,62.141491,62.828632,31.679434
1998-09-30,62.858509,61.006214,61.424473,30.971445
1998-10-01,60.438576,58.974667,59.930687,30.218245
1998-10-02,59.870937,56.853489,59.661808,30.082659
1998-10-05,59.153919,56.076721,57.480881,28.983006
1998-10-06,59.273422,56.763863,57.002869,28.741980
1998-10-07,58.735661,56.465103,57.719887,29.103510
1998-10-08,59.034416,55.837715,59.034416,29.766327
1998-10-09,61.155594,58.556404,60.856834,30.685236
1998-10-12,63.515774,61.932362,62.559750,31.543867
1998-10-13,62.380497,60.498325,61.275097,30.896120
1998-10-14,63.097515,60.797085,62.380497,31.453484
1998-10-15,66.324089,62.021988,65.248566,32.899620
1998-10-16,65.726578,64.441925,64.979683,32.764050
1998-10-19,66.831978,64.531548,66.622849,33.592560
1998-10-20,68.086761,65.248566,65.905830,33.231037
1998-10-21,68.684273,66.443596,68.206261,34.390961
1998-10-22,68.594643,66.742355,67.788002,34.180069
1998-10-23,68.564774,67.489243,67.668503,34.119823
1998-10-26,69.042786,66.951485,68.385513,34.481346
1998-10-27,70.178062,68.385513,69.012909,34.797676
1998-10-28,70.207932,68.744026,69.879303,35.234543
1998-10-29,71.462715,70.267685,71.104210,35.852158
1998-10-30,71.612091,70.506691,70.984703,35.791908
1998-11-02,71.552345,70.417068,70.924950,35.761753
1998-11-03,71.671844,70.357315,70.446938,35.520733
1998-11-04,71.582214,69.670174,70.685944,35.641262
1998-11-05,71.492592,70.178062,71.223709,35.912407
1998-11-06,72.149857,70.506691,71.671844,36.191807
1998-11-09,72.747368,71.671844,72.358986,36.538795
1998-11-10,74.928299,72.030357,74.569794,37.655163
1998-11-11,75.944077,74.808792,75.107552,37.926735
1998-11-12,76.422081,74.868546,75.466064,38.107777
1998-11-13,75.286804,74.450287,75.256927,38.002155
1998-11-16,76.332458,75.555687,76.183075,38.469814
1998-11-17,77.139099,75.525810,75.525810,38.137920
1998-11-18,76.302582,75.346558,76.003822,38.379295
1998-11-19,76.422081,75.585564,75.794693,38.273708
1998-11-20,76.541588,75.764816,76.541588,38.650833
1998-11-23,79.827919,76.750717,79.618790,40.204742
1998-11-24,79.917542,78.871895,78.991394,39.887932
1998-11-25,79.798042,78.573135,79.708412,40.249989
1998-11-27,81.351578,79.648659,81.261948,41.034473
1998-11-30,81.530830,78.812141,78.931641,39.857765
1998-12-01,81.261948,78.154877,81.202202,41.004314
1998-12-02,80.903442,78.752388,80.037048,40.415947
1998-12-03,80.963196,77.915871,78.154877,39.465511
1998-12-04,79.051147,77.557358,78.513382,39.646545
1998-12-07,80.395554,78.513382,79.917542,40.355618
1998-12-08,81.202202,78.901772,80.395554,40.596981
1998-12-09,81.232079,80.007172,80.993073,40.898720
1998-12-10,81.261948,78.274376,78.871895,39.827602
1998-12-11,80.515060,78.035370,80.305923,40.551708
1998-12-14,79.827919,77.796364,77.856117,39.314640
1998-12-15,79.260277,77.676865,78.871895,39.827602
1998-12-16,79.768166,78.543259,78.573135,39.676731
1998-12-17,81.082695,78.901772,79.379784,40.084053
1998-12-18,82.307602,79.648659,82.008842,41.411621
1998-12-21,85.534180,82.008842,84.309273,42.573280
1998-12-22,87.476097,83.771507,87.117592,43.991379
1998-12-23,88.611374,86.579826,88.432121,44.655182
1998-12-24,89.836281,87.983986,89.836281,45.364216
1998-12-28,90.792305,88.910133,90.463669,45.681026
1998-12-29,90.314293,89.388145,89.447899,45.168095
1998-12-30,90.164917,89.059509,89.268639,45.077568
1998-12-31,89.477776,87.715103,88.133362,44.504307
1999-01-04,89.149139,86.759079,87.476097,44.172405
1999-01-05,90.762428,87.386475,90.642921,45.771545
1999-01-06,92.136711,90.105164,90.224663,45.560333
1999-01-07,91.957458,89.388145,90.911804,45.907314
1999-01-08,91.778206,88.730881,89.657028,45.273689
1999-01-11,90.553299,89.388145,90.463669,45.681026
1999-01-12,90.822182,87.954109,88.461998,44.670246
1999-01-13,89.597275,85.803062,88.671127,44.775864
1999-01-14,88.402245,85.504303,86.340820,43.599121
1999-01-15,88.671127,86.639580,88.402245,44.640079
1999-01-19,92.017204,88.671127,91.897705,46.405170
1999-01-20,95.243790,92.076958,92.973228,46.948269
1999-01-21,94.765778,91.808075,94.168259,47.551723
1999-01-22,88.671127,84.906792,85.922562,43.387936
1999-01-25,87.296844,82.934990,86.998085,43.931038
1999-01-26,89.149139,86.938339,88.730881,44.806034
1999-01-27,89.298515,84.996414,85.235420,43.040939
1999-01-28,86.669456,84.876915,85.414673,43.131458
1999-01-29,87.924232,85.325050,87.595604,44.232746
1999-02-01,88.193115,85.803062,85.922562,43.387936
1999-02-02,86.370697,83.652008,84.488525,42.663773
1999-02-03,84.608032,82.725861,83.771507,42.301743
1999-02-04,84.369026,80.903442,81.052818,40.928886
1999-02-05,81.739960,78.662766,79.349907,40.068958
1999-02-08,80.724190,77.975624,79.827919,40.363842
1999-02-09,81.022942,77.318359,77.796364,39.336605
1999-02-10,80.724190,77.676865,80.724190,40.817013
1999-02-11,85.474426,80.365677,85.325050,43.143391
1999-02-12,84.249519,81.829590,82.576485,41.753597
1999-02-16,85.205544,82.188095,82.456978,41.693192
1999-02-17,83.323372,80.694313,81.500954,41.209782
1999-02-18,83.413002,81.351578,83.293503,42.116150
1999-02-19,83.532501,81.739960,82.038719,41.481686
1999-02-22,85.056168,81.769836,85.056168,43.007427
1999-02-23,86.042068,84.010513,84.578156,42.765732
1999-02-24,85.892685,82.755737,83.054497,41.995323
1999-02-25,83.144119,80.933319,82.994743,41.965084
1999-02-26,82.158218,79.588913,81.142448,41.028530
1999-03-01,81.022942,78.931641,80.485184,40.696167
1999-03-02,81.710083,79.768166,80.186424,40.545094
1999-03-03,80.754066,78.901772,79.708412,40.303410
1999-03-04,84.608032,81.321701,81.739960,41.330620
1999-03-05,85.534180,83.054497,85.265297,43.113167
1999-03-08,86.042068,84.637909,85.504303,43.234016
1999-03-09,88.372368,85.354927,87.087715,44.034641
1999-03-10,87.416351,86.161568,86.759079,43.868488
1999-03-11,88.880257,86.759079,87.416351,44.200813
1999-03-12,87.685226,85.086044,85.086044,43.022533
1999-03-15,87.147469,84.667786,86.998085,43.989326
1999-03-16,87.715103,86.131691,86.520073,43.747639
1999-03-17,86.042068,85.086044,85.115921,43.037643
1999-03-18,84.966537,82.666107,84.906792,42.931889
1999-03-19,85.086044,80.305923,80.574806,40.741497
1999-03-22,81.500954,79.648659,79.827919,40.363842
1999-03-23,80.126671,78.393883,79.051147,39.971069
1999-03-24,81.500954,79.588913,81.022942,40.968079
1999-03-25,82.815491,81.022942,81.889343,41.406162
1999-03-26,84.070267,81.530830,82.397224,41.662975
1999-03-29,85.444550,83.353249,85.026291,42.992310
1999-03-30,86.639580,84.548279,85.354927,43.158512
1999-03-31,86.759079,84.369026,84.727531,42.841244
1999-04-01,84.936661,83.502632,84.608032,42.780842
1999-04-05,87.924232,85.354927,87.924232,44.457626
1999-04-06,89.268639,87.087715,87.476097,44.231033
1999-04-07,89.686905,85.593925,89.149139,45.076977
1999-04-08,89.896034,87.147469,89.388145,45.197830
1999-04-09,89.896034,87.954109,89.059509,45.031662
1999-04-12,87.774857,86.549950,87.685226,44.336792
1999-04-13,87.954109,86.012192,86.042068,43.505913
1999-04-14,87.894356,84.906792,85.743309,43.354874
1999-04-15,85.803062,82.934990,84.966537,42.962074
1999-04-16,84.847038,81.321701,81.441208,41.179558
1999-04-19,82.367355,78.423759,79.708412,40.303410
1999-04-20,81.142448,77.915871,81.142448,41.028530
1999-04-21,82.158218,78.931641,82.158218,41.542126
1999-04-22,95.004784,92.106834,92.973228,47.010563
1999-04-23,98.739243,92.226341,95.482796,48.279507
1999-04-26,100.740921,96.707695,100.322655,50.726696
1999-04-27,102.891968,99.665390,101.338432,51.240299
1999-04-28,100.621414,97.275337,97.992355,49.548412
1999-04-29,99.904396,97.245461,97.902725,49.503128
1999-04-30,100.860420,97.245461,99.994026,50.560551
1999-05-03,101.457932,98.619743,101.457932,51.300728
1999-05-04,103.190727,101.039673,101.338432,51.240299
1999-05-05,101.577438,99.097755,101.398186,51.270542
1999-05-06,102.294456,99.426384,100.023903,50.632908
1999-05-07,103.967499,100.890297,103.847992,52.568714
1999-05-10,106.058792,103.758362,104.505257,52.901459
1999-05-11,106.058792,103.967499,105.640533,53.476120
1999-05-12,109.195747,103.011475,107.791588,54.565006
1999-05-13,117.590820,111.854683,117.590820,59.525475
1999-05-14,116.395790,112.810707,114.364243,57.892101
1999-05-17,114.543503,110.898659,113.527725,57.468670
1999-05-18,115.021507,113.288719,114.005737,57.710648
1999-05-19,114.125237,111.406548,112.750954,57.075485
1999-05-20,112.989960,111.137665,111.316925,56.349556
1999-05-21,111.555923,109.554253,110.121895,55.744625
1999-05-24,110.271271,105.999046,106.955070,54.141563
1999-05-25,108.030594,105.640533,105.730164,53.521515
1999-05-26,113.109467,105.849663,112.930206,57.166214
1999-05-27,111.735184,107.672081,110.898659,56.137840
1999-05-28,111.615677,109.165871,110.898659,56.137840
1999-06-01,108.867111,106.297798,107.074570,54.202053
1999-06-02,109.584129,104.624763,108.747612,55.048946
1999-06-03,110.241394,106.656311,107.970840,54.655708
1999-06-04,110.898659,107.492828,110.898659,56.137840
1999-06-07,116.336044,112.332695,115.200768,58.315594
1999-06-08,114.603249,110.958412,111.496178,56.440281
1999-06-09,115.559273,111.436424,111.854683,56.621765
1999-06-10,111.615677,108.329353,110.181641,55.774853
1999-06-11,111.376671,107.612335,109.285370,55.321167
1999-06-14,110.898659,108.986618,110.420647,55.895840
1999-06-15,113.109467,109.703636,110.779160,56.077339
1999-06-16,116.156792,113.647224,115.380020,58.406345
1999-06-17,116.634796,113.766731,114.902008,58.164356
1999-06-18,116.097038,114.483749,115.439774,58.436550
1999-06-21,120.219887,117.232315,119.263863,60.372345
1999-06-22,122.131927,117.590820,117.949333,59.706936
1999-06-23,118.726097,116.395790,117.531075,59.495209
1999-06-24,118.965103,116.216537,117.172562,59.313736
1999-06-25,120.219887,117.710327,117.710327,59.585976
1999-06-28,119.204109,116.814056,117.172562,59.313736
1999-06-29,119.801628,117.351814,119.144356,60.311867
1999-06-30,126.195030,118.905357,123.565964,62.550125
1999-07-01,125.537766,122.370934,125.239006,63.397015
1999-07-02,126.434036,123.804970,126.434036,64.001968
1999-07-06,127.987572,125.059753,125.239006,63.397015
1999-07-07,127.629066,124.880501,126.971794,64.274193
1999-07-08,129.541107,126.314529,128.107071,64.848862
1999-07-09,131.393402,127.987572,131.333649,66.482178
1999-07-12,132.588425,129.421600,131.751907,66.693924
1999-07-13,133.066437,129.780121,131.811661,66.724136
1999-07-14,132.409180,130.198380,131.214142,66.421707
1999-07-15,132.050674,128.585083,130.317871,65.967972
1999-07-16,131.453156,129.421600,130.258133,65.937744
1999-07-19,132.767685,127.808319,128.704590,65.151321
1999-07-20,126.314529,120.518639,122.609940,62.066193
1999-07-21,124.043976,121.295410,123.326958,62.429119
1999-07-22,122.848946,118.068832,118.427345,59.948902
1999-07-23,119.921127,117.232315,119.323616,60.402626
1999-07-26,119.622368,117.351814,117.590820,59.525475
1999-07-27,120.936905,118.128586,120.697899,61.098274
1999-07-28,123.028206,120.279640,122.729446,62.126682
1999-07-29,121.056404,119.144356,119.861374,60.674828
1999-07-30,121.116158,118.905357,120.160133,60.826057
1999-08-02,120.458893,116.455544,116.873802,59.162487
1999-08-03,117.710327,112.989960,114.125237,57.771118
1999-08-04,116.515297,112.870461,113.288719,57.347679
1999-08-05,118.546844,112.392448,117.770073,59.616199
1999-08-06,121.414917,115.678780,118.068832,59.825714
1999-08-09,118.965103,115.798279,116.814056,59.189926
1999-08-10,117.112808,113.706978,114.065491,57.797192
1999-08-11,118.307838,114.543503,117.889580,59.734852
1999-08-12,118.367592,115.678780,115.798279,58.675232
1999-08-13,119.024857,116.634796,117.949333,59.765163
1999-08-16,122.251434,119.024857,121.773422,61.702812
1999-08-17,122.908699,120.996651,122.848946,62.247799
1999-08-18,123.924477,118.068832,118.427345,60.007389
1999-08-19,119.383362,115.917786,117.531075,59.553207
1999-08-20,118.905357,115.738525,116.395790,58.977985
1999-08-23,119.383362,116.933556,118.965103,60.279846
1999-08-24,118.188339,115.678780,116.634796,59.099083
1999-08-25,118.606598,115.559273,116.993309,59.280727
1999-08-26,120.339386,116.694550,117.531075,59.553207
1999-08-27,119.682121,117.351814,118.546844,60.067932
1999-08-30,120.100380,117.292068,117.770073,59.674320
1999-08-31,120.458893,117.471321,119.084610,60.340393
1999-09-01,122.848946,119.980881,121.653923,61.642284
1999-09-02,121.175911,118.785851,120.339386,60.976208
1999-09-03,124.043976,122.370934,123.192520,62.421886
1999-09-07,126.852295,122.729446,126.195030,63.943253
1999-09-08,128.047318,124.940247,125.000000,63.337749
1999-09-09,130.497131,125.836517,128.824097,65.275436
1999-09-10,131.632416,128.465576,129.063095,65.396492
1999-09-13,129.600861,126.195030,126.553535,64.124947
1999-09-14,127.688812,126.135277,127.449806,64.579048
1999-09-15,129.063095,126.135277,126.135277,63.912975
1999-09-16,126.553535,123.864723,124.282982,62.974419
1999-09-17,125.657265,118.307838,119.861374,60.733982
1999-09-20,125.119499,120.458893,124.402489,63.034992
1999-09-21,123.924477,120.697899,121.534416,61.581711
1999-09-22,121.653923,118.905357,119.682121,60.643154
1999-09-23,122.191681,116.097038,116.634796,59.099083
1999-09-24,119.502869,115.141014,119.502869,60.552311
1999-09-27,121.235657,116.037285,117.590820,59.583492
1999-09-28,119.263863,116.336044,118.068832,59.825714
1999-09-29,117.411568,114.722755,114.782501,58.160503
1999-09-30,116.873802,114.364243,115.678780,58.614670
1999-10-01,115.738525,110.420647,112.571701,57.040260
1999-10-04,114.722755,111.615677,114.603249,58.069672
1999-10-05,117.829826,113.826485,116.634796,59.099083
1999-10-06,117.351814,113.826485,113.945984,57.736633
1999-10-07,113.945984,110.002388,111.257172,56.374241
1999-10-08,110.002388,106.178299,108.508606,54.981544
1999-10-11,111.555923,108.150093,109.225624,55.344830
1999-10-12,109.823135,105.162521,105.162521,53.286057
1999-10-13,105.999046,100.382408,100.442162,50.894245
1999-10-14,102.533463,100.083649,102.294456,51.832806
1999-10-15,104.086998,99.306885,103.130974,52.256638
1999-10-18,104.206497,100.083649,102.294456,51.832806
1999-10-19,103.728493,100.800667,102.413956,51.893356
1999-10-20,108.090347,102.294456,102.294456,51.832806
1999-10-21,88.910133,85.086044,86.998085,44.082092
1999-10-22,90.463669,88.432121,89.806404,45.505074
1999-10-25,90.941681,88.073616,89.746651,45.474796
1999-10-26,91.778206,90.463669,91.300194,46.261993
1999-10-27,91.359940,88.730881,88.910133,45.050941
1999-10-28,91.120934,90.105164,90.762428,45.989491
1999-10-29,94.646271,92.017204,93.929253,47.594120
1999-11-01,94.467018,92.136711,92.495216,46.867489
1999-11-02,92.554970,89.567398,90.642921,45.928955
1999-11-03,91.718452,89.388145,90.224663,45.717014
1999-11-04,90.284416,86.042068,87.535851,44.354580
1999-11-05,88.850380,86.221321,86.281075,43.718781
1999-11-08,89.806404,86.520073,89.806404,45.565674
1999-11-09,91.300194,88.073616,89.507645,45.414093
1999-11-10,92.793976,89.985657,92.734222,47.051170
1999-11-11,93.212234,90.702675,90.822182,46.081070
1999-11-12,92.017204,88.910133,91.658699,46.505470
1999-11-15,92.136711,89.746651,89.925911,45.626301
1999-11-16,90.822182,88.910133,90.463669,45.899147
1999-11-17,90.702675,88.551628,89.627151,45.474693
1999-11-18,93.929253,89.447899,93.690247,47.536213
1999-11-19,100.501915,94.048759,99.366638,50.416306
1999-11-22,103.668739,99.844643,103.130974,52.326214
1999-11-23,105.043022,101.338432,101.398186,51.447067
1999-11-24,100.382408,97.335083,99.904396,50.689167
1999-11-26,101.338432,99.545891,100.382408,50.931648
1999-11-29,100.322655,98.828873,99.605644,50.537586
1999-11-30,99.904396,97.633842,98.530113,49.991852
1999-12-01,99.844643,97.753349,98.873688,50.166195
1999-12-02,101.637192,98.828873,100.636353,51.060535
1999-12-03,107.911087,103.190727,106.955070,54.266502
1999-12-06,111.376671,107.552582,110.898659,56.267384
1999-12-07,113.945984,110.360901,111.496178,56.570534
1999-12-08,115.678780,110.420647,113.079590,57.373943
1999-12-09,116.754303,107.313576,108.389099,54.994099
1999-12-10,107.014816,102.832214,104.206497,52.871918
1999-12-13,107.791588,101.876198,104.878708,53.213001
1999-12-14,105.341782,102.174950,104.445503,52.993206
1999-12-15,103.190727,99.904396,102.294456,51.901821
1999-12-16,104.863770,101.099426,104.385757,52.962868
1999-12-17,106.178299,103.847992,105.162521,53.357002
1999-12-20,105.580788,103.011475,104.400696,52.970486
1999-12-21,105.282028,103.310226,105.282028,53.417641
1999-12-22,105.461281,103.250481,103.250481,52.386868
1999-12-23,105.580788,103.429733,103.847992,52.690048
1999-12-27,105.162521,103.369980,104.923515,53.235748
1999-12-28,105.879539,104.266251,104.983269,53.266045
1999-12-29,105.640533,103.967499,104.206497,52.871918
1999-12-30,105.640533,103.788239,103.967499,52.750668
1999-12-31,104.684509,101.935944,103.130974,52.326214
2000-01-03,110.898659,106.955070,110.898659,56.267384
2000-01-04,109.464630,105.999046,107.134323,54.357433
2000-01-05,114.483749,107.194077,110.898659,56.267384
2000-01-06,113.706978,108.508606,108.986618,55.297256
2000-01-07,112.750954,105.760040,108.508606,55.054733
2000-01-10,114.125237,110.301147,112.810707,57.237499
2000-01-11,115.798279,111.496178,113.766731,57.722572
2000-01-12,116.634796,113.049713,114.244743,57.965111
2000-01-13,115.678780,110.659653,113.049713,57.358765
2000-01-14,117.889580,112.332695,114.364243,58.025711
2000-01-18,114.483749,109.942642,110.659653,56.146095
2000-01-19,116.634796,107.731834,114.244743,57.965111
2000-01-20,119.263863,113.766731,113.766731,57.722572
2000-01-21,117.590820,114.663002,116.156792,58.935215
2000-01-24,117.471321,111.436424,116.156792,58.935215
2000-01-25,114.244743,110.898659,113.886230,57.783207
2000-01-26,114.663002,110.898659,111.615677,56.631180
2000-01-27,113.228966,106.716064,108.508606,55.054733
2000-01-28,109.165871,105.222275,106.656311,54.114925
2000-01-31,107.851341,104.804016,107.313576,54.448406
2000-02-01,108.448853,104.326004,105.162521,53.357002
2000-02-02,110.719406,105.521034,108.508606,55.054733
2000-02-03,112.332695,109.046364,111.974190,56.813084
2000-02-04,113.228966,109.763382,110.540154,56.085499
2000-02-07,111.735184,108.150093,109.106117,55.357891
2000-02-08,113.766731,111.077919,113.587479,57.692284
2000-02-09,114.483749,111.854683,112.213196,56.994278
2000-02-10,113.886230,111.735184,113.886230,57.844036
2000-02-11,114.184990,109.524376,110.301147,56.023129
2000-02-14,111.257172,109.464630,110.958412,56.356976
2000-02-15,112.272942,108.867111,111.974190,56.872887
2000-02-16,112.153442,110.181641,110.659653,56.205196
2000-02-17,113.647224,110.659653,111.615677,56.690784
2000-02-18,110.838913,106.596558,107.552582,54.627083
2000-02-22,108.448853,103.967499,106.118546,53.898743
2000-02-23,105.640533,103.728493,103.967499,52.806183
2000-02-24,106.118546,103.429733,105.640533,53.655952
2000-02-25,105.043022,100.322655,103.250481,52.442005
2000-02-28,101.816444,99.366638,99.904396,50.742519
2000-02-29,100.920174,96.498566,98.231361,49.892776
2000-03-01,100.860420,95.662048,95.841301,48.678799
2000-03-02,100.800667,95.124283,98.589867,50.074844
2000-03-03,105.162521,101.398186,103.250481,52.442005
2000-03-06,106.118546,96.558319,98.530113,50.044468
2000-03-07,102.294456,97.215584,98.470360,50.014133
2000-03-08,102.174950,98.231361,101.577438,51.592258
2000-03-09,103.250481,99.545891,103.250481,52.442005
2000-03-10,104.206497,100.382408,100.621414,51.106667
2000-03-13,104.206497,97.992355,102.951721,52.290283
2000-03-14,105.162521,102.652962,103.847992,52.745506
2000-03-15,103.489487,101.457932,102.294456,51.956451
2000-03-16,104.983269,103.130974,104.206497,52.927570
2000-03-17,106.775810,102.951721,105.162521,53.413158
2000-03-20,108.389099,105.102776,107.791588,54.748478
2000-03-21,109.643883,107.014816,108.508606,55.112675
2000-03-22,110.301147,108.867111,109.225624,55.476860
2000-03-23,110.779160,106.716064,110.181641,55.962391
2000-03-24,116.873802,110.002388,115.320267,58.572392
2000-03-27,122.609940,119.144356,121.295410,61.607227
2000-03-28,121.414917,116.694550,117.112808,59.482845
2000-03-29,117.053062,113.288719,113.766731,57.783337
2000-03-30,117.590820,113.467972,117.351814,59.604233
2000-03-31,118.307838,111.914436,113.169212,57.479843
2000-04-03,116.993309,114.184990,116.634796,59.240063
2000-04-04,121.355164,110.002388,115.858032,58.845528
2000-04-05,120.219887,114.483749,119.502869,60.696754
2000-04-06,122.370934,117.232315,117.351814,59.604233
2000-04-07,120.160133,116.156792,117.710327,59.786324
2000-04-10,119.861374,116.216537,116.754303,59.300709
2000-04-11,116.276291,112.631454,114.125237,57.965416
2000-04-12,114.364243,106.775810,108.747612,55.234085
2000-04-13,109.285370,105.162521,105.760040,53.716663
2000-04-14,107.791588,98.350861,100.382408,50.985260
2000-04-17,107.313576,98.769119,106.955070,54.323616
2000-04-18,110.062141,105.222275,106.596558,54.141525
2000-04-19,104.923515,98.291107,100.382408,50.985260
2000-04-20,100.621414,97.574089,99.426384,50.499725
2000-04-24,102.473709,96.797325,101.816444,51.713638
2000-04-25,108.030594,101.756691,107.552582,54.627083
2000-04-26,108.926865,104.206497,105.640533,53.655952
2000-04-27,108.150093,103.907745,105.760040,53.716663
2000-04-28,107.731834,105.282028,106.596558,54.141525
2000-05-01,108.209846,105.580788,107.074570,54.384312
2000-05-02,108.628105,105.819794,106.477058,54.080818
2000-05-03,106.238052,101.876198,103.369980,52.502712
2000-05-04,104.385757,102.473709,102.891968,52.259922
2000-05-05,104.804016,101.816444,103.130974,52.381306
2000-05-08,105.521034,102.891968,104.923515,53.356083
2000-05-09,105.760040,103.489487,104.206497,52.991432
2000-05-10,101.039673,97.574089,98.470360,50.074482
2000-05-11,102.772469,98.649620,99.844643,50.773357
2000-05-12,101.099426,98.709366,99.844643,50.773357
2000-05-15,100.262909,97.514343,99.605644,50.651825
2000-05-16,104.445503,100.382408,104.206497,52.991432
2000-05-17,104.086998,101.457932,103.130974,52.444500
2000-05-18,102.593208,100.083649,101.398186,51.563366
2000-05-19,102.772469,100.382408,101.756691,51.745647
2000-05-22,104.445503,98.888626,104.445503,53.112999
2000-05-23,105.162521,102.413956,102.652962,52.201435
2000-05-24,105.162521,99.605644,104.804016,53.295296
2000-05-25,107.313576,101.696938,101.816444,51.776031
2000-05-26,102.473709,99.964149,102.234703,51.988735
2000-05-30,106.118546,102.951721,106.058792,53.933353
2000-05-31,105.879539,102.473709,102.593208,52.171059
2000-06-01,104.146751,100.860420,101.338432,51.532948
2000-06-02,104.923515,102.891968,104.027245,52.900295
2000-06-05,109.165871,103.668739,107.851341,54.844933
2000-06-06,109.584129,106.357552,107.433075,54.632229
2000-06-07,116.395790,106.596558,115.678780,58.825363
2000-06-08,116.933556,112.332695,114.483749,58.217663
2000-06-09,115.439774,113.647224,114.423996,58.187302
2000-06-12,115.141014,113.617355,113.617355,57.777088
2000-06-13,114.663002,111.615677,114.065491,58.004967
2000-06-14,114.722755,110.420647,110.898659,56.394573
2000-06-15,113.766731,110.779160,111.675430,56.789566
2000-06-16,112.511948,108.269600,108.269600,55.057632
2000-06-19,115.081261,108.269600,115.081261,58.521526
2000-06-20,115.380020,110.301147,111.257172,56.576889
2000-06-21,110.838913,108.508606,109.464630,55.665340
2000-06-22,109.285370,106.357552,106.895317,54.358772
2000-06-23,108.628105,105.939293,106.955070,54.389160
2000-06-26,110.659653,107.911087,109.375000,55.619755
2000-06-27,107.851341,103.967499,104.923515,53.356083
2000-06-28,110.121895,105.043022,108.777489,55.315899
2000-06-29,109.345123,105.222275,108.986618,55.422276
2000-06-30,108.209846,103.847992,104.744263,53.264919
2000-07-03,105.043022,103.549232,104.684509,53.234539
2000-07-05,100.979927,96.677818,100.382408,51.046776
2000-07-06,100.501915,95.602295,96.797325,49.223713
2000-07-07,100.442162,97.155830,100.442162,51.077194
2000-07-10,100.322655,98.350861,98.769119,50.226391
2000-07-11,99.426384,96.558319,97.514343,49.588318
2000-07-12,101.218925,98.111855,100.023903,50.864521
2000-07-13,101.278679,97.514343,99.426384,50.560654
2000-07-14,100.262909,98.589867,99.366638,50.530273
2000-07-17,103.130974,99.605644,100.860420,51.289909
2000-07-18,100.203156,98.111855,98.769119,50.226391
2000-07-19,104.684509,96.558319,103.967499,52.869900
2000-07-20,112.631454,106.835564,112.093689,57.002281
2000-07-21,111.854683,108.747612,109.703636,55.786884
2000-07-24,110.540154,106.716064,107.552582,54.692989
2000-07-25,108.389099,105.401527,107.074570,54.449928
2000-07-26,107.433075,104.086998,105.043022,53.416813
2000-07-27,106.596558,104.505257,105.461281,53.629528
2000-07-28,107.552582,104.086998,106.895317,54.358772
2000-07-31,108.687859,105.222275,107.313576,54.571487
2000-08-01,107.492828,105.401527,105.640533,53.720688
2000-08-02,109.823135,105.879539,109.225624,55.543800
2000-08-03,111.376671,107.373329,110.898659,56.394573
2000-08-04,111.376671,109.285370,110.779160,56.333801
2000-08-07,113.766731,110.719406,111.197418,56.546497
2000-08-08,114.364243,110.480400,113.647224,57.856937
2000-08-09,115.499519,113.527725,113.527725,57.796093
2000-08-10,114.961761,112.691208,114.483749,58.282818
2000-08-11,116.455544,113.945984,115.320267,58.708660
2000-08-14,118.248085,114.065491,117.829826,59.986305
2000-08-15,117.232315,115.439774,116.634796,59.377899
2000-08-16,117.531075,114.244743,116.993309,59.560398
2000-08-17,117.411568,114.244743,117.112808,59.621246
2000-08-18,117.949333,114.842255,115.141014,58.617420
2000-08-21,116.814056,114.782501,116.097038,59.104130
2000-08-22,116.814056,115.678780,116.037285,59.073711
2000-08-23,118.307838,114.603249,117.829826,59.986305
2000-08-24,119.921127,117.292068,119.323616,60.746777
2000-08-25,124.163483,118.785851,123.326958,62.784824
2000-08-28,127.330307,124.043976,125.717018,64.001595
2000-08-29,128.346085,125.239006,127.031548,64.670815
2000-08-30,125.717018,123.864723,124.581741,63.423637
2000-08-31,128.286331,125.836517,126.209969,64.252571
2000-09-01,129.003342,126.792542,127.748566,65.035820
2000-09-05,127.449806,125.059753,125.418259,63.849487
2000-09-06,128.943588,124.641495,125.657265,63.971123
2000-09-07,128.585083,126.075523,127.509560,64.914139
2000-09-08,127.091301,123.685471,123.804970,63.028164
2000-09-11,122.609940,118.188339,119.024857,60.594658
2000-09-12,121.295410,118.606598,119.502869,60.838036
2000-09-13,123.147705,117.351814,122.072182,62.146027
2000-09-14,123.506210,120.757645,121.295410,61.750568
2000-09-15,121.653923,119.263863,119.502869,60.838036
2000-09-18,120.458893,117.650574,117.829826,59.986305
2000-09-19,120.697899,117.172562,119.443115,60.807571
2000-09-20,120.996651,118.068832,119.263863,60.716328
2000-09-21,121.116158,114.722755,116.156792,59.134567
2000-09-22,118.845604,115.977531,118.427345,60.290455
2000-09-25,121.056404,115.678780,117.590820,59.864586
2000-09-26,116.515297,113.169212,113.886230,57.978634
2000-09-27,115.021507,110.420647,112.810707,57.431126
2000-09-28,113.647224,109.942642,110.181641,56.092636
2000-09-29,111.794930,105.401527,107.672081,54.815025
2000-10-02,114.364243,107.672081,112.631454,57.339809
2000-10-03,114.125237,105.162521,105.700287,53.811203
2000-10-04,109.823135,103.788239,109.345123,55.666767
2000-10-05,109.524376,106.656311,108.209846,55.088837
2000-10-06,111.018166,107.791588,110.898659,56.457661
2000-10-09,114.125237,109.285370,112.750954,57.400661
2000-10-10,111.974190,107.492828,109.823135,55.910130
2000-10-11,107.970840,102.772469,107.074570,54.510860
2000-10-12,109.345123,98.589867,98.589867,50.191364
2000-10-13,105.580788,99.605644,104.266251,53.081158
2000-10-16,108.150093,103.788239,106.238052,54.084999
2000-10-17,108.867111,103.788239,108.030594,54.997559
2000-10-18,94.765778,86.281075,91.240440,46.449818
2000-10-19,94.168259,88.611374,92.196465,46.936527
2000-10-20,92.017204,90.045410,90.583176,46.115211
2000-10-23,90.822182,87.057838,88.790634,45.202637
2000-10-24,90.224663,86.221321,87.416351,44.503014
2000-10-25,86.938339,83.114243,83.711761,42.617031
2000-10-26,88.790634,83.771507,88.671127,45.141792
2000-10-27,89.567398,86.998085,89.567398,45.598080
2000-10-30,89.627151,86.340820,89.208893,45.415573
2000-10-31,94.765778,89.627151,94.168259,47.940365
2000-11-01,95.482796,92.973228,94.228012,47.970760
2000-11-02,97.813095,94.168259,97.454590,49.613388
2000-11-03,98.111855,95.004784,95.721794,48.731243
2000-11-06,97.872849,95.064529,95.901054,48.822506
2000-11-07,98.948372,96.259560,97.813095,49.795914
2000-11-08,99.187378,94.885277,95.602295,48.732319
2000-11-09,95.602295,91.479446,95.064529,48.458195
2000-11-10,94.048759,88.910133,88.910133,45.321053
2000-11-13,95.064529,87.595604,93.152489,47.483543
2000-11-14,95.482796,94.168259,95.124283,48.488644
2000-11-15,95.662048,93.331741,95.004784,48.427761
2000-11-16,95.303535,93.929253,93.929253,47.879509
2000-11-17,97.992355,93.929253,97.454590,49.676502
2000-11-20,98.709366,96.438812,98.709366,50.316147
2000-11-21,99.784897,94.168259,94.168259,48.001347
2000-11-22,96.379066,93.989006,94.168259,48.001347
2000-11-24,97.275337,94.885277,95.542542,48.701874
2000-11-27,97.514343,94.108505,94.108505,47.970894
2000-11-28,96.319313,93.092735,93.570747,47.696762
2000-11-29,95.542542,92.435471,95.423042,48.640957
2000-11-30,93.690247,88.193115,89.388145,45.564705
2000-12-01,94.945030,90.224663,91.419693,46.600292
2000-12-04,94.825523,91.539200,94.048759,47.940414
2000-12-05,100.143402,95.243790,98.828873,50.377037
2000-12-06,97.335083,90.642921,92.495216,47.148518
2000-12-07,91.718452,89.029640,89.029640,45.382000
2000-12-08,94.646271,91.539200,92.734222,47.270359
2000-12-11,93.929253,89.627151,90.822182,46.295719
2000-12-12,91.897705,88.432121,89.746651,45.747459
2000-12-13,92.375717,86.699333,87.237091,44.468254
2000-12-14,89.567398,87.774857,88.372368,45.046944
2000-12-15,86.699333,83.472755,83.950768,42.793079
2000-12-18,86.520073,84.488525,86.520073,44.102749
2000-12-19,90.284416,85.862808,86.161568,43.920017
2000-12-20,84.130020,81.082695,82.217972,41.909809
2000-12-21,84.070267,76.541588,77.975624,39.747307
2000-12-22,85.444550,80.783936,85.086044,43.371773
2000-12-26,85.623802,80.544930,81.082695,41.331089
2000-12-27,84.249519,79.887665,80.963196,41.270187
2000-12-28,84.309273,78.513382,81.500954,41.544315
2000-12-29,83.114243,80.544930,81.261948,41.422466
2001-01-02,83.652008,80.425430,81.082695,41.331089
2001-01-03,90.822182,80.066925,90.463669,46.112957
2001-01-04,95.363289,88.611374,89.089386,45.412437
2001-01-05,90.523422,86.998085,89.866158,45.808384
2001-01-08,89.806404,87.535851,89.447899,45.595184
2001-01-09,91.539200,87.416351,88.491875,45.107864
2001-01-10,90.762428,87.655357,89.328392,45.534267
2001-01-11,90.105164,87.237091,89.567398,45.656086
2001-01-12,92.196465,88.312622,89.686905,45.716995
2001-01-16,89.866158,87.774857,88.671127,45.199230
2001-01-17,93.451241,90.164917,92.435471,47.118065
2001-01-18,105.162521,98.948372,103.549232,52.783199
2001-01-19,108.926865,102.533463,106.357552,54.214722
2001-01-22,105.102776,103.429733,103.788239,52.905037
2001-01-23,105.102776,102.891968,104.266251,53.148693
2001-01-24,106.536804,104.146751,105.580788,53.818783
2001-01-25,106.238052,104.624763,105.879539,53.971046
2001-01-26,110.181641,104.385757,109.165871,55.646236
2001-01-29,110.420647,107.523903,109.923515,56.032425
2001-01-30,111.615677,108.413002,111.481834,56.826775
2001-01-31,111.615677,107.074570,107.074570,54.580208
2001-02-01,109.311661,106.309753,109.034416,55.579227
2001-02-02,108.977058,104.780113,105.420647,53.737144
2001-02-05,107.648186,104.493309,107.284897,54.687397
2001-02-06,110.602295,106.309753,109.168259,55.647415
2001-02-07,112.428299,107.715103,111.768639,57.037914
2001-02-08,113.001915,109.015297,109.082214,55.666977
2001-02-09,109.933075,106.118546,107.074570,54.642414
2001-02-12,110.630974,105.449333,109.847038,56.057270
2001-02-13,112.217972,108.097511,108.747612,55.496197
2001-02-14,111.061188,107.552582,110.038239,56.154831
2001-02-15,113.422562,111.261948,111.644356,56.974472
2001-02-16,110.659653,108.929253,109.942642,56.106033
2001-02-20,110.516251,105.908218,106.596558,54.398468
2001-02-21,106.596558,102.571701,102.782028,52.451855
2001-02-22,106.022942,98.833649,104.110901,53.129997
2001-02-23,102.772469,95.841301,99.426384,50.739376
2001-02-26,101.147224,97.351814,100.669212,51.373631
2001-02-27,102.170174,98.049713,98.078392,50.051476
2001-02-28,98.986618,94.741875,95.506691,48.739075
2001-03-01,101.720840,93.212234,101.386230,51.739540
2001-03-02,102.915871,96.500954,97.801147,49.910030
2001-03-05,100.956024,98.126198,100.296364,51.183361
2001-03-06,103.632889,100.621414,101.338432,51.715149
2001-03-07,103.489487,101.013382,102.820267,52.471340
2001-03-08,102.619499,100.736137,101.787766,51.944447
2001-03-09,100.391968,93.594643,94.923515,48.441490
2001-03-12,94.072655,90.841301,91.290634,46.587524
2001-03-13,94.110901,90.057358,94.063095,48.002373
2001-03-14,94.550667,89.235184,90.783936,46.328960
2001-03-15,93.565964,90.984703,91.357552,46.621685
2001-03-16,89.770554,84.321220,86.137665,43.957855
2001-03-19,88.718925,85.277245,88.527725,45.177513
2001-03-20,87.982796,84.225624,84.416824,43.079666
2001-03-21,87.571701,83.891014,85.162521,43.460247
2001-03-22,86.998085,83.795410,85.181641,43.470016
2001-03-23,90.812622,86.319313,89.397705,45.621544
2001-03-26,91.453156,89.627151,91.204590,46.543625
2001-03-27,95.602295,89.837479,95.124283,48.543907
2001-03-28,94.120461,90.105164,90.258125,46.060619
2001-03-29,92.801147,90.114723,90.860420,46.367992
2001-03-30,93.269600,90.956024,91.950287,46.924168
2001-04-02,93.785851,89.464630,90.497131,46.182594
2001-04-03,90.487572,86.137665,86.414917,44.099354
2001-04-04,89.913956,86.089867,87.954109,44.884834
2001-04-05,95.602295,91.328873,93.891014,47.914570
2001-04-06,95.602295,92.160614,93.642448,47.787704
2001-04-09,94.397705,89.674950,91.778206,46.836349
2001-04-10,95.506691,92.313576,94.694077,48.324390
2001-04-11,97.456978,91.586998,93.145317,47.534023
2001-04-12,93.212234,90.965584,91.969406,46.933941
2001-04-16,95.497131,91.013382,92.495216,47.202251
2001-04-17,95.487572,92.734222,95.315491,48.641502
2001-04-18,105.162521,97.801147,101.816444,51.959076
2001-04-19,110.803062,105.592735,109.435944,55.847454
2001-04-20,111.281075,108.747612,109.780113,56.023113
2001-04-23,109.034416,106.768639,107.074570,54.642414
2001-04-24,109.703636,107.361374,107.715103,54.969284
2001-04-25,109.799232,107.065010,109.799232,56.032871
2001-04-26,111.567879,108.680687,108.738052,55.491299
2001-04-27,111.759079,109.512428,111.089867,56.691479
2001-04-30,112.858505,109.674950,110.076485,56.174351
2001-05-01,113.432121,109.847038,113.298279,57.818493
2001-05-02,113.718925,108.738052,110.325050,56.301163
2001-05-03,110.038239,107.409180,108.699806,55.471809
2001-05-04,110.764816,106.309753,110.764816,56.525612
2001-05-07,112.093689,109.942642,110.803062,56.545147
2001-05-08,112.571701,110.420647,112.523903,57.492767
2001-05-09,112.982796,110.229446,111.835564,57.141087
2001-05-10,113.671127,110.133842,110.133842,56.271595
2001-05-11,109.130020,106.080307,106.892921,54.615669
2001-05-14,108.202675,106.118546,107.609940,54.982033
2001-05-15,109.130020,107.552582,108.585083,55.480289
2001-05-16,110.707458,107.265778,110.707458,56.564655
2001-05-17,111.940727,109.990440,110.009560,56.208138
2001-05-18,112.504784,109.847038,112.275337,57.365753
2001-05-21,114.627151,112.380501,113.804970,58.147346
2001-05-22,114.435944,112.093689,112.820267,57.644176
2001-05-23,113.718925,111.950287,112.237091,57.346230
2001-05-24,114.340347,112.332695,114.340347,58.420834
2001-05-25,114.627151,112.581261,112.619499,57.541599
2001-05-29,112.418739,110.019119,110.200768,56.305798
2001-05-30,109.082214,107.074570,107.695984,55.026009
2001-05-31,108.852776,106.730400,106.883362,54.610798
2001-06-01,108.604210,106.978966,107.925430,55.143253
2001-06-04,109.703636,107.887192,108.642448,55.509556
2001-06-05,112.428299,108.565964,111.826004,57.136185
2001-06-06,113.766731,111.376671,112.332695,57.395065
2001-06-07,113.049713,111.854683,112.093689,57.272957
2001-06-08,112.332695,110.516251,110.994263,56.711220
2001-06-11,112.944550,110.994263,112.198853,57.326694
2001-06-12,112.619499,110.468452,112.093689,57.272957
2001-06-13,113.260040,111.405357,111.414917,56.926155
2001-06-14,110.975143,108.977058,110.659653,56.540249
2001-06-15,110.372849,108.393883,108.604210,55.490036
2001-06-18,110.363289,108.326958,109.244743,55.817352
2001-06-19,112.093689,109.521988,109.789673,56.095734
2001-06-20,109.933075,106.845123,108.116638,55.240932
2001-06-21,109.655830,106.462715,107.648186,55.001575
2001-06-22,109.397705,107.552582,107.906311,55.133453
2001-06-25,109.847038,106.864243,107.695984,55.026009
2001-06-26,109.034416,106.214149,108.068832,55.216511
2001-06-27,109.158699,107.504784,108.527725,55.450966
2001-06-28,111.806885,108.747612,110.038239,56.222736
2001-06-29,111.520073,108.030594,108.508606,55.441177
2001-07-02,110.325050,107.992355,109.321220,55.856384
2001-07-03,109.168259,107.801147,108.011475,55.187225
2001-07-05,108.279160,106.873802,107.170174,54.757362
2001-07-06,106.022942,101.156792,101.816444,52.021935
2001-07-09,102.246651,99.091782,100.114723,51.152451
2001-07-10,100.764816,97.131927,97.476097,49.804253
2001-07-11,99.550667,97.093689,99.282982,50.727470
2001-07-12,103.059273,100.975143,102.533463,52.388252
2001-07-13,104.493309,101.443596,103.757172,53.013519
2001-07-16,104.569794,102.562141,103.078392,52.666702
2001-07-17,103.804970,100.143402,103.757172,53.013519
2001-07-18,102.868073,98.661568,99.694077,50.937531
2001-07-19,101.338432,98.565964,99.426384,50.800751
2001-07-20,101.051628,98.499046,101.051628,51.631145
2001-07-23,102.246651,100.669212,101.195030,51.704395
2001-07-24,101.481834,99.225624,99.913956,51.049866
2001-07-25,101.051628,98.212234,100.277245,51.235458
2001-07-26,101.338432,98.403442,101.338432,51.777672
2001-07-27,101.290634,99.531548,100.095604,51.142677
2001-07-30,101.577438,100.152962,101.195030,51.704395
2001-07-31,102.294456,100.525810,100.583176,51.391781
2001-08-01,103.728493,100.678780,102.351814,52.295460
2001-08-02,104.655830,102.495216,104.015297,53.145397
2001-08-03,105.248566,102.390060,103.422562,52.842541
2001-08-06,102.648186,101.137665,101.826004,52.026810
2001-08-07,102.648186,100.630974,101.577438,51.899796
2001-08-08,101.434036,99.521988,99.608032,50.960720
2001-08-09,99.942642,98.183556,99.502869,50.906914
2001-08-10,100.334610,98.288719,100.334610,51.332417
2001-08-13,101.950287,100.047798,101.204590,51.777534
2001-08-14,102.151054,100.764816,101.529640,51.943810
2001-08-15,101.902489,100.391968,100.391968,51.361801
2001-08-16,101.357552,99.101341,101.099426,51.723724
2001-08-17,100.850861,99.330788,99.990440,51.156342
2001-08-20,100.382408,98.279160,99.521988,50.916672
2001-08-21,100.353729,96.940727,97.409180,49.835758
2001-08-22,99.464630,97.284897,99.388145,50.848198
2001-08-23,100.095604,98.470360,98.470360,50.378654
2001-08-24,103.059273,98.862335,102.284897,52.330219
2001-08-27,103.441681,101.950287,102.160614,52.266632
2001-08-28,102.456978,100.258125,100.334610,51.332417
2001-08-29,101.242828,99.254303,99.550667,50.931370
2001-08-30,98.852776,94.512428,95.946465,49.087383
2001-08-31,96.902489,94.875717,95.554497,48.886864
2001-09-04,98.594643,94.923515,97.026772,49.640106
2001-09-05,98.307838,95.229446,95.936905,49.082497
2001-09-06,96.252388,93.355644,93.690247,47.933090
2001-09-07,93.833649,91.778206,92.342255,47.243435
2001-09-10,93.116638,91.386230,92.227531,47.184738
2001-09-17,91.644356,88.479927,89.235184,45.653835
2001-09-18,92.495216,89.560226,92.160614,47.150532
2001-09-19,92.590820,88.384323,91.778206,46.954853
2001-09-20,91.539200,88.766731,89.292542,45.683178
2001-09-21,89.388145,85.564056,86.520073,44.264725
2001-09-24,91.338432,87.762909,90.630974,46.367943
2001-09-25,91.778206,89.302101,90.296364,46.196739
2001-09-26,90.296364,86.328873,87.284897,44.656021
2001-09-27,87.476097,83.642448,86.042068,44.020199
2001-09-28,88.632889,85.946465,87.686424,44.861446
2001-10-01,89.369026,87.323135,88.632889,45.345707
2001-10-02,89.770554,88.049713,89.646271,45.864136
2001-10-03,93.326958,88.336517,92.686424,47.419514
2001-10-04,94.531548,92.543022,93.030594,47.595604
2001-10-05,94.120461,91.175911,93.709366,47.942875
2001-10-08,94.646271,92.495216,94.168259,48.177639
2001-10-09,94.168259,92.504784,92.868073,47.512463
2001-10-10,93.021034,90.726578,92.973228,47.566257
2001-10-11,95.028679,92.256210,95.028679,48.617851
2001-10-12,96.558319,93.690247,96.405357,49.322170
2001-10-15,98.240921,95.458893,97.514343,49.889568
2001-10-16,98.470360,95.277245,97.370934,49.816170
2001-10-17,102.007645,98.374763,98.374763,50.329739
2001-10-18,99.187378,96.347992,96.806885,49.527603
2001-10-19,98.221794,95.669212,98.135757,50.207458
2001-10-22,101.128105,97.418739,100.621414,51.479187
2001-10-23,101.998085,99.952202,101.156792,51.753090
2001-10-24,103.967499,101.424477,103.795410,53.103008
2001-10-25,105.975143,102.055450,105.793503,54.125271
2001-10-26,107.170174,104.799232,106.271507,54.369797
2001-10-29,105.831741,103.843208,103.843208,53.127457
2001-10-30,104.923515,103.021034,103.871895,53.142132
2001-10-31,106.233269,103.317398,103.317398,52.858448
2001-11-01,105.325050,102.198853,105.057358,53.748657
2001-11-02,105.449333,103.986618,104.684509,53.557899
2001-11-05,105.726578,104.282982,105.133842,53.787796
2001-11-06,109.751434,104.206497,108.613770,55.568172
2001-11-07,110.133842,108.059273,108.843208,55.754250
2001-11-08,110.478012,108.613770,108.804970,55.734661
2001-11-09,109.847038,108.126198,109.063095,55.866894
2001-11-12,109.847038,107.122368,109.808792,56.248852
2001-11-13,111.854683,110.611855,111.567879,57.149929
2001-11-14,111.711281,108.346077,109.321220,55.999107
2001-11-15,111.214149,108.833649,109.703636,56.194996
2001-11-16,109.942642,107.600380,109.464630,56.072556
2001-11-19,110.707458,108.766731,109.942642,56.317398
2001-11-20,111.663483,109.225624,110.363289,56.532894
2001-11-21,110.181641,108.078392,109.311661,55.994202
2001-11-23,110.296364,108.718925,110.277245,56.488808
2001-11-26,111.281075,110.133842,111.214149,56.968735
2001-11-27,111.185471,109.053535,109.177818,55.925663
2001-11-28,109.349907,107.170174,107.217972,54.921722
2001-11-29,109.512428,106.892921,109.397705,56.038254
2001-11-30,110.841301,108.795410,110.506691,56.606331
2001-12-03,109.799232,108.231361,109.110901,55.891354
2001-12-04,111.586998,108.393883,111.510513,57.120564
2001-12-05,116.615677,111.520073,116.061188,59.451599
2001-12-06,116.347992,114.531548,114.856598,58.834568
2001-12-07,115.678780,113.527725,115.105164,58.961872
2001-12-10,115.678780,114.158699,114.397705,58.599499
2001-12-11,117.342255,114.531548,116.156792,59.500561
2001-12-12,117.791588,114.780113,117.782028,60.333092
2001-12-13,116.921608,114.837479,114.961761,58.888393
2001-12-14,116.137665,114.158699,115.774376,59.304688
2001-12-17,116.768639,114.866158,116.003822,59.422203
2001-12-18,117.562141,116.013382,116.826004,59.843380
2001-12-19,119.216064,115.688339,118.441681,60.670990
2001-12-20,118.546844,116.778206,117.304016,60.088226
2001-12-21,118.068832,116.357552,116.634796,59.745426
2001-12-24,117.093689,115.774376,116.108986,59.476055
2001-12-26,118.260040,116.453156,117.017204,59.941307
2001-12-27,118.479927,117.246651,118.068832,60.480015
2001-12-28,118.432121,116.969406,117.495216,60.186169
2001-12-31,117.820267,115.630974,115.640533,59.236103
2002-01-02,116.156792,114.531548,116.156792,59.500561
2002-01-03,118.757172,114.961761,118.221794,60.558357
2002-01-04,120.076485,118.527725,120.076485,61.508389
2002-01-07,120.640533,118.260040,118.594643,60.749355
2002-01-08,119.694077,118.288719,119.216064,61.067673
2002-01-09,120.831741,118.690247,119.015297,60.964813
2002-01-10,118.546844,116.080307,116.768639,59.813969
2002-01-11,116.806885,114.990440,115.019119,58.917820
2002-01-14,114.808792,111.950287,112.858505,57.811031
2002-01-15,114.435944,112.543022,113.623329,58.202847
2002-01-16,113.527725,112.093689,112.237091,57.492725
2002-01-17,115.248566,112.103249,114.627151,58.717022
2002-01-18,109.847038,107.848946,109.225624,55.950127
2002-01-22,109.235184,105.478012,105.640533,54.113682
2002-01-23,106.357552,102.294456,103.154877,52.840412
2002-01-24,104.904396,102.361374,103.938812,53.241985
2002-01-25,105.822182,103.346077,104.474190,53.516235
2002-01-28,105.363289,102.351814,103.393883,52.962864
2002-01-29,103.785851,97.906311,98.470360,50.440807
2002-01-30,101.099426,96.558319,100.908218,51.689610
2002-01-31,103.231361,99.866158,103.145317,52.835545
2002-02-01,104.493309,101.950287,103.250481,52.889416
2002-02-04,103.250481,101.328873,102.103249,52.301750
2002-02-05,103.728493,101.338432,101.625237,52.056896
2002-02-06,103.078392,100.697899,101.940727,52.287338
2002-02-07,102.294456,99.292542,99.340347,50.953571
2002-02-08,101.070747,98.097511,100.372849,51.483147
2002-02-11,102.954109,99.913956,102.657745,52.655128
2002-02-12,103.145317,101.395790,101.883362,52.257938
2002-02-13,103.709366,101.453156,103.317398,52.993477
2002-02-14,104.349907,102.485657,103.145317,52.905239
2002-02-15,100.191208,97.227531,98.365204,50.453426
2002-02-19,97.323135,94.512428,96.845123,49.673717
2002-02-20,95.602295,92.734222,94.942642,48.697887
2002-02-21,95.315491,91.787766,92.141495,47.261150
2002-02-22,94.837479,91.548759,94.120461,48.276169
2002-02-25,94.885277,92.848946,93.977058,48.202633
2002-02-26,94.827919,91.768639,92.877632,47.638714
2002-02-27,95.898659,92.447418,93.527725,47.972168
2002-02-28,95.219887,93.518166,93.804970,48.114346
2002-03-01,98.565964,94.168259,98.489487,50.517132
2002-03-04,101.845123,98.594643,101.242828,51.929405
2002-03-05,101.816444,99.579353,101.022942,51.816616
2002-03-06,102.380501,100.143402,101.625237,52.125538
2002-03-07,102.772469,98.699806,99.149139,50.855507
2002-03-08,102.619499,100.210327,100.468452,51.532185
2002-03-11,101.309753,99.043976,100.611855,51.605736
2002-03-12,104.063095,100.869980,103.728493,53.204346
2002-03-13,103.871895,102.007645,102.466537,52.557041
2002-03-14,103.202675,101.902489,101.912048,52.272644
2002-03-15,102.724663,100.946465,102.093689,52.365822
2002-03-18,103.862335,101.558319,101.673042,52.150059
2002-03-19,103.298279,101.806885,102.762909,52.709061
2002-03-20,102.198853,100.850861,100.860420,51.733238
2002-03-21,102.084129,100.095604,102.084129,52.360909
2002-03-22,102.007645,100.449333,100.956024,51.782299
2002-03-25,101.969406,98.948372,99.005737,50.781940
2002-03-26,101.051628,97.801147,98.374763,50.458282
2002-03-27,99.225624,97.992355,98.843208,50.698570
2002-03-28,100.516251,98.843208,99.426384,50.997688
2002-04-01,99.426384,97.896751,98.336517,50.438702
2002-04-02,97.523903,96.089867,96.510513,49.502102
2002-04-03,97.036331,94.550667,95.564056,49.016624
2002-04-04,96.692162,95.124283,96.405357,49.448166
2002-04-05,96.797325,92.973228,92.973228,47.687744
2002-04-08,84.694077,81.596558,83.565964,42.862583
2002-04-09,84.627151,83.269600,83.881454,43.024426
2002-04-10,85.994263,84.321220,85.095604,43.647141
2002-04-11,84.617592,79.674950,80.487572,41.283611
2002-04-12,84.091782,80.688339,81.835564,41.975006
2002-04-15,82.791588,80.975143,81.596558,41.852448
2002-04-16,83.030594,81.816444,82.409180,42.269249
2002-04-17,83.365204,80.305923,81.080307,41.587646
2002-04-18,85.181641,83.078392,85.038239,43.617729
2002-04-19,86.070747,83.747612,85.086044,43.642277
2002-04-22,85.038239,83.518166,84.063095,43.117558
2002-04-23,85.162521,83.403442,83.489487,42.823349
2002-04-24,84.369026,82.476097,82.695984,42.416363
2002-04-25,83.097511,81.998085,82.896751,42.519318
2002-04-26,83.135757,80.975143,80.984703,41.538620
2002-04-29,81.357552,79.875717,80.200768,41.136501
2002-04-30,81.481834,79.856598,80.076485,41.072754
2002-05-01,80.927345,78.078392,80.592735,41.337547
2002-05-02,81.070747,79.474190,80.172081,41.121799
2002-05-03,79.827919,77.543022,78.183556,40.101856
2002-05-06,78.269600,72.657745,72.657745,37.267548
2002-05-07,74.091782,72.581261,73.135757,37.512737
2002-05-08,79.158699,74.760994,78.824089,40.509823
2002-05-09,79.349907,75.525810,76.414917,39.271683
2002-05-10,76.959846,75.764816,76.175911,39.148849
2002-05-13,78.671127,76.003822,78.575523,40.382061
2002-05-14,81.720840,78.575523,81.720840,41.998535
2002-05-15,82.686424,80.353729,80.783936,41.517040
2002-05-16,82.217972,79.732315,81.692162,41.983795
2002-05-17,82.600380,81.261948,81.921608,42.101715
2002-05-20,81.701721,80.239006,80.736137,41.492485
2002-05-21,81.261948,79.636711,79.780113,41.001141
2002-05-22,80.678780,79.101341,80.305923,41.271355
2002-05-23,81.309753,78.891014,80.640533,41.443321
2002-05-24,80.066925,78.986618,79.445503,40.829182
2002-05-28,79.455070,78.097511,78.470360,40.328033
2002-05-29,78.393883,77.437859,78.011475,40.092194
2002-05-30,78.632889,76.692162,78.632889,40.411549
2002-05-31,78.441681,76.864243,76.912048,39.527157
2002-06-03,77.351814,74.569794,74.674950,38.377449
2002-06-04,76.147224,74.187378,75.822182,38.967049
2002-06-05,77.160614,75.630974,77.007645,39.576290
2002-06-06,77.390060,75.420647,76.156792,39.139030
2002-06-07,75.382408,73.613770,74.856598,38.470821
2002-06-10,75.334610,73.231361,73.422562,37.733822
2002-06-11,74.808792,71.892921,72.170174,37.090164
2002-06-12,72.609940,70.028679,71.367111,36.677467
2002-06-13,73.996178,71.988525,72.275337,37.144234
2002-06-14,73.393883,70.028679,72.820267,37.424297
2002-06-17,74.330788,71.854683,73.747612,37.900871
2002-06-18,73.518166,72.151054,72.600380,37.311283
2002-06-19,71.892921,70.028679,70.124283,36.038761
2002-06-20,70.831741,68.288719,68.432121,35.169102
2002-06-21,67.868073,65.191208,65.726578,33.778645
2002-06-24,68.346077,64.292542,66.634796,34.245411
2002-06-25,68.307838,65.401527,65.583176,33.704952
2002-06-26,67.485657,63.193115,66.969406,34.417366
2002-06-27,68.977058,66.061188,68.738052,35.326328
2002-06-28,70.382408,68.116638,68.833649,35.375462
2002-07-01,69.225624,64.206497,64.627151,33.213627
2002-07-02,66.347992,64.722755,65.564056,33.695122
2002-07-03,67.600380,64.885277,67.409180,34.643383
2002-07-05,70.650093,68.833649,70.267685,36.112453
2002-07-08,70.248566,67.906311,68.164436,35.031532
2002-07-09,69.072655,66.395790,66.606117,34.230675
2002-07-10,68.116638,65.516251,65.736137,33.783558
2002-07-11,66.682602,64.579353,66.357552,34.102928
2002-07-12,68.585083,65.774376,66.166351,34.004662
2002-07-15,67.877632,63.671127,67.877632,34.884125
2002-07-16,68.250481,65.468452,65.975143,33.906384
2002-07-17,68.451241,66.558319,67.581261,34.731831
2002-07-18,70.936905,66.921608,68.881454,35.400032
2002-07-19,69.502869,66.921608,68.833649,35.375462
2002-07-22,69.015297,65.305923,65.487572,33.655823
2002-07-23,66.921608,63.728489,64.101341,32.943401
2002-07-24,66.921608,62.810707,66.481834,34.166794
2002-07-25,66.921608,64.340347,66.300194,34.073425
2002-07-26,66.414917,62.868069,63.479923,32.624050
2002-07-29,68.260040,65.009560,68.049713,34.972569
2002-07-30,69.502869,66.940727,68.632889,35.272293
2002-07-31,68.451241,66.070747,67.304016,34.589340
2002-08-01,67.590820,64.263863,65.248566,33.532997
2002-08-02,65.229446,64.168259,64.894836,33.351212
2002-08-05,65.344170,62.954109,63.087955,32.422600
2002-08-06,66.367111,63.680687,64.913956,33.361031
2002-08-07,66.826004,63.862331,66.128105,34.060257
2002-08-08,68.881454,65.344170,68.460800,35.261742
2002-08-09,71.032501,67.304016,68.671127,35.370060
2002-08-12,69.445503,67.504784,68.613770,35.340527
2002-08-13,70.554497,68.059273,68.738052,35.404533
2002-08-14,71.720840,68.212234,71.625237,36.891628
2002-08-15,73.336517,71.319313,73.135757,37.669640
2002-08-16,76.462715,72.638626,75.860420,39.073021
2002-08-19,79.206497,75.535370,78.862335,40.619202
2002-08-20,78.393883,76.653923,77.695984,40.018448
2002-08-21,78.709366,76.051628,77.437859,39.885513
2002-08-22,78.824089,76.673042,78.384323,40.373001
2002-08-23,77.896751,75.860420,76.864243,39.590054
2002-08-26,77.332695,74.378586,75.927345,39.107487
2002-08-27,76.902489,73.900574,74.531548,38.388561
2002-08-28,73.623329,72.342255,72.715103,37.452972
2002-08-29,73.948372,71.845123,73.250481,37.728741
2002-08-30,72.992355,71.797325,72.065010,37.118134
2002-09-03,71.701721,69.120461,69.168259,35.626106
2002-09-04,70.736137,68.451241,70.487572,36.305664
2002-09-05,69.646271,68.355644,69.005737,35.542416
2002-09-06,70.736137,69.856598,69.980881,36.044685
2002-09-09,71.682602,68.690247,71.223709,36.684807
2002-09-10,72.275337,70.602295,72.275337,37.226475
2002-09-11,74.091782,70.803062,70.936905,36.537094
2002-09-12,70.793503,68.489487,68.709366,35.389774
2002-09-13,69.674950,68.173996,69.311661,35.699989
2002-09-16,69.521988,68.097511,69.139580,35.611366
2002-09-17,70.219887,68.212234,68.594643,35.330696
2002-09-18,67.782028,65.831741,66.491394,34.247379
2002-09-19,63.556404,61.806885,61.950287,31.908401
2002-09-20,62.523903,61.089867,61.108986,31.475075
2002-09-23,60.946465,59.627151,60.583176,31.204252
2002-09-24,60.516251,56.931168,57.122372,29.421713
2002-09-25,60.965584,58.307838,60.239006,31.026972
2002-09-26,62.026768,58.632889,59.292542,30.539501
2002-09-27,60.697899,57.657745,57.705544,29.722080
2002-09-30,57.256214,55.439770,55.745697,28.712639
2002-10-01,59.254303,56.395794,58.479923,30.120945
2002-10-02,59.273422,55.783939,57.007648,29.362616
2002-10-03,58.470364,56.357552,57.361378,29.544827
2002-10-04,56.892925,53.317402,54.110901,27.870613
2002-10-07,55.927341,54.110901,54.359467,27.998632
2002-10-08,55.535374,52.390057,54.541107,28.092201
2002-10-09,54.206501,52.399616,52.648186,27.117224
2002-10-10,55.908222,51.634800,55.047802,28.353180
2002-10-11,61.108986,58.795410,61.108986,31.475075
2002-10-14,60.994263,58.833652,60.630974,31.228876
2002-10-15,65.468452,63.652008,65.468452,33.720474
2002-10-16,64.053535,61.414913,62.045891,31.957640
2002-10-17,69.789673,68.097511,69.024857,35.552265
2002-10-18,70.984703,67.170174,70.984703,36.561699
2002-10-21,72.562141,69.732315,72.227531,37.201851
2002-10-22,72.351814,70.382408,71.214149,36.679890
2002-10-23,71.673042,69.273422,71.319313,36.734051
2002-10-24,72.227531,68.594643,68.929253,35.503029
2002-10-25,71.338432,68.986618,71.281075,36.714367
2002-10-28,74.091782,71.281075,73.193115,37.699177
2002-10-29,73.661568,70.936905,73.365204,37.787830
2002-10-30,75.908218,72.676865,75.210327,38.738186
2002-10-31,76.281075,75.047798,75.468452,38.871124
2002-11-01,76.959846,74.875717,76.864243,39.590054
2002-11-04,80.124283,78.107079,78.871895,40.624138
2002-11-05,78.403442,76.931168,78.087952,40.220352
2002-11-06,78.279160,76.529640,77.954109,40.225277
2002-11-07,76.481834,74.875717,75.478012,38.947578
2002-11-08,75.803062,73.804970,74.177818,38.276672
2002-11-11,74.913956,73.326958,73.891014,38.128662
2002-11-12,76.386230,73.900574,75.669212,39.046249
2002-11-13,76.797325,74.550667,75.860420,39.144909
2002-11-14,77.428299,75.908218,77.170174,39.820755
2002-11-15,76.864243,75.535370,76.491394,39.470509
2002-11-18,77.428299,75.602295,75.697899,39.061043
2002-11-19,75.956024,74.416824,74.923515,38.661449
2002-11-20,78.116638,74.474190,78.021034,40.259815
2002-11-21,81.185471,78.441681,81.166351,41.882812
2002-11-22,81.424477,80.114723,80.717018,41.650982
2002-11-25,82.456978,79.847038,82.409180,42.524139
2002-11-26,82.361374,80.678780,81.319313,41.961769
2002-11-27,84.235184,82.074570,83.843208,43.264126
2002-11-29,84.177818,82.944550,83.097511,42.879326
2002-12-02,85.525810,82.504784,83.460800,43.066803
2002-12-03,83.202675,81.405357,81.462715,42.035774
2002-12-04,81.128105,79.177818,80.009560,41.285915
2002-12-05,81.242828,78.967499,79.407265,40.975132
2002-12-06,79.110901,77.504784,78.699806,40.610050
2002-12-09,77.753349,76.003822,76.089867,39.263309
2002-12-10,77.437859,75.143402,77.246651,39.860214
2002-12-11,78.852776,76.472275,77.858505,40.175941
2002-12-12,78.097511,76.195030,76.644356,39.549416
2002-12-13,76.481834,74.827919,76.481834,39.465576
2002-12-16,78.193115,75.573616,78.030594,40.264751
2002-12-17,78.173996,76.510513,76.778206,39.618473
2002-12-18,76.185471,74.799232,75.650093,39.036388
2002-12-19,76.806885,74.904396,75.200768,38.804520
2002-12-20,76.481834,75.411087,76.281075,39.361946
2002-12-23,77.915871,75.946465,76.730400,39.593822
2002-12-24,77.437859,76.252388,76.252388,39.347160
2002-12-26,77.151054,74.818359,75.047798,38.725586
2002-12-27,75.697899,73.240921,73.957932,38.163189
2002-12-30,74.024857,72.275337,72.896751,37.615623
2002-12-31,75.009560,73.709366,74.091782,38.232281
2003-01-02,77.026772,74.751434,77.026772,39.746754
2003-01-03,78.059273,76.682602,78.059273,40.279541
2003-01-06,81.070747,78.212234,79.913956,41.236584
2003-01-07,82.390060,80.066925,82.217972,42.425499
2003-01-08,81.921608,80.372849,80.487572,41.532581
2003-01-09,83.193115,81.022942,83.173996,42.918797
2003-01-10,84.168259,81.931168,83.824089,43.254253
2003-01-13,85.038239,83.508606,83.661568,43.170395
2003-01-14,84.694077,83.384323,84.684509,43.698246
2003-01-15,84.751434,83.126198,83.738052,43.209846
2003-01-16,83.852776,81.625237,82.265778,42.450138
2003-01-17,80.057358,77.609940,77.724663,40.106873
2003-01-21,78.250481,76.959846,76.998085,39.731956
2003-01-22,77.217972,75.898659,76.195030,39.317570
2003-01-23,77.782028,76.290634,77.485657,39.983551
2003-01-24,77.915871,75.353729,75.516251,38.967323
2003-01-27,76.003822,74.196938,74.971321,38.686127
2003-01-28,76.931168,74.913956,76.586998,39.519840
2003-01-29,77.151054,75.114723,76.787766,39.623428
2003-01-30,77.724663,74.856598,74.856598,38.626934
2003-01-31,74.894836,73.632889,74.760994,38.577587
2003-02-03,75.401527,74.330788,74.741875,38.567738
2003-02-04,74.741875,72.896751,73.699806,38.030010
2003-02-05,75.430206,73.489487,73.862335,38.113880
2003-02-06,74.760994,73.145317,74.101341,38.311573
2003-02-07,74.713196,73.240921,73.709366,38.108925
2003-02-10,74.588913,73.087952,74.483749,38.509289
2003-02-11,75.497131,73.910133,73.986618,38.252274
2003-02-12,74.655830,73.135757,73.135757,37.812351
2003-02-13,72.992355,71.042068,72.523903,37.496021
2003-02-14,74.043976,72.036331,74.043976,38.281925
2003-02-18,76.003822,74.483749,75.841301,39.211174
2003-02-19,76.195030,75.353729,76.013382,39.300148
2003-02-20,76.529640,75.248566,75.669212,39.122208
2003-02-21,76.481834,74.722755,76.434036,39.517616
2003-02-24,76.472275,75.105164,75.105164,38.830570
2003-02-25,75.879539,73.518166,75.592735,39.082680
2003-02-26,75.573616,73.900574,73.996178,38.257214
2003-02-27,75.133842,73.374763,73.881454,38.197895
2003-02-28,75.019119,73.613770,74.521988,38.529060
2003-03-03,75.525810,73.728493,73.929253,38.222618
2003-03-04,74.330788,73.164436,73.326958,37.911217
2003-03-05,74.311661,72.896751,74.311661,38.420334
2003-03-06,74.359467,73.326958,73.680687,38.094101
2003-03-07,74.560226,72.380501,74.474190,38.504353
2003-03-10,74.043976,72.179733,72.370934,37.416931
2003-03-11,72.973228,71.892921,72.036331,37.243923
2003-03-12,72.304016,69.952202,71.873802,37.159908
2003-03-13,75.219887,71.998085,75.000000,38.776199
2003-03-14,75.984703,74.674950,75.525810,39.048065
2003-03-17,79.034416,74.416824,78.833649,40.758282
2003-03-18,79.827919,77.906311,78.843208,40.763195
2003-03-19,78.871895,77.514343,78.393883,40.530891
2003-03-20,78.862335,77.093689,78.585083,40.629768
2003-03-21,81.166351,79.120461,81.166351,41.964287
2003-03-24,79.684509,78.613770,78.632889,40.654469
2003-03-25,80.305923,78.145317,79.780113,41.247604
2003-03-26,79.588913,77.609940,77.963669,40.308441
2003-03-27,78.709366,76.969406,77.868073,40.259026
2003-03-28,78.384323,76.959846,77.294456,39.962460
2003-03-31,76.108986,74.866158,74.980881,38.766315
2003-04-01,76.061188,74.684509,75.267685,38.914600
2003-04-02,78.365204,76.386230,77.877632,40.263981
2003-04-03,79.808792,78.116638,78.307838,40.486382
2003-04-04,78.919693,76.520073,77.237091,39.932812
2003-04-07,79.254303,76.720840,76.931168,39.774628
2003-04-08,77.151054,75.019119,76.548759,39.576931
2003-04-09,77.189293,75.172081,75.248566,38.904724
2003-04-10,75.764816,74.694077,75.535370,39.053005
2003-04-11,77.715103,75.000000,75.286804,38.924492
2003-04-14,76.548759,74.722755,76.548759,39.576931
2003-04-15,79.206497,76.204590,79.149139,40.921371
2003-04-16,80.688339,79.101341,79.235184,40.965858
2003-04-17,80.688339,78.288719,80.554497,41.647961
2003-04-21,80.793503,79.445503,79.694077,41.203110
2003-04-22,82.275337,78.967499,81.864243,42.325134
2003-04-23,82.189293,81.223709,81.978966,42.384426
2003-04-24,81.931168,80.908218,81.453156,42.112595
2003-04-25,81.529640,80.172081,80.191208,41.460155
2003-04-28,81.739960,79.942642,81.376671,42.073063
2003-04-29,82.686424,81.233269,81.892921,42.339970
2003-04-30,81.902489,80.956024,81.166351,41.964287
2003-05-01,82.437859,80.755257,82.112808,42.453648
2003-05-02,83.718925,80.736137,83.718925,43.284039
2003-05-05,84.130020,82.715103,82.715103,42.765038
2003-05-06,84.455070,82.217972,83.661568,43.254364
2003-05-07,83.948372,82.695984,82.868073,42.922596
2003-05-08,82.963669,81.978966,82.265778,42.610626
2003-05-09,83.843208,82.600380,83.699806,43.353416
2003-05-12,85.334610,83.269600,85.086044,44.071434
2003-05-13,86.137665,84.665390,86.022942,44.556690
2003-05-14,86.424477,84.416824,84.799232,43.922882
2003-05-15,86.003822,85.086044,85.946465,44.517101
2003-05-16,85.936905,85.038239,85.076485,44.066483
2003-05-19,84.579353,82.609940,82.648186,42.808716
2003-05-20,83.403442,81.156792,81.998085,42.471981
2003-05-21,82.390060,81.338432,82.390060,42.674999
2003-05-22,82.982796,82.026772,82.294456,42.625496
2003-05-23,82.170174,81.357552,81.510513,42.219456
2003-05-27,84.034416,80.793503,83.833649,43.422752
2003-05-28,84.799232,83.556404,83.718925,43.363319
2003-05-29,84.694077,83.365204,83.518166,43.259331
2003-05-30,84.780113,83.604210,84.168259,43.596066
2003-06-02,85.162521,83.413002,83.489487,43.244484
2003-06-03,81.491394,79.579353,80.133842,41.506374
2003-06-04,81.223709,80.143402,80.544930,41.719303
2003-06-05,80.544930,78.154877,78.298279,40.555626
2003-06-06,79.569794,76.328873,76.529640,39.639507
2003-06-09,78.393883,76.300194,78.393883,40.605141
2003-06-10,79.273422,77.638626,78.116638,40.461540
2003-06-11,80.449333,78.671127,80.277245,41.580647
2003-06-12,81.242828,79.875717,80.258125,41.570755
2003-06-13,80.583176,78.881454,79.110901,40.976540
2003-06-16,80.831741,78.919693,80.783936,41.843086
2003-06-17,81.214149,80.114723,80.592735,41.744053
2003-06-18,81.252388,79.560226,80.975143,41.942123
2003-06-19,81.539200,80.783936,80.831741,41.867836
2003-06-20,81.491394,80.965584,81.185471,42.051083
2003-06-23,81.061188,79.321220,79.521988,41.189457
2003-06-24,80.478012,79.206497,79.952202,41.412308
2003-06-25,80.458893,78.479927,78.862335,40.847778
2003-06-26,80.669212,79.177818,80.640533,41.768833
2003-06-27,80.927345,79.560226,79.751434,41.308315
2003-06-30,80.497131,78.871895,78.871895,40.852737
2003-07-01,79.980881,77.820267,79.913956,41.392479
2003-07-02,81.156792,80.066925,81.013382,41.961952
2003-07-03,80.965584,79.808792,80.258125,41.570755
2003-07-07,82.648186,81.013382,82.304016,42.630432
2003-07-08,82.934990,81.443596,82.456978,42.709663
2003-07-09,82.552582,81.118546,81.711281,42.323425
2003-07-10,81.472275,79.799232,80.334610,41.610355
2003-07-11,81.529640,80.019119,81.156792,42.036221
2003-07-14,82.772469,81.663483,81.663483,42.298664
2003-07-15,83.173996,82.045891,82.638626,42.803761
2003-07-16,83.202675,82.074570,82.925430,42.952312
2003-07-17,80.248566,78.871895,79.665390,41.263718
2003-07-18,80.325050,79.550667,80.038239,41.456863
2003-07-21,79.760994,78.594643,78.871895,40.852737
2003-07-22,79.598473,77.934990,78.250481,40.530857
2003-07-23,79.130020,78.135757,78.680687,40.753708
2003-07-24,79.340347,77.925430,77.925430,40.362495
2003-07-25,80.057358,77.982796,79.875717,41.372677
2003-07-28,80.019119,78.432121,78.910133,40.872532
2003-07-29,79.235184,78.011475,78.202675,40.506096
2003-07-30,78.824089,77.036331,77.399620,40.090164
2003-07-31,78.910133,77.533463,77.676865,40.233734
2003-08-01,77.695984,76.529640,77.695984,40.243649
2003-08-04,77.782028,76.539200,77.562141,40.174328
2003-08-05,77.753349,76.290634,76.338432,39.540482
2003-08-06,77.131927,75.267685,76.242828,39.570255
2003-08-07,77.265778,75.889099,77.141495,40.036659
2003-08-08,77.695984,76.816444,77.323135,40.130947
2003-08-11,77.915871,76.749519,77.456978,40.200405
2003-08-12,77.954109,77.103249,77.925430,40.443535
2003-08-13,78.575523,77.036331,77.629066,40.289730
2003-08-14,78.154877,77.141495,77.973228,40.468353
2003-08-15,78.374763,77.629066,78.193115,40.582462
2003-08-18,80.000000,78.298279,79.847038,41.440868
2003-08-19,80.124283,78.929253,79.206497,41.108410
2003-08-20,79.646271,78.393883,79.397705,41.207680
2003-08-21,80.162521,79.206497,79.206497,41.108410
2003-08-22,80.994263,79.311661,79.321220,41.167961
2003-08-25,79.378586,78.154877,78.355644,40.666821
2003-08-26,78.910133,77.695984,78.871895,40.934769
2003-08-27,78.900574,78.298279,78.393883,40.686665
2003-08-28,78.718925,77.695984,78.298279,40.637066
2003-08-29,78.499046,77.973228,78.403442,40.691628
2003-09-02,82.179733,78.680687,81.988525,42.552307
2003-09-03,83.460800,82.217972,82.533463,42.835117
2003-09-04,84.407265,81.921608,84.043976,43.619061
2003-09-05,84.378586,82.934990,83.126198,43.142750
2003-09-08,85.717018,84.464630,85.181641,44.209541
2003-09-09,86.013382,85.019119,85.487572,44.368309
2003-09-10,85.086044,83.757172,83.977058,43.584358
2003-09-11,84.531548,82.600380,84.053535,43.624043
2003-09-12,85.095604,83.365204,84.799232,44.011074
2003-09-15,86.003822,84.502869,84.598473,43.906868
2003-09-16,86.434036,84.598473,86.319313,44.799988
2003-09-17,87.896751,86.233269,86.644356,44.968689
2003-09-18,88.365204,86.481834,87.954109,45.648460
2003-09-19,89.359467,87.762909,89.177818,46.283573
2003-09-22,88.183556,86.902489,87.370934,45.345772
2003-09-23,88.040154,86.577438,87.323135,45.320972
2003-09-24,87.782028,85.401527,85.468452,44.358383
2003-09-25,86.969406,85.277245,85.478012,44.363350
2003-09-26,86.175911,85.086044,85.133842,44.184727
2003-09-29,86.214149,85.152962,85.516251,44.383179
2003-09-30,85.325050,84.034416,84.445503,43.827480
2003-10-01,86.615677,84.799232,86.376671,44.829769
2003-10-02,86.472275,85.296364,86.118546,44.695801
2003-10-03,87.906311,86.586998,86.653923,44.973648
2003-10-06,87.724663,86.529640,87.170174,45.241577
2003-10-07,87.667305,86.424477,87.667305,45.499596
2003-10-08,88.785851,87.906311,88.585083,45.975922
2003-10-09,89.483749,88.145317,88.384323,45.871742
2003-10-10,89.082214,88.298279,88.594643,45.980885
2003-10-13,89.426384,88.508606,89.101341,46.243866
2003-10-14,88.862335,88.260040,88.642448,46.005703
2003-10-15,90.382408,88.661568,88.661568,46.015617
2003-10-16,85.755257,84.760994,85.353729,44.298851
2003-10-17,85.736137,84.904396,85.305923,44.274029
2003-10-20,85.468452,84.952202,85.086044,44.159924
2003-10-21,85.411087,84.799232,85.019119,44.125179
2003-10-22,85.095604,84.034416,84.569794,43.891987
2003-10-23,84.512428,83.680687,84.273422,43.738167
2003-10-24,84.741875,83.862335,84.531548,43.872135
2003-10-27,85.181641,84.177818,84.627151,43.921722
2003-10-28,85.946465,84.627151,85.946465,44.606480
2003-10-29,85.984703,85.229446,85.411087,44.328617
2003-10-30,86.204590,85.143402,85.200768,44.219456
2003-10-31,86.720840,85.277245,85.544930,44.398087
2003-11-03,86.845123,85.544930,85.736137,44.497326
2003-11-04,85.850861,84.952202,85.219887,44.229370
2003-11-05,84.971321,84.130020,84.598473,43.906868
2003-11-06,85.650093,83.862335,85.411087,44.408920
2003-11-07,85.659653,84.378586,84.378586,43.872063
2003-11-10,86.491394,85.611855,85.994263,44.712139
2003-11-11,86.070747,84.980881,85.430206,44.418869
2003-11-12,87.151054,85.382408,86.701721,45.079956
2003-11-13,87.456978,86.195030,87.084129,45.278801
2003-11-14,87.399620,85.860420,86.281075,44.861256
2003-11-17,86.089867,85.114723,85.850861,44.637566
2003-11-18,86.214149,84.990440,85.038239,44.215054
2003-11-19,85.879539,84.435944,85.468452,44.438721
2003-11-20,85.841301,84.493309,84.502869,43.936672
2003-11-21,84.942642,84.349907,84.732315,44.055988
2003-11-24,85.793503,85.038239,85.717018,44.567993
2003-11-25,85.898659,85.344170,85.497131,44.453659
2003-11-26,86.128105,85.191208,85.956024,44.692249
2003-11-28,86.692162,85.678780,86.558319,45.005383
2003-12-01,87.342255,86.500954,87.007645,45.239029
2003-12-02,87.456978,86.539200,86.759079,45.109810
2003-12-03,87.418739,86.328873,86.328873,44.886120
2003-12-04,87.418739,86.070747,87.399620,45.442837
2003-12-05,87.284897,86.520073,86.653923,45.055111
2003-12-08,87.447418,86.539200,87.189293,45.333462
2003-12-09,88.107079,86.625237,86.644356,45.050148
2003-12-10,88.661568,86.663483,87.695984,45.596912
2003-12-11,88.881454,87.877632,88.336517,45.930000
2003-12-12,89.063095,88.183556,88.632889,46.084061
2003-12-15,89.837479,88.030594,88.059273,45.785820
2003-12-16,89.980881,87.839386,89.847038,46.715347
2003-12-17,89.741875,88.766731,89.292542,46.427055
2003-12-18,89.273422,88.432121,88.652008,46.094006
2003-12-19,89.149139,88.594643,89.043976,46.297810
2003-12-22,89.388145,88.699806,89.282982,46.422081
2003-12-23,89.330788,88.279160,88.709366,46.123825
2003-12-24,88.718925,88.126198,88.212234,45.865349
2003-12-26,88.910133,88.240921,88.814529,46.178509
2003-12-29,89.608032,88.938812,89.407265,46.486706
2003-12-30,89.388145,88.298279,88.556404,46.044315
2003-12-31,88.766731,88.107079,88.604210,46.069160
2004-01-02,88.957932,87.189293,87.523903,45.507465
2004-01-05,88.996178,87.954109,88.957932,46.253067
2004-01-06,89.091782,88.087952,88.967499,46.258041
2004-01-07,89.273422,88.403442,88.699806,46.118874
2004-01-08,89.110901,87.982796,88.948372,46.248108
2004-01-09,88.288719,86.998085,87.198853,45.338444
2004-01-12,88.087952,87.198853,87.523903,45.507465
2004-01-13,87.485657,85.095604,85.755257,44.587860
2004-01-14,86.481834,85.803062,86.338432,44.891075
2004-01-15,91.443596,89.435944,89.885277,46.735245
2004-01-16,91.156792,90.544930,91.128105,47.381424
2004-01-20,93.154877,91.520073,92.829826,48.266243
2004-01-21,93.728493,92.390060,93.403442,48.564468
2004-01-22,93.843208,93.040154,93.221794,48.470036
2004-01-23,93.891014,92.829826,93.594643,48.663895
2004-01-26,95.458893,93.269600,95.458893,49.633209
2004-01-27,95.286804,94.359467,94.455070,49.111263
2004-01-28,95.047798,93.001915,93.097511,48.405411
2004-01-29,94.263863,92.304016,93.699806,48.718575
2004-01-30,94.961761,93.537285,94.866158,49.325005
2004-02-02,95.544930,94.168259,95.019119,49.404545
2004-02-03,95.602295,94.598473,95.602295,49.707760
2004-02-04,96.013382,94.933075,95.783936,49.802200
2004-02-05,95.688339,93.938812,94.512428,49.141087
2004-02-06,94.875717,93.929253,94.588913,49.260582
2004-02-09,95.066925,94.263863,94.598473,49.265572
2004-02-10,95.573616,94.082214,95.229446,49.594181
2004-02-11,95.898659,94.455070,95.564056,49.768425
2004-02-12,95.889099,94.933075,94.933075,49.439831
2004-02-13,95.688339,94.722755,95.325050,49.643944
2004-02-17,95.602295,94.952202,95.000000,49.474670
2004-02-18,95.382408,93.833649,94.091782,49.001686
2004-02-19,94.866158,93.231361,93.499046,48.692974
2004-02-20,94.263863,92.915871,93.030594,48.449051
2004-02-23,93.221794,91.261948,91.739960,47.776878
2004-02-24,93.173996,91.013382,92.533463,48.190144
2004-02-25,92.820267,91.998085,92.294456,48.065678
2004-02-26,92.982796,92.017204,92.533463,48.190144
2004-02-27,93.097511,91.873802,92.256210,48.045742
2004-03-01,92.973228,91.921608,92.772469,48.314629
2004-03-02,93.307838,92.370934,92.562141,48.205055
2004-03-03,92.629066,91.395790,92.581261,48.215031
2004-03-04,92.657745,91.902489,92.151054,47.990982
2004-03-05,92.715103,91.357552,92.208412,48.020866
2004-03-08,92.619499,90.430206,90.430206,47.094780
2004-03-09,91.089867,89.646271,90.372849,47.064922
2004-03-10,90.573616,88.604210,88.967499,46.333035
2004-03-11,88.891014,87.141495,87.198853,45.411949
2004-03-12,89.273422,87.648186,89.196938,46.452499
2004-03-15,88.613770,86.883362,87.782028,45.715645
2004-03-16,88.623329,87.399620,88.384323,46.029327
2004-03-17,89.665390,88.384323,89.282982,46.497326
2004-03-18,89.082214,87.858505,88.766731,46.228481
2004-03-19,88.881454,87.485657,87.590820,45.616051
2004-03-22,87.456978,86.309753,87.017204,45.317356
2004-03-23,88.107079,86.692162,87.304016,45.466721
2004-03-24,88.422562,87.036331,87.734222,45.690765
2004-03-25,88.556404,87.428299,88.326958,45.999439
2004-03-26,89.149139,88.107079,88.690247,46.188660
2004-03-29,89.493309,88.126198,88.604210,46.143841
2004-03-30,88.594643,87.332695,88.260040,45.964581
2004-03-31,88.183556,87.485657,87.801147,45.725616
2004-04-01,88.604210,87.590820,88.307838,45.989494
2004-04-02,90.391968,89.225624,90.057358,46.900616
2004-04-05,90.219887,89.397705,90.038239,46.890663
2004-04-06,89.665390,88.929253,89.579353,46.651649
2004-04-07,89.464630,88.441681,88.986618,46.342987
2004-04-08,90.239006,88.479927,89.024857,46.362904
2004-04-12,90.210327,89.292542,89.617592,46.671597
2004-04-13,89.904396,88.432121,88.948372,46.323074
2004-04-14,89.732315,88.049713,89.579353,46.651649
2004-04-15,89.952202,88.967499,89.340347,46.527210
2004-04-16,88.288719,87.036331,88.221794,45.944668
2004-04-19,88.240921,87.667305,87.896751,45.775391
2004-04-20,88.413002,86.663483,86.663483,45.133144
2004-04-21,87.399620,86.701721,87.246651,45.436840
2004-04-22,87.485657,85.755257,86.749519,45.177917
2004-04-23,87.581261,86.386230,87.265778,45.446800
2004-04-26,87.533463,86.376671,86.453156,45.023609
2004-04-27,87.944550,86.577438,87.103249,45.362152
2004-04-28,86.978966,86.242828,86.434036,45.013649
2004-04-29,86.290634,84.311661,85.162521,44.351452
2004-04-30,85.277245,84.139580,84.292542,43.898384
2004-05-03,84.627151,83.365204,84.149139,43.823696
2004-05-04,85.793503,84.130020,85.086044,44.311619
2004-05-05,85.803062,84.617592,85.047798,44.291691
2004-05-06,85.181641,83.738052,84.474190,44.082191
2004-05-07,85.468452,83.766731,84.311661,43.997353
2004-05-10,84.225624,82.571701,83.059273,43.343811
2004-05-11,84.273422,83.001915,83.298279,43.468540
2004-05-12,83.413002,81.376671,82.992355,43.308887
2004-05-13,83.565964,82.466537,83.355644,43.498482
2004-05-14,83.508606,82.284897,82.609940,43.109337
2004-05-17,82.246651,81.405357,81.768639,42.670300
2004-05-18,82.686424,82.217972,82.275337,42.934727
2004-05-19,84.971321,82.695984,83.221794,43.428596
2004-05-20,84.082214,83.221794,83.575523,43.613213
2004-05-21,84.302101,83.087952,83.298279,43.468540
2004-05-24,83.977058,82.743790,83.269600,43.453564
2004-05-25,85.009560,82.743790,84.799232,44.251789
2004-05-26,84.942642,84.168259,84.464630,44.077171
2004-05-27,85.162521,84.110901,84.694077,44.196918
2004-05-28,84.942642,84.369026,84.694077,44.196918
2004-06-01,84.588913,83.460800,84.244743,43.962437
2004-06-02,84.741875,84.024857,84.110901,43.892586
2004-06-03,84.225624,83.508606,83.508606,43.578300
2004-06-04,84.598473,83.652008,83.709366,43.683044
2004-06-07,85.076485,84.139580,84.741875,44.221859
2004-06-08,86.520073,84.512428,86.080307,44.920326
2004-06-09,86.567879,85.860420,86.128105,44.945259
2004-06-10,86.759079,85.936905,86.481834,45.129856
2004-06-14,86.596558,85.678780,86.108986,44.935272
2004-06-15,87.198853,86.261948,86.558319,45.169762
2004-06-16,86.931168,86.128105,86.405357,45.089939
2004-06-17,86.577438,86.108986,86.462715,45.119869
2004-06-18,86.806885,85.946465,86.099426,44.930286
2004-06-21,86.453156,85.382408,85.554497,44.645908
2004-06-22,86.271507,85.210327,86.061188,44.910324
2004-06-23,86.845123,85.889099,86.797325,45.294491
2004-06-24,86.921608,85.889099,86.032501,44.895340
2004-06-25,86.261948,85.028679,85.611855,44.675865
2004-06-28,85.946465,84.474190,84.808792,44.256783
2004-06-29,84.598473,84.034416,84.407265,44.047253
2004-06-30,84.608032,83.843208,84.273422,43.977379
2004-07-01,84.550667,82.762909,83.652008,43.653118
2004-07-02,83.699806,82.791588,83.212234,43.423622
2004-07-06,82.915871,81.386230,81.931168,42.755119
2004-07-07,82.160614,81.309753,81.596558,42.580505
2004-07-08,81.271507,79.904396,79.971321,41.732380
2004-07-09,80.783936,79.837479,80.200768,41.852123
2004-07-12,81.500954,79.751434,80.401527,41.956871
2004-07-13,82.304016,81.453156,81.500954,42.530621
2004-07-14,81.491394,80.095604,80.430206,41.971848
2004-07-15,80.908218,79.933075,80.325050,41.916977
2004-07-16,82.676865,80.573616,80.573616,42.046688
2004-07-19,82.074570,80.688339,81.548759,42.555557
2004-07-20,82.686424,81.548759,82.562141,43.084396
2004-07-21,83.279160,81.548759,81.548759,42.555557
2004-07-22,82.600380,80.956024,82.275337,42.934727
2004-07-23,82.275337,80.783936,81.118546,42.331070
2004-07-26,81.816444,80.793503,81.347992,42.450787
2004-07-27,82.504784,81.692162,82.103249,42.844921
2004-07-28,82.485657,81.147224,82.074570,42.829933
2004-07-29,83.384323,82.437859,82.954109,43.288925
2004-07-30,83.556404,82.590820,83.240921,43.438614
2004-08-02,83.546844,82.619499,82.877632,43.249004
2004-08-03,82.982796,81.682602,81.940727,42.760109
2004-08-04,82.839386,81.500954,82.189293,42.889824
2004-08-05,82.619499,81.271507,81.443596,42.500675
2004-08-06,81.032501,79.751434,79.808792,41.735771
2004-08-09,80.267685,79.225624,79.875717,41.770763
2004-08-10,81.252388,80.124283,81.252388,42.490696
2004-08-11,80.286804,79.445503,80.009560,41.840736
2004-08-12,79.397705,78.298279,78.594643,41.100815
2004-08-13,80.248566,78.881454,80.219887,41.950737
2004-08-16,80.841301,79.837479,80.325050,42.005733
2004-08-17,80.822182,79.980881,80.344170,42.015736
2004-08-18,81.386230,79.894836,81.386230,42.560673
2004-08-19,81.596558,80.736137,81.156792,42.440689
2004-08-20,81.500954,80.803062,81.500954,42.620655
2004-08-23,81.692162,80.927345,80.927345,42.320694
2004-08-24,81.405357,80.640533,80.984703,42.350704
2004-08-25,81.520073,80.831741,81.328873,42.530682
2004-08-26,81.300194,80.965584,80.965584,42.340702
2004-08-27,81.214149,80.869980,81.204590,42.465687
2004-08-30,81.252388,80.678780,80.688339,42.195705
2004-08-31,80.965584,79.971321,80.965584,42.340702
2004-09-01,81.347992,80.315491,80.516251,42.105736
2004-09-02,81.051628,80.162521,80.850861,42.280701
2004-09-03,80.965584,80.267685,80.678780,42.190704
2004-09-07,81.682602,80.879539,81.233269,42.480694
2004-09-08,82.705544,81.147224,82.084129,42.925648
2004-09-09,82.973228,82.084129,82.638626,43.215595
2004-09-10,83.173996,82.456978,82.944550,43.375587
2004-09-13,83.441681,82.294456,82.686424,43.240608
2004-09-14,83.059273,82.361374,82.906311,43.355602
2004-09-15,82.695984,82.112808,82.571701,43.180603
2004-09-16,83.135757,82.151054,82.332695,43.055622
2004-09-17,82.695984,81.682602,81.969406,42.865654
2004-09-20,82.629066,81.644356,81.931168,42.845642
2004-09-21,82.323135,81.586998,81.950287,42.855656
2004-09-22,81.682602,80.468452,80.602295,42.150734
2004-09-23,80.564056,79.579353,80.191208,41.935741
2004-09-24,81.013382,80.095604,80.717018,42.210720
2004-09-27,80.726578,80.286804,80.458893,42.075722
2004-09-28,80.927345,80.191208,80.764816,42.235710
2004-09-29,81.242828,80.449333,81.242828,42.485676
2004-09-30,82.198853,81.271507,81.969406,42.865654
2004-10-01,83.154877,82.103249,82.906311,43.355602
2004-10-04,84.225624,82.906311,83.326958,43.575577
2004-10-05,84.158699,83.298279,83.479927,43.655556
2004-10-06,84.225624,83.269600,84.168259,44.015541
2004-10-07,84.225624,83.556404,83.575523,43.705566
2004-10-08,84.043976,82.705544,82.896751,43.350597
2004-10-11,83.365204,82.476097,82.820267,43.310596
2004-10-12,82.409180,81.816444,82.217972,42.995628
2004-10-13,82.676865,80.717018,81.242828,42.485676
2004-10-14,81.242828,80.592735,81.051628,42.385715
2004-10-15,81.500954,80.879539,81.118546,42.420704
2004-10-18,82.361374,80.583176,82.141495,42.955647
2004-10-19,85.783936,84.130020,85.439774,44.680443
2004-10-20,85.267685,84.407265,84.913956,44.405491
2004-10-21,84.856598,83.804970,84.225624,44.045528
2004-10-22,84.560226,83.451241,83.546844,43.690567
2004-10-25,84.990440,83.470360,84.541107,44.210514
2004-10-26,85.630974,84.369026,85.086044,44.495491
2004-10-27,86.300194,84.608032,86.042068,44.995415
2004-10-28,86.271507,85.497131,85.564056,44.745445
2004-10-29,85.946465,85.038239,85.803062,44.870434
2004-11-01,86.615677,85.305923,86.147224,45.050396
2004-11-02,87.208412,85.564056,86.491394,45.230404
2004-11-03,87.858505,86.969406,87.189293,45.595371
2004-11-04,88.623329,86.826004,88.317398,46.185314
2004-11-05,89.407265,88.336517,89.177818,46.635269
2004-11-08,89.579353,88.432121,89.263863,46.770496
2004-11-09,89.818359,88.910133,89.263863,46.770496
2004-11-10,90.152962,88.833649,89.493309,46.890709
2004-11-11,91.032501,89.426384,90.621414,47.481831
2004-11-12,91.300194,90.401527,91.128105,47.747280
2004-11-15,91.778206,90.630974,91.701721,48.047852
2004-11-16,91.300194,90.487572,90.717018,47.531918
2004-11-17,92.380501,91.108986,91.261948,47.817402
2004-11-18,91.491394,90.850861,90.917786,47.637093
2004-11-19,90.975143,90.105164,90.296364,47.311504
2004-11-22,91.204590,90.019119,90.927345,47.642113
2004-11-23,91.175911,90.391968,91.089867,47.727257
2004-11-24,91.577438,90.860420,91.261948,47.817402
2004-11-26,91.185471,90.420647,90.554497,47.446739
2004-11-29,92.141495,90.764816,91.300194,47.837463
2004-11-30,91.443596,90.095604,90.095604,47.206318
2004-12-01,91.845123,90.315491,91.663483,48.027802
2004-12-02,92.523903,91.290634,91.548759,47.967693
2004-12-03,93.336517,92.304016,92.810707,48.628918
2004-12-06,93.594643,92.399620,93.374763,48.924454
2004-12-07,93.929253,91.768639,91.873802,48.137997
2004-12-08,93.068832,91.558319,92.399620,48.413513
2004-12-09,93.307838,91.500954,93.221794,48.844284
2004-12-10,93.680687,91.873802,92.418739,48.423515
2004-12-13,92.925430,91.854683,92.208412,48.313328
2004-12-14,93.403442,92.055450,93.030594,48.744118
2004-12-15,93.403442,92.552582,93.049713,48.754150
2004-12-16,93.833649,92.543022,93.164436,48.814220
2004-12-17,93.690247,91.969406,91.969406,48.188107
2004-12-20,93.279160,92.112808,92.304016,48.363419
2004-12-21,92.877632,92.265778,92.753349,48.598858
2004-12-22,93.671127,93.011475,93.317398,48.894390
2004-12-23,93.690247,93.212234,93.422562,48.949520
2004-12-27,93.661568,93.097511,93.212234,48.839291
2004-12-28,94.216064,93.087952,93.977058,49.240009
2004-12-29,94.139580,93.499046,93.862335,49.179935
2004-12-30,94.646271,93.757172,93.977058,49.240009
2004-12-31,94.560226,94.158699,94.244743,49.380287
2005-01-03,94.741875,92.973228,93.451241,48.964523
2005-01-04,94.091782,92.275337,92.447418,48.438564
2005-01-05,93.527725,92.160614,92.256210,48.338387
2005-01-06,92.715103,91.826004,91.969406,48.188107
2005-01-07,92.543022,91.271507,91.567879,47.977745
2005-01-10,91.864243,91.051628,91.472275,47.927605
2005-01-11,91.577438,90.544930,90.822182,47.587017
2005-01-12,91.089867,89.923515,91.022942,47.692192
2005-01-13,91.969406,89.579353,90.296364,47.311504
2005-01-14,90.105164,89.435944,89.961761,47.136162
2005-01-18,91.147224,89.502869,90.726578,47.536915
2005-01-19,90.965584,88.843208,89.005737,46.635269
2005-01-20,89.713196,88.527725,88.910133,46.585159
2005-01-21,89.196938,88.173996,88.317398,46.274612
2005-01-24,88.766731,87.724663,87.753349,45.979042
2005-01-25,88.518166,87.906311,88.135757,46.179432
2005-01-26,88.785851,87.896751,87.906311,46.059216
2005-01-27,88.164436,87.418739,87.934990,46.074242
2005-01-28,89.474190,88.413002,88.804970,46.530083
2005-01-31,89.818359,88.957932,89.311661,46.795567
2005-02-01,89.866158,89.263863,89.732315,47.015957
2005-02-02,90.200768,89.512428,90.152962,47.236347
2005-02-03,89.808792,88.967499,89.426384,46.855679
2005-02-04,90.573616,88.910133,90.353729,47.341568
2005-02-07,90.726578,90.181641,90.372849,47.351570
2005-02-08,90.478012,89.990440,89.990440,47.241158
2005-02-09,90.659653,88.470360,88.623329,46.523487
2005-02-10,89.005737,88.240921,88.680687,46.553589
2005-02-11,89.837479,88.432121,89.196938,46.824596
2005-02-14,89.885277,89.063095,89.455070,46.960117
2005-02-15,90.506691,89.369026,90.181641,47.341518
2005-02-16,90.793503,90.057358,90.458893,47.487076
2005-02-17,90.592735,89.617592,89.627151,47.050449
2005-02-18,90.105164,88.814529,89.168259,46.809536
2005-02-22,89.388145,88.173996,88.260040,46.332760
2005-02-23,88.374763,87.523903,88.049713,46.222351
2005-02-24,88.996178,87.810707,88.565964,46.493351
2005-02-25,88.718925,88.231361,88.718925,46.573650
2005-02-28,88.680687,88.346077,88.508606,46.463253
2005-03-01,89.321220,88.518166,89.196938,46.824596
2005-03-02,89.608032,88.671127,88.833649,46.633873
2005-03-03,89.110901,88.145317,88.346077,46.377922
2005-03-04,89.082214,88.298279,88.307838,46.357876
2005-03-07,88.441681,87.562141,87.571701,45.971424
2005-03-08,88.489487,87.667305,88.078392,46.237415
2005-03-09,88.910133,87.963669,88.288719,46.347816
2005-03-10,88.718925,88.040154,88.346077,46.377922
2005-03-11,88.346077,87.189293,87.485657,45.926254
2005-03-14,87.992355,87.476097,87.858505,46.121979
2005-03-15,88.212234,87.189293,87.361374,45.860992
2005-03-16,87.380501,86.281075,86.663483,45.494633
2005-03-17,86.692162,85.755257,85.908218,45.098171
2005-03-18,85.946465,85.172081,85.353729,44.807098
2005-03-21,86.309753,85.344170,85.573616,44.922516
2005-03-22,86.367111,85.334610,85.564056,44.917488
2005-03-23,87.160614,85.869980,86.539200,45.429409
2005-03-24,87.523903,86.711281,86.711281,45.519760
2005-03-28,87.600380,86.634796,87.036331,45.690384
2005-03-29,87.065010,86.214149,86.615677,45.469543
2005-03-30,86.883362,86.347992,86.692162,45.509697
2005-03-31,87.390060,86.252388,87.361374,45.860992
2005-04-01,87.724663,86.080307,86.462715,45.389252
2005-04-04,86.634796,85.822182,86.347992,45.329010
2005-04-05,86.357552,85.334610,85.630974,44.952602
2005-04-06,85.449333,84.808792,85.086044,44.666561
2005-04-07,85.277245,84.225624,84.550667,44.385525
2005-04-08,84.569794,83.652008,83.747612,43.963921
2005-04-11,83.709366,82.304016,82.409180,43.261318
2005-04-12,82.447418,81.424477,81.978966,43.035484
2005-04-13,82.189293,80.535370,80.850861,42.443275
2005-04-14,81.653923,79.799232,79.961761,41.976540
2005-04-15,76.156792,72.973228,73.326958,38.493530
2005-04-18,74.330788,72.791588,73.279160,38.468449
2005-04-19,73.804970,71.940727,72.160614,37.881268
2005-04-20,72.533463,68.690247,68.843208,36.139767
2005-04-21,70.841301,69.598473,70.774376,37.153557
2005-04-22,71.414917,70.038239,70.946465,37.243870
2005-04-25,72.390060,70.793503,71.328873,37.444633
2005-04-26,73.594643,71.367111,72.112808,37.856155
2005-04-27,73.785851,72.179733,73.661568,38.669212
2005-04-28,73.718925,72.323135,72.571701,38.097054
2005-04-29,73.690247,72.571701,73.021034,38.332951
2005-05-02,73.891014,72.686424,73.145317,38.398190
2005-05-03,73.575523,72.590820,73.107079,38.378098
2005-05-04,73.804970,73.135757,73.690247,38.684250
2005-05-05,74.674950,72.017204,72.179733,37.891285
2005-05-06,72.581261,71.673042,71.950287,37.871162
2005-05-09,72.141495,71.424477,71.682602,37.730293
2005-05-10,71.472275,69.827919,70.076485,36.884899
2005-05-11,70.449333,69.321220,70.057358,36.874813
2005-05-12,70.554497,69.311661,69.426384,36.542702
2005-05-13,70.611855,69.330788,69.942642,36.814438
2005-05-16,71.214149,69.875717,71.070747,37.408218
2005-05-17,71.156792,70.105164,71.022942,37.383068
2005-05-18,73.441681,71.405357,73.001915,38.424698
2005-05-19,74.225624,73.011475,73.766731,38.827267
2005-05-20,73.881454,73.001915,73.049713,38.449860
2005-05-23,73.565964,72.657745,73.145317,38.500179
2005-05-24,73.145317,72.237091,72.476097,38.147930
2005-05-25,72.686424,71.864243,72.657745,38.243526
2005-05-26,74.005737,72.934990,73.747612,38.817188
2005-05-27,73.843208,73.164436,73.709366,38.797035
2005-05-31,74.005737,72.179733,72.227531,38.017097
2005-06-01,74.091782,72.246651,73.460800,38.666222
2005-06-02,73.986618,73.307838,73.948372,38.922863
2005-06-03,73.709366,72.409180,72.456978,38.137875
2005-06-06,72.562141,71.625237,71.701721,37.740326
2005-06-07,72.743790,71.701721,71.739960,37.760468
2005-06-08,72.084129,71.347992,71.510513,37.639702
2005-06-09,72.151054,70.965584,71.634796,37.705101
2005-06-10,71.749519,70.841301,71.481834,37.624592
2005-06-13,72.590820,71.175911,71.749519,37.765503
2005-06-14,72.112808,71.443596,71.596558,37.684990
2005-06-15,73.135757,71.845123,72.944550,38.394489
2005-06-16,73.852776,72.954109,73.661568,38.771908
2005-06-17,74.311661,73.021034,73.030594,38.439770
2005-06-20,73.594643,72.246651,73.183556,38.520317
2005-06-21,73.613770,72.762909,73.049713,38.449860
2005-06-22,74.082214,73.298279,73.833649,38.862476
2005-06-23,73.585083,71.759079,72.093689,37.946644
2005-06-24,72.084129,70.745697,70.755257,37.242176
2005-06-27,71.481834,70.267685,70.630974,37.176735
2005-06-28,71.988525,70.219887,71.988525,37.891285
2005-06-29,72.351814,71.338432,71.443596,37.604465
2005-06-30,72.170174,70.812622,70.936905,37.337784
2005-07-01,72.017204,71.032501,71.386230,37.574287
2005-07-05,71.673042,70.898659,71.500954,37.634659
2005-07-06,72.801147,71.128105,72.476097,38.147930
2005-07-07,74.120461,71.701721,73.977058,38.937958
2005-07-08,76.022942,73.747612,75.812622,39.904102
2005-07-11,76.022942,75.066925,75.487572,39.733021
2005-07-12,76.950287,75.697899,76.520073,40.276470
2005-07-13,78.154877,77.590820,77.868073,40.986015
2005-07-14,79.034416,78.393883,78.795410,41.474110
2005-07-15,79.110901,77.934990,78.757172,41.453972
2005-07-18,80.248566,78.087952,78.212234,41.167149
2005-07-19,81.367111,80.019119,80.019119,42.118198
2005-07-20,81.223709,79.340347,80.879539,42.571102
2005-07-21,81.214149,79.732315,80.688339,42.470467
2005-07-22,80.908218,80.172081,80.726578,42.490601
2005-07-25,80.803062,80.229446,80.497131,42.369812
2005-07-26,80.640533,80.162521,80.420647,42.329556
2005-07-27,80.430206,79.168259,80.181641,42.203754
2005-07-28,80.277245,79.608032,80.114723,42.168545
2005-07-29,80.258125,79.560226,79.789673,41.997429
2005-08-01,80.162521,79.206497,79.760994,41.982365
2005-08-02,80.172081,79.388145,79.646271,41.921982
2005-08-03,80.497131,79.455070,80.363289,42.299362
2005-08-04,80.200768,79.330788,79.464630,41.826363
2005-08-05,80.057358,79.091782,79.694077,41.947121
2005-08-08,80.200768,79.369026,79.694077,42.047997
2005-08-09,80.258125,79.292542,79.827919,42.118622
2005-08-10,80.315491,78.365204,78.413002,41.372089
2005-08-11,79.110901,78.030594,79.024857,41.694920
2005-08-12,78.948372,78.451241,78.575523,41.457848
2005-08-15,79.292542,78.021034,78.871895,41.614231
2005-08-16,78.804970,77.523903,77.724663,41.008915
2005-08-17,78.336517,77.284897,77.724663,41.008915
2005-08-18,78.393883,77.246651,77.581261,40.933254
2005-08-19,79.636711,77.782028,79.120461,41.745373
2005-08-22,79.684509,78.250481,78.967499,41.664673
2005-08-23,79.483749,78.011475,78.422562,41.377151
2005-08-24,78.776291,77.657745,77.743790,41.019009
2005-08-25,77.868073,77.170174,77.533463,40.908016
2005-08-26,77.456978,76.730400,76.845123,40.544849
2005-08-29,78.154877,76.386230,77.762909,41.029099
2005-08-30,77.437859,76.462715,76.998085,40.625549
2005-08-31,77.237091,76.357552,77.074570,40.665916
2005-09-01,76.787766,75.850861,76.042068,40.121147
2005-09-02,76.491394,75.965584,75.965584,40.080791
2005-09-06,77.619499,76.195030,77.456978,40.867680
2005-09-07,77.562141,76.787766,77.418739,40.847496
2005-09-08,77.934990,76.959846,77.246651,40.756702
2005-09-09,77.906311,76.978966,77.858505,41.079536
2005-09-12,78.499046,77.437859,77.896751,41.099689
2005-09-13,77.906311,76.978966,77.198853,40.731495
2005-09-14,77.820267,76.883362,76.940727,40.595299
2005-09-15,77.103249,76.166351,76.491394,40.358227
2005-09-16,76.959846,76.319313,76.797325,40.519623
2005-09-19,76.462715,75.535370,75.936905,40.065670
2005-09-20,76.147224,75.172081,75.239006,39.697441
2005-09-21,75.009560,73.967499,74.149139,39.122395
2005-09-22,75.047798,73.900574,74.770554,39.450279
2005-09-23,74.674950,74.091782,74.569794,39.344357
2005-09-26,74.961761,73.546844,74.005737,39.046738
2005-09-27,75.143402,73.766731,74.560226,39.339302
2005-09-28,76.223709,74.627151,76.003822,40.100975
2005-09-29,77.007645,75.401527,76.826004,40.534771
2005-09-30,76.959846,76.453156,76.692162,40.464134
2005-10-03,77.055450,76.003822,76.912048,40.580166
2005-10-04,77.887192,76.414917,76.586998,40.408665
2005-10-05,77.131927,76.061188,76.309753,40.262375
2005-10-06,76.739960,75.239006,76.195030,40.201851
2005-10-07,77.552582,76.567879,76.959846,40.605377
2005-10-10,78.489487,77.514343,77.676865,40.983696
2005-10-11,79.847038,78.365204,79.531548,41.962250
2005-10-12,79.282982,78.346077,78.575523,41.457848
2005-10-13,79.541107,78.107079,78.585083,41.462879
2005-10-14,79.072655,78.011475,78.728493,41.538563
2005-10-17,79.340347,78.326958,78.957932,41.659592
2005-10-18,80.879539,79.684509,79.808792,42.108524
2005-10-19,80.497131,78.757172,80.468452,42.456589
2005-10-20,80.487572,79.235184,79.512428,41.952183
2005-10-21,80.305923,79.263863,79.665390,42.032871
2005-10-24,79.933075,78.967499,79.799232,42.103477
2005-10-25,80.258125,79.072655,79.694077,42.047997
2005-10-26,80.181641,79.082214,79.244743,41.810936
2005-10-27,79.282982,78.632889,78.690247,41.518360
2005-10-28,78.804970,76.959846,77.839386,41.069439
2005-10-31,78.680687,77.724663,78.279160,41.301460
2005-11-01,78.537285,77.715103,78.001915,41.155182
2005-11-02,78.288719,77.093689,77.495216,40.887852
2005-11-03,79.378586,77.734222,79.225624,41.800827
2005-11-04,79.636711,79.015297,79.349907,41.866425
2005-11-07,80.162521,79.416824,79.933075,42.174091
2005-11-08,80.210327,79.455070,79.493309,42.042656
2005-11-09,79.665390,78.862335,79.196938,41.885906
2005-11-10,80.592735,78.680687,80.296364,42.467373
2005-11-11,81.108986,80.449333,80.831741,42.750530
2005-11-14,81.261948,80.411087,80.650093,42.654465
2005-11-15,82.122368,80.334610,81.768639,43.246040
2005-11-16,82.772469,81.634796,82.734222,43.756721
2005-11-17,83.154877,81.988525,83.068832,43.933685
2005-11-18,84.130020,83.336517,83.910133,44.378643
2005-11-21,84.005737,83.183556,83.451241,44.135941
2005-11-22,84.206497,83.059273,84.120461,44.489864
2005-11-23,85.458893,84.082214,84.894836,44.899429
2005-11-25,85.391968,84.722755,84.894836,44.899429
2005-11-28,85.497131,84.847038,85.191208,45.056168
2005-11-29,85.984703,85.105164,85.181641,45.051102
2005-11-30,85.697899,84.827919,84.990440,44.950008
2005-12-01,85.793503,85.133842,85.286804,45.106758
2005-12-02,85.229446,84.474190,84.751434,44.823586
2005-12-05,84.751434,83.852776,84.541107,44.712357
2005-12-06,85.889099,84.665390,85.219887,45.071342
2005-12-07,85.965584,84.560226,84.818359,44.858974
2005-12-08,85.000000,82.858505,83.652008,44.242115
2005-12-09,83.269600,82.533463,83.145317,43.974121
2005-12-12,83.508606,81.988525,82.179733,43.463440
2005-12-13,81.166351,79.827919,80.028679,42.325802
2005-12-14,80.258125,79.302101,79.474190,42.032520
2005-12-15,79.952202,79.110901,79.856598,42.234779
2005-12-16,80.305923,79.349907,79.703636,42.153877
2005-12-19,79.923515,79.015297,79.120461,41.845467
2005-12-20,79.445503,78.451241,78.852776,41.703884
2005-12-21,80.305923,78.833649,79.464630,42.027470
2005-12-22,79.569794,78.680687,79.560226,42.078049
2005-12-23,80.497131,79.722755,79.808792,42.209499
2005-12-27,80.783936,79.244743,79.340347,41.961746
2005-12-28,79.894836,79.158699,79.388145,41.987038
2005-12-29,79.407265,78.604210,78.776291,41.663429
2005-12-30,78.862335,77.973228,78.585083,41.562313
2006-01-03,78.919693,77.256210,78.451241,41.491512
2006-01-04,78.871895,77.753349,78.346077,41.435902
2006-01-05,79.254303,77.676865,78.871895,41.714001
2006-01-06,81.290634,79.741875,81.214149,42.952785
2006-01-09,80.544930,79.713196,80.047798,42.335892
2006-01-10,80.420647,79.464630,80.372849,42.507824
2006-01-11,81.080307,79.732315,80.468452,42.558365
2006-01-12,80.267685,79.732315,79.894836,42.255013
2006-01-13,79.780113,78.871895,79.512428,42.052757
2006-01-17,79.502869,78.910133,79.349907,41.966824
2006-01-18,80.975143,79.847038,80.114723,42.371304
2006-01-19,80.678780,79.369026,79.435944,42.012291
2006-01-20,79.397705,77.676865,77.782028,41.137577
2006-01-23,78.317398,77.361374,77.829826,41.162853
2006-01-24,78.537285,77.246651,77.294456,40.879704
2006-01-25,78.030594,77.065010,77.351814,40.910046
2006-01-26,78.059273,77.045891,77.170174,40.813995
2006-01-27,78.173996,77.198853,77.456978,40.965675
2006-01-30,78.212234,76.682602,78.040154,41.274086
2006-01-31,78.393883,77.600380,77.724663,41.107231
2006-02-01,78.623329,77.103249,78.336517,41.430843
2006-02-02,78.001915,77.342255,77.657745,41.071857
2006-02-03,77.217972,76.214149,76.453156,40.434765
2006-02-06,76.434036,75.458893,76.013382,40.202171
2006-02-07,76.663483,75.812622,76.338432,40.374081
2006-02-08,77.342255,76.711281,77.246651,40.957027
2006-02-09,77.246651,76.003822,76.864243,40.754265
2006-02-10,77.877632,76.673042,77.753349,41.225658
2006-02-13,78.307838,76.653923,76.902489,40.774540
2006-02-14,77.868073,76.816444,77.523903,41.104012
2006-02-15,77.915871,76.959846,77.294456,40.982365
2006-02-16,77.351814,76.606117,77.351814,41.012772
2006-02-17,77.466537,76.606117,77.160614,40.911407
2006-02-21,77.198853,76.453156,76.959846,40.804951
2006-02-22,78.059273,76.453156,77.772469,41.235813
2006-02-23,77.762909,76.520073,76.673042,40.652885
2006-02-24,77.103249,76.338432,76.577438,40.602180
2006-02-27,77.332695,76.434036,77.084129,40.870850
2006-02-28,77.007645,76.204590,76.711281,40.673157
2006-03-01,77.256210,76.271507,76.386230,40.500793
2006-03-02,76.682602,76.042068,76.424477,40.521099
2006-03-03,77.275337,76.013382,76.443596,40.531235
2006-03-06,77.093689,76.386230,76.481834,40.551517
2006-03-07,77.237091,76.347992,76.759079,40.698505
2006-03-08,78.011475,76.720840,77.571701,41.129368
2006-03-09,78.374763,77.246651,77.456978,41.068535
2006-03-10,78.632889,77.466537,77.982796,41.347321
2006-03-13,78.776291,77.868073,78.326958,41.529816
2006-03-14,79.340347,77.887192,79.235184,42.011356
2006-03-15,80.076485,79.005737,79.713196,42.264782
2006-03-16,80.038239,78.977058,79.225624,42.006302
2006-03-17,79.741875,79.177818,79.636711,42.224239
2006-03-20,80.066925,79.340347,79.904396,42.366188
2006-03-21,81.252388,79.904396,80.124283,42.482777
2006-03-22,80.956024,79.684509,80.736137,42.807167
2006-03-23,80.564056,79.282982,79.541107,42.173550
2006-03-24,80.038239,79.340347,79.694077,42.254688
2006-03-27,79.598473,78.948372,79.426384,42.112740
2006-03-28,79.722755,78.671127,78.804970,41.783253
2006-03-29,79.875717,78.585083,79.474190,42.138077
2006-03-30,80.019119,79.187378,79.541107,42.173550
2006-03-31,79.923515,78.671127,78.843208,41.803528
2006-04-03,79.913956,79.015297,79.407265,42.102592
2006-04-04,80.095604,79.158699,79.780113,42.300278
2006-04-05,80.736137,79.655830,80.468452,42.665230
2006-04-06,80.611855,79.694077,80.124283,42.482777
2006-04-07,80.114723,78.814529,78.852776,41.808605
2006-04-10,79.101341,78.393883,78.489487,41.615982
2006-04-11,78.451241,77.198853,77.590820,41.139492
2006-04-12,77.791588,77.084129,77.198853,40.931675
2006-04-13,78.967499,77.552582,78.374763,41.555157
2006-04-17,79.273422,77.820267,78.049713,41.382809
2006-04-18,79.856598,78.107079,79.646271,42.229324
2006-04-19,80.305923,77.686424,78.260040,41.494339
2006-04-20,79.206497,78.049713,78.413002,41.575413
2006-04-21,78.871895,77.801147,78.068832,41.392952
2006-04-24,78.785851,77.533463,78.499046,41.621059
2006-04-25,79.254303,78.011475,79.034416,41.904903
2006-04-26,79.808792,79.072655,79.684509,42.249615
2006-04-27,80.688339,79.063095,80.191208,42.518253
2006-04-28,79.942642,78.374763,78.718925,41.737637
2006-05-01,79.646271,78.489487,78.613770,41.681889
2006-05-02,79.101341,78.393883,78.795410,41.778179
2006-05-03,79.627151,78.824089,79.063095,41.920101
2006-05-04,79.435944,78.776291,78.804970,41.783253
2006-05-05,79.674950,79.063095,79.617592,42.214111
2006-05-08,79.560226,78.680687,79.244743,42.168324
2006-05-09,79.627151,78.785851,79.569794,42.341282
2006-05-10,79.665390,78.967499,79.254303,42.173420
2006-05-11,79.435944,78.824089,78.833649,41.949581
2006-05-12,80.009560,78.680687,78.766731,41.913986
2006-05-15,79.493309,78.202675,79.244743,42.168324
2006-05-16,79.588913,78.460800,78.546844,41.796959
2006-05-17,78.594643,77.456978,77.695984,41.344193
2006-05-18,77.772469,76.510513,77.112808,41.033867
2006-05-19,77.437859,76.013382,76.749519,40.840569
2006-05-22,76.806885,75.908218,76.500954,40.708282
2006-05-23,77.724663,76.137665,76.319313,40.611626
2006-05-24,76.520073,75.583176,76.271507,40.586189
2006-05-25,76.653923,76.147224,76.615677,40.769325
2006-05-26,77.304016,76.195030,77.198853,41.079662
2006-05-30,77.399620,76.625237,76.634796,40.779499
2006-05-31,77.275337,76.108986,76.386230,40.647221
2006-06-01,77.313576,76.300194,77.141495,41.049129
2006-06-02,77.017204,75.669212,76.022942,40.453926
2006-06-05,76.520073,75.535370,75.583176,40.219894
2006-06-06,76.386230,75.047798,76.252388,40.576015
2006-06-07,77.189293,75.640533,75.669212,40.265690
2006-06-08,76.080307,73.374763,73.642448,39.187191
2006-06-09,74.665390,73.661568,74.216064,39.492435
2006-06-12,74.655830,73.623329,73.632889,39.182106
2006-06-13,74.502869,73.441681,73.546844,39.136318
2006-06-14,74.426384,73.546844,74.292542,39.533131
2006-06-15,75.315491,73.565964,75.105164,39.965557
2006-06-16,75.076485,74.158699,74.521988,39.655231
2006-06-19,74.856598,73.938812,74.254303,39.512783
2006-06-20,74.856598,73.852776,74.560226,39.675568
2006-06-21,75.105164,74.550667,74.856598,39.833294
2006-06-22,74.923515,73.613770,73.795410,39.268593
2006-06-23,74.416824,73.556404,73.709366,39.222805
2006-06-26,74.110901,73.422562,73.757172,39.248241
2006-06-27,74.187378,72.963669,73.260040,38.983685
2006-06-28,73.231361,72.715103,73.193115,38.948086
2006-06-29,74.378586,73.193115,74.177818,39.472076
2006-06-30,74.502869,73.413002,73.441681,39.080357
2006-07-03,74.827919,73.871895,74.588913,39.690834
2006-07-05,74.942642,74.110901,74.349907,39.563629
2006-07-06,75.076485,74.158699,74.655830,39.726444
2006-07-07,74.655830,72.772469,73.059273,38.876854
2006-07-10,73.451241,72.533463,73.298279,39.004055
2006-07-11,73.279160,72.122368,73.107079,38.902321
2006-07-12,72.944550,71.529640,72.160614,38.398663
2006-07-13,71.969406,70.583176,70.975143,37.767841
2006-07-14,71.032501,70.143402,70.334610,37.426994
2006-07-17,70.688339,69.980881,70.458893,37.493134
2006-07-18,71.147224,69.531548,70.994263,37.778023
2006-07-19,73.671127,72.657745,72.724663,38.698799
2006-07-20,72.543022,71.892921,72.160614,38.398663
2006-07-21,72.179733,71.223709,71.567879,38.083275
2006-07-24,72.801147,71.625237,72.648186,38.658119
2006-07-25,73.049713,71.998085,72.552582,38.607254
2006-07-26,72.944550,72.045891,72.495216,38.576729
2006-07-27,73.891014,72.418739,72.801147,38.739498
2006-07-28,73.900574,72.906311,73.575523,39.151566
2006-07-31,74.091782,72.801147,74.005737,39.380501
2006-08-01,73.977058,72.418739,72.791588,38.734440
2006-08-02,73.546844,72.848946,72.963669,38.826000
2006-08-03,73.355644,72.084129,72.973228,38.831085
2006-08-04,73.393883,72.007645,72.571701,38.617416
2006-08-07,72.848946,71.969406,72.198853,38.419010
2006-08-08,72.906311,71.806885,72.017204,38.475201
2006-08-09,72.925430,72.074570,72.074570,38.505836
2006-08-10,72.734222,71.749519,72.409180,38.684620
2006-08-11,72.447418,71.892921,72.160614,38.551796
2006-08-14,74.082214,72.275337,73.307838,39.164730
2006-08-15,73.747612,72.954109,73.690247,39.369007
2006-08-16,75.793503,73.948372,75.611855,40.395645
2006-08-17,76.061188,75.076485,75.879539,40.538662
2006-08-18,76.453156,75.172081,76.386230,40.809338
2006-08-21,76.367111,75.401527,75.793503,40.492683
2006-08-22,76.051628,75.152962,75.478012,40.324127
2006-08-23,75.975143,74.971321,75.210327,40.181133
2006-08-24,76.003822,75.401527,75.889099,40.543758
2006-08-25,76.481834,75.659653,76.367111,40.799133
2006-08-28,76.931168,76.252388,76.787766,41.023853
2006-08-29,77.896751,76.539200,77.820267,41.575493
2006-08-30,78.087952,77.284897,77.648186,41.483555
2006-08-31,77.915871,77.227531,77.409180,41.355862
2006-09-01,77.982796,77.256210,77.829826,41.580582
2006-09-05,77.954109,77.055450,77.294456,41.294556
2006-09-06,77.141495,76.644356,76.749519,41.003452
2006-09-07,76.845123,75.822182,75.908218,40.553970
2006-09-08,77.304016,75.860420,77.112808,41.197525
2006-09-11,77.629066,76.720840,77.370934,41.335430
2006-09-12,78.871895,77.495216,78.661568,42.024944
2006-09-13,79.063095,78.240921,78.594643,41.989204
2006-09-14,79.349907,78.145317,78.843208,42.121998
2006-09-15,79.913956,79.149139,79.292542,42.362049
2006-09-18,79.550667,78.556404,78.623329,42.004513
2006-09-19,78.479927,77.839386,78.269600,41.815525
2006-09-20,80.105164,78.585083,79.751434,42.607197
2006-09-21,79.588913,77.772469,78.021034,41.682755
2006-09-22,78.508606,77.447418,77.638626,41.478424
2006-09-25,78.661568,77.705544,78.393883,41.881943
2006-09-26,79.024857,78.107079,78.871895,42.137314
2006-09-27,79.034416,78.116638,78.479927,41.927898
2006-09-28,78.728493,78.126198,78.384323,41.876827
2006-09-29,79.149139,78.173996,78.336517,41.851280
2006-10-02,78.843208,77.992355,78.269600,41.815525
2006-10-03,78.642448,77.973228,78.059273,41.703171
2006-10-04,79.588913,78.040154,79.445503,42.443771
2006-10-05,79.550667,78.967499,79.273422,42.351826
2006-10-06,80.095604,78.871895,79.483749,42.464207
2006-10-09,80.382408,79.349907,80.305923,42.903442
2006-10-10,80.908218,79.885277,80.487572,43.000488
2006-10-11,80.965584,80.105164,80.487572,43.000488
2006-10-12,81.166351,80.401527,80.975143,43.260975
2006-10-13,82.418739,80.726578,82.294456,43.965816
2006-10-16,83.747612,81.978966,82.896751,44.287601
2006-10-17,84.072655,82.428299,83.126198,44.410160
2006-10-18,87.992355,85.783936,85.869980,45.876064
2006-10-19,86.978966,85.382408,85.908218,45.896492
2006-10-20,86.711281,85.611855,86.500954,46.213139
2006-10-23,87.954109,86.051628,87.533463,46.764771
2006-10-24,87.906311,86.806885,87.466537,46.729015
2006-10-25,87.944550,86.940727,87.791588,46.902641
2006-10-26,87.887192,87.237091,87.514343,46.754539
2006-10-27,87.848946,86.596558,86.768639,46.356159
2006-10-30,87.954109,85.850861,87.476097,46.734108
2006-10-31,88.604210,87.476097,88.269600,47.158035
2006-11-01,88.604210,87.476097,87.762909,46.887348
2006-11-02,87.906311,87.237091,87.648186,46.826046
2006-11-03,88.279160,87.170174,87.390060,46.688137
2006-11-06,88.661568,87.476097,88.527725,47.295952
2006-11-07,89.292542,88.346077,88.671127,47.372555
2006-11-08,88.833649,87.963669,88.518166,47.444298
2006-11-09,89.091782,88.307838,88.355644,47.357212
2006-11-10,88.288719,87.600380,87.724663,47.018974
2006-11-13,88.365204,87.390060,88.021034,47.177837
2006-11-14,89.187378,87.619499,89.187378,47.802967
2006-11-15,89.177818,88.470360,89.015297,47.710739
2006-11-16,89.483749,88.527725,89.359467,47.895218
2006-11-17,89.913956,89.206497,89.684509,48.069450
2006-11-20,89.674950,88.919693,89.149139,47.782486
2006-11-21,89.321220,88.766731,88.986618,47.695370
2006-11-22,89.617592,88.718925,89.407265,47.920822
2006-11-24,89.627151,88.891014,89.244743,47.833725
2006-11-27,89.139580,87.112808,87.428299,46.860153
2006-11-28,87.543022,86.453156,87.332695,46.808918
2006-11-29,87.629066,87.007645,87.495216,46.896008
2006-11-30,88.413002,87.237091,87.877632,47.100990
2006-12-01,87.868073,86.567879,87.237091,46.757664
2006-12-04,89.818359,88.193115,89.397705,47.915722
2006-12-05,90.478012,89.330788,90.325050,48.412750
2006-12-06,90.697899,89.875717,89.980881,48.228291
2006-12-07,90.277245,89.435944,90.086044,48.284649
2006-12-08,90.239006,89.359467,89.732315,48.095085
2006-12-11,90.200768,89.445503,89.521988,47.982315
2006-12-12,90.678780,89.196938,89.980881,48.228291
2006-12-13,91.137665,90.344170,90.602295,48.561363
2006-12-14,91.510513,90.382408,91.166351,48.863682
2006-12-15,91.586998,90.869980,91.108986,48.832954
2006-12-18,91.931168,90.630974,91.242828,48.904686
2006-12-19,92.151054,90.736137,91.778206,49.191624
2006-12-20,92.256210,91.491394,91.778206,49.191624
2006-12-21,92.256210,91.328873,91.692162,49.145515
2006-12-22,91.759079,91.051628,91.061188,48.807312
2006-12-26,91.596558,90.745697,91.453156,49.017406
2006-12-27,92.954109,92.036331,92.925430,49.806526
2006-12-28,93.116638,92.609940,92.705544,49.688690
2006-12-29,93.575523,92.571701,92.877632,49.780910
2007-01-03,94.072655,92.026772,92.992355,49.842384
2007-01-04,94.445503,92.619499,93.986618,50.375294
2007-01-05,93.642448,92.648186,93.135757,49.919258
2007-01-08,95.124283,94.024857,94.550667,50.677616
2007-01-09,95.917786,94.713196,95.669212,51.277130
2007-01-10,94.694077,93.623329,94.541107,50.672501
2007-01-11,95.506691,94.168259,94.311661,50.549511
2007-01-12,95.305923,94.168259,94.971321,50.903069
2007-01-16,96.405357,94.933075,96.386230,51.661465
2007-01-17,96.462715,95.506691,95.621414,51.251522
2007-01-18,95.554497,94.560226,95.076485,50.959457
2007-01-19,92.590820,90.391968,91.940727,49.278740
2007-01-22,92.954109,91.892921,92.839386,49.760395
2007-01-23,93.097511,91.969406,92.810707,49.745007
2007-01-24,93.288719,92.332695,93.116638,49.909019
2007-01-25,93.613770,92.944550,93.221794,49.965366
2007-01-26,93.527725,92.581261,93.164436,49.934612
2007-01-29,94.321220,93.164436,94.206497,50.493149
2007-01-30,95.076485,94.168259,95.000000,50.918449
2007-01-31,95.105164,94.024857,94.789673,50.805721
2007-02-01,94.818359,93.652008,94.646271,50.728851
2007-02-02,95.344170,94.531548,94.808792,50.815948
2007-02-05,96.022942,94.550667,95.965584,51.435993
2007-02-06,95.984703,95.162521,95.458893,51.164406
2007-02-07,95.946465,94.760994,95.162521,51.159290
2007-02-08,95.353729,94.311661,95.239006,51.200375
2007-02-09,95.315491,93.508606,94.216064,50.650475
2007-02-12,94.837479,93.900574,94.244743,50.665878
2007-02-13,94.397705,93.499046,93.967499,50.516811
2007-02-14,95.057358,93.929253,94.837479,50.984516
2007-02-15,95.143402,94.149139,94.569794,50.840622
2007-02-16,94.885277,94.292542,94.636711,50.876583
2007-02-20,95.086044,94.216064,94.980881,51.061619
2007-02-21,95.000000,94.359467,94.732315,50.927979
2007-02-22,95.124283,93.470360,94.168259,50.624744
2007-02-23,94.110901,93.126198,93.432121,50.228996
2007-02-26,93.556404,92.217972,92.648186,49.807571
2007-02-27,91.787766,88.795410,89.827919,48.291386
2007-02-28,89.952202,88.403442,88.852776,47.767170
2007-03-01,88.957932,84.866158,88.212234,47.422806
2007-03-02,88.307838,86.845123,86.902489,46.718697
2007-03-05,88.097511,86.137665,87.772469,47.186398
2007-03-06,89.760994,88.202675,89.674950,48.209167
2007-03-07,90.678780,89.502869,89.808792,48.281120
2007-03-08,90.650093,88.451241,88.910133,47.798004
2007-03-09,89.866158,88.738052,89.177818,47.941921
2007-03-12,90.028679,88.881454,89.971321,48.368481
2007-03-13,90.315491,88.546844,88.632889,47.648930
2007-03-14,89.894836,88.049713,89.636711,48.188614
2007-03-15,89.837479,89.005737,89.340347,48.029278
2007-03-16,90.296364,88.929253,89.149139,47.926491
2007-03-19,90.172081,89.282982,89.856598,48.306816
2007-03-20,90.372849,89.435944,90.344170,48.568924
2007-03-21,91.596558,89.703636,91.166351,49.010929
2007-03-22,91.242828,90.487572,91.003822,48.923553
2007-03-23,91.032501,90.487572,90.850861,48.841331
2007-03-26,91.061188,90.172081,90.822182,48.825905
2007-03-27,90.850861,90.057358,90.564056,48.687145
2007-03-28,90.841301,89.674950,90.114723,48.445564
2007-03-29,90.927345,89.827919,90.411087,48.604900
2007-03-30,90.583176,89.455070,90.114723,48.445564
2007-04-02,91.300194,89.923515,91.022942,48.933872
2007-04-03,91.998085,91.137665,91.873802,49.391251
2007-04-04,92.208412,91.367111,91.978966,49.447777
2007-04-05,92.495216,91.539200,92.275337,49.607136
2007-04-09,92.676865,91.892921,92.370934,49.658516
2007-04-10,92.543022,91.931168,92.217972,49.576279
2007-04-11,92.447418,90.774376,90.975143,48.908131
2007-04-12,91.606117,90.372849,91.462715,49.170261
2007-04-13,91.539200,90.430206,90.755257,48.789917
2007-04-16,92.065010,90.554497,91.950287,49.432388
2007-04-17,93.365204,91.797325,92.848946,49.915501
2007-04-18,91.692162,90.248566,90.630974,48.723106
2007-04-19,90.697899,89.866158,90.143402,48.460999
2007-04-20,90.965584,89.780113,90.420647,48.610035
2007-04-23,91.520073,90.869980,91.022942,48.933872
2007-04-24,95.506691,92.954109,94.158699,50.619621
2007-04-25,97.227531,94.388145,96.998085,52.146069
2007-04-26,97.036331,95.803062,96.462715,51.858269
2007-04-27,96.720840,95.659653,96.720840,51.997036
2007-04-30,98.470360,96.529640,97.715103,52.531536
2007-05-01,98.632889,97.562141,98.632889,53.024940
2007-05-02,98.604210,97.638626,97.724663,52.536667
2007-05-03,98.470360,96.892921,98.279160,52.834793
2007-05-04,98.499046,97.753349,98.432121,52.917023
2007-05-07,98.632889,97.896751,98.623329,53.019791
2007-05-08,98.843208,97.715103,98.747612,53.293232
2007-05-09,100.143402,99.139580,99.789673,53.855633
2007-05-10,100.487572,99.149139,100.076485,54.010441
2007-05-11,101.328873,100.066925,101.319313,54.681175
2007-05-14,101.577438,100.181641,100.927345,54.469646
2007-05-15,101.147224,100.095604,100.219887,54.087822
2007-05-16,101.233269,99.933075,101.214149,54.624428
2007-05-17,101.558319,100.124283,100.678780,54.335495
2007-05-18,103.298279,100.956024,103.240921,55.718224
2007-05-21,103.250481,102.170174,102.332695,55.228088
2007-05-22,102.533463,101.347992,102.007645,55.052685
2007-05-23,102.294456,100.621414,100.936905,54.474819
2007-05-24,101.319313,99.015297,99.378586,53.633785
2007-05-25,100.793503,99.282982,100.554497,54.268406
2007-05-29,101.940727,100.669212,101.252388,54.645054
2007-05-30,102.390060,100.583176,102.227531,55.171326
2007-05-31,102.934990,101.338432,101.912048,55.001087
2007-06-01,102.523903,101.357552,101.854683,54.970108
2007-06-04,101.902489,100.936905,101.558319,54.810162
2007-06-05,101.864243,100.898659,101.185471,54.608944
2007-06-06,100.869980,97.887192,97.906311,52.839214
2007-06-07,98.632889,97.093689,97.323135,52.524487
2007-06-08,98.671127,97.275337,98.537285,53.179756
2007-06-11,99.426384,97.992355,98.680687,53.257133
2007-06-12,98.642448,97.657745,97.839386,52.803082
2007-06-13,98.718925,97.609940,98.585083,53.205551
2007-06-14,99.655830,98.288719,99.282982,53.582172
2007-06-15,100.564056,99.311661,100.468452,54.221992
2007-06-18,101.003822,100.277245,100.697899,54.345795
2007-06-19,101.969406,100.286804,101.816444,54.949486
2007-06-20,102.313576,101.290634,101.338432,54.691502
2007-06-21,102.294456,100.965584,101.912048,55.001087
2007-06-22,101.759079,99.847038,99.847038,53.886620
2007-06-25,101.118546,99.904396,100.478012,54.227131
2007-06-26,101.395790,100.210327,100.697899,54.345795
2007-06-27,100.831741,99.808792,100.793503,54.397411
2007-06-28,102.217972,100.592735,101.290634,54.665710
2007-06-29,101.892921,99.521988,100.621414,54.304520
2007-07-02,101.147224,99.980881,100.391968,54.180717
2007-07-03,102.370934,100.611855,101.892921,54.990734
2007-07-05,103.623329,101.319313,103.298279,55.749226
2007-07-06,104.837479,102.925430,104.235184,56.254860
2007-07-09,104.541107,103.441681,104.177818,56.223885
2007-07-10,104.349907,103.489487,103.852776,56.048450
2007-07-11,104.780113,103.489487,104.302101,56.290985
2007-07-12,104.827919,103.460800,104.474190,56.383827
2007-07-13,104.397705,103.346077,103.824089,56.032997
2007-07-16,105.200768,103.652008,104.837479,56.579899
2007-07-17,106.567879,104.636711,105.898659,57.152630
2007-07-18,106.959846,105.200768,106.195030,57.312565
2007-07-19,111.357552,109.608032,110.764816,59.778835
2007-07-20,110.764816,108.929253,109.760994,59.237061
2007-07-23,111.309753,109.799232,111.261948,60.047153
2007-07-24,111.854683,109.961761,111.061188,59.938797
2007-07-25,113.173996,110.172081,112.906311,60.934578
2007-07-26,113.594643,110.439774,111.405357,60.124535
2007-07-27,112.762909,110.535370,110.535370,59.655006
2007-07-30,110.659653,108.527725,109.483749,59.087437
2007-07-31,109.674950,105.181641,105.783936,57.090710
2007-08-01,107.772469,105.219887,107.112808,57.807877
2007-08-02,109.034416,106.596558,108.250481,58.421867
2007-08-03,109.158699,106.787766,106.969406,57.730495
2007-08-06,108.881454,106.787766,108.881454,58.762417
2007-08-07,109.149139,107.313576,108.537285,58.576656
2007-08-08,109.560226,107.323135,108.011475,58.498966
2007-08-09,109.455070,105.860420,105.860420,57.333973
2007-08-10,108.508606,104.875717,107.686424,58.322968
2007-08-13,108.938812,107.370934,107.753349,58.359180
2007-08-14,108.173996,106.826004,107.122368,58.017445
2007-08-15,107.887192,105.076485,106.338432,57.592861
2007-08-16,106.520073,99.139580,104.866158,56.795498
2007-08-17,107.715103,103.881454,106.022942,57.422009
2007-08-20,106.214149,104.330788,104.416824,56.552128
2007-08-21,105.267685,103.326958,104.244743,56.458935
2007-08-22,105.640533,104.349907,105.162521,56.955978
2007-08-23,106.768639,105.172081,106.548759,57.706783
2007-08-24,108.269600,105.936905,108.260040,58.633621
2007-08-27,108.843208,107.839386,108.451241,58.737152
2007-08-28,108.594643,106.720840,107.074570,57.991558
2007-08-29,109.923515,107.141495,109.531548,59.322269
2007-08-30,110.898659,108.623329,110.296364,59.736492
2007-08-31,112.189293,110.468452,111.558319,60.419941
2007-09-04,113.661568,111.042068,112.992355,61.196651
2007-09-05,112.954109,111.424477,112.695984,61.036140
2007-09-06,113.527725,111.128105,112.447418,60.901493
2007-09-07,111.826004,110.258125,110.468452,59.829689
2007-09-10,112.332695,110.248566,110.707458,59.959156
2007-09-11,112.600380,110.936905,112.189293,60.761665
2007-09-12,112.237091,110.602295,110.898659,60.062683
2007-09-13,111.854683,110.650093,110.850861,60.036808
2007-09-14,110.898659,109.608032,110.066925,59.612225
2007-09-17,110.181641,109.273422,109.483749,59.296383
2007-09-18,111.644356,109.780113,111.500954,60.388912
2007-09-19,112.036331,110.688339,111.539200,60.409622
2007-09-20,112.476097,111.089867,111.720840,60.507996
2007-09-21,112.906311,111.233269,111.644356,60.466560
2007-09-24,112.265778,110.755257,111.137665,60.192131
2007-09-25,112.418739,110.697899,111.386230,60.326775
2007-09-26,112.887192,111.615677,112.141495,60.735779
2007-09-27,113.011475,111.892921,112.533463,60.948074
2007-09-28,113.288719,111.950287,112.619499,60.994682
2007-10-01,114.244743,112.332695,113.795410,61.631577
2007-10-02,114.340347,112.944550,113.154877,61.284695
2007-10-03,112.657745,111.166351,111.281075,60.269814
2007-10-04,111.615677,109.942642,110.602295,59.902184
2007-10-05,111.577438,110.391968,111.185471,60.218056
2007-10-08,113.030594,110.783936,112.590820,60.979156
2007-10-09,113.288719,111.300194,113.097511,61.253601
2007-10-10,113.575523,112.504784,113.403442,61.419292
2007-10-11,116.118546,112.208412,112.858505,61.124149
2007-10-12,113.661568,112.122368,112.629066,60.999886
2007-10-15,113.164436,111.615677,112.839386,61.113789
2007-10-16,114.665390,112.332695,114.340347,61.926723
2007-10-17,112.820267,109.130020,110.688339,59.948769
2007-10-18,111.290634,109.407265,109.751434,59.441372
2007-10-19,109.875717,106.883362,107.342255,58.136547
2007-10-22,108.871895,106.080307,108.384323,58.700916
2007-10-23,109.751434,108.508606,109.636711,59.379200
2007-10-24,109.416824,106.768639,107.982796,58.483475
2007-10-25,109.369026,106.778206,107.848946,58.410969
2007-10-26,108.986618,107.141495,108.728493,58.887360
2007-10-29,109.952202,108.843208,109.751434,59.441372
2007-10-30,109.847038,108.747612,109.101341,59.089256
2007-10-31,111.137665,108.298279,111.013382,60.124828
2007-11-01,110.984703,108.336517,108.652008,58.845921
2007-11-02,110.086044,108.575523,109.550667,59.332584
2007-11-05,110.047798,107.868073,108.413002,58.716461
2007-11-06,108.938812,106.759079,108.193115,58.597382
2007-11-07,108.642448,106.022942,106.195030,57.719219
2007-11-08,105.468452,99.416824,101.443596,55.136723
2007-11-09,100.305923,94.904396,95.841301,52.091751
2007-11-12,99.608032,96.271507,96.988525,52.715290
2007-11-13,101.089867,97.992355,100.640533,54.700188
2007-11-14,101.739960,98.317398,98.891014,53.749344
2007-11-15,100.994263,98.518166,99.043976,53.832462
2007-11-16,100.382408,98.709366,100.181641,54.450802
2007-11-19,100.755257,96.883362,97.724663,53.115391
2007-11-20,100.353729,96.921608,98.871895,53.738930
2007-11-21,99.512428,96.950287,97.724663,53.115391
2007-11-23,99.560226,97.820267,99.474190,54.066292
2007-11-26,100.525810,97.246651,97.485657,52.985477
2007-11-27,99.980881,97.036331,99.263863,53.951977
2007-11-28,103.508606,99.770554,102.648186,55.791435
2007-11-29,103.126198,101.577438,102.772469,55.858986
2007-11-30,104.388145,99.359467,100.554497,54.653481
2007-12-03,102.428299,99.980881,101.175911,54.991234
2007-12-04,102.695984,100.114723,101.940727,55.406895
2007-12-05,103.747612,102.275337,103.403442,56.201923
2007-12-06,105.162521,103.183556,104.875717,57.002136
2007-12-07,105.162521,103.202675,104.072655,56.565670
2007-12-10,105.411087,104.206497,104.579353,56.841084
2007-12-11,105.544930,101.778206,102.284897,55.593956
2007-12-12,105.353729,102.657745,103.699806,56.363007
2007-12-13,103.862335,102.237091,103.422562,56.212322
2007-12-14,102.829826,99.521988,101.118546,54.960041
2007-12-17,101.328873,99.426384,99.933075,54.315716
2007-12-18,102.265778,99.550667,101.634796,55.240639
2007-12-19,103.613770,101.214149,102.428299,55.671890
2007-12-20,104.674950,102.877632,104.053535,56.555248
2007-12-21,106.271507,104.349907,106.166351,57.703655
2007-12-24,107.074570,105.688339,106.739960,58.015396
2007-12-26,107.256210,106.022942,106.653923,57.968647
2007-12-27,106.405357,104.674950,104.780113,56.950191
2007-12-28,105.889099,104.311661,105.248566,57.204796
2007-12-31,105.162521,102.543022,103.346077,56.170753
2008-01-02,104.196938,99.588913,100.086044,54.398846
2008-01-03,100.927345,99.407265,100.286804,54.507988
2008-01-04,99.378586,96.061188,96.682602,52.549015
2008-01-07,96.558319,94.674950,95.650093,51.987831
2008-01-08,95.965584,92.896751,93.298279,50.709560
2008-01-09,94.789673,92.887192,93.986618,51.083672
2008-01-10,96.424477,92.877632,95.525810,51.920269
2008-01-11,95.086044,92.772469,93.374763,50.751144
2008-01-14,100.946465,96.873802,98.403442,53.484337
2008-01-15,100.038239,96.778206,97.351814,52.912720
2008-01-16,98.336517,95.736137,97.160614,52.808826
2008-01-17,98.900574,95.650093,96.653923,52.533447
2008-01-18,102.026772,97.992355,98.852776,53.728550
2008-01-22,98.556404,94.216064,96.768639,52.595779
2008-01-23,101.663483,94.168259,101.434036,55.131500
2008-01-24,102.782028,100.076485,102.208412,55.552422
2008-01-25,103.049713,99.521988,99.923515,54.310516
2008-01-28,101.118546,99.263863,100.363289,54.549545
2008-01-29,102.103249,100.000000,101.434036,55.131500
2008-01-30,102.915871,100.248566,101.003822,54.897690
2008-01-31,103.221794,99.139580,102.399620,55.656322
2008-02-01,104.588913,101.204590,104.282982,56.679985
2008-02-04,104.206497,102.514343,103.183556,56.082428
2008-02-05,103.298279,100.076485,100.401527,54.570316
2008-02-06,101.806885,99.024857,99.034416,54.033066
2008-02-07,99.426384,96.175911,97.839386,53.381065
2008-02-08,99.110901,97.581261,98.728493,53.866165
2008-02-11,100.908218,98.346077,100.516251,54.841564
2008-02-12,102.609940,100.095604,101.845123,55.566578
2008-02-13,104.139580,102.103249,103.652008,56.552433
2008-02-14,103.728493,100.860420,101.462715,55.357933
2008-02-15,101.577438,100.382408,101.491394,55.373604
2008-02-19,102.887192,100.038239,100.382408,54.768536
2008-02-20,103.451241,99.933075,103.107079,56.255123
2008-02-21,104.780113,101.749519,102.227531,55.775230
2008-02-22,103.709366,101.061188,103.317398,56.369854
2008-02-25,105.468452,102.705544,105.239006,57.418312
2008-02-26,109.933075,104.254303,109.349907,59.661186
2008-02-27,111.500954,107.944550,111.338432,60.746128
2008-02-28,110.803062,109.521988,110.172081,60.109768
2008-02-29,110.076485,108.365204,108.852776,59.389973
2008-03-03,109.760994,108.489487,109.206497,59.582939
2008-03-04,110.630974,107.791588,110.621414,60.354931
2008-03-05,111.290634,109.225624,110.315491,60.188015
2008-03-06,110.086044,107.313576,107.571701,58.691002
2008-03-07,109.703636,106.883362,108.929253,59.431709
2008-03-10,110.889099,108.145317,108.996178,59.468235
2008-03-11,111.434036,109.024857,111.367111,60.761784
2008-03-12,112.810707,110.047798,111.921608,61.064323
2008-03-13,111.644356,108.642448,110.812622,60.459263
2008-03-14,111.395790,107.734222,110.162521,60.104572
2008-03-17,111.892921,108.030594,110.468452,60.271465
2008-03-18,113.221794,108.804970,113.202675,61.763268
2008-03-19,113.288719,111.520073,111.797325,60.996510
2008-03-20,113.269600,111.520073,113.126198,61.721527
2008-03-24,114.521988,112.934990,113.824089,62.102291
2008-03-25,113.862335,111.998085,112.782028,61.533745
2008-03-26,112.782028,109.904396,111.768639,60.980831
2008-03-27,111.089867,109.474190,110.439774,60.255836
2008-03-28,111.615677,109.187378,109.531548,59.760300
2008-03-31,110.774376,108.355644,110.076485,60.057598
2008-04-01,113.164436,109.913956,111.367111,60.761784
2008-04-02,111.739960,108.967499,109.760994,59.885490
2008-04-03,111.682602,108.852776,110.917786,60.516624
2008-04-04,111.453156,109.560226,110.669212,60.380993
2008-04-07,112.208412,110.726578,111.195030,60.667881
2008-04-08,111.739960,110.210327,111.156792,60.647007
2008-04-09,112.543022,110.630974,111.634796,60.907822
2008-04-10,113.977058,111.739960,113.556404,61.956249
2008-04-11,112.619499,110.430206,110.898659,60.506199
2008-04-14,112.753349,110.850861,112.122368,61.173855
2008-04-15,112.495216,110.458893,112.017204,61.116467
2008-04-16,115.172081,112.017204,115.172081,62.837772
2008-04-17,118.279160,115.391968,117.667305,64.199165
2008-04-18,119.502869,117.734222,118.929253,64.887657
2008-04-21,119.034416,116.682602,118.881454,64.861603
2008-04-22,118.881454,117.600380,118.231361,64.506905
2008-04-23,119.292542,117.246651,118.164436,64.470398
2008-04-24,119.407265,117.332695,118.728493,64.778145
2008-04-25,119.024857,116.692162,117.667305,64.199165
2008-04-28,117.638626,116.290634,116.338432,63.474113
2008-04-29,117.782028,116.673042,117.447418,64.079170
2008-04-30,118.068832,115.200768,115.391968,62.957722
2008-05-01,118.957932,115.736137,118.173996,64.475601
2008-05-02,118.546844,116.405357,117.762909,64.251320
2008-05-05,117.829826,116.386230,116.663483,63.651478
2008-05-06,117.915871,115.468452,117.418739,64.063545
2008-05-07,119.483749,117.026772,118.680687,65.016724
2008-05-08,119.665390,118.260040,119.426384,65.425262
2008-05-09,119.168259,118.193115,118.604210,64.974846
2008-05-12,120.449333,118.126198,119.732315,65.592873
2008-05-13,121.128105,119.531548,121.013382,66.294678
2008-05-14,123.164436,120.650093,121.912048,66.786964
2008-05-15,123.021034,121.319313,122.810707,67.279266
2008-05-16,122.829826,121.223709,122.198853,66.944077
2008-05-19,122.571701,120.506691,120.927345,66.247536
2008-05-20,120.506691,118.977058,119.674950,65.561447
2008-05-21,120.841301,117.609940,118.183556,64.744408
2008-05-22,119.837479,118.116638,119.216064,65.310020
2008-05-23,119.416824,118.326958,118.738052,65.048157
2008-05-27,121.778206,118.546844,121.720840,66.682220
2008-05-28,123.843208,121.405357,123.843208,67.844910
2008-05-29,124.273422,123.001915,124.005737,67.933975
2008-05-30,124.273422,123.135757,123.738052,67.787300
2008-06-02,123.680687,121.128105,121.759079,66.703186
2008-06-03,123.326958,121.854683,122.217972,66.954590
2008-06-04,122.848946,120.889099,121.940727,66.802704
2008-06-05,123.365204,121.606117,122.820267,67.284546
2008-06-06,122.504784,119.254303,119.445503,65.435707
2008-06-09,120.630974,118.604210,120.325050,65.917580
2008-06-10,121.147224,119.149139,120.401527,65.959473
2008-06-11,120.363289,117.456978,117.829826,64.550652
2008-06-12,119.588913,117.715103,118.403442,64.864853
2008-06-13,121.003822,118.690247,120.602295,66.069420
2008-06-16,121.548759,119.168259,121.137665,66.362747
2008-06-17,121.510513,119.139580,119.598473,65.519547
2008-06-18,119.913956,118.260040,118.699806,65.027214
2008-06-19,120.095604,116.978966,119.521988,65.477638
2008-06-20,119.521988,117.112808,117.342255,64.283524
2008-06-23,119.024857,117.017204,118.030594,64.660591
2008-06-24,118.785851,116.539200,118.030594,64.660591
2008-06-25,120.296364,117.782028,119.101341,65.247192
2008-06-26,118.374763,115.449333,115.803062,63.440266
2008-06-27,116.682602,113.059273,114.770554,62.874653
2008-06-30,114.933075,112.954109,113.317398,62.078552
2008-07-01,114.110901,111.472275,114.024857,62.466141
2008-07-02,115.248566,112.925430,113.862335,62.377132
2008-07-03,115.468452,112.705544,114.282982,62.607536
2008-07-07,117.246651,114.359467,116.156792,63.634068
2008-07-08,118.537285,115.248566,118.432121,64.880562
2008-07-09,119.024857,115.105164,115.105164,63.057980
2008-07-10,118.107079,115.353729,117.762909,64.513954
2008-07-11,118.298279,115.267685,116.749519,63.958797
2008-07-14,118.785851,115.908218,116.195030,63.655037
2008-07-15,119.024857,114.627151,117.782028,64.524414
2008-07-16,121.309753,116.873802,120.401527,65.959473
2008-07-17,121.376671,118.546844,120.956024,66.263252
2008-07-18,124.282982,119.904396,124.177818,68.028229
2008-07-21,124.187378,122.026772,123.001915,67.384041
2008-07-22,124.282982,121.663483,124.282982,68.085808
2008-07-23,124.598473,122.648186,123.824089,67.834442
2008-07-24,125.172081,123.135757,124.282982,68.085808
2008-07-25,124.187378,122.370934,122.877632,67.315948
2008-07-28,122.791588,120.583176,120.697899,66.121826
2008-07-29,122.533463,120.697899,122.045891,66.860298
2008-07-30,123.326958,121.500954,123.193115,67.488777
2008-07-31,123.804970,122.122368,122.351814,67.027885
2008-08-01,123.613770,120.726578,121.070747,66.326088
2008-08-04,122.466537,120.697899,121.950287,66.807907
2008-08-05,123.231361,121.491394,123.202675,67.494026
2008-08-06,123.804970,122.131927,123.479927,67.909393
2008-08-07,124.254303,122.275337,123.374763,67.851540
2008-08-08,124.168259,122.017204,123.145317,67.725380
2008-08-11,122.782028,120.219887,121.032501,66.563408
2008-08-12,120.936905,118.929253,119.713196,65.837830
2008-08-13,121.405357,119.263863,120.267685,66.142769
2008-08-14,122.609940,119.311661,121.357552,66.742142
2008-08-15,121.596558,119.837479,120.803062,66.437241
2008-08-18,121.414917,118.240921,119.110901,65.506577
2008-08-19,119.302101,116.644356,117.170174,64.439285
2008-08-20,118.518166,116.644356,117.122368,64.412941
2008-08-21,118.001915,116.204590,117.581261,64.665337
2008-08-22,119.837479,117.399620,119.435944,65.685371
2008-08-25,119.435944,117.304016,117.456978,64.596954
2008-08-26,117.447418,116.156792,117.112808,64.407684
2008-08-27,119.359467,116.806885,117.954109,64.870361
2008-08-28,119.933075,118.145317,119.101341,65.501328
2008-08-29,118.537285,116.281075,116.376671,64.002853
2008-09-02,118.546844,112.715103,113.202675,62.257286
2008-09-03,113.432121,110.086044,113.135757,62.220478
2008-09-04,113.671127,109.847038,109.942642,60.464359
2008-09-05,110.028679,108.193115,109.302101,60.112099
2008-09-08,113.078392,110.076485,112.131927,61.668407
2008-09-09,112.906311,109.942642,109.980881,60.485413
2008-09-10,114.674950,110.994263,112.848946,62.062752
2008-09-11,114.120461,111.003822,113.957932,62.672646
2008-09-12,114.034416,111.682602,113.738052,62.551723
2008-09-15,113.202675,110.124283,110.124283,60.564285
2008-09-16,112.466537,108.336517,110.946465,61.016441
2008-09-17,110.420647,105.745697,106.567879,58.608391
2008-09-18,113.374763,106.156792,110.057358,60.527481
2008-09-19,118.546844,112.332695,113.623329,62.488609
2008-09-22,114.856598,110.917786,111.099426,61.100571
2008-09-23,112.973228,109.120461,110.286804,60.653664
2008-09-24,112.973228,109.235184,111.338432,61.232010
2008-09-25,116.625237,111.013382,114.827919,63.151112
2008-09-26,115.688339,111.864243,114.168259,62.788292
2008-09-29,113.221794,105.114723,109.426384,60.180481
2008-09-30,111.816444,106.892921,111.816444,61.494896
2008-10-01,111.663483,103.011475,105.286804,57.903828
2008-10-02,105.133842,98.508606,100.133842,55.069897
2008-10-03,106.070747,98.499046,98.891014,54.386375
2008-10-06,98.470360,92.351814,96.195030,52.903702
2008-10-07,98.107079,90.095604,91.443596,50.290600
2008-10-08,93.193115,86.022942,86.567879,47.609119
2008-10-09,91.118546,84.349907,85.086044,46.794186
2008-10-10,87.629066,79.837479,83.891014,46.136971
2008-10-13,89.493309,83.126198,88.154877,48.481911
2008-10-14,94.646271,87.954109,89.483749,49.212753
2008-10-15,91.099426,83.852776,84.407265,46.420868
2008-10-16,87.954109,80.640533,87.495216,48.119125
2008-10-17,91.692162,83.852776,86.787766,47.730061
2008-10-20,89.206497,85.401527,88.441681,48.639652
2008-10-21,88.393883,84.674950,84.952202,46.720570
2008-10-22,83.738052,77.246651,79.923515,43.954971
2008-10-23,82.112808,77.437859,80.640533,44.349316
2008-10-24,80.602295,75.353729,78.460800,43.150543
2008-10-27,80.783936,75.535370,76.156792,41.883415
2008-10-28,83.757172,76.022942,83.441681,45.889847
2008-10-29,86.998085,82.456978,84.321220,46.373550
2008-10-30,88.336517,84.990440,86.701721,47.682728
2008-10-31,90.047798,85.114723,88.881454,48.881516
2008-11-03,90.506691,88.116638,88.604210,48.729015
2008-11-04,90.592735,88.021034,89.292542,49.107578
2008-11-05,89.292542,85.755257,85.984703,47.288383
2008-11-06,84.923515,80.573616,81.405357,45.020218
2008-11-07,82.896751,80.544930,82.476097,45.612377
2008-11-10,84.225624,79.101341,80.181641,44.343452
2008-11-11,80.583176,76.720840,79.101341,43.745991
2008-11-12,78.776291,76.070747,76.233269,42.159851
2008-11-13,80.678780,72.084129,80.506691,44.523224
2008-11-14,81.644356,76.003822,76.797325,42.471794
2008-11-17,76.233269,73.766731,74.072655,40.964943
2008-11-18,77.370934,73.613770,76.558319,42.339626
2008-11-19,77.437859,72.399620,72.629066,40.166595
2008-11-20,74.942642,67.409180,68.585083,37.930122
2008-11-21,73.594643,66.443596,71.586998,39.590294
2008-11-24,78.479927,71.701721,76.376671,42.239151
2008-11-25,78.776291,74.780113,77.103249,42.640995
2008-11-26,78.193115,75.152962,78.078392,43.180275
2008-11-28,78.298279,76.577438,78.011475,43.143265
2008-12-01,77.782028,73.413002,73.518166,40.658306
2008-12-02,76.481834,72.791588,76.328873,42.212730
2008-12-03,77.437859,73.604210,77.122368,42.651539
2008-12-04,77.275337,72.829826,74.034416,40.943806
2008-12-05,77.915871,71.998085,77.045891,42.609268
2008-12-08,82.103249,78.135757,81.128105,44.866879
2008-12-09,81.673042,78.585083,79.053535,43.719570
2008-12-10,81.252388,78.231361,79.216064,43.809452
2008-12-11,79.216064,76.261948,77.036331,42.603966
2008-12-12,79.292542,74.627151,78.585083,43.460484
2008-12-15,79.866158,76.481834,79.130020,43.761856
2008-12-16,83.021034,79.225624,82.600380,45.681103
2008-12-17,83.432121,80.936905,82.065010,45.385014
2008-12-18,82.829826,79.311661,80.305923,44.412205
2008-12-19,81.472275,79.321220,79.847038,44.158405
2008-12-22,79.780113,76.787766,78.384323,43.349468
2008-12-23,79.168259,76.606117,77.055450,42.614552
2008-12-24,77.648186,76.405357,76.978966,42.572243
2008-12-26,78.202675,77.007645,77.753349,43.000511
2008-12-29,78.126198,76.175911,77.676865,42.958221
2008-12-30,79.961761,77.934990,79.875717,44.174263
2008-12-31,81.261948,79.827919,80.458893,44.496773
2009-01-02,83.738052,80.200768,83.527725,46.193962
2009-01-05,83.814529,82.390060,83.001915,45.903168
2009-01-06,86.434036,82.571701,85.305923,47.177376
2009-01-07,84.894836,83.288719,83.929253,46.416012
2009-01-08,84.263863,82.198853,83.346077,46.093491
2009-01-09,83.652008,80.544930,80.975143,44.782291
2009-01-12,82.791588,80.707458,81.940727,45.316307
2009-01-13,82.782028,81.061188,81.586998,45.120667
2009-01-14,81.089867,78.499046,79.531548,43.983948
2009-01-15,81.099426,78.642448,80.420647,44.475632
2009-01-16,81.969406,79.426384,81.185471,44.898613
2009-01-20,81.185471,78.164436,78.374763,43.344185
2009-01-21,87.571701,82.217972,87.399620,48.335258
2009-01-22,86.749519,84.235184,86.108986,47.621479
2009-01-23,86.711281,83.948372,85.554497,47.314846
2009-01-26,88.594643,85.583176,87.571701,48.430447
2009-01-27,87.925430,86.520073,87.629066,48.462166
2009-01-28,90.764816,87.868073,90.650093,50.132889
2009-01-29,90.420647,87.973228,88.441681,48.911549
2009-01-30,89.369026,87.237091,87.619499,48.456856
2009-02-02,87.820267,85.745697,86.931168,48.076195
2009-02-03,89.608032,86.195030,89.369026,49.424400
2009-02-04,90.736137,87.782028,88.747612,49.080769
2009-02-05,89.101341,87.208412,88.346077,48.858685
2009-02-06,92.829826,87.619499,91.912048,51.107334
2009-02-09,92.715103,90.554497,92.562141,51.468803
2009-02-10,92.562141,88.871895,89.168259,49.581650
2009-02-11,91.558319,88.910133,90.975143,50.586369
2009-02-12,91.013382,88.145317,90.889099,50.538525
2009-02-13,90.994263,89.455070,89.713196,49.884651
2009-02-17,88.422562,86.520073,86.682602,48.199512
2009-02-18,88.193115,86.462715,87.485657,48.646053
2009-02-19,88.107079,84.560226,85.019119,47.274544
2009-02-20,85.946465,83.499046,84.885277,47.200115
2009-02-23,85.401527,80.487572,80.659653,44.850483
2009-02-24,83.250481,80.401527,82.600380,45.929615
2009-02-25,83.288719,79.206497,82.122368,45.663826
2009-02-26,86.233269,82.533463,85.057358,47.295815
2009-02-27,89.177818,84.139580,87.982796,48.922470
2009-03-02,87.858505,84.847038,85.133842,47.338326
2009-03-03,86.214149,83.355644,83.910133,46.657890
2009-03-04,87.227531,83.747612,85.554497,47.572239
2009-03-05,86.195030,83.193115,83.632889,46.503738
2009-03-06,84.369026,80.124283,82.036331,45.615986
2009-03-09,82.982796,79.369026,79.808792,44.377361
2009-03-10,83.413002,79.961761,83.413002,46.381485
2009-03-11,85.602295,82.906311,84.722755,47.109753
2009-03-12,86.615677,83.642448,86.424477,48.055996
2009-03-13,86.663483,85.363289,86.386230,48.034733
2009-03-16,88.910133,86.558319,87.208412,48.491898
2009-03-17,88.824089,86.472275,88.824089,49.390297
2009-03-18,88.814529,85.478012,87.906311,48.879944
2009-03-19,89.244743,87.485657,88.585083,49.257389
2009-03-20,90.822182,88.126198,88.441681,49.177635
2009-03-23,94.369026,89.579353,94.369026,52.473511
2009-03-24,95.172081,93.231361,93.977058,52.255569
2009-03-25,95.468452,91.864243,93.642448,52.069504
2009-03-26,94.837479,93.451241,94.435944,52.510727
2009-03-27,91.778206,88.671127,90.009560,50.049465
2009-03-30,90.573616,87.762909,90.363289,50.246136
2009-03-31,94.321220,90.678780,92.629066,51.506012
2009-04-01,93.690247,91.491394,93.317398,51.888771
2009-04-02,97.504784,94.053535,96.386230,53.595200
2009-04-03,98.145317,95.325050,97.724663,54.339409
2009-04-06,97.370934,95.602295,97.093689,53.988567
2009-04-07,96.080307,94.187378,94.407265,52.494781
2009-04-08,97.084129,94.646271,96.739960,53.791866
2009-04-09,97.944550,95.841301,97.227531,54.063007
2009-04-13,97.179733,94.684509,95.554497,53.132706
2009-04-14,95.554497,93.948372,94.904396,52.771206
2009-04-15,94.703636,92.198853,94.502869,52.547947
2009-04-16,97.437859,94.818359,96.969406,53.919460
2009-04-17,97.552582,95.305923,96.816444,53.834404
2009-04-20,96.739960,94.847038,96.013382,53.387863
2009-04-21,97.973228,93.881454,97.810707,54.387238
2009-04-22,99.292542,96.615677,98.040154,54.514835
2009-04-23,98.260040,95.411087,96.959846,53.914120
2009-04-24,97.112808,95.124283,95.678780,53.201778
2009-04-27,97.217972,94.923515,95.554497,53.132706
2009-04-28,98.212234,94.885277,97.456978,54.190563
2009-04-29,100.382408,97.198853,99.464630,55.306931
2009-04-30,101.386230,98.326958,98.671127,54.865715
2009-05-01,100.248566,98.413002,100.009560,55.609940
2009-05-04,102.055450,100.009560,101.520073,56.449844
2009-05-05,102.122368,100.869980,101.195030,56.269085
2009-05-06,100.860420,99.149139,100.019119,55.905735
2009-05-07,100.191208,97.351814,98.078392,54.820965
2009-05-08,99.187378,95.439774,97.026772,54.233143
2009-05-11,99.311661,96.510513,98.374763,54.986591
2009-05-12,99.789673,97.868073,99.369026,55.542336
2009-05-13,98.565964,96.892921,97.762909,54.644596
2009-05-14,98.193115,96.338432,96.606117,53.998016
2009-05-15,98.537285,96.147224,96.912048,54.169025
2009-05-18,100.105164,97.456978,99.980881,55.884335
2009-05-19,101.453156,99.426384,100.869980,56.381321
2009-05-20,101.319313,99.244743,99.474190,55.601143
2009-05-21,98.709366,97.265778,98.298279,54.943882
2009-05-22,98.766731,97.275337,97.409180,54.446880
2009-05-26,100.984703,96.577438,100.401527,56.119484
2009-05-27,100.544930,98.384323,98.403442,55.002621
2009-05-28,100.516251,98.164436,100.086044,55.943123
2009-05-29,101.816444,99.378586,101.606117,56.792778
2009-06-01,103.891014,101.978966,103.604210,57.909618
2009-06-02,104.015297,101.969406,102.131927,57.086662
2009-06-03,101.912048,100.487572,101.806885,56.904987
2009-06-04,102.170174,100.956024,101.653923,56.819489
2009-06-05,103.632889,102.055450,102.523903,57.305748
2009-06-08,103.231361,100.860420,102.762909,57.439365
2009-06-09,104.340347,103.240921,103.384323,57.786705
2009-06-10,104.474190,102.342255,103.585083,57.898903
2009-06-11,105.774376,103.785851,104.588913,58.460026
2009-06-12,104.474190,103.011475,103.451241,57.824112
2009-06-15,104.043976,102.523903,102.887192,57.508839
2009-06-16,104.340347,102.552582,102.600380,57.348495
2009-06-17,103.135757,102.179733,102.294456,57.177502
2009-06-18,102.801147,101.453156,101.653923,56.819489
2009-06-19,101.959846,100.860420,101.233269,56.584385
2009-06-22,101.223709,99.646271,99.923515,55.852287
2009-06-23,100.258125,99.225624,99.847038,55.809536
2009-06-24,101.797325,99.158699,99.569794,55.654556
2009-06-25,102.093689,98.957932,101.395790,56.675201
2009-06-26,101.816444,100.430206,101.032501,56.472137
2009-06-29,101.510513,100.535370,101.175911,56.552307
2009-06-30,101.367111,99.244743,99.827919,55.798859
2009-07-01,101.596558,100.124283,100.229446,56.023289
2009-07-02,99.340347,97.256210,97.256210,54.361389
2009-07-06,97.734222,96.051628,97.179733,54.318634
2009-07-07,97.476097,95.630974,95.783936,53.538456
2009-07-08,96.720840,95.124283,96.252388,53.800304
2009-07-09,98.260040,96.414917,97.590820,54.548405
2009-07-10,97.246651,95.411087,96.395790,53.880436
2009-07-13,99.091782,95.783936,99.063095,55.371361
2009-07-14,99.063095,98.011475,98.709366,55.173618
2009-07-15,102.504784,100.000000,102.504784,57.295105
2009-07-16,106.089867,102.093689,105.774376,59.122646
2009-07-17,110.449333,108.183556,110.344170,61.676888
2009-07-20,111.739960,109.359467,111.319313,62.221962
2009-07-21,111.892921,110.305923,111.892921,62.542587
2009-07-22,112.045891,110.028679,110.487572,61.757076
2009-07-23,112.810707,110.000000,111.912048,62.553303
2009-07-24,112.954109,111.500954,112.466537,62.863243
2009-07-27,112.734222,111.443596,112.456978,62.857838
2009-07-28,112.351814,111.223709,112.122368,62.670830
2009-07-29,112.122368,110.946465,112.103249,62.660168
2009-07-30,114.120461,112.495216,112.676865,62.980778
2009-07-31,113.757172,112.390060,112.743790,63.018185
2009-08-03,114.684509,113.470360,114.646271,64.081566
2009-08-04,114.531548,113.785851,114.340347,63.910595
2009-08-05,113.766731,112.676865,113.260040,63.306732
2009-08-06,113.193115,111.567879,112.217972,63.016815
2009-08-07,114.636711,112.915871,114.082214,64.063721
2009-08-10,113.948372,112.782028,113.479927,63.725513
2009-08-11,113.288719,112.160614,112.609940,63.236946
2009-08-12,114.684509,112.256210,114.043976,64.042252
2009-08-13,114.512428,113.413002,114.321220,64.197906
2009-08-14,114.474190,112.447418,113.355644,63.655720
2009-08-17,112.275337,111.099426,111.720840,62.737679
2009-08-18,112.810707,111.596558,112.456978,63.151020
2009-08-19,113.546844,111.013382,113.355644,63.655720
2009-08-20,114.158699,112.906311,113.718925,63.859711
2009-08-21,114.732315,113.336517,114.627151,64.369728
2009-08-24,115.564056,113.862335,114.072655,64.058319
2009-08-25,114.866158,113.489487,113.604210,63.795300
2009-08-26,114.579353,112.342255,114.216064,64.138885
2009-08-27,114.330788,112.667305,114.177818,64.117393
2009-08-28,114.942642,112.590820,113.021034,63.467793
2009-08-31,112.868073,111.778206,112.858505,63.376518
2009-09-01,113.699806,111.376671,111.558319,62.646416
2009-09-02,112.084129,110.898659,110.984703,62.324284
2009-09-03,111.596558,110.086044,111.214149,62.453140
2009-09-04,112.332695,111.099426,112.294456,63.059792
2009-09-08,112.973228,111.500954,112.007645,62.898697
2009-09-09,112.495216,111.051628,111.625237,62.683975
2009-09-10,112.648186,111.615677,112.495216,63.172527
2009-09-11,114.005737,112.304016,112.858505,63.376518
2009-09-14,113.757172,111.797325,113.652008,63.822117
2009-09-15,114.196938,112.963669,114.101341,64.074432
2009-09-16,116.634796,114.053535,116.462715,65.400482
2009-09-17,117.380501,115.726578,116.520073,65.432693
2009-09-18,117.476097,116.271507,116.739960,65.556198
2009-09-21,116.711281,115.564056,116.223709,65.266266
2009-09-22,116.739960,115.659653,116.261948,65.287766
2009-09-23,117.342255,115.401527,115.506691,64.863647
2009-09-24,116.300194,115.105164,115.621414,64.928055
2009-09-25,116.300194,114.818359,115.755257,65.003235
2009-09-28,116.634796,113.709366,114.082214,64.063721
2009-09-29,114.665390,113.384323,113.585083,63.784546
2009-09-30,114.722755,112.380501,114.349907,64.214058
2009-10-01,114.349907,112.390060,112.715103,63.296001
2009-10-02,114.397705,112.103249,113.785851,63.897297
2009-10-05,114.894836,112.934990,114.483749,64.289200
2009-10-06,116.242828,114.933075,116.013382,65.148163
2009-10-07,117.447418,115.621414,117.380501,65.915871
2009-10-08,117.571701,116.491394,116.912048,65.652817
2009-10-09,120.458893,116.921608,120.391968,67.607010
2009-10-12,121.510513,119.694077,121.453156,68.202934
2009-10-13,121.787766,120.650093,121.434036,68.192184
2009-10-14,122.954109,121.032501,122.705544,68.906219
2009-10-15,122.370934,120.764816,122.351814,68.707550
2009-10-16,118.260040,115.917786,116.290634,65.303848
2009-10-19,117.934990,116.261948,117.648186,66.066200
2009-10-20,118.068832,116.156792,117.418739,65.937378
2009-10-21,118.652008,115.544930,115.554497,64.890495
2009-10-22,117.590820,115.047798,117.294456,65.867561
2009-10-23,117.648186,114.722755,115.066925,64.616653
2009-10-26,117.055450,114.292542,114.827919,64.482468
2009-10-27,116.768639,113.910133,115.344170,64.772385
2009-10-28,116.328873,114.598473,116.156792,65.228706
2009-10-29,117.619499,116.252388,117.466537,65.964218
2009-10-30,117.829826,115.181641,115.305923,64.750900
2009-11-02,116.567879,114.244743,115.258125,64.724052
2009-11-03,115.860420,114.273422,115.831741,65.046150
2009-11-04,117.112808,115.831741,115.956024,65.115974
2009-11-05,118.068832,116.634796,117.686424,66.087708
2009-11-06,118.059273,116.854683,118.059273,66.594589
2009-11-09,120.458893,118.059273,120.458893,67.948196
2009-11-10,121.462715,119.665390,121.328873,68.438911
2009-11-11,121.701721,120.401527,121.596558,68.589920
2009-11-12,122.036331,120.564056,120.707458,68.088379
2009-11-13,122.179733,120.717018,121.443596,68.503609
2009-11-16,122.600380,121.443596,122.571701,69.139961
2009-11-17,122.992355,121.797325,122.973228,69.366455
2009-11-18,122.705544,121.940727,122.514343,69.107605
2009-11-19,122.217972,120.946465,121.931168,68.778648
2009-11-20,122.074570,120.898659,121.376671,68.465881
2009-11-23,123.269600,122.036331,122.562141,69.134567
2009-11-24,122.676865,121.548759,122.304016,68.988976
2009-11-25,122.581261,121.491394,121.682602,68.638435
2009-11-27,121.051628,118.795410,120.172081,67.786385
2009-11-30,121.032501,119.426384,120.793503,68.136887
2009-12-01,122.743790,121.271507,122.313576,68.994354
2009-12-02,122.743790,121.567879,121.615677,68.600677
2009-12-03,122.820267,121.653923,121.940727,68.784019
2009-12-04,123.231361,120.458893,121.653923,68.622276
2009-12-07,121.921608,121.022942,121.453156,68.509010
2009-12-08,121.749519,120.611855,121.223709,68.379593
2009-12-09,122.743790,120.564056,122.743790,69.237053
2009-12-10,123.776291,122.456978,123.652008,69.749382
2009-12-11,124.063095,123.049713,123.977058,69.932671
2009-12-14,124.263863,123.900574,124.216064,70.067513
2009-12-15,124.149139,122.313576,122.839386,69.290970
2009-12-16,123.900574,122.705544,123.049713,69.409607
2009-12-17,122.906311,121.529640,121.797325,68.703156
2009-12-18,122.743790,121.414917,122.284897,68.978157
2009-12-21,123.269600,122.065010,122.992355,69.377228
2009-12-22,124.263863,123.508606,124.216064,70.067513
2009-12-23,124.282982,123.613770,124.282982,70.105240
2009-12-24,124.827919,123.785851,124.827919,70.412659
2009-12-28,126.491394,124.971321,126.491394,71.350960
2009-12-29,126.548759,126.003822,126.051628,71.102905
2009-12-30,126.845123,124.933075,126.739960,71.491158
2009-12-31,127.007645,125.000000,125.143402,70.590591
2010-01-04,127.122368,125.095604,126.625237,71.426453
2010-01-05,126.051628,124.378586,125.095604,70.563629
2010-01-06,125.707458,124.101341,124.282982,70.105240
2010-01-07,124.521988,123.240921,123.852776,69.862602
2010-01-08,125.162521,123.374763,125.095604,70.563629
2010-01-11,125.296364,123.011475,123.785851,69.824814
2010-01-12,125.554497,123.326958,124.770554,70.380280
2010-01-13,125.353729,123.479927,124.502869,70.229301
2010-01-14,126.873802,124.196938,126.491394,71.350960
2010-01-15,127.045891,125.325050,125.984703,71.065155
2010-01-19,128.346085,125.774376,128.240921,72.337845
2010-01-20,125.382408,123.279160,124.521988,70.240059
2010-01-21,124.942642,122.428299,123.326958,69.565948
2010-01-22,123.221794,119.856598,119.980881,67.678558
2010-01-25,121.309753,120.181641,120.573616,68.012878
2010-01-26,122.131927,119.894836,120.219887,67.813324
2010-01-27,121.376671,119.541107,120.774376,68.126091
2010-01-28,121.453156,117.638626,118.307838,66.734818
2010-01-29,119.502869,116.539200,117.007645,66.001396
2010-02-01,119.455070,117.380501,119.187378,67.230927
2010-02-02,120.277245,118.499046,120.009560,67.694717
2010-02-03,120.525810,119.569794,120.133842,67.764816
2010-02-04,119.923515,117.495216,117.590820,66.330338
2010-02-05,118.279160,116.472275,118.087952,66.610764
2010-02-08,117.801147,116.386230,116.520073,66.020325
2010-02-09,118.738052,117.074570,117.791588,66.740791
2010-02-10,118.212234,116.835564,117.409180,66.524101
2010-02-11,118.738052,116.692162,118.288719,67.022453
2010-02-12,118.594643,116.261948,118.546844,67.168709
2010-02-16,119.722755,118.652008,119.722755,67.834991
2010-02-17,120.965584,119.703636,120.774376,68.430840
2010-02-18,122.370934,120.458893,122.189293,69.232521
2010-02-19,122.428299,121.290634,121.596558,68.896683
2010-02-22,121.826004,120.755257,121.271507,68.712517
2010-02-23,122.045891,120.458893,120.898659,68.501244
2010-02-24,122.629066,121.233269,121.978966,69.113342
2010-02-25,121.644356,120.047798,121.481834,68.831688
2010-02-26,122.370934,121.166351,121.567879,68.880432
2010-03-01,123.164436,121.864243,122.915871,69.644203
2010-03-02,123.413002,121.539200,121.816444,69.021255
2010-03-03,122.390060,121.108986,121.300194,68.728752
2010-03-04,121.481834,119.952202,121.147224,68.642082
2010-03-05,121.940727,121.453156,121.653923,68.929199
2010-03-08,121.892921,120.803062,120.850861,68.474159
2010-03-09,120.736137,119.694077,120.028679,68.008324
2010-03-10,120.803062,119.703636,120.095604,68.046227
2010-03-11,122.189293,120.181641,121.988525,69.118774
2010-03-12,122.724663,121.902489,122.313576,69.302925
2010-03-15,122.695984,121.682602,122.208412,69.243362
2010-03-16,123.212234,121.845123,123.011475,69.698380
2010-03-17,123.260040,121.759079,122.141495,69.205444
2010-03-18,123.087952,121.845123,122.734222,69.541283
2010-03-19,123.260040,121.204590,122.093689,69.178352
2010-03-22,122.743790,121.003822,122.351814,69.324608
2010-03-23,123.738052,122.026772,123.680687,70.077568
2010-03-24,124.235184,122.820267,122.877632,69.622536
2010-03-25,124.980881,123.451241,123.556404,70.007133
2010-03-26,124.072655,123.059273,123.575523,70.017975
2010-03-29,124.235184,122.619499,122.934990,69.655037
2010-03-30,123.451241,122.609940,123.107079,69.752541
2010-03-31,123.087952,122.036331,122.609940,69.470848
2010-04-01,123.623329,121.940727,122.609940,69.470848
2010-04-05,124.091782,122.504784,123.661568,70.066719
2010-04-06,123.613770,122.418739,123.260040,69.839188
2010-04-07,123.585083,122.380501,122.829826,69.595444
2010-04-08,122.590820,121.606117,121.998085,69.124199
2010-04-09,123.202675,121.529640,123.097511,69.747131
2010-04-12,123.288719,122.600380,122.715103,69.530426
2010-04-13,123.738052,122.217972,123.355644,69.893372
2010-04-14,125.640533,123.766731,125.478012,71.095924
2010-04-15,125.372849,124.464630,125.133842,70.900894
2010-04-16,126.357552,124.521988,124.885277,70.760048
2010-04-19,126.462715,124.646271,126.414917,71.626762
2010-04-20,124.598473,122.619499,123.986618,70.250893
2010-04-21,124.541107,122.848946,123.317398,69.871704
2010-04-22,123.671127,122.151054,123.451241,69.947533
2010-04-23,124.378586,123.049713,124.273422,70.413399
2010-04-26,125.277245,123.843208,124.980881,70.814232
2010-04-27,126.195030,123.049713,123.154877,69.779610
2010-04-28,124.732315,123.355644,124.378586,70.472992
2010-04-29,125.439774,124.426384,124.722755,70.667992
2010-04-30,124.894836,123.173996,123.326958,69.877113
2010-05-03,124.416824,123.135757,123.900574,70.202133
2010-05-04,123.260040,121.003822,122.485657,69.400452
2010-05-05,122.590820,121.290634,121.854683,69.042931
2010-05-06,122.304016,110.898659,118.470360,67.469452
2010-05-07,118.919693,114.722755,116.730400,66.478523
2010-05-10,121.099426,119.560226,120.717018,68.748947
2010-05-11,122.772469,119.646271,121.309753,69.086456
2010-05-12,127.007645,121.424477,126.845123,72.238899
2010-05-13,127.246651,125.095604,125.697899,71.585541
2010-05-14,125.879539,123.718925,125.420647,71.427696
2010-05-17,125.965584,123.040154,124.703636,71.019310
2010-05-18,126.185471,124.187378,124.235184,70.752525
2010-05-19,124.760994,122.198853,123.193115,70.159050
2010-05-20,122.332695,118.240921,118.355644,67.404106
2010-05-21,120.086044,116.061188,119.904396,68.286133
2010-05-24,120.478012,118.585083,118.977058,67.758034
2010-05-25,119.455070,116.128105,119.043976,67.796104
2010-05-26,120.401527,117.590820,117.810707,67.093742
2010-05-27,120.831741,119.282982,120.831741,68.814262
2010-05-28,120.726578,118.824089,119.751434,68.198997
2010-06-01,121.300194,118.738052,118.871895,67.698112
2010-06-02,121.892921,118.881454,121.806885,69.369583
2010-06-03,122.581261,120.898659,122.332695,69.669060
2010-06-04,121.510513,119.187378,119.770554,68.209885
2010-06-07,120.325050,118.671127,118.671127,67.583771
2010-06-08,118.986618,117.418739,118.279160,67.360558
2010-06-09,120.305923,118.145317,118.451241,67.458557
2010-06-10,122.581261,120.267685,122.065010,69.516594
2010-06-11,123.135757,120.879539,122.801147,69.935829
2010-06-14,124.254303,122.839386,122.848946,69.963058
2010-06-15,124.235184,122.724663,124.082214,70.665398
2010-06-16,124.933075,122.695984,124.617592,70.970291
2010-06-17,125.267685,124.149139,125.219887,71.313354
2010-06-18,125.478012,124.407265,124.426384,70.861435
2010-06-21,126.137665,124.493309,124.904396,71.133659
2010-06-22,125.688339,123.393883,123.613770,70.398643
2010-06-23,125.688339,123.413002,124.388145,70.839661
2010-06-24,124.024857,122.084129,122.552582,69.794266
2010-06-25,123.422562,121.529640,121.529640,69.211716
2010-06-28,123.776291,121.625237,123.307838,70.224442
2010-06-29,122.753349,118.661568,119.588913,68.106476
2010-06-30,119.713196,117.590820,118.049713,67.229889
2010-07-01,118.747612,116.261948,117.179733,66.734421
2010-07-02,117.868073,115.305923,116.500954,66.347847
2010-07-06,119.149139,116.797325,118.030594,67.218971
2010-07-07,121.529640,118.040154,121.414917,69.146378
2010-07-08,122.514343,121.166351,122.342255,69.674500
2010-07-09,122.562141,121.692162,122.332695,69.669060
2010-07-12,123.164436,121.567879,123.011475,70.055634
2010-07-13,125.219887,123.030594,124.741875,71.041084
2010-07-14,125.812622,123.460800,124.971321,71.171768
2010-07-15,125.162521,123.852776,124.971321,71.171768
2010-07-16,124.426384,122.227531,122.399620,69.707176
2010-07-19,124.646271,122.724663,124.082214,70.665398
2010-07-20,120.994263,117.523903,120.984703,68.901382
2010-07-21,120.936905,119.139580,119.760994,68.204422
2010-07-22,122.160614,120.506691,121.864243,69.402267
2010-07-23,123.135757,121.414917,122.734222,69.897736
2010-07-26,122.782028,121.548759,122.762909,69.914047
2010-07-27,123.489487,122.265778,122.973228,70.033836
2010-07-28,123.661568,122.256210,122.782028,69.924957
2010-07-29,123.804970,121.548759,122.390060,69.701752
2010-07-30,123.307838,121.453156,122.753349,69.908615
2010-08-02,125.430206,123.565964,125.009560,71.193550
2010-08-03,125.277245,123.642448,124.636711,70.981194
2010-08-04,125.717018,124.139580,125.497131,71.471199
2010-08-05,126.175911,124.789673,126.032501,71.776115
2010-08-06,124.741875,123.097511,124.416824,71.207077
2010-08-09,126.520073,124.665390,126.195030,72.224785
2010-08-10,126.663483,125.019119,126.042068,72.137260
2010-08-11,124.942642,123.766731,124.120461,71.037445
2010-08-12,123.116638,121.912048,122.657745,70.200310
2010-08-13,122.810707,121.730400,122.246651,69.965019
2010-08-16,122.590820,121.376671,122.151054,69.910309
2010-08-17,124.139580,122.275337,122.801147,70.282356
2010-08-18,124.474190,122.179733,123.699806,70.796692
2010-08-19,123.891014,122.390060,123.231361,70.528618
2010-08-20,123.307838,121.376671,121.892921,69.762581
2010-08-23,122.399620,120.879539,120.908218,69.199005
2010-08-24,120.478012,119.091782,119.407265,68.339989
2010-08-25,120.076485,118.546844,119.760994,68.542404
2010-08-26,120.248566,117.380501,117.380501,67.180000
2010-08-27,119.311661,117.036331,119.244743,68.246956
2010-08-30,119.760994,117.973228,117.973228,67.519226
2010-08-31,118.537285,116.902489,117.715103,67.371490
2010-09-01,120.755257,119.043976,120.239006,68.816010
2010-09-02,120.678780,119.168259,119.541107,68.416557
2010-09-03,121.988525,120.363289,121.969406,69.806358
2010-09-07,121.759079,120.344170,120.411087,68.914459
2010-09-08,120.956024,119.875717,120.535370,68.985611
2010-09-09,121.959846,120.602295,120.803062,69.138817
2010-09-10,122.648186,120.707458,122.361374,70.030708
2010-09-13,124.282982,122.868073,123.910133,70.917084
2010-09-14,124.206497,122.782028,123.183556,70.501251
2010-09-15,124.244743,122.887192,123.738052,70.818588
2010-09-16,124.235184,123.135757,123.967499,70.949890
2010-09-17,124.856598,123.996178,124.464630,71.234459
2010-09-20,126.281075,124.388145,125.994263,72.109871
2010-09-21,126.959846,125.028679,126.175911,72.213844
2010-09-22,126.749519,125.621414,126.739960,72.536659
2010-09-23,126.940727,125.449333,125.879539,72.044228
2010-09-24,128.250473,126.520073,128.212234,73.379303
2010-09-27,129.063095,127.638626,128.728485,73.674744
2010-09-28,129.196945,127.829826,128.957932,73.806076
2010-09-29,129.827911,128.432129,129.521988,74.128891
2010-09-30,130.124283,127.791588,128.240921,73.395706
2010-10-01,130.286804,129.149139,129.674957,74.216454
2010-10-04,129.942642,128.479919,129.302109,74.003044
2010-10-05,131.835571,130.133850,131.606125,75.321693
2010-10-06,131.892929,130.812622,131.778198,75.420197
2010-10-07,132.772461,131.472275,132.619507,75.901672
2010-10-08,132.973236,131.988525,132.743790,75.972824
2010-10-11,133.785858,132.543015,133.518158,76.415993
2010-10-12,133.833649,132.189301,133.699814,76.519974
2010-10-13,135.258133,133.632889,134.196945,76.804512
2010-10-14,135.277252,133.546844,135.277252,77.422791
2010-10-15,135.850861,134.359467,134.856598,77.182053
2010-10-18,136.739960,134.646271,136.548752,78.150528
2010-10-19,133.212234,130.688339,131.959854,75.524170
2010-10-20,133.718933,132.055450,132.954117,76.093193
2010-10-21,134.311661,132.313583,133.680695,76.509033
2010-10-22,134.560226,133.326965,133.527725,76.421478
2010-10-25,135.181641,133.661575,133.690247,76.514503
2010-10-26,135.755264,132.437866,134.483749,76.968651
2010-10-27,135.344162,132.887192,135.210327,77.384483
2010-10-28,135.707458,134.244736,134.703629,77.094490
2010-10-29,137.667297,134.560226,137.284897,78.571785
2010-11-01,137.915863,136.061188,137.017212,78.418617
2010-11-02,138.346085,137.390060,137.514343,78.703117
2010-11-03,138.107071,136.357559,137.829834,78.883720
2010-11-04,140.382416,138.346085,140.334610,80.317245
2010-11-05,140.468445,139.263855,140.458893,80.388382
2010-11-08,140.133850,138.862335,140.019119,80.492813
2010-11-09,141.042068,139.225616,139.713196,80.316917
2010-11-10,140.334610,139.225616,140.105164,80.542274
2010-11-11,139.101334,137.045883,139.034424,79.926697
2010-11-12,139.359467,137.237091,137.418732,78.997910
2010-11-15,138.384323,136.969406,137.323135,78.942955
2010-11-16,137.074570,134.971313,135.984711,78.173546
2010-11-17,136.223709,135.172089,135.707458,78.014137
2010-11-18,138.613770,136.472275,138.011475,79.338654
2010-11-19,138.957932,137.657745,138.671127,79.717896
2010-11-22,139.034424,137.246658,138.996170,79.904755
2010-11-23,138.173996,136.070740,136.883362,78.690147
2010-11-24,140.000000,137.495224,139.397705,80.135559
2010-11-26,138.910141,137.256210,137.571701,79.085831
2010-11-29,137.351822,135.277252,136.606125,78.530785
2010-11-30,136.481842,135.066925,135.238998,77.744850
2010-12-01,138.747604,137.198853,138.059280,79.366142
2010-12-02,139.435944,137.954117,138.795410,79.789330
2010-12-03,139.273422,137.906311,138.986618,79.899246
2010-12-06,139.455063,138.164429,138.613770,79.684929
2010-12-07,139.866150,137.543015,137.686417,79.151779
2010-12-08,139.244736,137.514343,138.604202,79.679382
2010-12-09,139.521988,137.208420,137.954117,79.305702
2010-12-10,138.575531,137.409180,138.451248,79.591499
2010-12-13,139.005737,137.868073,137.934998,79.294670
2010-12-14,139.588913,137.915863,139.407272,80.141068
2010-12-15,139.311661,137.963669,138.355637,79.536514
2010-12-16,138.929260,137.810699,138.193115,79.443100
2010-12-17,139.101334,138.049713,138.623322,79.690399
2010-12-20,139.139572,138.040146,138.154877,79.421097
2010-12-21,139.569794,137.982788,139.330780,80.097084
2010-12-22,139.961761,139.177826,139.531555,80.212509
2010-12-23,139.894836,138.938812,139.474182,80.179543
2010-12-27,139.292542,138.623322,138.948380,79.877258
2010-12-28,139.722748,138.680695,139.302109,80.080635
2010-12-29,141.013382,139.302109,140.076477,80.525757
2010-12-30,140.640533,139.818359,140.219879,80.608231
2010-12-31,140.602295,139.541107,140.305923,80.657684
2011-01-03,141.682602,140.669220,140.994263,81.053391
2011-01-04,141.701721,140.191208,141.147232,81.141304
2011-01-05,140.994263,140.277252,140.583176,80.817047
2011-01-06,142.246658,140.363297,142.122375,81.701920
2011-01-07,142.313583,140.478012,141.424469,81.300697
2011-01-10,141.548752,140.755264,141.147232,81.141304
2011-01-11,141.826004,140.296371,140.803055,80.943466
2011-01-12,142.724670,141.175903,142.543015,81.943718
2011-01-13,142.724670,141.730408,142.275330,81.789841
2011-01-14,143.403442,141.940720,143.403442,82.438347
2011-01-18,144.799240,142.810699,144.024857,82.795570
2011-01-19,149.263855,146.108994,148.843216,85.565491
2011-01-20,149.101334,147.657745,148.948380,85.625938
2011-01-21,149.885284,148.145309,148.661575,85.461105
2011-01-24,152.762909,148.499039,152.609940,87.730896
2011-01-25,157.122375,152.007645,154.340347,88.725655
2011-01-26,154.780121,153.365204,153.957932,88.505814
2011-01-27,155.047806,153.785858,153.986618,88.522301
2011-01-28,154.799240,151.692154,152.208420,87.500069
2011-01-31,154.875717,151.701721,154.875717,89.033401
2011-02-01,156.730408,154.875717,156.367111,89.890762
2011-02-02,156.405350,155.458893,156.118546,89.747887
2011-02-03,156.978973,155.650101,156.338425,89.874290
2011-02-04,156.921600,156.042068,156.787766,90.132553
2011-02-07,157.734222,156.806885,157.571701,90.583252
2011-02-08,158.938812,157.093689,158.747604,91.620567
2011-02-09,158.671127,156.883362,157.409180,90.848083
2011-02-10,157.743790,156.003830,156.873810,90.539116
2011-02-11,157.753342,156.128113,156.644363,90.406670
2011-02-14,157.151047,155.688339,156.042068,90.059074
2011-02-15,156.376678,155.372849,155.678772,89.849411
2011-02-16,156.405350,155.592728,156.214142,90.158371
2011-02-17,157.428299,155.688339,157.017212,90.621902
2011-02-18,157.590820,156.883362,157.590820,90.952911
2011-02-22,157.036331,154.665390,154.827911,89.358337
2011-02-23,155.525818,153.097519,153.135757,88.381691
2011-02-24,154.177826,152.036331,153.699814,88.707230
2011-02-25,155.200760,153.785858,155.143402,89.540413
2011-02-28,155.822174,154.149139,154.761002,89.319710
2011-03-01,155.975143,152.848953,152.934998,88.265869
2011-03-02,154.024857,152.399612,153.116638,88.370659
2011-03-03,156.787766,154.177826,156.290634,90.202522
2011-03-04,157.084137,153.585083,154.713196,89.292122
2011-03-07,155.812622,151.864243,152.896744,88.243774
2011-03-08,156.242828,152.208420,155.143402,89.540413
2011-03-09,160.344162,156.099426,158.565964,91.515724
2011-03-10,157.428299,154.282990,154.894836,89.396973
2011-03-11,156.061188,153.766724,155.286804,89.623161
2011-03-14,154.856598,153.049713,154.292542,89.049370
2011-03-15,152.619507,149.980881,152.026764,87.741661
2011-03-16,150.076477,145.038239,146.271515,84.420029
2011-03-17,147.705551,145.984711,147.399612,85.071121
2011-03-18,150.047806,147.533463,149.034424,86.014641
2011-03-21,152.609940,150.162521,150.745697,87.002266
2011-03-22,151.634796,150.592728,151.051620,87.178879
2011-03-23,153.040146,150.602295,152.514343,88.023041
2011-03-24,153.642441,151.854691,153.001907,88.304428
2011-03-25,155.583176,153.690247,155.047806,89.485245
2011-03-28,155.430206,154.034424,154.273422,89.038322
2011-03-29,155.917786,154.063095,155.717010,89.871490
2011-03-30,156.778198,155.850861,156.405350,90.268761
2011-03-31,156.845123,155.898666,155.898666,89.976341
2011-04-01,157.189301,155.869980,157.045883,90.638435
2011-04-04,157.485657,156.386230,157.026764,90.627396
2011-04-05,157.456985,156.424469,156.778198,90.483940
2011-04-06,157.504776,156.606125,156.826004,90.511520
2011-04-07,157.313583,156.099426,157.151047,90.699112
2011-04-08,157.151047,155.984711,156.835571,90.517036
2011-04-11,156.787766,155.936905,156.739960,90.461891
2011-04-12,156.567871,155.162521,156.070740,90.075638
2011-04-13,157.676865,156.462708,156.739960,90.461891
2011-04-14,158.087952,155.984711,157.715103,91.024673
2011-04-15,159.024857,157.619507,158.900574,91.708878
2011-04-18,158.852768,155.697891,158.642441,91.559860
2011-04-19,159.063095,157.208420,158.126190,91.261917
2011-04-20,158.594650,155.057358,157.504776,90.903229
2011-04-21,161.042068,157.609940,160.879547,92.851006
2011-04-25,161.347992,159.875717,160.296371,92.514442
2011-04-26,161.759079,160.038239,161.080307,92.966896
2011-04-27,163.087952,161.051620,162.877625,94.004189
2011-04-28,163.843216,162.237091,163.269592,94.230431
2011-04-29,165.391968,162.982788,163.078400,94.120064
2011-05-02,165.908218,163.948380,164.579346,94.986313
2011-05-03,165.850861,163.699814,165.267685,95.383629
2011-05-04,165.028687,162.131927,163.116638,94.142174
2011-05-05,163.355637,160.133850,161.051620,92.950333
2011-05-06,162.667297,160.841293,161.462708,93.604309
2011-05-09,162.380493,160.908218,161.663483,93.720718
2011-05-10,163.384323,161.778198,162.887192,94.430161
2011-05-11,163.021027,160.439774,162.045883,93.942383
2011-05-12,165.172089,161.233276,164.665390,95.460983
2011-05-13,164.579346,161.988525,162.447418,94.175156
2011-05-16,163.135757,160.908218,161.434036,93.587662
2011-05-17,163.871887,159.206497,163.001907,94.496643
2011-05-18,163.661575,162.007645,162.944550,94.463371
2011-05-19,163.862335,161.873810,163.087952,94.546486
2011-05-20,163.623322,161.931168,162.676865,94.308189
2011-05-23,161.271515,159.722748,160.860428,93.255157
2011-05-24,161.252396,160.143402,160.602295,93.105522
2011-05-25,160.994263,160.143402,160.372849,92.972504
2011-05-26,160.133850,158.604202,159.827911,92.656578
2011-05-27,161.061188,159.655838,160.133850,92.833946
2011-05-31,162.418732,160.439774,161.500961,93.626488
2011-06-01,162.122375,159.177826,159.235184,92.312965
2011-06-02,159.751434,158.422562,158.785858,92.052475
2011-06-03,158.594650,156.912048,157.791580,91.476112
2011-06-06,158.298279,157.045883,157.504776,91.309753
2011-06-07,157.973236,156.414917,156.491394,90.722321
2011-06-08,157.600388,156.080307,157.112808,91.082581
2011-06-09,158.661575,157.514343,157.590820,91.359688
2011-06-10,157.590820,155.707458,156.003830,90.439651
2011-06-13,157.227539,155.573608,155.994263,90.434097
2011-06-14,157.332703,156.453156,156.902481,90.960632
2011-06-15,156.223709,154.416824,155.191208,89.968552
2011-06-16,156.434036,154.665390,155.516251,90.157013
2011-06-17,157.839386,156.386230,157.208420,91.137993
2011-06-20,158.326965,156.395798,157.762909,91.459427
2011-06-21,159.416824,156.787766,158.910141,92.124504
2011-06-22,159.474182,157.839386,158.393875,91.825233
2011-06-23,159.397705,156.596558,158.814529,92.069092
2011-06-24,158.642441,157.332703,157.810699,91.487137
2011-06-27,160.841293,157.944550,160.248566,92.900452
2011-06-28,163.193115,160.621414,162.533463,94.225098
2011-06-29,163.346085,162.351822,163.040146,94.518784
2011-06-30,164.866150,163.240921,164.005737,95.078590
2011-07-01,166.969406,163.948380,166.864243,96.735718
2011-07-05,167.715103,165.889099,167.715103,97.228989
2011-07-06,169.952194,167.390060,169.894836,98.492638
2011-07-07,169.474182,168.374756,168.718933,97.810966
2011-07-08,168.728485,167.313583,168.728485,97.816483
2011-07-11,168.403442,166.931168,167.294449,96.985092
2011-07-12,167.657745,166.242828,166.395798,96.464134
2011-07-13,168.565964,166.347992,166.653915,96.613800
2011-07-14,168.355637,166.195023,166.567871,96.563919
2011-07-15,168.202682,166.414917,167.820267,97.289963
2011-07-18,168.699814,165.946457,167.571701,97.145866
2011-07-19,177.065002,170.793503,177.065002,102.649376
2011-07-20,176.309753,174.952194,175.573608,101.784782
2011-07-21,177.342255,174.856598,176.768646,102.477623
2011-07-22,177.466537,176.156784,177.036331,102.632759
2011-07-25,176.826004,175.219879,175.621414,101.812500
2011-07-26,175.956024,174.617584,174.885284,101.385750
2011-07-27,174.866150,172.973236,173.374756,100.510071
2011-07-28,175.210327,172.925430,173.804977,100.759476
2011-07-29,175.363297,171.826004,173.852768,100.787201
2011-08-01,175.611862,170.650101,172.801147,100.177551
2011-08-02,174.273422,170.038239,170.219879,98.681084
2011-08-03,171.347992,167.695984,170.965576,99.113380
2011-08-04,170.095596,163.652008,163.938812,95.039787
2011-08-05,166.558319,159.196945,165.372849,95.871140
2011-08-08,165.019119,158.699814,158.910141,92.525658
2011-08-09,163.527725,154.875717,163.107071,94.969368
2011-08-10,161.787766,154.732315,155.391968,90.477242
2011-08-11,161.347992,155.774384,159.397705,92.809547
2011-08-12,161.931168,158.537292,160.803055,93.627861
2011-08-15,166.347992,162.896744,165.382416,96.294220
2011-08-16,164.617584,161.567871,163.709366,95.320068
2011-08-17,165.382416,162.418732,163.938812,95.453659
2011-08-18,159.139572,153.116638,156.625244,91.195290
2011-08-19,156.730408,150.219879,150.611862,87.693993
2011-08-22,154.569794,150.688339,151.988525,88.495560
2011-08-23,157.351822,152.514343,157.093689,91.468063
2011-08-24,159.493301,156.166351,159.426392,92.826271
2011-08-25,161.118546,157.600388,158.298279,92.169449
2011-08-26,161.883362,156.099426,161.701721,94.151123
2011-08-29,165.124283,162.868073,165.028687,96.088211
2011-08-30,165.879547,163.365204,164.923523,96.026985
2011-08-31,166.080307,163.202682,164.349899,95.692993
2011-09-01,166.042068,162.638626,162.839386,94.813499
2011-09-02,161.500961,158.699814,159.636703,92.948738
2011-09-06,158.269592,155.066925,157.848953,91.907791
2011-09-07,160.516251,158.852768,159.952194,93.132446
2011-09-08,162.122375,157.839386,157.982788,91.985741
2011-09-09,157.925430,153.738052,154.273422,89.825935
2011-09-12,155.296371,151.778198,155.277252,90.410446
2011-09-13,156.711288,154.435944,156.242828,90.972610
2011-09-14,162.198853,154.866150,159.885284,93.093483
2011-09-15,162.676865,159.875717,162.609940,94.679909
2011-09-16,165.382416,162.275330,165.382416,96.294220
2011-09-19,166.223709,161.978973,165.516251,96.372108
2011-09-20,169.627151,165.105164,167.036331,97.257187
2011-09-21,169.856598,165.028687,165.411087,96.310875
2011-09-22,162.495224,159.177826,161.204590,93.861618
2011-09-23,162.084137,158.470367,161.892929,94.262444
2011-09-26,167.017212,162.390060,166.835571,97.140244
2011-09-27,171.720840,168.671127,169.894836,98.921516
2011-09-28,172.801147,169.292542,169.741867,98.832481
2011-09-29,172.954117,167.810699,171.290634,99.734253
2011-09-30,170.430206,167.065002,167.179733,97.340691
2011-10-03,170.095596,165.430206,165.669220,96.461159
2011-10-04,167.370941,161.453156,167.055450,97.268303
2011-10-05,169.502869,165.086044,169.072662,98.442818
2011-10-06,173.986618,167.934998,173.699814,101.137024
2011-10-07,175.640533,173.652008,174.369019,101.526611
2011-10-10,178.422562,174.856598,178.412994,103.881287
2011-10-11,177.820267,176.013382,176.864243,102.979469
2011-10-12,179.732315,177.485657,177.934998,103.602928
2011-10-13,179.254303,176.386230,178.604202,103.992638
2011-10-14,182.151047,179.474182,182.151047,106.057739
2011-10-17,181.797318,177.724670,178.384323,103.864586
2011-10-18,171.491394,168.499039,171.032501,99.583923
2011-10-19,171.902481,169.225616,169.588913,98.743408
2011-10-20,171.357559,168.422562,169.455063,98.665512
2011-10-21,173.680695,170.889099,173.642441,101.103592
2011-10-24,175.325043,172.676865,174.235184,101.448738
2011-10-25,174.923523,172.093689,172.428299,100.396645
2011-10-26,174.263855,171.156784,173.967499,101.292816
2011-10-27,178.776291,175.124283,177.705551,103.469337
2011-10-28,179.799240,177.131927,179.206497,104.343300
2011-10-31,178.690247,176.510513,176.510513,102.773567
2011-11-01,175.200760,172.791580,173.374756,100.947723
2011-11-02,177.103256,174.980881,175.831741,102.378365
2011-11-03,179.521988,175.927338,179.063095,104.259743
2011-11-04,178.910141,176.615677,178.183563,103.747658
2011-11-07,179.474182,176.625244,179.082214,104.270874
2011-11-08,179.617584,177.351822,179.015289,104.650940
2011-11-09,177.093689,173.193115,174.225616,101.850975
2011-11-10,176.644363,173.871887,175.286804,102.471298
2011-11-11,179.569794,176.998093,179.139572,104.723602
2011-11-14,181.491394,178.632889,179.110901,104.706833
2011-11-15,181.615677,177.476105,180.449326,105.489265
2011-11-16,181.548752,178.107071,178.412994,104.298866
2011-11-17,180.525818,175.325043,177.562134,103.801468
2011-11-18,178.747604,176.539200,177.093689,103.527588
2011-11-21,175.869980,172.084137,173.499039,101.426170
2011-11-22,174.933075,172.361374,173.336517,101.331238
2011-11-23,173.508606,169.713196,170.124283,99.453323
2011-11-25,171.663483,169.273422,169.273422,98.955925
2011-11-28,174.885284,172.724670,174.196945,101.834167
2011-11-29,175.248566,172.887192,172.982788,101.124435
2011-11-30,180.066925,176.108994,179.732315,105.070152
2011-12-01,181.634796,178.556412,181.118546,105.880508
2011-12-02,182.915863,181.118546,181.319305,105.997894
2011-12-05,185.095596,182.007645,182.447418,106.657394
2011-12-06,185.019119,181.950287,184.455063,107.831017
2011-12-07,186.328873,182.868073,185.516251,108.451347
2011-12-08,185.277252,182.667297,183.154877,107.070900
2011-12-09,186.300186,183.938812,186.003830,108.736427
2011-12-12,185.372849,182.810699,183.728485,107.406250
2011-12-13,185.755264,182.256210,182.743790,106.830582
2011-12-14,181.912048,179.732315,180.420654,105.472511
2011-12-15,182.791580,178.671127,179.235184,104.779510
2011-12-16,179.741867,173.910141,175.497131,102.594292
2011-12-19,176.567871,174.235184,174.847031,102.214233
2011-12-20,179.091782,176.634796,179.005737,104.645378
2011-12-21,175.430206,171.166351,173.489487,101.420616
2011-12-22,174.761002,173.040146,174.034424,101.739166
2011-12-23,176.720840,173.891006,176.625244,103.253784
2011-12-27,177.676865,176.281067,176.816437,103.365524
2011-12-28,177.246658,175.277252,175.898666,102.829002
2011-12-29,178.040146,175.917786,177.992355,104.052948
2011-12-30,178.279160,175.764816,175.793503,102.767502
2012-01-03,180.411087,177.820267,178.107071,104.120018
2012-01-04,178.135757,176.806885,177.380493,103.695259
2012-01-05,176.892929,175.047806,176.539200,103.203423
2012-01-06,176.367111,174.292542,174.512421,102.018608
2012-01-09,174.254303,172.342255,173.604202,101.487701
2012-01-10,175.640533,173.231354,173.336517,101.331238
2012-01-11,174.770554,172.562134,174.302109,101.895699
2012-01-12,173.910141,170.535370,172.609940,100.906448
2012-01-13,171.711288,169.550674,171.281067,100.129593
2012-01-17,173.996170,171.434036,172.084137,100.599075
2012-01-18,173.613770,171.606125,173.107071,101.197075
2012-01-19,174.340347,172.418732,172.581268,100.889679
2012-01-20,180.659653,176.625244,180.229446,105.360725
2012-01-23,182.141495,179.416824,181.625244,106.176682
2012-01-24,183.843216,180.229446,183.489487,107.266586
2012-01-25,183.785858,181.271515,183.298279,107.154755
2012-01-26,184.311661,182.093689,182.581268,106.735573
2012-01-27,183.336517,181.462708,182.084137,106.444992
2012-01-30,184.254303,179.942642,184.034424,107.585144
2012-01-31,184.608032,182.600388,184.130020,107.641014
2012-02-01,186.242828,183.948380,184.149139,107.652168
2012-02-02,184.827911,182.915863,183.107071,107.042999
2012-02-03,185.592728,184.072662,185.124283,108.222221
2012-02-06,185.238998,183.556412,184.340347,107.763916
2012-02-07,185.602295,183.527725,184.847031,108.060158
2012-02-08,185.066925,183.298279,184.464630,108.256500
2012-02-09,185.908218,184.082214,184.636703,108.357536
2012-02-10,183.967499,182.868073,183.957932,107.959160
2012-02-13,185.172089,183.307846,184.149139,108.071365
2012-02-14,184.130020,182.437866,183.766724,107.846962
2012-02-15,184.933075,182.848953,183.795410,107.863777
2012-02-16,184.751434,183.556412,184.531555,108.295822
2012-02-17,185.334610,183.843216,184.913956,108.520203
2012-02-21,185.697891,183.996170,184.885284,108.503380
2012-02-22,186.175903,184.273422,185.344162,108.772682
2012-02-23,190.468445,184.780121,188.919693,110.871063
2012-02-24,189.827911,187.963669,189.063095,110.955231
2012-02-27,189.971313,187.476105,188.843216,110.826157
2012-02-28,190.210327,188.747604,189.273422,111.078667
2012-02-29,190.411087,187.810699,188.078400,110.377350
2012-03-01,189.741867,188.269592,188.843216,110.826157
2012-03-02,190.143402,188.393875,190.066925,111.544334
2012-03-05,192.342255,189.579346,191.835571,112.582260
2012-03-06,190.860428,188.154877,188.585083,110.674660
2012-03-07,189.837479,188.632889,189.072662,110.960846
2012-03-08,191.195023,189.913956,191.022949,112.105408
2012-03-09,192.256210,190.936905,191.797318,112.559860
2012-03-12,192.705551,191.424469,192.160614,112.773071
2012-03-13,194.933075,192.743790,194.818359,114.332771
2012-03-14,196.128113,194.684509,195.717010,114.860199
2012-03-15,197.112808,195.736145,196.940720,115.578316
2012-03-16,198.393875,196.950287,196.950287,115.583977
2012-03-19,197.447418,195.506699,196.673035,115.421265
2012-03-20,195.984711,194.741867,195.267685,114.596504
2012-03-21,196.720840,195.315491,195.688339,114.843384
2012-03-22,196.931168,194.990433,196.453156,115.292213
2012-03-23,196.902481,195.564056,196.443588,115.286621
2012-03-26,198.776291,197.246658,198.632889,116.571419
2012-03-27,199.483749,197.896744,198.068832,116.240410
2012-03-28,199.512421,197.198853,198.173996,116.302071
2012-03-29,199.330780,196.959854,199.110901,116.851929
2012-03-30,199.923523,198.862335,199.474182,117.065163
2012-04-02,200.468445,198.938812,200.258133,117.525208
2012-04-03,201.424469,199.369019,200.286804,117.542068
2012-04-04,197.877625,196.166351,196.988525,115.606384
2012-04-05,196.634796,195.468445,196.434036,115.280960
2012-04-09,197.103256,194.426392,195.927338,114.983597
2012-04-10,196.692154,193.279160,193.432129,113.519272
2012-04-11,195.334610,193.556412,193.671127,113.659538
2012-04-12,196.520081,193.728485,196.290634,115.196808
2012-04-13,195.650101,193.881454,193.881454,113.782959
2012-04-16,196.912048,193.804977,193.804977,113.738060
2012-04-17,198.508606,195.172089,198.326965,116.391861
2012-04-18,195.095596,191.204590,191.328873,112.284904
2012-04-19,192.409180,188.833649,190.736145,111.937050
2012-04-20,191.319305,190.334610,190.822174,111.987564
2012-04-23,190.344162,188.135757,189.885284,111.437691
2012-04-24,193.575531,190.124283,191.204590,112.211990
2012-04-25,194.732315,192.925430,194.617584,114.214973
2012-04-26,197.141495,194.455063,196.539200,115.342659
2012-04-27,199.015289,196.854691,197.715103,116.032799
2012-04-30,198.814529,197.246658,197.973236,116.184280
2012-05-01,199.741867,197.619507,198.852768,116.700485
2012-05-02,199.110901,197.810699,198.910141,116.734123
2012-05-03,199.732315,197.466537,198.126190,116.274025
2012-05-04,198.001907,195.411087,195.975143,115.011681
2012-05-07,195.764816,193.977051,194.789673,114.315971
2012-05-08,194.130020,190.936905,192.619507,113.515892
2012-05-09,194.072662,190.305923,192.380493,113.375076
2012-05-10,194.311661,191.223709,191.778198,113.020134
2012-05-11,193.231354,191.156784,192.323135,113.341263
2012-05-14,191.883362,189.827911,190.669220,112.366562
2012-05-15,192.609940,190.019119,190.286804,112.141190
2012-05-16,192.495224,189.464630,190.946457,112.529938
2012-05-17,191.959854,188.948380,189.187378,111.493294
2012-05-18,190.038239,186.577438,187.265778,110.360847
2012-05-21,189.225616,186.070740,189.063095,111.420059
2012-05-22,189.541107,187.437866,188.164429,110.890411
2012-05-23,187.848953,184.703629,187.495224,110.496056
2012-05-24,187.648178,185.468445,187.466537,110.479118
2012-05-25,187.380493,185.468445,185.755264,109.470627
2012-05-29,189.369019,186.634796,187.820267,110.687599
2012-05-30,186.873810,185.248566,185.975143,109.600235
2012-05-31,186.357559,183.556412,184.416824,108.681816
2012-06-01,183.288712,180.305923,180.764816,106.529625
2012-06-04,181.051620,178.776291,180.248566,106.225380
2012-06-05,181.500961,179.311661,180.879547,106.597298
2012-06-06,185.468445,181.663483,185.458893,109.296005
2012-06-07,187.217972,185.411087,185.889099,109.549500
2012-06-08,186.558319,184.225616,186.558319,109.943901
2012-06-11,188.049713,183.910141,184.043976,108.462143
2012-06-12,186.108994,183.690247,185.994263,109.611488
2012-06-13,186.606125,183.891006,184.608032,108.794533
2012-06-14,187.217972,184.263855,186.520081,109.921341
2012-06-15,190.506699,186.806885,190.344162,112.174995
2012-06-18,190.860428,188.499039,189.569794,111.718636
2012-06-19,191.195023,190.057358,190.181641,112.079254
2012-06-20,190.956024,188.814529,190.038239,111.994698
2012-06-21,190.678772,184.694077,184.885284,108.957893
2012-06-22,186.309753,184.722748,185.181641,109.132591
2012-06-25,184.885284,183.250473,184.378586,108.659332
2012-06-26,185.162521,182.361374,183.508606,108.146645
2012-06-27,185.181641,182.504776,184.512421,108.738197
2012-06-28,183.632889,180.592728,182.982788,107.836739
2012-06-29,187.198853,183.948380,186.978973,110.191795
2012-07-02,188.527725,186.281067,187.217972,110.332672
2012-07-03,187.705551,186.338425,187.313583,110.388969
2012-07-05,188.193115,185.114716,186.701721,110.028442
2012-07-06,185.411087,181.395798,182.992355,107.842323
2012-07-09,182.600388,179.780121,181.328873,106.862030
2012-07-10,182.734222,177.437866,178.068832,104.940819
2012-07-11,179.120453,175.439774,177.103256,104.371773
2012-07-12,176.281067,173.852768,175.038239,103.154816
2012-07-13,178.135757,174.980881,177.829834,104.799957
2012-07-16,177.915863,176.462708,176.663483,104.112602
2012-07-17,178.097519,175.143402,175.573608,103.470276
2012-07-18,180.296371,175.478012,179.971313,106.062004
2012-07-19,188.193115,184.483749,186.749527,110.056587
2012-07-20,186.328873,183.718933,183.986618,108.428307
2012-07-23,182.887192,179.923523,182.437866,107.515617
2012-07-24,182.906311,180.267685,181.969406,107.239479
2012-07-25,184.292542,180.994263,182.676865,107.656441
2012-07-26,186.376678,184.101334,185.420654,109.273445
2012-07-27,188.728485,185.420654,187.753342,110.648163
2012-07-30,189.139572,187.304016,188.030594,110.811562
2012-07-31,188.891006,187.265778,187.361374,110.417191
2012-08-01,189.149139,186.156784,186.596558,109.966415
2012-08-02,187.954117,184.531555,185.898666,109.555099
2012-08-03,190.200760,187.533463,189.789673,111.848206
2012-08-06,191.147232,189.789673,190.019119,111.983414
2012-08-07,192.045883,190.057358,191.137665,112.642647
2012-08-08,190.908218,189.445511,190.277252,112.614326
2012-08-09,190.688339,189.187378,189.694077,112.269218
2012-08-10,190.602295,188.565964,190.525818,112.761429
2012-08-13,191.185471,189.091782,190.258133,112.603065
2012-08-14,190.564056,189.024857,189.569794,112.195656
2012-08-15,190.564056,189.216064,189.674957,112.257889
2012-08-16,192.466537,189.407272,192.007645,113.638504
2012-08-17,193.116638,191.835571,192.370941,113.853508
2012-08-20,192.284897,191.233276,191.682602,113.446060
2012-08-21,192.160614,189.646271,189.913956,112.399338
2012-08-22,189.913956,188.240921,188.575531,111.607178
2012-08-23,188.690247,186.845123,187.093689,110.730194
2012-08-24,189.397705,185.659653,189.072662,111.901459
2012-08-27,189.579346,187.007645,187.084137,110.724541
2012-08-28,187.485657,185.946457,186.300186,110.260559
2012-08-29,187.418732,186.328873,186.500961,110.379364
2012-08-30,186.873810,184.684509,184.866150,109.411804
2012-08-31,187.332703,184.952194,186.281067,110.249229
2012-09-04,188.499039,184.751434,185.984711,110.073830
2012-09-05,187.237091,185.363297,186.462708,110.356720
2012-09-06,190.688339,187.485657,190.344162,112.653984
2012-09-07,190.726578,189.369019,190.726578,112.880264
2012-09-10,192.944550,189.990433,192.112808,113.700706
2012-09-11,194.512421,191.692154,194.330780,115.013382
2012-09-12,195.650101,194.034424,194.808792,115.296288
2012-09-13,197.715103,194.512421,197.284897,116.761772
2012-09-14,198.518158,196.988525,197.715103,117.016380
2012-09-17,198.843216,196.510513,198.040146,117.208809
2012-09-18,198.738052,197.399612,197.963669,117.163506
2012-09-19,198.441681,196.950287,197.351822,116.801384
2012-09-20,197.887192,196.271515,197.112808,116.659904
2012-09-21,198.795410,196.864243,196.921600,116.546722
2012-09-24,196.998093,195.889099,196.261948,116.156395
2012-09-25,198.202682,195.936905,195.965576,115.980965
2012-09-26,196.921600,194.933075,195.028687,115.426437
2012-09-27,197.801147,195.162521,196.854691,116.507126
2012-09-28,199.158707,196.281067,198.326965,117.378563
2012-10-01,202.437866,198.795410,201.214142,119.087280
2012-10-02,202.170166,199.330780,200.611862,118.730843
2012-10-03,202.007645,200.095596,201.252396,119.109886
2012-10-04,201.692154,199.359467,201.137665,119.041992
2012-10-05,202.476105,200.822174,201.328873,119.155174
2012-10-08,201.376678,200.009567,200.592728,118.719536
2012-10-09,201.472275,198.565964,198.843216,117.684044
2012-10-10,199.072662,196.032501,196.768646,116.456261
2012-10-11,198.154877,196.587006,196.711288,116.422279
2012-10-12,198.814529,196.520081,198.661575,117.576546
2012-10-15,200.191208,198.680695,199.741867,118.215897
2012-10-16,201.720840,200.258133,201.720840,119.387161
2012-10-17,194.464630,189.818359,191.806885,113.519623
2012-10-18,191.338425,185.535370,186.386230,110.311493
2012-10-19,187.456985,184.684509,184.856598,109.406158
2012-10-22,186.118546,183.977051,185.850861,109.994637
2012-10-23,185.468445,182.543015,182.839386,108.212296
2012-10-24,184.789673,182.179733,182.332703,107.912453
2012-10-25,183.977051,182.323135,183.173996,108.410339
2012-10-26,185.344162,183.049713,184.770554,109.355217
2012-10-31,187.772461,185.114716,185.975143,110.068184
2012-11-01,189.187378,185.994263,188.479919,111.550652
2012-11-02,189.292542,184.789673,184.923523,109.445786
2012-11-05,186.395798,183.565964,185.602295,109.847488
2012-11-06,188.097519,186.118546,186.491394,110.373703
2012-11-07,185.162521,182.753342,182.753342,108.634743
2012-11-08,183.374756,181.730408,181.739960,108.032402
2012-11-09,183.212234,180.573608,181.300186,107.770927
2012-11-12,182.380493,179.168259,180.927338,107.549309
2012-11-13,182.485657,179.971313,180.038239,107.020798
2012-11-14,180.946457,177.131927,177.351822,105.423889
2012-11-15,178.967499,176.653915,177.676865,105.617088
2012-11-16,179.311661,176.959854,178.718933,106.236542
2012-11-19,182.017212,180.019119,181.978973,108.174431
2012-11-20,181.749527,179.971313,180.879547,107.520889
2012-11-21,182.495224,180.640533,181.921600,108.140335
2012-11-23,184.980881,182.409180,184.980881,109.958870
2012-11-26,184.866150,183.336517,184.397705,109.612190
2012-11-27,184.560226,182.600388,182.820267,108.674500
2012-11-28,183.594650,180.946457,183.537292,109.100754
2012-11-29,184.416824,181.835571,183.107071,108.844986
2012-11-30,183.556412,181.166351,181.711288,108.015289
2012-12-03,182.887192,180.076477,181.147232,107.679977
2012-12-04,182.361374,180.707458,181.032501,107.611801
2012-12-05,181.128113,178.718933,180.353729,107.208305
2012-12-06,181.816437,180.124283,181.357559,107.805016
2012-12-07,183.747604,181.749527,183.508606,109.083694
2012-12-10,185.028687,183.221802,184.149139,109.464455
2012-12-11,186.233276,184.655838,185.659653,110.362343
2012-12-12,186.185471,183.996170,184.464630,109.651993
2012-12-13,184.560226,182.954117,183.546844,109.106461
2012-12-14,184.894836,182.848953,183.326965,108.975723
2012-12-17,185.382416,183.326965,185.105164,110.032715
2012-12-18,187.304016,185.315491,187.084137,111.209084
2012-12-19,187.810699,186.424469,186.500961,110.862427
2012-12-20,186.376678,184.665390,186.204590,110.686310
2012-12-21,185.946457,183.145309,184.913956,109.919075
2012-12-24,185.305923,183.575531,183.938812,109.339401
2012-12-26,185.019119,182.552582,183.508606,109.083694
2012-12-27,184.780121,182.313583,184.235184,109.515633
2012-12-28,183.766724,181.481842,181.481842,107.878860
2012-12-31,183.250473,180.535370,183.126190,108.856361
2013-01-02,187.715103,185.277252,187.715103,111.584145
2013-01-03,187.657745,185.889099,186.682602,110.970398
2013-01-04,185.908218,184.302109,185.458893,110.243050
2013-01-07,185.258133,183.881454,184.646271,109.759918
2013-01-08,184.799240,183.173996,184.388138,109.606476
2013-01-09,184.980881,183.221802,183.862335,109.293930
2013-01-10,184.474182,182.868073,184.397705,109.612190
2013-01-11,186.424469,184.416824,185.898666,110.504425
2013-01-14,184.780121,183.317398,184.149139,109.464455
2013-01-15,184.254303,182.017212,184.034424,109.396263
2013-01-16,184.684509,182.934998,184.120453,109.447350
2013-01-17,185.908218,184.741867,185.133850,110.049820
2013-01-18,186.424469,185.277252,185.917786,110.515800
2013-01-22,187.456985,185.478012,187.456985,111.430725
2013-01-23,199.407272,194.416824,195.717010,116.340775
2013-01-24,196.042068,194.149139,195.430206,116.170273
2013-01-25,196.156784,195.152969,195.956024,116.482819
2013-01-28,197.151047,195.305923,195.917786,116.460136
2013-01-29,196.682602,194.684509,194.933075,115.874771
2013-01-30,195.869980,194.254303,194.569794,115.658836
2013-01-31,195.478012,194.034424,194.139572,115.403061
2013-02-01,196.319305,194.875717,196.156784,116.602203
2013-02-04,196.003830,194.617584,194.827911,115.812256
2013-02-05,195.745697,193.604202,193.871887,115.243973
2013-02-06,192.437866,190.783936,192.179733,114.718948
2013-02-07,192.074570,189.942642,190.956024,113.988457
2013-02-08,193.202682,190.898666,192.810699,115.095612
2013-02-11,193.068832,190.965576,191.357559,114.228149
2013-02-12,191.912048,190.267685,191.242828,114.159691
2013-02-13,192.112808,190.793503,191.290634,114.188194
2013-02-14,191.510513,190.497131,190.869980,113.937119
2013-02-15,192.399612,191.032501,192.141495,114.696098
2013-02-19,193.011475,191.414917,191.510513,114.319466
2013-02-20,192.848953,190.114716,190.544937,113.743111
2013-02-21,190.315491,189.397705,189.608032,113.183800
2013-02-22,192.246658,190.095596,192.246658,114.758919
2013-02-25,193.585083,188.824097,188.824097,112.715866
2013-02-26,191.108994,189.139572,190.382416,113.646095
2013-02-27,193.833649,189.866150,193.432129,115.466530
2013-02-28,194.187378,191.959854,191.998093,114.610565
2013-03-01,194.015289,190.592728,193.986618,115.797516
2013-03-04,196.166351,193.642441,196.166351,117.098701
2013-03-05,198.565964,196.644363,197.447418,117.863419
2013-03-06,199.321228,197.571701,199.216064,118.919182
2013-03-07,200.382416,199.082214,200.210327,119.512680
2013-03-08,201.472275,200.219879,201.128113,120.060509
2013-03-11,200.956024,199.847031,200.841293,119.889313
2013-03-12,201.462708,199.894836,201.290634,120.157593
2013-03-13,203.021027,200.544937,202.734222,121.019333
2013-03-14,206.367111,202.820267,206.309753,123.153618
2013-03-15,206.405350,204.024857,205.468445,122.651497
2013-03-18,205.066925,203.288712,203.833649,121.675621
2013-03-19,205.659653,202.514343,204.053543,121.806862
2013-03-20,206.328873,204.875717,205.602295,122.731346
2013-03-21,203.632889,200.869980,202.925430,121.133430
2013-03-22,203.795410,202.313583,202.753342,121.030724
2013-03-25,203.451248,200.812622,201.472275,120.266014
2013-03-26,203.154877,202.198853,203.021027,121.190491
2013-03-27,202.829834,200.860428,201.615677,120.351631
2013-03-28,204.053543,200.516251,203.919693,121.726921
2013-04-01,204.110901,201.959854,203.040146,121.201866
2013-04-02,205.267685,202.265778,204.933075,122.331833
2013-04-03,205.439774,203.279160,203.307846,121.361679
2013-04-04,203.565964,200.803055,202.017212,120.591263
2013-04-05,200.611862,197.265778,200.200760,119.506958
2013-04-08,200.114716,198.212234,200.114716,119.455627
2013-04-09,200.764816,199.435944,200.019119,119.398552
2013-04-10,203.164429,201.214142,202.676865,120.985107
2013-04-11,203.718933,201.577438,203.556412,121.510117
2013-04-12,202.189301,200.554489,202.084137,120.631279
2013-04-15,202.380493,200.057358,200.057358,119.421333
2013-04-16,202.676865,200.000000,202.676865,120.985107
2013-04-17,201.806885,200.286804,200.449326,119.655342
2013-04-18,201.003830,197.084137,198.040146,118.217224
2013-04-19,187.858505,181.414917,181.644363,108.430031
2013-04-22,182.963669,179.426392,179.569794,107.191620
2013-04-23,184.082214,180.315491,183.183563,109.348808
2013-04-24,184.034424,182.686417,183.279160,109.405846
2013-04-25,186.587006,183.862335,185.420654,110.684196
2013-04-26,186.147232,184.751434,185.764816,110.889648
2013-04-29,190.898666,186.089859,190.391968,113.651756
2013-04-30,193.680695,188.671127,193.632889,115.586388
2013-05-01,193.279160,190.439774,190.850861,113.925682
2013-05-02,193.527725,190.965576,193.489487,115.500793
2013-05-03,196.290634,194.789673,195.516251,116.710663
2013-05-06,195.019119,192.657745,193.862335,115.723366
2013-05-07,194.770554,192.782028,194.674957,116.208435
2013-05-08,195.841293,193.604202,195.812622,117.435440
2013-05-09,195.984711,193.804977,194.302109,116.529518
2013-05-10,195.535370,193.900574,195.478012,117.234695
2013-05-13,195.478012,193.326965,193.565964,116.088028
2013-05-14,194.713196,193.193115,194.273422,116.512291
2013-05-15,194.722748,193.154877,194.378586,116.575394
2013-05-16,197.504776,195.028687,195.688339,117.360893
2013-05-17,200.286804,195.975143,199.273422,119.510994
2013-05-20,199.952194,198.298279,198.470367,119.029343
2013-05-21,200.267685,197.896744,199.474182,119.631386
2013-05-22,200.908218,197.055450,197.887192,118.679596
2013-05-23,199.435944,196.108994,197.093689,118.203697
2013-05-24,197.351822,195.430206,196.673035,117.951447
2013-05-28,199.416824,198.049713,198.642441,119.132599
2013-05-29,199.254303,196.978973,198.776291,119.212837
2013-05-30,201.711288,197.868073,200.152969,120.038460
2013-05-31,202.657745,198.871887,198.871887,119.270180
2013-06-03,200.812622,198.212234,199.761002,119.803391
2013-06-04,199.808792,196.061188,197.122375,118.220978
2013-06-05,197.217972,193.499039,193.824097,116.242859
2013-06-06,195.219879,192.609940,194.837479,116.850601
2013-06-07,197.275330,195.133850,197.275330,118.312675
2013-06-10,197.877625,195.889099,196.003830,117.550110
2013-06-11,196.892929,193.604202,195.009567,116.953857
2013-06-12,196.204590,191.692154,192.351822,115.359879
2013-06-13,195.411087,191.529633,194.808792,116.833405
2013-06-14,195.736145,192.934998,193.307846,115.933212
2013-06-17,196.147232,193.642441,194.110901,116.414856
2013-06-18,197.026764,193.948380,195.860428,117.464081
2013-06-19,196.013382,193.049713,193.059280,115.784142
2013-06-20,192.829834,188.604202,188.671127,113.152412
2013-06-21,189.789673,185.028687,186.864243,112.068817
2013-06-24,186.338425,182.925430,185.028687,110.967903
2013-06-25,186.988525,184.655838,186.405350,111.793541
2013-06-26,187.600388,185.946457,186.290634,111.724785
2013-06-27,188.240921,186.701721,187.045883,112.177681
2013-06-28,184.187378,180.124283,182.705551,109.574684
2013-07-01,185.277252,182.715103,182.868073,109.672142
2013-07-02,184.732315,181.892929,183.078400,109.798309
2013-07-03,185.678772,182.131927,184.751434,110.801697
2013-07-05,186.577438,183.891006,186.357559,111.764938
2013-07-08,187.170166,186.051620,186.405350,111.793541
2013-07-09,184.321228,182.390060,182.887192,109.683586
2013-07-10,184.923523,182.858505,183.795410,110.228287
2013-07-11,185.573608,184.139572,184.321228,110.543633
2013-07-12,185.181641,183.164429,183.623322,110.125122
2013-07-15,186.319305,183.250473,185.468445,111.231644
2013-07-16,186.022949,184.206497,185.325043,111.145691
2013-07-17,186.319305,184.541107,185.994263,111.547035
2013-07-18,192.103256,187.370941,189.282990,113.519356
2013-07-19,189.282990,184.741867,185.028687,110.967903
2013-07-22,187.179733,184.780121,185.554489,111.283295
2013-07-23,187.791580,185.564056,186.405350,111.793541
2013-07-24,188.623322,187.246658,187.963669,112.728180
2013-07-25,189.130020,187.055450,188.546844,113.077904
2013-07-26,188.690247,186.424469,188.671127,113.152412
2013-07-29,188.518158,186.931168,187.581268,112.498772
2013-07-30,189.130020,187.198853,187.390060,112.384117
2013-07-31,188.250473,185.936905,186.462708,111.827919
2013-08-01,188.499039,186.816437,187.198853,112.269485
2013-08-02,186.902481,184.722748,186.577438,111.896767
2013-08-05,187.265778,185.803055,186.902481,112.091721
2013-08-06,184.043976,181.902481,182.590820,109.505859
2013-08-07,181.577438,179.780121,180.267685,108.653061
2013-08-08,181.520081,178.575531,179.665390,108.290047
2013-08-09,180.841293,178.776291,179.560226,108.226585
2013-08-12,181.223709,178.671127,180.774384,108.958420
2013-08-13,181.634796,179.311661,180.133850,108.572441
2013-08-14,180.621414,179.063095,179.282990,108.059509
2013-08-15,178.776291,177.294449,177.619507,107.056915
2013-08-16,178.260040,177.189301,177.189301,106.797600
2013-08-19,178.298279,175.889099,176.128113,106.157997
2013-08-20,177.466537,175.114716,176.443588,106.348183
2013-08-21,178.365204,176.175903,176.730408,106.521034
2013-08-22,178.059280,176.147232,177.045883,106.711143
2013-08-23,177.571701,176.453156,177.265778,106.843681
2013-08-26,178.776291,176.558319,176.615677,106.451881
2013-08-27,176.386230,174.541107,174.703629,105.299431
2013-08-28,175.401535,173.135757,174.149139,104.965225
2013-08-29,175.621414,173.460800,174.608032,105.241806
2013-08-30,174.942642,173.527725,174.254303,105.028564
2013-09-03,176.214142,174.483749,175.869980,106.002388
2013-09-04,176.089859,174.292542,175.076477,105.524147
2013-09-05,176.864243,175.019119,176.051620,106.111870
2013-09-06,176.854691,174.617584,174.980881,105.466515
2013-09-09,177.332703,175.248566,176.845123,106.590149
2013-09-10,179.397705,178.173996,178.393875,107.523621
2013-09-11,182.476105,178.604202,182.313583,109.886215
2013-09-12,182.906311,181.500961,182.342255,109.903450
2013-09-13,184.608032,182.600388,183.718933,110.733238
2013-09-16,186.242828,184.139572,184.655838,111.297920
2013-09-17,185.611862,183.393875,183.709366,110.727455
2013-09-18,186.319305,183.556412,185.869980,112.029678
2013-09-19,186.319305,184.722748,184.885284,111.436211
2013-09-20,185.879547,181.663483,181.663483,109.494324
2013-09-23,183.948380,181.003830,182.590820,110.053284
2013-09-24,183.135757,181.319305,181.615677,109.465500
2013-09-25,182.237091,180.210327,181.137665,109.177391
2013-09-26,183.326965,181.128113,181.854691,109.609581
2013-09-27,180.630981,178.250473,178.699814,107.707977
2013-09-30,178.527725,176.233276,177.036331,106.705406
2013-10-01,178.441681,176.529633,178.183563,107.396889
2013-10-02,178.116638,176.300186,176.826004,106.578621
2013-10-03,176.826004,174.952194,175.774384,105.944801
2013-10-04,176.988525,175.506699,176.003830,106.083069
2013-10-07,175.248566,173.852768,174.005737,104.878777
2013-10-08,173.986618,170.850861,170.860428,102.982979
2013-10-09,173.680695,171.223709,173.346085,104.481178
2013-10-10,176.644363,174.340347,176.644363,106.469154
2013-10-11,178.040146,176.022949,177.973236,107.270111
2013-10-14,178.766724,176.309753,178.747604,107.736862
2013-10-15,177.762909,176.118546,176.539200,106.405762
2013-10-16,178.518158,176.854691,178.518158,107.598518
2013-10-17,169.216064,164.980881,167.141495,100.741455
2013-10-18,167.304016,165.630981,166.137665,100.136444
2013-10-21,167.065002,165.038239,165.258133,99.606323
2013-10-22,167.848953,165.344162,167.275330,100.822136
2013-10-23,168.250473,166.730408,168.040146,101.283127
2013-10-24,170.066925,168.499039,169.980881,102.452911
2013-10-25,171.223709,168.508606,169.072662,101.905479
2013-10-28,170.066925,168.451248,169.550674,102.193581
2013-10-29,174.302109,169.694077,174.110901,104.942146
2013-10-30,174.168259,171.950287,172.227539,103.806999
2013-10-31,173.680695,171.166351,171.328873,103.265343
2013-11-01,172.409180,171.013382,171.347992,103.276863
2013-11-04,172.848953,171.453156,172.342255,103.876152
2013-11-05,171.892929,169.894836,170.028687,102.481674
2013-11-06,171.845123,169.961761,171.309753,103.808372
2013-11-07,173.412994,171.701721,172.084137,104.277588
2013-11-08,172.160614,169.550674,172.074570,104.271759
2013-11-11,175.325043,172.122375,174.837479,105.945992
2013-11-12,175.956024,174.244736,175.019119,106.056099
2013-11-13,175.478012,173.604202,175.478012,106.334129
2013-11-14,175.143402,171.759079,174.196945,105.557861
2013-11-15,175.219879,173.193115,175.133850,106.125641
2013-11-18,176.854691,175.210327,176.357559,106.867119
2013-11-19,178.011475,176.051620,177.103256,107.318954
2013-11-20,178.049713,176.529633,177.045883,107.284187
2013-11-21,177.581268,175.344162,176.032501,106.670151
2013-11-22,176.854691,172.007645,173.326965,105.030701
2013-11-25,172.801147,170.000000,171.070740,103.663490
2013-11-26,171.070740,169.512421,169.512421,102.719185
2013-11-27,172.256210,170.000000,171.099426,103.680855
2013-11-29,172.810699,171.128113,171.778198,104.092163
2013-12-02,171.692154,169.330780,169.674957,102.817688
2013-12-03,170.391968,167.915863,168.336517,102.006615
2013-12-04,169.694077,167.456985,168.011475,101.809647
2013-12-05,169.082214,167.571701,168.336517,102.006615
2013-12-06,170.172089,168.269592,169.856598,102.927773
2013-12-09,170.315491,169.053543,169.655838,102.806076
2013-12-10,169.856598,168.317398,169.330780,102.609138
2013-12-11,169.942642,167.399612,167.495224,101.496872
2013-12-12,168.068832,165.678772,165.745697,100.436684
2013-12-13,166.711288,165.133850,165.200760,100.106453
2013-12-16,170.506699,165.133850,170.028687,103.031998
2013-12-17,169.684509,167.418732,168.030594,101.821236
2013-12-18,170.879547,167.160614,170.841293,103.524452
2013-12-19,172.600388,170.057358,172.294449,104.405014
2013-12-20,173.996170,172.103256,172.103256,104.289177
2013-12-23,174.885284,172.667297,174.216064,105.569443
2013-12-24,175.430206,173.910141,175.162521,106.142998
2013-12-26,177.399612,175.439774,177.198853,107.376938
2013-12-27,178.298279,176.443588,176.940720,107.220512
2013-12-30,178.489487,176.548752,178.212234,107.991013
2013-12-31,179.531555,178.107071,179.321228,108.663010
2014-01-02,179.158707,177.055450,177.370941,107.481209
2014-01-03,179.110901,177.151047,178.432129,108.124260
2014-01-06,179.120453,177.151047,177.820267,107.753494
2014-01-07,181.978973,178.183563,181.367111,109.902763
2014-01-08,181.089859,179.024857,179.703629,108.894730
2014-01-09,181.166351,178.346085,179.139572,108.552925
2014-01-10,180.277252,178.087952,179.024857,108.483398
2014-01-13,178.728485,175.774384,176.061188,106.687599
2014-01-14,178.231354,175.793503,177.743790,107.707146
2014-01-15,180.353729,177.332703,179.483749,108.761482
2014-01-16,180.678772,178.585083,180.458893,109.352394
2014-01-17,182.418732,179.598465,181.730408,110.122910
2014-01-21,182.017212,178.575531,180.143402,109.161247
2014-01-22,175.430206,171.768646,174.235184,105.581047
2014-01-23,175.640533,172.762909,174.694077,105.859123
2014-01-24,174.770554,171.739960,171.739960,104.068993
2014-01-27,171.749527,169.847031,170.076477,103.060966
2014-01-28,170.602295,168.412994,169.072662,102.452751
2014-01-29,170.678772,168.154877,168.642441,102.191994
2014-01-30,170.038239,168.604202,169.560226,102.748161
2014-01-31,170.019119,167.629059,168.910141,102.354218
2014-02-03,168.279160,165.124283,165.296371,100.164391
2014-02-04,166.108994,164.780121,165.238998,100.129616
2014-02-05,167.275330,164.617584,166.577438,100.940697
2014-02-06,167.160614,166.147232,166.988525,101.744530
2014-02-07,169.751434,167.370941,169.455063,103.247345
2014-02-10,169.837479,168.499039,169.349899,103.183311
2014-02-11,172.456985,169.024857,171.797318,104.674446
2014-02-12,173.279160,171.376678,172.313583,104.989029
2014-02-13,174.340347,170.038239,173.843216,105.921005
2014-02-14,176.319305,173.030594,175.611862,106.998642
2014-02-18,175.908218,174.302109,175.133850,106.707397
2014-02-19,177.485657,174.388138,174.904404,106.567581
2014-02-20,176.730408,174.751434,176.156784,107.330658
2014-02-21,177.543015,174.588913,174.751434,106.474403
2014-02-24,177.017212,174.780121,175.382416,106.858849
2014-02-25,176.481842,174.837479,175.172089,106.730698
2014-02-26,177.131927,175.487579,175.965576,107.214149
2014-02-27,177.772461,175.726578,177.122375,107.918968
2014-02-28,177.934998,175.573608,177.026764,107.860725
2014-03-03,176.520081,174.780121,176.156784,107.330658
2014-03-04,178.929260,177.514343,178.240921,108.600510
2014-03-05,179.684509,178.202682,178.910141,109.008255
2014-03-06,180.105164,178.680695,179.388138,109.299484
2014-03-07,180.611862,178.948380,179.426392,109.322800
2014-03-10,180.086044,177.676865,178.193115,108.571419
2014-03-11,180.162521,177.858505,178.546844,108.786919
2014-03-12,179.206497,177.715103,178.030594,108.472351
2014-03-13,178.776291,175.630981,175.812622,107.120934
2014-03-14,176.185471,174.196945,174.196945,106.136520
2014-03-17,178.154877,174.627151,177.638626,108.233559
2014-03-18,179.636703,177.380493,178.594650,108.816017
2014-03-19,178.489487,175.430206,176.587006,107.592781
2014-03-20,179.980881,176.070740,179.636703,109.450928
2014-03-21,180.401535,178.202682,178.460800,108.734482
2014-03-24,181.108994,179.130020,179.971313,109.654823
2014-03-25,186.806885,180.401535,186.462708,113.609924
2014-03-26,187.026764,183.518158,184.149139,112.200325
2014-03-27,184.196945,180.994263,181.481842,110.575203
2014-03-28,184.149139,180.793503,182.074570,110.936302
2014-03-31,185.248566,182.982788,184.024857,112.124580
2014-04-01,186.548752,184.302109,185.946457,113.295410
2014-04-02,185.946457,184.024857,185.038239,112.742043
2014-04-03,184.875717,183.891006,184.216064,112.241089
2014-04-04,185.439774,182.868073,183.336517,111.705170
2014-04-07,186.720840,183.145309,185.965576,113.307053
2014-04-08,185.630981,184.216064,184.789673,112.590584
2014-04-09,188.336517,185.086044,187.992355,114.541977
2014-04-10,190.449326,187.055450,187.074570,113.982750
2014-04-11,188.336517,185.726578,186.606125,113.697304
2014-04-14,189.521988,187.265778,189.072662,115.200195
2014-04-15,188.728485,186.826004,188.355637,114.763283
2014-04-16,189.971313,186.424469,187.762909,114.402161
2014-04-17,182.313583,178.785858,181.653915,110.680008
2014-04-21,184.330780,181.395798,183.814529,111.996452
2014-04-22,184.512421,182.791580,183.699814,111.926567
2014-04-23,183.948380,181.749527,183.298279,111.681892
2014-04-24,183.766724,181.673035,181.854691,110.802376
2014-04-25,182.284897,180.793503,181.290634,110.458649
2014-04-28,185.458893,182.198853,184.646271,112.503265
2014-04-29,187.323135,184.904404,186.529633,113.650711
2014-04-30,188.202682,185.803055,187.829834,114.442955
2014-05-01,188.087952,184.655838,185.019119,112.730370
2014-05-02,185.315491,182.839386,183.021027,111.512993
2014-05-05,183.068832,181.453156,182.848953,111.408173
2014-05-06,182.552582,180.927338,181.673035,110.691666
2014-05-07,181.931168,178.709366,180.975143,110.908409
2014-05-08,182.189301,179.952194,180.602295,110.679955
2014-05-09,182.208420,180.086044,181.720840,111.365417
2014-05-12,184.531555,182.543015,184.101334,112.824280
2014-05-13,184.541107,183.326965,183.738052,112.601654
2014-05-14,183.546844,179.894836,180.420654,110.568634
2014-05-15,180.764816,177.992355,178.260040,109.244530
2014-05-16,179.168259,177.753342,178.833649,109.596039
2014-05-19,178.900574,177.858505,178.776291,109.560883
2014-05-20,178.489487,176.577438,176.759079,108.324684
2014-05-21,178.929260,176.816437,178.193115,109.203537
2014-05-22,178.250473,176.892929,177.514343,108.787544
2014-05-23,177.954117,177.160614,177.762909,108.939865
2014-05-27,177.485657,175.841293,176.653915,108.260208
2014-05-28,176.749527,174.894836,175.028687,107.264229
2014-05-29,175.697891,174.311661,175.678772,107.662659
2014-05-30,176.453156,174.464630,176.252396,108.014130
2014-06-02,178.087952,176.548752,177.523895,108.793388
2014-06-03,177.590820,176.022949,176.261948,108.020020
2014-06-04,177.294449,176.099426,176.395798,108.102043
2014-06-05,177.906311,175.831741,177.801147,108.963287
2014-06-06,179.397705,177.724670,178.173996,109.191772
2014-06-09,179.388138,177.782028,178.030594,109.103912
2014-06-10,178.030594,175.736145,176.185471,107.973183
2014-06-11,176.099426,174.005737,174.235184,106.777908
2014-06-12,174.521988,172.954117,173.250473,106.174461
2014-06-13,174.952194,173.537292,174.531555,106.959564
2014-06-16,174.674957,173.269592,174.330780,106.836502
2014-06-17,174.770554,173.575531,174.244736,106.783783
2014-06-18,175.535370,173.795410,175.525818,107.568893
2014-06-19,176.357559,174.340347,174.780121,107.111885
2014-06-20,174.636703,173.422562,173.565964,106.367851
2014-06-23,174.235184,173.040146,174.130020,106.713509
2014-06-24,174.952194,172.705551,172.925430,105.975243
2014-06-25,173.011475,172.141495,172.772461,105.881538
2014-06-26,173.393875,171.386230,172.437866,105.676514
2014-06-27,174.435944,171.759079,173.718933,106.461594
2014-06-30,173.929260,172.332703,173.298279,106.203781
2014-07-01,179.034424,173.709366,178.154877,109.180069
2014-07-02,180.678772,177.982788,180.105164,110.375290
2014-07-03,180.506699,179.110901,180.238998,110.457314
2014-07-07,179.990433,179.196945,179.770554,110.170227
2014-07-08,179.808792,178.173996,178.986618,109.689804
2014-07-09,180.592728,178.671127,180.133850,110.392845
2014-07-10,179.780121,178.021027,179.445511,109.971039
2014-07-11,180.066925,178.499039,179.732315,110.146774
2014-07-14,182.065002,180.238998,181.510513,111.236526
2014-07-15,181.720840,179.933075,180.200760,110.433868
2014-07-16,184.856598,182.370941,183.900574,112.701309
2014-07-17,187.332703,183.556412,184.024857,112.777412
2014-07-18,184.933075,181.644363,184.034424,112.783325
2014-07-21,183.269592,180.927338,182.456985,111.816566
2014-07-22,186.156784,183.135757,185.554489,113.714859
2014-07-23,186.328873,185.057358,185.114716,113.445282
2014-07-24,187.017212,185.229446,186.653915,114.388596
2014-07-25,187.284897,185.267685,185.850861,113.896469
2014-07-28,187.762909,185.133850,187.170166,114.704964
2014-07-29,187.275330,185.984711,186.013382,113.996078
2014-07-30,187.370941,184.416824,185.468445,113.662140
2014-07-31,185.745697,183.116638,183.240921,112.296989
2014-08-01,183.078400,180.554489,180.831741,110.820595
2014-08-04,181.596558,180.305923,181.300186,111.107628
2014-08-05,180.879547,178.240921,178.871887,109.619514
2014-08-06,178.661575,176.328873,177.791580,109.601822
2014-08-07,178.470367,175.506699,176.195023,108.617569
2014-08-08,178.460800,175.506699,178.422562,109.990746
2014-08-11,180.076477,178.087952,179.225616,110.485809
2014-08-12,180.391968,178.594650,179.101334,110.409187
2014-08-13,180.191208,179.130020,179.684509,110.768723
2014-08-14,179.894836,178.709366,179.617584,110.727501
2014-08-15,180.573608,178.575531,179.139572,110.432785
2014-08-18,181.462708,179.502869,181.032501,111.599716
2014-08-19,181.883362,181.032501,181.711288,112.018150
2014-08-20,182.017212,180.927338,181.739960,112.035851
2014-08-21,183.623322,182.122375,182.820267,112.701813
2014-08-22,183.441681,181.921600,182.036331,112.218536
2014-08-25,183.374756,182.323135,182.753342,112.660561
2014-08-26,185.019119,182.619507,184.502869,113.739090
2014-08-27,185.592728,183.135757,183.795410,113.302971
2014-08-28,183.843216,182.275330,183.556412,113.155609
2014-08-29,184.273422,182.734222,183.843216,113.332428
2014-09-02,184.483749,182.533463,183.135757,112.896286
2014-09-03,184.464630,183.422562,183.508606,113.126114
2014-09-04,184.216064,181.701721,182.294449,112.377670
2014-09-05,183.317398,181.730408,182.791580,112.684082
2014-09-08,182.791580,181.175903,181.778198,112.059410
2014-09-09,182.351822,181.434036,181.634796,111.970993
2014-09-10,183.699814,181.739960,183.116638,112.884514
2014-09-11,184.302109,181.759079,183.288712,112.990585
2014-09-12,183.173996,182.189301,182.868073,112.731224
2014-09-15,184.024857,182.198853,183.374756,113.043610
2014-09-16,185.057358,182.428299,184.474182,113.721375
2014-09-17,185.124283,183.843216,184.321228,113.627052
2014-09-18,185.592728,184.235184,185.229446,114.186935
2014-09-19,186.424469,184.694077,185.468445,114.334335
2014-09-22,185.602295,184.158707,184.617584,113.809746
2014-09-23,184.579346,183.097519,183.193115,112.931671
2014-09-24,183.986618,181.529633,183.852768,113.338295
2014-09-25,184.034424,180.659653,180.697891,111.393417
2014-09-26,181.959854,180.315491,181.701721,112.012253
2014-09-29,181.606125,179.847031,181.300186,111.764725
2014-09-30,182.456985,180.831741,181.481842,111.876717
2014-10-01,182.026764,178.575531,178.938812,110.309036
2014-10-02,179.521988,178.049713,178.690247,110.155792
2014-10-03,181.042068,179.311661,180.372849,111.193031
2014-10-06,182.495224,180.411087,180.726578,111.411163
2014-10-07,179.847031,177.380493,177.543015,109.448555
2014-10-08,181.261948,177.447418,181.032501,111.599716
2014-10-09,181.166351,177.906311,178.221802,109.866974
2014-10-10,179.483749,176.959854,177.753342,109.578232
2014-10-13,178.441681,175.353729,175.449326,108.157890
2014-10-14,177.552582,175.516251,175.717010,108.322960
2014-10-15,175.707458,170.889099,173.757172,107.114738
2014-10-16,173.499039,170.831741,171.931168,105.989105
2014-10-17,174.799240,172.294449,174.043976,107.291542
2014-10-20,162.839386,159.359467,161.663483,99.659401
2014-10-21,159.349899,154.569794,156.051620,96.199928
2014-10-22,158.135757,154.015289,154.674957,95.351288
2014-10-23,155.669220,154.435944,155.047806,95.581123
2014-10-24,155.296371,154.349899,154.952194,95.522171
2014-10-27,155.745697,154.694077,154.751434,95.398468
2014-10-28,156.405350,154.684509,156.405350,96.418007
2014-10-29,157.380493,155.602295,156.271515,96.335526
2014-10-30,157.380493,155.850861,157.122375,96.860023
2014-10-31,158.307846,156.424469,157.170166,96.889496
2014-11-03,157.304016,156.195023,157.131927,96.865891
2014-11-04,157.131927,155.105164,155.497131,95.858147
2014-11-05,156.347992,154.455063,154.703629,95.368965
2014-11-06,154.426392,153.011475,154.359467,95.808052
2014-11-07,155.076477,153.776291,154.942642,96.170013
2014-11-10,157.237091,154.502869,156.300186,97.012642
2014-11-11,156.692154,155.449326,156.118546,96.899895
2014-11-12,155.831741,154.646271,154.799240,96.081024
2014-11-13,155.640533,154.684509,155.630981,96.597313
2014-11-14,157.256210,154.579346,156.940720,97.410217
2014-11-17,157.715103,156.520081,156.940720,97.410217
2014-11-18,157.504776,154.770554,154.770554,96.063217
2014-11-19,154.971313,153.881454,154.330780,95.790268
2014-11-20,154.397705,152.772461,153.575531,95.321495
2014-11-21,154.827911,153.680695,153.843216,95.487633
2014-11-24,156.653915,153.977051,155.019119,96.217537
2014-11-25,156.309753,154.455063,154.646271,95.986084
2014-11-26,154.971313,153.929260,154.827911,96.098816
2014-11-28,156.185471,154.340347,155.038239,96.229355
2014-12-01,156.137665,154.254303,154.435944,95.855507
2014-12-02,155.573608,154.531555,155.516251,96.526047
2014-12-03,157.284897,154.875717,157.284897,97.623802
2014-12-04,157.265778,155.841293,156.835571,97.344940
2014-12-05,157.265778,155.745697,156.089859,96.882080
2014-12-08,156.108994,154.435944,154.741867,96.045448
2014-12-09,155.850861,153.728485,155.822174,96.715897
2014-12-10,156.147232,152.992355,153.451248,95.244339
2014-12-11,155.764816,153.460800,153.986618,95.576637
2014-12-12,153.441681,148.499039,148.546844,92.200294
2014-12-15,149.847031,146.118546,146.328873,90.823631
2014-12-16,148.078400,143.881454,144.751434,89.844536
2014-12-17,146.567871,144.464630,145.248566,90.153099
2014-12-18,150.745697,146.558319,150.745697,93.565071
2014-12-19,153.355637,150.564056,151.539200,94.057579
2014-12-22,154.789673,151.367111,154.340347,95.796173
2014-12-23,155.736145,154.502869,155.105164,96.270920
2014-12-24,155.822174,154.502869,154.703629,96.021698
2014-12-26,155.917786,154.885284,155.200760,96.330269
2014-12-29,155.200760,152.437866,153.451248,95.244339
2014-12-30,153.747604,152.762909,153.011475,94.971390
2014-12-31,154.397705,153.326965,153.384323,95.202805
2015-01-02,156.128113,153.919693,154.933075,96.164093
2015-01-05,154.177826,152.189301,152.495224,94.650978
2015-01-06,152.925430,148.346085,149.206497,92.609726
2015-01-07,150.286804,147.256210,148.231354,92.004456
2015-01-08,152.045883,148.709366,151.453156,94.004173
2015-01-09,153.288712,150.334610,152.112808,94.413597
2015-01-12,152.246658,148.910141,149.560226,92.829277
2015-01-13,152.934998,148.833649,149.913956,93.048843
2015-01-14,149.608032,146.978973,148.948380,92.449516
2015-01-15,150.066925,147.380493,147.772461,91.719635
2015-01-16,150.697891,147.055450,150.229446,93.244621
2015-01-20,150.411087,147.256210,150.047806,93.131920
2015-01-21,147.705551,144.426392,145.401535,90.248055
2015-01-22,148.871887,145.086044,148.556412,92.206230
2015-01-23,150.669220,148.078400,149.015289,92.491020
2015-01-26,152.447418,148.919693,149.483749,92.781807
2015-01-27,148.269592,145.879547,146.912048,91.185600
2015-01-28,147.734222,144.885284,144.885284,89.927620
2015-01-29,148.738052,142.944550,148.642441,92.259598
2015-01-30,148.412994,146.309753,146.567871,90.971954
2015-02-02,147.858505,144.847031,147.858505,91.773010
2015-02-03,151.625244,147.944550,151.500961,94.033836
2015-02-04,151.730408,149.808792,150.057358,93.137825
2015-02-05,151.615677,150.238998,150.965576,93.701515
2015-02-06,151.128113,149.359467,149.827911,93.647758
2015-02-09,150.573608,148.565964,148.900574,93.068153
2015-02-10,151.587006,148.260040,151.587006,94.747276
2015-02-11,152.093689,150.258133,151.242828,94.532150
2015-02-12,152.485657,151.137665,151.548752,94.723343
2015-02-13,153.728485,151.663483,153.346085,95.846741
2015-02-17,154.311661,152.705551,153.881454,96.181343
2015-02-18,155.325043,153.575531,155.057358,96.916374
2015-02-19,157.256210,154.340347,156.682602,97.932198
2015-02-20,157.112808,154.961761,156.453156,97.788795
2015-02-23,157.170166,155.353729,155.745697,97.346596
2015-02-24,157.734222,154.407272,157.581268,98.493904
2015-02-25,157.705551,155.430206,155.650101,97.286827
2015-02-26,156.921600,152.743790,153.795410,96.127594
2015-02-27,155.152969,153.116638,154.818359,96.766975
2015-03-02,154.818359,152.782028,153.422562,95.894531
2015-03-03,154.636703,152.963669,153.948380,96.223221
2015-03-04,153.499039,151.739960,152.409180,95.261147
2015-03-05,154.397705,152.676865,154.091782,96.312820
2015-03-06,154.340347,151.108994,151.529633,94.711395
2015-03-09,154.063095,151.242828,153.699814,96.067848
2015-03-10,153.183563,150.869980,150.869980,94.299118
2015-03-11,152.141495,149.082214,149.904404,93.695587
2015-03-12,151.739960,149.397705,151.032501,94.400673
2015-03-13,150.592728,146.653915,147.495224,92.189751
2015-03-16,150.181641,147.992355,150.172089,93.862885
2015-03-17,150.372849,148.537292,150.057358,93.791176
2015-03-18,153.632889,148.948380,152.782028,95.494202
2015-03-19,153.843216,151.826004,152.782028,95.494202
2015-03-20,155.831741,153.298279,155.717010,97.328644
2015-03-23,158.078400,155.573608,157.390060,98.374352
2015-03-24,157.638626,155.736145,155.831741,97.400352
2015-03-25,155.908218,152.198853,152.198853,95.129654
2015-03-26,154.158707,151.921600,153.527725,95.960297
2015-03-27,153.824097,152.227539,153.346085,95.846741
2015-03-30,156.405350,154.158707,155.516251,97.203163
2015-03-31,155.191208,153.346085,153.441681,95.906509
2015-04-01,153.556412,151.424469,152.179733,95.117729
2015-04-02,155.391968,151.902481,153.393875,95.876656
2015-04-06,155.640533,151.720840,154.913956,96.826736
2015-04-07,156.634796,154.512421,154.942642,96.844635
2015-04-08,156.357559,153.929260,154.732315,96.713188
2015-04-09,155.325043,153.652008,155.200760,97.006012
2015-04-10,156.147232,154.158707,155.697891,97.316689
2015-04-13,156.787766,155.219879,155.238998,97.029907
2015-04-14,155.583176,153.718933,155.162521,96.982094
2015-04-15,157.705551,155.353729,156.912048,98.075577
2015-04-16,156.768646,155.391968,155.956024,97.478050
2015-04-17,154.741867,152.992355,153.604202,96.008087
2015-04-20,159.311661,154.780121,158.852768,99.288605
2015-04-21,160.019119,156.835571,157.036331,98.153259
2015-04-22,158.699814,155.726578,158.087952,98.810570
2015-04-23,164.349899,157.877625,162.753342,101.726608
2015-04-24,163.336517,161.319305,162.313583,101.451744
2015-04-27,163.948380,162.810699,163.221802,102.019447
2015-04-28,167.007645,162.543015,166.271515,103.925598
2015-04-29,167.428299,165.200760,166.730408,104.212418
2015-04-30,166.615677,162.810699,163.757172,102.354050
2015-05-01,166.347992,164.837479,166.032501,103.776207
2015-05-04,168.546844,166.061188,166.319305,103.955482
2015-05-05,166.567871,164.397705,165.468445,103.423660
2015-05-06,166.395798,161.434036,162.571701,102.382057
2015-05-07,164.416824,161.606125,163.470367,102.948029
2015-05-08,165.707458,164.665390,165.086044,103.965508
2015-05-11,165.382416,163.346085,163.594650,103.026291
2015-05-12,163.948380,161.414917,163.049713,102.683083
2015-05-13,165.143402,163.240921,164.703629,103.724655
2015-05-14,166.730408,165.602295,166.395798,104.790344
2015-05-15,166.739960,165.009567,165.640533,104.314720
2015-05-18,165.860428,164.722748,165.449326,104.194290
2015-05-19,166.108994,164.369019,165.850861,104.447197
2015-05-20,166.768646,164.875717,166.118546,104.615753
2015-05-21,166.481842,165.430206,165.717010,104.362862
2015-05-22,165.764816,164.617584,164.646271,103.688560
2015-05-26,164.550674,161.692154,162.648178,102.430237
2015-05-27,164.894836,162.992355,164.435944,103.556122
2015-05-28,164.282990,163.154877,164.158707,103.381500
2015-05-29,163.814529,162.189301,162.189301,102.141266
2015-06-01,163.518158,161.596558,162.695984,102.460358
2015-06-02,162.954117,161.022949,162.189301,102.141266
2015-06-03,164.015289,162.170166,162.447418,102.303787
2015-06-04,163.097519,160.544937,160.975143,101.376610
2015-06-05,161.481842,159.847031,160.038239,100.786598
2015-06-08,159.923523,157.762909,158.068832,99.546341
2015-06-09,158.718933,156.185471,158.393875,99.750992
2015-06-10,161.940720,158.757172,161.491394,101.701706
2015-06-11,162.944550,161.128113,161.357559,101.617432
2015-06-12,160.898666,159.359467,159.646271,100.539703
2015-06-15,159.646271,157.026764,158.948380,100.100227
2015-06-16,160.038239,158.613770,159.502869,100.449394
2015-06-17,160.468445,158.795410,159.818359,100.648125
2015-06-18,161.300186,159.703629,160.850861,101.298347
2015-06-19,161.013382,159.435944,159.646271,100.539703
2015-06-22,160.936905,159.847031,160.353729,100.985283
2015-06-23,162.495224,160.200760,161.204590,101.521080
2015-06-24,161.414917,159.493301,159.627151,100.527687
2015-06-25,160.736145,158.776291,158.776291,99.991852
2015-06-26,159.474182,157.963669,158.183563,99.618568
2015-06-29,158.078400,155.726578,155.803055,98.119438
2015-06-30,156.787766,154.990433,155.506699,97.932793
2015-07-01,158.326965,156.405350,157.256210,99.034576
2015-07-02,158.049713,157.189301,157.829834,99.395821
2015-07-06,157.963669,156.328873,157.485657,99.179054
2015-07-07,158.078400,155.095596,157.743790,99.341583
2015-07-08,157.686417,155.525818,155.984711,98.233810
2015-07-09,158.231354,156.500961,156.644363,98.649216
2015-07-10,160.038239,158.240921,159.608032,100.515656
2015-07-13,162.418732,160.152969,161.931168,101.978683
2015-07-14,162.084137,160.841293,161.195023,101.515068
2015-07-15,161.826004,160.611862,161.118546,101.466919
2015-07-16,163.565964,161.720840,163.479919,102.954048
2015-07-17,164.933075,162.619507,164.923523,103.863190
2015-07-20,166.137665,164.569794,165.602295,104.290627
2015-07-21,159.034424,154.894836,155.898666,98.179611
2015-07-22,155.898666,152.676865,153.298279,96.541985
2015-07-23,155.592728,152.801147,154.617584,97.372841
2015-07-24,154.808792,152.399612,152.724670,96.180763
2015-07-27,153.135757,151.625244,152.074570,95.771324
2015-07-28,153.145309,151.529633,153.011475,96.361366
2015-07-29,154.397705,152.380493,154.005737,96.987518
2015-07-30,154.302109,152.724670,153.881454,96.909218
2015-07-31,154.933075,153.565964,154.866150,97.529366
2015-08-03,154.732315,150.956024,151.730408,95.554611
2015-08-04,151.835571,149.971313,150.669220,94.886307
2015-08-05,152.523895,150.554489,150.956024,95.066910
2015-08-06,150.611862,149.311661,149.445511,94.896957
2015-08-07,149.378586,147.552582,148.298279,94.168465
2015-08-10,150.544937,149.254303,149.856598,95.157997
2015-08-11,149.130020,148.049713,148.671127,94.405228
2015-08-12,149.636703,147.179733,149.292542,94.799805
2015-08-13,149.225616,147.533463,148.250473,94.138100
2015-08-14,149.340347,147.782028,148.900574,94.550896
2015-08-17,149.799240,147.896744,149.435944,94.890877
2015-08-18,149.636703,148.422562,149.149139,94.708740
2015-08-19,148.824097,146.663483,147.170166,93.452103
2015-08-20,147.141495,145.793503,145.946457,92.675072
2015-08-21,146.453156,142.160614,142.304016,90.362137
2015-08-24,141.261948,136.711288,137.160614,87.096092
2015-08-25,140.640533,134.435944,134.761002,85.572372
2015-08-26,140.516251,135.889099,140.248566,89.056953
2015-08-27,142.418732,139.254303,142.007645,90.173943
2015-08-28,141.682602,140.707458,141.472275,89.833954
2015-08-31,141.873810,139.827911,141.386230,89.779366
2015-09-01,138.604202,135.611862,136.405350,86.616531
2015-09-02,138.699814,136.883362,138.671127,88.055275
2015-09-03,141.520081,139.359467,140.325043,89.105476
2015-09-04,139.005737,137.017212,137.380493,87.235733
2015-09-08,140.860428,139.254303,140.755264,89.378685
2015-09-09,142.485657,138.479919,138.671127,88.055275
2015-09-10,140.688339,138.154877,139.770554,88.753395
2015-09-11,141.013382,139.263855,140.889099,89.463684
2015-09-14,140.889099,139.015289,139.244736,88.419510
2015-09-15,141.424469,139.349899,141.042068,89.560837
2015-09-16,142.342255,141.051620,141.883362,90.095024
2015-09-17,143.097519,140.822174,141.625244,89.931122
2015-09-18,139.952194,137.648178,138.154877,87.727478
2015-09-21,140.516251,138.546844,140.038239,88.923386
2015-09-22,138.680695,137.447418,138.078400,87.678886
2015-09-23,138.212234,136.472275,137.342255,87.211433
2015-09-24,138.690247,135.707458,138.059280,87.666733
2015-09-25,139.837479,138.173996,139.024857,88.279884
2015-09-28,138.986618,136.204590,136.252396,86.519379
2015-09-29,136.386230,134.942642,136.204590,86.489029
2015-09-30,139.302109,137.342255,138.594650,88.006691
2015-10-01,139.263855,135.363297,137.275330,87.168945
2015-10-02,138.231354,134.378586,138.221802,87.769966
2015-10-05,143.298279,139.407272,142.485657,90.477463
2015-10-06,143.546844,141.959854,142.237091,90.319633
2015-10-07,144.101334,142.313583,143.489487,91.114914
2015-10-08,146.290634,142.724670,145.583176,92.444382
2015-10-09,146.414917,144.617584,145.688339,92.511169
2015-10-12,145.869980,144.216064,144.493301,91.752342
2015-10-13,144.149139,142.619507,143.040146,90.829605
2015-10-14,144.024857,142.466537,143.412994,91.066338
2015-10-15,144.588913,142.045883,143.489487,91.114914
2015-10-16,144.550674,142.695984,143.776291,91.297028
2015-10-19,143.374756,141.854691,142.657745,90.586754
2015-10-20,136.596558,134.101334,134.455063,85.378120
2015-10-21,136.386230,133.173996,134.722748,85.548080
2015-10-22,138.690247,135.391968,137.753342,87.472481
2015-10-23,139.091782,137.380493,138.317398,87.830681
2015-10-26,138.623322,136.912048,137.342255,87.211433
2015-10-27,137.504776,131.290634,131.797318,83.690453
2015-10-28,135.019119,131.453156,134.636703,85.493454
2015-10-29,134.627151,132.906311,134.369019,85.323456
2015-10-30,135.114716,133.747604,133.919693,85.038139
2015-11-02,134.340347,133.432129,134.196945,85.214180
2015-11-03,136.520081,133.747604,135.640533,86.130867
2015-11-04,136.376678,135.086044,135.401535,85.979088
2015-11-05,136.118546,133.489487,133.738052,84.922806
2015-11-06,133.412994,131.806885,132.170166,84.714462
2015-11-09,132.007645,128.948380,129.359467,82.912941
2015-11-10,129.770554,128.221802,129.512421,83.010979
2015-11-11,130.210327,128.585083,129.082214,82.735222
2015-11-12,128.776291,127.160614,127.189293,81.521980
2015-11-13,127.151054,125.860420,125.956024,80.731499
2015-11-16,128.193115,125.994263,127.829826,81.932518
2015-11-17,128.891006,127.447418,127.934990,81.999908
2015-11-18,129.933075,128.355637,129.847031,83.225449
2015-11-19,131.682602,130.028687,130.726578,83.789215
2015-11-20,132.810699,131.214142,132.409180,84.867668
2015-11-23,132.762909,131.089859,132.370941,84.843132
2015-11-24,133.212234,131.271515,132.504776,84.928947
2015-11-25,132.342255,131.338425,131.931168,84.561264
2015-11-27,132.705551,131.175903,132.370941,84.843132
2015-11-30,133.747604,132.428299,133.288712,85.431396
2015-12-01,135.181641,133.441681,135.066925,86.571129
2015-12-02,135.000000,133.365204,133.556412,85.602974
2015-12-03,134.541107,132.112808,132.810699,85.125008
2015-12-04,134.818359,131.921600,134.254303,86.050278
2015-12-07,134.235184,132.705551,133.412994,85.511055
2015-12-08,132.944550,131.481842,131.978973,84.591919
2015-12-09,133.690247,130.238998,130.602295,83.709541
2015-12-10,131.787766,129.751434,130.764816,83.813721
2015-12-11,129.483749,128.021027,128.652008,82.459480
2015-12-14,130.152969,128.126190,129.952194,83.292870
2015-12-15,132.858505,131.242828,131.730408,84.432594
2015-12-16,133.508606,131.730408,133.164429,85.351723
2015-12-17,133.365204,130.315491,130.736145,83.795334
2015-12-18,130.936905,128.365204,128.967499,82.661705
2015-12-21,129.856598,128.126190,129.541107,83.029358
2015-12-22,132.112808,129.684509,131.864243,84.518394
2015-12-23,133.183563,132.036331,132.447418,84.892174
2015-12-24,132.772461,132.036331,132.170166,84.714462
2015-12-28,131.969406,130.535370,131.558319,84.322304
2015-12-29,133.900574,132.122375,133.632889,85.652031
2015-12-30,134.263855,133.097519,133.212234,85.382362
2015-12-31,132.982788,131.520081,131.567871,84.328430
2016-01-04,129.990433,128.336517,129.971313,83.305130
2016-01-05,130.869980,128.919693,129.875717,83.243828
2016-01-06,129.617584,127.743790,129.225616,82.827141
2016-01-07,129.082214,126.606117,127.017204,81.411682
2016-01-08,127.934990,125.544930,125.841301,80.657944
2016-01-11,127.934990,125.965584,127.370934,81.638382
2016-01-12,127.896751,125.363289,127.055450,81.436172
2016-01-13,128.374756,125.334610,125.401527,80.376099
2016-01-14,127.906311,125.449333,127.065010,81.442291
2016-01-15,125.124283,123.202675,124.311661,79.677544
2016-01-19,126.290634,122.428299,122.476097,78.501038
2016-01-20,118.537285,112.810707,116.500954,74.671288
2016-01-21,119.598473,115.277245,117.504784,75.314690
2016-01-22,119.254303,116.414917,117.112808,75.063446
2016-01-25,118.766731,116.290634,116.711281,74.806099
2016-01-26,118.173996,116.864243,117.198853,75.118576
2016-01-27,117.944550,115.344170,115.640533,74.119797
2016-01-28,117.428299,115.688339,116.845123,74.891876
2016-01-29,119.302101,117.552582,119.302101,76.466682
2016-02-01,119.780113,118.269600,119.340347,76.491188
2016-02-02,118.680687,117.246651,117.533463,75.333069
2016-02-03,119.933075,116.912048,119.235184,76.423798
2016-02-04,122.848946,119.502869,122.036331,78.219170
2016-02-05,122.982796,120.315491,122.915871,78.782921
2016-02-08,121.902489,118.671127,121.395790,78.603394
2016-02-09,121.347992,118.326958,118.613770,76.802048
2016-02-10,119.780113,114.569794,114.904396,74.400230
2016-02-11,114.397705,111.759079,112.667305,72.951736
2016-02-12,115.726578,113.145317,115.717018,74.926407
2016-02-16,117.676865,116.003822,117.342255,75.978745
2016-02-17,121.003822,117.829826,120.554497,78.058678
2016-02-18,128.107071,124.043976,126.625237,81.989456
2016-02-19,127.772469,125.086044,127.227531,82.379425
2016-02-22,128.403442,126.586998,127.887192,82.806580
2016-02-23,127.543022,126.204590,126.577438,81.958511
2016-02-24,127.619499,123.977058,126.959846,82.206108
2016-02-25,128.594650,125.124283,128.585083,83.258446
2016-02-26,128.986618,126.147224,126.223709,81.729485
2016-02-29,127.495216,125.143402,125.267685,81.110458
2016-03-01,128.718933,126.223709,128.460800,83.177979
2016-03-02,131.395798,127.361374,130.305923,84.372688
2016-03-03,131.892929,130.086044,131.739960,85.301247
2016-03-04,133.288712,130.994263,131.739960,85.301247
2016-03-07,134.330780,130.850861,133.986618,86.755928
2016-03-08,134.177826,131.376678,132.954117,86.087379
2016-03-09,135.917786,133.107071,134.235184,86.916878
2016-03-10,135.248566,132.017212,134.024857,86.780678
2016-03-11,136.634796,134.330780,136.099426,88.123962
2016-03-14,136.892929,134.837479,136.500961,88.383980
2016-03-15,137.026764,135.315491,136.673035,88.495399
2016-03-16,138.508606,135.860428,138.422562,89.628181
2016-03-17,140.841293,138.097519,140.573608,91.020988
2016-03-18,141.022949,139.110901,140.621414,91.051926
2016-03-21,142.170166,140.267685,142.093689,92.005211
2016-03-22,142.715103,141.338425,141.587006,91.677155
2016-03-23,141.520081,138.747604,139.005737,90.005791
2016-03-24,141.701721,138.135757,141.443588,91.584297
2016-03-28,142.112808,140.755264,141.873810,91.862854
2016-03-29,143.173996,141.013382,142.762909,92.438553
2016-03-30,143.795410,141.797318,141.883362,91.869041
2016-03-31,146.367111,142.791580,144.789673,93.750862
2016-04-01,146.233276,143.642441,145.812622,94.413246
2016-04-04,146.768646,145.229446,145.382416,94.134659
2016-04-05,144.933075,143.068832,143.403442,92.853287
2016-04-06,143.546844,141.309753,143.422562,92.865677
2016-04-07,143.021027,141.491394,141.730408,91.770012
2016-04-08,143.393875,141.606125,142.782028,92.450920
2016-04-11,145.267685,142.657745,142.686417,92.389015
2016-04-12,143.508606,142.045883,143.049713,92.624222
2016-04-13,144.579346,143.049713,144.579346,93.614708
2016-04-14,146.042068,143.766724,144.512421,93.571342
2016-04-15,145.411087,144.321228,145.047806,93.918015
2016-04-18,146.405350,144.827911,145.822174,94.419411
2016-04-19,140.487579,136.338425,137.667297,89.139137
2016-04-20,140.726578,137.667297,139.684509,90.445274
2016-04-21,143.518158,140.019119,142.734222,92.419983
2016-04-22,144.359467,141.013382,141.969406,91.924767
2016-04-25,142.351822,140.640533,142.265778,92.116661
2016-04-26,143.202682,141.395798,142.523895,92.283768
2016-04-27,144.149139,142.418732,143.852768,93.144218
2016-04-28,143.575531,140.277252,140.602295,91.039551
2016-04-29,140.860428,137.848953,139.521988,90.340057
2016-05-02,140.535370,138.078400,138.881454,89.925323
2016-05-03,138.527725,136.615677,137.791580,89.219620
2016-05-04,138.623322,137.007645,137.906311,89.293915
2016-05-05,140.822174,139.053543,140.028687,90.668144
2016-05-06,141.462708,138.116638,140.812622,92.055618
2016-05-09,141.682602,140.544937,140.860428,92.086884
2016-05-10,143.441681,141.242828,143.374756,93.730629
2016-05-11,144.445511,142.198853,142.399612,93.093117
2016-05-12,142.820267,140.640533,142.294449,93.024376
2016-05-13,143.269592,140.936905,141.223709,92.324387
2016-05-16,143.393875,140.956024,142.887192,93.411873
2016-05-17,142.925430,140.812622,141.491394,92.499382
2016-05-18,141.988525,139.923523,140.860428,92.086884
2016-05-19,140.468445,137.629059,138.556412,90.580650
2016-05-20,141.022949,139.149139,140.774384,92.030594
2016-05-23,141.443588,140.210327,140.315491,91.730652
2016-05-24,142.208420,140.420654,141.787766,92.693108
2016-05-25,145.401535,141.969406,145.019119,94.805618
2016-05-26,145.803055,144.407272,145.736145,95.274345
2016-05-27,146.204590,145.458893,146.118546,95.524361
2016-05-31,147.045883,145.573608,146.978973,96.086845
2016-06-01,146.529633,144.875717,145.803055,95.318100
2016-06-02,146.749527,145.430206,146.749527,95.936844
2016-06-03,146.309753,145.028687,146.166351,95.555611
2016-06-06,147.179733,145.640533,146.013382,95.455612
2016-06-07,147.160614,145.946457,146.587006,95.830574
2016-06-08,147.313583,146.309753,147.227539,96.249352
2016-06-09,146.998093,146.013382,146.673035,95.886848
2016-06-10,146.587006,145.181641,145.669220,95.230621
2016-06-13,145.793503,143.671127,144.627151,94.549339
2016-06-14,145.114716,143.785858,144.416824,94.411842
2016-06-15,145.114716,143.977051,144.053543,94.174370
2016-06-16,144.636703,142.447418,144.416824,94.411842
2016-06-17,146.003830,143.977051,145.305923,94.993095
2016-06-20,147.868073,145.812622,146.854691,96.005630
2016-06-21,147.772461,146.931168,147.275330,96.280602
2016-06-22,147.906311,145.573608,146.195023,95.574333
2016-06-23,148.642441,145.889099,148.518158,97.093109
2016-06-24,143.986618,139.751434,140.143402,91.618118
2016-06-27,140.152969,136.233276,137.189301,89.686905
2016-06-28,139.321228,137.877625,139.292542,91.061890
2016-06-29,141.950287,140.009567,141.931168,92.786873
2016-06-30,145.229446,142.131927,145.105164,94.861877
2016-07-01,146.242828,144.741867,145.650101,95.218140
2016-07-05,145.315491,144.130020,145.009567,94.799385
2016-07-06,145.707458,143.326965,145.669220,95.230621
2016-07-07,146.931168,145.210327,145.889099,95.374352
2016-07-08,147.801147,146.347992,147.667297,96.536850
2016-07-11,149.177826,147.705551,148.499039,97.080597
2016-07-12,150.210327,148.680695,150.133850,98.149338
2016-07-13,151.376678,150.152969,151.070740,98.761848
2016-07-14,154.302109,151.606125,153.231354,100.174286
2016-07-15,152.944550,151.529633,152.753342,99.861832
2016-07-18,153.680695,151.749527,152.829834,99.911835
2016-07-19,155.009567,150.946457,152.562134,99.736816
2016-07-20,154.598465,152.581268,154.263855,100.849281
2016-07-21,154.732315,152.858505,153.393875,100.280579
2016-07-22,155.038239,153.422562,154.942642,101.293076
2016-07-25,155.717010,154.636703,155.497131,101.655563
2016-07-26,156.405350,154.273422,154.990433,101.324326
2016-07-27,155.420654,154.091782,154.713196,101.143097
2016-07-28,154.694077,153.642441,154.273422,100.855591
2016-07-29,154.560226,152.992355,153.556412,100.386810
2016-08-01,154.541107,152.810699,154.349899,100.905594
2016-08-02,154.349899,153.307846,153.518158,100.361801
2016-08-03,153.785858,152.772461,153.604202,100.418091
2016-08-04,154.588913,153.078400,154.445511,100.968071
2016-08-05,156.319305,154.464630,156.309753,102.186775
2016-08-08,156.089859,154.474182,154.913956,102.148964
2016-08-09,155.611862,154.541107,154.655838,101.978767
2016-08-10,155.506699,154.837479,154.952194,102.174171
2016-08-11,157.695984,155.047806,156.338425,103.088272
2016-08-12,156.271515,154.416824,154.827911,102.092239
2016-08-15,155.803055,154.665390,154.761002,102.048141
2016-08-16,154.808792,153.623322,153.632889,101.304268
2016-08-17,154.072662,152.810699,153.384323,101.140335
2016-08-18,154.875717,153.384323,154.263855,101.720306
2016-08-19,153.833649,152.504776,153.001907,100.888199
2016-08-22,153.508606,152.131927,152.963669,100.862968
2016-08-23,154.244736,153.183563,153.212234,101.026848
2016-08-24,153.135757,151.357559,152.055450,100.264114
2016-08-25,152.523895,151.453156,151.653915,99.999359
2016-08-26,153.384323,150.908218,151.357559,99.803894
2016-08-29,153.164429,151.529633,152.695984,100.686462
2016-08-30,153.107071,151.826004,152.390060,100.484756
2016-08-31,152.638626,151.300186,151.892929,100.156952
2016-09-01,152.600388,151.147232,152.523895,100.573006
2016-09-02,153.508606,152.151047,152.533463,100.579300
2016-09-06,153.785858,152.112808,153.298279,101.083611
2016-09-07,154.646271,152.963669,154.531555,101.896820
2016-09-08,154.120453,151.778198,152.007645,100.232613
2016-09-09,151.434036,148.804977,148.843216,98.145988
2016-09-12,151.558319,148.030594,151.328873,99.785034
2016-09-13,150.984711,148.661575,148.957932,98.221611
2016-09-14,149.015289,146.644363,147.275330,97.112144
2016-09-15,149.455063,146.472275,148.814529,98.127090
2016-09-16,148.565964,146.720840,147.074570,96.979729
2016-09-19,149.321228,147.753342,148.059280,97.629074
2016-09-20,149.684509,147.657745,147.657745,97.364273
2016-09-21,148.833649,147.103256,148.690247,98.045120
2016-09-22,150.305923,148.843216,149.244736,98.410744
2016-09-23,149.177826,147.906311,148.164429,97.698410
2016-09-26,147.667297,146.711288,147.208420,97.068024
2016-09-27,149.875717,147.045883,149.875717,98.826828
2016-09-28,151.653915,149.359467,151.328873,99.785034
2016-09-29,157.743790,150.535370,151.156784,99.671547
2016-09-30,152.810699,151.108994,151.864243,100.138008
2016-10-03,151.405350,150.114716,150.678772,99.356354
2016-10-04,151.558319,148.967499,149.579346,98.631371
2016-10-05,150.889099,149.827911,150.172089,99.022217
2016-10-06,150.506699,149.034424,149.980881,98.896156
2016-10-07,150.764816,148.049713,148.824097,98.133377
2016-10-10,151.520081,149.770554,150.114716,98.984421
2016-10-11,150.047806,147.122375,147.982788,97.578629
2016-10-12,148.154877,146.347992,147.504776,97.263412
2016-10-13,147.437866,145.573608,146.959854,96.904129
2016-10-14,148.690247,147.313583,147.657745,97.364273
2016-10-17,149.034424,147.552582,147.963669,97.566010
2016-10-18,144.359467,141.290634,144.091782,95.012924
2016-10-19,145.745697,144.196945,144.608032,95.353340
2016-10-20,146.175903,144.378586,144.856598,95.517235
2016-10-21,144.502869,142.982788,143.049713,94.325813
2016-10-24,144.856598,143.785858,143.948380,94.918373
2016-10-25,144.512421,143.240921,144.244736,95.113777
2016-10-26,146.214142,143.652008,145.133850,95.700081
2016-10-27,147.284897,145.334610,146.606125,96.670883
2016-10-28,147.648178,145.487579,145.898666,96.204376
2016-10-31,147.543015,146.042068,146.931168,96.885223
2016-11-01,147.141495,145.066925,146.070740,96.317841
2016-11-02,146.606125,145.000000,145.267685,95.788300
2016-11-03,146.978973,145.124283,145.669220,96.053078
2016-11-04,146.883362,145.191208,145.726578,96.090897
2016-11-07,149.244736,147.074570,148.871887,98.164909
2016-11-08,149.072662,146.328873,148.346085,98.705582
2016-11-09,148.718933,144.359467,148.001907,98.476578
2016-11-10,154.072662,150.659653,153.173996,101.917953
2016-11-11,154.244736,152.323135,154.177826,102.585899
2016-11-14,154.741867,150.650101,151.252396,100.639389
2016-11-15,152.151047,150.621414,151.692154,100.931976
2016-11-16,152.533463,151.080307,152.284897,101.326370
2016-11-17,152.896744,151.864243,152.772461,101.650803
2016-11-18,153.652008,152.208420,153.336517,102.026077
2016-11-21,155.831741,153.317398,155.611862,103.540031
2016-11-22,155.831741,154.827911,155.516251,103.476402
2016-11-23,155.238998,154.263855,154.856598,103.037544
2016-11-25,156.013382,154.713196,155.965576,103.775406
2016-11-28,157.418732,155.544937,157.284897,104.653244
2016-11-29,157.179733,155.860428,156.338425,104.023499
2016-11-30,156.596558,155.076477,155.086044,103.190186
2016-12-01,155.066925,151.338425,152.791580,101.663506
2016-12-02,153.240921,151.443588,152.982788,101.790703
2016-12-05,154.063095,152.571701,152.810699,101.676231
2016-12-06,153.718933,151.940720,153.298279,102.000633
2016-12-07,157.915863,153.336517,157.543015,104.825035
2016-12-08,158.699814,156.998093,158.087952,105.187584
2016-12-09,159.388138,157.361374,159.196945,105.925453
2016-12-12,159.455063,157.810699,158.221802,105.276672
2016-12-13,162.476105,158.393875,160.889099,107.051384
2016-12-14,162.418732,160.086044,161.099426,107.191330
2016-12-15,162.380493,160.401535,160.630981,106.879616
2016-12-16,161.673035,158.757172,159.397705,106.059090
2016-12-19,159.904404,158.699814,159.349899,106.027229
2016-12-20,160.850861,159.130020,160.229446,106.612473
2016-12-21,160.554489,157.982788,159.971313,106.440720
2016-12-22,160.831741,159.254303,159.713196,106.268936
2016-12-23,160.124283,159.130020,159.378586,106.046341
2016-12-27,160.592728,159.512421,159.789673,106.319862
2016-12-28,160.363297,158.699814,158.881454,105.715530
2016-12-29,159.646271,158.699814,159.273422,105.976364
2016-12-30,159.369019,158.221802,158.690247,105.588318
2017-01-03,160.487579,158.709366,159.837479,106.351669
2017-01-04,162.399612,160.000000,161.816437,107.668404
2017-01-05,161.940720,159.904404,161.281067,107.312180
2017-01-06,162.447418,160.152969,162.074570,107.840195
2017-01-09,162.332703,160.248566,160.277252,106.644295
2017-01-10,160.697891,158.068832,158.240921,105.289330
2017-01-11,160.382416,158.317398,160.372849,106.707893
2017-01-12,160.621414,158.279160,160.564056,106.835114
2017-01-13,161.070740,159.541107,159.980881,106.447067
2017-01-17,160.783936,158.814529,160.506699,106.796951
2017-01-18,161.175903,159.359467,159.464630,106.103584
2017-01-19,160.086044,158.508606,159.474182,106.109955
2017-01-20,163.135757,158.699814,163.049713,108.488953
2017-01-23,163.718933,162.533463,163.508606,108.794357
2017-01-24,168.260040,163.632889,168.164429,111.892204
2017-01-25,171.367111,168.384323,170.449326,113.412498
2017-01-26,171.013382,169.703629,170.803055,113.647850
2017-01-27,171.319305,169.502869,169.502869,112.782753
2017-01-30,169.282990,166.902481,168.068832,111.828590
2017-01-31,167.858505,165.975143,166.845123,111.014336
2017-02-01,167.973236,165.286804,166.625244,110.868042
2017-02-02,167.275330,165.917786,166.902481,111.052528
2017-02-03,168.585083,167.198853,168.087952,111.841309
2017-02-06,168.240921,166.711288,168.126190,111.866753
2017-02-07,170.764816,168.164429,170.611862,113.520645
2017-02-08,169.694077,168.145309,168.422562,112.950020
2017-02-09,169.980881,168.173996,169.416824,113.616798
2017-02-10,171.003830,168.986618,170.822174,114.559296
2017-02-13,171.988525,170.975143,171.472275,114.995285
2017-02-14,172.208420,170.506699,172.208420,115.488960
2017-02-15,173.919693,171.902481,173.690247,116.482735
2017-02-16,174.751434,172.915863,173.451248,116.322411
2017-02-17,173.585083,172.084137,172.724670,115.835220
2017-02-21,172.839386,171.242828,172.332703,115.572342
2017-02-22,173.365204,172.170166,173.183563,116.142937
2017-02-23,174.474182,172.963669,173.661575,116.463524
2017-02-24,173.508606,171.978973,173.374756,116.271156
2017-02-27,173.279160,171.395798,171.510513,115.020966
2017-02-28,172.686417,171.462708,171.912048,115.290222
2017-03-01,174.521988,172.112808,173.948380,116.655830
2017-03-02,173.881454,172.495224,172.590820,115.745415
2017-03-03,173.346085,171.854691,172.131927,115.437683
2017-03-06,173.030594,171.673035,172.533463,115.706978
2017-03-07,173.317398,172.275330,172.447418,115.649239
2017-03-08,172.992355,171.414917,171.558319,115.053001
2017-03-09,171.367111,168.145309,169.388138,113.597595
2017-03-10,171.596558,169.617584,170.009567,114.014320
2017-03-13,170.229446,168.661575,168.699814,113.135986
2017-03-14,169.043976,167.504776,167.992355,112.661530
2017-03-15,168.527725,167.065002,168.078400,112.719208
2017-03-16,171.128113,169.043976,169.445511,113.636055
2017-03-17,169.015289,167.925430,167.925430,112.616661
2017-03-20,168.432129,167.437866,167.973236,112.648682
2017-03-21,168.479919,166.195023,166.233276,111.481827
2017-03-22,167.361374,165.200760,167.093689,112.058823
2017-03-23,167.944550,165.927338,167.131927,112.084457
2017-03-24,167.782028,165.764816,166.185471,111.449768
2017-03-27,166.500961,164.521988,166.128113,111.411270
2017-03-28,167.304016,165.391968,166.835571,111.885719
2017-03-29,166.816437,165.831741,166.290634,111.520309
2017-03-30,166.912048,166.051620,166.214142,111.469009
2017-03-31,167.256210,166.051620,166.481842,111.648529
2017-04-03,167.179733,165.755264,166.826004,111.879303
2017-04-04,167.265778,165.640533,166.845123,111.892113
2017-04-05,168.575531,165.210327,165.277252,110.840683
2017-04-06,165.841293,164.674957,164.866150,110.564987
2017-04-07,165.325043,163.747604,164.569794,110.366226
2017-04-10,164.971313,163.479919,163.671127,109.763535
2017-04-11,163.699814,161.548752,163.078400,109.366074
2017-04-12,163.671127,162.543015,163.154877,109.417313
2017-04-13,163.824097,162.074570,162.074570,108.692871
2017-04-17,163.766724,162.160614,163.575531,109.699432
2017-04-18,164.139572,162.361374,162.571701,109.026245
2017-04-19,155.487579,152.581268,154.579346,103.666275
2017-04-20,155.258133,153.441681,155.162521,104.057419
2017-04-21,154.980881,153.326965,153.326965,102.826408
2017-04-24,154.464630,153.365204,153.680695,103.063622
2017-04-25,154.913956,153.326965,153.336517,102.832809
2017-04-26,154.015289,152.858505,153.021027,102.621246
2017-04-27,153.422562,152.609940,153.269592,102.787949
2017-04-28,153.527725,152.676865,153.240921,102.768707
2017-05-01,153.365204,151.720840,151.854691,101.839043
2017-05-02,152.476105,151.663483,152.103256,102.005730
2017-05-03,152.437866,151.548752,151.653915,101.704414
2017-05-04,152.141495,151.395798,152.055450,101.973686
2017-05-05,148.929260,146.271515,148.231354,99.409103
2017-05-08,146.720840,145.506699,146.300186,99.072472
2017-05-09,146.367111,144.894836,145.420654,98.476845
2017-05-10,145.669220,144.483749,144.598465,97.920074
2017-05-11,144.502869,143.202682,144.024857,97.531631
2017-05-12,144.608032,143.403442,143.757172,97.350349
2017-05-15,145.152969,143.833649,144.847031,98.088394
2017-05-16,147.217972,144.990433,146.921600,99.493256
2017-05-17,147.361374,144.254303,144.292542,97.712906
2017-05-18,144.674957,143.508606,144.149139,97.615784
2017-05-19,145.755264,144.254303,145.296371,98.392708
2017-05-22,146.118546,144.933075,145.927338,98.819969
2017-05-23,146.921600,145.238998,145.344162,98.425041
2017-05-24,146.042068,144.579346,145.803055,98.735840
2017-05-25,146.969406,146.223709,146.462708,99.182510
2017-05-26,146.271515,145.372849,145.783936,98.722847
2017-05-30,145.956024,144.923523,145.057358,98.230827
2017-05-31,146.080307,144.980881,145.917786,98.813499
2017-06-01,146.147232,144.961761,145.956024,98.839371
2017-06-02,146.462708,145.124283,145.363297,98.438011
2017-06-05,146.204590,145.009567,145.707458,98.671059
2017-06-06,146.166351,145.315491,145.669220,98.645187
2017-06-07,147.418732,144.168259,144.340347,97.745277
2017-06-08,146.099426,144.282990,145.411087,98.470383
2017-06-09,147.476105,145.200760,147.323135,99.765205
2017-06-12,150.286804,147.246658,148.355637,100.464394
2017-06-13,148.642441,147.370941,147.466537,99.862274
2017-06-14,148.126190,146.214142,147.045883,99.577431
2017-06-15,147.887192,146.548752,147.437866,99.842857
2017-06-16,148.585083,146.242828,148.546844,100.593880
2017-06-19,149.005737,147.743790,148.030594,100.244240
2017-06-20,148.556412,147.466537,148.135757,100.315483
2017-06-21,148.938812,146.644363,147.026764,99.564484
2017-06-22,148.173996,146.931168,147.609940,99.959381
2017-06-23,147.877625,147.036331,147.332703,99.771667
2017-06-26,148.900574,147.829834,148.403442,100.496742
2017-06-27,148.508606,147.705551,147.944550,100.185989
2017-06-28,148.709366,147.973236,148.489487,100.555016
2017-06-29,148.891006,146.864243,147.351822,99.784622
2017-06-30,147.705551,146.405350,147.065002,99.590370
2017-07-03,149.168259,146.768646,148.738052,100.723351
2017-07-05,149.034424,146.873810,146.912048,99.486786
2017-07-06,147.065002,145.535370,145.659653,98.638687
2017-07-07,146.739960,145.449326,146.214142,99.014175
2017-07-10,147.122375,145.917786,146.673035,99.324944
2017-07-11,146.892929,145.363297,146.453156,99.176033
2017-07-12,147.456985,146.319305,146.940720,99.506226
2017-07-13,147.409180,146.453156,146.873810,99.460915
2017-07-14,147.820267,146.653915,147.456985,99.855827
2017-07-17,147.112808,145.544937,146.281067,99.059502
2017-07-18,147.504776,145.315491,147.227539,99.700424
2017-07-19,143.642441,140.258133,141.042068,95.511742
2017-07-20,142.284897,140.564056,141.166351,95.595894
2017-07-21,141.367111,140.066925,140.611862,95.220406
2017-07-24,140.573608,139.388138,139.569794,94.514740
2017-07-25,141.003830,139.608032,139.761002,94.644203
2017-07-26,140.019119,138.116638,138.967499,94.106865
2017-07-27,139.005737,137.323135,138.690247,93.919090
2017-07-28,138.661575,137.514343,137.944550,93.414139
2017-07-31,138.556412,137.829834,138.307846,93.660149
2017-08-01,139.263855,138.355637,138.910141,94.068031
2017-08-02,138.900574,137.877625,138.097519,93.517715
2017-08-03,138.948380,138.078400,138.565964,93.834938
2017-08-04,138.996170,138.049713,138.776291,93.977371
2017-08-07,138.709366,136.472275,137.160614,92.883263
2017-08-08,136.481842,135.755264,135.860428,92.974876
2017-08-09,135.783936,134.980881,135.535370,92.752419
2017-08-10,136.156784,135.019119,135.602295,92.798210
2017-08-11,136.319305,135.296371,135.602295,92.798210
2017-08-14,136.481842,135.697891,136.061188,93.112236
2017-08-15,137.036331,134.397705,135.822174,92.948692
2017-08-16,136.625244,135.382416,136.233276,93.230003
2017-08-17,136.606125,134.512421,134.512421,92.052361
2017-08-18,134.942642,133.441681,133.556412,91.398132
2017-08-21,134.244736,133.011475,134.158707,91.810310
2017-08-22,134.942642,134.206497,134.808792,92.255157
2017-08-23,136.759079,134.493301,135.889099,92.994461
2017-08-24,137.361374,135.994263,136.653915,93.517891
2017-08-25,137.848953,136.950287,137.418732,94.041267
2017-08-28,138.202682,136.128113,136.242828,93.236549
2017-08-29,137.122375,135.659653,136.845123,93.648743
2017-08-30,136.978973,136.147232,136.290634,93.269257
2017-08-31,137.342255,136.357559,136.739960,93.576736
2017-09-01,138.145309,136.692154,137.743790,94.263718
2017-09-05,138.011475,136.424469,136.749527,93.583305
2017-09-06,138.116638,137.189301,137.495224,94.093613
2017-09-07,138.279160,136.147232,136.615677,93.491699
2017-09-08,136.854691,135.411087,136.185471,93.197304
2017-09-11,138.747604,136.720840,138.489487,94.774040
2017-09-12,139.933075,138.154877,139.349899,95.362869
2017-09-13,139.856598,138.948380,139.569794,95.513336
2017-09-14,139.942642,139.110901,139.139572,95.218910
2017-09-15,138.785858,137.743790,138.451248,94.747871
2017-09-18,139.082214,137.925430,138.193115,94.571205
2017-09-19,138.604202,137.877625,138.040146,94.466537
2017-09-20,139.464630,138.068832,139.464630,95.441368
2017-09-21,139.474182,138.718933,138.871887,95.035736
2017-09-22,139.187378,138.231354,138.747604,94.950676
2017-09-25,139.608032,138.537292,139.455063,95.434822
2017-09-26,140.936905,139.521988,140.114716,95.886246
2017-09-27,140.439774,138.652008,139.254303,95.297424
2017-09-28,139.445511,137.868073,139.254303,95.297424
2017-09-29,139.282990,138.546844,138.699814,94.917969
2017-10-02,140.411087,138.824097,140.210327,95.951675
2017-10-03,140.726578,139.904404,140.325043,96.030182
2017-10-04,140.554489,139.684509,140.038239,95.833893
2017-10-05,141.051620,140.038239,140.267685,95.990921
2017-10-06,140.391968,139.885284,140.038239,95.833893
2017-10-09,141.290634,139.913956,140.908218,96.429260
2017-10-10,142.399612,141.156784,141.969406,97.155487
2017-10-11,141.940720,140.803055,141.128113,96.579765
2017-10-12,141.386230,140.315491,140.564056,96.193733
2017-10-13,141.347992,140.478012,140.630981,96.239555
2017-10-16,141.175903,140.066925,140.372849,96.062912
2017-10-17,140.650101,139.751434,140.095596,95.873146
2017-10-18,154.139572,150.047806,152.514343,104.371826
2017-10-19,153.881454,152.093689,153.824097,105.268120
2017-10-20,155.334610,152.743790,154.942642,106.033600
2017-10-23,155.363297,152.523895,152.533463,104.384880
2017-10-24,152.676865,148.346085,149.024857,101.983803
2017-10-25,149.493301,146.328873,146.749527,100.426682
2017-10-26,148.298279,146.787766,146.845123,100.492149
2017-10-27,147.829834,146.185471,146.921600,100.544456
2017-10-30,147.791580,145.994263,147.571701,100.989357
2017-10-31,148.116638,146.204590,147.284897,100.793098
2017-11-01,148.087952,147.065002,147.256210,100.773483
2017-11-02,147.695984,146.185471,146.606125,100.328583
2017-11-03,146.720840,144.827911,144.913956,99.170555
2017-11-06,145.143402,143.671127,144.206497,98.686409
2017-11-07,144.847031,143.881454,144.694077,99.020103
2017-11-08,145.114716,143.671127,144.904404,99.164032
2017-11-09,145.124283,143.269592,143.690247,99.316002
2017-11-10,144.254303,142.581268,142.600388,98.562691
2017-11-13,142.447418,141.414917,141.873810,98.060509
2017-11-14,142.418732,141.003830,142.342255,98.384308
2017-11-15,142.170166,139.780121,140.630981,97.201500
2017-11-16,143.068832,141.013382,142.562134,98.536270
2017-11-17,143.546844,142.284897,142.418732,98.437149
2017-11-20,145.267685,143.307846,143.891006,99.454765
2017-11-21,145.745697,144.550674,145.267685,100.406311
2017-11-22,145.688339,144.674957,145.095596,100.287346
2017-11-24,145.506699,144.674957,145.162521,100.333618
2017-11-27,145.783936,144.952194,145.296371,100.426147
2017-11-28,146.204590,145.028687,145.764816,100.749901
2017-11-29,146.854691,145.478012,146.797318,101.463577
2017-11-30,147.619507,146.347992,147.198853,101.741104
2017-12-01,148.202682,146.185471,147.954117,102.263115
2017-12-04,149.904404,148.250473,149.579346,103.386421
2017-12-05,149.847031,147.877625,148.518158,102.652985
2017-12-06,149.349899,147.313583,147.323135,101.826996
2017-12-07,147.657745,146.520081,146.816437,101.476776
2017-12-08,148.212234,146.797318,148.001907,102.296150
2017-12-11,149.034424,147.772461,148.575531,102.692627
2017-12-12,150.908218,148.336517,149.847031,103.571426
2017-12-13,149.837479,147.122375,147.141495,101.701439
2017-12-14,148.288712,146.940720,147.227539,101.760887
2017-12-15,147.036331,145.344162,145.793503,100.769714
2017-12-18,147.399612,146.472275,146.587006,101.318169
2017-12-19,147.390060,146.357559,146.491394,101.252083
2017-12-20,147.122375,146.061188,146.223709,101.067078
2017-12-21,146.711288,144.827911,144.837479,100.108948
2017-12-22,146.271515,144.837479,145.793503,100.769714
2017-12-26,147.093689,145.793503,146.108994,100.987785
2017-12-27,146.443588,145.898666,146.395798,101.186005
2017-12-28,147.342255,146.462708,147.265778,101.787354
2017-12-29,147.915863,146.673035,146.673035,101.377647
2018-01-02,148.001907,146.787766,147.466537,101.926079
2018-01-03,152.782028,149.455063,151.520081,104.727821
2018-01-04,155.181641,152.361374,154.588913,106.848961
2018-01-05,155.736145,154.015289,155.344162,107.370964
2018-01-08,156.701721,154.588913,156.281067,108.018562
2018-01-09,157.294449,155.889099,156.625244,108.256432
2018-01-10,157.103256,155.353729,156.959854,108.487709
2018-01-11,157.686417,156.118546,156.978973,108.500931
2018-01-12,157.495224,155.860428,155.965576,107.800468
2018-01-16,158.021027,156.166351,156.644363,108.269661
2018-01-17,161.692154,159.904404,161.233276,111.441391
2018-01-18,163.604202,160.755264,161.682602,111.751976
2018-01-19,158.126190,154.206497,155.229446,107.291664
2018-01-22,156.768646,154.024857,155.449326,107.443687
2018-01-23,158.948380,155.363297,158.938812,109.855522
2018-01-24,161.300186,157.571701,158.097519,109.274002
2018-01-25,159.445511,157.925430,158.193115,109.340065
2018-01-26,160.047806,158.499039,159.980881,110.575798
2018-01-29,160.984711,158.709366,159.464630,110.218971
2018-01-30,159.435944,155.984711,156.424469,108.117645
2018-01-31,157.734222,155.602295,156.500961,108.170509
2018-02-01,156.912048,154.780121,155.258133,107.311501
2018-02-02,154.875717,151.883362,152.036331,105.084663
2018-02-05,151.529633,143.403442,145.822174,100.789558
2018-02-06,148.652008,142.552582,148.508606,102.646347
2018-02-07,148.508606,146.539200,147.084137,101.661797
2018-02-08,146.424469,141.013382,141.099426,98.485489
2018-02-09,143.919693,138.049713,142.934998,99.766708
2018-02-12,145.697891,143.690247,144.741867,101.027847
2018-02-13,144.531555,143.059280,144.120453,100.594086
2018-02-14,148.183563,143.403442,147.954117,103.269974
2018-02-15,149.961761,146.940720,149.149139,104.104073
2018-02-16,150.850861,148.843216,149.311661,104.217514
2018-02-20,149.101334,147.103256,148.336517,103.536858
2018-02-21,149.894836,147.131927,147.189301,102.736122
2018-02-22,148.221802,146.070740,146.443588,102.215637
2018-02-23,148.996170,147.294449,148.680695,103.777122
2018-02-26,151.892929,148.671127,151.606125,105.819016
2018-02-27,152.753342,149.646271,149.665390,104.464409
2018-02-28,151.185471,148.948380,148.977051,103.983955
2018-03-01,150.066925,146.070740,147.045883,102.636024
2018-03-02,147.954117,145.200760,147.695984,103.089783
2018-03-05,150.564056,146.988525,150.047806,104.731346
2018-03-06,150.946457,148.336517,148.871887,103.910568
2018-03-07,151.845123,147.925430,151.357559,105.645515
2018-03-08,152.552582,148.250473,149.340347,104.237518
2018-03-09,152.562134,150.382416,152.304016,106.306107
2018-03-12,153.938812,151.883362,153.212234,106.940086
2018-03-13,154.980881,151.826004,152.313583,106.312820
2018-03-14,153.613770,150.803055,151.166351,105.512085
2018-03-15,154.158707,151.548752,152.590820,106.506317
2018-03-16,154.856598,152.619507,153.212234,106.940086
2018-03-19,152.858505,149.569794,150.430206,104.998260
2018-03-20,150.984711,148.460800,149.330780,104.230865
2018-03-21,151.242828,149.063095,149.799240,104.557823
2018-03-22,148.422562,145.315491,145.401535,101.488304
2018-03-23,145.869980,142.007645,142.342255,99.352982
2018-03-26,146.902481,143.671127,146.625244,102.342430
2018-03-27,148.059280,144.512421,145.229446,101.368179
2018-03-28,147.093689,145.210327,145.812622,101.775230
2018-03-29,147.122375,144.435944,146.682602,102.382469
2018-04-02,146.634796,141.902481,143.470367,100.140358
2018-04-03,144.359467,141.778198,143.260040,99.993546
2018-04-04,147.676865,140.965576,147.342255,102.842873
2018-04-05,148.107071,146.596558,147.256210,102.782852
2018-04-06,147.179733,142.963669,143.948380,100.474007
2018-04-09,147.858505,145.066925,145.975143,101.888672
2018-04-10,149.713196,147.944550,148.556412,103.690376
2018-04-11,148.929260,147.112808,148.527725,103.670357
2018-04-12,151.988525,149.780121,151.118546,105.478706
2018-04-13,152.217972,149.053543,149.818359,104.571205
2018-04-16,152.141495,150.736145,150.946457,105.358551
2018-04-17,154.875717,151.539200,153.833649,107.373795
2018-04-18,145.917786,141.739960,142.246658,99.286240
2018-04-19,142.648178,140.172089,141.204590,98.558868
2018-04-20,141.462708,138.154877,138.527725,96.690483
2018-04-23,139.541107,137.982788,139.445511,97.331070
2018-04-24,140.822174,138.173996,139.158707,97.130882
2018-04-25,139.961761,137.772461,139.521988,97.384453
2018-04-26,140.879547,139.770554,140.267685,97.904915
2018-04-27,140.774384,139.254303,140.038239,97.744789
2018-04-30,140.898666,138.585083,138.585083,96.730507
2018-05-01,138.642441,137.160614,138.623322,96.757195
2018-05-02,138.451248,135.822174,136.185471,95.055595
2018-05-03,135.975143,133.747604,135.745697,94.748650
2018-05-04,138.001907,134.110901,137.581268,96.029861
2018-05-07,137.973236,136.367111,136.921600,95.569443
2018-05-08,137.198853,135.812622,136.711288,95.422615
2018-05-09,136.730408,135.066925,136.338425,96.218742
2018-05-10,137.982788,136.720840,137.896744,97.318504
2018-05-11,138.479919,137.265778,137.801147,97.251068
2018-05-14,138.738052,137.801147,137.954117,97.359009
2018-05-15,137.657745,136.634796,137.418732,96.981163
2018-05-16,138.652008,136.969406,138.269592,97.581665
2018-05-17,138.804977,137.447418,138.145309,97.493912
2018-05-18,138.565964,137.657745,137.743790,97.210579
2018-05-21,139.617584,138.317398,139.091782,98.161911
2018-05-22,139.770554,138.623322,138.709366,97.892006
2018-05-23,138.336517,137.170166,138.307846,97.608643
2018-05-24,138.126190,136.663483,137.734222,97.203850
2018-05-25,138.212234,137.151047,137.323135,96.913704
2018-05-29,136.606125,134.043976,135.009567,95.280930
2018-05-30,136.806885,135.583176,136.347992,96.225487
2018-05-31,136.529633,134.847031,135.095596,95.341660
2018-06-01,136.558319,135.391968,135.707458,95.773460
2018-06-04,136.873810,135.927338,136.749527,96.508865
2018-06-05,137.743790,136.749527,137.380493,96.954170
2018-06-06,138.355637,137.227539,138.346085,97.635612
2018-06-07,140.248566,138.556412,138.967499,98.074181
2018-06-08,139.990433,138.021027,139.713196,98.600433
2018-06-11,140.927338,139.713196,140.133850,98.897324
2018-06-12,141.032501,140.172089,140.411087,99.092949
2018-06-13,140.984711,139.770554,139.913956,98.742142
2018-06-14,140.516251,138.709366,138.814529,97.966225
2018-06-15,139.072662,137.380493,138.996170,98.094421
2018-06-18,138.164429,136.845123,138.126190,97.480438
2018-06-19,137.877625,136.663483,137.571701,97.089127
2018-06-20,138.164429,136.147232,136.357559,96.232254
2018-06-21,136.845123,134.636703,135.038239,95.301170
2018-06-22,135.573608,134.588913,135.066925,95.321411
2018-06-25,134.225616,132.198853,132.686417,93.641403
2018-06-26,133.699814,132.246658,132.963669,93.837074
2018-06-27,133.632889,131.405350,131.434036,92.757553
2018-06-28,134.359467,131.883362,133.881454,94.484787
2018-06-29,135.143402,133.470367,133.556412,94.255379
2018-07-02,134.053543,132.122375,133.709366,94.363342
2018-07-03,134.741867,133.240921,133.432129,94.167679
2018-07-05,135.210327,133.776291,135.210327,95.422615
2018-07-06,136.653915,134.961761,136.214142,96.131042
2018-07-09,138.355637,136.204590,138.040146,97.419693
2018-07-10,139.187378,137.915863,138.346085,97.635612
2018-07-11,139.761002,137.667297,138.565964,97.790787
2018-07-12,140.372849,139.330780,140.009567,98.809601
2018-07-13,140.516251,139.388138,139.483749,98.438515
2018-07-16,139.378586,137.868073,139.063095,98.141663
2018-07-17,138.623322,137.036331,137.179733,96.812462
2018-07-18,138.432129,136.462708,138.164429,97.507408
2018-07-19,143.919693,140.774384,142.676865,100.692032
2018-07-20,142.313583,139.827911,139.913956,98.742142
2018-07-23,140.248566,138.632889,139.292542,98.303581
2018-07-24,140.573608,139.502869,139.942642,98.762375
2018-07-25,140.200760,139.101334,140.172089,98.924301
2018-07-26,142.705551,140.181641,140.258133,98.985039
2018-07-27,140.669220,138.298279,138.766724,97.932472
2018-07-30,139.808792,138.326965,139.091782,98.161911
2018-07-31,139.388138,137.820267,138.556412,97.784088
2018-08-01,138.804977,137.036331,137.189301,96.819260
2018-08-02,137.055450,136.070740,136.673035,96.454887
2018-08-03,141.414917,136.711288,141.204590,99.652985
2018-08-06,140.726578,139.168259,139.608032,98.526215
2018-08-07,141.147232,139.913956,140.544937,99.187454
2018-08-08,140.946457,139.808792,140.430206,99.106461
2018-08-09,139.521988,138.365204,138.403442,98.731384
2018-08-10,138.690247,137.552582,138.126190,98.533600
2018-08-13,137.954117,136.261948,136.434036,97.326462
2018-08-14,137.495224,136.644363,137.055450,97.769760
2018-08-15,137.667297,135.755264,137.581268,98.144875
2018-08-16,139.273422,138.021027,138.948380,99.120110
2018-08-17,139.952194,138.326965,139.636703,99.611137
2018-08-20,140.688339,139.722748,140.066925,99.918022
2018-08-21,140.650101,139.474182,139.550674,99.549797
2018-08-22,139.732315,138.804977,138.852768,99.051895
2018-08-23,139.120453,138.384323,138.977051,99.140564
2018-08-24,139.665390,138.499039,139.617584,99.597504
2018-08-27,141.128113,140.076477,140.238998,100.040810
2018-08-28,140.525818,139.761002,140.143402,99.972588
2018-08-29,141.424469,140.152969,141.051620,100.620506
2018-08-30,140.822174,138.862335,139.512421,99.522476
2018-08-31,140.325043,139.139572,140.038239,99.897560
2018-09-04,139.761002,138.441681,139.273422,99.351974
2018-09-05,140.296371,138.671127,140.210327,100.020332
2018-09-06,141.166351,139.139572,139.952194,99.836189
2018-09-07,140.057358,138.738052,139.053543,99.195145
2018-09-10,140.822174,139.158707,139.244736,99.331497
2018-09-11,140.525818,138.862335,140.047806,99.904434
2018-09-12,141.472275,139.608032,140.124283,99.958923
2018-09-13,142.447418,140.650101,142.399612,101.582085
2018-09-14,142.734222,141.281067,141.806885,101.159256
2018-09-17,142.514343,141.271515,141.434036,100.893280
2018-09-18,142.437866,140.984711,142.026764,101.316109
2018-09-19,143.365204,141.711288,142.504776,101.657104
2018-09-20,144.722748,142.868073,144.502869,103.082436
2018-09-21,145.889099,144.110901,144.694077,103.218849
2018-09-24,144.550674,142.887192,143.432129,102.318649
2018-09-25,143.795410,141.835571,142.361374,101.554787
2018-09-26,146.606125,144.684509,144.942642,103.396156
2018-09-27,145.688339,144.512421,144.837479,103.321136
2018-09-28,144.961761,144.158707,144.560226,103.123360
2018-10-01,146.673035,145.038239,146.271515,104.344139
2018-10-02,147.074570,145.793503,146.988525,104.855621
2018-10-03,147.571701,146.080307,146.481842,104.494202
2018-10-04,146.080307,143.747604,144.655838,103.191589
2018-10-05,145.114716,141.367111,142.476105,101.636642
2018-10-08,142.514343,140.707458,141.864243,101.200157
2018-10-09,141.835571,140.468445,140.764816,100.415878
2018-10-10,141.195023,136.233276,136.414917,97.312813
2018-10-11,137.848953,132.676865,132.906311,94.809952
2018-10-12,135.315491,132.963669,134.655838,96.057999
2018-10-15,136.003830,133.977051,134.923523,96.248940
2018-10-16,139.053543,135.353729,138.738052,98.970108
2018-10-17,131.118546,127.552582,128.154877,91.420456
2018-10-18,127.533463,124.321220,124.808792,89.033516
2018-10-19,126.089867,122.332695,123.422562,88.044624
2018-10-22,124.703636,122.753349,124.302101,88.672050
2018-10-23,126.099426,122.762909,125.439774,89.483604
2018-10-24,125.898659,121.414917,121.615677,86.755692
2018-10-25,122.170174,119.636711,120.889099,86.237373
2018-10-26,120.248566,118.269600,119.302101,85.105240
2018-10-29,118.499046,113.097511,114.378586,81.593025
2018-10-30,116.156792,110.086044,110.325050,78.701401
2018-10-31,111.376671,109.072655,110.353729,78.721848
2018-11-01,111.854683,110.047798,111.692162,79.676636
2018-11-02,112.571701,109.502869,110.583176,78.885536
2018-11-05,115.458893,110.898659,114.780113,81.879456
2018-11-06,118.365204,115.019119,117.705544,83.966347
2018-11-07,119.560226,116.950287,119.349907,85.139359
2018-11-08,118.929253,117.237091,117.954109,85.215332
2018-11-09,119.091782,116.596558,118.107079,85.325821
2018-11-12,118.135757,115.344170,115.583176,83.502472
2018-11-13,116.873802,114.627151,115.525810,83.461021
2018-11-14,116.567879,114.502869,114.913956,83.018982
2018-11-15,116.099426,114.254303,116.099426,83.875404
2018-11-16,116.491394,115.239006,116.223709,83.965202
2018-11-19,116.806885,114.502869,115.019119,83.094963
2018-11-20,114.235184,111.567879,112.045891,80.946968
2018-11-21,114.254303,112.227531,113.355644,81.893196
2018-11-23,113.135757,111.768639,112.036331,80.940063
2018-11-26,114.961761,112.868073,114.302101,82.576965
2018-11-27,114.760994,113.164436,114.751434,82.901588
2018-11-28,117.676865,114.933075,117.590820,84.952881
2018-11-29,117.705544,116.061188,116.137665,83.903053
2018-11-30,119.206497,116.137665,118.804970,85.830032
2018-12-03,121.022942,118.891014,119.799232,86.548317
2018-12-04,119.426384,115.994263,116.252388,83.985939
2018-12-06,118.460800,114.053535,118.460800,85.581398
2018-12-07,118.594643,113.642448,114.091782,82.425018
2018-12-10,116.328873,113.307838,115.803062,83.661331
2018-12-11,118.365204,114.722755,115.573616,83.495560
2018-12-12,117.476097,115.678780,115.831741,83.682045
2018-12-13,116.434036,114.885277,115.420647,83.385056
2018-12-14,115.783936,114.187378,114.627151,82.811760
2018-12-17,114.512428,110.009560,110.994263,80.187241
2018-12-18,113.030594,110.917786,111.520073,80.567085
2018-12-19,114.980881,110.869980,111.309753,80.415138
2018-12-20,111.328873,106.787766,108.049713,78.059952
2018-12-21,110.210327,105.583176,106.061188,76.623337
2018-12-24,106.118546,102.772469,102.839386,74.295792
2018-12-26,106.491394,101.281075,106.491394,76.934151
2018-12-27,108.776291,104.655830,108.776291,78.584854
2018-12-28,109.751434,107.552582,108.059273,78.066856
2018-12-31,109.321220,107.476097,108.671127,78.508904
2019-01-02,110.879539,106.778206,110.143402,79.572525
2019-01-03,109.827919,107.734222,107.944550,77.983994
2019-01-04,112.323135,109.407265,112.160614,81.029854
2019-01-07,113.604210,111.539200,112.954109,81.603119
2019-01-08,115.267685,113.747612,114.560226,82.763428
2019-01-09,116.061188,114.598473,115.382408,83.357414
2019-01-10,116.500954,114.674950,116.434036,84.117157
2019-01-11,116.271507,114.913956,116.118546,83.889236
2019-01-14,115.344170,114.493309,115.095604,83.150223
2019-01-15,116.567879,115.506691,116.376671,84.075722
2019-01-16,116.634796,115.516251,116.271507,83.999725
2019-01-17,117.026772,115.248566,116.816444,84.393425
2019-01-18,119.235184,117.313576,118.374763,85.519211
2019-01-22,118.355644,116.195030,117.131927,84.621361
2019-01-23,129.063095,124.579353,127.045891,91.783638
2019-01-24,127.351814,125.650093,126.701721,91.534996
2019-01-25,128.527725,126.606117,128.078400,92.529572
2019-01-28,128.881454,126.749519,128.365204,92.736763
2019-01-29,129.455063,127.724663,128.422562,92.778206
2019-01-30,129.091782,127.390060,128.470367,92.812752
2019-01-31,128.795410,127.858505,128.508606,92.840378
2019-02-01,129.254303,127.485657,128.202682,92.619362
2019-02-04,129.254303,127.141495,129.244736,93.372177
2019-02-05,129.847031,128.986618,129.588913,93.620834
2019-02-06,130.640533,129.225616,130.325043,94.152641
2019-02-07,128.556412,126.309753,127.332695,93.062645
2019-02-08,127.829826,126.376671,127.829826,93.425972
2019-02-11,129.206497,128.021027,128.097519,93.621643
2019-02-12,130.210327,128.929260,130.066925,95.060997
2019-02-13,131.854691,130.411087,131.472275,96.088104
2019-02-14,131.548752,130.219879,130.478012,95.361450
2019-02-15,132.112808,131.347992,131.959854,96.444450
2019-02-19,132.600388,131.319305,132.600388,96.912590
2019-02-20,133.116638,131.185471,131.931168,96.423492
2019-02-21,132.265778,131.309753,131.778198,96.311691
2019-02-22,133.250473,132.342255,133.126190,97.296898
2019-02-25,134.292542,133.193115,133.326965,97.443611
2019-02-26,134.311661,133.336517,133.575531,97.625267
2019-02-27,133.432129,132.313583,133.049713,97.240990
2019-02-28,132.944550,131.663483,132.055450,96.514320
2019-03-01,133.881454,132.543015,133.078400,97.261948
2019-03-04,133.919693,131.137665,132.342255,96.723938
2019-03-05,132.638626,131.510513,131.816437,96.339638
2019-03-06,132.304016,130.707458,130.956024,95.710800
2019-03-07,130.869980,128.709366,129.407272,94.578880
2019-03-08,129.292542,127.705544,129.149139,94.390213
2019-03-11,131.673035,129.866150,131.653915,96.220863
2019-03-12,133.556412,131.797318,132.198853,96.619125
2019-03-13,133.193115,131.787766,132.466537,96.814758
2019-03-14,132.829834,131.988525,132.686417,96.975479
2019-03-15,134.158707,133.107071,133.298279,97.422661
2019-03-18,134.196945,132.619507,134.043976,97.967667
2019-03-19,135.468445,133.843216,134.311661,98.163292
2019-03-20,134.512421,132.868073,133.460800,97.541451
2019-03-21,135.869980,132.772461,135.219879,98.827110
2019-03-22,135.219879,132.791580,133.317398,97.436638
2019-03-25,133.757172,132.265778,133.059280,97.248009
2019-03-26,134.818359,133.288712,134.053543,97.974670
2019-03-27,134.311661,132.313583,133.116638,97.289909
2019-03-28,134.263855,132.982788,133.766724,97.765038
2019-03-29,135.009567,133.986618,134.894836,98.589531
2019-04-01,137.103256,135.286804,136.998093,100.126709
2019-04-02,137.619507,136.328873,136.711288,99.917099
2019-04-03,137.877625,136.720840,137.313583,100.357300
2019-04-04,137.801147,136.271515,136.500961,99.763367
2019-04-05,137.189301,136.195023,136.978973,100.112740
2019-04-08,137.112808,136.587006,137.084137,100.189629
2019-04-09,136.663483,135.602295,135.860428,99.295235
2019-04-10,137.189301,135.736145,136.730408,99.931091
2019-04-11,137.772461,136.739960,137.456985,100.462112
2019-04-12,138.087952,137.380493,138.001907,100.860390
2019-04-15,138.107071,136.969406,137.571701,100.545952
2019-04-16,138.996170,137.686417,138.757172,101.412346
2019-04-17,135.736145,130.267685,132.992355,97.199074
2019-04-18,134.311661,132.600388,134.158707,98.051506
2019-04-22,134.378586,132.390060,132.782028,97.045357
2019-04-23,134.722748,132.829834,134.263855,98.128365
2019-04-24,135.095596,133.632889,133.795410,97.785988
2019-04-25,133.604202,131.653915,132.533463,96.863670
2019-04-26,133.738052,132.705551,133.307846,97.429665
2019-04-29,133.489487,132.705551,132.934998,97.157166
2019-04-30,134.263855,132.581268,134.101334,98.009583
2019-05-01,135.573608,134.005737,134.378586,98.212227
2019-05-02,135.066925,133.279160,133.451248,97.534470
2019-05-03,134.799240,133.489487,134.082214,97.995621
2019-05-06,134.502869,131.835571,134.206497,98.086464
2019-05-07,133.374756,130.200760,131.587006,96.171951
2019-05-08,132.600388,131.099426,131.931168,96.423492
2019-05-09,129.617584,127.179733,129.388138,95.688179
2019-05-10,129.780121,126.596558,129.369019,95.674034
2019-05-13,127.695984,125.200768,125.640533,92.916687
2019-05-14,128.412994,125.889099,127.447418,94.252930
2019-05-15,128.671127,126.548759,128.489487,95.023598
2019-05-16,130.124283,128.718933,129.904404,96.069984
2019-05-17,129.455063,128.049713,128.412994,94.967010
2019-05-20,129.474182,127.084129,129.177826,95.532661
2019-05-21,131.032501,129.818359,130.449326,96.472992
2019-05-22,130.736145,129.741867,130.353729,96.402283
2019-05-23,129.187378,124.703636,126.567879,93.602470
2019-05-24,128.346085,125.803062,126.462715,93.524712
2019-05-28,126.806885,124.541107,124.722755,92.237953
2019-05-29,124.550667,122.676865,123.986618,91.693542
2019-05-30,124.254303,123.260040,123.871895,91.608688
2019-05-31,122.791588,121.271507,121.405357,89.784569
2019-06-03,122.906311,121.472275,122.629066,90.689568
2019-06-04,126.902489,123.413002,126.854683,93.814606
2019-06-05,127.734222,124.732315,125.707458,92.966156
2019-06-06,126.816444,125.143402,126.405357,93.482292
2019-06-07,128.795410,126.395790,127.447418,94.252930
2019-06-10,129.397705,128.021027,128.814529,95.263985
2019-06-11,130.458893,129.110901,129.971313,96.119461
2019-06-12,129.961761,128.499039,128.938812,95.355911
2019-06-13,130.277252,129.149139,129.789673,95.985153
2019-06-14,129.904404,128.518158,129.206497,95.553871
2019-06-17,130.047806,128.776291,129.015289,95.412453
2019-06-18,131.156784,129.254303,130.382416,96.423515
2019-06-19,132.275330,130.248566,131.051620,96.918404
2019-06-20,133.403442,132.122375,132.743790,98.169846
2019-06-21,133.403442,132.304016,133.078400,98.417282
2019-06-24,133.986618,132.934998,133.221802,98.523361
2019-06-25,133.412994,132.055450,132.275330,97.823410
2019-06-26,133.537292,132.323135,132.428299,97.936531
2019-06-27,133.173996,131.883362,132.428299,97.936531
2019-06-28,133.021027,131.778198,131.835571,97.498169
2019-07-01,135.267685,133.154877,133.728485,98.898064
2019-07-02,134.254303,133.336517,134.053543,99.138466
2019-07-03,135.583176,134.254303,135.315491,100.071724
2019-07-05,135.267685,133.757172,135.162521,99.958595
2019-07-08,135.076477,134.101334,134.388138,99.385887
2019-07-09,134.789673,133.011475,133.202682,98.509216
2019-07-10,135.669220,133.642441,134.292542,99.315224
2019-07-11,135.353729,134.130020,135.028687,99.859612
2019-07-12,136.634796,135.430206,136.462708,100.920158
2019-07-15,137.198853,135.869980,137.017212,101.330223
2019-07-16,137.705551,136.730408,137.217972,101.478714
2019-07-17,137.476105,135.707458,136.778198,101.153435
2019-07-18,143.699814,135.946457,143.049713,105.791527
2019-07-19,144.913956,142.973236,143.097519,105.826843
2019-07-22,145.258133,143.116638,143.154877,105.869293
2019-07-23,144.091782,141.854691,143.766724,106.321793
2019-07-24,144.789673,142.638626,143.432129,106.074333
2019-07-25,143.996170,142.074570,143.776291,106.328857
2019-07-26,144.751434,143.499039,144.703629,107.014679
2019-07-29,144.818359,143.709366,144.244736,106.675278
2019-07-30,143.785858,142.657745,143.183563,105.890526
2019-07-31,143.575531,139.952194,141.720840,104.808739
2019-08-01,146.099426,141.969406,143.709366,106.279358
2019-08-02,146.223709,139.187378,140.774384,104.108818
2019-08-05,138.718933,133.030594,134.569794,99.520241
2019-08-06,136.204590,133.183563,134.541107,99.499031
2019-08-07,133.441681,130.411087,132.992355,98.353676
2019-08-08,134.244736,131.701721,133.938812,100.220734
2019-08-09,133.183563,129.397705,130.143402,97.380783
2019-08-12,129.894836,127.323135,127.791588,95.621017
2019-08-13,130.564056,126.969406,129.818359,97.137558
2019-08-14,128.260040,125.219887,125.478012,93.889854
2019-08-15,126.548759,124.521988,126.118546,94.369164
2019-08-16,128.671127,127.103249,127.877632,95.685410
2019-08-19,130.334610,128.948380,129.101334,96.601059
2019-08-20,129.330780,126.969406,127.151054,95.141754
2019-08-21,129.961761,127.915871,128.346085,96.035919
2019-08-22,129.713196,127.925430,128.412994,96.085976
2019-08-23,128.355637,123.164436,123.871895,92.688087
2019-08-26,125.525810,123.479927,124.273422,92.988525
2019-08-27,125.908218,124.579353,125.401527,93.832626
2019-08-28,127.045891,124.321220,126.921608,94.970047
2019-08-29,129.722748,128.145309,128.948380,96.486588
2019-08-30,130.086044,128.451248,129.569794,96.951561
2019-09-03,128.967499,127.466537,128.202682,95.928627
2019-09-04,130.430206,129.206497,130.325043,97.516693
2019-09-05,135.468445,131.978973,134.770554,100.843079
2019-09-06,135.305923,134.282990,134.388138,100.556915
2019-09-09,136.730408,134.282990,136.328873,102.009094
2019-09-10,139.063095,136.673035,138.671127,103.761711
2019-09-11,138.738052,136.434036,137.284897,102.724464
2019-09-12,137.705551,135.640533,137.304016,102.738762
2019-09-13,138.288712,136.959854,137.351822,102.774544
2019-09-16,137.323135,136.013382,136.214142,101.923248
2019-09-17,136.214142,134.474182,135.946457,101.722961
2019-09-18,136.042068,134.330780,135.965576,101.737267
2019-09-19,138.652008,136.185471,136.682602,102.273796
2019-09-20,137.504776,135.583176,135.640533,101.494064
2019-09-23,135.965576,134.378586,135.822174,101.629974
2019-09-24,136.606125,134.866150,135.449326,101.350975
2019-09-25,137.313583,134.665390,136.864243,102.409698
2019-09-26,137.552582,135.191208,137.237091,102.688667
2019-09-27,138.709366,136.118546,136.940720,102.466934
2019-09-30,140.124283,137.409180,139.024857,104.026382
2019-10-01,140.869980,137.227539,137.342255,102.767387
2019-10-02,136.013382,134.388138,135.458893,101.358139
2019-10-03,135.822174,133.059280,135.774384,101.594208
2019-10-04,136.768646,134.827911,136.701721,102.288101
2019-10-07,136.424469,135.009567,135.066925,101.064857
2019-10-08,134.292542,132.170166,132.294449,98.990311
2019-10-09,134.158707,132.686417,133.527725,99.913132
2019-10-10,135.544937,133.422562,134.923523,100.957550
2019-10-11,138.145309,136.338425,136.481842,102.123550
2019-10-14,136.166351,135.105164,135.793503,101.608513
2019-10-15,137.399612,135.573608,136.711288,102.295242
2019-10-16,136.663483,135.172089,135.860428,101.658585
2019-10-17,130.019119,127.065010,128.355637,96.043060
2019-10-18,128.575531,126.434036,128.193115,95.921455
2019-10-21,127.246651,125.143402,126.749519,94.841270
2019-10-22,128.154877,125.822182,128.068832,95.828453
2019-10-23,128.652008,126.864243,128.470367,96.128914
2019-10-24,129.130020,127.437859,128.173996,95.907166
2019-10-25,129.952194,128.202682,129.483749,96.887199
2019-10-28,130.621414,129.493301,129.990433,97.266357
2019-10-29,129.608032,127.571701,127.934990,95.728325
2019-10-30,129.330780,127.342255,129.302109,96.751274
2019-10-31,129.302109,127.370934,127.848946,95.663948
2019-11-01,129.598465,128.193115,129.569794,96.951561
2019-11-04,131.682602,130.238998,131.615677,98.482437
2019-11-05,132.657745,131.577438,131.826004,98.639786
2019-11-06,132.676865,131.500961,132.676865,99.276459
2019-11-07,133.021027,131.529633,131.634796,99.660095
2019-11-08,131.558319,130.172089,131.558319,99.602158
2019-11-11,131.166351,129.063095,129.512421,98.053223
2019-11-12,130.650101,129.082214,129.627151,98.140091
2019-11-13,129.617584,127.963669,128.565964,97.336678
2019-11-14,128.422562,127.466537,128.107071,96.989243
2019-11-15,129.177826,128.135757,128.489487,97.278786
2019-11-18,128.565964,127.370934,128.403442,97.213646
2019-11-19,129.426392,128.546844,128.604202,97.365639
2019-11-20,128.546844,126.912048,127.342255,96.410202
2019-11-21,128.269592,127.131927,127.954109,96.873451
2019-11-22,128.728485,127.715103,128.432129,97.235367
2019-11-25,130.019119,128.441681,129.990433,98.415161
2019-11-26,130.162521,128.843216,129.149139,97.778198
2019-11-27,129.741867,127.743790,127.887192,96.822784
2019-11-29,128.604202,127.179733,128.537292,97.314972
2019-12-02,128.585083,126.653923,127.065010,96.200310
2019-12-03,126.615677,124.942642,126.309753,95.628517
2019-12-04,127.801147,126.156792,126.185471,95.534424
2019-12-05,127.380501,125.841301,126.108986,95.476517
2019-12-06,128.001907,126.864243,127.361374,96.424683
2019-12-09,128.671127,127.399620,128.030594,96.931358
2019-12-10,128.910141,127.686424,128.021027,96.924110
2019-12-11,128.594650,127.791588,127.877632,96.815544
2019-12-12,129.694077,127.782028,129.369019,97.944656
2019-12-13,129.541107,128.116638,128.307846,97.141243
2019-12-16,129.493301,127.963669,128.231354,97.083336
2019-12-17,128.766724,127.590820,128.317398,97.148468
2019-12-18,129.063095,128.250473,128.499039,97.286011
2019-12-19,128.804977,128.288712,128.642441,97.394569
2019-12-20,130.420654,129.015289,129.627151,98.140091
2019-12-23,130.162521,129.063095,129.588913,98.111137
2019-12-24,129.655838,128.690247,129.043976,97.698570
2019-12-26,129.359467,128.728485,128.977051,97.647903
2019-12-27,129.780121,128.938812,129.321228,97.908485
2019-12-30,129.349899,126.673042,126.969406,96.127937
2019-12-31,128.221802,126.577438,128.145309,97.018196
2020-01-02,129.942642,128.843216,129.464630,98.017052
2020-01-03,128.929260,127.686424,128.432129,97.235367
2020-01-06,128.336517,127.342255,128.202682,97.061638
2020-01-07,129.024857,127.533463,128.288712,97.126762
2020-01-08,129.885284,128.030594,129.359467,97.937447
2020-01-09,130.774384,129.359467,130.726578,98.972473
2020-01-10,131.806885,130.315491,130.678772,98.936279
2020-01-13,130.630981,129.130020,130.592728,98.871117
2020-01-14,131.108994,129.588913,129.847031,98.306557
2020-01-15,131.988525,129.741867,130.611862,98.885605
2020-01-16,132.112808,130.984711,131.912048,99.869995
2020-01-17,132.246658,130.172089,132.227539,100.108841
2020-01-21,133.221802,131.548752,133.049713,100.731300
2020-01-22,139.378586,136.281067,137.562134,104.147636
2020-01-23,138.059280,135.898666,136.587006,103.409363
2020-01-24,137.590820,134.282990,134.378586,101.737381
2020-01-27,133.910141,132.026764,132.523895,100.333206
2020-01-28,134.292542,132.648178,133.412994,101.006325
2020-01-29,133.441681,131.548752,131.634796,99.660095
2020-01-30,130.946457,129.034424,130.755264,98.994186
2020-01-31,137.715103,134.598465,137.409180,104.031815
2020-02-03,140.803055,137.571701,139.837479,105.870262
2020-02-04,142.810699,140.420654,142.552582,107.925873
2020-02-05,150.516251,143.546844,149.455063,113.151726
2020-02-06,151.768646,148.585083,149.866150,113.462936
2020-02-07,148.699814,146.195023,146.663483,112.197701
2020-02-10,147.648178,144.913956,147.638626,112.943680
2020-02-11,148.393875,146.013382,146.730408,112.248878
2020-02-12,148.757172,146.768646,148.479919,113.587273
2020-02-13,148.021027,146.663483,147.523895,112.855927
2020-02-14,147.762909,143.183563,144.072662,110.215736
2020-02-18,144.722748,143.059280,144.455063,110.508247
2020-02-19,145.210327,143.699814,144.225616,110.332748
2020-02-20,144.952194,142.934998,144.569794,110.596039
2020-02-21,144.397705,142.294449,143.250473,109.586754
2020-02-24,141.539200,138.986618,139.990433,107.092827
2020-02-25,140.602295,135.047806,135.478012,103.640816
2020-02-26,137.724670,133.460800,133.604202,102.207344
2020-02-27,132.590820,127.160614,127.256210,97.351105
2020-02-28,125.325050,120.803062,124.426384,95.186317
2020-03-02,128.527725,122.323135,128.393875,98.221436
2020-03-03,130.114716,122.179733,123.231361,94.272102
2020-03-04,128.374756,123.326958,128.317398,98.162918
2020-03-05,126.472275,122.801147,123.852776,94.747498
2020-03-06,122.686424,119.043976,122.112808,93.416405
2020-03-09,117.026772,112.122368,112.629066,86.161339
2020-03-10,119.388145,110.669212,119.282982,91.251602
2020-03-11,117.189293,111.261948,112.782028,86.278351
2020-03-12,104.971321,97.782028,98.288719,75.190956
2020-03-13,104.359467,96.376671,103.202675,78.950134
2020-03-16,102.686424,90.822182,94.722755,72.462997
2020-03-17,102.676865,92.829826,101.959846,77.999374
2020-03-18,102.227531,95.028679,98.996178,75.732162
2020-03-19,99.130020,93.919693,95.927345,73.384506
2020-03-20,96.548759,90.544930,91.195030,69.764282
2020-03-23,93.441681,86.577438,90.602295,69.310860
2020-03-24,101.376671,94.894836,100.841301,77.143692
2020-03-25,107.533463,98.307838,101.195030,77.414276
2020-03-26,108.173996,100.927345,107.925430,82.563042
2020-03-27,106.596558,102.915871,103.279160,79.008644
2020-03-30,108.470360,103.068832,107.963669,82.592293
2020-03-31,108.804970,105.325050,106.051628,81.129601
2020-04-01,105.086044,99.923515,100.516251,76.895027
2020-04-02,105.468452,100.516251,105.162521,80.449440
2020-04-03,105.229446,100.305923,101.663483,77.772652
2020-04-06,110.544930,105.286804,109.770554,83.974579
2020-04-07,114.311661,109.818359,109.885277,84.062347
2020-04-08,114.684509,110.009560,114.043976,87.243729
2020-04-09,117.514343,114.885277,116.156792,88.860054
2020-04-13,116.443596,112.848946,115.822182,88.604080
2020-04-14,119.674950,117.227531,118.460800,90.622604
2020-04-15,114.904396,111.625237,113.470360,86.804939
2020-04-16,114.483749,109.388145,110.640533,84.640099
2020-04-17,115.095604,112.734222,114.837479,87.850784
2020-04-20,117.456978,112.944550,115.114723,88.062874
2020-04-21,111.998085,107.131927,111.625237,85.393410
2020-04-22,115.038239,112.380501,114.063095,87.258377
2020-04-23,117.619499,113.881454,116.013382,88.750359
2020-04-24,119.502869,115.449333,119.235184,91.215019
2020-04-27,121.405357,119.952202,120.382408,92.092644
2020-04-28,122.562141,119.866158,120.717018,92.348625
2020-04-29,123.623329,121.921608,123.030594,94.118515
2020-04-30,121.673042,119.713196,120.038239,91.829376
2020-05-01,118.040154,116.051628,116.510513,89.130646
2020-05-04,116.606117,114.139580,116.328873,88.991707
2020-05-05,118.852776,117.084129,117.189293,89.649918
2020-05-06,118.594643,117.026772,117.753349,90.081421
2020-05-07,117.839386,115.535370,115.898659,89.851654
2020-05-08,117.810707,115.736137,117.581261,91.156113
2020-05-11,118.021034,115.363289,117.198853,90.859634
2020-05-12,118.852776,114.971321,114.971321,89.132729
2020-05-13,114.713196,109.799232,110.640533,85.775238
2020-05-14,111.940727,106.892921,111.806885,86.679482
2020-05-15,112.227531,110.181641,111.835564,86.701691
2020-05-18,116.978966,114.483749,116.214149,90.096245
2020-05-19,116.797325,114.856598,115.000000,89.154968
2020-05-20,117.084129,115.296364,116.042068,89.962837
2020-05-21,116.367111,113.738052,113.881454,88.287804
2020-05-22,114.216064,112.418739,113.183556,87.746719
2020-05-26,117.227531,115.688339,116.405357,90.244476
2020-05-27,120.296364,118.040154,120.019119,93.046097
2020-05-28,121.386230,118.757172,119.053535,92.297493
2020-05-29,119.627151,116.864243,119.407265,92.571739
2020-06-01,120.219887,118.575523,119.397705,92.564323
2020-06-02,120.458893,119.177818,120.458893,93.387009
2020-06-03,123.900574,121.414917,123.374763,95.647575
2020-06-04,123.279160,121.434036,123.221794,95.528999
2020-06-05,128.326965,125.956024,126.252388,97.878510
2020-06-08,129.904404,126.453156,129.780121,100.613403
2020-06-09,127.724663,125.258125,126.070747,97.737686
2020-06-10,126.414917,124.091782,124.158699,96.255333
2020-06-11,120.554497,112.657745,112.820267,87.465096
2020-06-12,117.705544,114.034416,116.548759,90.355652
2020-06-15,116.988525,113.087952,116.300194,90.162941
2020-06-16,121.892921,117.743790,119.646271,92.757050
2020-06-17,120.697899,117.973228,118.690247,92.015862
2020-06-18,118.929253,116.950287,118.699806,92.023277
2020-06-19,121.242828,116.873802,117.084129,90.770699
2020-06-22,117.112808,115.229446,115.745697,89.733078
2020-06-23,117.495216,113.986618,114.158699,88.502724
2020-06-24,113.116638,110.783936,111.300194,86.286659
2020-06-25,113.967499,110.994263,113.795410,88.221107
2020-06-26,113.757172,111.147224,112.036331,86.857338
2020-06-29,114.512428,112.208412,114.483749,88.754730
2020-06-30,115.869980,113.766731,115.458893,89.510719
2020-07-01,115.898659,113.164436,113.326958,87.857910
2020-07-02,116.080307,114.015297,114.435944,88.717674
2020-07-06,116.491394,114.206497,114.904396,89.080856
2020-07-07,114.254303,112.170174,112.409180,87.146385
2020-07-08,113.422562,111.357552,112.533463,87.242760
2020-07-09,112.810707,110.133842,110.621414,85.760437
2020-07-10,113.355644,110.219887,113.145317,87.717094
2020-07-13,115.669212,113.441681,113.957932,88.347084
2020-07-14,115.573616,112.734222,115.296364,89.384720
2020-07-15,118.508606,116.778206,117.590820,91.163506
2020-07-16,119.005737,116.787766,118.556404,91.912086
2020-07-17,120.105164,117.782028,119.608032,92.727379
2020-07-20,121.481834,119.636711,120.812622,93.661255
2020-07-21,126.357552,120.267685,120.516251,93.431488
2020-07-22,123.776291,120.267685,123.011475,95.365936
2020-07-23,123.680687,121.558319,121.730400,94.372772
2020-07-24,122.036331,119.980881,120.258125,93.231392
2020-07-27,120.764816,119.225624,120.659653,93.542679
2020-07-28,120.783936,118.690247,118.996178,92.253059
2020-07-29,120.449333,118.613770,119.808792,92.883026
2020-07-30,118.451241,116.290634,117.495216,91.089401
2020-07-31,117.581261,115.764816,117.533463,91.119064
2020-08-03,118.938812,116.778206,118.843208,92.134430
2020-08-04,120.325050,118.374763,120.305923,93.268417
2020-08-05,121.175911,119.130020,119.933075,92.979370
2020-08-06,120.707458,119.502869,120.573616,93.475967
2020-08-07,119.569794,117.791588,119.464630,93.828873
2020-08-10,121.644356,119.674950,121.520073,95.443253
2020-08-11,124.732315,121.042068,121.175911,95.172943
2020-08-12,122.170174,120.344170,121.128105,95.135376
2020-08-13,120.831741,119.282982,119.531548,93.881432
2020-08-14,120.038239,118.460800,119.760994,94.061646
2020-08-17,120.066925,118.938812,118.967499,93.438438
2020-08-18,119.980881,118.776291,119.426384,93.798836
2020-08-19,119.980881,118.068832,118.393883,92.987900
2020-08-20,118.585083,117.409180,117.734222,92.469795
2020-08-21,118.049713,116.931168,117.743790,92.477295
2020-08-24,120.516251,117.934990,120.152962,94.369484
2020-08-25,121.242828,119.015297,119.158699,93.588608
2020-08-26,119.617592,118.499046,118.709366,93.235664
2020-08-27,119.598473,118.527725,119.168259,93.596100
2020-08-28,119.789673,118.757172,119.569794,93.911476
2020-08-31,119.741875,117.619499,117.887192,92.589928
2020-09-01,118.499046,116.778206,117.973228,92.657494
2020-09-02,123.040154,118.145317,122.543022,96.246674
2020-09-03,124.235184,118.212234,118.977058,93.445930
2020-09-04,119.837479,115.908218,116.921608,91.831573
2020-09-08,117.466537,115.401527,115.879539,91.013107
2020-09-09,118.260040,115.956024,116.883362,91.801514
2020-09-10,118.145317,114.952202,115.258125,90.525032
2020-09-11,117.304016,115.420647,116.118546,91.200813
2020-09-14,117.954109,116.405357,116.720840,91.673851
2020-09-15,117.973228,116.864243,117.055450,91.936668
2020-09-16,120.286804,117.313576,118.757172,93.273209
2020-09-17,120.028679,116.606117,119.426384,93.798836
2020-09-18,119.426384,117.256210,117.361374,92.176956
2020-09-21,115.391968,113.365204,114.961761,90.292259
2020-09-22,116.108986,114.273422,115.210327,90.487488
2020-09-23,116.242828,113.221794,113.604210,89.226021
2020-09-24,114.263863,111.357552,112.896751,88.670380
2020-09-25,114.158699,111.797325,113.718925,89.316116
2020-09-28,116.950287,115.114723,116.376671,91.403542
2020-09-29,116.816444,114.923515,115.621414,90.810379
2020-09-30,117.504784,115.487572,116.319313,91.358513
2020-10-01,117.877632,115.066925,115.764816,90.923004
2020-10-02,116.395790,113.594643,115.267685,90.532547
2020-10-05,117.351814,115.726578,116.644356,91.613785
2020-10-06,119.340347,116.242828,116.606117,91.583763
2020-10-07,118.919693,116.940727,118.613770,93.160599
2020-10-08,129.541107,124.063095,125.707458,98.732056
2020-10-09,126.195030,121.988525,122.170174,95.953850
2020-10-12,122.609940,120.879539,121.615677,95.518318
2020-10-13,121.558319,118.986618,119.598473,93.933998
2020-10-14,121.357552,119.627151,120.401527,94.564735
2020-10-15,119.713196,118.403442,119.397705,93.776306
2020-10-16,120.869980,119.177818,120.391968,94.557198
2020-10-19,121.749519,119.579353,120.000000,94.249359
2020-10-20,114.866158,111.701721,112.208412,88.129738
2020-10-21,112.514343,109.741875,110.000000,86.395241
2020-10-22,110.956024,108.011475,110.669212,86.920837
2020-10-23,111.491394,110.449333,110.898659,87.101059
2020-10-26,109.847038,106.921608,107.284897,84.262772
2020-10-27,107.284897,105.191208,105.697899,83.016327
2020-10-28,104.904396,101.261948,101.959846,80.080406
2020-10-29,104.818359,101.864243,104.120461,81.777397
2020-10-30,106.883362,103.011475,106.749519,83.842293
2020-11-02,108.824089,107.313576,107.944550,84.780884
2020-11-03,110.564056,108.632889,109.139580,85.719467
2020-11-04,108.900574,106.271507,106.978966,84.022476
2020-11-05,110.219887,108.040154,109.722755,86.177490
2020-11-06,110.038239,108.403442,109.024857,85.629364
2020-11-09,114.474190,110.200768,110.449333,88.006065
2020-11-10,112.973228,111.137665,112.724663,89.819038
2020-11-11,113.145317,111.108986,112.045891,89.278191
2020-11-12,111.252388,108.489487,109.464630,87.221436
2020-11-13,112.208412,109.952202,111.711281,89.011566
2020-11-16,113.336517,111.969406,113.154877,90.161819
2020-11-17,113.326958,111.921608,112.523903,89.659073
2020-11-18,113.652008,111.615677,111.634796,88.950638
2020-11-19,112.284897,110.793503,112.026772,89.262947
2020-11-20,112.848946,111.558319,111.797325,89.080124
2020-11-23,115.219887,112.112808,114.808792,91.479668
2020-11-24,119.244743,115.497131,118.948372,94.778076
2020-11-25,118.862335,116.739960,118.738052,94.610504
2020-11-27,119.799232,118.460800,118.881454,94.724770
2020-11-30,119.502869,117.676865,118.087952,94.092514
2020-12-01,120.296364,117.667305,117.743790,93.818275
2020-12-02,119.158699,117.026772,119.139580,94.930450
2020-12-03,119.369026,117.868073,118.173996,94.161072
2020-12-04,121.778206,118.202675,121.606117,96.895775
2020-12-07,121.386230,119.091782,119.216064,94.991379
2020-12-08,120.774376,119.158699,120.181641,95.760750
2020-12-09,122.074570,120.172081,121.214149,96.583473
2020-12-10,121.347992,119.445503,119.464630,95.189438
2020-12-11,119.990440,118.173996,118.804970,94.663818
2020-12-14,120.688339,118.040154,118.097511,94.100113
2020-12-15,120.391968,118.011475,120.391968,95.928337
2020-12-16,121.003822,119.780113,120.028679,95.638870
2020-12-17,120.544930,119.416824,120.028679,95.638870
2020-12-18,120.841301,119.474190,120.315491,95.867416
2020-12-21,118.718925,116.367111,117.963669,93.993477
2020-12-22,118.757172,117.026772,118.173996,94.161072
2020-12-23,119.703636,118.298279,118.451241,94.381973
2020-12-24,119.598473,118.747612,119.206497,94.983772
2020-12-28,121.032501,118.986618,119.330788,95.082794
2020-12-29,119.961761,117.820267,118.355644,94.305794
2020-12-30,119.359467,118.193115,118.871895,94.717133
2020-12-31,120.487572,118.537285,120.344170,95.890259
2021-01-04,120.382408,117.629066,118.489487,94.412445
2021-01-05,121.108986,119.130020,120.592735,96.088326
2021-01-06,126.080307,121.147224,123.604210,98.487862
2021-01-07,124.722755,122.619499,123.317398,98.259323
2021-01-08,123.632889,121.395790,122.877632,97.908913
2021-01-11,123.977058,122.045891,122.925430,97.947014
2021-01-12,124.139580,122.313576,123.527725,98.426903
2021-01-13,124.043976,120.898659,121.338432,96.682487
2021-01-14,124.435944,121.940727,123.298279,98.244102
2021-01-15,123.556404,122.055450,122.743790,97.802277
2021-01-19,123.891014,122.456978,123.346077,98.282181
2021-01-20,125.296364,122.906311,124.359467,99.089668
2021-01-21,126.424477,124.330788,125.860420,100.285606
2021-01-22,115.391968,112.198853,113.393883,90.352257
2021-01-25,114.282982,112.284897,113.365204,90.329414
2021-01-26,117.198853,113.212234,117.103249,93.307892
2021-01-27,119.302101,116.271507,117.084129,93.292664
2021-01-28,117.782028,114.789673,114.799232,91.472023
2021-01-29,115.965584,113.671127,113.871895,90.733147
2021-02-01,115.630974,113.508606,115.239006,91.822464
2021-02-02,115.678780,114.034416,114.187378,90.984528
2021-02-03,114.531548,112.925430,113.881454,90.740776
2021-02-04,115.774376,113.642448,115.697899,92.188118
2021-02-05,116.453156,115.219887,116.434036,92.774666
2021-02-08,118.527725,117.017204,118.173996,94.161072
2021-02-09,117.208412,115.726578,116.730400,94.253693
2021-02-10,117.982796,115.879539,116.864243,94.361771
2021-02-11,116.835564,115.325050,115.592735,93.335083
2021-02-12,116.022942,114.808792,115.487572,93.250168
2021-02-16,115.296364,114.110901,114.789673,92.686668
2021-02-17,115.258125,113.785851,114.694077,92.609467
2021-02-18,115.621414,114.435944,115.420647,93.196144
2021-02-19,115.449333,113.173996,113.757172,91.852982
2021-02-22,115.803062,113.231361,115.544930,93.296494
2021-02-23,116.013382,114.531548,115.401527,93.180702
2021-02-24,118.059273,115.219887,117.791588,95.110535
2021-02-25,118.881454,116.959846,117.084129,94.539307
2021-02-26,116.873802,113.652008,113.699806,91.806648
2021-03-01,116.940727,114.588913,115.430206,93.203835
2021-03-02,116.539200,114.971321,115.038239,92.887367
2021-03-03,117.237091,114.703636,116.978966,94.454407
2021-03-04,117.801147,113.537285,114.827919,92.717552
2021-03-05,118.307838,114.961761,117.428299,94.817207
2021-03-08,121.271507,117.476097,119.321220,96.345634
2021-03-09,120.869980,118.699806,118.718925,95.859322
2021-03-10,122.600380,119.130020,122.246651,98.707787
2021-03-11,122.982796,121.204590,121.548759,98.144241
2021-03-12,122.065010,121.042068,121.998085,98.507088
2021-03-15,123.087952,121.931168,122.925430,99.255859
2021-03-16,122.868073,121.739960,122.600380,98.993408
2021-03-17,123.795410,121.883362,123.355644,99.603218
2021-03-18,125.239006,122.170174,124.340347,100.398323
2021-03-19,124.703636,122.877632,123.231361,99.502869
2021-03-22,124.971321,122.265778,124.808792,100.776581
2021-03-23,125.774376,124.091782,124.722755,100.707108
2021-03-24,126.300194,124.827919,124.875717,100.830620
2021-03-25,127.380501,124.063095,127.217972,102.721855
2021-03-26,130.478012,127.265778,130.382416,105.277008
2021-03-29,131.042068,129.550674,129.885284,104.875580
2021-03-30,130.277252,128.126190,128.795410,103.995560
2021-03-31,128.785858,126.873802,127.399620,102.868523
2021-04-01,128.040146,126.453156,127.370934,102.845367
2021-04-05,130.678772,127.533463,129.952194,104.929581
2021-04-06,129.674957,128.193115,128.317398,103.609589
2021-04-07,129.005737,127.896751,128.996170,104.157661
2021-04-08,129.665390,128.260040,129.177826,104.304352
2021-04-09,129.770554,128.785858,129.761002,104.775230
2021-04-12,129.416824,127.963669,128.671127,103.895195
2021-04-13,127.743790,124.646271,125.411087,101.262894
2021-04-14,126.940727,124.780113,126.797325,102.382225
2021-04-15,127.982796,126.405357,126.749519,102.343620
2021-04-16,128.202682,127.103249,127.715103,103.123253
2021-04-19,127.934990,126.749519,127.265778,102.760475
2021-04-20,133.623322,130.688339,132.084137,106.651024
2021-04-21,137.409180,131.653915,137.237091,110.811790
2021-04-22,138.374756,134.799240,135.066925,109.059471
2021-04-23,137.294449,134.751434,136.166351,109.947205
2021-04-26,137.313583,135.258133,135.344162,109.283340
2021-04-27,136.290634,134.560226,135.764816,109.623009
2021-04-28,137.093689,135.850861,136.711288,110.387207
2021-04-29,142.198853,136.692154,137.896744,111.344398
2021-04-30,137.504776,134.369019,135.640533,109.522636
2021-05-03,139.340347,137.237091,138.384323,111.738091
2021-05-04,140.143402,137.982788,139.340347,112.510063
2021-05-05,139.521988,138.594650,138.833649,112.100937
2021-05-06,141.978973,138.795410,141.892929,114.571098
2021-05-07,139.713196,138.212234,139.063095,113.540779
2021-05-10,141.854691,139.388138,139.741867,114.094971
2021-05-11,138.804977,136.615677,137.877625,112.572891
2021-05-12,137.810699,134.933075,135.086044,110.293625
2021-05-13,138.527725,135.066925,137.829834,112.533852
2021-05-14,139.282990,137.629059,138.317398,112.931923
2021-05-17,139.388138,137.982788,138.728485,113.267586
2021-05-18,138.910141,136.931168,137.581268,112.330910
2021-05-19,136.902481,134.722748,136.892929,111.768898
2021-05-20,138.537292,135.908218,137.552582,112.307480
2021-05-21,139.292542,137.934998,138.374756,112.978745
2021-05-24,138.996170,137.839386,138.355637,112.963142
2021-05-25,138.623322,136.902481,137.466537,112.237236
2021-05-26,137.657745,136.749527,137.074570,111.917191
2021-05-27,138.403442,137.313583,137.495224,112.260666
2021-05-28,137.982788,137.179733,137.418732,112.198181
2021-06-01,139.416824,137.428299,137.848953,112.549461
2021-06-02,139.340347,137.772461,139.311661,113.743729
2021-06-03,139.464630,137.705551,139.149139,113.611038
2021-06-04,141.061188,139.349899,140.936905,115.070702
2021-06-07,142.198853,140.697891,141.510513,115.538986
2021-06-08,143.594650,141.606125,142.514343,116.358627
2021-06-09,144.426392,142.275330,144.043976,117.607529
2021-06-10,146.118546,143.173996,143.919693,117.506065
2021-06-11,145.172089,143.757172,144.627151,118.083656
2021-06-14,144.388138,142.122375,143.432129,117.107986
2021-06-15,143.317398,142.065002,142.791580,116.584961
2021-06-16,143.173996,140.745697,141.328873,115.390724
2021-06-17,141.548752,138.891006,139.196945,113.650055
2021-06-18,138.317398,136.749527,136.826004,111.714256
2021-06-21,140.602295,137.724670,140.200760,114.469650
2021-06-22,140.353729,138.957932,139.923523,114.243309
2021-06-23,140.057358,138.212234,138.250473,112.877289
2021-06-24,139.761002,138.326965,139.043976,113.525146
2021-06-25,140.468445,138.575531,140.382416,114.617958
2021-06-28,140.822174,138.537292,138.900574,113.408096
2021-06-29,140.286804,138.718933,139.149139,113.611038
2021-06-30,140.468445,138.346085,140.143402,114.422821
2021-07-01,141.013382,140.124283,140.382416,114.617958
2021-07-02,140.487579,133.326965,133.862335,109.294518
2021-07-06,134.244736,131.070740,132.676865,108.326630
2021-07-07,134.158707,132.657745,133.671127,109.138405
2021-07-08,135.095596,131.606125,134.550674,109.856552
2021-07-09,135.736145,134.646271,135.296371,110.465355
2021-07-12,135.717010,133.957932,134.722748,109.997009
2021-07-13,134.722748,133.489487,134.110901,109.497482
2021-07-14,134.560226,132.820267,133.671127,109.138405
2021-07-15,134.282990,132.695984,134.273422,109.630150
2021-07-16,134.799240,132.495224,132.791580,108.420280
2021-07-19,132.399612,130.219879,131.854691,107.655327
2021-07-20,138.546844,132.600388,133.814529,109.255486
2021-07-21,135.172089,133.508606,135.086044,110.293625
2021-07-22,135.573608,134.235184,134.521988,109.833092
2021-07-23,135.468445,134.158707,135.124283,110.324844
2021-07-26,136.711288,134.923523,136.491394,111.441040
2021-07-27,137.323135,135.372849,136.472275,111.425461
2021-07-28,136.806885,135.411087,135.535370,110.660500
2021-07-29,136.673035,135.372849,135.688339,110.785393
2021-07-30,135.611862,134.598465,134.761002,110.028244
2021-08-02,136.768646,134.827911,135.200760,110.387291
2021-08-03,138.336517,135.420654,137.734222,112.455780
2021-08-04,137.839386,136.204590,136.481842,111.433243
2021-08-05,137.103256,135.965576,136.491394,111.441040
2021-08-06,138.040146,136.606125,137.753342,112.471390
2021-08-09,136.233276,134.770554,135.038239,111.523949
2021-08-10,135.573608,134.168259,135.162521,111.626595
2021-08-11,136.491394,135.277252,135.879547,112.218742
2021-08-12,136.854691,135.831741,136.778198,112.960907
2021-08-13,137.265778,136.175903,136.883362,113.047798
2021-08-16,137.418732,135.975143,137.275330,113.371506
2021-08-17,136.864243,134.885284,136.156784,112.447701
2021-08-18,135.678772,133.260040,133.336517,110.118538
2021-08-19,133.317398,131.175903,131.950287,108.973709
2021-08-20,133.250473,131.233276,132.992355,109.834312
2021-08-23,133.986618,132.695984,133.479919,110.236984
2021-08-24,134.063095,133.193115,133.690247,110.410690
2021-08-25,134.608032,133.326965,133.709366,110.426460
2021-08-26,134.608032,132.609940,132.676865,109.573776
2021-08-27,133.451248,132.313583,133.279160,110.071152
2021-08-30,133.728485,132.715103,132.858505,109.723778
2021-08-31,134.741867,132.839386,134.168259,110.805466
2021-09-01,133.910141,133.068832,133.173996,109.984337
2021-09-02,133.891006,132.915863,133.852768,110.544891
2021-09-03,134.292542,133.173996,133.441681,110.205414
2021-09-07,133.642441,131.701721,131.988525,109.005280
2021-09-08,132.973236,131.548752,132.571701,109.486916
2021-09-09,132.848953,131.510513,131.682602,108.752632
2021-09-10,133.240921,130.975143,130.994263,108.184166
2021-09-13,132.877625,131.462708,132.074570,109.076347
2021-09-14,132.476105,129.388138,130.229446,107.552513
2021-09-15,131.739960,129.703629,131.166351,108.326279
2021-09-16,131.883362,129.741867,130.430206,107.718307
2021-09-17,129.942642,129.110901,129.282990,106.770866
2021-09-20,129.235184,126.940727,128.403442,106.044472
2021-09-21,129.684509,127.093689,127.122368,104.986481
2021-09-22,129.416824,127.600380,128.709366,106.297119
2021-09-23,131.376678,129.091782,130.717010,107.955185
2021-09-24,132.390060,130.736145,131.443588,108.555222
2021-09-27,132.954117,131.434036,132.466537,109.400055
2021-09-28,133.546844,131.175903,131.424469,108.539452
2021-09-29,133.776291,130.439774,133.059280,109.889595
2021-09-30,134.388138,132.409180,132.820267,109.692177
2021-10-01,137.638626,134.196945,137.017212,113.158325
2021-10-04,139.579346,136.089859,137.772461,113.782043
2021-10-05,138.623322,136.367111,136.854691,113.024101
2021-10-06,137.065002,134.694077,136.099426,112.400337
2021-10-07,137.093689,135.305923,135.573608,111.966087
2021-10-08,137.332703,134.847031,136.921600,113.079330
2021-10-11,137.743790,136.137665,136.166351,112.455612
2021-10-12,136.042068,134.130020,134.292542,110.908096
2021-10-13,135.191208,133.518158,134.569794,111.137077
2021-10-14,137.590820,134.808792,137.084137,113.213608
2021-10-15,138.479919,136.510513,138.250473,114.176826
2021-10-18,138.565964,135.525818,136.061188,112.368774
2021-10-19,136.653915,134.340347,135.736145,112.100342
2021-10-20,135.946457,134.512421,135.659653,112.037170
2021-10-21,127.839386,122.466537,122.686424,101.322975
2021-10-22,124.521988,121.042068,122.256210,100.967644
2021-10-25,122.992355,121.357552,122.026772,100.778183
2021-10-26,122.657745,121.185471,121.539200,100.375504
2021-10-27,122.256210,119.512428,119.665390,98.827972
2021-10-28,120.755257,119.139580,120.305923,99.356987
2021-10-29,120.764816,119.416824,119.598473,98.772720
2021-11-01,120.755257,118.393883,120.726578,99.704384
2021-11-02,121.577438,119.416824,120.630974,99.625420
2021-11-03,121.692162,120.152962,121.539200,100.375504
2021-11-04,123.339996,119.900002,120.849998,99.806313
2021-11-05,123.769997,121.430000,123.610001,102.085716
2021-11-08,124.779999,123.529999,124.540001,102.853775
2021-11-09,122.900002,120.260002,120.849998,101.138161
2021-11-10,122.430000,119.930000,120.220001,100.610901
2021-11-11,121.790001,120.080002,120.269997,100.652756
2021-11-12,120.639999,118.779999,118.959999,99.556419
2021-11-15,120.160004,118.309998,118.870003,99.481102
2021-11-16,119.900002,118.419998,118.459999,99.137978
2021-11-17,119.330002,117.779999,118.059998,98.803223
2021-11-18,118.360001,116.309998,116.660004,97.631577
2021-11-19,116.559998,115.269997,116.050003,97.121071
2021-11-22,118.809998,115.190002,116.470001,97.472557
2021-11-23,117.940002,116.040001,116.790001,97.740379
2021-11-24,117.269997,116.080002,116.730003,97.690155
2021-11-26,116.339996,114.559998,115.809998,96.920219
2021-11-29,119.610001,117.529999,118.500000,99.171455
2021-11-30,119.239998,116.449997,117.099998,97.999802
2021-12-01,118.930000,116.849998,116.919998,97.849167
2021-12-02,117.980003,116.559998,116.900002,97.832443
2021-12-03,119.360001,117.360001,118.839996,99.456001
2021-12-06,121.150002,119.400002,119.910004,100.351471
2021-12-07,122.080002,120.070000,121.580002,101.749084
2021-12-08,123.379997,121.519997,123.019997,102.954185
2021-12-09,123.949997,121.790001,123.570000,103.414482
2021-12-10,125.330002,123.360001,124.089996,103.849655
2021-12-13,124.360001,120.790001,122.580002,102.585960
2021-12-14,125.029999,122.300003,123.760002,103.573502
2021-12-15,124.820000,122.180000,123.110001,103.029526
2021-12-16,126.639999,123.480003,125.930000,105.389542
2021-12-17,128.639999,125.209999,127.400002,106.619774
2021-12-20,127.199997,124.699997,127.059998,106.335228
2021-12-21,129.339996,127.660004,128.970001,107.933701
2021-12-22,129.789993,127.599998,129.750000,108.586472
2021-12-23,130.960007,129.520004,130.630005,109.322922
2021-12-27,131.649994,129.949997,131.619995,110.151443
2021-12-28,133.220001,131.589996,132.630005,110.996719
2021-12-29,134.210007,132.300003,133.350006,111.599274
2021-12-30,134.369995,133.330002,133.910004,112.067947
2021-12-31,134.990005,133.610001,133.660004,111.858704
2022-01-03,136.289993,133.630005,136.039993,113.850502
2022-01-04,139.949997,135.899994,138.020004,115.507545
2022-01-05,142.199997,137.880005,138.220001,115.674911
2022-01-06,138.410004,132.509995,135.339996,113.264664
2022-01-07,135.660004,133.509995,134.830002,112.837868
2022-01-10,136.199997,133.380005,135.029999,113.005234
2022-01-11,133.250000,127.970001,132.869995,111.197556
2022-01-12,134.470001,131.369995,133.589996,111.800110
2022-01-13,136.050003,133.559998,134.759995,112.779274
2022-01-14,135.139999,133.300003,134.210007,112.319016
2022-01-18,133.889999,131.779999,132.940002,111.256142
2022-01-19,133.899994,131.500000,131.580002,110.117981
2022-01-20,132.880005,130.570007,130.820007,109.481926
2022-01-21,131.869995,129.270004,129.350006,108.251709
2022-01-24,129.149994,124.190002,128.820007,107.808167
2022-01-25,137.339996,128.300003,136.100006,113.900726
2022-01-26,137.070007,133.130005,134.259995,112.360832
2022-01-27,134.750000,132.080002,132.520004,110.904663
2022-01-28,134.529999,131.789993,134.500000,112.561714
2022-01-31,134.089996,132.300003,133.570007,111.783386
2022-02-01,135.960007,132.500000,135.529999,113.423676
2022-02-02,137.559998,135.259995,137.250000,114.863129
2022-02-03,138.759995,135.830002,137.779999,115.306679
2022-02-04,138.820007,136.220001,137.149994,114.779457
2022-02-07,137.820007,136.270004,137.240005,114.854774
2022-02-08,137.520004,135.779999,137.020004,114.670654
2022-02-09,138.350006,136.830002,137.789993,115.315041
2022-02-10,136.559998,133.169998,133.520004,113.087509
2022-02-11,134.710007,132.380005,132.690002,112.384537
2022-02-14,132.649994,129.070007,130.149994,110.233238
2022-02-15,131.679993,129.610001,129.940002,110.055382
2022-02-16,130.440002,128.259995,129.179993,109.411667
2022-02-17,128.500000,124.849998,124.970001,105.845924
2022-02-18,125.440002,123.610001,124.349998,105.320786
2022-02-22,125.000000,122.680000,123.919998,104.956604
2022-02-23,124.699997,121.870003,122.070000,103.389709
2022-02-24,122.099998,118.809998,121.970001,103.305038
2022-02-25,124.260002,121.449997,124.180000,105.176826
2022-02-28,123.389999,121.040001,122.510002,103.762383
2022-03-01,123.389999,120.699997,121.349998,102.779900
2022-03-02,124.639999,121.800003,123.860001,104.905792
2022-03-03,126.669998,124.239998,125.930000,106.659019
2022-03-04,127.349998,124.209999,126.620003,107.243431
2022-03-07,127.910004,125.620003,126.070000,106.777588
2022-03-08,128.350006,124.820000,125.680000,106.447266
2022-03-09,128.100006,125.910004,126.220001,106.904648
2022-03-10,126.029999,123.129997,124.349998,105.320786
2022-03-11,126.769997,123.910004,123.959999,104.990494
2022-03-14,125.160004,122.690002,123.940002,104.973564
2022-03-15,125.940002,123.220001,125.639999,106.413414
2022-03-16,127.279999,124.709999,127.040001,107.599144
2022-03-17,128.289993,126.529999,127.959999,108.378365
2022-03-18,128.929993,126.370003,128.759995,109.055954
2022-03-21,129.740005,127.400002,128.100006,108.496948
2022-03-22,129.300003,127.849998,129.059998,109.310036
2022-03-23,129.320007,128.250000,128.300003,108.666351
2022-03-24,129.369995,127.800003,129.250000,109.470978
2022-03-25,131.399994,129.309998,131.350006,111.249596
2022-03-28,131.500000,129.600006,131.470001,111.351234
2022-03-29,132.839996,130.429993,131.940002,111.749321
2022-03-30,133.080002,131.389999,132.130005,111.910233
2022-03-31,131.880005,130.000000,130.020004,110.123123
2022-04-01,130.270004,128.059998,130.149994,110.233238
2022-04-04,130.449997,128.929993,130.270004,110.334869
2022-04-05,131.229996,128.660004,128.889999,109.166054
2022-04-06,129.509995,127.250000,129.389999,109.589531
2022-04-07,129.250000,126.730003,128.550003,108.878090
2022-04-08,128.779999,127.269997,127.730003,108.183563
2022-04-11,128.179993,126.180000,126.370003,107.031685
2022-04-12,127.339996,125.580002,125.980003,106.701378
2022-04-13,126.669998,124.910004,126.139999,106.836884
2022-04-14,130.580002,126.379997,126.559998,107.192596
2022-04-18,127.389999,125.529999,126.169998,106.862289
2022-04-19,129.399994,126.000000,129.149994,109.386253
2022-04-20,139.559998,133.380005,138.320007,117.152992
2022-04-21,141.880005,137.350006,139.850006,118.448860
2022-04-22,140.440002,137.350006,138.250000,117.093689
2022-04-25,139.649994,135.190002,139.100006,117.813644
2022-04-26,139.869995,136.169998,136.190002,115.348946
2022-04-27,137.119995,134.630005,135.059998,114.391861
2022-04-28,136.990005,134.809998,135.740005,114.967834
2022-04-29,135.550003,132.000000,132.210007,111.977997
2022-05-02,133.770004,130.889999,133.039993,112.680977
2022-05-03,133.600006,131.990005,132.520004,112.240540
2022-05-04,137.869995,132.139999,137.399994,116.373802
2022-05-05,137.259995,134.759995,135.919998,115.120239
2022-05-06,137.990005,135.470001,137.669998,116.602455
2022-05-09,136.350006,133.320007,134.440002,115.247993
2022-05-10,135.410004,128.429993,129.130005,110.696045
2022-05-11,132.960007,129.860001,130.750000,112.084763
2022-05-12,133.619995,130.410004,132.899994,113.927834
2022-05-13,133.800003,131.050003,133.600006,114.527924
2022-05-16,136.509995,132.410004,135.029999,115.753769
2022-05-17,138.369995,135.639999,138.369995,118.616966
2022-05-18,137.619995,132.169998,132.940002,113.962135
2022-05-19,132.320007,128.710007,129.660004,111.150383
2022-05-20,130.369995,125.800003,128.479996,110.138824
2022-05-23,131.949997,129.419998,131.169998,112.444817
2022-05-24,134.369995,130.419998,133.800003,114.699356
2022-05-25,134.820007,132.860001,134.389999,115.205139
2022-05-26,137.550003,134.520004,136.889999,117.348259
2022-05-27,139.740005,137.240005,139.270004,119.388504
2022-05-31,139.830002,136.809998,138.839996,119.019890
2022-06-01,140.470001,138.520004,139.429993,119.525658
2022-06-02,140.289993,136.850006,140.149994,120.142860
2022-06-03,142.580002,139.740005,141.179993,121.025826
2022-06-06,144.729996,142.000000,142.880005,122.483154
2022-06-07,142.979996,140.960007,142.779999,122.397446
2022-06-08,142.800003,140.149994,140.830002,120.725815
2022-06-09,141.039993,137.929993,137.960007,118.265533
2022-06-10,137.800003,135.250000,136.190002,116.748199
2022-06-13,137.570007,133.759995,135.110001,115.822372
2022-06-14,136.949997,134.860001,135.720001,116.345276
2022-06-15,138.449997,135.580002,137.059998,117.494003
2022-06-16,136.240005,134.389999,135.669998,116.302406
2022-06-17,136.979996,132.850006,135.020004,115.745216
2022-06-21,138.500000,135.899994,137.850006,118.171219
2022-06-22,138.179993,136.029999,137.080002,117.511124
2022-06-23,138.619995,136.500000,138.440002,118.677002
2022-06-24,142.369995,139.130005,142.059998,121.780190
2022-06-27,143.830002,141.949997,142.800003,122.414589
2022-06-28,144.160004,141.320007,141.860001,121.608765
2022-06-29,143.520004,139.500000,140.710007,120.622955
2022-06-30,142.460007,139.279999,141.190002,121.034409
2022-07-01,141.669998,139.259995,141.119995,120.974396
2022-07-05,139.970001,135.270004,137.619995,117.974037
2022-07-06,139.139999,137.130005,138.080002,118.368378
2022-07-07,141.320007,138.830002,140.830002,120.725815
2022-07-08,141.320007,139.820007,140.470001,120.417183
2022-07-11,141.869995,140.130005,141.000000,120.871559
2022-07-12,141.550003,138.570007,139.179993,119.311356
2022-07-13,138.899994,136.800003,137.179993,117.596848
2022-07-14,139.429993,135.020004,139.059998,119.208481
2022-07-15,140.679993,138.610001,139.919998,119.945717
2022-07-18,140.309998,137.779999,138.130005,118.411255
2022-07-19,132.559998,127.720001,130.880005,112.196205
2022-07-20,130.720001,128.059998,129.179993,110.738899
2022-07-21,128.809998,125.129997,127.150002,108.998711
2022-07-22,128.320007,125.709999,128.250000,109.941658
2022-07-25,129.130005,127.900002,128.539993,110.190262
2022-07-26,129.300003,127.629997,128.080002,109.795929
2022-07-27,129.429993,127.580002,129.119995,110.687454
2022-07-28,129.809998,128.610001,129.220001,110.773201
2022-07-29,131.000000,129.309998,130.789993,112.119057
2022-08-01,132.699997,130.699997,132.039993,113.190598
2022-08-02,132.779999,130.509995,131.809998,112.993454
2022-08-03,132.860001,131.320007,132.339996,113.447792
2022-08-04,132.289993,131.020004,131.639999,112.847725
2022-08-05,132.669998,131.070007,132.479996,113.567802
2022-08-08,133.350006,132.020004,132.610001,113.679268
2022-08-09,130.789993,129.119995,129.470001,112.385864
2022-08-10,131.779999,130.339996,131.500000,114.147980
2022-08-11,133.229996,132.000000,132.539993,115.050766
2022-08-12,134.089996,131.979996,134.009995,116.326790
2022-08-15,135.190002,132.240005,134.929993,117.125381
2022-08-16,137.369995,134.449997,136.559998,118.540298
2022-08-17,138.419998,136.300003,137.789993,119.608009
2022-08-18,139.119995,137.750000,139.070007,120.719109
2022-08-19,139.339996,137.660004,138.369995,120.111458
2022-08-22,137.850006,135.470001,135.550003,117.663582
2022-08-23,136.100006,134.720001,134.740005,116.960472
2022-08-24,135.110001,133.110001,133.229996,115.649704
2022-08-25,134.429993,133.070007,133.979996,116.300751
2022-08-26,134.179993,130.339996,130.380005,113.175804
2022-08-29,131.419998,129.570007,130.309998,113.115028
2022-08-30,130.770004,129.289993,129.580002,112.481361
2022-08-31,130.000000,128.399994,128.449997,111.500465
2022-09-01,129.820007,127.739998,129.660004,112.550797
2022-09-02,130.559998,127.239998,127.790001,110.927551
2022-09-06,128.059998,126.300003,126.720001,109.998734
2022-09-07,127.870003,126.279999,127.709999,110.858093
2022-09-08,128.539993,126.589996,128.470001,111.517815
2022-09-09,129.490005,128.059998,129.190002,112.142815
2022-09-12,130.990005,129.889999,130.660004,113.418831
2022-09-13,129.910004,126.769997,127.250000,110.458786
2022-09-14,129.000000,126.849998,127.690002,110.840744
2022-09-15,127.470001,124.900002,125.489998,108.931046
2022-09-16,127.529999,123.830002,127.269997,110.476158
2022-09-19,128.059998,126.279999,127.730003,110.875488
2022-09-20,126.989998,125.519997,126.300003,109.634171
2022-09-21,127.839996,124.919998,124.930000,108.444939
2022-09-22,126.510002,124.410004,125.309998,108.774803
2022-09-23,125.000000,121.739998,122.709999,106.517868
2022-09-26,124.260002,121.750000,122.010002,105.910255
2022-09-27,123.949997,121.080002,121.739998,105.675880
2022-09-28,123.230003,119.809998,122.760002,106.561272
2022-09-29,122.620003,120.570000,121.629997,105.580399
2022-09-30,122.430000,118.610001,118.809998,103.132492
2022-10-03,122.209999,119.599998,121.510002,105.476219
2022-10-04,125.650002,122.519997,125.500000,108.939728
2022-10-05,126.459999,124.230003,125.739998,109.148048
2022-10-06,125.300003,121.769997,122.230003,106.101234
2022-10-07,121.800003,118.070000,118.820000,103.141159
2022-10-10,119.959999,117.040001,117.750000,102.212364
2022-10-11,119.230003,116.940002,117.800003,102.255783
2022-10-12,118.809998,117.199997,117.570000,102.056122
2022-10-13,122.150002,115.550003,121.790001,105.719269
2022-10-14,122.540001,119.839996,120.040001,104.200195
2022-10-17,122.879997,121.430000,121.519997,105.484901
2022-10-18,123.940002,121.820000,122.940002,106.717537
2022-10-19,123.940002,121.989998,122.510002,106.344269
2022-10-20,128.960007,125.150002,128.300003,111.370262
2022-10-21,130.850006,127.589996,129.899994,112.759117
2022-10-24,133.110001,129.850006,132.690002,115.180984
2022-10-25,133.300003,131.300003,132.929993,115.389290
2022-10-26,135.860001,132.809998,135.009995,117.194809
2022-10-27,136.399994,134.449997,134.770004,116.986519
2022-10-28,138.860001,135.220001,138.509995,120.232994
2022-10-31,138.770004,136.600006,138.289993,120.042030
2022-11-01,138.649994,136.699997,138.199997,119.963898
2022-11-02,140.169998,136.800003,136.830002,118.774673
2022-11-03,136.479996,133.970001,134.470001,116.726097
2022-11-04,137.729996,134.940002,136.960007,118.887543
2022-11-07,138.699997,136.509995,138.339996,120.085411
2022-11-08,140.929993,138.720001,140.039993,121.561127
2022-11-09,138.899994,136.940002,137.389999,120.682693
2022-11-10,141.369995,138.289993,141.229996,124.055733
2022-11-11,144.130005,140.960007,143.169998,125.759842
2022-11-14,146.080002,142.179993,144.199997,126.664581
2022-11-15,146.160004,142.000000,144.339996,126.787560
2022-11-16,144.949997,144.009995,144.520004,126.945694
2022-11-17,146.179993,143.250000,146.089996,128.324738
2022-11-18,148.309998,145.940002,147.639999,129.686234
2022-11-21,147.929993,146.449997,146.679993,128.842972
2022-11-22,149.350006,147.020004,149.100006,130.968719
2022-11-23,150.460007,148.300003,148.750000,130.661285
2022-11-25,149.490005,148.100006,148.369995,130.327515
2022-11-28,148.240005,145.940002,146.179993,128.403778
2022-11-29,147.169998,145.699997,146.490005,128.676117
2022-11-30,149.639999,145.669998,148.899994,130.793045
2022-12-01,150.009995,147.339996,149.160004,131.021393
2022-12-02,149.160004,147.729996,148.669998,130.591019
2022-12-05,148.929993,146.800003,147.410004,129.484238
2022-12-06,147.800003,146.699997,147.500000,129.563278
2022-12-07,148.100006,146.289993,147.270004,129.361267
2022-12-08,149.149994,147.369995,147.779999,129.809235
2022-12-09,148.339996,146.970001,147.050003,129.168015
2022-12-12,149.210007,146.940002,149.210007,131.065323
2022-12-13,153.210007,149.949997,150.570007,132.259964
2022-12-14,151.910004,148.449997,149.860001,131.636353
2022-12-15,148.979996,141.580002,142.360001,125.048340
2022-12-16,141.919998,138.970001,140.160004,123.115898
2022-12-19,140.440002,137.199997,138.869995,121.982727
2022-12-20,141.429993,138.339996,141.279999,124.099663
2022-12-21,143.089996,140.979996,142.139999,124.855095
2022-12-22,141.440002,138.619995,140.880005,123.748306
2022-12-23,141.860001,139.600006,141.649994,124.424675
2022-12-27,142.720001,141.229996,142.419998,125.101028
2022-12-28,142.809998,139.949997,140.020004,122.992889
2022-12-29,142.259995,140.449997,141.059998,123.906403
2022-12-30,140.899994,139.449997,140.889999,123.757080
2023-01-03,141.899994,140.479996,141.550003,124.336830
2023-01-04,143.619995,141.369995,142.600006,125.259163
2023-01-05,142.500000,140.009995,141.110001,123.950317
2023-01-06,144.250000,141.580002,143.699997,126.225395
2023-01-09,145.470001,143.399994,143.550003,126.093636
2023-01-10,144.850006,142.899994,144.800003,127.191605
2023-01-11,145.529999,143.449997,145.259995,127.595680
2023-01-12,146.660004,144.520004,145.550003,127.850433
2023-01-13,146.100006,144.009995,145.889999,128.149048
2023-01-17,147.179993,145.009995,145.190002,127.534187
2023-01-18,144.679993,140.229996,140.410004,123.335457
2023-01-19,142.229996,139.750000,140.619995,123.519920
2023-01-20,141.860001,140.509995,141.199997,124.029411
2023-01-23,142.990005,141.059998,141.860001,124.609131
2023-01-24,142.750000,140.000000,141.490005,124.284142
2023-01-25,141.029999,139.360001,140.759995,123.642921
2023-01-26,138.270004,132.979996,134.449997,118.100227
2023-01-27,135.490005,133.770004,134.389999,118.047531
2023-01-30,136.110001,133.979996,135.300003,118.846855
2023-01-31,135.649994,133.759995,134.729996,118.346153
2023-02-01,135.789993,132.800003,135.089996,118.662384
2023-02-02,136.720001,134.850006,136.389999,119.804321
2023-02-03,136.949997,135.529999,136.940002,120.287430
2023-02-06,136.320007,134.949997,136.179993,119.619843
2023-02-07,136.399994,134.449997,135.839996,119.321190
2023-02-08,136.740005,135.160004,135.979996,119.444168
2023-02-09,135.729996,133.339996,133.750000,118.928452
2023-02-10,135.770004,133.500000,135.600006,120.573456
2023-02-13,137.389999,135.850006,137.350006,122.129509
2023-02-14,137.240005,135.050003,136.009995,120.937996
2023-02-15,136.449997,135.070007,136.399994,121.284775
2023-02-16,135.970001,134.589996,135.000000,120.039948
2023-02-17,135.580002,133.889999,135.020004,120.057701
2023-02-21,134.389999,131.660004,131.710007,117.114525
2023-02-22,131.990005,130.289993,130.970001,116.456520
2023-02-23,131.699997,128.860001,130.789993,116.296448
2023-02-24,130.669998,129.220001,130.570007,116.100838
2023-02-27,131.869995,130.130005,130.490005,116.029701
2023-02-28,130.610001,129.139999,129.300003,114.971596
2023-03-01,129.470001,127.739998,128.190002,113.984589
2023-03-02,129.220001,127.709999,128.929993,114.642563
2023-03-03,129.910004,128.770004,129.639999,115.273895
2023-03-06,130.860001,129.589996,130.190002,115.762947
2023-03-07,130.419998,128.190002,128.250000,114.037933
2023-03-08,128.740005,127.550003,128.050003,113.860100
2023-03-09,128.529999,125.980003,126.160004,112.179543
2023-03-10,127.290001,125.129997,125.449997,111.548218
2023-03-13,128.190002,124.849998,125.580002,111.663811
2023-03-14,126.639999,123.199997,124.650002,110.836861
2023-03-15,123.349998,121.709999,123.279999,109.618675
2023-03-16,124.820000,121.919998,124.699997,110.881332
2023-03-17,124.519997,122.930000,123.690002,109.983253
2023-03-20,126.160004,124.190002,125.940002,111.983917
2023-03-21,127.150002,125.660004,126.570000,112.544083
2023-03-22,127.220001,124.010002,124.050003,110.303368
2023-03-23,124.930000,122.599998,123.370003,109.698723
2023-03-24,125.400002,122.879997,125.290001,111.405960
2023-03-27,130.259995,126.470001,129.309998,114.980469
2023-03-28,129.660004,128.800003,129.339996,115.007133
2023-03-29,130.350006,129.179993,129.710007,115.336143
2023-03-30,131.479996,129.100006,129.220001,114.900444
2023-03-31,131.229996,129.419998,131.089996,116.563217
2023-04-03,132.610001,130.770004,132.059998,117.425713
2023-04-04,132.149994,130.889999,131.600006,117.016708
2023-04-05,132.610001,131.369995,132.139999,117.496857
2023-04-06,132.600006,130.320007,130.500000,116.038612
2023-04-10,131.080002,129.240005,131.029999,116.509872
2023-04-11,131.100006,130.179993,130.419998,115.967476
2023-04-12,130.889999,128.169998,128.539993,114.295792
2023-04-13,128.389999,126.000000,127.900002,113.726730
2023-04-14,129.839996,127.309998,128.139999,113.940125
2023-04-17,128.720001,126.800003,127.820000,113.655579
2023-04-18,128.679993,127.349998,127.779999,113.620018
2023-04-19,126.980003,125.300003,126.320000,112.321800
2023-04-20,130.979996,125.839996,126.360001,112.357376
2023-04-21,126.699997,125.269997,125.730003,111.797195
2023-04-24,126.050003,124.559998,125.400002,111.503738
2023-04-25,126.190002,124.760002,125.889999,111.939461
2023-04-26,126.550003,125.120003,125.849998,111.903893
2023-04-27,127.019997,125.459999,126.970001,112.899765
2023-04-28,127.250000,125.639999,126.410004,112.401825
2023-05-01,126.750000,126.059998,126.089996,112.117294
2023-05-02,126.449997,123.269997,125.160004,111.290352
2023-05-03,125.570000,123.260002,123.449997,109.769844
2023-05-04,123.519997,121.760002,122.570000,108.987358
2023-05-05,124.099998,122.809998,123.650002,109.947685
2023-05-08,123.919998,122.550003,123.400002,109.725388
2023-05-09,121.970001,120.660004,121.169998,109.211639
2023-05-10,122.489998,121.099998,122.019997,109.977753
2023-05-11,122.239998,120.550003,120.900002,108.968277
2023-05-12,122.860001,121.110001,122.839996,110.716820
2023-05-15,123.690002,122.339996,123.360001,111.185493
2023-05-16,123.860001,122.449997,123.459999,111.275650
2023-05-17,125.849998,123.470001,125.709999,113.303581
2023-05-18,126.510002,125.190002,126.150002,113.700157
2023-05-19,128.289993,126.550003,127.260002,114.700615
2023-05-22,128.190002,127.150002,127.500000,114.916939
2023-05-23,129.089996,127.129997,128.179993,115.529808
2023-05-24,127.900002,125.470001,125.680000,113.276543
2023-05-25,127.230003,125.010002,126.760002,114.249969
2023-05-26,129.660004,126.809998,128.889999,116.169746
2023-05-30,130.070007,128.259995,129.479996,116.701515
2023-05-31,129.440002,127.459999,128.589996,115.899361
2023-06-01,130.149994,127.779999,129.820007,117.007965
2023-06-02,133.119995,130.149994,132.419998,119.351372
2023-06-05,133.580002,132.270004,132.639999,119.549652
2023-06-06,132.940002,131.880005,132.690002,119.594711
2023-06-07,134.440002,132.190002,134.380005,121.117966
2023-06-08,135.979996,134.009995,134.410004,121.144974
2023-06-09,136.100006,134.169998,135.300003,121.947136
2023-06-12,136.619995,135.820007,136.419998,122.956596
2023-06-13,138.169998,136.000000,137.600006,124.020142
2023-06-14,138.929993,136.940002,137.199997,123.659622
2023-06-15,138.800003,137.179993,138.399994,124.741180
2023-06-16,139.470001,137.470001,137.479996,123.911995
2023-06-20,137.229996,135.889999,135.960007,122.542007
2023-06-21,135.389999,133.289993,133.690002,120.496033
2023-06-22,132.960007,130.679993,131.169998,118.224724
2023-06-23,130.619995,129.179993,129.429993,116.656448
2023-06-26,131.410004,129.309998,131.339996,118.377945
2023-06-27,132.949997,130.830002,132.339996,119.279266
2023-06-28,132.169998,130.910004,131.759995,118.756500
2023-06-29,134.350006,131.690002,134.059998,120.829514
2023-06-30,135.029999,133.429993,133.809998,120.604179
2023-07-03,134.350006,132.869995,133.669998,120.478012
2023-07-05,134.309998,132.589996,134.240005,120.991768
2023-07-06,133.899994,131.550003,132.160004,119.117027
2023-07-07,133.850006,131.750000,132.080002,119.044930
2023-07-10,133.050003,131.699997,132.899994,119.783989
2023-07-11,134.559998,133.229996,134.440002,121.171989
2023-07-12,135.330002,132.570007,132.839996,119.729919
2023-07-13,135.070007,133.360001,133.919998,120.703331
2023-07-14,133.919998,132.940002,133.399994,120.234642
2023-07-17,134.610001,133.100006,134.240005,120.991768
2023-07-18,135.949997,134.289993,135.360001,122.001236
2023-07-19,136.449997,135.190002,135.479996,122.109390
2023-07-20,140.320007,136.559998,138.380005,124.723167
2023-07-21,139.779999,137.759995,138.940002,125.227898
2023-07-24,140.119995,138.779999,139.539993,125.768692
2023-07-25,140.429993,139.039993,140.330002,126.480705
2023-07-26,141.250000,139.880005,141.070007,127.147728
2023-07-27,143.380005,141.899994,142.970001,128.860199
2023-07-28,143.949997,142.850006,143.449997,129.292801
2023-07-31,144.600006,143.529999,144.179993,129.950775
2023-08-01,144.479996,142.169998,143.330002,129.184662
2023-08-02,144.300003,142.309998,144.169998,129.941757
2023-08-03,145.220001,143.309998,144.449997,130.194122
2023-08-04,146.089996,143.990005,144.240005,130.004852
2023-08-07,146.500000,144.929993,146.179993,131.753387
2023-08-08,146.149994,144.110001,145.910004,131.510056
2023-08-09,144.940002,142.300003,142.490005,129.905457
2023-08-10,144.580002,142.690002,143.250000,130.598358
2023-08-11,143.449997,142.210007,143.119995,130.479828
2023-08-14,143.369995,141.800003,141.910004,129.376678
2023-08-15,142.309998,141.199997,141.869995,129.340225
2023-08-16,142.089996,140.559998,140.639999,128.218857
2023-08-17,142.660004,140.600006,140.660004,128.237091
2023-08-18,141.830002,139.759995,141.410004,128.920853
2023-08-21,142.389999,141.110001,142.279999,129.714020
2023-08-22,143.229996,141.300003,141.490005,128.993790
2023-08-23,143.479996,141.580002,143.410004,130.744202
2023-08-24,144.470001,143.220001,143.550003,130.871872
2023-08-25,145.470001,143.500000,145.350006,132.512878
2023-08-28,146.740005,145.210007,146.020004,133.123703
2023-08-29,146.729996,145.619995,146.449997,133.515701
2023-08-30,146.919998,145.750000,146.860001,133.889496
2023-08-31,147.729996,146.539993,146.830002,133.862183
2023-09-01,148.100006,146.919998,147.940002,134.874146
2023-09-05,149.000000,147.570007,148.130005,135.047363
2023-09-06,148.330002,147.119995,148.059998,134.983536
2023-09-07,148.779999,147.399994,147.520004,134.491241
2023-09-08,148.589996,147.259995,147.679993,134.637054
2023-09-11,148.779999,147.580002,148.380005,135.275284
2023-09-12,148.000000,145.800003,146.300003,133.378952
2023-09-13,146.979996,145.919998,146.550003,133.606873
2023-09-14,147.729996,146.479996,147.350006,134.336243
2023-09-15,147.850006,145.529999,145.990005,133.096375
2023-09-18,146.479996,145.059998,145.089996,132.275848
2023-09-19,146.720001,144.660004,146.520004,133.579559
2023-09-20,151.929993,148.130005,149.830002,136.597214
2023-09-21,149.250000,147.309998,147.380005,134.363617
2023-09-22,148.100006,146.820007,146.910004,133.935135
2023-09-25,147.429993,146.250000,146.479996,133.543076
2023-09-26,146.169998,143.020004,143.240005,130.589264
2023-09-27,143.820007,141.759995,143.169998,130.525391
2023-09-28,142.279999,140.210007,141.580002,129.075851
2023-09-29,142.130005,139.610001,140.300003,127.908882
2023-10-02,141.449997,139.860001,140.800003,128.364746
2023-10-03,141.639999,140.000000,140.389999,127.990944
2023-10-04,141.199997,139.990005,141.070007,128.610901
2023-10-05,141.699997,140.190002,141.520004,129.021164
2023-10-06,142.940002,140.110001,142.029999,129.486115
2023-10-09,142.399994,140.679993,142.199997,129.641068
2023-10-10,143.419998,141.720001,142.110001,129.559036
2023-10-11,143.339996,142.139999,143.229996,130.580109
2023-10-12,142.929993,140.949997,141.240005,128.765869
2023-10-13,140.119995,138.270004,138.460007,126.231400
2023-10-16,139.779999,138.520004,139.210007,126.915161
2023-10-17,140.619995,136.309998,140.320007,127.927132
2023-10-18,140.429993,139.580002,139.970001,127.608047
2023-10-19,139.410004,137.929993,138.009995,125.821152
2023-10-20,139.270004,137.119995,137.160004,125.046227
2023-10-23,137.679993,135.869995,136.380005,124.335106
2023-10-24,137.979996,136.050003,137.789993,125.620552
2023-10-25,138.490005,136.330002,137.080002,124.973267
2023-10-26,144.410004,141.580002,143.759995,131.063293
2023-10-27,144.699997,141.710007,142.520004,129.932831
2023-10-30,144.500000,142.580002,142.630005,130.033112
2023-10-31,144.759995,142.589996,144.639999,131.865585
2023-11-01,146.509995,144.449997,145.399994,132.558456
2023-11-02,147.100006,144.839996,147.009995,134.026260
2023-11-03,148.449997,147.279999,147.899994,134.837677
2023-11-06,149.229996,147.850006,148.970001,135.813171
2023-11-07,149.279999,148.029999,148.830002,135.685532
2023-11-08,149.679993,147.589996,148.029999,134.956161
2023-11-09,146.990005,145.279999,146.619995,135.186676
2023-11-10,149.169998,146.850006,149.020004,137.399536
2023-11-13,148.490005,147.350006,148.100006,136.551285
2023-11-14,150.809998,149.050003,150.410004,138.681152
2023-11-15,153.220001,150.399994,152.580002,140.681931
2023-11-16,153.350006,152.130005,153.059998,141.124481
2023-11-17,153.500000,152.460007,152.889999,140.967743
2023-11-20,154.679993,152.350006,154.350006,142.313904
2023-11-21,154.660004,153.509995,153.910004,141.908234
2023-11-22,155.710007,154.160004,155.130005,143.033096
2023-11-24,155.399994,153.919998,155.179993,143.079208
2023-11-27,156.139999,154.750000,155.570007,143.438782
2023-11-28,155.750000,154.860001,155.649994,143.512543
2023-11-29,157.509995,156.020004,156.410004,144.213257
2023-11-30,158.600006,156.889999,158.559998,146.195618
2023-12-01,160.589996,158.000000,160.550003,148.030426
2023-12-04,162.789993,160.289993,161.100006,148.537537
2023-12-05,162.470001,160.720001,161.389999,148.804947
2023-12-06,162.350006,160.009995,160.279999,147.781509
2023-12-07,161.470001,159.970001,160.220001,147.726166
2023-12-08,162.039993,160.000000,161.960007,149.330490
2023-12-11,163.649994,161.949997,163.509995,150.759613
2023-12-12,166.339996,162.919998,164.710007,151.866043
2023-12-13,164.970001,162.740005,163.619995,150.861038
2023-12-14,163.500000,160.149994,162.910004,150.206406
2023-12-15,164.089996,162.039993,162.229996,149.579437
2023-12-18,163.330002,161.580002,162.740005,150.049667
2023-12-19,162.279999,161.320007,161.559998,148.961685
2023-12-20,161.800003,160.009995,160.050003,147.569443
2023-12-21,161.080002,159.529999,160.779999,148.242493
2023-12-22,162.410004,161.000000,162.139999,149.496445
2023-12-26,163.309998,162.050003,163.210007,150.483017
2023-12-27,163.639999,162.679993,163.460007,150.713531
2023-12-28,163.960007,163.399994,163.750000,150.980896
2023-12-29,164.179993,162.830002,163.550003,150.796509
2024-01-02,163.289993,160.460007,161.500000,148.906357
2024-01-03,161.729996,160.080002,160.100006,147.615570
2024-01-04,161.809998,160.169998,160.860001,148.316254
2024-01-05,160.550003,158.669998,159.160004,146.748840
2024-01-08,161.220001,157.889999,161.139999,148.574432
2024-01-09,160.479996,159.509995,160.080002,147.597107
2024-01-10,161.339996,159.740005,161.229996,148.657379
2024-01-11,162.229996,160.289993,162.160004,149.514893
2024-01-12,165.979996,162.350006,165.800003,152.871048
2024-01-16,167.250000,165.339996,166.960007,153.940582
2024-01-17,167.820007,165.500000,166.080002,153.129242
2024-01-18,166.990005,165.039993,166.839996,153.829956
2024-01-19,171.580002,169.179993,171.479996,158.108093
2024-01-22,174.449997,172.399994,172.830002,159.352859
2024-01-23,174.020004,172.479996,173.940002,160.376328
2024-01-24,174.860001,172.899994,173.929993,160.367065
2024-01-25,196.899994,184.830002,190.429993,175.580414
2024-01-26,192.389999,186.160004,187.419998,172.805145
2024-01-29,189.460007,186.050003,187.139999,172.546997
2024-01-30,188.649994,186.770004,187.869995,173.220016
2024-01-31,187.649994,183.139999,183.660004,169.338348
2024-02-01,187.509995,182.710007,186.899994,172.325684
2024-02-02,187.389999,185.619995,185.789993,171.302246
2024-02-05,185.779999,183.259995,183.419998,169.117065
2024-02-06,184.679993,183.039993,183.410004,169.107834
2024-02-07,184.020004,182.630005,183.740005,169.412125
2024-02-08,184.550003,181.490005,184.360001,171.533508
2024-02-09,187.179993,183.850006,186.339996,173.375732
2024-02-12,186.479996,184.029999,186.160004,173.208267
2024-02-13,184.770004,182.360001,183.699997,170.919418
2024-02-14,185.000000,182.259995,183.570007,170.798477
2024-02-15,186.979996,183.619995,186.869995,173.868835
2024-02-16,188.949997,185.949997,187.639999,174.585297
2024-02-20,188.770004,183.059998,183.440002,170.677475
2024-02-21,183.029999,178.750000,179.699997,167.197693
2024-02-22,184.550003,181.929993,184.210007,171.393906
2024-02-23,186.460007,184.570007,185.720001,172.798859
2024-02-26,186.130005,184.059998,184.130005,171.319504
2024-02-27,185.130005,182.619995,184.869995,172.008011
2024-02-28,185.369995,183.550003,185.300003,172.408096
2024-02-29,186.850006,184.690002,185.029999,172.156860
2024-03-01,188.380005,185.179993,188.199997,175.106323
2024-03-04,193.899994,187.600006,193.059998,179.628189
2024-03-05,193.940002,190.570007,191.949997,178.595398
2024-03-06,198.130005,192.960007,196.160004,182.512527
2024-03-07,198.729996,196.139999,196.539993,182.866058
2024-03-08,197.770004,194.380005,195.949997,182.317154
2024-03-11,195.380005,190.880005,191.729996,178.390717
2024-03-12,199.179993,192.149994,197.779999,184.019791
2024-03-13,198.100006,195.320007,196.699997,183.014938
2024-03-14,197.750000,192.119995,193.429993,179.972412
2024-03-15,193.059998,190.699997,191.070007,177.776627
2024-03-18,193.229996,190.320007,191.690002,178.353516
2024-03-19,193.580002,190.279999,193.339996,179.888687
2024-03-20,193.979996,191.309998,193.960007,180.465591
2024-03-21,193.369995,190.009995,191.899994,178.548889
2024-03-22,192.990005,190.509995,190.839996,177.562637
2024-03-25,190.820007,188.750000,188.789993,175.655273
2024-03-26,190.000000,188.500000,188.500000,175.385452
2024-03-27,190.960007,188.600006,190.800003,177.525421
2024-03-28,191.929993,190.339996,190.960007,177.674301
2024-04-01,190.460007,188.520004,189.830002,176.622910
2024-04-02,189.800003,187.600006,188.880005,175.738998
2024-04-03,191.350006,188.490005,190.899994,177.618439
2024-04-04,193.279999,187.339996,187.940002,174.864410
2024-04-05,190.320007,188.020004,189.139999,175.980927
2024-04-08,190.240005,188.910004,189.820007,176.613602
2024-04-09,191.250000,186.660004,189.309998,176.139084
2024-04-10,187.919998,185.520004,186.039993,173.096603
2024-04-11,186.800003,184.580002,185.899994,172.966309
2024-04-12,185.169998,181.690002,182.270004,169.588913
2024-04-15,187.479996,180.880005,181.250000,168.639862
2024-04-16,185.710007,182.860001,183.750000,170.965927
2024-04-17,184.669998,181.779999,183.100006,170.361160
2024-04-18,183.460007,180.169998,181.470001,168.844559
2024-04-19,182.800003,180.570007,181.580002,168.946899
2024-04-22,183.320007,180.449997,181.899994,169.244644
2024-04-23,184.679993,179.000000,182.190002,169.514450
2024-04-24,184.289993,181.399994,184.100006,171.291580
2024-04-25,172.449997,165.660004,168.910004,157.158386
2024-04-26,167.869995,165.729996,167.130005,155.502228
2024-04-29,168.220001,166.229996,167.429993,155.781342
2024-04-30,166.759995,165.259995,166.199997,154.636917
2024-05-01,166.270004,164.300003,164.429993,152.990082
2024-05-02,164.880005,162.619995,164.690002,153.231979
2024-05-03,166.610001,164.919998,165.710007,154.181046
2024-05-06,168.669998,166.380005,168.610001,156.879272
2024-05-07,169.289993,167.940002,168.380005,156.665253
2024-05-08,170.259995,167.899994,169.899994,158.079498
2024-05-09,167.550003,165.880005,166.270004,156.237778
2024-05-10,168.070007,166.320007,167.149994,157.064636
2024-05-13,168.059998,166.759995,167.559998,157.449921
2024-05-14,168.130005,166.479996,167.360001,157.262024
2024-05-15,168.350006,167.339996,168.259995,158.107681
2024-05-16,169.630005,167.789993,168.970001,158.774841
2024-05-17,169.110001,167.330002,169.029999,158.831223
2024-05-20,170.160004,168.380005,169.919998,159.667542
2024-05-21,174.970001,169.940002,173.470001,163.003311
2024-05-22,174.990005,172.759995,173.690002,163.210052
2024-05-23,175.460007,170.440002,170.669998,160.372269
2024-05-24,172.009995,170.210007,170.889999,160.579010
2024-05-28,171.089996,168.649994,169.660004,159.423233
2024-05-29,168.630005,166.210007,167.050003,156.970703
2024-05-30,166.729996,164.229996,165.630005,155.636383
2024-05-31,166.970001,163.839996,166.850006,156.782791
2024-06-03,166.779999,163.529999,165.279999,155.307480
2024-06-04,166.399994,163.880005,165.809998,155.805527
2024-06-05,167.789993,165.779999,167.380005,157.280792
2024-06-06,168.440002,166.800003,168.199997,158.051300
2024-06-07,171.309998,168.059998,170.009995,159.752090
2024-06-10,170.759995,168.880005,170.380005,160.099777
2024-06-11,170.000000,166.809998,169.320007,159.103714
2024-06-12,172.470001,168.100006,169.000000,158.803024
2024-06-13,169.589996,168.339996,169.119995,158.915817
2024-06-14,169.470001,167.229996,169.210007,159.000366
2024-06-17,169.720001,167.500000,169.500000,159.272873
2024-06-18,170.750000,168.380005,170.550003,160.259521
2024-06-20,174.279999,171.220001,173.919998,163.426163
2024-06-21,174.960007,171.399994,172.460007,162.054276
2024-06-24,178.460007,174.149994,175.009995,164.450424
2024-06-25,175.750000,171.419998,172.600006,162.185837
2024-06-26,172.679993,170.410004,171.869995,161.499863
2024-06-27,172.500000,170.479996,170.850006,160.541397
2024-06-28,173.460007,170.529999,172.949997,162.514709
2024-07-01,176.460007,173.380005,175.100006,164.534973
2024-07-02,177.490005,174.320007,177.300003,166.602249
2024-07-03,177.979996,175.169998,175.729996,165.126968
2024-07-05,176.089996,173.949997,176.020004,165.399490
2024-07-08,178.589996,176.009995,177.639999,166.921722
2024-07-09,177.699997,175.580002,176.479996,165.831696
2024-07-10,178.220001,174.449997,177.839996,167.109665
2024-07-11,179.440002,176.619995,178.309998,167.551315
2024-07-12,184.160004,178.500000,182.830002,171.798569
2024-07-15,184.899994,182.600006,182.880005,171.845566
2024-07-16,186.600006,184.520004,185.809998,174.598755
2024-07-17,187.940002,185.070007,187.449997,176.139832
2024-07-18,189.470001,185.100006,185.220001,174.044388
2024-07-19,187.000000,181.949997,183.250000,172.193222
2024-07-22,184.970001,182.860001,184.149994,173.038910
2024-07-23,185.380005,183.009995,184.100006,172.991974
2024-07-24,185.070007,183.149994,184.020004,172.916779
2024-07-25,196.259995,185.300003,191.979996,180.396500
2024-07-26,193.570007,189.619995,191.750000,180.180405
2024-07-29,193.289993,189.179993,191.500000,179.945480
2024-07-30,192.770004,189.089996,191.039993,179.513214
2024-07-31,194.550003,189.990005,192.139999,180.546860
2024-08-01,193.639999,188.289993,189.660004,178.216492
2024-08-02,189.259995,185.699997,189.119995,177.709045
2024-08-05,185.259995,181.809998,183.309998,172.249619
2024-08-06,188.899994,183.639999,186.800003,175.529053
2024-08-07,189.869995,186.699997,186.800003,175.529053
2024-08-08,192.880005,187.000000,192.610001,180.988480
2024-08-09,192.630005,189.039993,191.449997,181.471909
2024-08-12,191.580002,189.000000,189.479996,179.604599
2024-08-13,191.309998,189.210007,190.990005,181.035889
2024-08-14,193.089996,190.729996,192.320007,182.296555
2024-08-15,194.250000,193.279999,193.949997,183.841599
2024-08-16,194.350006,192.860001,193.779999,183.680466
2024-08-19,195.529999,193.720001,194.729996,184.580948
2024-08-20,196.210007,193.750000,196.029999,185.813202
2024-08-21,197.330002,194.119995,197.210007,186.931717
2024-08-22,197.919998,195.570007,195.960007,185.746841
2024-08-23,197.380005,194.389999,196.100006,185.879547
2024-08-26,198.350006,195.899994,197.979996,187.661591
2024-08-27,199.399994,196.970001,198.729996,188.372498
2024-08-28,200.000000,197.490005,198.460007,188.116577
2024-08-29,201.119995,198.270004,198.899994,188.533615
2024-08-30,202.169998,198.729996,202.130005,191.595291
2024-09-03,204.720001,200.210007,201.279999,190.789581
2024-09-04,204.360001,200.500000,204.110001,193.472076
2024-09-05,205.949997,200.960007,202.589996,192.031311
2024-09-06,204.100006,199.339996,200.740005,190.277740
2024-09-09,205.050003,201.429993,203.529999,192.922348
2024-09-10,205.830002,202.869995,205.320007,194.619003
2024-09-11,210.119995,203.039993,209.889999,198.950806
2024-09-12,212.649994,208.270004,211.610001,200.581192
2024-09-13,216.089996,212.130005,214.789993,203.595459
2024-09-16,217.899994,215.520004,217.160004,205.841934
2024-09-17,218.839996,213.000000,214.130005,202.969849
2024-09-18,216.860001,213.589996,214.940002,203.737640
2024-09-19,218.479996,210.369995,213.889999,202.742386
2024-09-20,217.850006,213.740005,217.699997,206.353775
2024-09-23,220.619995,217.270004,220.500000,209.007843
2024-09-24,221.190002,218.160004,220.970001,209.453354
2024-09-25,221.850006,220.160004,221.229996,209.699799
2024-09-26,224.000000,221.360001,223.429993,211.785156
2024-09-27,224.149994,220.770004,220.839996,209.330139
2024-09-30,221.320007,219.020004,221.080002,209.557632
2024-10-01,221.100006,215.899994,219.350006,207.917816
2024-10-02,220.199997,215.800003,219.729996,208.278000
2024-10-03,222.830002,219.270004,222.720001,211.112152
2024-10-04,226.080002,223.270004,226.000000,214.221222
2024-10-07,227.669998,225.020004,227.119995,215.282837
2024-10-08,229.350006,227.039993,228.619995,216.704666
2024-10-09,234.949997,228.500000,234.300003,222.088638
2024-10-10,235.830002,231.809998,233.020004,220.875336
2024-10-11,233.440002,230.460007,233.259995,221.102814
2024-10-14,236.119995,233.169998,235.259995,222.998596
2024-10-15,237.369995,232.710007,232.960007,220.818466
2024-10-16,233.880005,231.119995,233.669998,221.491470
2024-10-17,233.149994,230.660004,232.880005,220.742645
2024-10-18,232.649994,230.169998,232.199997,220.098083
2024-10-21,232.419998,230.259995,231.750000,219.671524
2024-10-22,232.970001,230.669998,232.250000,220.145493
2024-10-23,233.339996,230.259995,232.750000,220.619431
2024-10-24,221.320007,216.160004,218.389999,207.007858
2024-10-25,218.649994,214.389999,214.669998,203.481705
2024-10-28,216.250000,212.699997,212.910004,201.813446
2024-10-29,213.339996,209.850006,210.429993,199.462692
2024-10-30,211.119995,204.259995,204.899994,194.220917
2024-10-31,208.130005,203.509995,206.720001,195.946060
2024-11-01,209.839996,207.410004,208.250000,197.396301
2024-11-04,207.699997,205.800003,206.320007,195.566895
2024-11-05,208.119995,205.570007,207.570007,196.751770
2024-11-06,214.330002,210.369995,213.600006,202.467499
2024-11-07,214.520004,211.929993,213.690002,202.552780
2024-11-08,216.699997,212.779999,213.720001,202.581238
2024-11-11,215.410004,213.479996,213.570007,202.439056
2024-11-12,213.029999,209.059998,210.860001,201.445480
2024-11-13,211.410004,209.070007,210.919998,201.502808
2024-11-14,210.500000,206.350006,208.990005,199.658966
2024-11-15,208.490005,204.070007,204.990005,195.837570
2024-11-18,208.419998,205.369995,208.089996,198.799149
2024-11-19,210.330002,206.190002,210.250000,200.862732
2024-11-20,214.960007,209.770004,214.600006,205.018494
2024-11-21,222.630005,215.270004,222.399994,212.470245
2024-11-22,227.199997,220.889999,222.970001,213.014801
2024-11-25,226.419998,222.649994,226.130005,216.033691
2024-11-26,228.979996,225.509995,228.830002,218.613159
2024-11-27,229.190002,224.270004,226.919998,216.788422
2024-11-29,230.360001,227.190002,227.410004,217.256546
2024-12-02,228.380005,225.509995,227.389999,217.237442
2024-12-03,229.110001,226.669998,229.000000,218.775558
2024-12-04,233.740005,229.350006,233.490005,223.065109
2024-12-05,236.520004,233.460007,234.750000,224.268829
2024-12-06,238.380005,234.220001,238.039993,227.411957
2024-12-09,239.350006,228.910004,230.000000,219.730911
2024-12-10,234.389999,227.800003,231.720001,221.374115
2024-12-11,233.000000,229.130005,230.119995,219.845551
2024-12-12,233.889999,230.380005,232.259995,221.890015
2024-12-13,233.779999,230.259995,230.820007,220.514328
2024-12-16,231.029999,226.880005,229.330002,219.090836
2024-12-17,230.199997,227.619995,228.970001,218.746902
2024-12-18,229.039993,220.029999,220.169998,210.339798
2024-12-19,226.199997,222.979996,223.919998,213.922363
2024-12-20,227.679993,221.679993,223.360001,213.387360
2024-12-23,223.740005,221.080002,221.929993,212.021225
2024-12-24,224.440002,221.539993,224.410004,214.390488
2024-12-26,225.399994,222.550003,224.889999,214.849075
2024-12-27,224.419998,221.410004,222.779999,212.833282
2024-12-30,221.589996,217.649994,220.250000,210.416229
2024-12-31,221.050003,218.440002,219.830002,210.014984
2025-01-02,222.490005,217.600006,219.940002,210.120087
2025-01-03,223.660004,220.550003,222.649994,212.709076
2025-01-06,224.350006,220.750000,222.669998,212.728180
2025-01-07,226.710007,222.830002,223.960007,213.960602
2025-01-08,224.899994,220.830002,223.179993,213.215408
2025-01-10,222.429993,216.800003,219.750000,209.938568
2025-01-13,219.589996,214.750000,217.399994,207.693466
2025-01-14,218.130005,214.610001,217.750000,208.027863
2025-01-15,221.679993,218.009995,220.029999,210.206055
2025-01-16,222.679993,217.380005,222.660004,212.718643
2025-01-17,225.960007,223.639999,224.789993,214.753540
2025-01-21,227.449997,222.830002,224.259995,214.247192
2025-01-22,224.399994,220.350006,223.259995,213.291840
2025-01-23,226.039993,223.149994,226.039993,215.947708
2025-01-24,226.809998,223.800003,224.800003,214.763077
2025-01-27,224.300003,219.839996,224.130005,214.123001
2025-01-28,225.770004,221.770004,225.660004,215.584686
2025-01-29,229.470001,223.729996,228.630005,218.422119
2025-01-30,261.799988,247.009995,258.269989,246.738693
2025-01-31,257.239990,251.889999,255.699997,244.283463
2025-02-03,262.059998,251.839996,260.730011,249.088898
2025-02-04,265.250000,258.119995,264.459991,252.652344
2025-02-05,265.720001,261.179993,263.299988,251.544128
2025-02-06,263.380005,252.729996,253.440002,242.124359
2025-02-07,256.929993,252.020004,252.339996,241.073456
2025-02-10,251.949997,246.869995,249.270004,239.727066
2025-02-11,256.750000,250.580002,254.699997,244.949188
2025-02-12,256.399994,252.020004,255.809998,246.016693
2025-02-13,259.279999,254.410004,259.190002,249.267319
2025-02-14,261.940002,257.910004,261.279999,251.277283
2025-02-18,263.959991,259.829987,263.070007,252.998779
2025-02-19,264.359985,260.089996,264.320007,254.200912
2025-02-20,265.089996,262.149994,264.739990,254.604828
2025-02-21,264.829987,261.100006,261.480011,251.469635
2025-02-24,263.850006,259.579987,261.869995,251.844681
2025-02-25,263.480011,256.769989,257.750000,247.882462
2025-02-26,258.329987,254.410004,255.839996,246.045532
2025-02-27,257.630005,253.050003,253.229996,243.535461
2025-02-28,252.809998,246.539993,252.440002,242.775726
2025-03-03,255.990005,248.250000,250.190002,240.611877
2025-03-04,255.479996,248.100006,253.210007,243.516266
2025-03-05,252.740005,247.009995,251.350006,241.727463
2025-03-06,252.100006,246.800003,248.690002,239.169312
2025-03-07,261.959991,245.179993,261.540009,251.527359
2025-03-10,266.450012,254.750000,256.899994,247.064972
2025-03-11,256.700012,245.860001,248.949997,239.419312
2025-03-12,253.130005,245.529999,249.630005,240.073303
2025-03-13,249.270004,243.039993,245.800003,236.389923
2025-03-14,248.949997,241.679993,248.350006,238.842300
2025-03-17,254.630005,249.000000,252.970001,243.285431
2025-03-18,252.570007,245.119995,246.949997,237.495895
2025-03-19,253.660004,246.639999,252.289993,242.631470
2025-03-20,246.800003,237.220001,243.320007,234.004868
2025-03-21,245.210007,238.500000,243.869995,234.533798
2025-03-24,248.820007,245.970001,248.449997,238.938461
2025-03-25,250.899994,248.199997,249.899994,240.332962
2025-03-26,254.320007,249.529999,250.339996,240.756119
2025-03-27,250.300003,245.729996,246.210007,236.784225
2025-03-28,247.570007,242.070007,244.000000,234.658829
2025-03-31,250.889999,242.490005,248.660004,239.140411
2025-04-01,250.619995,243.490005,250.339996,240.756119
2025-04-02,252.789993,247.229996,249.979996,240.409897
2025-04-03,250.610001,242.529999,243.490005,234.168365
2025-04-04,240.160004,226.880005,227.479996,218.771255
2025-04-07,232.289993,214.500000,225.779999,217.136353
2025-04-08,233.050003,217.279999,221.029999,212.568222
2025-04-09,236.300003,215.160004,235.309998,226.301529
2025-04-10,232.570007,222.020004,229.550003,220.762039
2025-04-11,237.580002,227.509995,235.479996,226.465012
2025-04-14,241.770004,236.729996,239.059998,229.907959
2025-04-15,241.529999,238.270004,240.699997,231.485168
2025-04-16,243.300003,235.889999,238.570007,229.436722
2025-04-17,241.779999,237.399994,238.809998,229.667526
2025-04-21,240.809998,232.929993,236.220001,227.176682
2025-04-22,242.639999,238.020004,240.899994,231.677505
2025-04-23,249.339996,243.660004,245.479996,236.082153
2025-04-24,232.779999,224.440002,229.330002,220.550461
2025-04-25,233.360001,226.320007,232.410004,223.512558
2025-04-28,236.630005,232.070007,236.160004,227.119003
2025-04-29,239.979996,236.139999,239.389999,230.225327
2025-04-30,242.470001,234.339996,241.820007,232.562317
2025-05-01,242.369995,237.949997,239.660004,230.484985
2025-05-02,245.690002,241.330002,245.550003,236.149490
2025-05-05,249.800003,243.639999,249.179993,239.640518
2025-05-06,250.190002,246.110001,249.119995,239.582809
2025-05-07,254.470001,248.830002,253.369995,243.670120
2025-05-08,256.519989,253.250000,254.139999,244.410645
2025-05-09,253.000000,247.639999,249.199997,241.254562
2025-05-12,253.809998,244.649994,253.690002,245.601410
2025-05-13,259.579987,252.880005,258.589996,250.345200
2025-05-14,260.549988,256.220001,257.820007,249.599747
2025-05-15,267.429993,258.609985,266.679993,258.177246
2025-05-16,267.980011,264.589996,266.760010,258.254730
2025-05-19,269.140015,265.079987,268.410004,259.852081
2025-05-20,269.279999,265.619995,266.950012,258.438690
2025-05-21,265.649994,260.410004,260.869995,252.552505
2025-05-22,261.269989,257.910004,258.369995,250.132187
2025-05-23,259.869995,255.789993,258.630005,250.383911
2025-05-27,263.790009,259.630005,263.230011,254.837265
2025-05-28,265.000000,259.940002,260.239990,251.942596
2025-05-29,261.130005,256.769989,258.690002,250.442001
2025-05-30,260.119995,257.100006,259.059998,250.800201
2025-06-02,263.980011,257.220001,263.899994,255.485886
2025-06-03,265.559998,262.579987,265.200012,256.744446
2025-06-04,267.000000,264.790009,265.519989,257.054169
2025-06-05,267.510010,265.100006,266.859985,258.351471
2025-06-06,270.170013,267.529999,268.869995,260.297424
2025-06-09,273.470001,266.709991,272.079987,263.405060
2025-06-10,277.470001,272.559998,276.239990,267.432404
2025-06-11,281.750000,275.109985,281.519989,272.544098
2025-06-12,283.059998,279.829987,281.029999,272.069733
2025-06-13,279.839996,275.829987,277.220001,268.381195
2025-06-16,284.500000,278.670013,281.829987,272.844177
2025-06-17,284.790009,281.000000,283.049988,274.025330
2025-06-18,286.910004,282.940002,283.209991,274.180176
2025-06-20,284.119995,277.200012,280.970001,272.011627
2025-06-23,289.579987,280.209991,289.179993,279.959869
2025-06-24,294.339996,288.410004,293.790009,284.422882
2025-06-25,296.160004,289.500000,291.059998,281.779907
2025-06-26,292.910004,290.170013,291.929993,282.622192
2025-06-27,293.119995,288.519989,289.700012,280.463318
2025-06-30,294.809998,290.000000,294.779999,285.381317
2025-07-01,295.109985,290.079987,291.200012,281.915466
2025-07-02,290.190002,286.899994,287.649994,278.478638
2025-07-03,292.320007,287.899994,291.970001,282.660919
2025-07-07,295.220001,290.359985,292.470001,283.144989
2025-07-08,295.609985,289.489990,290.420013,281.160339
2025-07-09,291.600006,288.630005,290.140015,280.889282
2025-07-10,288.899994,282.209991,287.429993,278.265686
2025-07-11,287.429993,282.920013,283.589996,274.548126
2025-07-14,284.929993,281.709991,283.790009,274.741730
2025-07-15,284.149994,280.730011,282.700012,273.686493
2025-07-16,283.869995,279.869995,281.920013,272.931366
2025-07-17,283.459991,280.899994,282.000000,273.008789
2025-07-18,287.160004,282.220001,285.869995,276.755402
2025-07-21,287.730011,284.380005,284.709991,275.632385
2025-07-22,284.880005,281.250000,281.959991,272.970062
2025-07-23,288.079987,281.440002,282.010010,273.018494
2025-07-24,262.049988,252.750000,260.510010,252.203979
2025-07-25,260.799988,256.350006,259.720001,251.439163
2025-07-28,264.000000,259.609985,263.209991,254.817871
2025-07-29,265.799988,261.019989,262.410004,254.043396
2025-07-30,262.000000,258.899994,260.260010,251.961975
2025-07-31,259.989990,252.220001,253.149994,245.078629
2025-08-01,251.479996,245.610001,250.050003,242.077484
2025-08-04,252.080002,248.110001,251.979996,243.945938
2025-08-05,252.800003,249.000000,250.669998,242.677704
2025-08-06,254.320007,249.279999,252.279999,244.236389
2025-08-07,255.000000,248.880005,250.160004,242.183975
2025-08-08,249.479996,241.649994,242.270004,236.131332
2025-08-11,243.149994,234.699997,236.300003,230.312592
2025-08-12,237.960007,233.360001,234.770004,228.821365
2025-08-13,240.839996,236.199997,240.070007,233.987076
2025-08-14,239.000000,235.619995,237.110001,231.102051
2025-08-15,240.619995,236.770004,239.720001,233.645935
2025-08-18,241.419998,239.119995,239.449997,233.382767
2025-08-19,242.830002,239.490005,241.279999,235.166412
2025-08-20,242.880005,240.339996,242.550003,236.404236
2025-08-21,242.500000,238.649994,239.399994,233.334030
2025-08-22,243.679993,240.220001,242.089996,235.955887
2025-08-25,242.570007,239.429993,239.429993,233.363281
2025-08-26,244.979996,240.380005,242.630005,236.482224
2025-08-27,245.960007,242.000000,244.839996,238.636185
2025-08-28,245.880005,243.360001,245.729996,239.503662
2025-08-29,245.460007,241.720001,243.490005,237.320404
2025-09-02,241.550003,238.250000,241.500000,235.380829
2025-09-03,244.250000,239.410004,244.100006,237.914948
2025-09-04,249.279999,242.850006,247.179993,240.916916
2025-09-05,249.029999,245.449997,248.529999,242.232697
2025-09-08,257.149994,247.020004,256.089996,249.601151
2025-09-09,260.660004,254.880005,259.109985,252.544601
2025-09-10,260.079987,254.559998,256.880005,250.371140
2025-09-11,258.549988,255.660004,257.010010,250.497849
2025-09-12,257.250000,252.429993,253.440002,247.018295
2025-09-15,259.049988,254.000000,256.239990,249.747345
2025-09-16,258.000000,254.410004,257.519989,250.994904
2025-09-17,260.959991,257.010010,259.079987,252.515381
2025-09-18,265.230011,256.799988,265.000000,258.285370
2025-09-19,267.869995,263.640015,266.399994,259.649872
2025-09-22,272.309998,266.000000,271.369995,264.493958
2025-09-23,273.299988,269.269989,272.239990,265.341919
2025-09-24,273.649994,267.299988,267.529999,260.751282
2025-09-25,284.230011,271.149994,281.440002,274.308838
2025-09-26,288.850006,280.109985,284.309998,277.106110
2025-09-29,286.000000,279.660004,279.799988,272.710358
2025-09-30,286.019989,280.519989,282.160004,275.010590
2025-10-01,286.589996,280.149994,286.489990,279.230865
2025-10-02,288.540009,282.790009,286.720001,279.455048
2025-10-03,293.320007,287.299988,288.369995,281.063232
2025-10-06,291.450012,287.799988,289.420013,282.086639
2025-10-07,301.040009,293.290009,293.869995,286.423859
2025-10-08,294.200012,286.470001,289.459991,282.125580
2025-10-09,290.130005,283.320007,288.230011,280.926788
2025-10-10,290.390015,277.500000,277.820007,270.780548
2025-10-13,282.440002,274.640015,277.220001,270.195740
2025-10-14,277.529999,272.549988,276.149994,269.152832
2025-10-15,285.450012,277.000000,280.750000,273.636292
2025-10-16,282.559998,275.600006,275.970001,268.977417
2025-10-17,283.399994,275.350006,281.279999,274.152893
2025-10-20,285.500000,280.959991,283.649994,276.462830
2025-10-21,285.309998,281.600006,282.049988,274.903381
2025-10-22,289.170013,281.350006,287.510010,280.225006
2025-10-23,285.579987,263.559998,285.000000,277.778625
2025-10-24,310.750000,282.209991,307.459991,299.669556
2025-10-27,313.500000,302.880005,313.089996,305.156891
2025-10-28,319.350006,311.410004,312.570007,304.650055
2025-10-29,314.329987,307.519989,308.209991,300.400513
2025-10-30,313.750000,305.019989,310.059998,302.203674
2025-10-31,313.500000,301.630005,307.410004,299.620789
2025-11-03,312.140015,304.230011,304.730011,297.008728
2025-11-04,303.170013,296.000000,300.850006,293.226990
2025-11-05,307.200012,299.709991,306.769989,298.997009
2025-11-06,315.440002,301.089996,312.420013,304.503876
2025-11-07,310.000000,302.630005,306.380005,298.616913
2025-11-10,309.940002,304.230011,309.130005,302.958435
2025-11-11,317.910004,308.429993,313.720001,307.456818
2025-11-12,324.899994,314.529999,314.980011,308.691681
2025-11-13,314.600006,303.679993,304.859985,298.773682
2025-11-14,307.720001,297.589996,305.690002,299.587128
2025-11-17,306.000000,296.510010,297.170013,291.237213
2025-11-18,297.000000,289.920013,289.950012,284.161377
2025-11-19,291.109985,288.070007,288.529999,282.769714
2025-11-20,300.709991,290.160004,290.399994,284.602386
2025-11-21,300.480011,291.890015,297.440002,291.501862
2025-11-24,307.179993,297.510010,304.119995,298.048492
2025-11-25,306.000000,297.059998,304.480011,298.401306
2025-11-26,306.600006,301.640015,303.209991,297.156616
2025-11-28,309.179993,303.600006,308.579987,302.419434
2025-12-01,307.119995,302.799988,305.670013,299.567535
2025-12-02,310.470001,301.570007,301.779999,295.755188
2025-12-03,303.970001,298.910004,302.619995,296.578430
2025-12-04,309.609985,302.540009,307.989990,301.841187
2025-12-05,311.829987,307.179993,307.940002,301.792206
2025-12-08,315.350006,307.950012,309.179993,303.007446
2025-12-09,313.970001,308.750000,310.480011,304.281525
2025-12-10,314.690002,306.649994,312.670013,306.427795
2025-12-11,313.440002,308.399994,310.739990,304.536285
2025-12-12,311.049988,303.329987,309.239990,303.066254
2025-12-15,311.359985,306.350006,308.660004,302.497833
2025-12-16,307.380005,300.420013,303.179993,297.127258
2025-12-17,306.250000,303.079987,303.320007,297.264435
2025-12-18,304.450012,295.700012,300.450012,294.451752
2025-12-19,306.859985,299.100006,300.980011,294.971161
2025-12-22,303.179993,298.320007,302.790009,296.745026
2025-12-23,305.130005,300.649994,303.779999,297.715271
2025-12-24,305.149994,302.299988,304.559998,298.479675
2025-12-26,305.750000,303.670013,305.089996,298.999084
2025-12-29,310.000000,303.750000,305.739990,299.636139
2025-12-30,306.239990,302.000000,302.049988,296.019806
2025-12-31,301.850006,295.869995,296.209991,290.296387
2026-01-02,297.570007,289.000000,291.500000,285.680420
2026-01-05,299.190002,294.250000,294.970001,289.081146
2026-01-06,303.040009,294.420013,302.470001,296.431427
2026-01-07,304.309998,296.350006,296.730011,290.806030
2026-01-08,303.670013,295.000000,302.720001,296.676422
2026-01-09,307.000000,302.000000,304.220001,298.146484
2026-01-12,312.329987,299.959991,312.179993,305.947571
2026-01-13,312.809998,301.869995,303.160004,297.107605
2026-01-14,309.190002,301.500000,309.029999,302.860443
2026-01-15,311.880005,297.040009,297.950012,292.001648
2026-01-16,307.450012,300.779999,305.670013,299.567535
2026-01-20,301.600006,290.160004,291.350006,285.533447
2026-01-21,297.670013,292.510010,297.540009,291.599823
2026-01-22,300.929993,293.529999,294.670013,288.787140
2026-01-23,294.339996,289.790009,292.440002,286.601654
2026-01-26,296.820007,293.140015,296.329987,290.414001
2026-01-27,297.329987,293.269989,293.859985,287.993286
2026-01-28,295.950012,291.260010,294.160004,288.287323
2026-01-29,319.899994,303.470001,309.239990,303.066254
2026-01-30,307.779999,299.730011,306.700012,300.576965
2026-02-02,316.640015,306.410004,314.730011,308.446655
2026-02-03,312.980011,283.850006,294.309998,288.434326
2026-02-04,291.410004,278.959991,289.049988,283.279297
2026-02-05,291.809998,285.100006,289.890015,284.102570
2026-02-06,299.890015,290.660004,298.929993,292.962067
2026-02-09,297.720001,291.420013,296.339996,290.423767
2026-02-10,297.609985,290.329987,291.760010,287.565521
2026-02-11,293.500000,272.359985,272.809998,268.887939
2026-02-12,271.299988,257.220001,259.519989,255.788971
2026-02-13,264.660004,256.640015,262.380005,258.607880
2026-02-17,260.700012,254.649994,258.309998,254.596390
2026-02-18,261.109985,256.250000,260.790009,257.040741
2026-02-19,258.279999,253.509995,256.279999,252.595566
2026-02-20,259.040009,253.800003,257.160004,253.462936
2026-02-23,255.190002,220.720001,223.350006,220.138992
2026-02-24,236.589996,223.630005,229.320007,226.023178
2026-02-25,239.550003,231.220001,237.539993,234.124985
2026-02-26,247.490005,238.949997,242.009995,238.530716
2026-02-27,240.210007,234.570007,240.210007,236.756622
2026-03-02,240.779999,233.779999,239.369995,235.928680
2026-03-03,246.089996,234.289993,245.279999,241.753708
2026-03-04,250.850006,244.960007,250.059998,246.464981
2026-03-05,260.380005,249.000000,256.549988,252.861679
2026-03-06,259.399994,252.210007,258.850006,255.128632
2026-03-09,258.079987,251.570007,253.330002,249.687973
2026-03-10,253.440002,246.550003,250.199997,246.602982
2026-03-11,253.720001,247.199997,248.869995,245.292099
2026-03-12,250.050003,245.639999,247.679993,244.119202
2026-03-13,249.720001,244.710007,246.279999,242.739334
2026-03-16,252.199997,246.100006,249.250000,245.666641
2026-03-17,256.390015,250.000000,256.109985,252.427994
2026-03-18,258.279999,250.160004,251.600006,247.982864
2026-03-19,252.190002,248.250000,250.369995,246.770538
2026-03-20,250.279999,241.770004,241.770004,238.294189
2026-03-23,251.350006,244.710007,248.440002,244.868286
2026-03-24,247.110001,238.000000,240.589996,237.131134
2026-03-25,246.190002,238.000000,241.389999,237.919647
2026-03-26,246.669998,239.800003,241.669998,238.195602
2026-03-27,239.440002,233.750000,236.339996,232.942245
2026-03-30,240.210007,236.130005,237.250000,233.839157
2026-03-31,242.850006,236.380005,242.389999,238.905258
2026-04-01,246.259995,240.139999,243.139999,239.644485
2026-04-02,248.210007,241.490005,248.160004,244.592316
2026-04-06,248.899994,244.740005,246.740005,243.192734
2026-04-07,245.759995,241.100006,245.070007,241.546753
2026-04-08,250.000000,240.800003,241.740005,238.264618
2026-04-09,241.740005,233.759995,237.179993,233.770157
2026-04-10,239.270004,230.509995,230.759995,227.442444
2026-04-13,238.070007,231.699997,237.820007,234.400970
2026-04-14,241.539993,238.119995,240.270004,236.815750
2026-04-15,246.059998,240.990005,244.800003,241.280624
2026-04-16,251.220001,246.130005,251.000000,247.391479
2026-04-17,255.649994,251.039993,253.470001,249.825958
2026-04-20,258.500000,252.559998,253.710007,250.062515
2026-04-21,258.089996,251.869995,255.679993,252.004181
2026-04-22,257.540009,247.210007,251.860001,248.239105
2026-04-23,232.910004,221.729996,231.080002,227.757858
2026-04-24,232.800003,225.000000,231.979996,228.644913
2026-04-27,231.320007,227.119995,228.050003,224.771423
2026-04-28,233.559998,228.460007,233.039993,229.689682
2026-04-29,231.479996,226.820007,227.100006,223.835083
2026-04-30,231.600006,224.899994,230.979996,227.659286
2026-05-01,235.949997,231.750000,232.199997,228.861755
2026-05-04,234.089996,228.619995,229.479996,226.180847
2026-05-05,231.000000,227.149994,229.029999,225.737335
2026-05-06,229.000000,224.380005,225.740005,222.494629
2026-05-07,231.820007,227.410004,231.309998,227.984543
2026-05-08,230.710007,224.830002,229.759995,228.123550
2026-05-11,230.229996,222.550003,223.550003,221.957794
2026-05-12,224.429993,219.220001,219.220001,217.658630
2026-05-13,218.309998,212.339996,214.639999,213.111252
2026-05-14,220.960007,215.000000,218.369995,216.814682
2026-05-15,220.910004,217.619995,219.300003,217.738068
2026-05-18,223.330002,217.750000,222.750000,221.163483
2026-05-19,227.350006,221.919998,222.330002,220.746475
2026-05-20,225.000000,216.779999,225.000000,223.397461
2026-05-21,253.630005,230.940002,252.970001,251.168243
2026-05-22,264.380005,253.389999,253.839996,252.032043
2026-05-26,254.550003,245.449997,250.690002,248.904495
2026-05-27,257.619995,250.460007,255.199997,253.382355
2026-05-28,268.890015,257.000000,264.220001,262.338135
2026-05-29,301.000000,273.329987,297.799988,295.678925
2026-06-01,327.980011,308.000000,320.420013,318.137848
2026-06-02,332.459991,310.109985,329.230011,326.885101
2026-06-03,318.299988,302.529999,305.630005,303.453186
2026-06-04,310.440002,300.179993,301.769989,299.620667
2026-06-05,302.299988,281.070007,284.839996,282.811249
2026-06-08,290.500000,279.429993,280.820007,278.819885
2026-06-09,283.589996,271.290009,277.489990,275.513611
2026-06-10,280.510010,271.329987,272.359985,270.420135
2026-06-11,276.480011,266.500000,274.850006,272.892426
2026-06-12,278.940002,267.679993,272.239990,270.300995
2026-06-15,272.250000,264.799988,268.709991,266.796143
2026-06-16,276.619995,268.609985,270.809998,268.881195
2026-06-17,268.869995,261.880005,262.350006,260.481445
2026-06-18,252.470001,243.679993,249.100006,247.325821
2026-06-22,253.309998,243.809998,252.220001,250.423584
2026-06-23,267.529999,255.259995,264.940002,263.053009
2026-06-24,265.070007,256.179993,262.959991,261.087097
2026-06-25,268.760010,256.000000,258.269989,256.430481
2026-06-26,273.140015,258.279999,271.630005,269.695343
2026-06-29,278.149994,269.059998,278.000000,276.019958
2026-06-30,282.570007,271.119995,281.209991,279.207092
2026-07-01,294.489990,278.959991,286.250000,284.211212
2026-07-02,290.929993,282.279999,289.519989,287.457916
2026-07-06,300.820007,287.649994,299.519989,297.386688
2026-07-07,311.799988,300.489990,306.130005,303.949615
2026-07-08,303.820007,295.589996,302.049988,299.898682
2026-07-09,297.279999,284.440002,295.299988,293.196747
2026-07-10,298.769989,287.500000,287.559998,285.511871
2026-07-13,297.500000,289.100006,290.230011,288.162872
2026-07-14,229.919998,213.220001,217.070007,215.523941
2026-07-15,223.809998,211.029999,211.199997,209.695740
2026-07-16,219.949997,204.440002,219.050003,217.489838
2026-07-17,217.169998,210.220001,212.669998,211.155273
2026-07-20,216.279999,208.820007,213.000000,211.482925
2026-07-21,214.970001,209.179993,210.500000,209.000732
2026-07-22,212.339996,204.729996,205.770004,204.304428
2026-07-23,207.550003,199.190002,206.649994,205.178146
2026-07-24,216.100006,206.800003,214.190002,212.664459
2026-07-27,219.630005,215.289993,216.279999,214.739563
2026-07-28,228.979996,215.110001,227.550003,225.929306
2026-07-29,230.970001,223.949997,226.440002,224.827209
2026-07-30,224.860001,220.199997,221.740005,220.160690
2026-07-31,224.759995,216.589996,223.649994,222.057068
2026-08-03,228.550003,224.869995,226.309998,224.698135
2026-08-04,235.309998,223.300003,235.149994,233.475159
2026-08-05,238.960007,233.460007,235.919998,234.239685
2026-08-06,234.470001,228.440002,233.429993,231.767410
2026-08-07,237.320007,232.720001,237.279999,235.589996
2026-08-10,240.740005,234.130005,236.309998,236.309998
2026-08-11,241.800003,235.440002,238.419998,238.419998
2026-08-12,237.460007,231.679993,235.979996,235.979996
2026-08-13,239.710007,233.610001,237.139999,237.139999
2026-08-14,239.149994,233.729996,234.320007,234.320007
2026-08-17,233.649994,227.399994,228.850006,228.850006
2026-08-18,234.449997,229.419998,232.669998,232.669998
2026-08-19,238.619995,230.509995,237.160004,237.160004
2026-08-20,237.500000,233.029999,233.690002,233.690002
2026-08-21,238.720001,233.119995,235.679993,235.679993
2026-08-24,234.490005,230.470001,231.039993,231.039993
2026-08-25,234.440002,229.509995,234.190002,234.190002
2026-08-26,234.229996,228.960007,229.869995,229.869995
2026-08-27,240.809998,231.449997,238.789993,238.789993
2026-08-28,239.080002,235.089996,235.589996,235.589996
2026-08-31,235.940002,232.179993,233.869995,233.869995
2026-09-01,233.089996,229.899994,231.399994,231.399994
2026-09-02,232.880005,229.100006,231.699997,231.699997
2026-09-03,238.289993,232.820007,234.710007,234.710007
2026-09-04,236.169998,231.679993,234.889999,234.889999
2026-09-08,233.399994,230.199997,232.089996,232.089996
2026-09-09,241.500000,230.360001,239.940002,239.940002
2026-09-10,242.309998,231.830002,234.020004,234.020004
2026-09-11,243.630005,235.000000,243.289993,243.289993
2026-09-14,251.369995,244.119995,249.089996,249.089996
2026-09-15,251.820007,246.149994,248.369995,248.369995
2026-09-16,243.339996,235.410004,237.490005,237.490005
2026-09-17,243.369995,237.350006,237.750000,237.750000
2026-09-18,237.889999,229.380005,229.550003,229.550003
2026-09-21,234.699997,228.350006,231.929993,231.929993
2026-09-22,236.199997,230.080002,231.380005,231.380005
2026-09-23,237.860001,232.529999,232.759995,232.759995
2026-09-24,232.619995,226.009995,227.059998,227.059998
2026-09-25,228.990005,225.190002,225.509995,225.509995
2026-09-28,223.139999,219.229996,220.669998,220.669998
2026-09-29,223.119995,219.910004,219.990005,219.990005
2026-09-30,222.330002,218.600006,219.929993,219.929993
2026-10-01,234.270004,224.500000,225.619995,225.619995
