date,high,low,close,adjclose
2006-05-25,4.605000,4.020000,4.600000,4.159751
2006-05-26,4.674000,4.411000,4.493000,4.062991
2006-05-30,4.498000,4.285000,4.400000,3.978893
2006-05-31,4.536000,4.435000,4.494000,4.063895
2006-06-01,4.810000,4.490000,4.751000,4.296303
2006-06-02,4.870000,4.679000,4.699000,4.249278
2006-06-05,4.925000,4.700000,4.915000,4.444604
2006-06-06,5.063000,4.780000,4.830000,4.367741
2006-06-07,4.840000,4.675000,4.760000,4.304439
2006-06-08,4.772000,4.550000,4.772000,4.315291
2006-06-09,4.880000,4.768000,4.778000,4.320715
2006-06-12,4.825000,4.630000,4.695000,4.245662
2006-06-13,4.735000,4.530000,4.550000,4.114538
2006-06-14,4.545000,4.444000,4.512000,4.080172
2006-06-15,4.612000,4.513000,4.595000,4.155230
2006-06-16,4.600000,4.500000,4.502000,4.071133
2006-06-19,4.545000,4.410000,4.434000,4.009640
2006-06-20,4.500000,4.347000,4.402000,3.980703
2006-06-21,4.588000,4.400000,4.530000,4.096451
2006-06-22,4.695000,4.588000,4.660000,4.214009
2006-06-23,4.793000,4.687000,4.695000,4.245662
2006-06-26,4.750000,4.643000,4.750000,4.295397
2006-06-27,4.803000,4.725000,4.731000,4.278216
2006-06-28,4.740000,4.650000,4.696000,4.246565
2006-06-29,4.809000,4.695000,4.800000,4.340610
2006-06-30,4.800000,4.660000,4.800000,4.340610
2006-07-03,4.800000,4.681000,4.730000,4.277311
2006-07-05,4.784000,4.671000,4.760000,4.304439
2006-07-06,4.735000,4.679000,4.680000,4.232094
2006-07-07,4.685000,4.575000,4.612000,4.170604
2006-07-10,4.657000,4.612000,4.649000,4.204062
2006-07-11,4.649000,4.530000,4.635000,4.191402
2006-07-12,4.640000,4.554000,4.555000,4.119058
2006-07-13,4.518000,4.430000,4.472000,4.044002
2006-07-14,4.468000,4.390000,4.395000,3.974370
2006-07-17,4.417000,4.375000,4.399000,3.977990
2006-07-18,4.410000,4.367000,4.390000,3.969851
2006-07-19,4.545000,4.380000,4.528000,4.094642
2006-07-20,4.578000,4.510000,4.555000,4.119058
2006-07-21,4.555000,4.477000,4.528000,4.094642
2006-07-24,4.553000,4.499000,4.500000,4.069323
2006-07-25,4.640000,4.516000,4.608000,4.166984
2006-07-26,4.785000,4.580000,4.668000,4.221244
2006-07-27,4.717000,4.652000,4.652000,4.206774
2006-07-28,4.680000,4.626000,4.630000,4.186881
2006-07-31,4.641000,4.586000,4.587000,4.147995
2006-08-01,4.592000,4.470000,4.500000,4.069323
2006-08-02,5.005000,4.731000,5.002000,4.523277
2006-08-03,5.024000,4.865000,4.999000,4.520564
2006-08-04,5.150000,4.999000,5.005000,4.525992
2006-08-07,5.130000,5.025000,5.110000,4.620941
2006-08-08,5.267000,5.105000,5.257000,4.753875
2006-08-09,5.450000,5.200000,5.285000,4.779191
2006-08-10,5.391000,5.210000,5.356000,4.843397
2006-08-11,5.445000,5.325000,5.368000,4.854249
2006-08-14,5.454000,5.352000,5.423000,4.903985
2006-08-15,5.493000,5.426000,5.449000,4.927498
2006-08-16,5.543000,5.416000,5.427000,4.907603
2006-08-17,5.424000,5.319000,5.346000,4.834355
2006-08-18,5.365000,5.246000,5.345000,4.833451
2006-08-21,5.555000,5.280000,5.426000,4.906700
2006-08-22,5.550000,5.420000,5.523000,4.994416
2006-08-23,5.575000,5.454000,5.460000,4.937443
2006-08-24,5.585000,5.482000,5.565000,5.032397
2006-08-25,5.585000,5.493000,5.500000,4.973616
2006-08-28,5.545000,5.477000,5.502000,4.975423
2006-08-29,5.565000,5.516000,5.535000,5.005265
2006-08-30,5.578000,5.517000,5.525000,4.996222
2006-08-31,5.617000,5.525000,5.590000,5.055003
2006-09-01,5.750000,5.597000,5.655000,5.113782
2006-09-05,5.724000,5.625000,5.685000,5.140910
2006-09-06,5.888000,5.657000,5.888000,5.324483
2006-09-07,6.087000,5.850000,6.012000,5.436613
2006-09-08,6.125000,5.929000,5.975000,5.403153
2006-09-11,6.199000,5.960000,6.187000,5.594866
2006-09-12,6.215000,6.099000,6.210000,5.615665
2006-09-13,6.230000,6.090000,6.135000,5.547843
2006-09-14,6.325000,6.070000,6.279000,5.678061
2006-09-15,6.520000,6.279000,6.497000,5.875198
2006-09-18,6.755000,6.430000,6.512000,5.888761
2006-09-19,6.615000,6.430000,6.484000,5.863442
2006-09-20,6.670000,6.450000,6.655000,6.018079
2006-09-21,6.960000,6.701000,6.905000,6.244150
2006-09-22,6.950000,6.508000,6.593000,5.962011
2006-09-25,6.570000,6.220000,6.440000,5.823653
2006-09-26,6.733000,6.276000,6.600000,5.968338
2006-09-27,6.790000,6.545000,6.784000,6.134730
2006-09-28,6.891000,6.765000,6.865000,6.207978
2006-09-29,7.045000,6.756000,7.035000,6.361707
2006-10-02,7.035000,6.966000,6.996000,6.326439
2006-10-03,7.090000,6.840000,6.968000,6.301121
2006-10-04,7.041000,6.875000,6.962000,6.295693
2006-10-05,7.290000,6.901000,7.259000,6.572765
2006-10-06,7.585000,7.201000,7.515000,6.804565
2006-10-09,7.323000,7.095000,7.280000,6.591782
2006-10-10,7.325000,7.050000,7.191000,6.511196
2006-10-11,7.100000,6.828000,6.950000,6.292977
2006-10-12,7.082000,6.872000,7.041000,6.375375
2006-10-13,7.170000,6.982000,7.009000,6.346400
2006-10-16,7.171000,6.985000,7.130000,6.455961
2006-10-17,7.120000,6.927000,6.950000,6.292977
2006-10-18,7.118000,6.954000,7.045000,6.378996
2006-10-19,7.290000,6.975000,7.233000,6.549223
2006-10-20,7.285000,7.100000,7.122000,6.448719
2006-10-23,7.162000,6.980000,7.025000,6.360886
2006-10-24,7.150000,6.992000,7.120000,6.446906
2006-10-25,7.125000,7.050000,7.075000,6.406161
2006-10-26,7.400000,6.989000,7.220000,6.537452
2006-10-27,7.300000,6.900000,7.264000,6.577293
2006-10-30,7.360000,7.175000,7.254000,6.568240
2006-10-31,7.625000,7.194000,7.410000,6.709490
2006-11-01,8.750000,8.175000,8.507000,7.702788
2006-11-02,8.808000,8.250000,8.760000,7.931871
2006-11-03,8.975000,8.677000,8.951000,8.104815
2006-11-06,9.714000,8.999000,9.630000,8.719623
2006-11-07,9.617000,9.240000,9.250000,8.375548
2006-11-08,9.200000,8.805000,8.844000,8.007933
2006-11-09,9.235000,8.820000,8.820000,7.986197
2006-11-10,9.050000,8.776000,8.920000,8.076740
2006-11-13,9.799000,9.329000,9.655000,8.742256
2006-11-14,9.724000,9.439000,9.520000,8.620023
2006-11-15,9.965000,9.500000,9.530000,8.629076
2006-11-16,9.720000,9.390000,9.452000,8.558445
2006-11-17,9.538000,9.206000,9.479000,8.582897
2006-11-20,9.621000,9.372000,9.619000,8.709661
2006-11-21,10.083000,9.650000,10.060000,9.108971
2006-11-22,10.393000,10.082000,10.326000,9.349825
2006-11-24,10.585000,10.050000,10.548000,9.550839
2006-11-27,10.860000,9.899000,9.899000,8.963190
2006-11-28,10.100000,9.550000,10.075000,9.122557
2006-11-29,10.268000,9.685000,9.920000,8.982205
2006-11-30,10.202000,9.652000,10.175000,9.213101
2006-12-01,10.245000,9.909000,10.117000,9.160584
2006-12-04,10.149000,9.925000,10.008000,9.061886
2006-12-05,10.225000,9.900000,9.925000,8.986733
2006-12-06,10.200000,9.850000,9.913000,8.975866
2006-12-07,10.093000,9.862000,9.968000,9.025671
2006-12-08,10.080000,9.893000,10.010000,9.063704
2006-12-11,10.224000,9.894000,9.910000,8.973153
2006-12-12,9.910000,9.427000,9.575000,8.669822
2006-12-13,9.765000,9.503000,9.577000,8.671631
2006-12-14,9.648000,9.480000,9.560000,8.656240
2006-12-15,9.633000,9.535000,9.619000,8.709661
2006-12-18,9.600000,9.255000,9.290000,8.411766
2006-12-19,9.752000,9.050000,9.740000,8.819224
2006-12-20,9.945000,9.625000,9.751000,8.829181
2006-12-21,9.635000,9.389000,9.571000,8.666203
2006-12-22,9.700000,9.518000,9.635000,8.724156
2006-12-26,9.675000,9.438000,9.514000,8.614588
2006-12-27,9.949000,9.450000,9.937000,8.997602
2006-12-28,9.979000,9.756000,9.896000,8.960474
2006-12-29,9.962000,9.826000,9.849000,8.917920
2007-01-03,9.968000,9.563000,9.641000,8.729580
2007-01-04,10.185000,9.530000,10.114000,9.157866
2007-01-05,10.220000,9.900000,10.106000,9.150620
2007-01-08,10.225000,9.900000,10.108000,9.152436
2007-01-09,10.575000,10.060000,10.574000,9.574380
2007-01-10,10.650000,10.300000,10.474000,9.491913
2007-01-11,10.803000,10.354000,10.550000,9.560789
2007-01-12,10.725000,10.485000,10.525000,9.538133
2007-01-16,10.747000,10.463000,10.600000,9.606096
2007-01-17,11.022000,10.577000,10.904000,9.881596
2007-01-18,10.999000,10.180000,10.249000,9.288007
2007-01-19,10.535000,10.200000,10.503000,9.518193
2007-01-22,10.800000,10.450000,10.761000,9.752003
2007-01-23,10.914000,10.702000,10.841000,9.824501
2007-01-24,11.308000,10.870000,11.142000,10.097284
2007-01-25,11.228000,10.697000,10.787000,9.775563
2007-01-26,10.988000,10.650000,10.852000,9.834465
2007-01-29,11.100000,10.870000,10.974000,9.945029
2007-01-30,11.161000,10.924000,11.075000,10.036560
2007-01-31,11.217000,11.075000,11.155000,10.109057
2007-02-01,11.298000,11.161000,11.192000,10.142588
2007-02-02,11.270000,11.060000,11.096000,10.055595
2007-02-05,11.095000,10.989000,11.025000,9.991250
2007-02-06,11.154000,10.990000,11.055000,10.018439
2007-02-07,11.263000,11.033000,11.190000,10.140778
2007-02-08,11.543000,11.105000,11.474000,10.398150
2007-02-09,11.807000,9.963000,10.360000,9.388604
2007-02-12,10.275000,9.861000,10.208000,9.250852
2007-02-13,10.504000,10.286000,10.469000,9.487383
2007-02-14,10.882000,10.410000,10.802000,9.789160
2007-02-15,10.880000,10.709000,10.804000,9.790971
2007-02-16,10.912000,10.605000,10.832000,9.816348
2007-02-20,10.850000,10.654000,10.782000,9.771034
2007-02-21,10.925000,10.566000,10.729000,9.723001
2007-02-22,10.900000,10.511000,10.590000,9.597036
2007-02-23,10.657000,10.372000,10.457000,9.476504
2007-02-26,10.600000,10.350000,10.406000,9.430285
2007-02-27,10.590000,9.999000,10.300000,9.334231
2007-02-28,10.730000,10.201000,10.718000,9.713032
2007-03-01,10.790000,10.231000,10.629000,9.632379
2007-03-02,10.750000,10.281000,10.306000,9.339663
2007-03-05,10.420000,10.090000,10.094000,9.147540
2007-03-06,10.471000,10.244000,10.399000,9.423940
2007-03-07,10.410000,9.940000,9.972000,9.036983
2007-03-08,10.340000,9.928000,10.276000,9.312477
2007-03-09,10.425000,10.075000,10.236000,9.276232
2007-03-12,10.350000,10.139000,10.325000,9.356884
2007-03-13,10.503000,10.170000,10.386000,9.412165
2007-03-14,10.620000,10.235000,10.550000,9.560789
2007-03-15,10.615000,10.453000,10.526000,9.539035
2007-03-16,10.593000,10.474000,10.527000,9.539945
2007-03-19,10.757000,10.552000,10.689000,9.686753
2007-03-20,10.791000,10.640000,10.749000,9.741128
2007-03-21,11.232000,10.676000,11.070000,10.032031
2007-03-22,11.100000,10.900000,10.957000,9.929623
2007-03-23,11.000000,10.902000,10.986000,9.955904
2007-03-26,10.925000,10.756000,10.848000,9.830843
2007-03-27,10.836000,10.654000,10.725000,9.719378
2007-03-28,10.793000,10.580000,10.668000,9.667722
2007-03-29,10.768000,10.575000,10.719000,9.713939
2007-03-30,10.800000,10.584000,10.624000,9.627849
2007-04-02,10.782000,10.593000,10.696000,9.693096
2007-04-03,10.940000,10.811000,10.853000,9.835381
2007-04-04,10.895000,10.625000,10.721000,9.729199
2007-04-05,10.834000,10.740000,10.801000,9.801799
2007-04-09,10.879000,10.720000,10.834000,9.831746
2007-04-10,11.140000,10.777000,11.001000,9.983298
2007-04-11,11.051000,10.900000,10.981000,9.965154
2007-04-12,11.022000,10.885000,10.982000,9.966052
2007-04-13,11.105000,10.888000,10.940000,9.927938
2007-04-16,11.018000,10.853000,10.940000,9.927938
2007-04-17,11.079000,10.892000,10.965000,9.950630
2007-04-18,11.004000,10.907000,10.921000,9.910699
2007-04-19,11.017000,10.820000,10.933000,9.921585
2007-04-20,11.088000,10.929000,11.010000,9.991464
2007-04-23,11.060000,10.950000,11.004000,9.986020
2007-04-24,11.007000,10.764000,10.810000,9.809968
2007-04-25,10.957000,10.765000,10.934000,9.922495
2007-04-26,11.050000,10.804000,10.856000,9.851711
2007-04-27,11.466000,10.796000,11.410000,10.354463
2007-04-30,11.797000,11.147000,11.168000,10.134849
2007-05-01,11.558000,11.101000,11.485000,10.422520
2007-05-02,13.015000,12.430000,12.635000,11.466137
2007-05-03,13.515000,12.650000,13.482000,12.234779
2007-05-04,13.595000,13.204000,13.466000,12.220258
2007-05-07,13.874000,13.290000,13.411000,12.170348
2007-05-08,13.719000,13.350000,13.705000,12.437149
2007-05-09,14.232000,13.633000,13.955000,12.664024
2007-05-10,14.324000,13.800000,13.882000,12.597775
2007-05-11,14.227000,13.520000,13.883000,12.598687
2007-05-14,13.959000,13.459000,13.535000,12.282879
2007-05-15,13.841000,13.400000,13.544000,12.291044
2007-05-16,13.677000,13.353000,13.619000,12.359113
2007-05-17,13.800000,13.520000,13.609000,12.350031
2007-05-18,13.829000,13.489000,13.805000,12.527897
2007-05-21,14.127000,13.685000,13.951000,12.660391
2007-05-22,14.096000,13.824000,13.873000,12.589608
2007-05-23,14.356000,13.938000,14.013000,12.716657
2007-05-24,14.162000,13.758000,13.898000,12.612295
2007-05-25,14.017000,13.826000,13.907000,12.620463
2007-05-29,14.599000,14.102000,14.406000,13.073302
2007-05-30,14.766000,14.251000,14.713000,13.351899
2007-05-31,15.331000,14.801000,14.955000,13.571515
2007-06-01,15.223000,14.966000,15.110000,13.712173
2007-06-04,15.172000,14.966000,15.125000,13.725781
2007-06-05,15.095000,14.661000,14.920000,13.539750
2007-06-06,14.840000,14.581000,14.702000,13.341922
2007-06-07,14.918000,13.810000,13.941000,12.651320
2007-06-08,14.714000,13.518000,14.358000,13.029742
2007-06-11,14.632000,14.007000,14.160000,12.850057
2007-06-12,14.624000,14.070000,14.531000,13.186736
2007-06-13,15.150000,14.561000,15.030000,13.639573
2007-06-14,15.269000,14.809000,15.029000,13.638669
2007-06-15,15.824000,15.216000,15.765000,14.306581
2007-06-18,16.482000,15.823000,16.462000,14.939096
2007-06-19,16.721001,16.150999,16.527000,14.998094
2007-06-20,16.940001,16.278000,16.346001,14.833833
2007-06-21,16.490999,15.818000,16.469000,14.945451
2007-06-22,16.843000,16.421000,16.843000,15.284854
2007-06-25,16.900000,16.065001,16.195000,14.696800
2007-06-26,16.537001,16.000999,16.181999,14.685001
2007-06-27,16.452000,15.780000,16.302999,14.794810
2007-06-28,16.573000,16.124001,16.478001,14.953619
2007-06-29,16.719000,16.374001,16.587000,15.066249
2007-07-02,16.749001,16.500000,16.618000,15.094403
2007-07-03,16.747000,16.191999,16.221001,14.733809
2007-07-05,16.395000,16.063000,16.171000,14.688391
2007-07-06,16.284000,15.955000,16.190001,14.705651
2007-07-09,16.437000,16.010000,16.122000,14.643885
2007-07-10,16.075001,15.670000,15.835000,14.383202
2007-07-11,15.985000,15.558000,15.635000,14.201531
2007-07-12,16.851000,15.731000,16.787001,15.247921
2007-07-13,17.459999,16.603001,16.921000,15.369621
2007-07-16,17.282000,16.799999,16.971001,15.415046
2007-07-17,17.236000,16.802999,16.924000,15.372356
2007-07-18,16.959000,16.656000,16.882999,15.335105
2007-07-19,17.250000,16.737000,16.743000,15.207940
2007-07-20,16.891001,16.264999,16.528000,15.012657
2007-07-23,16.900000,16.542000,16.760000,15.223389
2007-07-24,16.552000,15.731000,15.877000,14.421344
2007-07-25,16.379000,15.783000,16.110001,14.632984
2007-07-26,16.080000,15.222000,15.872000,14.416801
2007-07-27,15.990000,15.200000,15.403000,13.990807
2007-07-30,16.503000,15.510000,16.459000,14.949984
2007-07-31,17.052000,16.000000,16.080000,14.605736
2007-08-01,15.245000,13.900000,15.000000,13.624754
2007-08-02,14.780000,13.930000,14.262000,12.954416
2007-08-03,14.065000,12.817000,13.126000,11.922565
2007-08-06,13.848000,12.346000,13.762000,12.500253
2007-08-07,14.502000,13.500000,14.427000,13.104282
2007-08-08,15.000000,14.400000,14.802000,13.444907
2007-08-09,14.651000,14.100000,14.128000,12.832699
2007-08-10,13.995000,13.351000,13.840000,12.571104
2007-08-13,14.313000,13.602000,13.659000,12.406705
2007-08-14,13.644000,13.140000,13.352000,12.127844
2007-08-15,13.570000,12.899000,12.904000,11.720922
2007-08-16,13.966000,12.000000,13.000000,11.808119
2007-08-17,13.910000,13.050000,13.700000,12.443942
2007-08-20,14.106000,13.631000,13.790000,12.525688
2007-08-21,14.264000,13.800000,14.016000,12.730967
2007-08-22,14.547000,14.133000,14.482000,13.154243
2007-08-23,14.600000,13.851000,14.229000,12.924438
2007-08-24,14.225000,13.817000,13.983000,12.700993
2007-08-27,14.091000,13.685000,13.825000,12.557478
2007-08-28,13.750000,13.010000,13.212000,12.000681
2007-08-29,13.510000,13.001000,13.342000,12.118763
2007-08-30,13.445000,13.025000,13.247000,12.032474
2007-08-31,13.944000,13.496000,13.699000,12.443034
2007-09-04,13.990000,13.615000,13.824000,12.556571
2007-09-05,13.675000,13.429000,13.556000,12.313144
2007-09-06,13.798000,13.406000,13.477000,12.241388
2007-09-07,13.203000,12.954000,13.021000,11.827193
2007-09-10,13.196000,12.663000,12.971000,11.781781
2007-09-11,13.451000,13.005000,13.217000,12.005224
2007-09-12,13.736000,13.111000,13.683000,12.428503
2007-09-13,14.236000,13.506000,13.950000,12.671018
2007-09-14,13.899000,13.577000,13.785000,12.521151
2007-09-17,13.825000,13.500000,13.672000,12.418509
2007-09-18,14.894000,13.580000,14.581000,13.244169
2007-09-19,15.200000,14.690000,14.950000,13.579337
2007-09-20,15.150000,14.812000,14.951000,13.580249
2007-09-21,15.190000,14.642000,14.656000,13.312294
2007-09-24,14.762000,13.885000,14.226000,12.921712
2007-09-25,14.380000,13.918000,14.299000,12.988025
2007-09-26,14.439000,14.000000,14.285000,12.975303
2007-09-27,14.997000,14.158000,14.800000,13.443095
2007-09-28,15.223000,14.523000,14.797000,13.440363
2007-10-01,15.488000,14.773000,15.337000,13.930856
2007-10-02,15.524000,15.163000,15.298000,13.895436
2007-10-03,16.035000,15.179000,15.694000,14.255123
2007-10-04,16.339001,15.766000,16.155001,14.673854
2007-10-05,16.487000,15.953000,16.246000,14.756517
2007-10-08,16.389000,15.874000,16.236000,14.747427
2007-10-09,16.450001,16.201000,16.268999,14.777407
2007-10-10,16.724001,16.200001,16.482000,14.970877
2007-10-11,16.931999,15.821000,16.184000,14.700198
2007-10-12,16.495001,16.166000,16.320999,14.824637
2007-10-15,16.365000,15.630000,15.791000,14.343226
2007-10-16,15.700000,15.416000,15.560000,14.133409
2007-10-17,15.839000,15.135000,15.461000,14.057036
2007-10-18,15.546000,15.100000,15.372000,13.976119
2007-10-19,15.407000,15.036000,15.160000,13.783366
2007-10-22,15.368000,14.536000,14.659000,13.327867
2007-10-23,15.239000,14.725000,14.833000,13.486061
2007-10-24,14.800000,14.315000,14.730000,13.392416
2007-10-25,15.249000,14.435000,15.138000,13.763369
2007-10-26,15.968000,15.399000,15.703000,14.277063
2007-10-29,16.155001,15.691000,15.735000,14.306156
2007-10-30,15.833000,15.368000,15.715000,14.287970
2007-10-31,19.478001,17.410000,18.990999,17.266481
2007-11-01,19.855000,18.535000,18.948000,17.227390
2007-11-02,19.600000,18.722000,19.004000,17.278311
2007-11-05,19.056000,18.231001,18.593000,16.904629
2007-11-06,20.299999,18.931999,19.940001,18.129311
2007-11-07,20.198000,19.421000,19.948000,18.136589
2007-11-08,20.097000,18.275000,19.143999,17.405602
2007-11-09,19.950001,18.400000,19.299999,17.547424
2007-11-12,19.642000,18.025000,18.188000,16.536411
2007-11-13,19.223000,18.341999,18.881001,17.166483
2007-11-14,19.423000,18.603001,18.677000,16.980997
2007-11-15,18.847000,18.209999,18.488001,16.809168
2007-11-16,18.698999,17.950001,18.487000,16.808264
2007-11-19,18.698000,17.850000,18.190001,16.538227
2007-11-20,18.731001,17.558001,18.212000,16.558222
2007-11-21,18.400000,17.650000,18.091999,16.449120
2007-11-23,18.382000,17.929001,18.110001,16.465494
2007-11-26,18.848000,18.112000,18.121000,16.475489
2007-11-27,18.759001,17.950001,18.386000,16.716429
2007-11-28,19.809999,18.600000,19.559999,17.783815
2007-11-29,20.299000,19.400000,19.774000,17.978395
2007-11-30,20.643000,19.686001,20.065001,18.242968
2007-12-03,20.448999,19.705000,20.188000,18.354794
2007-12-04,20.091999,19.451000,19.579000,17.801100
2007-12-05,20.250000,19.643999,20.007000,18.190239
2007-12-06,20.832001,19.900000,20.601999,18.731195
2007-12-07,21.174999,20.450001,20.959999,19.056694
2007-12-10,21.843000,21.099001,21.546000,19.589479
2007-12-11,22.718000,21.504000,21.750000,19.774946
2007-12-12,22.525000,21.218000,21.389999,19.447643
2007-12-13,22.488001,21.155001,22.320000,20.293190
2007-12-14,22.319000,21.315001,21.656000,19.689493
2007-12-17,21.657000,20.202999,20.493000,18.632099
2007-12-18,20.870001,19.850000,20.177000,18.344795
2007-12-19,21.299999,19.750000,21.233999,19.305815
2007-12-20,21.700001,20.320999,20.674999,18.797565
2007-12-21,21.235001,20.356001,21.235001,19.306721
2007-12-24,21.395000,20.968000,21.212000,19.285807
2007-12-26,21.075001,20.700001,20.948000,19.045780
2007-12-27,21.596001,20.805000,21.003000,19.095791
2007-12-28,21.347000,20.851000,21.000000,19.093060
2007-12-31,21.740999,21.013000,21.520000,19.565842
2008-01-02,22.028999,21.260000,21.468000,19.518560
2008-01-03,21.504999,20.513000,21.212000,19.285807
2008-01-04,20.920000,19.844000,20.118999,18.292063
2008-01-07,20.198999,18.743999,20.051001,18.230234
2008-01-08,20.770000,19.599001,19.799999,18.002028
2008-01-09,20.021000,18.965000,19.658001,17.886480
2008-01-10,19.879999,18.511999,19.599001,17.832794
2008-01-11,18.951000,17.625000,17.917000,16.302361
2008-01-14,18.190001,17.354000,17.822001,16.215929
2008-01-15,18.146000,17.254000,17.500000,15.922946
2008-01-16,17.987000,16.961000,17.552999,15.971170
2008-01-17,17.969000,17.427999,17.688000,16.094006
2008-01-18,17.975000,17.337999,17.462000,15.888372
2008-01-22,18.492001,16.082001,18.216999,16.575329
2008-01-23,19.527000,17.042999,19.259001,17.523428
2008-01-24,19.409000,18.493000,19.177999,17.449730
2008-01-25,19.600000,18.750999,19.343000,17.599852
2008-01-28,19.382000,18.429001,18.900000,17.196774
2008-01-29,19.243000,18.450001,19.146000,17.420603
2008-01-30,19.771000,18.799999,18.900000,17.196774
2008-01-31,21.844999,19.959999,20.700001,18.834574
2008-02-01,21.735001,20.966000,21.542000,19.600685
2008-02-04,22.225000,21.431000,21.600000,19.653473
2008-02-05,21.599001,20.587999,20.677999,18.814560
2008-02-06,20.799999,19.885000,20.495001,18.648045
2008-02-07,20.510000,19.516001,20.087999,18.277716
2008-02-08,20.659000,19.962999,20.561001,18.708099
2008-02-11,20.993000,20.275999,20.611000,18.753586
2008-02-12,21.458000,20.200001,20.400000,18.561605
2008-02-13,20.702999,20.271999,20.476000,18.630751
2008-02-14,20.549999,19.712000,20.223000,18.400553
2008-02-15,20.695999,19.783001,20.600000,18.743576
2008-02-19,20.945000,20.141001,20.420000,18.579805
2008-02-20,20.940001,19.934000,20.822001,18.945581
2008-02-21,21.045000,20.173000,20.448000,18.605278
2008-02-22,20.547001,19.799999,20.348000,18.514292
2008-02-25,20.200001,18.983999,19.844999,18.056620
2008-02-26,20.099001,19.291000,19.587999,17.822781
2008-02-27,19.622000,18.875000,19.118999,17.396042
2008-02-28,19.715000,18.725000,19.469999,17.715408
2008-02-29,19.379000,18.962000,19.000000,17.287767
2008-03-03,19.590000,18.570000,18.856001,17.156754
2008-03-04,19.341999,18.500999,19.247000,17.512508
2008-03-05,19.479000,18.987000,19.100000,17.378759
2008-03-06,19.120001,18.903000,18.999001,17.286858
2008-03-07,19.355000,18.638000,19.250999,17.516148
2008-03-10,19.596001,18.992001,19.150000,17.424253
2008-03-11,19.698999,18.358000,19.584000,17.819128
2008-03-12,20.750000,19.420000,20.389999,18.552507
2008-03-13,21.291000,19.649000,20.972000,19.082050
2008-03-14,21.540001,20.400000,20.865000,18.984703
2008-03-17,20.674999,19.302999,20.152000,18.335958
2008-03-18,21.544001,20.049999,21.025000,19.130280
2008-03-19,22.000000,20.726999,20.839001,18.961044
2008-03-20,22.246000,20.237000,22.038000,20.051987
2008-03-24,23.035000,21.475000,21.650000,19.698959
2008-03-25,23.000000,21.556999,22.497999,20.470535
2008-03-26,22.745001,22.110001,22.285000,20.276728
2008-03-27,22.650000,22.004999,22.070000,20.081104
2008-03-28,22.263000,21.549999,21.760000,19.799047
2008-03-31,22.299000,21.476999,22.299000,20.289476
2008-04-01,23.375000,22.450001,22.959999,20.890900
2008-04-02,23.000000,22.334000,22.375000,20.358627
2008-04-03,23.125000,22.200001,23.125000,21.041039
2008-04-04,23.285000,22.528000,22.657000,20.615213
2008-04-07,23.282000,22.524000,22.625000,20.599731
2008-04-08,23.280001,22.528000,23.146999,21.074999
2008-04-09,23.618999,22.681000,22.875000,20.827354
2008-04-10,23.237000,22.603001,22.892000,20.842829
2008-04-11,23.098000,22.535000,22.860001,20.813696
2008-04-14,23.000000,22.205000,22.709999,20.677124
2008-04-15,22.950001,21.985001,22.468000,20.456791
2008-04-16,23.186001,22.313000,23.047001,20.983948
2008-04-17,23.179001,22.745001,23.049999,20.986681
2008-04-18,23.922001,23.200001,23.371000,21.278948
2008-04-21,23.844000,23.101999,23.600000,21.487455
2008-04-22,23.898001,23.398001,23.462000,21.361807
2008-04-23,23.726000,23.150000,23.393999,21.299894
2008-04-24,24.125999,23.150999,23.955000,21.810678
2008-04-25,24.525000,23.676001,23.739000,21.614017
2008-04-28,24.250000,23.556999,24.250000,22.079264
2008-04-29,27.872000,25.799999,27.398001,24.945478
2008-04-30,28.296000,27.500000,27.816000,25.326056
2008-05-01,29.764999,27.662001,29.393999,26.762806
2008-05-02,29.840000,28.184999,28.504000,25.952469
2008-05-05,29.400000,28.202000,29.080000,26.476912
2008-05-06,30.143000,28.905001,29.601999,26.952185
2008-05-07,30.094000,29.101000,29.101000,26.496031
2008-05-08,29.405001,28.700001,29.341000,26.714554
2008-05-09,29.541000,28.535000,28.684999,26.117268
2008-05-12,29.298000,28.230000,29.025999,26.427744
2008-05-13,29.270000,28.660999,28.879999,26.294809
2008-05-14,29.520000,28.549999,28.646000,26.081764
2008-05-15,28.868000,28.424999,28.677000,26.109976
2008-05-16,28.879999,28.059999,28.340000,25.803152
2008-05-19,28.591000,27.801001,28.000000,25.493584
2008-05-20,27.914000,27.320999,27.764999,25.279621
2008-05-21,28.605000,27.618999,27.865000,25.370682
2008-05-22,28.250000,27.226000,27.590000,25.120291
2008-05-23,27.549999,27.045000,27.322001,24.876280
2008-05-27,27.941000,27.283001,27.875999,25.380697
2008-05-28,28.688999,27.830999,28.688999,26.120909
2008-05-29,31.695999,29.452000,30.900000,28.133999
2008-05-30,32.029999,30.459999,30.865000,28.102125
2008-06-02,32.000000,30.257000,32.000000,29.135529
2008-06-03,31.399000,30.235001,30.740000,27.988329
2008-06-04,30.959999,29.454000,29.740000,27.077833
2008-06-05,30.615999,29.544001,30.615999,27.875418
2008-06-06,30.242001,29.481001,29.573000,26.925783
2008-06-09,29.886000,27.641001,29.139999,26.531544
2008-06-10,29.541000,28.337000,28.605000,26.044436
2008-06-11,28.802000,27.716000,27.921000,25.421667
2008-06-12,28.968000,28.187000,28.440001,25.894207
2008-06-13,29.372999,28.620001,29.246000,26.628052
2008-06-16,29.900000,28.900000,29.447001,26.811066
2008-06-17,29.983999,29.033001,29.221001,26.605293
2008-06-18,29.481001,28.544001,29.309000,26.685417
2008-06-19,29.780001,28.858000,29.260000,26.640802
2008-06-20,29.447001,28.301001,28.400999,25.858692
2008-06-23,28.922001,28.000000,28.252001,25.723026
2008-06-24,28.375000,27.520000,28.037001,25.527283
2008-06-25,29.516001,28.750000,28.979000,26.384956
2008-06-26,28.594000,26.801001,27.573000,25.104818
2008-06-27,27.797001,26.704000,27.172001,24.739702
2008-06-30,27.650000,26.540001,26.552000,24.175215
2008-07-01,27.077999,25.850000,26.334999,23.977619
2008-07-02,26.938000,25.100000,25.549000,23.261982
2008-07-03,25.980000,25.049999,25.374001,23.102655
2008-07-07,25.910999,24.334000,24.610001,22.407043
2008-07-08,26.499001,23.742001,26.424999,24.059576
2008-07-09,26.490000,24.965000,25.125000,22.888941
2008-07-10,25.801001,24.503000,25.320000,23.066584
2008-07-11,26.098000,25.325001,25.735001,23.444645
2008-07-14,26.337000,25.323000,25.750000,23.458317
2008-07-15,25.900000,24.270000,25.037001,22.808771
2008-07-16,27.120001,25.082001,27.120001,24.706392
2008-07-17,29.096001,27.299999,28.600000,26.054674
2008-07-18,28.816000,27.900000,28.086000,25.586412
2008-07-21,28.465000,26.673000,26.790001,24.405750
2008-07-22,27.487000,25.452999,27.385000,24.947803
2008-07-23,27.652000,26.811001,27.100000,24.688160
2008-07-24,27.384001,25.700001,25.848000,23.547598
2008-07-25,26.542999,25.500000,26.355000,24.009470
2008-07-28,26.947001,25.260000,25.370001,23.112125
2008-07-29,26.353001,25.503000,26.209999,23.877380
2008-07-30,27.200001,26.115000,27.073000,24.663567
2008-07-31,25.618000,23.747999,24.415001,22.242125
2008-08-01,24.264999,22.549000,23.726999,21.615355
2008-08-04,24.000000,22.912001,23.091999,21.036863
2008-08-05,23.711000,23.049999,23.711000,21.600782
2008-08-06,23.584999,22.702000,23.200001,21.135256
2008-08-07,22.938000,22.500000,22.500000,20.497545
2008-08-08,23.510000,22.100000,23.212999,21.147104
2008-08-11,24.035000,23.201000,23.514999,21.422216
2008-08-12,23.431999,22.878000,23.091999,21.036863
2008-08-13,23.715000,22.791000,23.350000,21.271908
2008-08-14,23.764999,23.100000,23.587999,21.488718
2008-08-15,24.000000,23.580000,23.895000,21.768402
2008-08-18,24.490000,23.639999,23.791000,21.673660
2008-08-19,24.291000,23.320000,23.857000,21.733786
2008-08-20,24.399000,23.856001,24.332001,22.166513
2008-08-21,24.273001,23.760000,24.125999,21.978836
2008-08-22,24.469000,24.025000,24.164000,22.013462
2008-08-25,24.284000,23.420000,23.420000,21.335674
2008-08-26,23.763000,23.157000,23.674999,21.567984
2008-08-27,23.726000,23.232000,23.697001,21.588022
2008-08-28,24.247999,23.657000,24.247999,22.089989
2008-08-29,24.340000,23.962999,24.254999,22.096359
2008-09-02,24.799999,23.663000,23.920000,21.791182
2008-09-03,24.002001,22.385000,22.962999,20.919344
2008-09-04,22.704000,21.469999,21.603001,19.680384
2008-09-05,22.169001,20.792999,22.143999,20.173244
2008-09-08,23.100000,21.139999,21.941000,19.988298
2008-09-09,22.230000,20.643000,20.670000,18.830420
2008-09-10,21.650000,20.570000,21.332001,19.433502
2008-09-11,22.580000,20.520000,22.559999,20.552210
2008-09-12,22.580999,21.905001,22.382000,20.390059
2008-09-15,21.778999,21.007999,21.177000,19.292297
2008-09-16,21.808001,20.191999,21.481001,19.569244
2008-09-17,21.299999,18.875000,19.600000,17.855635
2008-09-18,21.413000,18.207001,20.853001,18.997137
2008-09-19,23.900000,21.500000,22.518000,20.513954
2008-09-22,22.525000,20.238001,20.238001,18.436867
2008-09-23,20.785000,19.700001,19.799999,18.037849
2008-09-24,20.275999,19.306999,19.434999,17.705326
2008-09-25,19.799999,18.851000,19.035999,17.341841
2008-09-26,18.600000,17.827999,18.507000,16.859924
2008-09-29,18.125000,15.060000,16.802999,15.307569
2008-09-30,18.184000,16.780001,17.733000,16.154806
2008-10-01,17.723000,16.334000,17.134001,15.609112
2008-10-02,16.979000,15.759000,16.013000,14.587883
2008-10-03,17.184000,16.020000,16.020000,14.594260
2008-10-06,17.090000,14.800000,16.740999,15.251088
2008-10-07,17.149000,15.528000,15.870000,14.457611
2008-10-08,17.433001,14.985000,16.354000,14.912628
2008-10-09,17.212999,15.498000,15.570000,14.197727
2008-10-10,16.153000,14.000000,15.171000,13.833888
2008-10-13,17.799999,15.665000,17.360001,15.829962
2008-10-14,18.430000,16.524000,17.407000,15.872818
2008-10-15,17.176001,15.000000,15.355000,14.001678
2008-10-16,15.800000,14.372000,15.668000,14.287093
2008-10-17,16.725000,14.950000,15.675000,14.293471
2008-10-20,16.179001,14.750000,15.014000,13.690731
2008-10-21,15.685000,14.547000,14.978000,13.657903
2008-10-22,14.987000,13.496000,14.093000,12.850904
2008-10-23,14.380000,13.056000,13.600000,12.401355
2008-10-24,13.846000,12.002000,13.062000,11.910770
2008-10-27,13.466000,12.600000,12.635000,11.521406
2008-10-28,13.700000,12.350000,13.601000,12.402267
2008-10-29,14.431000,13.246000,13.573000,12.376735
2008-10-30,14.326000,13.698000,14.006000,12.771573
2008-10-31,14.871000,13.854000,14.782000,13.479179
2008-11-03,14.949000,14.213000,14.389000,13.120816
2008-11-04,17.197001,15.561000,17.024000,15.523582
2008-11-05,16.900000,15.420000,15.587000,14.213227
2008-11-06,15.567000,13.855000,14.330000,13.067016
2008-11-07,15.171000,14.200000,14.773000,13.470975
2008-11-10,15.360000,14.033000,14.285000,13.025981
2008-11-11,14.769000,13.739000,14.150000,12.902878
2008-11-12,14.581000,13.647000,13.647000,12.444213
2008-11-13,14.879000,12.809000,14.699000,13.403495
2008-11-14,15.120000,14.158000,14.368000,13.101665
2008-11-17,14.556000,13.500000,13.574000,12.377644
2008-11-18,14.270000,13.493000,14.140000,12.893761
2008-11-19,14.526000,12.894000,12.954000,11.812287
2008-11-20,13.039000,12.033000,12.109000,11.041759
2008-11-21,12.736000,11.305000,12.654000,11.538727
2008-11-24,13.534000,12.230000,13.147000,11.988279
2008-11-25,13.987000,13.035000,13.906000,12.680384
2008-11-26,14.731000,13.572000,14.556000,13.273098
2008-11-28,14.880000,14.262000,14.530000,13.249388
2008-12-01,14.159000,13.007000,13.099000,11.944509
2008-12-02,13.519000,12.807000,13.397000,12.216241
2008-12-03,13.856000,12.902000,13.794000,12.578255
2008-12-04,14.059000,13.184000,13.327000,12.152418
2008-12-05,14.034000,12.766000,14.012000,12.777044
2008-12-08,15.150000,14.110000,14.730000,13.431758
2008-12-09,15.040000,14.228000,14.321000,13.058811
2008-12-10,14.517000,13.817000,14.500000,13.222033
2008-12-11,14.625000,13.770000,13.836000,12.616554
2008-12-12,13.967000,13.210000,13.881000,12.657587
2008-12-15,14.140000,13.500000,13.929000,12.701351
2008-12-16,14.825000,14.035000,14.810000,13.504707
2008-12-17,15.184000,14.610000,14.868000,13.557602
2008-12-18,15.800000,14.851000,14.881000,13.569453
2008-12-19,15.349000,14.697000,15.234000,13.891337
2008-12-22,15.298000,14.241000,14.520000,13.240273
2008-12-23,14.499000,14.014000,14.162000,12.913822
2008-12-24,14.299000,14.001000,14.223000,12.969445
2008-12-26,14.277000,13.921000,14.093000,12.850904
2008-12-29,14.183000,13.601000,13.934000,12.705914
2008-12-30,13.990000,13.508000,13.909000,12.683119
2008-12-31,14.491000,13.754000,14.293000,13.033276
2009-01-02,15.070000,14.273000,14.978000,13.657903
2009-01-05,15.684000,14.903000,15.326000,13.975233
2009-01-06,16.500000,15.529000,16.202000,14.774024
2009-01-07,16.061001,14.911000,15.207000,13.879574
2009-01-08,15.296000,14.836000,15.278000,13.944376
2009-01-09,15.365000,14.729000,15.004000,13.694287
2009-01-12,15.162000,14.589000,14.804000,13.511748
2009-01-13,15.131000,14.550000,15.044000,13.730798
2009-01-14,14.850000,13.907000,14.530000,13.261668
2009-01-15,14.475000,12.856000,13.030000,11.892602
2009-01-16,13.100000,12.016000,12.822000,11.702761
2009-01-20,12.740000,11.706000,11.918000,10.877670
2009-01-21,13.238000,12.100000,13.210000,12.056887
2009-01-22,13.150000,12.543000,12.885000,11.760258
2009-01-23,12.755000,12.014000,12.545000,11.449937
2009-01-26,12.867000,12.156000,12.312000,11.237275
2009-01-27,12.949000,12.546000,12.676000,11.569501
2009-01-28,13.505000,13.133000,13.366000,12.199275
2009-01-29,13.213000,12.850000,12.909000,11.782162
2009-01-30,13.955000,13.213000,13.578000,12.392766
2009-02-02,13.857000,13.027000,13.698000,12.502289
2009-02-03,14.166000,13.660000,13.970000,12.750549
2009-02-04,14.348000,13.900000,14.015000,12.791622
2009-02-05,16.039000,14.573000,15.984000,14.588747
2009-02-06,16.462999,15.657000,16.250000,14.831522
2009-02-09,16.326000,15.750000,16.202000,14.787720
2009-02-10,16.577000,15.715000,15.797000,14.418069
2009-02-11,16.400000,15.673000,16.398001,14.966607
2009-02-12,16.215000,15.515000,16.180000,14.767635
2009-02-13,16.888000,16.186001,16.190001,14.776764
2009-02-17,15.946000,15.266000,15.509000,14.155206
2009-02-18,16.049999,15.370000,15.904000,14.515725
2009-02-19,16.200001,15.423000,15.455000,14.105925
2009-02-20,15.938000,15.043000,15.801000,14.421718
2009-02-23,16.240999,15.122000,15.258000,13.926121
2009-02-24,16.174999,15.143000,16.127001,14.719262
2009-02-25,16.596001,15.743000,16.257000,14.837914
2009-02-26,16.450001,15.500000,15.570000,14.210887
2009-02-27,16.253000,15.176000,15.803000,14.423550
2009-03-02,15.870000,14.910000,15.063000,13.748141
2009-03-03,15.497000,14.779000,15.101000,13.782823
2009-03-04,15.580000,14.640000,15.048000,13.734450
2009-03-05,15.414000,14.518000,14.692000,13.409526
2009-03-06,14.829000,13.916000,14.244000,13.000633
2009-03-09,14.600000,13.956000,14.244000,13.000633
2009-03-10,14.904000,14.351000,14.848000,13.551908
2009-03-11,15.023000,14.282000,14.784000,13.493496
2009-03-12,15.796000,14.543000,15.707000,14.335923
2009-03-13,16.023001,15.450000,15.831000,14.449100
2009-03-16,16.181999,15.332000,15.369000,14.027433
2009-03-17,16.247000,15.251000,16.238001,14.820572
2009-03-18,16.117001,15.759000,15.975000,14.580531
2009-03-19,16.528000,15.329000,15.410000,14.064849
2009-03-20,15.699000,15.284000,15.553000,14.195371
2009-03-23,16.294001,15.571000,16.289000,14.867123
2009-03-24,16.759001,15.911000,16.288000,14.866211
2009-03-25,16.500000,15.981000,16.452999,15.016808
2009-03-26,17.141001,16.493000,16.988001,15.505102
2009-03-27,16.988001,16.457001,16.747000,15.285147
2009-03-30,16.719000,16.207001,16.305000,14.881729
2009-03-31,16.836000,16.305000,16.747999,15.286053
2009-04-01,16.375000,15.715000,16.007999,14.610647
2009-04-02,16.756001,16.211000,16.566000,15.119940
2009-04-03,17.405001,16.400000,17.405001,15.885710
2009-04-06,17.745001,16.827000,17.153000,15.655704
2009-04-07,17.098000,16.576000,16.576000,15.129070
2009-04-08,16.795000,16.379999,16.733000,15.286196
2009-04-09,17.261000,16.778999,17.246000,15.754836
2009-04-13,17.662001,16.896000,17.606001,16.083721
2009-04-14,17.500000,16.600000,16.610001,15.173836
2009-04-15,16.719999,16.098000,16.546000,15.115368
2009-04-16,16.337000,15.790000,16.170000,14.771877
2009-04-17,16.497999,15.766000,16.306000,14.896122
2009-04-20,16.167000,15.185000,15.185000,13.872042
2009-04-21,16.437000,14.934000,16.437000,15.015788
2009-04-22,16.500000,15.956000,16.077000,14.686920
2009-04-23,16.537001,15.880000,16.525000,15.096179
2009-04-24,17.309999,16.462000,17.309000,15.812395
2009-04-27,17.200001,16.535999,16.555000,15.123589
2009-04-28,17.076000,16.270000,16.754000,15.305384
2009-04-29,17.820999,16.816999,17.820999,16.280127
2009-04-30,18.877001,18.035000,18.344999,16.758818
2009-05-01,17.600000,16.364000,17.290001,15.795029
2009-05-04,17.922001,17.167000,17.899000,16.351377
2009-05-05,18.341000,17.546000,18.341000,16.755163
2009-05-06,18.535999,17.987000,18.343000,16.756992
2009-05-07,18.674999,18.025000,18.077999,16.514900
2009-05-08,18.507999,18.134001,18.507999,16.907717
2009-05-11,18.469000,17.924999,18.098000,16.533169
2009-05-12,18.295000,17.716000,17.820000,16.279209
2009-05-13,17.625999,17.049999,17.076000,15.599545
2009-05-14,17.382999,16.922001,17.334999,15.836147
2009-05-15,17.392000,17.004999,17.313000,15.816049
2009-05-18,17.500000,17.125999,17.340000,15.840716
2009-05-19,17.233999,16.645000,16.673000,15.231388
2009-05-20,17.649000,16.816000,16.962999,15.496314
2009-05-21,17.282000,16.799999,17.169001,15.684497
2009-05-22,17.169001,16.739000,16.836000,15.380292
2009-05-26,17.007000,16.527000,16.861000,15.403129
2009-05-27,17.212000,16.666000,16.738001,15.290764
2009-05-28,17.253000,16.801001,17.211000,15.722870
2009-05-29,17.632999,17.011000,17.632999,16.108385
2009-06-01,17.900000,17.171000,17.372999,15.870865
2009-06-02,17.410000,16.820000,16.839001,15.383034
2009-06-03,16.864000,16.225000,16.750999,15.302638
2009-06-04,17.186001,16.525999,16.840000,15.383946
2009-06-05,17.129000,16.613001,16.768000,15.318173
2009-06-08,16.827000,16.455000,16.597000,15.161956
2009-06-09,16.983000,16.440001,16.818001,15.363851
2009-06-10,17.587999,16.927999,17.360001,15.858977
2009-06-11,17.535000,16.913000,16.995001,15.525546
2009-06-12,16.995001,16.580000,16.705999,15.261532
2009-06-15,16.839001,16.406000,16.646999,15.207637
2009-06-16,16.823000,16.264000,16.356001,14.941793
2009-06-17,16.688000,16.285999,16.426001,15.005739
2009-06-18,16.516001,16.211000,16.339001,14.926268
2009-06-19,16.367001,16.017000,16.135000,14.739905
2009-06-22,16.320999,15.678000,15.678000,14.322420
2009-06-23,16.084999,15.551000,16.013000,14.628452
2009-06-24,16.259001,15.975000,16.106001,14.713409
2009-06-25,16.622999,15.918000,16.427999,15.007573
2009-06-26,16.891001,16.332001,16.891001,15.430543
2009-06-29,16.948999,16.551001,16.815001,15.361110
2009-06-30,16.900000,16.552000,16.731001,15.284375
2009-07-01,16.924999,16.540001,16.584000,15.150075
2009-07-02,16.813999,16.253000,16.628000,15.190272
2009-07-06,16.737000,16.497000,16.681000,15.238689
2009-07-07,16.719999,16.080000,16.100000,14.707929
2009-07-08,16.438000,15.994000,16.070000,14.694213
2009-07-09,16.294001,15.938000,16.280001,14.886235
2009-07-10,16.240000,15.857000,16.056000,14.681416
2009-07-13,16.552000,16.049000,16.552000,15.134944
2009-07-14,16.622000,16.348000,16.593000,15.172440
2009-07-15,17.268999,16.670000,17.237000,15.761298
2009-07-16,18.076000,17.148001,17.827000,16.300793
2009-07-17,18.125000,17.829000,17.983999,16.444347
2009-07-20,18.542000,18.010000,18.142000,16.588825
2009-07-21,18.299999,17.941999,18.094000,16.544941
2009-07-22,18.254999,17.799999,18.148001,16.594303
2009-07-23,18.657000,18.086000,18.587000,16.995726
2009-07-24,18.910000,18.386999,18.547001,16.959154
2009-07-27,19.299999,18.735001,18.913000,17.293814
2009-07-28,18.893999,18.556999,18.694000,17.093561
2009-07-29,18.867001,18.438000,18.855000,17.240788
2009-07-30,20.927000,19.388000,19.410999,17.749178
2009-07-31,19.788000,19.246000,19.403000,17.741871
2009-08-03,20.086000,19.551001,20.066000,18.348106
2009-08-04,20.311001,19.750999,20.309999,18.571213
2009-08-05,20.400000,20.000000,20.298000,18.560251
2009-08-06,20.441000,20.059999,20.148001,18.423092
2009-08-07,20.600000,20.306999,20.434000,18.684601
2009-08-10,20.490000,20.101000,20.233999,18.501720
2009-08-11,20.445000,20.145000,20.268999,18.533726
2009-08-12,20.548000,20.030001,20.431999,18.682764
2009-08-13,20.694000,20.348000,20.396999,18.650772
2009-08-14,20.622999,20.156000,20.261000,18.526415
2009-08-17,19.990999,19.594000,19.594000,17.916513
2009-08-18,19.917000,19.684999,19.816999,18.120424
2009-08-19,19.822001,19.535000,19.730000,18.040869
2009-08-20,20.319000,19.627001,20.302000,18.563902
2009-08-21,20.806999,20.224001,20.725000,18.950691
2009-08-24,20.978001,20.316000,20.423000,18.674549
2009-08-25,21.110001,20.628000,20.893000,19.104307
2009-08-26,20.815001,20.420000,20.669001,18.899479
2009-08-27,20.688999,20.299999,20.660000,18.891253
2009-08-28,20.815001,20.330999,20.357000,18.614191
2009-08-31,20.322001,19.959999,20.263000,18.528236
2009-09-01,20.718000,20.066999,20.066999,18.349022
2009-09-02,20.253000,19.905001,20.045000,18.328901
2009-09-03,20.481001,20.114000,20.340000,18.598644
2009-09-04,20.690001,20.305000,20.605000,18.840960
2009-09-08,20.931000,20.600000,20.745001,18.968969
2009-09-09,21.169001,20.725000,21.031000,19.230495
2009-09-10,21.211000,20.926001,21.160000,19.348446
2009-09-11,21.288000,20.841000,20.881001,19.093336
2009-09-14,20.848000,20.632000,20.799000,19.018360
2009-09-15,21.563999,20.837999,21.403000,19.570642
2009-09-16,22.136000,21.410000,21.976000,20.094589
2009-09-17,22.152000,21.830000,22.020000,20.134825
2009-09-18,22.357000,21.754999,22.357000,20.442974
2009-09-21,22.583000,22.172001,22.261999,20.356100
2009-09-22,22.500000,22.188999,22.458000,20.535326
2009-09-23,22.582001,21.915001,21.938999,20.060759
2009-09-24,21.974001,21.417999,21.493999,19.653852
2009-09-25,21.434999,20.406000,20.469999,18.717518
2009-09-28,20.958000,20.423000,20.813999,19.032072
2009-09-29,21.287001,20.584999,20.674000,18.904053
2009-09-30,20.858999,20.110001,20.215000,18.484348
2009-10-01,20.393000,19.916000,19.941000,18.233814
2009-10-02,20.000000,19.695000,19.969000,18.259411
2009-10-05,20.170000,19.785000,20.052999,18.336222
2009-10-06,20.385000,19.990999,20.075001,18.356340
2009-10-07,21.150000,20.082001,21.090000,19.298864
2009-10-08,21.545000,21.000000,21.096001,19.304352
2009-10-09,21.483000,21.024000,21.441999,19.620962
2009-10-12,22.000000,21.429001,21.600000,19.765558
2009-10-13,21.827000,21.414000,21.736000,19.889996
2009-10-14,22.195000,21.653000,21.948000,20.083996
2009-10-15,22.723000,21.691999,22.535999,20.622051
2009-10-16,22.591000,22.180000,22.386999,20.485710
2009-10-19,22.610001,22.187000,22.559999,20.644022
2009-10-20,22.716999,22.306999,22.500000,20.589106
2009-10-21,23.216000,22.334000,22.566999,20.650421
2009-10-22,22.948000,22.351000,22.927999,20.980761
2009-10-23,23.225000,22.737000,22.996000,21.042994
2009-10-26,23.139000,22.075001,22.075001,20.200205
2009-10-27,22.319000,21.917999,22.055000,20.181904
2009-10-28,22.889999,21.952999,22.049999,20.177328
2009-10-29,22.879999,22.267000,22.792000,20.856321
2009-10-30,22.639999,21.799999,21.902000,20.041897
2009-11-02,22.556000,21.851000,22.264999,20.374071
2009-11-03,22.615000,20.957001,21.920000,20.058372
2009-11-04,22.879000,22.011000,22.497999,20.587276
2009-11-05,23.025999,22.454000,23.025000,21.069521
2009-11-06,23.718000,22.728001,23.690001,21.678049
2009-11-09,24.292999,23.500000,24.219000,22.162119
2009-11-10,24.150000,23.746000,23.867001,21.840019
2009-11-11,24.283001,23.641001,23.790001,21.769558
2009-11-12,24.165001,23.562000,23.688999,21.677128
2009-11-13,23.850000,23.264000,23.472000,21.478558
2009-11-16,23.674999,22.892000,23.080000,21.119852
2009-11-17,23.145000,22.914000,23.100000,21.138153
2009-11-18,23.193001,22.591000,22.728001,20.797752
2009-11-19,23.596001,22.287001,23.009001,21.054880
2009-11-20,23.174000,22.844000,23.115999,21.152796
2009-11-23,23.629000,23.278999,23.618999,21.613081
2009-11-24,23.813000,23.402000,23.764999,21.746677
2009-11-25,24.058001,23.761999,23.983999,21.947079
2009-11-27,23.840000,23.450001,23.559000,21.558174
2009-11-30,24.086000,23.608000,24.086000,22.040422
2009-12-01,24.396999,24.086000,24.299000,22.235332
2009-12-02,24.688999,24.191000,24.242001,22.183167
2009-12-03,24.476000,23.541000,23.615999,21.610329
2009-12-04,24.316000,23.551001,24.132999,22.083420
2009-12-07,24.249001,23.754999,23.893999,21.864719
2009-12-08,23.972000,23.669001,23.861000,21.834520
2009-12-09,24.326000,23.745001,24.294001,22.230747
2009-12-10,24.547001,24.197001,24.412001,22.338724
2009-12-11,24.600000,24.360001,24.393999,22.322254
2009-12-14,24.775999,24.239000,24.747999,22.646185
2009-12-15,24.964001,24.472000,24.555000,22.469589
2009-12-16,24.768000,24.500999,24.639999,22.547367
2009-12-17,24.889999,24.500000,24.775000,22.670897
2009-12-18,25.572001,24.886000,25.483999,23.319685
2009-12-21,25.650000,25.371000,25.535999,23.367277
2009-12-22,25.815001,25.499001,25.562000,23.391056
2009-12-23,25.760000,25.382999,25.532000,23.363611
2009-12-24,25.690001,25.450001,25.542000,23.372759
2009-12-28,25.745001,25.299999,25.698000,23.515509
2009-12-29,25.900000,25.705999,25.836000,23.641792
2009-12-30,25.871000,25.680000,25.798000,23.607018
2009-12-31,25.863001,25.480000,25.598000,23.424004
2010-01-04,25.820000,25.607000,25.684000,23.502701
2010-01-05,25.796000,25.305000,25.608000,23.433159
2010-01-06,25.624001,25.250000,25.556000,23.399281
2010-01-07,25.406000,25.098000,25.389000,23.246370
2010-01-08,25.492001,25.170000,25.398001,23.254610
2010-01-11,25.535999,24.788000,24.980000,22.871885
2010-01-12,25.294001,24.856001,24.966000,22.859072
2010-01-13,25.624001,24.966000,25.615000,23.453304
2010-01-14,26.184000,25.450001,26.048000,23.849754
2010-01-15,26.587999,26.055000,26.264999,24.048445
2010-01-19,26.988001,26.170000,26.475000,24.240723
2010-01-20,26.615000,26.219999,26.339001,24.116194
2010-01-21,26.700001,25.611000,25.851000,23.669382
2010-01-22,26.099001,25.108000,25.181000,23.055922
2010-01-25,25.423000,24.849001,25.245001,23.114519
2010-01-26,25.313000,24.805000,24.861000,22.762926
2010-01-27,25.643000,24.834999,25.632999,23.469776
2010-01-28,25.795000,24.583000,24.945000,22.839838
2010-01-29,25.514000,24.909000,24.990000,22.881046
2010-02-01,25.650999,25.108999,25.341999,23.203327
2010-02-02,25.629999,25.181000,25.256001,23.124601
2010-02-03,25.400000,24.705999,24.757999,22.668623
2010-02-04,23.552999,22.089001,22.211000,20.336565
2010-02-05,22.540001,21.715000,22.073999,20.211134
2010-02-08,22.846001,22.017000,22.639999,20.729370
2010-02-09,22.865000,22.299999,22.344999,20.459257
2010-02-10,22.785999,22.170000,22.690001,20.775143
2010-02-11,22.929001,22.482000,22.900000,20.967430
2010-02-12,22.775000,22.465000,22.548000,20.645128
2010-02-16,22.816999,22.450001,22.530001,20.628641
2010-02-17,22.605000,22.343000,22.483000,20.585613
2010-02-18,22.430000,22.160999,22.200001,20.326496
2010-02-19,22.389000,21.959999,22.263000,20.384186
2010-02-22,22.695000,22.284000,22.424000,20.531597
2010-02-23,22.368999,21.937000,22.202000,20.328327
2010-02-24,22.311001,21.900000,22.174999,20.303602
2010-02-25,22.315001,21.643000,22.149000,20.279800
2010-02-26,22.514000,22.106001,22.437000,20.543495
2010-03-01,23.285999,22.538000,23.274000,21.309864
2010-03-02,23.353001,22.907000,23.181000,21.224714
2010-03-03,23.448999,23.100000,23.215000,21.255836
2010-03-04,23.346001,22.982000,23.299999,21.333664
2010-03-05,23.980000,23.271000,23.954000,21.932470
2010-03-08,24.708000,23.839001,24.561001,22.488249
2010-03-09,25.188999,24.466000,24.648001,22.567909
2010-03-10,25.049999,24.608000,24.959999,22.853567
2010-03-11,25.049999,24.614000,25.018999,22.907593
2010-03-12,25.177000,24.853001,24.997000,22.887459
2010-03-15,25.098000,24.594999,25.007999,22.897524
2010-03-16,25.129999,24.691999,24.934000,22.829771
2010-03-17,25.100000,24.680000,24.865000,22.766588
2010-03-18,24.882999,24.462000,24.629999,22.551428
2010-03-19,24.808001,24.254999,24.436001,22.373795
2010-03-22,24.823999,24.225000,24.708000,22.622843
2010-03-23,25.065001,24.438000,24.559000,22.486416
2010-03-24,24.688000,24.395000,24.468000,22.403097
2010-03-25,25.028999,24.608999,24.608999,22.532196
2010-03-26,24.875000,24.507000,24.624001,22.545929
2010-03-29,24.924000,24.660999,24.801001,22.707991
2010-03-30,25.382999,24.920000,25.240999,23.110857
2010-03-31,25.427999,25.142000,25.400000,23.256435
2010-04-01,25.589001,25.205999,25.393999,23.250950
2010-04-05,25.627001,25.287001,25.558001,23.401110
2010-04-06,26.100000,25.480000,25.875000,23.691353
2010-04-07,25.955000,25.490999,25.566000,23.422010
2010-04-08,25.730000,25.406000,25.688000,23.533773
2010-04-09,25.999001,25.681999,25.888000,23.717005
2010-04-12,26.100000,25.827999,25.957001,23.780218
2010-04-13,26.054001,25.721001,25.850000,23.682192
2010-04-14,26.423000,25.801001,26.313000,24.106361
2010-04-15,26.466000,26.225000,26.263000,24.060560
2010-04-16,26.372000,25.826000,25.950001,23.773811
2010-04-19,26.153000,25.472000,25.730000,23.572260
2010-04-20,26.288000,25.716999,26.139000,23.946960
2010-04-21,26.334999,25.878000,26.059000,23.873659
2010-04-22,26.252001,25.201000,26.160000,23.966196
2010-04-23,26.757999,26.200001,26.722000,24.481077
2010-04-26,26.922001,26.568001,26.577999,24.349144
2010-04-27,26.579000,25.483999,25.485001,23.347815
2010-04-28,25.730000,25.058001,25.299999,23.178322
2010-04-29,25.844000,25.179001,25.538000,23.396358
2010-04-30,25.740000,24.599001,24.804001,22.723921
2010-05-03,25.139000,24.454000,25.073999,22.971270
2010-05-04,25.743999,24.830999,25.125000,23.017996
2010-05-05,24.899000,23.601000,23.794001,21.798620
2010-05-06,23.799000,21.100000,23.030001,21.098684
2010-05-07,23.398001,22.204000,22.309000,20.438139
2010-05-10,23.612000,22.833000,23.031000,21.099602
2010-05-11,22.749001,22.124001,22.323999,20.451891
2010-05-12,23.622000,22.459000,23.261999,21.311226
2010-05-13,23.992001,23.056000,23.231001,21.282829
2010-05-14,22.002001,20.907000,21.245001,19.463379
2010-05-17,21.667000,20.819000,21.080999,19.313126
2010-05-18,21.462000,19.558001,20.281000,18.580221
2010-05-19,21.325001,19.605000,20.245001,18.547235
2010-05-20,20.999001,19.666000,20.549999,18.826662
2010-05-21,21.733999,20.218000,21.385000,19.591637
2010-05-24,21.649000,20.983999,20.983999,19.224264
2010-05-25,20.865999,20.381001,20.687000,18.952171
2010-05-26,21.295000,20.500000,20.500000,18.780849
2010-05-27,21.128000,20.580000,20.780001,19.037367
2010-05-28,20.823999,20.115000,20.177000,18.484930
2010-06-01,20.370001,19.975000,20.039000,18.358509
2010-06-02,20.188999,19.962000,20.101999,18.416222
2010-06-03,20.363001,20.125000,20.200001,18.506002
2010-06-04,20.087000,19.650000,19.667000,18.017704
2010-06-07,20.549999,19.726999,20.007000,18.329193
2010-06-08,20.233000,19.535000,19.754000,18.097412
2010-06-09,20.062000,19.375999,19.546000,17.906849
2010-06-10,20.629999,19.799999,20.511999,18.791847
2010-06-11,20.544001,20.156000,20.488001,18.769854
2010-06-14,20.731001,20.311001,20.417000,18.704803
2010-06-15,20.974001,20.288000,20.957001,19.199528
2010-06-16,21.146999,20.627001,21.062000,19.295723
2010-06-17,21.716999,21.111000,21.400000,19.605375
2010-06-18,21.643999,21.239000,21.426001,19.629202
2010-06-21,23.048000,21.271999,22.334000,20.461050
2010-06-22,22.698000,22.058001,22.094000,20.241179
2010-06-23,22.226000,21.546000,21.985001,20.141317
2010-06-24,22.100000,21.336000,21.489000,19.686916
2010-06-25,21.839001,21.118000,21.839001,20.007565
2010-06-28,21.908001,21.113001,21.152000,19.378178
2010-06-29,21.000000,20.115000,20.299000,18.596703
2010-06-30,20.566000,19.943001,19.952999,18.279720
2010-07-01,20.447001,19.471001,20.270000,18.584110
2010-07-02,20.489000,20.070000,20.277000,18.590528
2010-07-06,20.600000,19.806000,20.003000,18.339319
2010-07-07,20.757000,20.056999,20.757000,19.030602
2010-07-08,21.000000,20.667000,20.966999,19.223139
2010-07-09,21.552000,20.855000,21.552000,19.759480
2010-07-12,21.584999,21.129999,21.367001,19.589876
2010-07-13,21.688000,21.080000,21.462999,19.677883
2010-07-14,21.599001,21.214001,21.316999,19.544029
2010-07-15,21.406000,20.863001,21.181000,19.419340
2010-07-16,20.681999,19.722000,19.722000,18.081690
2010-07-19,19.948000,19.407000,19.583000,17.954252
2010-07-20,20.538000,19.299999,20.530001,18.822489
2010-07-21,20.787001,20.129000,20.150000,18.474096
2010-07-22,20.930000,20.350000,20.840000,19.106709
2010-07-23,21.327000,20.768999,21.294001,19.522942
2010-07-26,21.705000,21.139999,21.283001,19.512861
2010-07-27,21.556000,21.239000,21.423000,19.641216
2010-07-28,21.490000,21.009001,21.009001,19.261648
2010-07-29,21.174000,20.450001,20.837000,19.103958
2010-07-30,21.041000,20.551001,21.004000,19.257067
2010-08-02,20.812000,20.118000,20.252001,18.567598
2010-08-03,20.459999,19.799999,20.091000,18.419998
2010-08-04,20.539000,20.000999,20.530001,18.822489
2010-08-05,20.539000,20.107000,20.163000,18.486004
2010-08-06,20.799999,20.000000,20.742001,19.016850
2010-08-09,21.507000,20.816000,21.489000,19.701727
2010-08-10,21.740999,21.170000,21.635000,19.835588
2010-08-11,21.466000,20.966000,20.966000,19.222225
2010-08-12,21.333000,20.700001,21.183001,19.421179
2010-08-13,21.299999,21.039000,21.063999,19.312071
2010-08-16,21.233999,20.802000,21.044001,19.293737
2010-08-17,21.499001,21.062000,21.403000,19.622875
2010-08-18,21.514000,21.219000,21.285999,19.515610
2010-08-19,21.396000,20.860001,20.889000,19.151625
2010-08-20,21.039000,20.481001,20.636999,18.920582
2010-08-23,20.854000,20.468000,20.518999,18.812401
2010-08-24,20.527000,20.219000,20.250999,18.566683
2010-08-25,20.766001,20.106001,20.611000,18.896744
2010-08-26,20.818001,20.287001,20.316999,18.627203
2010-08-27,20.662001,20.150000,20.662001,18.943502
2010-08-30,20.764999,20.232000,20.270000,18.584110
2010-08-31,20.242001,19.705999,19.836000,18.186205
2010-09-01,20.296000,19.950001,20.108000,18.435581
2010-09-02,20.473000,20.112000,20.473000,18.770229
2010-09-03,20.749001,20.547001,20.698000,18.976507
2010-09-07,20.593000,20.000999,20.052000,18.384239
2010-09-08,20.170000,19.431999,19.440001,17.823141
2010-09-09,19.708000,19.120001,19.198000,17.601269
2010-09-10,19.827999,19.246000,19.813999,18.166037
2010-09-13,19.670000,19.100000,19.302999,17.697535
2010-09-14,20.125000,19.323999,19.975000,18.313643
2010-09-15,21.302999,20.414000,21.018000,19.269905
2010-09-16,21.337999,20.825001,21.028999,19.279982
2010-09-17,21.434999,20.996000,21.367001,19.589876
2010-09-20,21.871000,21.152000,21.871000,20.051947
2010-09-21,21.944000,21.469000,21.698999,19.894258
2010-09-22,21.989000,21.412001,21.903000,20.081299
2010-09-23,22.318001,21.712000,21.943001,20.117954
2010-09-24,22.299999,21.959999,22.157000,20.314163
2010-09-27,22.450001,22.080999,22.237000,20.387514
2010-09-28,22.340000,22.035000,22.299999,20.445267
2010-09-29,22.412001,22.155001,22.263000,20.411354
2010-09-30,22.629999,22.275999,22.400000,20.536953
2010-10-01,22.600000,22.270000,22.478001,20.608475
2010-10-04,22.716000,21.900000,22.264000,20.412260
2010-10-05,22.799000,22.427000,22.590000,20.711145
2010-10-06,22.594999,22.174000,22.330000,20.472773
2010-10-07,22.500000,22.076000,22.086000,20.262684
2010-10-08,22.305000,21.930000,22.259001,20.421406
2010-10-11,22.423000,22.110001,22.285999,20.446171
2010-10-12,22.266001,22.000000,22.212999,20.379194
2010-10-13,23.141001,22.282000,23.089001,21.182882
2010-10-14,23.434999,22.926001,23.266001,21.345255
2010-10-15,23.563999,23.103001,23.370001,21.440681
2010-10-18,23.684000,23.422001,23.545000,21.601229
2010-10-19,24.056000,23.250000,23.705000,21.748022
2010-10-20,24.160000,23.483999,24.052000,22.066380
2010-10-21,24.625000,24.044001,24.319000,22.311342
2010-10-22,24.523001,24.110001,24.264000,22.260874
2010-10-25,24.850000,24.327999,24.514999,22.491150
2010-10-26,24.594999,24.268000,24.351999,22.341612
2010-10-27,24.622000,24.259001,24.576000,22.547121
2010-10-28,24.490999,23.742001,23.952000,21.974627
2010-10-29,24.349001,23.930000,24.006001,22.024181
2010-11-01,24.295000,23.823000,23.899000,21.926010
2010-11-02,24.829000,24.318001,24.598000,22.567303
2010-11-03,25.200001,24.650000,25.183001,23.104010
2010-11-04,25.497999,25.129999,25.489000,23.384748
2010-11-05,25.688999,25.365999,25.629000,23.513193
2010-11-08,25.587999,25.125000,25.275999,23.189325
2010-11-09,25.379999,25.066000,25.152000,23.075571
2010-11-10,25.400000,25.090000,25.357000,23.263641
2010-11-11,25.487000,25.141001,25.207001,23.126017
2010-11-12,25.100000,24.261000,24.316999,22.309502
2010-11-15,24.749001,23.973000,24.292999,22.287483
2010-11-16,24.070000,23.271999,23.306000,21.381962
2010-11-17,23.905001,23.291000,23.457001,21.520502
2010-11-18,24.360001,23.670000,24.249001,22.247122
2010-11-19,24.499001,24.174999,24.388000,22.374640
2010-11-22,24.416000,24.100000,24.341000,22.331518
2010-11-23,24.236000,23.548000,23.565001,21.619585
2010-11-24,24.086000,23.650000,23.778999,21.815912
2010-11-26,23.694000,23.299999,23.514999,21.573715
2010-11-29,23.606001,23.000999,23.556000,21.611322
2010-11-30,23.857000,23.301001,23.702999,21.746193
2010-12-01,25.000000,24.066000,24.819000,22.770063
2010-12-02,24.919001,24.528000,24.919001,22.861803
2010-12-03,24.938999,24.518000,24.908001,22.851711
2010-12-06,25.360001,24.725000,25.316000,23.226028
2010-12-07,25.566000,24.650999,24.677999,22.640696
2010-12-08,25.075001,24.618000,25.063999,22.994835
2010-12-09,25.414000,24.680000,25.122000,23.048040
2010-12-10,25.476000,25.033001,25.476000,23.372816
2010-12-13,26.072001,25.254999,25.934999,23.793926
2010-12-14,26.000000,25.370001,25.412001,23.314104
2010-12-15,25.600000,24.790001,24.922001,22.864550
2010-12-16,25.400999,21.830000,22.349001,20.503967
2010-12-17,22.521999,21.500000,22.125999,20.299389
2010-12-20,22.489000,22.101000,22.354000,20.508568
2010-12-21,22.600000,21.851000,21.978001,20.163601
2010-12-22,22.146999,21.542000,21.740000,19.945240
2010-12-23,21.847000,21.674000,21.830000,20.027819
2010-12-27,22.518000,21.754000,22.465000,20.610399
2010-12-28,22.674999,22.309000,22.452000,20.598461
2010-12-29,22.613001,22.370001,22.546000,20.684704
2010-12-30,22.600000,22.354000,22.372000,20.525074
2010-12-31,22.568001,22.305000,22.410999,20.560846
2011-01-03,22.648001,21.933001,22.084999,20.261753
2011-01-04,22.370001,22.087999,22.370001,20.523233
2011-01-05,23.183001,22.368999,23.028999,21.127829
2011-01-06,23.264999,22.809999,23.112000,21.217800
2011-01-07,23.348000,22.903999,23.108999,21.215046
2011-01-10,23.215000,22.910999,23.020000,21.133339
2011-01-11,23.200001,22.839001,22.940001,21.059898
2011-01-12,23.283001,22.973000,23.283001,21.374792
2011-01-13,23.351000,23.129000,23.351000,21.437206
2011-01-14,23.691000,23.330000,23.691000,21.749350
2011-01-18,23.898001,23.622000,23.763000,21.815451
2011-01-19,23.749001,23.525999,23.535999,21.607059
2011-01-20,23.884001,22.802999,23.510000,21.583181
2011-01-21,23.700001,23.332001,23.353001,21.439049
2011-01-24,23.980000,23.346001,23.900000,21.941212
2011-01-25,24.193001,23.518000,24.153999,22.174397
2011-01-26,24.360001,23.801001,24.018000,22.049553
2011-01-27,24.124001,23.797001,23.910999,21.951309
2011-01-28,24.052000,23.457001,23.487000,21.562071
2011-01-31,23.657000,23.274000,23.650999,21.712626
2011-02-01,24.188000,23.031000,23.815001,21.863184
2011-02-02,24.236000,23.816999,23.938999,21.977022
2011-02-03,24.797001,23.705000,24.539000,22.527840
2011-02-04,24.943001,24.400000,24.724001,22.697689
2011-02-07,25.136999,24.726999,24.997999,22.949223
2011-02-08,25.198999,24.836000,24.961000,22.915255
2011-02-09,25.160999,24.750000,24.850000,22.813364
2011-02-10,25.299999,24.747000,25.212999,23.146610
2011-02-11,25.483999,25.042999,25.349001,23.271454
2011-02-14,25.872999,25.254000,25.496000,23.406412
2011-02-15,25.656000,25.400999,25.610001,23.511068
2011-02-16,25.882999,25.378000,25.438000,23.353168
2011-02-17,25.400000,24.861000,25.181999,23.118155
2011-02-18,25.318001,24.966000,25.073999,23.018999
2011-02-22,25.052999,24.414000,24.738001,22.710537
2011-02-23,24.930000,24.409000,24.412001,22.411255
2011-02-24,24.655001,24.296000,24.417999,22.416767
2011-02-25,24.934000,24.500999,24.671000,22.649029
2011-02-28,24.785000,24.042000,24.056000,22.084431
2011-03-01,24.698999,24.035999,24.035999,22.066072
2011-03-02,24.695000,24.040001,24.618000,22.600386
2011-03-03,25.170000,24.672001,25.165001,23.102549
2011-03-04,25.177999,24.857000,24.975000,22.928122
2011-03-07,25.289000,24.645000,24.726999,22.700455
2011-03-08,25.156000,24.500000,24.900000,22.859264
2011-03-09,25.184999,24.742001,24.798000,22.765623
2011-03-10,24.747999,24.211000,24.356001,22.359846
2011-03-11,24.900000,24.202000,24.841999,22.806013
2011-03-14,24.959000,24.622999,24.884001,22.844570
2011-03-15,24.658001,24.187000,24.465000,22.459911
2011-03-16,24.843000,24.388000,24.430000,22.427778
2011-03-17,24.900000,24.229000,24.375999,22.378204
2011-03-18,24.625999,24.139999,24.167999,22.187256
2011-03-21,24.799999,24.333000,24.796000,22.763784
2011-03-22,24.930000,24.639000,24.676001,22.653614
2011-03-23,24.836000,24.573999,24.686001,22.662804
2011-03-24,25.309999,24.551001,25.231001,23.163132
2011-03-25,25.330000,24.736000,24.770000,22.739912
2011-03-28,25.427999,24.783001,25.237000,23.168640
2011-03-29,25.291000,24.941999,25.171000,23.108046
2011-03-30,26.238001,25.219999,25.365999,23.287062
2011-03-31,25.573999,25.113001,25.172001,23.108965
2011-04-01,25.513000,25.194000,25.355000,23.276970
2011-04-04,26.132999,25.486000,26.125000,23.983868
2011-04-05,26.458000,25.940001,26.292999,24.138086
2011-04-06,26.559000,26.191000,26.548000,24.386112
2011-04-07,26.599001,26.284000,26.517000,24.357628
2011-04-08,26.700001,26.299999,26.306000,24.163807
2011-04-11,26.745001,26.216000,26.660999,24.489902
2011-04-12,26.728001,26.055000,26.296000,24.154625
2011-04-13,26.996000,26.447001,26.976000,24.779255
2011-04-14,26.992001,26.702000,26.886999,24.697502
2011-04-15,26.947001,26.419001,26.757999,24.579004
2011-04-18,26.652000,26.348000,26.504999,24.346600
2011-04-19,26.886999,26.549000,26.705999,24.531240
2011-04-20,27.375000,26.854000,27.002001,24.803139
2011-04-21,27.334999,26.895000,27.327999,25.102591
2011-04-25,27.400000,27.069000,27.143000,24.932653
2011-04-26,27.809999,27.112000,27.636000,25.385508
2011-04-27,27.625000,27.160000,27.535999,25.293644
2011-04-28,27.584000,27.402000,27.469999,25.233021
2011-04-29,27.589001,27.344999,27.589001,25.342335
2011-05-02,28.000000,27.497999,27.528999,25.287220
2011-05-03,28.680000,28.025999,28.238001,25.938490
2011-05-04,28.313000,27.823000,28.239000,25.939404
2011-05-05,28.198000,27.306999,27.450001,25.214655
2011-05-06,27.770000,27.386999,27.424999,25.191690
2011-05-09,27.929001,27.311001,27.877001,25.606884
2011-05-10,28.164000,27.889000,28.110001,25.820910
2011-05-11,28.200001,27.705999,27.813000,25.548094
2011-05-12,28.275000,27.670000,28.209999,25.912766
2011-05-13,28.274000,27.945999,28.000000,25.719862
2011-05-16,28.219999,27.680000,27.915001,25.641783
2011-05-17,28.219999,27.650999,28.205000,25.908175
2011-05-18,28.292999,27.792000,28.135000,25.843876
2011-05-19,28.475000,28.100000,28.406000,26.092802
2011-05-20,28.476999,27.732000,27.757000,25.496658
2011-05-23,27.556000,26.988001,27.195999,24.981333
2011-05-24,27.320000,26.841000,27.009001,24.809566
2011-05-25,27.552999,26.799999,27.448000,25.212816
2011-05-26,28.363001,27.250000,28.209999,25.912766
2011-05-27,28.632000,28.153000,28.524000,26.201191
2011-05-31,28.857000,28.545000,28.705000,26.367456
2011-06-01,28.775999,28.066000,28.066000,25.780489
2011-06-02,28.580999,27.950001,28.275000,25.972469
2011-06-03,28.268000,27.551001,27.705999,25.449806
2011-06-06,27.773001,27.105000,27.191999,24.977665
2011-06-07,27.715000,27.301001,27.420000,25.187098
2011-06-08,27.264000,25.834000,27.000000,24.801302
2011-06-09,27.308001,26.815001,27.170000,24.957457
2011-06-10,27.160999,26.514000,26.702999,24.528492
2011-06-13,26.917000,26.629000,26.742001,24.564310
2011-06-14,27.496000,26.854000,27.412001,25.179754
2011-06-15,27.568001,27.047001,27.047001,24.844469
2011-06-16,27.047001,26.514999,26.667999,24.496336
2011-06-17,27.240000,26.487000,26.608999,24.442135
2011-06-20,27.066000,26.537001,26.995001,24.796715
2011-06-21,27.544001,27.011999,27.403000,25.171474
2011-06-22,27.629999,27.114000,27.114000,24.906015
2011-06-23,27.313000,26.709999,27.313000,25.088806
2011-06-24,27.420000,27.035000,27.420000,25.187098
2011-06-27,27.413000,27.040001,27.260000,25.040125
2011-06-28,27.900000,27.393999,27.823000,25.557276
2011-06-29,30.981001,27.523001,30.969999,28.448011
2011-06-30,30.975000,29.958000,30.134001,27.680082
2011-07-01,31.563999,29.959999,31.447001,28.886158
2011-07-05,31.773001,31.200001,31.596001,29.023029
2011-07-06,31.728001,31.202999,31.290001,28.755596
2011-07-07,32.228001,31.246000,31.902000,29.318026
2011-07-08,31.743999,31.313999,31.528999,28.975233
2011-07-11,31.334999,30.700001,30.746000,28.255671
2011-07-12,30.950001,30.372999,30.391001,27.929419
2011-07-13,30.995001,30.570000,30.589001,28.111383
2011-07-14,31.100000,30.451000,30.568001,28.092077
2011-07-15,30.930000,30.542999,30.754999,28.263931
2011-07-18,30.947001,30.395000,30.754999,28.263931
2011-07-19,31.277000,30.837000,31.139000,28.616831
2011-07-20,31.278000,30.650999,30.827000,28.330103
2011-07-21,31.493000,30.858999,31.052000,28.536879
2011-07-22,31.570999,30.902000,31.414000,28.869551
2011-07-25,31.871000,30.968000,31.635000,29.072657
2011-07-26,31.865000,31.237000,31.275999,28.742737
2011-07-27,31.350000,30.298000,30.309000,27.854061
2011-07-28,31.212000,30.271000,30.690001,28.204201
2011-07-29,30.686001,29.959999,30.325001,27.868765
2011-08-01,31.165001,30.101999,30.412001,27.948717
2011-08-02,30.941000,29.849001,29.849001,27.431326
2011-08-03,34.042000,31.153999,33.847000,31.105492
2011-08-04,33.561001,32.259998,32.259998,29.647036
2011-08-05,33.094002,31.334000,32.653999,30.009121
2011-08-08,32.230000,29.167000,29.195999,26.831203
2011-08-09,32.280998,29.454000,32.280998,29.666340
2011-08-10,32.119999,30.361000,30.371000,27.911036
2011-08-11,33.000000,30.590000,32.738998,30.087231
2011-08-12,33.271999,31.818001,32.806999,30.149723
2011-08-15,33.849998,32.605999,33.500000,30.786591
2011-08-16,33.799999,32.845001,33.500000,30.786591
2011-08-17,33.754002,32.310001,32.622002,29.979713
2011-08-18,32.000000,30.271000,30.490999,28.021317
2011-08-19,31.030001,30.000000,30.016001,27.584789
2011-08-22,30.870001,30.139999,30.600000,28.121487
2011-08-23,32.249001,30.426001,32.238998,29.627739
2011-08-24,32.980999,31.895000,32.520000,29.885981
2011-08-25,32.949001,32.096001,32.285999,29.670927
2011-08-26,32.701000,31.337000,32.533001,29.897923
2011-08-29,33.395000,32.181999,32.737000,30.085400
2011-08-30,33.180000,32.101002,32.973000,30.302277
2011-08-31,33.575001,32.612999,32.971001,30.300446
2011-09-01,33.516998,32.848999,33.006001,30.332609
2011-09-02,32.661999,32.005001,32.068001,29.470594
2011-09-06,32.332001,31.152000,32.299999,29.683792
2011-09-07,33.933998,32.734001,33.910000,31.163376
2011-09-08,34.513000,33.537998,33.791000,31.054031
2011-09-09,33.761002,32.188000,32.202000,29.593735
2011-09-12,32.549000,31.469999,32.203999,29.595564
2011-09-13,32.889000,32.005001,32.886002,30.222326
2011-09-14,33.866001,32.639000,33.723000,30.991541
2011-09-15,34.956001,33.053001,34.793999,31.975788
2011-09-16,35.200001,33.819000,34.695000,31.884806
2011-09-19,35.200001,33.893002,34.798000,31.979454
2011-09-20,36.194000,34.830002,35.377998,32.512486
2011-09-21,35.647999,34.092999,34.097000,31.335253
2011-09-22,33.801998,32.323002,33.096001,30.415310
2011-09-23,33.813999,32.821999,33.702999,30.973152
2011-09-26,34.396000,33.112999,33.439999,30.731453
2011-09-27,34.199001,33.347000,33.811001,31.072403
2011-09-28,34.000000,32.915001,32.981998,30.310543
2011-09-29,33.778999,32.146999,32.837002,30.177303
2011-09-30,32.423000,31.247999,31.716000,29.147087
2011-10-03,32.400002,31.010000,31.087999,28.569960
2011-10-04,30.867001,29.301001,30.766001,28.274038
2011-10-05,31.378000,30.228001,31.333000,28.809166
2011-10-06,31.891001,30.921000,31.625999,29.078564
2011-10-07,31.924999,30.929001,31.146000,28.637228
2011-10-10,32.582001,31.552999,32.581001,29.956635
2011-10-11,33.317001,32.200001,32.951000,30.296837
2011-10-12,33.737000,32.709999,32.799000,30.157078
2011-10-13,33.915001,32.654999,33.598999,30.892645
2011-10-14,34.492001,33.731998,34.158001,31.406610
2011-10-17,34.216000,33.377998,33.512001,30.812639
2011-10-18,34.147999,33.116001,33.988998,31.251219
2011-10-19,34.011002,32.361000,32.376999,29.769070
2011-10-20,32.937000,32.249001,32.568001,29.944683
2011-10-21,33.361000,32.660000,33.340000,30.654491
2011-10-24,34.110001,33.279999,34.069000,31.324791
2011-10-25,33.983002,32.700001,32.750999,30.112951
2011-10-26,33.298000,32.458000,32.905998,30.255465
2011-10-27,34.959000,33.118999,34.915001,32.102631
2011-10-28,35.500000,34.617001,35.458000,32.601902
2011-10-31,35.599998,34.609001,34.723999,31.927017
2011-11-01,34.099998,33.335999,33.430000,30.737268
2011-11-02,36.480000,35.143002,35.765999,32.885094
2011-11-03,36.799000,35.500999,36.659000,33.706161
2011-11-04,36.898998,35.910000,36.008999,33.108528
2011-11-07,36.595001,35.874001,36.591000,33.643639
2011-11-08,36.898998,36.305000,36.806999,33.842247
2011-11-09,36.644001,35.743999,35.743999,32.864861
2011-11-10,36.271000,35.536999,36.011002,33.110355
2011-11-11,37.036999,36.254002,37.014999,34.033485
2011-11-14,37.320000,36.601002,36.727001,33.768703
2011-11-15,37.355000,36.700001,37.132999,34.141979
2011-11-16,36.983002,36.099998,36.099998,33.192173
2011-11-17,36.679001,35.662998,35.938999,33.044163
2011-11-18,36.200001,35.599998,36.042000,33.138847
2011-11-21,35.681000,34.881001,35.180000,32.346283
2011-11-22,35.834999,35.200001,35.455002,32.599155
2011-11-23,35.471001,34.657001,34.705002,31.909534
2011-11-25,35.157001,34.500000,34.619999,31.831392
2011-11-28,35.999001,35.480000,35.924999,33.031273
2011-11-29,36.146000,35.500000,35.768002,32.886944
2011-11-30,37.470001,36.605000,37.455002,34.438049
2011-12-01,38.195999,37.241001,38.096001,35.027416
2011-12-02,38.499001,37.838001,37.838001,34.790195
2011-12-05,38.334999,37.000999,37.284000,34.280819
2011-12-06,37.498001,37.016998,37.130001,34.139225
2011-12-07,37.498001,36.636002,37.435001,34.419655
2011-12-08,37.811001,36.887001,36.931000,33.956249
2011-12-09,37.930000,36.983002,37.742001,34.701920
2011-12-12,37.530998,36.908001,37.127998,34.137379
2011-12-13,37.494999,36.623001,36.894001,33.922237
2011-12-14,36.708000,36.000000,36.112000,33.203217
2011-12-15,36.796001,35.896999,35.921001,33.027615
2011-12-16,36.595001,35.828999,36.216000,33.298847
2011-12-19,36.799999,35.799999,35.874001,32.984398
2011-12-20,37.417000,36.000999,37.390999,34.379181
2011-12-21,37.450001,36.668999,37.417999,34.404037
2011-12-22,37.655998,36.758999,37.125000,34.134636
2011-12-23,37.814999,37.175999,37.814999,34.769035
2011-12-27,38.132000,37.415001,37.474998,34.456432
2011-12-28,37.689999,37.139000,37.377998,34.367256
2011-12-29,37.840000,37.366001,37.827000,34.780075
2011-12-30,37.819000,37.282001,37.282001,34.278976
2012-01-03,37.863998,36.561001,36.837002,33.869827
2012-01-04,36.674000,35.257000,35.625000,32.755463
2012-01-05,35.563000,35.055000,35.241001,32.416035
2012-01-06,35.400002,34.178001,34.292000,31.543097
2012-01-09,34.782001,34.209000,34.582001,31.809862
2012-01-10,35.127998,34.523998,34.882999,32.086720
2012-01-11,34.556000,33.904999,34.146999,31.409739
2012-01-12,34.485001,33.956001,34.330002,31.578041
2012-01-13,34.597000,33.731998,33.908001,31.189886
2012-01-17,34.700001,34.050999,34.597000,31.823658
2012-01-18,35.451000,34.567001,35.237999,32.413269
2012-01-19,35.599998,35.051998,35.290001,32.461117
2012-01-20,35.000000,33.750000,34.066002,31.335220
2012-01-23,34.389999,33.625999,33.905998,31.188044
2012-01-24,34.459999,33.730000,34.268002,31.521038
2012-01-25,34.987999,34.099998,34.876999,32.081215
2012-01-26,35.493999,34.722000,34.783001,31.994732
2012-01-27,35.169998,34.561001,34.879002,32.083061
2012-01-30,35.237000,34.625000,35.196999,32.375557
2012-01-31,35.865002,35.243999,35.556999,32.706703
2012-02-01,36.123001,35.599998,35.762001,32.895271
2012-02-02,38.424999,36.716000,38.157001,35.098282
2012-02-03,39.130001,38.205002,39.032001,35.903141
2012-02-06,39.299999,38.700001,39.131001,35.994202
2012-02-07,39.448002,38.865002,39.291000,36.141376
2012-02-08,39.515999,39.025002,39.491001,36.325333
2012-02-09,40.179001,39.426998,39.639999,36.462402
2012-02-10,39.698002,39.241001,39.613998,36.438492
2012-02-13,40.000000,39.532001,39.665001,36.485386
2012-02-14,39.654999,39.382000,39.555000,36.384216
2012-02-15,39.973000,39.264999,39.296001,36.145973
2012-02-16,39.587002,38.977001,39.314999,36.163441
2012-02-17,39.699001,39.229000,39.599998,36.425598
2012-02-21,40.078999,39.401001,39.955002,36.752148
2012-02-22,40.854000,39.798000,40.682999,37.421783
2012-02-23,40.777000,40.423000,40.610001,37.354637
2012-02-24,41.875999,40.618999,41.561001,38.229401
2012-02-27,42.208000,41.097000,42.139999,38.761990
2012-02-28,42.599998,42.000999,42.396999,38.998398
2012-02-29,42.856998,41.761002,42.000000,38.633217
2012-03-01,42.327999,41.700001,42.042999,38.672749
2012-03-02,41.946999,41.268002,41.278000,37.969097
2012-03-05,41.930000,41.213001,41.762001,38.414295
2012-03-06,41.213001,40.627998,40.834000,37.560665
2012-03-07,41.499001,41.064999,41.174000,37.873425
2012-03-08,41.893002,41.355000,41.726002,38.381195
2012-03-09,42.106998,41.550999,41.952000,38.589062
2012-03-12,42.362999,41.752998,41.986000,38.620331
2012-03-13,42.334000,41.680000,42.321999,38.929413
2012-03-14,42.612999,41.866001,42.141998,38.763840
2012-03-15,42.299000,41.799999,41.955002,38.591824
2012-03-16,42.137001,41.807999,42.016998,38.648838
2012-03-19,42.810001,41.922001,42.508999,39.101410
2012-03-20,42.391998,41.764000,41.897999,38.539410
2012-03-21,42.297001,41.789001,41.793999,38.443718
2012-03-22,42.132999,41.500999,41.683998,38.342552
2012-03-23,42.636002,41.622002,42.401001,39.002068
2012-03-26,43.756001,42.500999,43.568001,40.075527
2012-03-27,43.590000,43.066002,43.066002,39.613773
2012-03-28,43.473999,42.480999,42.751999,39.324928
2012-03-29,42.832001,42.158001,42.821999,39.389297
2012-03-30,42.870998,42.000000,42.054001,38.682884
2012-04-02,43.433998,41.900002,43.205002,39.741634
2012-04-03,44.060001,42.903999,43.801998,40.290745
2012-04-04,43.650002,42.612999,43.094002,39.666672
2012-04-05,44.220001,42.868999,43.985001,40.486824
2012-04-09,44.287998,43.215000,43.929001,40.435287
2012-04-10,44.095001,42.418999,42.473000,39.095070
2012-04-11,43.242001,42.722000,43.004002,39.583855
2012-04-12,43.422001,42.970001,43.397999,39.946495
2012-04-13,44.380001,43.098999,44.046001,40.542984
2012-04-16,44.146999,42.901001,43.265999,39.825008
2012-04-17,43.924000,43.448002,43.842999,40.356113
2012-04-18,44.097000,43.597000,43.669998,40.196877
2012-04-19,44.078999,43.234001,43.681999,40.207924
2012-04-20,44.328999,43.748001,44.043999,40.541142
2012-04-23,43.743000,42.075001,43.026001,39.604107
2012-04-24,43.587002,42.667999,43.029999,39.607765
2012-04-25,44.506001,43.174000,44.506001,40.966385
2012-04-26,45.648998,44.449001,45.397999,41.787449
2012-04-27,46.234001,45.550999,45.757999,42.118805
2012-04-30,46.030998,45.133999,45.227001,41.630054
2012-05-01,46.698002,45.367001,45.590000,41.964180
2012-05-02,45.820000,44.000000,45.145000,41.554581
2012-05-03,45.477001,43.969002,44.243000,40.724304
2012-05-04,44.191002,43.383999,43.969002,40.472092
2012-05-07,44.282001,43.465000,43.612000,40.143482
2012-05-08,43.615002,42.305000,43.164001,39.731117
2012-05-09,43.203999,42.099998,42.283001,38.920189
2012-05-10,42.935001,41.827000,42.298000,38.933983
2012-05-11,42.762001,41.900002,42.240002,38.880615
2012-05-14,42.099998,41.444000,41.444000,38.147919
2012-05-15,41.997002,41.337002,41.446999,38.150665
2012-05-16,42.049999,40.868000,40.937000,37.681240
2012-05-17,41.380001,39.849998,39.858002,36.688046
2012-05-18,40.457001,39.456001,39.456001,36.318024
2012-05-21,41.078999,39.419998,41.057999,37.792610
2012-05-22,41.830002,40.826000,41.344002,38.055866
2012-05-23,41.714001,40.657001,41.709000,38.391827
2012-05-24,42.876999,41.610001,41.983002,38.644039
2012-05-25,42.195000,41.212002,41.396000,38.103729
2012-05-29,41.974998,41.319000,41.605000,38.296104
2012-05-30,41.563000,40.930000,41.158001,37.884670
2012-05-31,41.299000,39.901001,40.651001,37.418003
2012-06-01,39.924000,38.990002,39.178001,36.062126
2012-06-04,40.152000,39.009998,40.026001,36.842709
2012-06-05,40.979000,40.023998,40.820000,37.573540
2012-06-06,41.998001,41.277000,41.998001,38.657860
2012-06-07,42.507000,41.397999,41.570999,38.264809
2012-06-08,41.660999,41.091000,41.654999,38.342136
2012-06-11,42.125000,41.351002,41.383999,38.092678
2012-06-12,41.990002,41.094002,41.775002,38.452579
2012-06-13,41.817001,40.799999,40.974998,37.716221
2012-06-14,41.998001,40.953999,41.904999,38.572243
2012-06-15,42.668999,41.994999,42.668999,39.275513
2012-06-18,42.799000,42.230000,42.562000,39.176994
2012-06-19,42.980000,42.575001,42.757000,39.356495
2012-06-20,42.999001,42.112000,42.881001,39.470634
2012-06-21,43.270000,42.104000,42.117001,38.767384
2012-06-22,43.507999,42.060001,43.507999,40.047768
2012-06-25,43.431000,42.852001,42.852001,39.443943
2012-06-26,43.431999,42.702999,43.222000,39.784515
2012-06-27,43.573002,43.115002,43.192001,39.756893
2012-06-28,43.037998,41.675999,42.130001,38.779366
2012-06-29,43.022999,42.563000,43.011002,39.590286
2012-07-02,43.993000,43.015999,43.990002,40.491432
2012-07-03,44.340000,43.680000,44.176998,40.663551
2012-07-05,44.500000,43.842999,44.404999,40.901176
2012-07-06,44.525002,43.944000,44.162998,40.678284
2012-07-09,43.498001,42.330002,43.126999,39.724037
2012-07-10,43.643002,42.012001,42.025002,38.709003
2012-07-11,42.030998,41.284000,41.988998,38.675819
2012-07-12,42.658001,41.446999,42.424999,39.077435
2012-07-13,43.025002,42.396000,42.959999,39.570202
2012-07-16,44.799999,43.574001,43.688999,40.241688
2012-07-17,44.000000,43.007000,43.568001,40.130253
2012-07-18,43.945000,43.200001,43.681999,40.235241
2012-07-19,43.898998,42.793999,42.793999,39.417316
2012-07-20,42.687000,42.143002,42.314999,38.976101
2012-07-23,41.860001,41.127998,41.598000,38.315674
2012-07-24,41.778000,40.470001,40.988998,37.754745
2012-07-25,41.500000,40.648998,41.233002,37.979500
2012-07-26,42.743999,41.762001,42.376999,39.033222
2012-07-27,43.674999,42.321999,43.674999,40.228806
2012-07-30,44.674999,43.619999,44.115002,40.634068
2012-07-31,44.326000,43.316002,43.657001,40.212231
2012-08-01,43.299000,42.000000,42.720001,39.349133
2012-08-02,42.908001,41.810001,42.342999,39.001888
2012-08-03,42.900002,42.299999,42.412998,39.066364
2012-08-06,42.756001,41.900002,41.985001,38.672138
2012-08-07,42.285000,41.318001,41.639999,38.354370
2012-08-08,42.700001,41.516998,42.445000,39.095837
2012-08-09,42.785999,42.063999,42.594002,39.233105
2012-08-10,42.785999,42.334999,42.603001,39.241379
2012-08-13,42.675999,42.212002,42.563000,39.204548
2012-08-14,43.314999,42.633999,42.807999,39.430199
2012-08-15,43.110001,42.619999,42.709000,39.339031
2012-08-16,43.090000,42.603001,42.852001,39.470745
2012-08-17,42.945999,42.515999,42.681000,39.313240
2012-08-20,42.860001,42.368999,42.720001,39.349133
2012-08-21,42.980999,42.244999,42.331001,38.990849
2012-08-22,42.571999,41.882999,42.119999,38.796501
2012-08-23,42.279999,41.667000,41.833000,38.532139
2012-08-24,42.347000,41.766998,42.244999,38.911629
2012-08-27,42.619999,42.051998,42.341999,39.000984
2012-08-28,42.590000,42.262001,42.459999,39.109661
2012-08-29,42.646999,42.174000,42.582001,39.222054
2012-08-30,42.395000,42.027000,42.095001,38.773479
2012-08-31,42.362999,41.901001,42.290001,38.953087
2012-09-04,42.599998,41.754002,42.438000,39.089413
2012-09-05,42.542000,42.035999,42.209999,38.879398
2012-09-06,43.259998,42.256001,43.259998,39.846550
2012-09-07,43.679001,43.106998,43.619999,40.178135
2012-09-10,44.119999,43.632999,43.749001,40.296963
2012-09-11,44.590000,43.750000,44.286999,40.792511
2012-09-12,44.833000,44.375000,44.640999,41.118576
2012-09-13,45.659000,44.591999,45.526001,41.933754
2012-09-14,45.666000,45.200001,45.417999,41.834263
2012-09-17,45.630001,45.250000,45.349998,41.771641
2012-09-18,45.499001,45.074001,45.298000,41.723740
2012-09-19,45.540001,45.169998,45.188999,41.623329
2012-09-20,45.931999,44.724998,45.417999,41.834263
2012-09-21,46.179001,45.685001,45.952000,42.326138
2012-09-24,45.750000,45.307999,45.528999,41.936512
2012-09-25,45.772999,45.129002,45.152000,41.589256
2012-09-26,45.201000,44.577000,44.584000,41.066067
2012-09-27,45.216999,44.698002,45.216999,41.649124
2012-09-28,45.252998,44.863998,45.147999,41.585575
2012-10-01,46.013000,45.250000,45.688999,42.083889
2012-10-02,45.880001,45.401001,45.764999,42.153885
2012-10-03,47.467999,45.766998,47.375999,43.637768
2012-10-04,47.500000,47.140999,47.487999,43.740932
2012-10-05,48.299999,47.286999,47.527000,43.804535
2012-10-08,47.548000,46.981998,47.193001,43.496693
2012-10-09,47.299999,46.126999,46.487999,42.846893
2012-10-10,46.516998,46.048000,46.209000,42.589764
2012-10-11,47.582001,46.501999,47.257000,43.555676
2012-10-12,47.604000,46.946999,47.335999,43.628487
2012-10-15,47.695000,47.174999,47.582001,43.855209
2012-10-16,48.151001,47.609001,47.901001,44.149242
2012-10-17,48.608002,47.916000,48.299999,44.516983
2012-10-18,48.564999,47.437000,47.583000,43.856144
2012-10-19,47.681000,46.790001,47.006001,43.324341
2012-10-22,47.298000,46.200001,46.693001,43.035839
2012-10-23,46.474998,45.799999,45.986000,42.384228
2012-10-24,46.501999,45.299999,45.453999,41.893898
2012-10-25,45.858002,44.737999,44.936001,41.416458
2012-10-26,45.770000,44.820999,45.298000,41.750122
2012-10-31,46.500000,45.118000,46.092999,42.482838
2012-11-01,47.499001,46.207001,46.868999,43.198059
2012-11-02,47.699001,46.868000,46.945000,43.268101
2012-11-05,47.096001,46.467999,46.564999,42.917873
2012-11-06,47.289001,46.719002,47.178001,43.482853
2012-11-07,47.118999,46.151001,46.470001,42.830315
2012-11-08,46.820999,46.180000,46.180000,42.563030
2012-11-09,46.869999,45.848000,46.466000,42.826626
2012-11-12,47.097000,46.306999,47.000000,43.318790
2012-11-13,47.692001,46.473999,47.122002,43.431252
2012-11-14,47.398998,46.233002,46.331001,42.702209
2012-11-15,46.292999,45.356998,45.716000,42.135361
2012-11-16,47.046001,45.601002,46.459000,42.820183
2012-11-19,47.868000,46.839001,47.868000,44.118809
2012-11-20,48.257999,47.222000,47.757000,44.016499
2012-11-21,48.070000,47.755001,47.943001,44.187943
2012-11-23,48.200001,47.799999,48.124001,44.354763
2012-11-26,48.278000,47.828999,48.002998,44.243248
2012-11-27,48.368000,47.790001,47.848999,44.101307
2012-11-28,48.158001,47.477001,48.151001,44.379654
2012-11-29,49.075001,48.324001,48.620998,44.812847
2012-11-30,48.986000,48.383999,48.868000,45.040489
2012-12-03,49.451000,48.556999,48.665001,44.853386
2012-12-04,48.799999,48.057999,48.341999,44.555679
2012-12-05,48.400002,47.439999,47.799999,44.056133
2012-12-06,48.088001,47.386002,48.088001,44.321602
2012-12-07,48.284000,47.601002,47.609001,43.880119
2012-12-10,48.046001,47.548000,47.959999,44.203613
2012-12-11,48.500000,47.915001,48.152000,44.380581
2012-12-12,48.737999,48.020000,48.344002,44.557545
2012-12-13,48.759998,48.251999,48.443001,44.648792
2012-12-14,48.480000,48.027000,48.230000,44.452473
2012-12-17,48.990002,48.108002,48.931999,45.099483
2012-12-18,49.498001,48.780998,49.287998,45.427586
2012-12-19,49.488998,48.891998,48.938999,45.105949
2012-12-20,49.862000,48.946999,49.853001,45.948338
2012-12-21,49.688999,48.827000,49.356998,45.491203
2012-12-24,49.625000,49.248001,49.501999,45.624847
2012-12-26,49.594002,48.500000,48.619999,44.811924
2012-12-27,49.285999,48.112000,48.786999,44.965839
2012-12-28,48.865002,48.285000,48.307999,44.524353
2012-12-31,49.192001,48.290001,49.127998,45.280136
2013-01-02,51.027000,50.099998,51.027000,47.030384
2013-01-03,51.546001,50.814999,51.099998,47.097687
2013-01-04,51.220001,50.700001,51.098000,47.095840
2013-01-07,52.130001,51.166000,51.952999,47.912006
2013-01-08,52.105000,51.493999,51.782001,47.754299
2013-01-09,53.238998,52.266998,53.238998,49.097973
2013-01-10,53.247002,52.429001,52.764999,48.660835
2013-01-11,52.979000,52.551998,52.868000,48.755821
2013-01-14,52.998001,52.123001,52.351002,48.279041
2013-01-15,52.340000,51.919998,52.279999,48.213558
2013-01-16,52.255001,51.502998,52.129002,48.074306
2013-01-17,52.667000,52.130001,52.334999,48.264290
2013-01-18,52.150002,51.341999,52.099998,48.047562
2013-01-22,52.479000,51.463001,51.976002,47.933208
2013-01-23,52.245998,51.512001,51.756001,47.730324
2013-01-24,52.570000,51.772999,52.226002,48.163761
2013-01-25,52.279999,51.723999,51.942001,47.901855
2013-01-28,52.094002,51.346001,51.411999,47.413074
2013-01-29,52.075001,51.404999,51.848000,47.815166
2013-01-30,52.160000,51.389999,51.599998,47.586452
2013-01-31,53.535000,51.299999,51.840000,47.807770
2013-02-01,52.254002,51.368999,51.870998,47.836388
2013-02-04,51.799999,51.209000,51.422001,47.422306
2013-02-05,52.202000,51.680000,52.069000,48.018986
2013-02-06,52.387001,51.810001,52.355000,48.282722
2013-02-07,52.330002,51.625000,51.955002,47.913841
2013-02-08,52.446999,51.831001,52.446999,48.367569
2013-02-11,52.616001,51.923000,52.084999,48.033726
2013-02-12,52.213001,51.851002,51.964001,47.922142
2013-02-13,52.189999,51.618000,51.921001,47.882500
2013-02-14,52.326000,51.615002,52.216000,48.154537
2013-02-15,52.493999,51.631001,52.313000,48.243996
2013-02-19,52.648998,52.096001,52.285999,48.219090
2013-02-20,52.421001,51.291000,51.291000,47.301487
2013-02-21,52.092999,51.056000,51.959000,47.917522
2013-02-22,52.443001,51.729000,52.382999,48.308540
2013-02-25,52.599998,51.090000,51.090000,47.116123
2013-02-26,51.577000,50.736000,50.970001,47.005466
2013-02-27,51.617001,50.797001,51.519001,47.511765
2013-02-28,52.137001,51.339001,51.782001,47.754299
2013-03-01,51.951000,51.328999,51.830002,47.798576
2013-03-04,52.241001,51.576000,52.140999,48.085373
2013-03-05,53.077999,52.185001,52.709999,48.610111
2013-03-06,53.123001,52.334999,52.757999,48.654388
2013-03-07,53.000000,52.570000,52.667000,48.570461
2013-03-08,53.032001,52.445999,52.923000,48.806545
2013-03-11,53.247002,52.841000,53.089001,48.959648
2013-03-12,53.098999,52.223000,52.316002,48.246765
2013-03-13,52.837002,52.112000,52.748001,48.645161
2013-03-14,53.125000,52.671001,52.717999,48.617477
2013-03-15,52.882999,51.821999,51.937000,47.897251
2013-03-18,51.966000,51.473000,51.500999,47.495174
2013-03-19,51.784000,50.816002,51.160000,47.180672
2013-03-20,51.869999,51.435001,51.862000,47.828072
2013-03-21,51.771999,51.321999,51.401001,47.402927
2013-03-22,51.877998,51.553001,51.750000,47.724796
2013-03-25,52.396000,51.876999,51.999001,47.954418
2013-03-26,53.719002,52.222000,53.547001,49.382023
2013-03-27,54.073002,53.037998,53.803001,49.618092
2013-03-28,54.195999,53.689999,54.112999,49.903992
2013-04-01,54.689999,53.599998,53.723000,49.544331
2013-04-02,54.398998,53.902000,54.058998,49.854179
2013-04-03,54.296001,53.039001,53.325001,49.177292
2013-04-04,53.563999,53.014000,53.422001,49.266739
2013-04-05,53.240002,52.699001,53.160000,49.080223
2013-04-08,53.566002,52.978001,53.437000,49.335976
2013-04-09,53.435001,52.314999,52.764000,48.714622
2013-04-10,53.798000,52.842999,53.443001,49.341522
2013-04-11,54.231998,53.257000,54.124001,49.970264
2013-04-12,53.641998,52.960999,53.299000,49.208580
2013-04-15,53.384998,52.171001,52.171001,48.167152
2013-04-16,53.158001,52.206001,53.158001,49.078400
2013-04-17,53.085999,52.467999,52.576000,48.541058
2013-04-18,52.647999,52.099998,52.099998,48.101589
2013-04-19,52.370998,51.855999,52.195999,48.190201
2013-04-22,52.368999,51.879002,52.210999,48.204056
2013-04-23,53.118999,52.359001,53.099998,49.024834
2013-04-24,53.474998,53.123001,53.202000,49.119003
2013-04-25,53.900002,52.514999,53.514000,49.407074
2013-04-26,53.816002,53.347000,53.533001,49.424603
2013-04-29,53.999001,53.535000,53.901001,49.764359
2013-04-30,55.292999,53.957001,55.292999,51.049538
2013-05-01,54.485001,53.602001,53.981998,49.839157
2013-05-02,54.733002,53.569000,54.553001,50.366341
2013-05-03,55.765999,55.063000,55.355000,51.106781
2013-05-06,55.676998,54.702999,54.772999,50.569447
2013-05-07,55.193001,54.543999,55.125999,50.895355
2013-05-08,55.495998,54.827999,55.372002,51.122486
2013-05-09,55.617001,54.988998,55.188000,50.952610
2013-05-10,55.754002,53.379002,55.513000,51.252640
2013-05-13,55.841000,55.299999,55.584000,51.318218
2013-05-14,57.125000,55.641998,56.967999,52.595997
2013-05-15,57.494999,56.916000,57.436001,53.028069
2013-05-16,57.366001,57.014000,57.014000,52.638474
2013-05-17,58.500000,57.224998,58.478001,53.990116
2013-05-20,58.854000,58.202000,58.334000,53.857159
2013-05-21,58.900002,58.240002,58.485001,53.996571
2013-05-22,58.828999,57.613998,57.671001,53.245052
2013-05-23,57.699001,56.838001,56.973000,52.600594
2013-05-24,57.286999,56.332001,57.146000,52.760326
2013-05-28,58.527000,57.571999,57.574001,53.155479
2013-05-29,57.620998,57.044998,57.300999,52.903450
2013-05-30,58.264000,57.201000,57.616001,53.194256
2013-05-31,58.060001,56.960999,57.025002,52.648609
2013-06-03,57.591000,56.866001,57.591000,53.171173
2013-06-04,57.689999,56.398998,56.821999,52.461185
2013-06-05,56.820999,55.928001,55.957001,51.662586
2013-06-06,56.515999,55.709999,56.494999,52.159290
2013-06-07,56.937000,56.367001,56.625000,52.279327
2013-06-10,56.909000,56.265999,56.577999,52.235924
2013-06-11,56.523998,56.000000,56.043999,51.742901
2013-06-12,56.511002,55.798000,55.798000,51.515778
2013-06-13,57.554001,55.706001,57.372002,52.968979
2013-06-14,57.478001,56.919998,57.116001,52.732620
2013-06-17,58.098000,57.407001,57.819000,53.381680
2013-06-18,58.487999,58.022999,58.441002,53.955948
2013-06-19,59.188999,58.528000,58.637001,54.136902
2013-06-20,58.570000,57.219002,57.271999,52.876671
2013-06-21,57.990002,56.888000,57.328999,52.929283
2013-06-24,56.958000,55.748001,56.259998,51.942326
2013-06-25,56.763000,56.161999,56.458000,52.125141
2013-06-26,57.275002,56.379002,57.000000,52.625538
2013-06-27,57.743000,57.000000,57.068001,52.688335
2013-06-28,57.450001,56.646999,57.450001,53.040997
2013-07-01,59.000000,57.755001,58.320999,53.845169
2013-07-02,58.895000,57.971001,58.306000,53.831314
2013-07-03,58.764999,57.978001,58.618000,54.119354
2013-07-05,59.502998,58.599998,59.502998,54.992733
2013-07-08,60.273998,58.917000,58.929001,54.462250
2013-07-09,59.648998,59.187000,59.359001,54.859653
2013-07-10,59.514000,58.737999,59.091000,54.611980
2013-07-11,60.161999,59.216000,60.102001,55.546318
2013-07-12,60.181999,59.636002,59.886002,55.346699
2013-07-15,60.000000,59.400002,59.587002,55.070370
2013-07-16,59.791000,58.938000,58.979000,54.508450
2013-07-17,59.394001,58.294998,59.334999,54.837471
2013-07-18,60.074001,59.452000,59.692001,55.167408
2013-07-19,60.095001,59.265999,59.333000,54.835632
2013-07-22,60.384998,59.306000,60.259998,55.692356
2013-07-23,60.485001,59.750000,59.799999,55.267242
2013-07-24,60.000000,58.965000,59.098999,54.619354
2013-07-25,60.186001,59.414001,59.897999,55.357811
2013-07-26,59.973000,59.292000,59.814999,55.281090
2013-07-29,60.098999,59.452999,59.702000,55.176662
2013-07-30,60.389999,59.907001,60.141998,55.583290
2013-07-31,62.623001,56.702000,61.061001,56.432648
2013-08-01,64.964996,61.874001,64.638000,59.738522
2013-08-02,64.702003,64.040001,64.556999,59.663651
2013-08-05,64.585999,64.042999,64.245003,59.375290
2013-08-06,65.697998,63.994999,65.400002,60.442757
2013-08-07,65.300003,64.503998,64.632004,59.732971
2013-08-08,65.000000,64.149002,64.584000,59.688595
2013-08-09,64.737000,63.768002,63.796001,58.960320
2013-08-12,63.960999,62.919998,63.071999,58.291206
2013-08-13,63.681000,63.021000,63.333000,58.532417
2013-08-14,63.713001,62.806999,62.998001,58.222828
2013-08-15,62.479000,61.563000,61.874001,57.184017
2013-08-16,62.423000,61.612000,61.820999,57.135021
2013-08-19,62.601002,61.750000,61.988998,57.290310
2013-08-20,62.507999,61.897999,62.241001,57.523182
2013-08-21,62.758999,61.800999,61.931000,57.236687
2013-08-22,62.299999,61.686001,62.108002,57.400269
2013-08-23,62.658001,61.800999,62.611000,57.865147
2013-08-26,62.575001,61.453999,61.518002,56.855007
2013-08-27,61.258999,60.587002,60.792000,56.184029
2013-08-28,61.321999,60.542000,61.061001,56.432648
2013-08-29,61.840000,61.044998,61.257000,56.613789
2013-08-30,61.498001,60.359001,60.608002,56.013977
2013-09-03,62.481998,61.049000,62.345001,57.619328
2013-09-04,62.766998,61.750000,62.340000,57.614704
2013-09-05,63.162998,62.247002,62.900002,58.132252
2013-09-06,63.973999,62.712002,63.661999,58.836491
2013-09-09,64.088997,63.553001,64.040001,59.185844
2013-09-10,65.209999,64.362999,65.150002,60.211689
2013-09-11,66.322998,64.477997,65.846001,60.854950
2013-09-12,67.230003,65.449997,66.751999,61.692261
2013-09-13,66.980003,66.469002,66.640999,61.589687
2013-09-16,67.500000,66.864998,67.099998,62.013893
2013-09-17,68.084999,67.153000,67.917000,62.768967
2013-09-18,68.851997,67.643997,68.764000,63.551758
2013-09-19,69.500999,68.511002,68.637001,63.434399
2013-09-20,68.967003,68.248001,68.573997,63.376167
2013-09-23,68.999001,68.011002,68.299004,63.122005
2013-09-24,69.166000,67.834000,68.537003,63.341988
2013-09-25,68.603996,67.174004,67.194000,62.100765
2013-09-26,67.976997,67.249001,67.758003,62.622005
2013-09-27,68.261002,67.513000,68.184998,63.016636
2013-09-30,67.780998,67.017998,67.278000,62.178406
2013-10-01,67.958000,67.248001,67.778999,62.641418
2013-10-02,67.641998,67.134003,67.630997,62.504627
2013-10-03,67.589996,66.404999,66.905998,61.834591
2013-10-04,67.472000,66.744003,67.333000,62.229233
2013-10-07,67.099998,66.516998,66.607002,61.613167
2013-10-08,66.735001,65.143997,65.387001,60.484631
2013-10-09,66.446999,64.744003,65.723000,60.795441
2013-10-10,67.859001,66.688004,67.859001,62.771282
2013-10-11,68.554001,67.573997,68.417999,63.288380
2013-10-14,69.004997,67.430000,68.910004,63.743500
2013-10-15,69.323997,68.265999,68.639000,63.492832
2013-10-16,69.959000,68.777000,69.550003,64.335518
2013-10-17,70.500000,69.261002,70.463997,65.180992
2013-10-18,71.639000,70.110001,71.518997,66.156876
2013-10-21,71.987000,70.917999,71.783997,66.402039
2013-10-22,72.739998,71.661003,71.867996,66.479713
2013-10-23,71.662003,70.700996,71.097000,65.766533
2013-10-24,72.698997,71.401001,72.469002,67.035645
2013-10-25,73.245003,72.004997,72.377998,66.951469
2013-10-28,73.160004,72.136002,72.994003,67.521294
2013-10-29,73.782997,72.754997,73.244003,67.752556
2013-10-30,73.459999,72.135002,72.568001,67.127235
2013-10-31,73.461998,70.738998,71.709999,66.333580
2013-11-01,73.924004,72.318001,73.748001,68.218773
2013-11-04,73.982002,72.624001,72.839996,67.378845
2013-11-05,73.823997,72.322998,73.638000,68.117012
2013-11-06,73.835999,73.009003,73.387001,67.884857
2013-11-07,73.754997,71.962997,72.132004,66.723915
2013-11-08,73.449997,72.049004,73.446999,67.940369
2013-11-11,74.342003,73.223000,74.115997,68.559166
2013-11-12,74.070000,73.153000,73.767998,68.237274
2013-11-13,73.745003,73.190002,73.547997,68.033775
2013-11-14,74.400002,73.456001,74.352997,68.778412
2013-11-15,75.360001,74.355003,75.225998,69.585930
2013-11-18,75.970001,75.121002,75.455002,69.797798
2013-11-19,75.750000,74.500999,74.695000,69.094749
2013-11-20,75.399002,74.345001,74.593002,69.000412
2013-11-21,74.959000,74.484001,74.699997,69.099373
2013-11-22,75.586998,74.652000,75.445000,69.788536
2013-11-25,75.949997,75.239998,75.649002,69.977249
2013-11-26,76.514999,75.500000,75.704002,70.028137
2013-11-27,76.447998,75.610001,76.040001,70.338913
2013-11-29,76.500000,75.962997,76.081001,70.376869
2013-12-02,76.375000,75.400002,75.612000,69.943016
2013-12-03,75.515999,74.724998,75.410004,69.756119
2013-12-04,75.375000,74.405998,74.817001,69.207642
2013-12-05,75.489998,74.700996,75.150002,69.515656
2013-12-06,75.964996,75.272003,75.847000,70.160393
2013-12-09,76.648003,75.800003,75.886002,70.196457
2013-12-10,76.910004,75.849998,76.361000,70.635880
2013-12-11,80.163002,78.946999,79.056999,73.129723
2013-12-12,79.150002,78.133003,78.253998,72.386948
2013-12-13,79.179001,78.346001,78.796997,72.889244
2013-12-16,80.045998,79.169998,79.675003,73.701393
2013-12-17,80.353996,79.612000,79.794998,73.812401
2013-12-18,80.350998,78.862999,80.206001,74.192596
2013-12-19,80.920998,79.903000,80.538002,74.499672
2013-12-20,82.320999,80.704002,81.705002,75.579193
2013-12-23,82.563004,81.255997,81.510002,75.398834
2013-12-24,81.582001,81.105003,81.320000,75.223091
2013-12-26,82.190002,81.417000,82.190002,76.027832
2013-12-27,82.834000,82.003998,82.787003,76.580070
2013-12-30,83.891998,82.855003,83.330002,77.082375
2013-12-31,83.938004,83.061996,83.545998,77.282158
2014-01-02,83.796997,83.010002,83.414001,77.160080
2014-01-03,83.580002,82.599998,83.081001,76.852043
2014-01-06,83.388000,82.466003,82.668999,76.470955
2014-01-07,83.918999,83.099998,83.709000,77.536087
2014-01-08,84.401001,83.600998,83.683998,77.512978
2014-01-09,84.424004,83.625000,84.360001,78.139122
2014-01-10,84.748001,83.160004,83.475998,77.320290
2014-01-13,83.800003,80.763000,81.000000,75.026855
2014-01-14,82.296997,80.414001,82.170998,76.111526
2014-01-15,82.977997,82.124001,82.336998,76.265312
2014-01-16,82.799004,82.241997,82.550003,76.462585
2014-01-17,83.402000,80.788002,81.842003,75.806786
2014-01-21,82.655998,81.403000,81.848000,75.812347
2014-01-22,83.900002,82.000000,83.300003,77.157280
2014-01-23,83.809998,81.919998,82.360001,76.286629
2014-01-24,81.980003,78.500000,78.510002,72.720482
2014-01-27,78.980003,74.949997,76.050003,70.441917
2014-01-28,79.089996,76.580002,78.830002,73.016914
2014-01-29,78.669998,77.010002,77.699997,71.970238
2014-01-30,80.550003,78.239998,79.760002,73.878342
2014-01-31,76.989998,71.750000,75.680000,70.099190
2014-02-03,76.410004,73.849998,73.910004,68.459709
2014-02-04,74.349998,72.800003,73.120003,67.727966
2014-02-05,73.500000,72.110001,72.839996,67.468613
2014-02-06,74.910004,73.139999,74.900002,69.376694
2014-02-07,76.930000,75.129997,76.309998,70.682724
2014-02-10,77.339996,75.849998,76.349998,70.719772
2014-02-11,76.830002,76.000000,76.190002,70.571594
2014-02-12,76.930000,75.669998,75.970001,70.367798
2014-02-13,76.639999,75.129997,76.529999,70.886520
2014-02-14,77.660004,76.480003,77.389999,71.683098
2014-02-18,78.489998,77.199997,77.489998,71.775726
2014-02-19,78.010002,76.529999,76.650002,70.997658
2014-02-20,76.879997,74.849998,75.860001,70.265915
2014-02-21,76.349998,75.500000,75.699997,70.117729
2014-02-24,76.970001,75.559998,75.959999,70.358536
2014-02-25,76.970001,75.519997,76.739998,71.081039
2014-02-26,77.410004,76.610001,77.360001,71.655273
2014-02-27,78.010002,77.000000,77.760002,72.025810
2014-02-28,78.669998,76.949997,77.720001,71.988724
2014-03-03,77.089996,75.650002,76.730003,71.071785
2014-03-04,78.800003,77.410004,78.500000,72.711258
2014-03-05,78.879997,77.830002,78.199997,72.433357
2014-03-06,78.709999,77.570000,77.629997,71.905373
2014-03-07,78.250000,77.519997,77.940002,72.192513
2014-03-10,77.940002,77.269997,77.389999,71.683098
2014-03-11,78.449997,76.889999,77.900002,72.155495
2014-03-12,78.339996,76.800003,78.339996,72.563042
2014-03-13,78.769997,76.540001,76.620003,70.969894
2014-03-14,77.220001,76.230003,76.339996,70.710503
2014-03-17,77.839996,76.739998,77.830002,72.090645
2014-03-18,78.980003,77.540001,78.919998,73.100243
2014-03-19,79.599998,77.919998,78.309998,72.535255
2014-03-20,78.650002,77.610001,78.410004,72.627861
2014-03-21,79.830002,75.900002,75.989998,70.386314
2014-03-24,77.709999,75.870003,77.389999,71.683098
2014-03-25,77.769997,75.230003,75.279999,69.728691
2014-03-26,76.169998,73.680000,73.709999,68.274452
2014-03-27,73.620003,72.349998,73.339996,67.931740
2014-03-28,73.790001,72.440002,73.220001,67.820595
2014-03-31,74.870003,73.500000,74.699997,69.191437
2014-04-01,75.339996,74.379997,74.809998,69.293350
2014-04-02,75.349998,74.529999,74.699997,69.191437
2014-04-03,75.550003,74.239998,74.529999,69.034012
2014-04-04,75.489998,71.709999,72.180000,66.857307
2014-04-07,71.959999,70.430000,71.330002,66.170830
2014-04-08,71.940002,71.000000,71.519997,66.347061
2014-04-09,73.669998,71.610001,73.559998,68.239525
2014-04-10,74.320000,70.949997,71.169998,66.022400
2014-04-11,70.379997,68.680000,68.680000,63.712494
2014-04-14,71.970001,69.599998,71.180000,66.031677
2014-04-15,72.739998,70.480003,72.150002,66.931534
2014-04-16,73.949997,72.500000,73.930000,68.582733
2014-04-17,74.820000,73.610001,74.129997,68.768311
2014-04-21,74.629997,73.830002,74.309998,68.935242
2014-04-22,74.769997,73.849998,74.529999,69.139366
2014-04-23,74.500000,73.059998,73.360001,68.053993
2014-04-24,74.720001,73.330002,74.349998,68.972397
2014-04-25,73.000000,70.599998,70.660004,65.549271
2014-04-28,72.160004,70.220001,71.239998,66.087311
2014-04-29,72.610001,71.330002,72.029999,66.820198
2014-04-30,73.629997,71.540001,73.550003,68.230270
2014-05-01,76.709999,74.050003,74.220001,68.851784
2014-05-02,74.500000,72.519997,73.779999,68.443604
2014-05-05,74.860001,72.949997,74.820000,69.408356
2014-05-06,74.470001,73.750000,73.809998,68.471443
2014-05-07,74.370003,73.050003,73.870003,68.527107
2014-05-08,75.470001,73.500000,74.239998,68.870361
2014-05-09,74.440002,73.519997,74.379997,69.000206
2014-05-12,75.220001,74.500000,75.019997,69.593941
2014-05-13,75.430000,74.449997,74.830002,69.417664
2014-05-14,75.019997,73.959999,74.099998,68.740456
2014-05-15,74.239998,72.879997,73.080002,67.794243
2014-05-16,73.860001,72.559998,73.750000,68.415787
2014-05-19,74.379997,73.410004,73.860001,68.517830
2014-05-20,74.489998,73.510002,73.650002,68.322990
2014-05-21,75.639999,74.169998,75.629997,70.159798
2014-05-22,76.220001,75.099998,75.750000,70.271118
2014-05-23,76.669998,75.820000,76.449997,70.920479
2014-05-27,77.889999,76.720001,77.029999,71.458519
2014-05-28,77.250000,76.720001,76.930000,71.365784
2014-05-29,77.230003,76.510002,76.790001,71.235893
2014-05-30,77.029999,76.349998,76.449997,70.920479
2014-06-02,77.209999,76.230003,77.050003,71.477104
2014-06-03,77.000000,76.239998,76.349998,70.827728
2014-06-04,76.529999,75.820000,76.320000,70.799896
2014-06-05,77.169998,76.139999,76.839996,71.282288
2014-06-06,77.879997,76.900002,77.470001,71.866714
2014-06-09,77.489998,76.750000,76.860001,71.300842
2014-06-10,77.559998,76.570000,77.360001,71.764656
2014-06-11,77.430000,76.720001,76.870003,71.310097
2014-06-12,77.139999,75.459999,75.720001,70.243309
2014-06-13,76.139999,75.129997,75.940002,70.447388
2014-06-16,75.779999,74.900002,75.110001,69.677414
2014-06-17,75.430000,74.550003,74.980003,69.556847
2014-06-18,75.209999,74.400002,75.120003,69.686714
2014-06-19,75.419998,74.099998,74.269997,68.898155
2014-06-20,75.010002,73.480003,73.809998,68.471443
2014-06-23,74.300003,73.199997,74.139999,68.777588
2014-06-24,74.790001,72.550003,72.699997,67.441742
2014-06-25,73.550003,72.540001,73.040001,67.757118
2014-06-26,73.279999,72.559998,72.769997,67.506660
2014-06-27,73.610001,72.449997,73.400002,68.091118
2014-06-30,73.879997,73.059998,73.470001,68.156052
2014-07-01,75.910004,74.139999,75.529999,70.067001
2014-07-02,76.389999,74.860001,76.199997,70.688553
2014-07-03,76.900002,76.349998,76.739998,71.189529
2014-07-07,76.639999,75.940002,76.180000,70.771469
2014-07-08,76.150002,75.129997,75.690002,70.316261
2014-07-09,76.669998,75.599998,76.629997,71.189522
2014-07-10,75.959999,74.750000,75.470001,70.111877
2014-07-11,75.849998,75.260002,75.830002,70.446320
2014-07-14,77.709999,76.040001,77.330002,71.839813
2014-07-15,79.220001,77.860001,78.320000,72.759544
2014-07-16,78.690002,77.949997,78.309998,72.750244
2014-07-17,77.870003,76.250000,76.389999,70.966553
2014-07-18,77.650002,76.449997,77.500000,71.997757
2014-07-21,77.440002,76.589996,77.349998,71.858368
2014-07-22,78.389999,77.349998,78.269997,72.713058
2014-07-23,78.379997,77.190002,77.739998,72.220711
2014-07-24,78.059998,76.919998,77.570000,72.062767
2014-07-25,76.029999,75.220001,75.750000,70.372002
2014-07-28,76.209999,75.519997,76.190002,70.780754
2014-07-29,76.610001,75.650002,75.889999,70.502052
2014-07-30,76.290001,75.449997,75.910004,70.520622
2014-07-31,76.320000,73.809998,74.150002,68.885574
2014-08-01,75.440002,73.639999,74.980003,69.656700
2014-08-04,75.849998,75.080002,75.680000,70.306953
2014-08-05,75.660004,74.809998,75.199997,69.861053
2014-08-06,75.580002,74.690002,75.360001,70.009666
2014-08-07,75.680000,73.820000,74.059998,68.802002
2014-08-08,75.230003,73.750000,75.169998,69.833130
2014-08-11,76.070000,74.989998,75.629997,70.260490
2014-08-12,75.820000,74.930000,75.629997,70.260490
2014-08-13,76.510002,75.589996,76.300003,70.882935
2014-08-14,76.610001,75.660004,76.050003,70.650719
2014-08-15,76.570000,74.980003,75.209999,69.870323
2014-08-18,76.820000,75.690002,76.769997,71.319595
2014-08-19,76.800003,76.089996,76.400002,70.975853
2014-08-20,76.480003,75.900002,76.389999,70.966553
2014-08-21,77.120003,76.290001,76.989998,71.523972
2014-08-22,76.879997,76.150002,76.480003,71.050163
2014-08-25,77.209999,76.389999,76.430000,71.003708
2014-08-26,77.849998,76.540001,77.000000,71.533272
2014-08-27,77.120003,76.500000,76.639999,71.198822
2014-08-28,76.430000,75.660004,76.160004,70.752907
2014-08-29,76.480003,75.730003,75.809998,70.427742
2014-09-02,76.010002,75.440002,75.580002,70.214066
2014-09-03,76.190002,75.730003,75.940002,70.548500
2014-09-04,76.820000,76.000000,76.379997,70.957275
2014-09-05,76.930000,75.860001,76.860001,71.403191
2014-09-08,76.849998,75.900002,76.230003,70.817924
2014-09-09,76.510002,75.690002,76.070000,70.669296
2014-09-10,76.930000,75.879997,76.650002,71.208076
2014-09-11,76.449997,75.410004,75.620003,70.251228
2014-09-12,76.070000,74.930000,75.470001,70.111877
2014-09-15,75.419998,74.779999,75.239998,69.898186
2014-09-16,76.800003,74.940002,76.589996,71.152336
2014-09-17,76.900002,75.470001,76.220001,70.808594
2014-09-18,77.809998,76.230003,77.800003,72.276451
2014-09-19,78.370003,77.239998,77.279999,71.793358
2014-09-22,77.360001,76.080002,76.160004,70.752907
2014-09-23,76.250000,75.500000,75.510002,70.149040
2014-09-24,77.050003,75.550003,77.050003,71.579712
2014-09-25,76.639999,74.720001,74.720001,69.415131
2014-09-26,75.169998,74.500000,75.059998,69.730972
2014-09-29,74.889999,73.790001,74.519997,69.229332
2014-09-30,75.309998,73.919998,73.919998,68.671913
2014-10-01,74.180000,73.070000,73.320000,68.114517
2014-10-02,73.730003,72.589996,73.419998,68.207420
2014-10-03,74.629997,73.900002,74.330002,69.052811
2014-10-06,74.779999,74.389999,74.510002,69.220055
2014-10-07,74.320000,72.940002,72.940002,67.861687
2014-10-08,74.070000,72.480003,74.059998,68.903702
2014-10-09,73.989998,71.809998,71.830002,66.828957
2014-10-10,72.300003,70.500000,70.500000,65.591583
2014-10-13,71.209999,69.639999,69.779999,64.921677
2014-10-14,71.669998,70.000000,71.000000,66.056747
2014-10-15,71.730003,69.660004,71.300003,66.335854
2014-10-16,71.489998,69.849998,70.860001,65.926491
2014-10-17,72.160004,70.860001,71.559998,66.577774
2014-10-20,72.059998,71.139999,72.040001,67.024338
2014-10-21,74.279999,72.550003,74.160004,68.996742
2014-10-22,74.360001,73.180000,73.220001,68.122200
2014-10-23,74.660004,73.769997,74.089996,68.931618
2014-10-24,74.080002,73.389999,74.000000,68.847878
2014-10-27,74.529999,73.760002,74.110001,68.950203
2014-10-28,76.010002,74.470001,76.000000,70.708633
2014-10-29,76.970001,75.580002,75.989998,70.699318
2014-10-30,83.220001,78.300003,83.129997,77.342239
2014-10-31,84.830002,83.199997,83.750000,77.919067
2014-11-03,84.349998,83.820000,84.129997,78.272583
2014-11-04,84.209999,82.699997,83.989998,78.142349
2014-11-05,86.400002,84.379997,85.989998,80.003098
2014-11-06,86.379997,85.489998,85.750000,79.779793
2014-11-07,85.940002,84.589996,84.800003,78.895935
2014-11-10,85.110001,84.209999,84.849998,78.942490
2014-11-11,85.120003,84.250000,84.589996,78.700584
2014-11-12,84.680000,83.330002,84.349998,78.477257
2014-11-13,84.739998,83.750000,84.199997,78.337746
2014-11-14,84.339996,83.639999,84.050003,78.198151
2014-11-17,84.260002,83.169998,83.199997,77.407318
2014-11-18,84.239998,83.180000,83.900002,78.058594
2014-11-19,84.489998,83.410004,84.279999,78.412163
2014-11-20,84.849998,83.290001,84.599998,78.709846
2014-11-21,85.879997,84.209999,84.720001,78.821510
2014-11-24,85.190002,84.650002,84.989998,79.072716
2014-11-25,86.739998,85.080002,86.339996,80.328735
2014-11-26,86.900002,85.959999,86.559998,80.533417
2014-11-28,87.889999,86.680000,87.290001,81.212601
2014-12-01,88.160004,86.349998,87.459999,81.370750
2014-12-02,87.949997,86.540001,87.690002,81.584740
2014-12-03,89.239998,87.680000,88.320000,82.170883
2014-12-04,89.440002,88.139999,88.769997,82.589531
2014-12-05,89.870003,88.849998,89.080002,82.877983
2014-12-08,89.559998,87.879997,88.040001,81.910385
2014-12-09,88.050003,86.400002,87.839996,81.724312
2014-12-10,88.029999,86.209999,86.330002,80.319427
2014-12-11,88.180000,86.750000,87.690002,81.584740
2014-12-12,87.320000,84.110001,84.129997,78.272583
2014-12-15,85.290001,83.540001,84.610001,78.719193
2014-12-16,84.970001,82.050003,82.639999,76.886314
2014-12-17,84.870003,82.400002,84.730003,78.830849
2014-12-18,86.919998,85.400002,86.919998,80.868347
2014-12-19,87.290001,86.139999,86.440002,80.421768
2014-12-22,86.970001,86.209999,86.830002,80.784615
2014-12-23,87.849998,86.750000,87.629997,81.528908
2014-12-24,88.300003,87.529999,87.769997,81.659164
2014-12-26,88.070000,87.519997,87.769997,81.659164
2014-12-29,88.489998,87.500000,87.680000,81.575455
2014-12-30,87.750000,86.510002,86.970001,80.914864
2014-12-31,87.540001,86.160004,86.160004,80.161263
2015-01-02,87.360001,84.919998,85.680000,79.714699
2015-01-05,85.349998,83.050003,83.269997,77.472466
2015-01-06,83.779999,81.800003,83.089996,77.304993
2015-01-07,84.279999,83.070000,84.220001,78.507523
2015-01-08,85.620003,85.029999,85.529999,79.728645
2015-01-09,86.000000,84.400002,84.440002,78.712593
2015-01-12,84.849998,82.910004,83.360001,77.705818
2015-01-13,85.239998,82.739998,83.550003,77.882965
2015-01-14,83.480003,81.839996,83.459999,77.799057
2015-01-15,84.129997,82.180000,82.250000,76.671112
2015-01-16,83.860001,81.830002,83.800003,78.115990
2015-01-20,84.889999,83.190002,84.260002,78.544800
2015-01-21,84.349998,83.300003,83.720001,78.041428
2015-01-22,84.529999,82.500000,84.379997,78.656654
2015-01-23,84.830002,83.800003,84.389999,78.665977
2015-01-26,84.699997,82.870003,83.599998,77.929558
2015-01-27,82.809998,80.959999,81.769997,76.223686
2015-01-28,83.550003,80.669998,80.739998,75.263557
2015-01-29,81.550003,79.820000,81.379997,75.860146
2015-01-30,84.800003,81.489998,82.029999,76.466072
2015-02-02,83.230003,80.580002,82.980003,77.351593
2015-02-03,83.879997,82.440002,83.809998,78.125328
2015-02-04,84.970001,83.519997,84.180000,78.470200
2015-02-05,85.910004,84.000000,85.820000,79.998970
2015-02-06,85.769997,83.959999,84.160004,78.451576
2015-02-09,84.830002,83.610001,84.589996,78.852425
2015-02-10,85.180000,83.889999,84.230003,78.516861
2015-02-11,84.790001,83.940002,84.459999,78.731209
2015-02-12,87.980003,85.309998,87.519997,81.583641
2015-02-13,87.989998,86.620003,87.139999,81.229446
2015-02-17,88.169998,87.239998,87.519997,81.583641
2015-02-18,87.839996,86.849998,87.730003,81.779434
2015-02-19,89.430000,87.580002,89.199997,83.149742
2015-02-20,90.940002,88.879997,90.790001,84.631889
2015-02-23,91.139999,89.940002,91.120003,84.939484
2015-02-24,91.650002,90.239998,91.320000,85.125954
2015-02-25,92.760002,91.389999,92.669998,86.384361
2015-02-26,93.000000,91.059998,91.260002,85.070000
2015-02-27,91.680000,89.970001,90.129997,84.016655
2015-03-02,92.160004,89.500000,92.019997,85.778442
2015-03-03,91.940002,90.519997,90.970001,84.799660
2015-03-04,91.889999,90.129997,91.709999,85.489479
2015-03-05,92.949997,91.449997,92.809998,86.514877
2015-03-06,92.529999,90.669998,90.790001,84.631889
2015-03-09,91.440002,90.070000,91.120003,84.939484
2015-03-10,90.389999,88.839996,88.839996,82.814148
2015-03-11,88.169998,86.849998,86.970001,81.070969
2015-03-12,89.510002,87.680000,89.250000,83.196342
2015-03-13,89.250000,87.349998,87.750000,81.798096
2015-03-16,88.930000,87.930000,88.709999,82.692963
2015-03-17,88.559998,87.750000,87.970001,82.003166
2015-03-18,89.260002,87.220001,88.879997,82.851410
2015-03-19,89.669998,88.639999,89.019997,82.981941
2015-03-20,90.360001,89.379997,89.820000,83.727676
2015-03-23,90.650002,89.320000,89.330002,83.270912
2015-03-24,89.940002,89.040001,89.489998,83.420067
2015-03-25,89.620003,87.370003,87.370003,81.443825
2015-03-26,88.300003,86.559998,87.930000,81.965858
2015-03-27,88.320000,86.870003,87.250000,81.331970
2015-03-30,88.290001,87.480003,87.669998,81.723503
2015-03-31,88.260002,86.389999,86.389999,80.530357
2015-04-01,86.739998,85.370003,86.739998,80.856575
2015-04-02,87.870003,86.669998,87.029999,81.126915
2015-04-06,87.660004,86.220001,87.339996,81.415886
2015-04-07,88.510002,87.269997,87.919998,82.106964
2015-04-08,89.690002,88.279999,89.320000,83.414398
2015-04-09,89.699997,88.139999,89.059998,83.171577
2015-04-10,89.480003,88.320000,88.570000,82.713982
2015-04-13,89.430000,88.250000,88.250000,82.415138
2015-04-14,89.470001,88.010002,89.120003,83.227608
2015-04-15,89.570000,88.660004,89.250000,83.349022
2015-04-16,89.180000,88.589996,88.720001,82.854065
2015-04-17,88.309998,86.589996,86.930000,81.182419
2015-04-20,87.889999,87.010002,87.330002,81.555969
2015-04-21,88.180000,87.269997,87.769997,81.966888
2015-04-22,92.430000,88.480003,91.199997,85.170074
2015-04-23,91.400002,90.180000,90.879997,84.871254
2015-04-24,91.160004,90.209999,90.720001,84.721809
2015-04-27,91.269997,89.690002,89.750000,83.815964
2015-04-28,90.440002,89.309998,90.230003,84.264275
2015-04-29,93.589996,89.809998,90.250000,84.282921
2015-04-30,91.389999,89.660004,90.209999,84.245560
2015-05-01,91.309998,90.260002,91.250000,85.216797
2015-05-04,91.989998,90.809998,91.180000,85.151405
2015-05-05,91.919998,90.559998,90.779999,84.777863
2015-05-06,91.449997,89.959999,90.570000,84.581749
2015-05-07,92.160004,90.349998,92.050003,85.963867
2015-05-08,94.330002,92.639999,93.510002,87.327393
2015-05-11,93.919998,92.500000,92.519997,86.402824
2015-05-12,92.730003,91.580002,92.389999,86.281433
2015-05-13,92.980003,92.019997,92.519997,86.402824
2015-05-14,93.900002,92.800003,93.839996,87.635536
2015-05-15,94.500000,93.029999,93.220001,87.056557
2015-05-18,93.160004,91.830002,93.080002,86.925789
2015-05-19,94.070000,93.150002,93.800003,87.598206
2015-05-20,94.099998,92.809998,93.239998,87.075218
2015-05-21,93.349998,92.730003,92.900002,86.757706
2015-05-22,93.290001,92.650002,92.690002,86.561615
2015-05-26,92.639999,91.550003,91.889999,85.814468
2015-05-27,92.779999,91.889999,92.589996,86.468178
2015-05-28,92.959999,92.110001,92.820000,86.682961
2015-05-29,92.919998,92.150002,92.260002,86.159996
2015-06-01,92.940002,91.610001,92.559998,86.440201
2015-06-02,93.519997,91.440002,93.169998,87.009850
2015-06-03,94.059998,92.900002,93.500000,87.318016
2015-06-04,93.660004,92.320000,92.570000,86.449524
2015-06-05,92.839996,91.699997,92.620003,86.496223
2015-06-08,92.610001,91.769997,91.900002,85.823807
2015-06-09,92.309998,91.300003,92.089996,86.001244
2015-06-10,94.360001,92.400002,94.169998,87.943718
2015-06-11,95.129997,93.980003,94.500000,88.251877
2015-06-12,94.269997,93.209999,93.769997,87.570190
2015-06-15,93.540001,92.150002,93.300003,87.131241
2015-06-16,94.419998,93.080002,94.150002,87.925034
2015-06-17,94.970001,93.900002,94.449997,88.205200
2015-06-18,96.309998,94.540001,96.050003,89.699425
2015-06-19,95.959999,94.720001,94.809998,88.541397
2015-06-22,96.129997,95.260002,95.419998,89.111069
2015-06-23,95.980003,95.349998,95.699997,89.372551
2015-06-24,96.150002,95.290001,95.510002,89.195114
2015-06-25,95.870003,94.279999,94.459999,88.214561
2015-06-26,94.830002,93.900002,94.510002,88.261230
2015-06-29,94.120003,92.410004,92.519997,86.402824
2015-06-30,94.040001,92.739998,93.480003,87.299362
2015-07-01,94.949997,94.000000,94.500000,88.251877
2015-07-02,94.760002,93.900002,94.239998,88.009102
2015-07-06,94.680000,93.230003,94.519997,88.270599
2015-07-07,94.540001,92.290001,93.889999,87.830925
2015-07-08,93.269997,92.129997,92.489998,86.521255
2015-07-09,94.139999,92.989998,93.040001,87.035774
2015-07-10,95.000000,94.080002,94.620003,88.513809
2015-07-13,95.699997,95.110001,95.500000,89.337006
2015-07-14,95.900002,95.150002,95.269997,89.121834
2015-07-15,95.599998,94.650002,95.250000,89.103149
2015-07-16,95.970001,95.459999,95.820000,89.636375
2015-07-17,96.260002,94.459999,96.080002,89.879593
2015-07-20,97.760002,96.410004,97.260002,90.983421
2015-07-21,97.400002,96.320000,96.709999,90.468948
2015-07-22,97.360001,96.150002,96.879997,90.627953
2015-07-23,96.970001,94.870003,95.160004,89.018967
2015-07-24,97.489998,95.519997,95.830002,89.645729
2015-07-27,95.830002,94.300003,94.389999,88.298630
2015-07-28,95.470001,94.709999,95.160004,89.018967
2015-07-29,97.949997,93.000000,96.730003,90.487663
2015-07-30,98.820000,96.110001,98.410004,92.059235
2015-07-31,98.779999,97.269997,97.400002,91.114403
2015-08-03,97.879997,96.309998,97.440002,91.151810
2015-08-04,98.300003,97.139999,97.300003,91.020844
2015-08-05,98.730003,97.790001,98.269997,91.928253
2015-08-06,98.610001,96.919998,97.160004,90.889893
2015-08-07,97.790001,96.559998,97.769997,91.460503
2015-08-10,99.180000,97.800003,98.080002,91.750481
2015-08-11,97.769997,96.699997,97.199997,90.927307
2015-08-12,97.339996,95.269997,97.040001,90.777641
2015-08-13,97.900002,96.580002,97.230003,90.955399
2015-08-14,98.070000,96.860001,97.889999,91.572777
2015-08-17,97.949997,96.800003,97.860001,91.544708
2015-08-18,98.110001,97.500000,97.599998,91.301491
2015-08-19,97.480003,96.169998,96.599998,90.366035
2015-08-20,96.120003,94.519997,94.559998,88.457664
2015-08-21,93.930000,90.639999,90.680000,84.828094
2015-08-24,90.550003,74.610001,87.830002,82.161987
2015-08-25,90.889999,86.660004,86.820000,81.217186
2015-08-26,91.870003,87.949997,91.709999,85.791603
2015-08-27,94.209999,92.050003,94.050003,87.980576
2015-08-28,94.169998,93.059998,94.080002,88.008667
2015-08-31,93.639999,92.000000,92.370003,86.409004
2015-09-01,91.040001,88.540001,89.050003,83.303246
2015-09-02,90.570000,88.989998,90.430000,84.594200
2015-09-03,92.349998,90.940002,91.650002,85.735481
2015-09-04,90.930000,89.889999,90.529999,84.687752
2015-09-08,93.129997,91.580002,92.900002,86.904816
2015-09-09,93.550003,89.769997,89.970001,84.163902
2015-09-10,90.690002,89.550003,89.680000,83.892586
2015-09-11,91.419998,89.459999,91.349998,85.454849
2015-09-14,91.449997,90.550003,90.940002,85.071320
2015-09-15,92.599998,90.180000,92.110001,86.165779
2015-09-16,92.769997,91.870003,92.730003,86.745789
2015-09-17,94.839996,92.629997,93.209999,87.194794
2015-09-18,93.320000,91.839996,92.150002,86.203194
2015-09-21,94.070000,92.589996,93.050003,87.045151
2015-09-22,92.309998,91.410004,92.070000,86.128372
2015-09-23,92.739998,91.809998,92.139999,86.193848
2015-09-24,91.570000,90.110001,91.120003,85.239677
2015-09-25,92.099998,90.699997,91.300003,85.408066
2015-09-28,91.099998,88.150002,88.349998,82.648445
2015-09-29,89.550003,88.019997,88.760002,83.031967
2015-09-30,90.290001,88.949997,90.120003,84.304230
2015-10-01,90.879997,89.400002,90.730003,84.874855
2015-10-02,92.120003,88.919998,92.070000,86.128372
2015-10-05,94.370003,92.550003,94.330002,88.242523
2015-10-06,94.849998,93.769997,93.919998,87.858955
2015-10-07,95.269997,94.199997,95.180000,89.189606
2015-10-08,96.000000,94.650002,95.870003,89.836205
2015-10-09,96.190002,95.110001,95.820000,89.789337
2015-10-12,96.820000,95.820000,96.639999,90.557693
2015-10-13,96.669998,95.879997,95.930000,89.892395
2015-10-14,96.190002,94.790001,95.029999,89.049057
2015-10-15,97.160004,95.519997,97.160004,91.045006
2015-10-16,97.690002,96.660004,97.639999,91.494774
2015-10-19,97.989998,97.010002,97.739998,91.588501
2015-10-20,97.830002,97.070000,97.669998,91.522881
2015-10-21,98.360001,96.480003,96.599998,90.520226
2015-10-22,98.739998,97.160004,98.019997,91.850876
2015-10-23,99.860001,98.180000,99.790001,93.509468
2015-10-26,99.930000,98.500000,99.629997,93.359535
2015-10-27,99.470001,97.839996,98.430000,92.235054
2015-10-28,100.129997,98.360001,100.089996,93.790604
2015-10-29,101.650002,99.000000,100.589996,94.259117
2015-10-30,101.000000,98.720001,98.989998,92.759819
2015-11-02,99.669998,98.690002,99.379997,93.125275
2015-11-03,100.550003,99.010002,100.120003,93.818680
2015-11-04,100.690002,99.510002,100.519997,94.193512
2015-11-05,101.199997,99.809998,100.690002,94.352806
2015-11-06,101.510002,100.269997,101.500000,95.111847
2015-11-09,101.169998,99.800003,100.470001,94.146675
2015-11-10,100.769997,99.820000,100.650002,94.315338
2015-11-11,101.760002,100.760002,100.879997,94.530876
2015-11-12,100.809998,98.260002,98.279999,92.094482
2015-11-13,98.500000,96.690002,96.860001,90.763847
2015-11-16,98.360001,96.500000,98.300003,92.113266
2015-11-17,99.019997,97.809998,98.070000,91.897713
2015-11-18,99.220001,98.129997,99.160004,92.919113
2015-11-19,99.260002,98.349998,98.930000,92.703613
2015-11-20,100.150002,99.269997,99.500000,93.237732
2015-11-23,99.959999,99.059998,99.370003,93.115936
2015-11-24,98.919998,97.559998,98.500000,92.300644
2015-11-25,98.839996,98.059998,98.160004,91.982048
2015-11-27,98.949997,98.269997,98.669998,92.459976
2015-11-30,98.889999,97.919998,97.919998,91.757149
2015-12-01,98.669998,97.169998,97.930000,91.766548
2015-12-02,98.000000,96.910004,97.099998,90.988762
2015-12-03,97.949997,95.699997,95.959999,89.920517
2015-12-04,98.699997,96.239998,98.699997,92.488052
2015-12-07,98.690002,97.430000,97.820000,91.663475
2015-12-08,98.570000,96.760002,98.180000,92.000801
2015-12-09,99.930000,97.489998,97.820000,91.663475
2015-12-10,98.660004,97.449997,97.610001,91.466644
2015-12-11,97.610001,94.500000,94.830002,88.861641
2015-12-14,96.309998,94.699997,96.300003,90.239128
2015-12-15,98.860001,97.279999,98.430000,92.235054
2015-12-16,100.290001,98.889999,100.040001,93.743729
2015-12-17,100.800003,99.260002,99.330002,93.078430
2015-12-18,98.930000,96.209999,96.290001,90.229744
2015-12-21,97.739998,96.230003,97.040001,90.932549
2015-12-22,97.790001,96.779999,97.540001,91.401062
2015-12-23,98.879997,97.709999,98.730003,92.516190
2015-12-24,99.110001,98.309998,98.589996,92.384979
2015-12-28,98.620003,97.860001,98.529999,92.328789
2015-12-29,99.989998,99.230003,99.720001,93.443848
2015-12-30,99.970001,98.730003,98.870003,92.647362
2015-12-31,98.860001,97.360001,97.360001,91.232414
2016-01-04,95.589996,93.720001,94.809998,88.842880
2016-01-05,95.830002,94.410004,94.989998,89.011566
2016-01-06,94.389999,92.980003,93.349998,87.650093
2016-01-07,92.370003,90.680000,91.639999,86.044502
2016-01-08,92.239998,89.720001,89.889999,84.401398
2016-01-11,91.099998,89.290001,90.580002,85.049232
2016-01-12,91.870003,90.120003,91.440002,85.856712
2016-01-13,92.150002,88.750000,89.190002,83.744133
2016-01-14,91.690002,89.160004,90.709999,85.171288
2016-01-15,89.279999,87.820000,88.709999,83.293419
2016-01-19,89.739998,85.489998,86.220001,80.955467
2016-01-20,85.959999,83.519997,85.129997,79.932022
2016-01-21,87.529999,84.559998,86.120003,80.861557
2016-01-22,88.830002,87.400002,88.000000,82.626762
2016-01-25,88.190002,86.650002,86.769997,81.471870
2016-01-26,87.500000,86.400002,87.000000,81.687843
2016-01-27,87.050003,84.339996,84.809998,79.631569
2016-01-28,85.650002,83.349998,83.430000,78.335808
2016-01-29,89.250000,81.000000,89.029999,83.593872
2016-02-01,89.199997,87.230003,88.629997,83.218277
2016-02-02,87.739998,85.370003,85.930000,80.683151
2016-02-03,86.760002,84.459999,86.470001,81.190201
2016-02-04,86.870003,85.739998,86.330002,81.058762
2016-02-05,86.320000,82.180000,82.760002,77.706741
2016-02-08,81.739998,79.870003,80.650002,75.725533
2016-02-09,83.230003,78.519997,81.970001,76.964951
2016-02-10,84.839996,82.930000,83.309998,78.223145
2016-02-11,82.790001,79.980003,82.110001,77.096405
2016-02-12,85.269997,83.309998,84.889999,79.706657
2016-02-16,86.589996,85.360001,86.180000,80.917908
2016-02-17,87.599998,86.589996,87.209999,81.885017
2016-02-18,87.449997,85.830002,86.040001,80.786430
2016-02-19,86.860001,85.220001,86.790001,81.490646
2016-02-22,88.230003,86.790001,87.820000,82.457748
2016-02-23,87.849998,85.930000,86.209999,80.946045
2016-02-24,86.760002,84.589996,86.419998,81.143234
2016-02-25,87.430000,85.519997,87.419998,82.082199
2016-02-26,88.589996,87.489998,87.570000,82.223000
2016-02-29,88.830002,86.900002,86.919998,81.612717
2016-03-01,90.129997,87.720001,90.099998,84.598564
2016-03-02,90.089996,88.989998,89.889999,84.401398
2016-03-03,90.139999,88.919998,89.739998,84.260536
2016-03-04,90.559998,89.500000,90.050003,84.551613
2016-03-07,89.750000,87.440002,88.300003,82.908455
2016-03-08,87.760002,86.809998,86.849998,81.546951
2016-03-09,87.599998,86.699997,87.180000,81.856842
2016-03-10,88.199997,85.930000,86.889999,81.584541
2016-03-11,89.160004,87.779999,88.580002,83.171364
2016-03-14,89.129997,88.019997,88.870003,83.443649
2016-03-15,89.699997,88.199997,89.360001,83.903740
2016-03-16,90.320000,89.019997,90.010002,84.514053
2016-03-17,91.660004,89.660004,91.410004,85.828568
2016-03-18,92.440002,91.449997,92.309998,86.673584
2016-03-21,92.629997,91.559998,92.349998,86.711143
2016-03-22,92.209999,91.540001,91.760002,86.157204
2016-03-23,92.650002,91.639999,92.129997,86.504593
2016-03-24,91.970001,91.300003,91.910004,86.298035
2016-03-28,92.300003,91.180000,91.239998,85.668953
2016-03-29,93.040001,91.099998,92.779999,87.114922
2016-03-30,94.169998,93.300003,93.809998,88.082024
2016-03-31,94.940002,93.519997,94.500000,88.729881
2016-04-01,96.110001,93.500000,95.870003,90.016251
2016-04-04,96.099998,94.459999,95.050003,89.246284
2016-04-05,95.410004,93.889999,94.349998,88.589035
2016-04-06,94.839996,93.839996,94.750000,89.144119
2016-04-07,94.260002,93.040001,93.510002,87.977516
2016-04-08,94.660004,93.419998,93.790001,88.240944
2016-04-11,94.680000,93.389999,93.470001,87.939865
2016-04-12,93.989998,93.139999,93.860001,88.306816
2016-04-13,95.750000,94.389999,95.750000,90.084984
2016-04-14,96.769997,95.410004,96.169998,90.480110
2016-04-15,97.309998,96.139999,96.680000,90.959946
2016-04-18,97.790001,96.599998,97.669998,91.891357
2016-04-19,98.160004,96.349998,97.239998,91.486816
2016-04-20,98.400002,97.050003,97.900002,92.107788
2016-04-21,98.089996,97.349998,97.540001,91.769051
2016-04-22,98.489998,96.389999,97.449997,91.684372
2016-04-25,97.320000,96.540001,96.980003,91.242203
2016-04-26,97.610001,96.730003,97.269997,91.515022
2016-04-27,98.610001,96.550003,98.379997,92.559341
2016-04-28,100.000000,96.730003,97.180000,91.430367
2016-04-29,97.660004,96.080002,96.989998,91.251617
2016-05-02,97.940002,96.489998,97.769997,91.985458
2016-05-03,97.540001,95.919998,96.449997,90.743546
2016-05-04,96.389999,95.230003,96.250000,90.555420
2016-05-05,96.830002,95.959999,96.190002,90.498947
2016-05-06,96.760002,95.650002,96.680000,90.959946
2016-05-09,97.250000,96.500000,96.720001,90.997597
2016-05-10,97.699997,96.690002,97.639999,91.863136
2016-05-11,97.839996,96.360001,96.410004,90.705933
2016-05-12,96.820000,95.239998,95.849998,90.179062
2016-05-13,96.279999,95.139999,95.360001,89.718040
2016-05-16,96.519997,95.449997,96.150002,90.461296
2016-05-17,96.290001,95.260002,95.599998,89.943840
2016-05-18,96.169998,94.870003,95.629997,89.972046
2016-05-19,95.500000,94.080002,94.699997,89.097107
2016-05-20,95.889999,95.029999,95.470001,89.821556
2016-05-23,95.730003,94.989998,95.080002,89.454643
2016-05-24,96.739998,95.330002,96.480003,90.771790
2016-05-25,96.900002,96.139999,96.449997,90.743546
2016-05-26,96.730003,96.070000,96.379997,90.677696
2016-05-27,97.180000,96.379997,97.180000,91.430367
2016-05-31,97.199997,95.599998,95.900002,90.226128
2016-06-01,96.540001,95.250000,96.410004,90.705933
2016-06-02,96.879997,96.010002,96.879997,91.148117
2016-06-03,96.610001,95.330002,96.029999,90.348419
2016-06-06,96.970001,95.980003,96.639999,90.922295
2016-06-07,97.169998,96.440002,96.680000,90.959946
2016-06-08,97.989998,96.570000,97.989998,92.192436
2016-06-09,97.629997,96.980003,97.019997,91.279846
2016-06-10,96.089996,94.900002,95.209999,89.576927
2016-06-13,95.629997,94.160004,94.190002,88.617264
2016-06-14,94.330002,93.349998,94.110001,88.541992
2016-06-15,94.500000,93.339996,93.339996,87.817543
2016-06-16,94.089996,92.050003,94.080002,88.513771
2016-06-17,94.209999,92.690002,93.290001,87.770531
2016-06-20,95.180000,94.250000,94.349998,88.767822
2016-06-21,95.300003,94.470001,95.110001,89.482834
2016-06-22,95.379997,94.059998,94.059998,88.494957
2016-06-23,95.709999,94.610001,95.709999,90.047333
2016-06-24,93.129997,91.139999,91.470001,86.058212
2016-06-27,90.800003,88.820000,89.070000,83.800186
2016-06-28,90.500000,89.720001,90.419998,85.070328
2016-06-29,92.209999,90.849998,92.129997,86.679138
2016-06-30,92.739998,87.589996,88.059998,82.849960
2016-07-01,89.480003,88.269997,88.849998,83.593208
2016-07-05,89.339996,87.919998,88.239998,83.019295
2016-07-06,87.580002,86.650002,86.830002,81.869011
2016-07-07,88.320000,86.949997,87.809998,82.793015
2016-07-08,88.690002,87.940002,88.559998,83.500153
2016-07-11,89.309998,88.629997,88.750000,83.679329
2016-07-12,90.080002,88.870003,90.000000,84.857887
2016-07-13,90.559998,89.639999,90.339996,85.178474
2016-07-14,91.650002,90.510002,91.449997,86.225021
2016-07-15,92.029999,90.720001,90.930000,85.734756
2016-07-18,91.639999,90.839996,91.599998,86.366501
2016-07-19,92.410004,91.209999,92.379997,87.101913
2016-07-20,93.440002,92.150002,93.300003,87.969345
2016-07-21,93.669998,92.029999,92.459999,87.177345
2016-07-22,93.660004,92.110001,93.660004,88.308777
2016-07-25,93.599998,92.540001,93.000000,87.686470
2016-07-26,93.669998,92.750000,93.430000,88.091911
2016-07-27,94.300003,92.750000,93.750000,88.393639
2016-07-28,96.500000,94.559998,96.010002,90.524498
2016-07-29,96.099998,95.120003,95.239998,89.798492
2016-08-01,95.470001,94.449997,95.070000,89.638184
2016-08-02,95.389999,94.500000,95.250000,89.807907
2016-08-03,95.449997,94.779999,95.080002,89.647659
2016-08-04,96.050003,94.800003,95.910004,90.430222
2016-08-05,96.940002,96.089996,96.879997,91.344803
2016-08-08,97.099998,96.629997,96.779999,91.250519
2016-08-09,97.139999,96.550003,96.699997,91.175079
2016-08-10,96.820000,96.230003,96.290001,90.788506
2016-08-11,96.919998,96.169998,96.529999,91.014786
2016-08-12,96.410004,95.510002,96.120003,90.628197
2016-08-15,96.559998,96.070000,96.440002,90.929939
2016-08-16,96.260002,95.459999,95.620003,90.156792
2016-08-17,96.070000,95.029999,95.589996,90.128494
2016-08-18,95.870003,95.070000,95.269997,89.826775
2016-08-19,95.290001,94.410004,95.220001,89.779663
2016-08-22,95.949997,94.949997,95.790001,90.317101
2016-08-23,96.760002,95.989998,96.290001,90.788506
2016-08-24,96.470001,95.389999,95.529999,90.071953
2016-08-25,95.809998,95.330002,95.589996,90.128494
2016-08-26,97.000000,95.769997,96.470001,90.958229
2016-08-29,96.849998,96.230003,96.779999,91.250519
2016-08-30,97.190002,96.339996,97.089996,91.542809
2016-08-31,97.089996,96.129997,96.629997,91.109070
2016-09-01,97.699997,96.510002,97.620003,92.042526
2016-09-02,98.099998,97.370003,97.889999,92.297104
2016-09-06,98.910004,97.690002,98.790001,93.145668
2016-09-07,99.599998,98.260002,99.570000,93.881111
2016-09-08,100.669998,99.389999,99.980003,94.267693
2016-09-09,99.690002,98.150002,98.150002,92.542213
2016-09-12,100.320000,97.489998,100.110001,94.390259
2016-09-13,100.059998,98.980003,99.389999,93.711388
2016-09-14,99.629997,98.379997,98.709999,93.070229
2016-09-15,99.820000,98.449997,99.470001,93.786812
2016-09-16,99.690002,98.589996,99.360001,93.683098
2016-09-19,100.389999,99.419998,99.680000,93.984818
2016-09-20,100.919998,100.010002,100.489998,94.748535
2016-09-21,101.309998,99.970001,101.260002,95.474533
2016-09-22,102.230003,101.510002,102.120003,96.285431
2016-09-23,102.099998,101.250000,101.660004,95.851685
2016-09-26,101.830002,100.750000,101.160004,95.380280
2016-09-27,101.650002,100.559998,101.449997,95.653709
2016-09-28,101.580002,100.830002,101.510002,95.710258
2016-09-29,102.309998,100.589996,100.610001,94.861702
2016-09-30,102.230003,100.680000,101.769997,95.955391
2016-10-03,102.379997,101.239998,101.879997,96.059120
2016-10-04,102.209999,101.040001,101.220001,95.436836
2016-10-05,102.669998,101.320000,102.400002,96.731003
2016-10-06,103.169998,102.019997,102.940002,97.241112
2016-10-07,103.489998,101.980003,102.250000,96.589310
2016-10-10,103.370003,102.550003,102.650002,96.967163
2016-10-11,102.629997,100.820000,101.349998,95.739105
2016-10-12,101.910004,101.050003,101.360001,95.748581
2016-10-13,101.489998,99.779999,100.650002,95.077888
2016-10-14,102.199997,100.809998,100.879997,95.295158
2016-10-17,101.260002,100.620003,100.849998,95.266800
2016-10-18,102.120003,101.059998,101.730003,96.098099
2016-10-19,102.849998,101.629997,102.730003,97.042732
2016-10-20,103.370003,102.349998,102.550003,96.872704
2016-10-21,103.000000,101.959999,102.849998,97.156090
2016-10-24,103.919998,102.959999,103.190002,97.477257
2016-10-25,103.239998,102.290001,102.879997,97.184402
2016-10-26,103.459999,102.529999,103.220001,97.505608
2016-10-27,104.300003,103.190002,103.599998,97.864586
2016-10-28,107.830002,104.610001,106.900002,100.981857
2016-10-31,108.930000,106.470001,107.019997,101.095207
2016-11-01,107.120003,104.790001,104.959999,99.149261
2016-11-02,105.000000,104.000000,104.000000,98.242401
2016-11-03,104.459999,103.510002,103.779999,98.034599
2016-11-04,104.430000,103.029999,103.029999,97.326118
2016-11-07,106.029999,104.529999,105.959999,100.093887
2016-11-08,106.470001,105.529999,105.699997,99.848305
2016-11-09,106.449997,103.860001,106.190002,100.311188
2016-11-10,107.139999,102.449997,104.500000,98.714722
2016-11-11,105.059998,103.660004,104.620003,98.828094
2016-11-14,105.099998,100.360001,101.139999,95.540764
2016-11-15,102.989998,101.379997,102.480003,96.806564
2016-11-16,104.000000,102.430000,104.000000,98.242401
2016-11-17,105.250000,103.739998,104.449997,98.667503
2016-11-18,105.099998,104.309998,104.779999,98.979240
2016-11-21,106.000000,104.690002,105.940002,100.074997
2016-11-22,106.129997,104.739998,105.930000,100.065544
2016-11-23,105.910004,104.290001,104.559998,98.771408
2016-11-25,105.730003,104.529999,105.730003,99.876671
2016-11-28,105.419998,103.050003,103.360001,97.637871
2016-11-29,104.370003,103.339996,103.820000,98.072365
2016-11-30,104.279999,101.379997,102.199997,96.542084
2016-12-01,102.580002,99.510002,100.180000,94.633896
2016-12-02,101.139999,99.820000,101.099998,95.502953
2016-12-05,103.669998,101.800003,103.550003,97.817352
2016-12-06,103.980003,101.800003,102.000000,96.353134
2016-12-07,105.570000,102.620003,105.250000,99.423225
2016-12-08,105.489998,103.860001,104.820000,99.017029
2016-12-09,105.099998,104.000000,104.410004,98.629730
2016-12-12,104.400002,103.160004,103.279999,97.562279
2016-12-13,104.599998,102.940002,103.320000,97.600082
2016-12-14,104.839996,102.910004,103.279999,97.562279
2016-12-15,105.709999,104.000000,104.349998,98.573051
2016-12-16,104.820000,103.050003,103.430000,97.703949
2016-12-19,104.199997,103.449997,103.540001,97.807892
2016-12-20,104.559998,103.150002,104.540001,98.752510
2016-12-21,104.970001,103.900002,104.169998,98.403008
2016-12-22,104.760002,103.160004,104.309998,98.535240
2016-12-23,105.160004,104.010002,104.709999,98.913086
2016-12-27,105.639999,104.699997,104.800003,98.998131
2016-12-28,104.779999,103.540001,103.680000,97.940132
2016-12-29,104.370003,103.440002,103.769997,98.025154
2016-12-30,104.059998,102.980003,103.250000,97.533928
2017-01-03,105.940002,104.110001,105.389999,99.555481
2017-01-04,106.750000,104.860001,106.389999,100.500092
2017-01-05,108.150002,106.459999,106.989998,101.276321
2017-01-06,108.110001,106.870003,107.760002,102.005180
2017-01-09,108.150002,107.309998,107.550003,101.806412
2017-01-10,108.570000,106.919998,107.320000,101.588692
2017-01-11,107.849998,106.830002,107.809998,102.052490
2017-01-12,108.860001,107.309998,108.709999,102.904472
2017-01-13,109.400002,108.529999,108.699997,102.894989
2017-01-17,108.860001,107.610001,108.400002,102.611023
2017-01-18,109.220001,107.910004,108.660004,102.857155
2017-01-19,109.370003,108.330002,108.529999,102.734055
2017-01-20,110.000000,108.910004,109.959999,104.087708
2017-01-23,109.980003,109.129997,109.629997,103.775314
2017-01-24,110.129997,109.180000,109.919998,104.049850
2017-01-25,111.070000,109.400002,110.190002,104.305435
2017-01-26,110.320000,109.000000,109.379997,103.538658
2017-01-27,109.839996,108.919998,109.839996,103.974091
2017-01-30,109.559998,108.099998,109.300003,103.462959
2017-01-31,107.099998,105.500000,106.330002,100.651566
2017-02-01,106.750000,104.010002,105.000000,99.392593
2017-02-02,105.489998,104.610001,105.139999,99.525063
2017-02-03,107.540001,105.599998,106.580002,100.888206
2017-02-06,106.620003,105.690002,106.589996,100.897659
2017-02-07,107.150002,106.040001,106.599998,100.907158
2017-02-08,106.900002,105.800003,106.720001,101.020752
2017-02-09,107.540001,106.500000,107.300003,101.569763
2017-02-10,107.639999,107.199997,107.269997,101.541351
2017-02-13,108.330002,107.540001,108.279999,102.497429
2017-02-14,109.209999,107.760002,108.879997,103.065384
2017-02-15,110.059998,108.769997,109.660004,103.803726
2017-02-16,110.199997,108.889999,109.300003,103.462959
2017-02-17,110.000000,108.980003,109.419998,103.576553
2017-02-21,110.239998,109.339996,110.160004,104.277039
2017-02-22,110.410004,109.160004,109.440002,103.595512
2017-02-23,110.750000,109.599998,110.739998,104.826035
2017-02-24,111.000000,110.199997,111.000000,105.072128
2017-02-27,110.989998,109.760002,110.570000,104.665108
2017-02-28,110.870003,109.989998,110.459999,104.560982
2017-03-01,112.919998,110.779999,112.309998,106.312195
2017-03-02,112.290001,111.300003,111.330002,105.384529
2017-03-03,111.839996,110.959999,111.739998,105.772659
2017-03-06,111.790001,111.010002,111.360001,105.412933
2017-03-07,111.699997,110.739998,110.959999,105.034294
2017-03-08,111.449997,110.790001,110.980003,105.053207
2017-03-09,111.370003,110.650002,110.790001,104.873375
2017-03-10,111.550003,110.610001,111.209999,105.270950
2017-03-13,111.800003,111.129997,111.529999,105.573845
2017-03-14,111.470001,110.129997,110.489998,104.589394
2017-03-15,112.419998,110.489998,112.019997,106.037697
2017-03-16,112.970001,111.580002,112.669998,106.652962
2017-03-17,113.500000,112.760002,112.830002,106.804436
2017-03-20,112.989998,111.849998,112.410004,106.406868
2017-03-21,112.769997,110.430000,110.709999,104.797661
2017-03-22,111.910004,110.790001,111.449997,105.498138
2017-03-23,112.449997,111.269997,111.599998,105.640129
2017-03-24,112.470001,111.669998,111.980003,105.999817
2017-03-27,112.300003,110.330002,111.940002,105.961937
2017-03-28,112.750000,111.470001,112.470001,106.463669
2017-03-29,112.330002,111.519997,112.059998,106.075531
2017-03-30,112.699997,111.570000,112.669998,106.652962
2017-03-31,113.180000,112.440002,112.470001,106.463669
2017-04-03,112.970001,111.360001,112.239998,106.245949
2017-04-04,112.849998,111.900002,112.089996,106.103935
2017-04-05,113.180000,111.900002,112.070000,106.293633
2017-04-06,112.610001,111.709999,112.430000,106.635063
2017-04-07,112.750000,111.839996,112.239998,106.454880
2017-04-10,113.070000,112.290001,112.320000,106.530762
2017-04-11,112.570000,111.470001,112.110001,106.331566
2017-04-12,112.300003,111.349998,111.470001,105.724556
2017-04-13,112.190002,111.010002,111.220001,105.487450
2017-04-17,112.739998,111.529999,112.669998,106.862709
2017-04-18,113.169998,112.099998,112.519997,106.720436
2017-04-19,113.160004,112.110001,112.290001,106.502312
2017-04-20,114.900002,112.669998,114.589996,108.683723
2017-04-21,115.610001,114.010002,114.269997,108.380226
2017-04-24,115.989998,115.000000,115.699997,109.736542
2017-04-25,116.480003,115.889999,116.129997,110.144356
2017-04-26,116.559998,115.949997,116.169998,110.182312
2017-04-27,117.309998,116.120003,117.099998,111.064384
2017-04-28,117.370003,116.070000,116.320000,110.324570
2017-05-01,117.290001,116.220001,116.370003,110.372009
2017-05-02,119.709999,117.650002,118.120003,112.031822
2017-05-03,118.529999,116.550003,117.330002,111.282524
2017-05-04,118.080002,116.900002,117.919998,111.842110
2017-05-05,118.379997,117.199997,117.500000,111.443787
2017-05-08,117.709999,116.389999,116.610001,110.599648
2017-05-09,116.910004,116.040001,116.410004,110.409943
2017-05-10,116.769997,116.010002,116.650002,110.637604
2017-05-11,116.879997,115.779999,116.529999,110.523781
2017-05-12,117.220001,116.150002,117.129997,111.092819
2017-05-15,118.559998,117.089996,118.209999,112.117195
2017-05-16,118.570000,117.699997,118.489998,112.382751
2017-05-17,117.910004,116.650002,116.800003,110.779831
2017-05-18,116.650002,115.550003,116.239998,110.248711
2017-05-19,117.889999,116.510002,117.580002,111.519661
2017-05-22,119.099998,117.580002,119.000000,112.866447
2017-05-23,119.930000,118.970001,119.599998,113.435532
2017-05-24,120.720001,119.529999,120.699997,114.478851
2017-05-25,122.480003,120.949997,121.919998,115.635971
2017-05-26,122.080002,121.320000,121.629997,115.360909
2017-05-30,121.790001,121.029999,121.650002,115.379890
2017-05-31,122.980003,121.150002,122.879997,116.546478
2017-06-01,123.400002,122.110001,123.400002,117.039688
2017-06-02,125.300003,123.349998,125.199997,118.746902
2017-06-05,126.190002,125.250000,125.900002,119.410828
2017-06-06,125.940002,124.980003,125.239998,118.784843
2017-06-07,125.879997,124.769997,125.190002,118.737419
2017-06-08,125.400002,124.059998,124.760002,118.329575
2017-06-09,124.940002,121.709999,123.040001,116.698235
2017-06-12,122.089996,120.199997,120.760002,114.535721
2017-06-13,122.709999,121.089996,122.320000,116.015312
2017-06-14,123.160004,121.760002,122.500000,116.186066
2017-06-15,121.629997,119.889999,121.419998,115.161713
2017-06-16,122.199997,120.720001,121.959999,115.673882
2017-06-19,123.120003,122.260002,123.089996,116.745651
2017-06-20,123.769997,122.669998,122.930000,116.593872
2017-06-21,123.540001,122.440002,123.099998,116.755135
2017-06-22,123.519997,122.290001,123.300003,116.944832
2017-06-23,125.000000,123.120003,124.010002,117.618202
2017-06-26,124.580002,123.190002,123.519997,117.153481
2017-06-27,123.510002,122.739998,122.739998,116.413689
2017-06-28,124.870003,122.570000,124.809998,118.376984
2017-06-29,124.680000,121.199997,121.510002,115.247078
2017-06-30,122.419998,121.209999,121.449997,115.190193
2017-07-03,122.309998,120.720001,120.779999,114.554718
2017-07-05,122.160004,121.120003,121.980003,115.903984
2017-07-06,121.680000,120.650002,120.800003,114.782776
2017-07-07,122.720001,121.070000,122.199997,116.113007
2017-07-10,123.190002,121.820000,122.730003,116.616623
2017-07-11,124.709999,122.500000,124.230003,118.041916
2017-07-12,125.750000,124.599998,125.279999,119.039619
2017-07-13,126.400002,125.370003,125.470001,119.220131
2017-07-14,127.529999,125.559998,127.010002,120.683441
2017-07-17,127.580002,126.540001,127.430000,121.082497
2017-07-18,128.160004,127.000000,127.730003,121.367584
2017-07-19,128.270004,127.559998,128.039993,121.662125
2017-07-20,128.839996,127.940002,128.470001,122.070717
2017-07-21,130.199997,128.320007,129.270004,122.830841
2017-07-24,129.899994,128.600006,129.520004,123.068398
2017-07-25,130.179993,129.220001,129.979996,123.505478
2017-07-26,131.179993,129.759995,130.990005,124.465225
2017-07-27,132.199997,126.550003,128.929993,122.507751
2017-07-28,129.990005,127.309998,127.910004,121.538605
2017-07-31,128.449997,127.400002,127.800003,121.434059
2017-08-01,129.979996,128.500000,129.490005,123.039902
2017-08-02,130.610001,129.179993,130.610001,124.104095
2017-08-03,130.570007,129.240005,129.889999,123.419960
2017-08-04,130.250000,129.440002,129.820007,123.353455
2017-08-07,130.500000,129.550003,130.380005,123.885536
2017-08-08,130.309998,129.300003,129.839996,123.372429
2017-08-09,130.029999,128.770004,129.720001,123.258461
2017-08-10,129.410004,127.589996,127.669998,121.310562
2017-08-11,129.419998,127.860001,128.550003,122.146729
2017-08-14,131.289993,129.000000,131.089996,124.560181
2017-08-15,131.990005,130.949997,131.580002,125.025772
2017-08-16,132.630005,131.809998,132.369995,125.776421
2017-08-17,132.500000,130.820007,130.880005,124.360664
2017-08-18,131.970001,130.360001,131.139999,124.607689
2017-08-21,132.089996,131.130005,131.940002,125.367859
2017-08-22,134.240005,132.279999,133.800003,127.135216
2017-08-23,133.479996,132.669998,133.070007,126.441574
2017-08-24,133.460007,131.979996,132.960007,126.337074
2017-08-25,133.600006,132.559998,132.750000,126.137520
2017-08-28,134.000000,132.710007,133.850006,127.182678
2017-08-29,134.210007,132.740005,133.839996,127.173172
2017-08-30,134.240005,133.479996,133.800003,127.135216
2017-08-31,134.500000,133.279999,133.300003,126.660118
2017-09-01,133.899994,133.139999,133.240005,126.603111
2017-09-05,132.929993,131.679993,132.660004,126.052017
2017-09-06,133.660004,132.589996,132.889999,126.270546
2017-09-07,138.639999,135.649994,136.529999,129.729218
2017-09-08,137.740005,136.059998,137.220001,130.384872
2017-09-11,141.990005,139.179993,141.990005,134.917236
2017-09-12,143.520004,141.809998,142.419998,135.325806
2017-09-13,142.130005,139.539993,140.100006,133.121384
2017-09-14,141.800003,139.369995,141.470001,134.423172
2017-09-15,142.690002,139.809998,141.580002,134.527664
2017-09-18,141.690002,140.509995,141.399994,134.356644
2017-09-19,143.589996,141.869995,142.490005,135.392380
2017-09-20,143.070007,141.419998,142.240005,135.154816
2017-09-21,142.179993,141.190002,141.720001,134.660660
2017-09-22,142.399994,141.500000,141.889999,134.822205
2017-09-25,142.100006,138.440002,138.570007,131.667648
2017-09-26,139.380005,137.750000,138.369995,131.477509
2017-09-27,140.179993,138.550003,139.669998,132.712814
2017-09-28,140.210007,138.839996,140.199997,133.216446
2017-09-29,141.740005,140.419998,141.199997,134.166611
2017-10-02,142.929993,141.470001,141.820007,134.755737
2017-10-03,143.179993,141.699997,143.020004,135.895966
2017-10-04,143.000000,141.320007,142.089996,135.012253
2017-10-05,143.779999,142.429993,143.750000,136.801422
2017-10-06,143.779999,142.770004,143.520004,136.582535
2017-10-09,145.179993,142.899994,144.550003,137.562729
2017-10-10,146.369995,144.779999,145.649994,138.609543
2017-10-11,147.119995,145.600006,146.850006,139.751480
2017-10-12,148.160004,146.440002,146.740005,139.646881
2017-10-13,148.449997,147.289993,147.339996,140.217850
2017-10-16,148.039993,145.160004,146.220001,139.151947
2017-10-17,146.460007,145.529999,145.929993,138.876007
2017-10-18,146.770004,145.600006,146.190002,139.123444
2017-10-19,146.119995,144.660004,144.979996,137.971954
2017-10-20,145.729996,144.570007,145.380005,138.352554
2017-10-23,146.500000,145.300003,145.559998,138.523865
2017-10-24,146.490005,145.350006,145.800003,138.752350
2017-10-25,146.979996,145.210007,146.240005,139.170990
2017-10-26,147.369995,146.350006,146.589996,139.504120
2017-10-27,148.520004,146.059998,148.520004,141.340790
2017-10-30,151.479996,148.580002,148.949997,141.750076
2017-10-31,152.000000,146.149994,148.770004,141.578766
2017-11-01,151.490005,148.779999,148.889999,141.692917
2017-11-02,149.210007,147.470001,148.250000,141.083893
2017-11-03,149.360001,147.710007,149.289993,142.073563
2017-11-06,150.460007,148.960007,150.089996,142.834915
2017-11-07,150.479996,148.919998,149.970001,142.720718
2017-11-08,150.240005,148.199997,149.970001,142.720718
2017-11-09,149.869995,147.589996,149.289993,142.073563
2017-11-10,149.759995,148.710007,149.539993,142.311523
2017-11-13,150.199997,148.740005,149.690002,142.454254
2017-11-14,150.490005,149.050003,149.949997,142.701645
2017-11-15,149.509995,148.100006,148.330002,141.160004
2017-11-16,150.539993,148.600006,150.330002,143.063309
2017-11-17,149.520004,148.279999,149.020004,141.816650
2017-11-20,150.289993,149.229996,149.559998,142.330551
2017-11-21,152.630005,149.929993,152.509995,145.137909
2017-11-22,152.550003,150.949997,151.250000,143.938858
2017-11-24,153.000000,151.199997,152.740005,145.356888
2017-11-27,153.940002,152.720001,152.970001,145.575760
2017-11-28,154.649994,153.360001,154.190002,146.736725
2017-11-29,154.470001,145.279999,148.350006,141.179016
2017-11-30,151.169998,148.210007,150.470001,143.196518
2017-12-01,150.990005,147.350006,149.690002,142.454254
2017-12-04,150.589996,143.380005,143.429993,136.496887
2017-12-05,146.320007,140.610001,145.130005,138.114670
2017-12-06,148.070007,144.619995,147.419998,140.293976
2017-12-07,150.410004,147.509995,149.449997,142.225876
2017-12-08,150.440002,149.169998,149.889999,142.644608
2017-12-11,151.250000,150.100006,150.880005,143.586685
2017-12-12,153.729996,150.610001,152.500000,145.128448
2017-12-13,153.440002,151.660004,151.690002,144.357605
2017-12-14,153.550003,151.779999,151.929993,144.586014
2017-12-15,153.619995,150.860001,153.399994,145.984970
2017-12-18,154.649994,153.059998,153.119995,145.718445
2017-12-19,153.160004,151.429993,151.679993,144.348114
2017-12-20,152.729996,151.039993,151.449997,144.129166
2017-12-21,152.229996,150.429993,150.529999,143.253632
2017-12-22,151.520004,150.309998,150.850006,143.558182
2017-12-26,151.339996,149.889999,151.279999,143.967422
2017-12-27,151.779999,151.100006,151.399994,144.081604
2017-12-28,152.619995,151.199997,151.770004,144.433701
2017-12-29,152.899994,151.360001,151.360001,144.043549
2018-01-02,153.410004,151.119995,151.910004,144.566910
2018-01-03,153.979996,152.160004,153.820007,146.384628
2018-01-04,157.399994,154.320007,155.809998,148.278442
2018-01-05,159.039993,156.190002,159.039993,151.352280
2018-01-08,160.479996,158.080002,159.270004,151.809875
2018-01-09,160.110001,158.539993,159.500000,152.029068
2018-01-10,159.970001,157.570007,159.860001,152.372116
2018-01-11,161.130005,159.440002,160.919998,153.382553
2018-01-12,162.520004,160.250000,162.330002,154.726456
2018-01-16,163.940002,161.309998,162.289993,154.688354
2018-01-17,164.500000,162.880005,164.320007,156.623260
2018-01-18,165.979996,164.110001,165.479996,157.728928
2018-01-19,166.949997,165.160004,166.830002,159.015717
2018-01-22,168.330002,166.289993,168.279999,160.397797
2018-01-23,168.949997,166.649994,167.190002,159.358871
2018-01-24,168.100006,165.949997,167.009995,159.187302
2018-01-25,168.929993,167.130005,168.589996,160.693283
2018-01-26,170.360001,168.789993,170.339996,162.361298
2018-01-29,170.809998,168.289993,168.550003,160.655136
2018-01-30,168.000000,166.300003,167.190002,159.358871
2018-01-31,169.669998,167.020004,169.000000,161.084091
2018-02-01,176.720001,171.000000,172.929993,164.829987
2018-02-02,177.110001,170.419998,170.550003,162.561493
2018-02-05,171.960007,164.009995,164.589996,156.880615
2018-02-06,169.360001,156.800003,169.279999,161.350937
2018-02-07,172.610001,167.449997,168.729996,160.826721
2018-02-08,169.240005,160.460007,160.619995,153.096527
2018-02-09,166.490005,158.570007,165.199997,157.462051
2018-02-12,168.820007,165.580002,168.190002,160.311996
2018-02-13,170.770004,167.009995,170.119995,162.151566
2018-02-14,172.660004,169.000000,172.520004,164.439163
2018-02-15,174.699997,171.360001,174.690002,166.507492
2018-02-16,176.669998,174.139999,175.649994,167.422562
2018-02-20,176.429993,174.039993,175.350006,167.136658
2018-02-21,176.350006,172.279999,172.320007,164.248581
2018-02-22,173.830002,170.800003,172.949997,164.849060
2018-02-23,175.779999,172.490005,175.759995,167.527435
2018-02-26,178.139999,176.059998,177.869995,169.538574
2018-02-27,179.169998,175.929993,175.929993,167.689499
2018-02-28,178.970001,175.750000,175.759995,167.527435
2018-03-01,177.350006,172.149994,173.490005,165.363785
2018-03-02,175.330002,169.270004,175.020004,166.822128
2018-03-05,179.270004,172.910004,178.529999,170.167679
2018-03-06,180.089996,176.949997,177.529999,169.214523
2018-03-07,179.710007,175.550003,179.210007,170.815842
2018-03-08,179.889999,177.559998,179.250000,170.853958
2018-03-09,183.330002,179.970001,183.240005,174.657074
2018-03-12,183.520004,181.699997,182.539993,173.989853
2018-03-13,183.729996,180.149994,181.009995,172.531509
2018-03-14,182.000000,179.619995,180.119995,171.683243
2018-03-15,182.169998,180.020004,180.949997,172.474319
2018-03-16,183.169998,181.009995,182.550003,173.999359
2018-03-19,182.300003,179.110001,180.580002,172.121643
2018-03-20,183.250000,181.220001,182.509995,173.961227
2018-03-21,183.500000,180.740005,180.750000,172.283737
2018-03-22,180.259995,175.110001,175.520004,167.298676
2018-03-23,176.869995,171.660004,171.830002,163.781509
2018-03-26,177.470001,173.059998,177.169998,168.871414
2018-03-27,178.500000,170.970001,172.520004,164.439163
2018-03-28,172.929993,168.550003,170.350006,162.370850
2018-03-29,176.660004,170.820007,175.160004,166.955566
2018-04-02,175.770004,169.039993,171.600006,163.562302
2018-04-03,172.889999,169.809998,172.470001,164.391495
2018-04-04,174.009995,167.940002,173.690002,165.554382
2018-04-05,177.440002,174.539993,175.800003,167.565552
2018-04-06,175.149994,168.960007,169.699997,161.981583
2018-04-09,174.089996,170.139999,170.339996,162.592514
2018-04-10,175.449997,172.020004,174.720001,166.773285
2018-04-11,175.600006,172.119995,172.360001,164.520645
2018-04-12,176.479996,173.160004,174.800003,166.849640
2018-04-13,176.100006,172.699997,174.270004,166.343781
2018-04-16,176.100006,172.970001,173.869995,165.961990
2018-04-17,179.190002,174.669998,178.339996,170.228607
2018-04-18,179.800003,177.070007,179.460007,171.297760
2018-04-19,179.570007,178.259995,179.009995,170.868195
2018-04-20,179.490005,176.500000,177.080002,169.025909
2018-04-23,178.350006,174.699997,175.429993,167.451035
2018-04-24,177.550003,171.190002,173.240005,165.360657
2018-04-25,173.869995,170.649994,172.470001,164.625595
2018-04-26,179.630005,174.220001,178.160004,170.056839
2018-04-27,179.000000,175.179993,175.940002,167.937836
2018-04-30,180.000000,177.100006,178.270004,170.161804
2018-05-01,180.360001,176.910004,180.250000,172.051773
2018-05-02,188.250000,183.119995,185.820007,177.368439
2018-05-03,187.889999,183.940002,186.479996,177.998428
2018-05-04,188.789993,185.110001,188.169998,179.611542
2018-05-07,189.520004,187.630005,189.100006,180.499268
2018-05-08,190.660004,188.020004,190.529999,181.864227
2018-05-09,191.679993,189.000000,190.630005,181.959671
2018-05-10,193.720001,190.940002,193.050003,184.269669
2018-05-11,194.089996,192.039993,193.350006,184.555954
2018-05-14,194.720001,191.589996,192.119995,183.381897
2018-05-15,192.199997,190.149994,192.000000,183.267380
2018-05-16,192.910004,191.440002,192.380005,183.630096
2018-05-17,192.440002,190.589996,191.199997,182.503754
2018-05-18,192.089996,190.389999,190.399994,181.740097
2018-05-21,192.830002,190.009995,191.199997,182.503754
2018-05-22,192.639999,190.839996,191.619995,182.904694
2018-05-23,193.000000,190.300003,192.990005,184.212341
2018-05-24,193.399994,190.000000,191.910004,183.181412
2018-05-25,191.889999,189.720001,191.169998,182.475128
2018-05-29,190.490005,186.600006,189.529999,180.909668
2018-05-30,191.929993,189.899994,191.759995,183.038284
2018-05-31,192.440002,189.820007,190.119995,181.472855
2018-06-01,195.369995,191.899994,195.369995,186.484100
2018-06-04,198.110001,195.229996,197.729996,188.736710
2018-06-05,199.710007,197.830002,199.360001,190.292648
2018-06-06,203.289993,199.770004,203.210007,193.967453
2018-06-07,204.000000,198.300003,199.539993,190.464401
2018-06-08,200.529999,199.000000,200.039993,190.941635
2018-06-11,201.000000,198.259995,198.490005,189.462219
2018-06-12,200.149994,198.190002,200.130005,191.027603
2018-06-13,201.619995,199.210007,199.410004,190.340317
2018-06-14,201.389999,199.050003,199.309998,190.244888
2018-06-15,199.669998,197.570007,199.529999,190.454880
2018-06-18,201.449997,197.410004,201.130005,191.982162
2018-06-19,199.929993,197.270004,199.690002,190.607605
2018-06-20,203.460007,200.250000,201.539993,192.373444
2018-06-21,203.679993,199.979996,200.779999,191.648041
2018-06-22,201.869995,199.610001,201.479996,192.316223
2018-06-25,200.440002,193.710007,194.979996,186.111847
2018-06-26,198.660004,195.759995,196.460007,187.524536
2018-06-27,198.199997,193.160004,193.179993,184.393738
2018-06-28,197.750000,193.210007,197.100006,188.135437
2018-06-29,198.309998,196.179993,196.520004,187.581787
2018-07-02,197.970001,194.750000,197.669998,188.679520
2018-07-03,198.580002,196.139999,196.289993,187.362244
2018-07-05,198.960007,197.149994,198.869995,189.824890
2018-07-06,200.259995,197.479996,199.520004,190.685074
2018-07-09,201.589996,199.250000,200.929993,192.032608
2018-07-10,202.750000,200.119995,201.520004,192.596527
2018-07-11,204.149994,200.250000,203.839996,194.813751
2018-07-12,209.190002,204.750000,207.779999,198.579285
2018-07-13,207.529999,203.440002,205.910004,196.792130
2018-07-16,206.000000,203.759995,204.080002,195.043121
2018-07-17,206.699997,201.630005,206.369995,197.231750
2018-07-18,208.380005,205.380005,208.360001,199.133621
2018-07-19,208.710007,205.759995,206.059998,196.935471
2018-07-20,207.350006,206.179993,206.710007,197.556717
2018-07-23,207.960007,205.649994,207.839996,198.636612
2018-07-24,210.399994,208.309998,209.580002,200.299545
2018-07-25,214.279999,209.649994,214.160004,204.676804
2018-07-26,211.800003,204.559998,207.369995,198.187424
2018-07-27,211.750000,201.220001,202.940002,193.953629
2018-07-30,203.330002,196.199997,197.869995,189.108109
2018-07-31,200.619995,196.229996,198.000000,189.232391
2018-08-01,201.360001,198.350006,201.199997,192.290695
2018-08-02,202.190002,197.869995,202.009995,193.064789
2018-08-03,202.429993,198.279999,201.199997,192.290695
2018-08-06,202.460007,200.509995,201.539993,192.615585
2018-08-07,203.149994,201.960007,202.619995,193.647736
2018-08-08,203.580002,202.080002,202.860001,193.877136
2018-08-09,204.660004,202.649994,203.600006,194.584442
2018-08-10,203.910004,202.160004,202.649994,193.676453
2018-08-13,204.339996,201.889999,202.309998,193.351517
2018-08-14,204.050003,201.389999,203.880005,194.851990
2018-08-15,203.050003,199.500000,200.240005,191.373230
2018-08-16,204.229996,200.820007,203.600006,194.584442
2018-08-17,204.600006,202.009995,203.210007,194.211670
2018-08-20,204.979996,202.360001,204.750000,195.683456
2018-08-21,205.929993,202.630005,203.089996,194.096970
2018-08-22,205.220001,202.250000,204.309998,195.262924
2018-08-23,205.960007,204.179993,205.220001,196.132660
2018-08-24,209.500000,205.570007,209.399994,200.127548
2018-08-27,211.750000,210.179993,211.529999,202.163223
2018-08-28,213.029999,210.940002,212.630005,203.214508
2018-08-29,215.860001,212.449997,214.570007,205.068634
2018-08-30,215.279999,212.830002,213.800003,204.332733
2018-08-31,215.800003,213.500000,215.559998,206.014832
2018-09-04,217.350006,214.679993,216.820007,207.219025
2018-09-05,215.770004,210.309998,211.160004,201.809631
2018-09-06,213.270004,210.470001,212.770004,203.348312
2018-09-07,213.240005,209.699997,211.089996,201.742706
2018-09-10,213.479996,211.380005,211.669998,202.297028
2018-09-11,213.559998,210.100006,213.449997,203.998199
2018-09-12,214.460007,211.860001,214.029999,204.552536
2018-09-13,218.690002,214.369995,217.220001,207.601273
2018-09-14,218.820007,216.419998,217.960007,208.308472
2018-09-17,219.979996,216.110001,216.470001,206.884476
2018-09-18,220.960007,217.300003,220.050003,210.306015
2018-09-19,221.410004,217.160004,218.190002,208.528336
2018-09-20,221.919998,218.899994,221.389999,211.586624
2018-09-21,223.369995,220.889999,221.899994,212.074036
2018-09-24,222.139999,218.210007,221.350006,211.548431
2018-09-25,223.039993,221.220001,222.119995,212.284271
2018-09-26,224.360001,221.699997,222.259995,212.418076
2018-09-27,223.610001,222.059998,222.309998,212.465881
2018-09-28,223.690002,221.050003,222.610001,212.752579
2018-10-01,225.350006,223.089996,223.770004,213.861237
2018-10-02,223.729996,221.009995,222.369995,212.523193
2018-10-03,224.330002,222.550003,223.130005,213.249542
2018-10-04,222.149994,214.589996,216.149994,206.578644
2018-10-05,217.190002,211.850006,213.259995,204.052612
2018-10-08,211.800003,203.250000,208.259995,199.268524
2018-10-09,210.990005,206.690002,209.759995,200.703720
2018-10-10,209.330002,196.009995,196.690002,188.198013
2018-10-11,199.729996,192.910004,194.509995,186.112137
2018-10-12,204.839996,199.539993,204.220001,195.402985
2018-10-15,203.800003,199.529999,200.320007,191.671356
2018-10-16,208.119995,202.529999,207.779999,198.809280
2018-10-17,208.000000,204.690002,207.380005,198.426514
2018-10-18,207.220001,202.259995,203.619995,194.828842
2018-10-19,207.440002,203.000000,203.059998,194.293060
2018-10-22,206.259995,201.880005,204.500000,195.670883
2018-10-23,203.729996,196.600006,202.429993,193.690216
2018-10-24,203.470001,195.380005,195.690002,187.241211
2018-10-25,205.100006,195.710007,204.199997,195.383774
2018-10-26,202.410004,195.729996,197.490005,188.963531
2018-10-29,202.339996,187.630005,191.039993,182.792007
2018-10-30,193.630005,183.750000,187.729996,179.624878
2018-10-31,199.960007,193.250000,197.669998,189.135727
2018-11-01,200.000000,195.009995,199.710007,191.087662
2018-11-02,200.990005,195.250000,197.720001,189.183548
2018-11-05,199.130005,194.289993,197.979996,189.432358
2018-11-06,200.669998,197.529999,199.149994,190.551834
2018-11-07,208.380005,201.740005,208.240005,199.249405
2018-11-08,208.860001,206.000000,208.860001,199.842621
2018-11-09,207.979996,203.419998,205.619995,196.742523
2018-11-12,205.250000,198.729996,199.139999,190.542267
2018-11-13,202.250000,197.550003,198.169998,189.614151
2018-11-14,202.229996,195.610001,197.580002,189.049637
2018-11-15,201.149994,194.330002,200.710007,192.044510
2018-11-16,200.910004,197.449997,199.039993,190.446579
2018-11-19,199.399994,188.550003,189.279999,181.107941
2018-11-20,188.800003,177.399994,187.059998,178.983795
2018-11-21,190.089996,186.240005,187.660004,179.557907
2018-11-23,186.229996,182.259995,182.600006,174.716370
2018-11-26,192.229996,183.679993,191.850006,183.567017
2018-11-27,193.039993,189.449997,192.979996,184.648224
2018-11-28,202.470001,193.270004,202.279999,193.546707
2018-11-29,202.050003,196.309998,196.660004,188.169342
2018-11-30,201.669998,195.800003,201.070007,192.388977
2018-12-03,209.910004,205.940002,209.860001,200.799454
2018-12-04,209.520004,199.619995,200.490005,191.833984
2018-12-06,203.369995,194.220001,202.990005,194.226059
2018-12-07,206.520004,194.899994,196.500000,188.016266
2018-12-10,198.720001,193.000000,198.059998,189.508926
2018-12-11,201.399994,196.059998,197.740005,189.202667
2018-12-12,205.960007,200.259995,200.289993,191.642609
2018-12-13,202.199997,195.309998,198.960007,190.370087
2018-12-14,197.240005,193.190002,195.330002,186.896759
2018-12-17,193.539993,188.770004,190.449997,182.227463
2018-12-18,194.350006,190.100006,191.610001,183.337402
2018-12-19,194.350006,184.759995,187.119995,179.041214
2018-12-20,188.339996,180.229996,182.710007,174.821671
2018-12-21,185.270004,175.000000,175.190002,167.626266
2018-12-24,177.979996,171.889999,174.649994,167.109634
2018-12-26,186.500000,176.000000,186.429993,178.380997
2018-12-27,188.699997,180.160004,188.690002,180.543457
2018-12-28,190.100006,184.179993,186.160004,178.122696
2018-12-31,189.000000,186.360001,188.649994,180.505157
2019-01-02,190.820007,185.309998,189.740005,181.548111
2019-01-03,187.509995,180.979996,181.179993,173.357620
2019-01-04,191.250000,184.440002,189.759995,181.567215
2019-01-07,193.020004,189.710007,191.220001,182.964218
2019-01-08,192.490005,188.500000,192.279999,184.296478
2019-01-09,196.550003,193.279999,195.770004,187.641586
2019-01-10,197.240005,191.320007,196.949997,188.772598
2019-01-11,196.699997,194.710007,195.899994,187.766190
2019-01-14,197.000000,194.000000,195.429993,187.315720
2019-01-15,197.350006,193.100006,196.520004,188.360443
2019-01-16,198.410004,196.500000,197.770004,189.558563
2019-01-17,200.399994,197.100006,199.309998,191.034576
2019-01-18,202.529999,200.020004,202.000000,193.612885
2019-01-22,201.000000,197.649994,199.460007,191.178406
2019-01-23,201.059998,196.600006,198.350006,190.114456
2019-01-24,200.199997,197.929993,199.789993,191.494659
2019-01-25,203.889999,199.789993,202.940002,194.513901
2019-01-28,200.979996,198.059998,200.160004,191.849319
2019-01-29,200.669998,197.660004,199.240005,190.967514
2019-01-30,204.830002,199.899994,204.020004,195.549057
2019-01-31,212.970001,208.000000,211.130005,202.363831
2019-02-01,214.639999,211.199997,213.770004,204.894211
2019-02-04,214.949997,213.199997,214.910004,205.986893
2019-02-05,216.699997,214.949997,215.860001,206.897400
2019-02-06,215.899994,213.679993,215.300003,206.360703
2019-02-07,214.449997,211.600006,213.970001,205.085953
2019-02-08,216.630005,212.000000,216.580002,207.587540
2019-02-11,218.649994,216.339996,217.100006,208.085999
2019-02-12,219.490005,217.639999,218.910004,209.820847
2019-02-13,221.279999,219.440002,220.539993,211.383133
2019-02-14,220.979996,218.619995,219.809998,210.683411
2019-02-15,222.350006,220.479996,222.110001,212.887924
2019-02-19,221.960007,220.360001,220.589996,211.431046
2019-02-20,221.830002,219.399994,221.110001,211.929489
2019-02-21,221.029999,218.619995,219.309998,210.204224
2019-02-22,223.630005,219.699997,223.320007,214.047699
2019-02-25,225.399994,223.000000,223.320007,214.047699
2019-02-26,225.179993,222.050003,224.000000,214.699432
2019-02-27,224.610001,221.740005,224.570007,215.245789
2019-02-28,225.600006,223.660004,224.770004,215.437531
2019-03-01,228.149994,225.360001,227.250000,217.814514
2019-03-04,228.500000,223.669998,226.289993,216.894409
2019-03-05,226.919998,225.289993,226.220001,216.827316
2019-03-06,226.509995,223.949997,224.470001,215.149979
2019-03-07,224.440002,220.740005,222.410004,213.175507
2019-03-08,222.190002,215.929993,221.869995,212.657913
2019-03-11,226.130005,222.839996,225.639999,216.271362
2019-03-12,228.199997,226.220001,226.940002,217.517395
2019-03-13,231.330002,227.800003,228.500000,219.012634
2019-03-14,230.210007,227.410004,229.509995,219.980667
2019-03-15,232.759995,228.809998,231.169998,221.571777
2019-03-18,232.500000,229.110001,230.389999,220.824142
2019-03-19,232.100006,230.330002,231.009995,221.418411
2019-03-20,231.940002,227.839996,229.889999,220.344925
2019-03-21,237.080002,228.179993,235.869995,226.076614
2019-03-22,236.000000,230.679993,230.759995,221.178757
2019-03-25,231.940002,228.550003,230.419998,220.852890
2019-03-26,233.630005,231.449997,233.289993,223.603760
2019-03-27,234.199997,229.649994,232.520004,222.865692
2019-03-28,235.330002,232.369995,234.860001,225.108536
2019-03-29,236.639999,233.970001,235.449997,225.674042
2019-04-01,239.750000,236.940002,239.050003,229.124619
2019-04-02,239.869995,238.070007,239.259995,229.325867
2019-04-03,240.929993,237.820007,238.929993,229.009598
2019-04-04,238.770004,233.759995,236.059998,226.258713
2019-04-05,237.960007,236.110001,236.630005,226.805099
2019-04-08,236.279999,233.119995,236.270004,226.776291
2019-04-09,237.250000,235.000000,235.910004,226.430771
2019-04-10,237.949997,236.110001,237.059998,227.534546
2019-04-11,238.000000,235.039993,236.039993,226.555450
2019-04-12,239.000000,236.080002,238.830002,229.233368
2019-04-15,239.860001,237.190002,239.149994,229.540512
2019-04-16,240.970001,238.949997,240.089996,230.442795
2019-04-17,241.240005,238.949997,241.000000,231.316177
2019-04-18,242.649994,240.460007,240.889999,231.210587
2019-04-22,243.139999,239.070007,243.050003,233.283813
2019-04-23,244.500000,242.449997,243.490005,233.706131
2019-04-24,246.080002,242.809998,245.289993,235.433792
2019-04-25,246.850006,244.020004,245.610001,235.740952
2019-04-26,247.149994,243.220001,246.679993,236.767944
2019-04-29,248.210007,245.860001,247.130005,237.199936
2019-04-30,257.429993,250.509995,254.240005,244.024185
2019-05-01,256.250000,248.669998,248.750000,238.754761
2019-05-02,248.270004,244.279999,247.190002,237.257492
2019-05-03,249.850006,247.460007,247.949997,237.986969
2019-05-06,249.080002,240.050003,248.639999,238.649246
2019-05-07,247.729996,242.600006,245.059998,235.213074
2019-05-08,247.550003,243.750000,245.330002,235.472214
2019-05-09,245.529999,239.960007,245.309998,235.453033
2019-05-10,248.720001,241.330002,247.429993,237.487839
2019-05-13,243.910004,240.360001,241.380005,231.680969
2019-05-14,247.440002,241.899994,245.940002,236.057739
2019-05-15,251.039993,244.210007,249.149994,239.138718
2019-05-16,255.149994,250.330002,253.419998,243.237183
2019-05-17,254.289993,250.839996,252.550003,242.402084
2019-05-20,254.389999,249.330002,253.490005,243.304337
2019-05-21,255.949997,253.789993,255.360001,245.099213
2019-05-22,258.859985,254.500000,256.899994,246.577301
2019-05-23,255.699997,248.330002,249.729996,239.695404
2019-05-24,253.369995,250.330002,251.479996,241.375092
2019-05-28,257.760010,252.649994,253.429993,243.246780
2019-05-29,254.250000,251.270004,253.559998,243.371552
2019-05-30,256.059998,252.789993,254.190002,243.976212
2019-05-31,253.660004,250.839996,251.490005,241.384674
2019-06-03,252.979996,240.250000,242.259995,232.525589
2019-06-04,249.369995,241.720001,249.179993,239.167450
2019-06-05,256.970001,250.149994,256.260010,245.963028
2019-06-06,258.700012,254.860001,257.829987,247.469986
2019-06-07,266.869995,259.619995,265.799988,255.119644
2019-06-10,269.850006,265.279999,266.100006,255.407623
2019-06-11,267.890015,259.179993,263.660004,253.065689
2019-06-12,264.209991,261.359985,263.850006,253.248062
2019-06-13,265.230011,260.250000,261.200012,250.704605
2019-06-14,261.980011,259.420013,260.100006,249.648758
2019-06-17,261.709991,258.049988,259.200012,248.784943
2019-06-18,262.250000,255.070007,258.809998,248.410568
2019-06-19,260.619995,258.299988,259.869995,249.427948
2019-06-20,267.700012,262.500000,266.790009,256.070007
2019-06-21,268.149994,264.420013,264.470001,253.843185
2019-06-24,267.100006,265.130005,265.299988,254.639786
2019-06-25,266.309998,259.119995,259.730011,249.293594
2019-06-26,262.649994,259.989990,261.299988,250.800552
2019-06-27,263.579987,260.399994,261.100006,250.608566
2019-06-28,264.839996,261.329987,264.529999,253.900711
2019-07-01,269.989990,264.869995,266.769989,256.050781
2019-07-02,270.600006,266.429993,270.570007,259.698059
2019-07-03,273.079987,270.779999,273.079987,262.107178
2019-07-05,272.769989,269.089996,272.140015,261.204956
2019-07-08,272.070007,269.459991,271.230011,260.647552
2019-07-09,273.649994,269.500000,273.339996,262.675262
2019-07-10,277.100006,274.149994,275.380005,264.635651
2019-07-11,278.649994,276.079987,278.320007,267.461060
2019-07-12,279.739990,276.260010,279.540009,268.633362
2019-07-15,280.589996,278.549988,279.369995,268.470032
2019-07-16,280.630005,275.309998,276.619995,265.827240
2019-07-17,278.470001,275.269989,275.279999,264.539642
2019-07-18,277.250000,274.739990,276.779999,265.981110
2019-07-19,279.480011,275.420013,275.600006,264.847137
2019-07-22,279.359985,276.070007,278.609985,267.739655
2019-07-23,280.420013,276.899994,278.970001,268.085632
2019-07-24,280.299988,276.380005,280.250000,269.315643
2019-07-25,280.899994,277.549988,279.350006,268.450897
2019-07-26,282.290009,280.079987,282.070007,271.064636
2019-07-29,283.329987,280.429993,281.440002,270.459137
2019-07-30,282.369995,275.450012,278.160004,267.307190
2019-07-31,278.980011,265.690002,272.269989,261.646942
2019-08-01,279.309998,271.640015,274.160004,263.463226
2019-08-02,272.500000,265.679993,269.450012,258.937134
2019-08-05,262.649994,253.899994,256.839996,246.818985
2019-08-06,265.149994,260.179993,264.679993,254.353165
2019-08-07,270.000000,260.250000,269.309998,258.802490
2019-08-08,278.079987,271.600006,278.040009,267.191895
2019-08-09,276.899994,273.079987,274.950012,264.222473
2019-08-12,274.980011,268.890015,270.000000,259.465637
2019-08-13,275.369995,268.000000,274.529999,263.818848
2019-08-14,272.470001,265.850006,267.149994,256.726837
2019-08-15,273.149994,268.089996,271.890015,261.281860
2019-08-16,275.959991,273.790009,274.359985,263.655396
2019-08-19,278.570007,275.209991,278.070007,267.220764
2019-08-20,279.559998,275.850006,277.040009,266.230957
2019-08-21,282.100006,279.290009,282.010010,271.006897
2019-08-22,282.890015,276.760010,280.769989,269.815369
2019-08-23,282.089996,270.209991,271.890015,261.281860
2019-08-26,276.429993,272.980011,276.429993,265.644714
2019-08-27,279.089996,274.910004,276.640015,265.846466
2019-08-28,278.649994,273.369995,278.239990,267.384094
2019-08-29,281.980011,278.880005,281.380005,270.401581
2019-08-30,282.959991,278.730011,281.369995,270.391937
2019-09-03,282.839996,278.500000,280.109985,269.181061
2019-09-04,286.209991,282.149994,286.100006,274.937469
2019-09-05,293.459991,289.600006,292.079987,280.684113
2019-09-06,293.070007,290.049988,291.380005,280.011353
2019-09-09,293.690002,280.100006,283.359985,272.304260
2019-09-10,281.500000,270.339996,272.329987,261.704712
2019-09-11,276.000000,269.200012,269.950012,259.417572
2019-09-12,278.769989,273.190002,276.399994,265.615814
2019-09-13,278.149994,273.040009,276.320007,265.538971
2019-09-16,275.760010,272.709991,274.079987,263.386322
2019-09-17,278.630005,273.950012,276.250000,265.471680
2019-09-18,276.850006,270.440002,275.100006,264.366638
2019-09-19,278.149994,274.850006,275.910004,265.144989
2019-09-20,278.589996,270.910004,271.170013,260.589935
2019-09-23,273.739990,270.000000,273.149994,262.492615
2019-09-24,277.440002,269.059998,271.119995,260.541931
2019-09-25,272.989990,266.609985,272.750000,262.108307
2019-09-26,275.440002,272.630005,273.890015,263.203888
2019-09-27,275.630005,267.690002,269.130005,258.629456
2019-09-30,272.070007,269.320007,271.570007,260.974304
2019-10-01,273.649994,270.040009,270.940002,260.368774
2019-10-02,268.940002,262.519989,264.480011,254.160950
2019-10-03,268.540009,260.410004,268.290009,257.822327
2019-10-04,274.480011,269.160004,274.059998,263.367157
2019-10-07,273.500000,270.410004,272.190002,261.570129
2019-10-08,271.079987,266.589996,267.070007,256.961395
2019-10-09,273.140015,269.500000,272.239990,261.935760
2019-10-10,274.709991,271.260010,273.829987,263.465546
2019-10-11,280.000000,275.119995,275.910004,265.466858
2019-10-14,278.559998,275.559998,276.380005,265.919006
2019-10-15,279.959991,275.959991,278.559998,268.016541
2019-10-16,279.029999,274.799988,278.269989,267.737488
2019-10-17,280.440002,275.929993,276.510010,266.044159
2019-10-18,276.679993,269.899994,270.630005,260.386780
2019-10-21,274.359985,269.500000,274.299988,263.917694
2019-10-22,275.350006,261.010010,261.260010,251.371429
2019-10-23,264.190002,258.510010,260.850006,250.976852
2019-10-24,269.329987,263.559998,268.750000,258.577759
2019-10-25,272.179993,265.559998,270.190002,259.963348
2019-10-28,275.929993,271.369995,275.929993,265.485992
2019-10-29,278.290009,273.079987,274.290009,263.908203
2019-10-30,277.470001,273.000000,277.149994,266.659912
2019-10-31,279.089996,275.059998,276.809998,266.332764
2019-11-01,280.390015,276.119995,279.049988,268.487946
2019-11-04,282.239990,275.809998,276.329987,265.870850
2019-11-05,276.950012,268.420013,269.000000,258.818390
2019-11-06,271.670013,268.880005,269.859985,259.645752
2019-11-07,275.079987,269.859985,272.790009,262.464905
2019-11-08,274.950012,271.700012,274.890015,264.485443
2019-11-11,277.130005,273.059998,277.000000,266.515594
2019-11-12,279.500000,275.769989,277.140015,266.650330
2019-11-13,280.459991,275.000000,278.070007,267.545135
2019-11-14,279.630005,276.700012,279.630005,269.046021
2019-11-15,280.899994,278.130005,280.779999,270.152405
2019-11-18,281.769989,278.399994,280.859985,270.229492
2019-11-19,286.579987,280.940002,285.309998,274.511078
2019-11-20,287.730011,282.859985,285.380005,274.578400
2019-11-21,286.519989,283.589996,284.450012,273.683624
2019-11-22,285.359985,281.209991,282.570007,271.874756
2019-11-25,288.989990,283.700012,287.609985,276.723999
2019-11-26,290.649994,287.820007,289.380005,278.427032
2019-11-27,292.000000,288.910004,291.700012,280.659180
2019-11-29,293.000000,290.230011,292.230011,281.169128
2019-12-02,290.750000,283.890015,286.470001,275.627167
2019-12-03,287.600006,281.500000,287.089996,276.223755
2019-12-04,289.619995,286.119995,286.839996,275.983154
2019-12-05,290.950012,286.399994,289.850006,278.879211
2019-12-06,292.500000,289.679993,290.399994,279.408417
2019-12-09,290.959991,288.260010,289.059998,278.119141
2019-12-10,290.170013,287.709991,288.609985,277.686127
2019-12-11,290.320007,288.109985,290.049988,279.071594
2019-12-12,292.750000,288.269989,292.209991,281.149933
2019-12-13,296.529999,289.799988,296.089996,284.882996
2019-12-16,299.480011,296.859985,296.959991,285.720123
2019-12-17,298.500000,293.769989,296.000000,284.796539
2019-12-18,297.299988,294.739990,294.739990,283.584106
2019-12-19,298.179993,294.109985,297.529999,286.268463
2019-12-20,300.549988,296.809998,298.570007,287.269104
2019-12-23,299.829987,297.100006,297.269989,286.018402
2019-12-24,298.309998,296.600006,297.480011,286.220398
2019-12-26,299.369995,297.799988,299.200012,287.875275
2019-12-27,301.529999,298.179993,300.739990,289.356934
2019-12-30,301.049988,295.279999,297.720001,286.451324
2019-12-31,298.929993,295.769989,298.589996,287.288391
2020-01-02,303.529999,299.500000,303.390015,291.906738
2020-01-03,302.420013,298.600006,300.429993,289.058777
2020-01-06,301.329987,296.019989,301.230011,289.828491
2020-01-07,303.380005,299.880005,300.209991,288.847046
2020-01-08,306.950012,300.510010,305.100006,293.943604
2020-01-09,310.940002,308.019989,309.100006,297.797394
2020-01-10,311.950012,308.739990,311.170013,299.791748
2020-01-13,315.640015,312.899994,315.209991,303.683990
2020-01-14,316.420013,309.859985,310.640015,299.281006
2020-01-15,315.730011,311.040009,314.250000,302.759125
2020-01-16,320.329987,314.989990,320.299988,308.587921
2020-01-17,324.029999,319.239990,323.660004,311.824982
2020-01-21,325.660004,321.489990,321.929993,310.158234
2020-01-22,326.790009,324.119995,324.309998,312.451172
2020-01-23,325.250000,322.320007,324.980011,313.096649
2020-01-24,327.089996,321.660004,323.670013,311.834625
2020-01-27,319.359985,312.500000,315.769989,304.223480
2020-01-28,321.519989,315.459991,320.269989,308.558868
2020-01-29,324.440002,316.769989,320.320007,308.607147
2020-01-30,324.700012,318.010010,324.459991,312.595764
2020-01-31,324.459991,314.500000,315.940002,304.387299
2020-02-03,325.480011,318.429993,324.519989,312.653503
2020-02-04,331.739990,326.290009,329.119995,317.085388
2020-02-05,335.000000,324.170013,328.320007,316.314697
2020-02-06,331.230011,327.679993,329.299988,317.258728
2020-02-07,329.850006,325.869995,327.000000,315.042969
2020-02-10,330.279999,325.510010,330.279999,318.202911
2020-02-11,335.519989,329.660004,330.920013,318.819458
2020-02-12,334.450012,329.220001,334.160004,321.941071
2020-02-13,337.829987,332.130005,335.839996,323.559662
2020-02-14,341.040009,337.029999,340.950012,328.482758
2020-02-18,343.100006,340.390015,341.239990,328.762207
2020-02-19,347.239990,342.630005,344.559998,331.960693
2020-02-20,347.250000,338.170013,344.450012,331.854797
2020-02-21,343.890015,335.609985,339.700012,327.278473
2020-02-24,329.339996,313.839996,324.670013,312.798035
2020-02-25,323.230011,300.760010,302.890015,291.814453
2020-02-26,307.890015,297.890015,298.040009,287.141785
2020-02-27,297.450012,280.940002,285.820007,275.368652
2020-02-28,290.390015,273.549988,290.250000,279.636688
2020-03-02,306.959991,289.440002,306.739990,295.523651
2020-03-03,314.589996,290.829987,292.000000,281.322815
2020-03-04,302.799988,292.750000,302.359985,291.303833
2020-03-05,298.709991,288.239990,290.730011,280.099152
2020-03-06,288.850006,278.619995,287.010010,276.515137
2020-03-09,279.239990,261.179993,262.010010,252.429245
2020-03-10,280.869995,262.859985,280.570007,270.310638
2020-03-11,274.040009,263.309998,269.760010,259.895905
2020-03-12,262.489990,240.929993,241.500000,232.669266
2020-03-13,270.029999,245.500000,270.010010,260.136810
2020-03-16,257.730011,229.259995,235.649994,227.033173
2020-03-17,250.500000,231.960007,237.880005,229.181641
2020-03-18,229.100006,213.220001,227.929993,219.595474
2020-03-19,238.500000,211.550003,227.149994,218.843994
2020-03-20,236.020004,210.000000,211.419998,203.689148
2020-03-23,215.679993,199.990005,203.300003,195.866119
2020-03-24,238.440002,215.000000,237.070007,228.401291
2020-03-25,266.299988,240.360001,256.480011,247.101532
2020-03-26,265.809998,252.619995,263.179993,253.556473
2020-03-27,256.070007,244.699997,247.649994,238.594391
2020-03-30,254.250000,244.649994,253.250000,243.989609
2020-03-31,253.419998,241.080002,241.559998,232.727066
2020-04-01,237.100006,227.100006,228.610001,220.250580
2020-04-02,239.369995,227.350006,238.880005,230.145035
2020-04-03,239.880005,230.309998,237.029999,228.362701
2020-04-06,267.109985,250.009995,265.940002,256.215576
2020-04-07,282.869995,258.480011,259.079987,249.606384
2020-04-08,271.880005,258.910004,270.950012,261.446014
2020-04-09,276.000000,267.720001,269.399994,259.950378
2020-04-13,268.700012,255.750000,263.339996,254.102982
2020-04-14,275.640015,269.200012,270.720001,261.224152
2020-04-15,262.950012,255.619995,257.140015,248.120468
2020-04-16,258.390015,244.710007,246.759995,238.104568
2020-04-17,260.700012,251.509995,259.970001,250.851212
2020-04-20,256.630005,249.669998,251.729996,242.900192
2020-04-21,249.389999,244.100006,245.350006,236.743988
2020-04-22,258.600006,251.000000,256.910004,247.898499
2020-04-23,262.420013,255.270004,255.860001,246.885345
2020-04-24,259.829987,252.830002,258.760010,249.683609
2020-04-27,265.720001,259.510010,265.119995,255.820572
2020-04-28,272.649994,262.959991,264.600006,255.318787
2020-04-29,285.000000,276.260010,283.690002,273.739166
2020-04-30,281.630005,273.410004,274.970001,265.325012
2020-05-01,273.989990,267.209991,268.739990,259.313568
2020-05-04,270.070007,263.010010,269.260010,259.815308
2020-05-05,277.850006,273.299988,273.980011,264.369873
2020-05-06,276.959991,271.549988,272.440002,262.883850
2020-05-07,282.450012,277.239990,278.470001,268.702301
2020-05-08,283.420013,279.500000,282.440002,272.533051
2020-05-11,282.809998,277.630005,281.230011,271.365509
2020-05-12,282.329987,272.109985,272.109985,262.565369
2020-05-13,276.070007,264.190002,269.160004,259.718842
2020-05-14,277.559998,263.959991,277.309998,267.582977
2020-05-15,279.140015,273.290009,278.940002,269.155701
2020-05-18,292.089996,285.000000,289.899994,279.731384
2020-05-19,297.820007,287.489990,290.730011,280.532288
2020-05-20,301.149994,295.390015,298.799988,288.319183
2020-05-21,299.929993,292.750000,294.260010,283.938385
2020-05-22,296.799988,293.010010,294.910004,284.565643
2020-05-26,305.000000,301.940002,303.329987,292.690186
2020-05-27,304.730011,292.119995,299.769989,289.255096
2020-05-28,310.000000,298.839996,302.299988,291.696320
2020-05-29,304.429993,298.869995,300.890015,290.335938
2020-06-01,303.059998,297.899994,301.399994,290.827911
2020-06-02,306.109985,301.690002,303.589996,292.941132
2020-06-03,308.109985,302.209991,307.070007,296.299072
2020-06-04,306.619995,299.339996,301.369995,290.798981
2020-06-05,312.179993,305.649994,311.880005,300.940369
2020-06-08,313.579987,307.049988,310.410004,299.522003
2020-06-09,313.470001,308.200012,311.489990,300.564056
2020-06-10,316.059998,310.290009,313.149994,302.165863
2020-06-11,306.489990,291.059998,291.250000,281.033997
2020-06-12,299.989990,290.890015,297.790009,287.344666
2020-06-15,298.920013,288.750000,297.170013,286.746338
2020-06-16,309.089996,300.109985,304.480011,293.799896
2020-06-17,307.480011,303.079987,303.760010,293.105194
2020-06-18,305.100006,300.500000,304.850006,294.156921
2020-06-19,309.500000,296.500000,296.500000,286.099731
2020-06-22,304.950012,297.730011,304.440002,293.761353
2020-06-23,310.429993,304.420013,306.880005,296.115784
2020-06-24,305.519989,293.059998,294.010010,283.697205
2020-06-25,298.390015,290.670013,298.010010,287.556885
2020-06-26,298.109985,289.170013,289.339996,279.191010
2020-06-29,293.149994,285.149994,292.929993,282.655121
2020-06-30,296.600006,291.010010,295.700012,285.327911
2020-07-01,303.269989,295.119995,301.170013,290.606049
2020-07-02,306.890015,301.309998,302.420013,291.812195
2020-07-06,307.320007,303.170013,305.570007,294.851654
2020-07-07,307.790009,299.399994,299.910004,289.390289
2020-07-08,301.540009,297.399994,300.149994,290.008667
2020-07-09,300.720001,290.559998,294.589996,284.636444
2020-07-10,296.959991,291.500000,295.679993,285.689667
2020-07-13,298.619995,290.019989,290.179993,280.375427
2020-07-14,299.100006,288.649994,298.950012,288.849152
2020-07-15,306.769989,301.390015,305.720001,295.390472
2020-07-16,303.529999,298.910004,299.350006,289.235626
2020-07-17,305.239990,299.410004,304.059998,293.786499
2020-07-20,314.989990,301.920013,311.959991,301.419495
2020-07-21,314.049988,306.299988,307.600006,297.206970
2020-07-22,313.570007,308.130005,313.369995,302.781860
2020-07-23,317.239990,308.720001,309.899994,299.429108
2020-07-24,310.730011,304.540009,306.920013,296.549896
2020-07-27,310.000000,306.019989,308.859985,298.424316
2020-07-28,310.200012,306.029999,306.329987,295.979797
2020-07-29,311.660004,304.119995,309.299988,298.849426
2020-07-30,312.820007,303.040009,309.000000,298.559570
2020-07-31,310.089996,305.609985,308.529999,298.105469
2020-08-03,313.500000,309.299988,312.589996,302.028259
2020-08-04,315.690002,311.100006,314.390015,303.767456
2020-08-05,329.679993,315.869995,328.000000,316.917603
2020-08-06,331.220001,325.899994,330.140015,318.985352
2020-08-07,328.329987,323.929993,328.019989,316.936920
2020-08-10,329.739990,321.859985,322.880005,311.970581
2020-08-11,334.549988,323.579987,328.540009,317.439331
2020-08-12,331.399994,326.200012,327.630005,316.560120
2020-08-13,329.829987,325.619995,326.190002,315.168762
2020-08-14,327.640015,324.809998,326.799988,315.758148
2020-08-17,331.230011,326.679993,330.230011,319.072266
2020-08-18,331.399994,326.350006,331.000000,319.816223
2020-08-19,334.459991,330.000000,332.399994,321.168976
2020-08-20,338.000000,330.190002,337.320007,325.922638
2020-08-21,338.799988,335.970001,337.100006,325.710175
2020-08-24,343.829987,338.750000,343.640015,332.029175
2020-08-25,348.459991,343.329987,347.660004,335.913391
2020-08-26,352.290009,345.500000,351.019989,339.159882
2020-08-27,358.000000,350.579987,356.000000,343.971558
2020-08-28,367.250000,356.160004,366.119995,353.749634
2020-08-31,366.630005,357.690002,358.190002,346.087524
2020-09-01,359.440002,353.559998,356.899994,344.841125
2020-09-02,361.600006,356.279999,360.700012,348.512695
2020-09-03,358.940002,341.260010,343.839996,332.222443
2020-09-04,346.989990,326.549988,335.010010,323.690796
2020-09-08,335.709991,326.899994,329.880005,318.734070
2020-09-09,342.760010,332.369995,339.640015,328.164398
2020-09-10,345.130005,331.140015,332.880005,321.632690
2020-09-11,334.709991,327.309998,330.149994,318.994904
2020-09-14,340.000000,334.019989,338.600006,327.159424
2020-09-15,343.929993,338.529999,339.140015,327.681244
2020-09-16,346.040009,339.790009,341.850006,330.299683
2020-09-17,343.720001,336.000000,339.429993,327.961395
2020-09-18,341.140015,333.369995,335.260010,323.932343
2020-09-21,331.670013,320.809998,327.850006,316.772675
2020-09-22,336.029999,325.109985,335.309998,323.980652
2020-09-23,335.170013,323.470001,324.529999,313.564880
2020-09-24,330.779999,321.179993,328.209991,317.120544
2020-09-25,333.480011,322.100006,331.779999,320.569855
2020-09-28,340.570007,335.809998,338.390015,326.956512
2020-09-29,340.720001,335.820007,336.230011,324.869507
2020-09-30,343.649994,336.420013,338.170013,326.743927
2020-10-01,346.700012,340.279999,343.369995,331.768250
2020-10-02,342.609985,336.010010,338.829987,327.381744
2020-10-05,343.250000,338.970001,343.250000,331.652313
2020-10-06,346.359985,336.220001,337.429993,326.028992
2020-10-07,344.649994,340.339996,343.899994,332.280396
2020-10-08,347.690002,344.239990,345.149994,333.876495
2020-10-09,353.359985,347.000000,352.390015,340.879974
2020-10-12,355.000000,350.820007,352.040009,340.541443
2020-10-13,351.500000,345.019989,345.839996,334.543915
2020-10-14,347.190002,341.190002,342.700012,331.506500
2020-10-15,339.609985,332.820007,338.570007,327.511353
2020-10-16,344.980011,339.230011,339.399994,328.314270
2020-10-19,341.299988,330.429993,331.670013,320.836792
2020-10-20,336.799988,331.679993,331.720001,320.885132
2020-10-21,336.320007,331.299988,333.420013,322.529633
2020-10-22,335.380005,329.250000,333.600006,322.703674
2020-10-23,335.690002,328.309998,329.609985,318.844055
2020-10-26,327.239990,314.230011,318.059998,307.671204
2020-10-27,319.559998,312.359985,317.109985,306.752319
2020-10-28,302.000000,288.600006,291.380005,281.862732
2020-10-29,295.299988,287.549988,293.179993,283.603973
2020-10-30,291.850006,281.200012,288.640015,279.212311
2020-11-02,294.839996,288.119995,289.970001,280.498779
2020-11-03,300.339996,291.779999,295.390015,285.741760
2020-11-04,312.720001,302.239990,307.200012,297.166138
2020-11-05,319.350006,313.579987,316.529999,306.191284
2020-11-06,316.489990,310.089996,313.640015,303.395691
2020-11-09,357.000000,340.899994,344.559998,333.305756
2020-11-10,345.859985,333.440002,334.779999,323.845245
2020-11-11,337.700012,331.070007,332.390015,321.533264
2020-11-12,333.089996,326.299988,328.290009,317.567139
2020-11-13,336.109985,327.339996,335.029999,324.087067
2020-11-16,342.649994,333.170013,335.450012,324.493347
2020-11-17,337.769989,330.720001,336.500000,325.509064
2020-11-18,340.950012,334.859985,335.940002,324.967407
2020-11-19,339.160004,331.420013,333.880005,322.974640
2020-11-20,335.160004,323.000000,323.000000,312.449951
2020-11-23,333.200012,324.369995,332.040009,321.194702
2020-11-24,344.109985,334.119995,342.390015,331.206635
2020-11-25,343.709991,339.339996,341.320007,330.171631
2020-11-27,342.880005,337.609985,339.070007,327.995087
2020-11-30,338.049988,330.179993,336.510010,325.518707
2020-12-01,342.630005,337.619995,338.880005,327.811218
2020-12-02,340.239990,334.000000,340.220001,329.107513
2020-12-03,342.320007,334.119995,335.140015,324.193390
2020-12-04,344.350006,335.799988,344.350006,333.102570
2020-12-07,347.989990,340.049988,340.959991,329.823303
2020-12-08,342.829987,336.700012,340.790009,329.658905
2020-12-09,341.709991,334.690002,336.850006,325.847565
2020-12-10,335.540009,331.190002,331.519989,320.691711
2020-12-11,331.570007,325.529999,327.420013,316.725647
2020-12-14,338.750000,327.589996,331.149994,320.333771
2020-12-15,335.220001,327.619995,333.649994,322.752106
2020-12-16,334.000000,329.250000,332.100006,321.252838
2020-12-17,338.329987,333.399994,336.899994,325.895935
2020-12-18,341.600006,334.350006,340.329987,329.213928
2020-12-21,336.149994,327.239990,334.369995,323.448608
2020-12-22,335.220001,331.600006,332.239990,321.388123
2020-12-23,335.209991,329.029999,329.230011,318.476471
2020-12-24,336.369995,330.350006,336.000000,325.025330
2020-12-28,345.589996,336.869995,344.470001,333.218750
2020-12-29,348.750000,344.760010,346.660004,335.337189
2020-12-30,357.820007,347.209991,355.549988,343.936737
2020-12-31,359.410004,353.250000,356.940002,345.281403
2021-01-04,358.130005,347.359985,351.489990,340.009338
2021-01-05,353.000000,345.440002,347.420013,336.072449
2021-01-06,354.029999,344.559998,347.549988,336.198120
2021-01-07,352.369995,348.380005,349.859985,338.861633
2021-01-08,354.980011,349.489990,353.850006,342.726135
2021-01-11,353.420013,347.790009,348.200012,337.253876
2021-01-12,348.000000,336.029999,342.920013,332.139893
2021-01-13,349.760010,344.230011,346.329987,335.442535
2021-01-14,349.579987,326.690002,326.929993,316.652527
2021-01-15,329.690002,321.880005,323.260010,313.097809
2021-01-19,329.130005,324.660004,325.940002,315.693634
2021-01-20,337.929993,329.130005,334.910004,324.381653
2021-01-21,336.859985,331.750000,334.440002,323.926361
2021-01-22,335.149994,328.910004,328.989990,318.647705
2021-01-25,329.950012,317.230011,329.190002,318.841522
2021-01-26,330.540009,325.820007,327.700012,317.398285
2021-01-27,323.000000,313.119995,315.489990,305.572083
2021-01-28,329.000000,321.980011,324.279999,314.085815
2021-01-29,325.679993,312.380005,316.290009,306.346985
2021-02-01,323.519989,317.579987,321.559998,311.451263
2021-02-02,336.160004,323.450012,334.369995,323.858612
2021-02-03,336.000000,331.070007,332.820007,322.357361
2021-02-04,343.250000,335.059998,340.829987,330.115601
2021-02-05,344.329987,337.390015,338.750000,328.101013
2021-02-08,341.489990,335.529999,337.029999,326.434937
2021-02-09,336.220001,330.000000,333.440002,322.957825
2021-02-10,335.470001,332.250000,334.209991,323.703644
2021-02-11,349.589996,340.250000,342.869995,332.091370
2021-02-12,343.119995,336.700012,341.000000,330.280121
2021-02-16,344.000000,338.070007,341.209991,330.483551
2021-02-17,340.380005,335.839996,337.329987,326.725525
2021-02-18,339.950012,332.839996,338.459991,327.820007
2021-02-19,339.000000,331.000000,333.170013,322.696350
2021-02-22,344.119995,328.769989,340.660004,329.950897
2021-02-23,354.279999,338.410004,350.420013,339.404083
2021-02-24,368.790009,350.570007,367.320007,355.772827
2021-02-25,367.320007,352.209991,354.570007,343.423676
2021-02-26,359.390015,347.119995,353.850006,342.726135
2021-03-01,366.450012,359.179993,362.899994,351.491760
2021-03-02,366.609985,359.339996,362.820007,351.414276
2021-03-03,365.429993,355.450012,360.250000,348.925049
2021-03-04,361.630005,344.679993,349.500000,338.512939
2021-03-05,361.790009,346.420013,360.880005,349.535309
2021-03-08,382.459991,361.790009,371.329987,359.656799
2021-03-09,387.320007,372.720001,376.519989,364.683533
2021-03-10,384.000000,373.000000,381.700012,369.700745
2021-03-11,389.500000,382.600006,384.380005,372.296509
2021-03-12,383.929993,379.239990,382.709991,370.678925
2021-03-15,387.859985,378.640015,381.760010,369.758820
2021-03-16,385.279999,378.690002,382.380005,370.359375
2021-03-17,385.100006,375.869995,378.679993,366.775635
2021-03-18,375.480011,365.040009,367.000000,355.462799
2021-03-19,366.279999,350.140015,356.510010,345.302551
2021-03-22,361.649994,354.000000,358.399994,347.133179
2021-03-23,359.299988,353.510010,355.269989,344.101624
2021-03-24,364.989990,356.000000,359.649994,348.343903
2021-03-25,359.470001,354.149994,358.359985,347.094452
2021-03-26,366.609985,357.260010,366.140015,354.629883
2021-03-29,365.350006,358.609985,362.910004,351.501373
2021-03-30,364.570007,357.100006,358.200012,346.939484
2021-03-31,361.500000,355.779999,356.049988,344.857056
2021-04-01,363.399994,355.239990,363.299988,351.879089
2021-04-05,370.519989,364.339996,368.320007,356.741333
2021-04-06,370.750000,362.500000,369.570007,357.951935
2021-04-07,373.959991,369.000000,371.079987,359.414520
2021-04-08,379.309998,372.750000,377.739990,366.299622
2021-04-09,380.350006,374.440002,380.079987,368.568665
2021-04-12,380.940002,376.179993,379.839996,368.335907
2021-04-13,380.100006,376.799988,378.130005,366.677704
2021-04-14,380.950012,375.600006,378.320007,366.862000
2021-04-15,387.369995,380.970001,386.489990,374.784546
2021-04-16,389.100006,383.670013,386.170013,374.474274
2021-04-19,387.739990,381.320007,382.160004,370.585632
2021-04-20,381.309998,373.559998,376.630005,365.223114
2021-04-21,384.100006,376.670013,383.100006,371.497192
2021-04-22,389.500000,381.989990,383.359985,371.749298
2021-04-23,389.880005,383.459991,387.059998,375.337311
2021-04-26,392.940002,387.100006,387.470001,375.734833
2021-04-27,390.429993,386.140015,389.070007,377.286346
2021-04-28,401.500000,390.700012,395.649994,383.667084
2021-04-29,392.390015,383.809998,388.950012,377.169983
2021-04-30,385.000000,375.609985,382.059998,370.488708
2021-05-03,386.869995,376.850006,379.399994,367.909241
2021-05-04,378.209991,371.579987,375.910004,364.524933
2021-05-05,379.640015,368.029999,369.140015,357.960114
2021-05-06,375.730011,365.700012,375.480011,364.108032
2021-05-07,378.640015,373.559998,375.399994,364.030304
2021-05-10,376.000000,365.410004,366.339996,355.244812
2021-05-11,368.929993,359.269989,367.609985,356.476318
2021-05-12,365.380005,355.640015,356.619995,345.819214
2021-05-13,362.839996,357.920013,360.019989,349.116241
2021-05-14,364.709991,361.489990,363.910004,352.888367
2021-05-17,364.059998,358.059998,363.299988,352.296814
2021-05-18,369.839996,362.880005,363.070007,352.073853
2021-05-19,361.149994,355.369995,360.980011,350.047058
2021-05-20,369.410004,362.489990,367.700012,356.563599
2021-05-21,372.529999,367.459991,367.600006,356.466675
2021-05-24,373.739990,369.640015,372.380005,361.101837
2021-05-25,373.750000,366.820007,367.220001,356.098175
2021-05-26,369.910004,362.049988,362.649994,351.666626
2021-05-27,366.399994,360.540009,362.000000,351.036255
2021-05-28,365.410004,360.420013,360.579987,349.659210
2021-06-01,365.399994,359.540009,359.790009,348.893127
2021-06-02,371.170013,362.880005,366.850006,355.739319
2021-06-03,366.690002,361.730011,361.820007,350.861664
2021-06-04,366.630005,363.700012,366.019989,354.934479
2021-06-07,371.350006,363.279999,364.079987,353.053253
2021-06-08,367.679993,363.230011,365.260010,354.197601
2021-06-09,369.320007,363.329987,363.329987,352.325928
2021-06-10,365.640015,361.959991,364.299988,353.266541
2021-06-11,366.850006,363.799988,365.500000,354.430237
2021-06-14,366.630005,362.100006,366.519989,355.419342
2021-06-15,368.750000,362.739990,368.119995,356.970856
2021-06-16,369.380005,361.299988,363.820007,352.801117
2021-06-17,369.149994,361.230011,367.290009,356.166046
2021-06-18,370.380005,362.000000,367.420013,356.292175
2021-06-21,376.450012,366.200012,373.089996,361.790344
2021-06-22,378.760010,372.019989,378.040009,366.590424
2021-06-23,378.720001,374.290009,375.140015,363.778290
2021-06-24,380.059998,372.899994,374.750000,363.400055
2021-06-25,379.649994,373.329987,379.609985,368.112793
2021-06-28,380.920013,365.119995,367.679993,356.544189
2021-06-29,371.390015,367.910004,368.000000,356.854492
2021-06-30,370.170013,364.269989,365.089996,354.032684
2021-07-01,371.209991,365.600006,370.709991,359.482422
2021-07-02,375.489990,372.149994,375.029999,363.671631
2021-07-06,378.239990,371.500000,376.119995,364.728577
2021-07-07,378.149994,372.450012,373.920013,362.595215
2021-07-08,370.589996,365.649994,370.190002,359.401123
2021-07-09,373.480011,369.890015,372.940002,362.070953
2021-07-12,376.070007,372.079987,375.559998,364.614594
2021-07-13,386.640015,375.549988,383.709991,372.527039
2021-07-14,391.630005,382.980011,390.799988,379.410461
2021-07-15,393.299988,387.450012,390.230011,378.857025
2021-07-16,393.459991,385.329987,387.119995,375.837738
2021-07-19,378.600006,363.369995,365.450012,354.799286
2021-07-20,376.600006,365.269989,374.390015,363.478699
2021-07-21,380.899994,375.049988,380.059998,368.983459
2021-07-22,382.859985,377.049988,382.160004,371.022217
2021-07-23,394.500000,385.089996,393.260010,381.798828
2021-07-26,392.890015,388.269989,392.799988,381.352081
2021-07-27,395.279999,385.890015,390.269989,378.895844
2021-07-28,391.730011,382.329987,383.440002,372.264923
2021-07-29,394.739990,387.500000,388.809998,377.478424
2021-07-30,389.000000,383.079987,385.940002,374.692078
2021-08-02,389.980011,373.799988,375.260010,364.323303
2021-08-03,376.670013,359.570007,367.600006,356.886658
2021-08-04,369.260010,363.429993,368.010010,357.284668
2021-08-05,371.959991,367.000000,371.940002,361.100067
2021-08-06,375.500000,371.000000,374.529999,363.614624
2021-08-09,374.500000,368.890015,370.679993,359.876801
2021-08-10,372.750000,364.109985,367.839996,357.119629
2021-08-11,369.959991,363.750000,364.239990,353.624512
2021-08-12,363.220001,357.850006,361.980011,351.430420
2021-08-13,363.500000,360.630005,362.750000,352.177887
2021-08-16,363.809998,356.619995,363.559998,352.964386
2021-08-17,364.459991,359.790009,363.230011,352.643982
2021-08-18,365.679993,360.589996,360.950012,350.430420
2021-08-19,360.140015,354.720001,357.309998,346.896515
2021-08-20,358.320007,353.329987,354.989990,344.644073
2021-08-23,362.239990,356.750000,361.010010,350.488647
2021-08-24,366.100006,361.470001,361.779999,351.236176
2021-08-25,362.399994,358.500000,359.100006,348.634338
2021-08-26,358.200012,351.799988,352.859985,342.576141
2021-08-27,356.500000,351.649994,355.730011,345.362579
2021-08-30,358.040009,352.250000,353.049988,342.760620
2021-08-31,355.220001,344.679993,346.230011,336.139496
2021-09-01,352.049988,347.299988,349.570007,339.382080
2021-09-02,350.540009,339.329987,341.279999,331.333618
2021-09-03,344.140015,338.929993,340.230011,330.314240
2021-09-07,348.000000,343.019989,344.709991,334.663696
2021-09-08,352.000000,345.000000,351.040009,340.809235
2021-09-09,353.640015,349.920013,351.410004,341.168335
2021-09-10,355.000000,347.019989,347.390015,337.265594
2021-09-13,351.989990,346.359985,347.820007,337.683014
2021-09-14,349.880005,345.250000,345.799988,335.721924
2021-09-15,347.529999,342.760010,344.750000,334.702515
2021-09-16,347.679993,344.690002,346.309998,336.217072
2021-09-17,346.000000,340.769989,343.040009,333.042389
2021-09-20,341.109985,335.619995,339.690002,329.790009
2021-09-21,343.179993,337.279999,337.380005,327.547272
2021-09-22,343.869995,338.540009,343.410004,333.401672
2021-09-23,354.790009,345.200012,354.070007,343.750916
2021-09-24,359.929993,352.760010,358.160004,347.721649
2021-09-27,362.589996,355.160004,356.769989,346.372223
2021-09-28,356.000000,349.049988,351.179993,340.945099
2021-09-29,357.179993,352.410004,353.190002,342.896576
2021-09-30,356.000000,347.399994,347.679993,337.547119
2021-10-01,363.179993,347.160004,360.179993,349.682800
2021-10-04,360.649994,339.339996,344.200012,334.168579
2021-10-05,348.570007,342.929993,343.209991,333.207397
2021-10-06,348.880005,339.109985,348.690002,338.527679
2021-10-07,357.899994,349.000000,353.910004,344.029724
2021-10-08,360.369995,354.209991,354.959991,345.050415
2021-10-11,354.880005,346.899994,347.149994,337.458466
2021-10-12,350.000000,344.619995,345.339996,335.698944
2021-10-13,349.500000,336.980011,342.350006,332.792419
2021-10-14,345.809998,340.829987,344.579987,334.960083
2021-10-15,356.609985,347.739990,356.000000,346.061340
2021-10-18,359.940002,350.230011,358.440002,348.433167
2021-10-19,362.290009,357.609985,362.100006,351.991119
2021-10-20,362.489990,356.000000,356.769989,346.809845
2021-10-21,356.380005,347.269989,356.209991,346.265472
2021-10-22,361.640015,354.899994,358.670013,348.656921
2021-10-25,364.299988,358.790009,360.859985,350.785645
2021-10-26,367.350006,356.809998,357.320007,347.344513
2021-10-27,351.119995,333.799988,335.720001,326.347534
2021-10-28,350.489990,328.869995,333.029999,323.732605
2021-10-29,338.149994,331.109985,335.519989,326.153107
2021-11-01,340.899994,332.880005,334.049988,324.724213
2021-11-02,335.769989,326.700012,328.480011,319.309631
2021-11-03,329.579987,323.339996,329.429993,320.233124
2021-11-04,338.630005,329.329987,335.429993,326.065552
2021-11-05,350.160004,341.000000,348.790009,339.052612
2021-11-08,353.149994,347.660004,349.670013,339.908051
2021-11-09,350.200012,339.649994,344.649994,335.028290
2021-11-10,359.619995,349.500000,357.940002,347.947235
2021-11-11,359.640015,352.570007,354.339996,344.447723
2021-11-12,363.839996,355.929993,363.500000,353.352020
2021-11-15,371.130005,360.660004,361.359985,351.271698
2021-11-16,371.070007,362.000000,369.559998,359.242706
2021-11-17,368.000000,351.220001,359.170013,349.142822
2021-11-18,362.480011,344.579987,348.220001,338.498596
2021-11-19,346.649994,339.130005,339.720001,330.235840
2021-11-22,341.480011,319.760010,321.299988,312.330048
2021-11-23,329.690002,321.690002,329.000000,319.815094
2021-11-24,340.359985,325.019989,340.000000,330.507996
2021-11-26,326.869995,319.000000,324.170013,315.119965
2021-11-29,331.820007,318.250000,323.010010,313.992340
2021-11-30,320.760010,310.109985,314.920013,306.128235
2021-12-01,322.019989,306.000000,306.279999,297.729401
2021-12-02,322.200012,308.989990,320.200012,311.260834
2021-12-03,322.690002,314.000000,322.109985,313.117523
2021-12-06,336.760010,322.000000,333.329987,324.024200
2021-12-07,342.420013,337.299988,339.510010,330.031738
2021-12-08,344.029999,334.100006,342.339996,332.782654
2021-12-09,346.529999,339.010010,344.519989,334.901764
2021-12-10,350.250000,344.829987,349.920013,340.151093
2021-12-13,349.529999,340.329987,345.309998,335.669830
2021-12-14,348.209991,337.859985,340.549988,331.042664
2021-12-15,346.589996,335.529999,346.350006,336.680756
2021-12-16,353.769989,345.119995,352.920013,343.067322
2021-12-17,352.790009,344.119995,349.309998,339.558105
2021-12-20,343.529999,336.230011,337.019989,327.611206
2021-12-21,352.000000,339.369995,350.739990,340.948151
2021-12-22,358.619995,346.579987,357.480011,347.500031
2021-12-23,362.470001,355.000000,360.579987,350.513489
2021-12-27,361.079987,355.600006,360.309998,350.251099
2021-12-28,364.140015,358.410004,360.779999,350.707947
2021-12-29,363.149994,360.190002,361.290009,351.203644
2021-12-30,364.649994,359.109985,360.989990,350.912048
2021-12-31,363.380005,356.779999,359.320007,349.288696
2022-01-03,372.320007,359.250000,370.950012,360.594025
2022-01-04,382.399994,371.649994,375.390015,364.910034
2022-01-05,382.500000,372.510010,373.899994,363.461578
2022-01-06,374.220001,366.500000,370.000000,360.142456
2022-01-07,371.790009,364.109985,369.649994,359.801758
2022-01-10,370.910004,348.769989,363.910004,354.214691
2022-01-11,368.059998,356.089996,366.290009,356.531342
2022-01-12,372.119995,367.070007,367.309998,357.524139
2022-01-13,377.679993,367.880005,369.519989,359.675323
2022-01-14,374.779999,364.149994,372.140015,362.225494
2022-01-18,372.140015,365.200012,366.299988,356.541077
2022-01-19,369.299988,359.709991,360.730011,351.119385
2022-01-20,373.070007,361.670013,364.000000,354.302338
2022-01-21,368.130005,354.109985,355.079987,345.619995
2022-01-24,350.100006,330.589996,349.420013,340.110779
2022-01-25,347.040009,333.390015,338.760010,329.734772
2022-01-26,354.769989,341.250000,344.660004,335.477570
2022-01-27,359.630005,334.329987,350.529999,341.191254
2022-01-28,382.769989,355.380005,382.510010,372.319122
2022-01-31,386.549988,376.290009,386.380005,376.086060
2022-02-01,395.500000,382.420013,392.059998,381.614807
2022-02-02,399.920013,382.750000,396.750000,386.179871
2022-02-03,392.940002,386.489990,390.070007,379.677795
2022-02-04,388.149994,376.410004,382.200012,372.017517
2022-02-07,382.399994,373.309998,376.130005,366.109131
2022-02-08,379.769989,370.540009,374.369995,364.396027
2022-02-09,388.450012,380.600006,381.369995,371.209595
2022-02-10,380.000000,370.559998,374.390015,364.415466
2022-02-11,380.899994,367.640015,369.769989,359.918579
2022-02-14,377.290009,366.760010,374.160004,364.191650
2022-02-15,383.070007,373.399994,381.540009,371.375031
2022-02-16,385.000000,376.779999,382.929993,372.728027
2022-02-17,381.290009,372.170013,373.700012,363.743927
2022-02-18,374.809998,369.000000,369.950012,360.093811
2022-02-22,374.320007,363.799988,368.290009,358.478027
2022-02-23,373.559998,360.130005,361.230011,351.606110
2022-02-24,370.540009,341.309998,369.380005,359.539001
2022-02-25,372.589996,361.700012,369.089996,359.256775
2022-02-28,365.359985,355.660004,360.820007,351.207062
2022-03-01,361.579987,341.220001,344.480011,335.302368
2022-03-02,348.320007,338.690002,344.089996,334.922729
2022-03-03,349.500000,340.700012,340.989990,331.905304
2022-03-04,338.829987,324.000000,330.760010,321.947876
2022-03-07,329.799988,312.109985,312.920013,304.583191
2022-03-08,324.730011,305.609985,314.329987,305.955627
2022-03-09,329.450012,321.109985,328.130005,319.387970
2022-03-10,326.119995,319.750000,324.589996,315.942291
2022-03-11,330.970001,324.029999,324.790009,316.136932
2022-03-14,336.880005,327.260010,328.589996,319.835663
2022-03-15,338.380005,331.209991,335.000000,326.075012
2022-03-16,350.940002,336.679993,344.679993,335.497070
2022-03-17,346.880005,339.750000,346.440002,337.210175
2022-03-18,352.739990,342.489990,350.089996,340.762939
2022-03-21,350.000000,342.489990,345.579987,336.373016
2022-03-22,353.929993,345.510010,349.529999,340.217865
2022-03-23,346.730011,341.750000,342.179993,333.063599
2022-03-24,349.450012,340.700012,349.350006,340.042633
2022-03-25,351.540009,345.649994,349.019989,339.721466
2022-03-28,350.559998,343.529999,350.489990,341.152344
2022-03-29,370.760010,357.100006,367.549988,357.757751
2022-03-30,368.279999,359.619995,362.239990,352.589264
2022-03-31,364.119995,357.359985,357.380005,347.858765
2022-04-01,367.890015,358.170013,363.970001,354.273102
2022-04-04,369.760010,363.149994,366.910004,357.134796
2022-04-05,367.630005,361.929993,363.320007,353.640503
2022-04-06,357.089996,349.579987,353.549988,344.130737
2022-04-07,352.899994,345.809998,349.549988,340.709503
2022-04-08,355.890015,345.649994,352.269989,343.360718
2022-04-11,351.500000,345.820007,347.369995,338.584625
2022-04-12,354.480011,344.480011,345.799988,337.054321
2022-04-13,357.000000,342.869995,355.140015,346.158112
2022-04-14,362.950012,356.869995,357.820007,348.770325
2022-04-18,360.760010,353.220001,356.799988,347.776123
2022-04-19,364.670013,356.070007,363.869995,354.667389
2022-04-20,371.890015,363.869995,365.290009,356.051483
2022-04-21,375.220001,363.459991,364.440002,355.222931
2022-04-22,362.100006,350.609985,351.179993,342.298218
2022-04-25,355.059998,347.149994,354.600006,345.631744
2022-04-26,350.059998,343.579987,344.109985,335.407104
2022-04-27,373.739990,356.000000,361.570007,352.425476
2022-04-28,381.970001,368.790009,378.829987,369.248993
2022-04-29,377.119995,361.750000,363.380005,354.189758
2022-05-02,364.929993,350.589996,359.040009,349.959534
2022-05-03,363.440002,353.440002,357.790009,348.741119
2022-05-04,369.239990,353.660004,368.519989,359.199738
2022-05-05,367.769989,349.029999,353.369995,344.432953
2022-05-06,351.260010,340.779999,347.119995,338.341003
2022-05-09,342.390015,324.890015,327.989990,319.694763
2022-05-10,333.679993,323.049988,325.329987,317.102081
2022-05-11,331.000000,318.549988,325.869995,317.628387
2022-05-12,325.579987,312.769989,321.239990,313.115479
2022-05-13,335.230011,326.089996,332.799988,324.383179
2022-05-16,333.549988,325.029999,329.730011,321.390808
2022-05-17,341.179993,332.529999,338.859985,330.289856
2022-05-18,341.600006,333.559998,335.899994,327.404694
2022-05-19,336.209991,324.429993,332.220001,323.817871
2022-05-20,339.609985,327.690002,336.179993,327.677612
2022-05-23,351.299988,338.959991,348.429993,339.617828
2022-05-24,344.000000,335.980011,340.690002,332.073608
2022-05-25,347.739990,339.209991,344.760010,336.040710
2022-05-26,353.250000,346.010010,349.890015,341.040894
2022-05-27,357.790009,352.109985,357.779999,348.731354
2022-05-31,360.970001,351.140015,357.869995,348.819061
2022-06-01,364.440002,354.850006,357.059998,348.029572
2022-06-02,365.049988,357.760010,363.079987,353.897369
2022-06-03,360.950012,355.769989,357.820007,348.770325
2022-06-06,368.309998,358.529999,360.140015,351.031708
2022-06-07,364.480011,356.329987,364.019989,354.813538
2022-06-08,367.119995,360.980011,362.329987,353.166260
2022-06-09,362.209991,348.940002,349.000000,340.173431
2022-06-10,344.309998,334.600006,334.750000,326.283813
2022-06-13,330.899994,317.920013,319.739990,311.653442
2022-06-14,324.000000,319.660004,322.140015,313.992706
2022-06-15,330.630005,319.429993,325.390015,317.160614
2022-06-16,316.450012,305.079987,308.779999,300.970642
2022-06-17,314.140015,303.649994,310.690002,302.832336
2022-06-21,320.230011,314.880005,317.399994,309.372650
2022-06-22,319.040009,311.359985,316.149994,308.154205
2022-06-23,319.980011,313.540009,316.760010,308.748840
2022-06-24,330.809998,319.220001,330.500000,322.141266
2022-06-27,331.970001,327.119995,328.829987,320.513458
2022-06-28,337.149994,318.119995,318.290009,310.240173
2022-06-29,326.109985,318.410004,322.589996,314.431396
2022-06-30,318.290009,309.690002,315.480011,307.501129
2022-07-01,318.940002,311.309998,318.239990,310.191345
2022-07-05,320.309998,309.459991,319.260010,311.185547
2022-07-06,322.359985,315.720001,320.170013,312.072601
2022-07-07,324.859985,319.519989,324.070007,316.358032
2022-07-08,324.980011,319.350006,323.059998,315.372101
2022-07-11,326.220001,319.149994,324.190002,316.475189
2022-07-12,327.359985,320.209991,322.859985,315.176880
2022-07-13,324.929993,313.809998,323.369995,315.674744
2022-07-14,327.579987,315.390015,325.029999,317.295258
2022-07-15,335.570007,329.760010,332.570007,324.655823
2022-07-18,337.510010,329.790009,331.010010,323.132996
2022-07-19,342.010010,331.779999,340.380005,332.279907
2022-07-20,343.309998,336.290009,341.269989,333.148773
2022-07-21,347.230011,340.059998,346.920013,338.664368
2022-07-22,351.089996,340.399994,343.880005,335.696655
2022-07-25,345.540009,340.109985,344.209991,336.018829
2022-07-26,344.630005,339.299988,341.279999,333.158508
2022-07-27,348.920013,331.239990,343.269989,335.101227
2022-07-28,353.260010,340.619995,352.450012,344.062683
2022-07-29,356.799988,349.959991,353.790009,345.370819
2022-08-01,354.839996,345.660004,350.540009,342.198181
2022-08-02,351.149994,343.980011,349.010010,340.704590
2022-08-03,356.480011,348.540009,354.130005,345.702759
2022-08-04,358.609985,349.649994,356.070007,347.596619
2022-08-05,357.829987,350.399994,357.510010,349.002289
2022-08-08,359.000000,349.890015,352.160004,343.779602
2022-08-09,351.119995,345.350006,346.540009,338.293335
2022-08-10,354.549988,351.049988,353.380005,344.970642
2022-08-11,355.850006,350.350006,350.579987,342.237213
2022-08-12,355.450012,350.260010,354.269989,345.839417
2022-08-15,361.950012,350.820007,359.950012,351.384247
2022-08-16,360.000000,353.100006,359.250000,350.700836
2022-08-17,356.959991,351.750000,355.329987,346.874207
2022-08-18,359.519989,353.570007,357.359985,348.855896
2022-08-19,356.769989,353.559998,354.279999,345.849152
2022-08-22,351.000000,344.279999,345.510010,337.287872
2022-08-23,345.209991,339.369995,340.890015,332.777863
2022-08-24,342.290009,338.350006,339.709991,331.625977
2022-08-25,345.130005,337.320007,344.670013,336.467865
2022-08-26,345.640015,331.700012,331.959991,324.060333
2022-08-29,332.809998,327.769989,329.350006,321.512421
2022-08-30,332.970001,325.570007,327.809998,320.009064
2022-08-31,331.179993,324.279999,324.369995,316.650970
2022-09-01,325.609985,319.209991,325.250000,317.510010
2022-09-02,329.670013,320.529999,322.559998,314.884064
2022-09-06,326.989990,320.559998,324.079987,316.367859
2022-09-07,329.200012,322.049988,328.619995,320.799805
2022-09-08,330.290009,323.480011,330.070007,322.215332
2022-09-09,337.019989,330.149994,335.850006,327.857727
2022-09-12,339.480011,335.940002,338.420013,330.366577
2022-09-13,332.799988,324.579987,325.440002,317.695435
2022-09-14,328.480011,323.350006,325.850006,318.095703
2022-09-15,325.940002,315.170013,316.959991,309.417297
2022-09-16,315.630005,309.109985,315.130005,307.630829
2022-09-19,315.450012,310.250000,314.029999,306.556946
2022-09-20,314.369995,309.440002,313.269989,305.815094
2022-09-21,314.980011,304.220001,304.500000,297.253845
2022-09-22,303.079987,296.589996,298.359985,291.259888
2022-09-23,294.570007,290.239990,293.579987,286.593628
2022-09-26,295.339996,289.119995,290.109985,283.206268
2022-09-27,297.899994,284.799988,286.480011,279.662659
2022-09-28,292.980011,281.690002,290.179993,283.274536
2022-09-29,292.070007,284.850006,286.769989,279.945709
2022-09-30,290.760010,284.339996,284.339996,277.573547
2022-10-03,292.750000,284.920013,290.480011,283.567505
2022-10-04,303.970001,295.980011,301.269989,294.100677
2022-10-05,306.600006,297.250000,304.200012,296.960999
2022-10-06,305.049988,298.859985,299.230011,292.580505
2022-10-07,297.190002,292.989990,294.970001,288.415100
2022-10-10,297.250000,289.540009,291.779999,285.296051
2022-10-11,290.390015,284.420013,286.049988,279.693390
2022-10-12,287.489990,283.209991,283.380005,277.082703
2022-10-13,295.429993,276.869995,293.959991,287.427551
2022-10-14,298.619995,287.839996,288.690002,282.274719
2022-10-17,298.730011,291.339996,295.040009,288.483612
2022-10-18,303.700012,296.549988,300.380005,293.704895
2022-10-19,299.640015,294.790009,297.760010,291.143127
2022-10-20,302.730011,295.609985,296.279999,289.696106
2022-10-21,302.709991,293.500000,302.369995,295.650665
2022-10-24,307.000000,300.500000,305.600006,298.808960
2022-10-25,312.100006,305.859985,311.410004,304.489746
2022-10-26,324.450012,312.290009,319.510010,312.409851
2022-10-27,323.079987,314.059998,319.369995,312.272919
2022-10-28,331.799988,317.820007,329.470001,322.148499
2022-10-31,329.440002,323.779999,328.179993,320.887177
2022-11-01,333.640015,327.089996,333.190002,325.785858
2022-11-02,333.000000,319.630005,319.820007,312.712860
2022-11-03,316.769989,308.600006,309.170013,302.299591
2022-11-04,323.130005,313.239990,318.369995,311.295197
2022-11-07,325.799988,317.709991,325.130005,317.904877
2022-11-08,329.399994,322.260010,325.750000,318.511108
2022-11-09,323.690002,315.149994,315.640015,308.625793
2022-11-10,337.399994,329.160004,337.269989,329.775208
2022-11-11,342.630005,336.359985,339.290009,331.750275
2022-11-14,344.510010,336.019989,339.369995,331.828430
2022-11-15,351.220001,339.489990,343.510010,335.876495
2022-11-16,345.130005,340.100006,342.760010,335.143158
2022-11-17,341.920013,337.000000,341.269989,333.686279
2022-11-18,348.630005,341.329987,343.690002,336.052521
2022-11-21,344.250000,337.619995,338.250000,330.733368
2022-11-22,345.320007,337.559998,344.959991,337.294220
2022-11-23,350.799988,344.149994,348.640015,340.892517
2022-11-25,351.399994,348.079987,351.290009,343.483582
2022-11-28,350.230011,343.230011,344.589996,336.932526
2022-11-29,344.720001,340.750000,343.130005,335.504913
2022-11-30,356.399994,341.480011,356.399994,348.480072
2022-12-01,361.579987,354.049988,360.799988,352.782227
2022-12-02,362.290009,356.059998,360.059998,352.058685
2022-12-05,358.899994,354.450012,356.089996,348.176910
2022-12-06,355.000000,344.350006,347.529999,339.807159
2022-12-07,347.850006,341.470001,347.420013,339.699585
2022-12-08,352.170013,347.220001,351.170013,343.366272
2022-12-09,352.769989,347.359985,348.829987,341.078247
2022-12-12,358.440002,349.100006,358.170013,350.210724
2022-12-13,369.260010,355.739990,357.149994,349.213379
2022-12-14,362.100006,353.769989,357.510010,349.565338
2022-12-15,353.799988,342.559998,346.250000,338.555511
2022-12-16,348.239990,343.380005,345.839996,338.154663
2022-12-19,345.850006,339.540009,341.260010,333.676483
2022-12-20,344.369995,340.619995,342.950012,335.328979
2022-12-21,347.600006,342.369995,345.690002,338.008026
2022-12-22,345.600006,336.429993,341.519989,333.930664
2022-12-23,344.540009,337.690002,343.600006,335.964478
2022-12-27,346.910004,341.809998,346.160004,338.467590
2022-12-28,349.510010,341.779999,341.950012,334.351166
2022-12-29,349.720001,343.540009,348.209991,340.471985
2022-12-30,347.899994,343.619995,347.730011,340.002716
2023-01-03,354.660004,343.940002,346.799988,339.093323
2023-01-04,356.980011,349.690002,355.149994,347.257812
2023-01-05,357.559998,351.269989,351.769989,343.952942
2023-01-06,368.720001,355.320007,367.670013,360.083099
2023-01-09,375.000000,369.559998,370.970001,363.315002
2023-01-10,371.679993,367.209991,371.010010,363.354187
2023-01-11,377.920013,371.260010,377.859985,370.062714
2023-01-12,381.130005,376.920013,379.809998,371.972595
2023-01-13,377.869995,374.309998,375.519989,367.771057
2023-01-17,378.329987,373.980011,375.000000,367.261841
2023-01-18,375.809998,368.500000,368.920013,361.307251
2023-01-19,370.799988,363.600006,367.940002,360.347473
2023-01-20,376.619995,369.399994,376.279999,368.515381
2023-01-23,381.380005,376.359985,378.570007,370.758179
2023-01-24,390.000000,375.220001,380.010010,372.168396
2023-01-25,382.559998,375.100006,382.390015,374.499359
2023-01-26,384.109985,373.000000,377.239990,369.455505
2023-01-27,380.519989,373.380005,374.029999,366.311829
2023-01-30,373.739990,369.399994,371.119995,363.461853
2023-01-31,372.480011,367.019989,370.600006,362.952606
2023-02-01,376.779999,367.000000,374.079987,366.360718
2023-02-02,380.470001,372.799988,374.940002,367.203003
2023-02-03,378.220001,370.489990,373.910004,366.194336
2023-02-06,374.329987,369.049988,372.970001,365.273712
2023-02-07,377.070007,368.839996,375.059998,367.320557
2023-02-08,375.790009,370.140015,370.350006,362.707794
2023-02-09,374.570007,369.250000,370.420013,362.776367
2023-02-10,370.250000,362.920013,366.829987,359.260376
2023-02-13,371.140015,367.070007,370.829987,363.177856
2023-02-14,373.410004,367.730011,369.959991,362.325745
2023-02-15,369.799988,365.010010,369.640015,362.012390
2023-02-16,373.079987,364.899994,367.549988,359.965515
2023-02-17,366.700012,359.799988,361.130005,353.678009
2023-02-21,361.769989,355.190002,355.959991,348.614655
2023-02-22,357.739990,353.209991,354.970001,347.645142
2023-02-23,357.739990,351.660004,355.529999,348.193573
2023-02-24,354.000000,349.589996,353.119995,345.833344
2023-02-27,358.029999,354.820007,355.480011,348.144684
2023-02-28,357.799988,353.239990,355.290009,347.958496
2023-03-01,355.309998,349.390015,353.500000,346.205444
2023-03-02,356.619995,351.690002,355.570007,348.232758
2023-03-03,361.690002,357.089996,361.500000,354.040375
2023-03-06,368.529999,361.260010,366.929993,359.358368
2023-03-07,369.149994,359.549988,359.940002,352.512543
2023-03-08,361.700012,357.279999,359.029999,351.621368
2023-03-09,364.019989,353.910004,354.440002,347.126038
2023-03-10,353.049988,345.230011,347.109985,339.947296
2023-03-13,349.859985,340.209991,344.709991,337.596863
2023-03-14,356.109985,348.559998,352.820007,345.539551
2023-03-15,348.399994,343.640015,348.079987,340.897308
2023-03-16,348.690002,340.279999,348.000000,340.818939
2023-03-17,351.940002,346.859985,349.660004,342.444672
2023-03-20,353.839996,347.339996,349.320007,342.111664
2023-03-21,356.200012,350.829987,354.570007,347.253326
2023-03-22,360.000000,351.029999,351.029999,343.786407
2023-03-23,359.859985,351.839996,354.369995,347.057495
2023-03-24,352.420013,346.309998,351.630005,344.374054
2023-03-27,357.890015,354.279999,354.619995,347.302368
2023-03-28,355.899994,352.799988,354.329987,347.018311
2023-03-29,360.029999,355.820007,359.529999,352.111023
2023-03-30,362.589996,358.239990,359.260010,351.846588
2023-03-31,363.649994,360.380005,363.410004,355.910980
2023-04-03,366.660004,361.750000,366.470001,358.907806
2023-04-04,369.119995,363.380005,363.899994,356.390869
2023-04-05,365.130005,361.609985,363.790009,356.842072
2023-04-06,362.040009,355.970001,361.470001,354.566376
2023-04-10,360.929993,357.579987,360.140015,353.261810
2023-04-11,365.190002,361.160004,364.130005,357.175568
2023-04-12,368.600006,361.029999,361.779999,354.870422
2023-04-13,369.750000,363.390015,369.649994,362.590118
2023-04-14,373.390015,369.109985,372.429993,365.317047
2023-04-17,374.100006,368.390015,372.760010,365.640747
2023-04-18,373.950012,369.959991,372.320007,365.209229
2023-04-19,374.149994,371.160004,372.799988,365.679962
2023-04-20,375.190002,369.690002,375.000000,367.837921
2023-04-21,377.429993,373.260010,375.239990,368.073395
2023-04-24,377.640015,373.619995,374.730011,367.573151
2023-04-25,374.579987,368.320007,368.529999,361.491516
2023-04-26,372.220001,366.089996,366.760010,359.755371
2023-04-27,374.980011,361.000000,373.670013,366.533386
2023-04-28,381.929993,371.510010,380.029999,372.771881
2023-05-01,382.459991,378.959991,379.859985,372.605072
2023-05-02,378.839996,370.940002,376.029999,368.848267
2023-05-03,379.549988,374.329987,374.899994,367.739868
2023-05-04,376.850006,372.140015,376.119995,368.936554
2023-05-05,385.149994,378.239990,384.660004,377.313477
2023-05-08,387.459991,383.769989,385.510010,378.147247
2023-05-09,386.170013,382.700012,382.940002,375.626343
2023-05-10,386.760010,377.649994,382.540009,375.233948
2023-05-11,385.720001,379.260010,383.390015,376.067719
2023-05-12,385.019989,378.799988,381.920013,374.625824
2023-05-15,383.660004,380.529999,383.410004,376.087372
2023-05-16,383.600006,377.320007,380.239990,372.977905
2023-05-17,387.519989,379.130005,387.000000,379.608795
2023-05-18,392.019989,385.809998,392.019989,384.532898
2023-05-19,392.200012,385.140015,385.570007,378.206055
2023-05-22,387.369995,384.179993,384.529999,377.185974
2023-05-23,382.029999,370.440002,373.750000,366.611847
2023-05-24,369.609985,365.579987,368.500000,361.462097
2023-05-25,370.989990,364.910004,370.040009,362.972717
2023-05-26,375.679993,370.049988,374.369995,367.220001
2023-05-30,376.630005,366.200012,367.500000,360.481171
2023-05-31,365.700012,357.850006,365.019989,358.048553
2023-06-01,371.089996,366.049988,370.880005,363.796661
2023-06-02,375.820007,372.149994,373.730011,366.592224
2023-06-05,372.799988,368.529999,370.519989,363.443542
2023-06-06,380.380005,371.809998,379.959991,372.703247
2023-06-07,380.500000,368.260010,371.390015,364.296936
2023-06-08,369.769989,365.850006,367.589996,360.569489
2023-06-09,372.109985,367.760010,369.220001,362.168365
2023-06-12,375.970001,369.940002,375.309998,368.142029
2023-06-13,377.179993,369.809998,371.380005,364.287109
2023-06-14,378.079987,372.019989,374.760010,367.602600
2023-06-15,379.570007,370.519989,379.040009,371.800812
2023-06-16,382.899994,376.160004,376.529999,369.338776
2023-06-20,379.510010,373.750000,374.619995,367.465240
2023-06-21,378.390015,373.660004,376.140015,368.956207
2023-06-22,378.480011,373.950012,377.799988,370.584473
2023-06-23,381.119995,373.220001,379.809998,372.556122
2023-06-26,379.989990,375.350006,377.420013,370.211761
2023-06-27,382.839996,379.010010,381.790009,374.498322
2023-06-28,381.399994,378.670013,380.230011,372.968109
2023-06-29,388.010010,380.500000,387.670013,380.265991
2023-06-30,395.170013,388.100006,393.299988,385.788422
2023-07-03,394.309998,388.679993,393.959991,386.435852
2023-07-05,395.250000,387.130005,394.730011,387.191162
2023-07-06,394.209991,389.739990,393.140015,386.189148
2023-07-07,392.450012,388.399994,388.679993,381.808044
2023-07-10,393.429993,388.010010,392.160004,385.226532
2023-07-11,398.459991,392.339996,397.799988,390.766785
2023-07-12,403.170013,398.709991,400.690002,393.605774
2023-07-13,403.239990,400.459991,400.559998,393.477997
2023-07-14,403.489990,400.299988,402.510010,395.393494
2023-07-17,404.000000,401.119995,402.200012,395.089050
2023-07-18,401.940002,395.209991,398.160004,391.120483
2023-07-19,399.850006,396.309998,398.269989,391.228516
2023-07-20,399.720001,395.549988,398.059998,391.022156
2023-07-21,401.510010,397.420013,397.489990,390.462280
2023-07-24,404.910004,396.609985,404.790009,397.633209
2023-07-25,404.859985,401.000000,401.279999,394.185272
2023-07-26,403.309998,395.750000,402.410004,395.295258
2023-07-27,405.190002,393.950012,394.500000,387.525146
2023-07-28,398.000000,388.880005,392.959991,386.012390
2023-07-31,396.079987,392.470001,394.279999,387.309052
2023-08-01,397.299988,392.359985,397.070007,390.049713
2023-08-02,394.209991,389.579987,390.019989,383.124359
2023-08-03,393.440002,386.420013,393.010010,386.061493
2023-08-04,396.089996,390.070007,391.350006,384.430847
2023-08-07,397.750000,393.000000,396.869995,389.853271
2023-08-08,396.380005,390.130005,393.190002,386.238281
2023-08-09,396.790009,391.869995,393.670013,386.709839
2023-08-10,400.630005,395.709991,397.140015,390.118530
2023-08-11,396.670013,392.809998,394.980011,387.996674
2023-08-14,399.230011,394.609985,398.579987,391.533020
2023-08-15,397.489990,393.589996,394.450012,387.476044
2023-08-16,399.200012,393.119995,394.369995,387.397461
2023-08-17,396.209991,390.989990,392.619995,385.678375
2023-08-18,393.839996,388.829987,392.170013,385.236389
2023-08-21,394.989990,391.019989,393.200012,386.248138
2023-08-22,398.769989,393.679993,397.839996,390.806122
2023-08-23,401.920013,398.359985,401.059998,393.969116
2023-08-24,404.000000,397.500000,397.670013,390.639160
2023-08-25,404.619995,399.000000,402.890015,395.766876
2023-08-28,407.799988,403.149994,407.440002,400.236328
2023-08-29,412.190002,406.589996,411.649994,404.371887
2023-08-30,417.779999,413.519989,413.910004,406.591980
2023-08-31,416.290009,411.779999,412.640015,405.344391
2023-09-01,416.510010,412.489990,415.570007,408.222626
2023-09-05,415.399994,409.700012,411.500000,404.224579
2023-09-06,413.380005,408.890015,413.179993,405.874878
2023-09-07,416.130005,411.730011,414.619995,407.289459
2023-09-08,416.329987,413.859985,414.839996,407.505493
2023-09-11,417.589996,414.640015,416.690002,409.322784
2023-09-12,417.649994,415.250000,416.269989,408.910278
2023-09-13,418.410004,414.970001,416.299988,408.939697
2023-09-14,418.600006,407.779999,413.339996,406.032043
2023-09-15,418.299988,411.140015,414.309998,406.984894
2023-09-18,417.890015,413.040009,417.130005,409.755035
2023-09-19,417.100006,411.100006,413.529999,406.218628
2023-09-20,415.850006,410.079987,410.519989,403.261902
2023-09-21,408.769989,402.100006,403.359985,396.228485
2023-09-22,406.850006,401.559998,402.220001,395.108673
2023-09-25,403.230011,399.839996,402.489990,395.373871
2023-09-26,400.850006,393.609985,395.380005,388.389648
2023-09-27,397.029999,391.480011,395.480011,388.487823
2023-09-28,401.350006,395.369995,399.440002,392.377808
2023-09-29,402.179993,394.250000,395.910004,388.910248
2023-10-02,396.359985,392.450012,395.850006,388.851288
2023-10-03,397.859985,388.970001,391.059998,384.145905
2023-10-04,394.470001,388.579987,393.760010,386.798187
2023-10-05,394.720001,390.000000,394.200012,387.791779
2023-10-06,401.000000,390.500000,397.970001,391.500488
2023-10-09,396.500000,389.579987,394.739990,388.322998
2023-10-10,402.720001,393.850006,400.369995,393.861450
2023-10-11,405.130005,397.359985,399.809998,393.310608
2023-10-12,405.339996,397.320007,399.899994,393.399139
2023-10-13,402.140015,395.079987,398.029999,391.559509
2023-10-16,404.429993,398.779999,401.160004,394.638702
2023-10-17,403.609985,398.450012,401.769989,395.238739
2023-10-18,401.369995,392.559998,393.209991,386.817902
2023-10-19,394.829987,385.500000,387.869995,381.564697
2023-10-20,389.989990,384.170013,384.410004,378.160980
2023-10-23,387.859985,381.000000,383.670013,377.432983
2023-10-24,389.429993,383.869995,386.910004,380.620300
2023-10-25,388.630005,382.239990,386.309998,380.030060
2023-10-26,375.549988,363.040009,364.589996,358.663147
2023-10-27,368.290009,359.769989,364.079987,358.161438
2023-10-30,373.230011,364.720001,372.420013,366.365845
2023-10-31,377.679993,373.109985,376.350006,370.231995
2023-11-01,380.399994,375.040009,377.820007,371.678131
2023-11-02,383.040009,378.489990,382.690002,376.468933
2023-11-03,388.440002,383.730011,386.049988,379.774292
2023-11-06,388.250000,384.209991,386.160004,379.882477
2023-11-07,389.589996,384.299988,388.869995,382.548462
2023-11-08,391.369995,387.000000,389.700012,383.364899
2023-11-09,391.450012,387.269989,387.959991,381.653198
2023-11-10,395.089996,386.739990,394.380005,387.968842
2023-11-13,395.630005,393.019989,394.350006,387.939392
2023-11-14,401.679993,396.750000,397.649994,391.185760
2023-11-15,399.279999,394.760010,396.829987,390.379028
2023-11-16,399.950012,395.549988,397.100006,390.644684
2023-11-17,401.119995,397.910004,400.299988,393.792664
2023-11-20,405.200012,398.260010,404.399994,397.825989
2023-11-21,410.350006,405.690002,408.950012,402.302002
2023-11-22,412.850006,410.149994,410.329987,403.659607
2023-11-24,412.970001,410.529999,412.500000,405.794312
2023-11-27,412.720001,408.250000,408.970001,402.321655
2023-11-28,410.640015,407.459991,409.010010,402.360992
2023-11-29,412.079987,409.420013,409.820007,403.157898
2023-11-30,414.160004,408.779999,413.829987,407.102661
2023-12-01,416.600006,411.570007,414.359985,407.624054
2023-12-04,414.850006,408.029999,408.230011,401.593750
2023-12-05,409.049988,404.320007,408.690002,402.046234
2023-12-06,413.820007,407.160004,410.380005,403.708801
2023-12-07,413.570007,409.989990,413.149994,406.433746
2023-12-08,413.670013,409.230011,412.160004,405.459869
2023-12-11,416.170013,412.380005,415.709991,408.952148
2023-12-12,421.000000,414.700012,420.750000,413.910126
2023-12-13,426.369995,419.149994,424.679993,417.776306
2023-12-14,425.850006,415.899994,418.559998,411.755798
2023-12-15,419.260010,411.600006,418.570007,411.765686
2023-12-18,425.089996,419.529999,424.429993,417.530365
2023-12-19,426.679993,422.519989,425.470001,418.553497
2023-12-20,427.609985,419.239990,419.450012,412.631378
2023-12-21,423.899994,420.609985,423.440002,416.556427
2023-12-22,427.170013,422.959991,424.100006,417.205719
2023-12-26,425.720001,422.950012,423.670013,416.782745
2023-12-27,425.010010,422.959991,424.359985,417.461456
2023-12-28,428.359985,423.679993,426.320007,419.389648
2023-12-29,428.350006,424.269989,426.510010,419.576538
2024-01-02,424.279999,419.559998,421.890015,415.031677
2024-01-03,421.339996,417.500000,418.769989,411.962372
2024-01-04,423.450012,418.279999,419.769989,412.946106
2024-01-05,422.760010,416.989990,419.420013,412.601746
2024-01-08,422.079987,416.529999,421.980011,415.774506
2024-01-09,423.700012,418.540009,422.600006,416.385345
2024-01-10,429.470001,424.149994,428.269989,421.971954
2024-01-11,431.790009,425.769989,426.720001,420.444763
2024-01-12,431.109985,427.700012,429.100006,422.789764
2024-01-16,429.730011,426.519989,428.350006,422.050781
2024-01-17,430.380005,425.480011,427.420013,421.134491
2024-01-18,431.220001,427.450012,430.720001,424.385925
2024-01-19,437.070007,429.339996,436.779999,430.356812
2024-01-22,440.940002,437.260010,439.750000,433.283173
2024-01-23,440.600006,437.859985,438.760010,432.307709
2024-01-24,440.929993,435.760010,438.700012,432.248566
2024-01-25,438.630005,434.459991,436.799988,430.376495
2024-01-26,439.890015,430.670013,438.529999,432.081146
2024-01-29,440.959991,434.670013,440.579987,434.100861
2024-01-30,446.220001,440.049988,445.190002,438.643158
2024-01-31,462.000000,446.619995,449.230011,442.623718
2024-02-01,461.140015,454.049988,460.920013,454.141876
2024-02-02,463.839996,458.500000,460.579987,453.806793
2024-02-05,461.369995,455.529999,456.760010,450.042999
2024-02-06,460.559998,455.359985,460.500000,453.727997
2024-02-07,462.239990,459.619995,461.910004,455.117279
2024-02-08,460.750000,457.450012,458.260010,451.520966
2024-02-09,458.989990,456.369995,457.880005,451.146545
2024-02-12,459.399994,456.079987,458.709991,451.964325
2024-02-13,461.880005,456.040009,460.459991,453.688568
2024-02-14,465.450012,459.440002,465.190002,458.348999
2024-02-15,472.109985,465.230011,471.279999,464.349487
2024-02-16,474.170013,467.070007,468.130005,461.245789
2024-02-20,455.850006,450.119995,451.750000,445.106659
2024-02-21,459.600006,452.000000,459.049988,452.299316
2024-02-22,472.500000,461.579987,471.559998,464.625366
2024-02-23,475.170013,471.859985,473.420013,466.458038
2024-02-26,475.079987,472.000000,474.510010,467.531982
2024-02-27,475.000000,469.950012,474.750000,467.768402
2024-02-28,479.140015,473.670013,478.850006,471.808167
2024-02-29,478.390015,472.049988,474.760010,467.778320
2024-03-01,477.500000,473.899994,476.630005,469.620789
2024-03-04,476.630005,465.769989,468.489990,461.600494
2024-03-05,469.239990,464.619995,467.519989,460.644775
2024-03-06,473.619995,467.160004,471.600006,464.664734
2024-03-07,473.269989,465.890015,467.540009,460.664459
2024-03-08,471.619995,467.100006,469.260010,462.359192
2024-03-11,469.369995,464.690002,469.160004,462.260681
2024-03-12,474.369995,468.709991,472.869995,465.916077
2024-03-13,476.160004,472.779999,475.609985,468.615814
2024-03-14,482.000000,477.179993,479.480011,472.428925
2024-03-15,478.459991,473.079987,475.829987,468.832550
2024-03-18,480.820007,476.649994,478.890015,471.847626
2024-03-19,484.609985,479.510010,484.000000,476.882385
2024-03-20,488.450012,483.640015,488.040009,480.863037
2024-03-21,490.000000,483.399994,488.640015,481.454254
2024-03-22,488.890015,481.459991,481.670013,474.586700
2024-03-25,482.320007,474.410004,476.040009,469.039520
2024-03-26,480.000000,472.309998,476.799988,469.788300
2024-03-27,482.160004,474.750000,477.950012,470.921387
2024-03-28,482.429993,477.279999,481.570007,474.488159
2024-04-01,483.279999,477.329987,478.399994,471.364746
2024-04-02,480.410004,476.299988,479.429993,472.379639
2024-04-03,483.299988,477.209991,477.420013,470.399170
2024-04-04,481.959991,469.000000,469.769989,462.861694
2024-04-05,479.309998,472.529999,477.149994,470.133118
2024-04-08,479.679993,474.279999,478.850006,472.461670
2024-04-09,478.890015,467.829987,472.160004,465.860901
2024-04-10,474.390015,468.850006,469.170013,462.910797
2024-04-11,470.350006,464.190002,468.309998,462.062195
2024-04-12,469.519989,462.109985,465.380005,459.171356
2024-04-15,471.000000,458.429993,459.790009,453.655914
2024-04-16,463.380005,459.000000,459.820007,453.685516
2024-04-17,463.410004,458.149994,460.160004,454.020966
2024-04-18,461.910004,453.799988,454.700012,448.633881
2024-04-19,459.859985,452.589996,455.390015,449.314667
2024-04-22,460.739990,455.130005,456.750000,450.656494
2024-04-23,462.980011,457.309998,462.820007,456.645569
2024-04-24,468.149994,460.350006,462.500000,456.329773
2024-04-25,464.000000,456.720001,462.109985,455.944977
2024-04-26,464.820007,460.940002,462.420013,456.250824
2024-04-29,461.589996,455.679993,457.100006,451.001831
2024-04-30,457.720001,450.880005,451.200012,445.180603
2024-05-01,448.980011,438.380005,442.070007,436.172302
2024-05-02,444.660004,438.049988,441.100006,435.215302
2024-05-03,445.260010,436.899994,443.579987,437.662140
2024-05-06,450.500000,445.559998,449.369995,443.374969
2024-05-07,453.299988,447.529999,453.059998,447.015747
2024-05-08,455.109985,449.920013,454.769989,448.702942
2024-05-09,456.029999,453.549988,455.489990,449.413300
2024-05-10,458.579987,454.980011,456.980011,450.883453
2024-05-13,458.720001,455.510010,457.760010,451.653046
2024-05-14,458.980011,449.299988,454.200012,448.140533
2024-05-15,458.600006,452.790009,458.000000,451.889801
2024-05-16,464.929993,458.820007,458.869995,452.748230
2024-05-17,461.690002,458.109985,460.269989,454.129547
2024-05-20,462.220001,458.779999,459.660004,453.527710
2024-05-21,460.390015,455.630005,459.100006,452.975159
2024-05-22,462.500000,455.170013,456.519989,450.429565
2024-05-23,458.049988,450.440002,451.209991,445.190338
2024-05-24,454.450012,450.320007,451.179993,445.160858
2024-05-28,450.630005,442.399994,445.079987,439.142151
2024-05-29,444.559998,441.799988,442.470001,436.567017
2024-05-30,444.190002,440.670013,442.100006,436.201965
2024-05-31,447.339996,439.260010,447.070007,441.105682
2024-06-03,445.000000,437.890015,443.190002,437.277405
2024-06-04,444.880005,441.320007,444.769989,438.836273
2024-06-05,447.570007,442.309998,446.660004,440.701111
2024-06-06,449.779999,444.630005,448.679993,442.694153
2024-06-07,453.000000,447.260010,449.790009,443.789398
2024-06-10,450.170013,444.369995,449.250000,443.256561
2024-06-11,449.250000,445.109985,449.040009,443.049347
2024-06-12,452.500000,441.600006,443.000000,437.089905
2024-06-13,445.149994,439.320007,445.000000,439.063232
2024-06-14,444.959991,441.200012,444.630005,438.698151
2024-06-17,449.339996,441.679993,448.109985,442.131744
2024-06-18,451.200012,446.700012,450.109985,444.105072
2024-06-20,454.480011,448.359985,452.510010,446.473083
2024-06-21,455.299988,450.260010,454.850006,448.781799
2024-06-24,463.070007,454.929993,456.959991,450.863708
2024-06-25,460.309998,453.799988,455.649994,449.571167
2024-06-26,454.679993,451.390015,452.380005,446.344757
2024-06-27,448.700012,442.000000,442.750000,436.843292
2024-06-28,448.299988,438.720001,441.160004,435.274475
2024-07-01,442.470001,435.549988,437.609985,431.771851
2024-07-02,444.760010,435.000000,444.649994,438.717865
2024-07-03,449.290009,444.279999,448.179993,442.200836
2024-07-05,449.950012,444.279999,449.489990,443.493317
2024-07-08,450.609985,445.000000,446.239990,440.286682
2024-07-09,447.579987,442.790009,444.700012,439.417145
2024-07-10,437.410004,429.049988,433.640015,428.488556
2024-07-11,437.769989,430.109985,436.420013,431.235535
2024-07-12,442.230011,437.320007,440.109985,434.881683
2024-07-15,444.399994,438.739990,444.000000,438.725494
2024-07-16,447.160004,439.700012,443.529999,438.261047
2024-07-17,451.519989,442.059998,451.160004,445.800415
2024-07-18,455.429993,447.480011,448.720001,443.389374
2024-07-19,451.239990,443.570007,443.690002,438.419159
2024-07-22,448.850006,443.250000,447.940002,442.618744
2024-07-23,448.739990,441.109985,441.720001,436.472565
2024-07-24,435.859985,428.859985,432.450012,427.312714
2024-07-25,437.700012,429.559998,429.600006,424.496521
2024-07-26,440.779999,432.109985,438.179993,432.974609
2024-07-29,442.920013,435.420013,441.299988,436.057526
2024-07-30,448.730011,443.010010,447.450012,442.134521
2024-07-31,474.000000,457.540009,463.709991,458.201324
2024-08-01,467.500000,459.190002,462.410004,456.916748
2024-08-02,466.750000,458.609985,462.019989,456.531433
2024-08-05,461.299988,439.589996,442.000000,436.749237
2024-08-06,455.450012,442.109985,448.299988,442.974396
2024-08-07,456.920013,449.040009,449.839996,444.496155
2024-08-08,456.269989,451.029999,455.579987,450.167908
2024-08-09,458.799988,453.459991,456.779999,451.353668
2024-08-12,458.459991,453.890015,455.690002,450.276581
2024-08-13,459.640015,454.890015,459.359985,453.902985
2024-08-14,460.540009,456.070007,460.160004,454.693542
2024-08-15,469.000000,464.000000,468.709991,463.141907
2024-08-16,470.260010,466.040009,468.880005,463.309937
2024-08-19,470.149994,465.519989,466.980011,461.432526
2024-08-20,469.670013,465.510010,469.119995,463.547028
2024-08-21,469.089996,464.519989,468.000000,462.440369
2024-08-22,470.910004,466.700012,468.820007,463.250641
2024-08-23,470.339996,461.899994,466.440002,460.898895
2024-08-26,470.529999,467.000000,468.640015,463.072754
2024-08-27,475.500000,468.220001,474.989990,469.347321
2024-08-28,476.410004,468.869995,471.799988,466.195251
2024-08-29,481.920013,474.470001,480.799988,475.088287
2024-08-30,485.739990,479.649994,483.339996,477.598145
2024-09-03,486.690002,480.040009,482.119995,476.392609
2024-09-04,486.170013,481.179993,483.140015,477.400482
2024-09-05,484.160004,473.109985,477.359985,471.689178
2024-09-06,480.440002,474.709991,476.119995,470.463898
2024-09-09,489.209991,479.570007,487.089996,481.303558
2024-09-10,488.329987,482.329987,488.019989,482.222534
2024-09-11,489.109985,477.839996,488.179993,482.380615
2024-09-12,492.880005,483.000000,492.109985,486.263947
2024-09-13,496.850006,491.450012,493.359985,487.499115
2024-09-16,498.320007,493.390015,497.709991,491.797394
2024-09-17,501.739990,497.850006,500.989990,495.038422
2024-09-18,501.799988,494.040009,494.760010,488.882446
2024-09-19,501.130005,486.250000,493.010010,487.153320
2024-09-20,493.529999,487.739990,492.739990,486.886505
2024-09-23,497.690002,491.299988,497.140015,491.234222
2024-09-24,493.250000,484.420013,487.410004,481.619781
2024-09-25,489.899994,483.540009,489.450012,483.635590
2024-09-26,493.630005,489.000000,491.269989,485.433929
2024-09-27,496.000000,490.390015,493.640015,487.775757
2024-09-30,494.989990,490.109985,493.799988,487.933868
2024-10-01,498.029999,493.109985,496.380005,490.483215
2024-10-02,495.910004,489.679993,495.570007,489.682831
2024-10-03,497.089996,493.000000,494.970001,489.089966
2024-10-04,499.049988,492.470001,497.700012,491.787537
2024-10-07,498.529999,490.750000,491.299988,485.463562
2024-10-08,497.529999,491.529999,497.059998,491.155121
2024-10-09,500.750000,495.589996,499.950012,494.667664
2024-10-10,500.720001,495.839996,498.019989,492.758026
2024-10-11,502.920013,496.470001,502.260010,496.953247
2024-10-14,508.790009,502.049988,506.660004,501.306732
2024-10-15,509.880005,504.000000,507.230011,501.870697
2024-10-16,515.400024,506.000000,514.070007,508.638489
2024-10-17,517.039978,511.519989,513.760010,508.331696
2024-10-18,518.000000,512.580017,516.340027,510.884521
2024-10-21,518.820007,513.940002,515.010010,509.568542
2024-10-22,514.549988,510.500000,513.020020,507.599487
2024-10-23,514.719971,511.899994,513.729980,508.302032
2024-10-24,513.340027,509.459991,510.619995,505.224945
2024-10-25,514.729980,505.619995,507.359985,501.999359
2024-10-28,510.859985,506.140015,508.209991,502.840332
2024-10-29,511.390015,505.700012,506.279999,500.930725
2024-10-30,516.450012,507.000000,513.690002,508.262451
2024-10-31,527.900024,499.029999,499.589996,494.311493
2024-11-01,510.549988,498.529999,508.079987,502.711731
2024-11-04,510.000000,503.029999,505.579987,500.238159
2024-11-05,508.149994,503.609985,505.559998,500.218384
2024-11-06,523.000000,515.940002,521.130005,515.623840
2024-11-07,524.030029,516.590027,517.880005,512.408264
2024-11-08,528.840027,519.530029,524.760010,519.215515
2024-11-11,534.030029,528.520020,530.119995,524.518799
2024-11-12,530.900024,527.299988,529.169983,523.578918
2024-11-13,530.500000,516.419983,521.880005,516.365967
2024-11-14,522.359985,517.650024,520.400024,514.901611
2024-11-15,523.390015,518.000000,521.890015,516.375854
2024-11-18,523.489990,517.000000,521.630005,516.118530
2024-11-19,522.650024,516.760010,519.460022,513.971497
2024-11-20,522.500000,511.000000,512.539978,507.124573
2024-11-21,520.119995,511.579987,515.099976,509.657532
2024-11-22,521.710022,516.179993,520.859985,515.356689
2024-11-25,528.250000,521.020020,526.599976,521.036072
2024-11-26,530.650024,525.059998,528.479980,522.896179
2024-11-27,533.619995,526.580017,532.380005,526.755066
2024-11-29,535.770020,530.030029,532.940002,527.309021
2024-12-02,534.820007,526.229980,531.359985,525.745728
2024-12-03,534.820007,525.960022,526.179993,520.620483
2024-12-04,526.280029,518.169983,521.140015,515.633789
2024-12-05,527.469971,522.169983,524.770020,519.225403
2024-12-06,531.000000,522.500000,528.570007,522.985229
2024-12-09,531.590027,521.880005,522.820007,517.296021
2024-12-10,529.659973,520.219971,529.010010,523.420593
2024-12-11,535.890015,527.270020,534.450012,528.803101
2024-12-12,536.750000,531.969971,532.409973,526.784668
2024-12-13,534.679993,528.909973,529.000000,523.410706
2024-12-16,535.000000,529.000000,530.309998,524.706909
2024-12-17,531.780029,524.869995,531.010010,525.399475
2024-12-18,537.130005,519.710022,519.960022,514.466248
2024-12-19,529.219971,522.200012,523.280029,517.751160
2024-12-20,532.080017,519.419983,528.030029,522.451050
2024-12-23,529.400024,521.130005,528.960022,523.371155
2024-12-24,535.739990,527.830017,535.710022,530.049866
2024-12-26,537.700012,532.919983,536.150024,530.485229
2024-12-27,537.559998,530.799988,532.200012,526.576965
2024-12-30,528.570007,521.330017,525.549988,519.997192
2024-12-31,529.190002,525.559998,526.570007,521.006348
2025-01-02,530.559998,517.659973,522.400024,516.880493
2025-01-03,524.460022,517.679993,521.359985,515.851318
2025-01-06,521.359985,511.010010,511.929993,506.521027
2025-01-07,516.330017,511.079987,511.399994,505.996613
2025-01-08,517.450012,511.529999,516.400024,510.943787
2025-01-10,513.760010,503.359985,504.670013,500.073700
2025-01-13,506.149994,499.920013,504.910004,500.311554
2025-01-14,509.390015,504.209991,509.019989,504.384064
2025-01-15,523.770020,513.729980,522.349976,517.592651
2025-01-16,527.119995,520.719971,523.140015,518.375549
2025-01-17,528.130005,521.010010,524.700012,519.921265
2025-01-21,529.979980,526.909973,528.059998,523.250732
2025-01-22,530.299988,525.669983,527.179993,522.378723
2025-01-23,534.349976,528.679993,534.219971,529.354492
2025-01-24,536.059998,532.150024,533.489990,528.631226
2025-01-27,547.989990,531.659973,547.640015,542.652405
2025-01-28,551.549988,542.659973,547.359985,542.374878
2025-01-29,550.609985,546.500000,548.799988,543.801758
2025-01-30,576.940002,554.530029,566.010010,560.855042
2025-01-31,565.539978,554.640015,555.429993,550.371460
2025-02-03,565.000000,551.070007,563.950012,558.813904
2025-02-04,572.000000,557.580017,559.109985,554.017944
2025-02-05,566.869995,559.799988,566.289978,561.132446
2025-02-06,569.750000,564.539978,567.159973,561.994568
2025-02-07,570.049988,561.780029,562.750000,557.624695
2025-02-10,567.270020,561.000000,565.489990,560.339844
2025-02-11,566.429993,559.219971,564.700012,559.557007
2025-02-12,564.750000,559.440002,564.599976,559.457947
2025-02-13,567.390015,561.469971,566.309998,561.152344
2025-02-14,569.239990,564.130005,564.760010,559.616455
2025-02-18,568.630005,561.520020,568.609985,563.431396
2025-02-19,570.700012,566.650024,568.500000,563.322449
2025-02-20,568.500000,559.039978,563.280029,558.150024
2025-02-21,564.799988,556.580017,557.510010,552.432495
2025-02-24,561.460022,556.789978,559.000000,553.908997
2025-02-25,566.039978,552.690002,564.030029,558.893127
2025-02-26,566.679993,559.599976,561.270020,556.158325
2025-02-27,574.700012,564.000000,564.820007,559.675964
2025-02-28,576.429993,564.000000,576.309998,571.061279
2025-03-03,582.229980,570.000000,574.919983,569.683899
2025-03-04,573.200012,552.010010,555.070007,550.014709
2025-03-05,560.989990,551.320007,558.299988,553.215332
2025-03-06,555.679993,544.690002,549.820007,544.812500
2025-03-07,550.380005,536.280029,546.770020,541.790344
2025-03-10,548.559998,532.020020,537.119995,532.228088
2025-03-11,538.049988,522.250000,525.799988,521.011292
2025-03-12,532.710022,519.260010,524.640015,519.861816
2025-03-13,528.530029,517.710022,519.830017,515.095642
2025-03-14,528.409973,520.950012,527.640015,522.834473
2025-03-17,533.479980,521.479980,531.989990,527.144897
2025-03-18,532.590027,525.510010,530.190002,525.361328
2025-03-19,537.619995,529.580017,536.090027,531.207642
2025-03-20,540.489990,532.549988,536.380005,531.494873
2025-03-21,538.049988,530.760010,535.690002,530.811157
2025-03-24,545.460022,538.239990,543.669983,538.718506
2025-03-25,547.179993,542.000000,545.159973,540.195068
2025-03-26,551.030029,545.119995,549.070007,544.069458
2025-03-27,561.830017,547.799988,557.570007,552.492004
2025-03-28,558.590027,540.090027,540.609985,535.686340
2025-03-31,551.429993,531.020020,548.119995,543.128052
2025-04-01,551.150024,544.000000,548.510010,543.514465
2025-04-02,549.530029,541.650024,547.380005,542.394775
2025-04-03,539.989990,527.000000,530.549988,525.718079
2025-04-04,520.880005,488.290009,489.769989,485.309448
2025-04-07,502.200012,465.589996,485.519989,481.098114
2025-04-08,505.570007,471.660004,479.920013,475.549164
2025-04-09,518.510010,470.000000,515.429993,511.545807
2025-04-10,508.630005,484.130005,499.339996,495.577026
2025-04-11,515.909973,495.910004,509.750000,505.908600
2025-04-14,523.419983,508.500000,512.460022,508.598175
2025-04-15,521.289978,513.380005,517.380005,513.481079
2025-04-16,521.719971,509.869995,513.429993,509.560852
2025-04-17,523.979980,509.130005,517.330017,513.431519
2025-04-21,517.650024,503.540009,509.320007,505.481873
2025-04-22,528.799988,512.750000,527.330017,523.356201
2025-04-23,543.940002,527.619995,530.010010,526.015930
2025-04-24,536.039978,525.270020,535.460022,531.424866
2025-04-25,536.919983,529.880005,533.479980,529.459839
2025-04-28,537.760010,530.500000,534.489990,530.462158
2025-04-29,540.479980,533.409973,539.679993,535.613037
2025-04-30,549.070007,529.549988,548.059998,543.929932
2025-05-01,552.830017,539.729980,546.630005,542.510681
2025-05-02,562.380005,554.989990,559.390015,555.174622
2025-05-05,564.549988,555.849976,561.119995,556.891418
2025-05-06,565.739990,556.099976,558.989990,554.777527
2025-05-07,567.229980,558.489990,566.330017,562.062195
2025-05-08,573.869995,567.000000,567.119995,562.846191
2025-05-09,569.580017,564.599976,568.640015,564.354858
2025-05-12,580.789978,566.429993,578.270020,573.912231
2025-05-13,582.859985,575.799988,576.590027,572.244873
2025-05-14,578.640015,572.280029,573.280029,568.959961
2025-05-15,583.039978,573.650024,582.200012,577.812622
2025-05-16,584.289978,580.429993,583.280029,578.884521
2025-05-19,588.450012,580.479980,586.409973,581.990845
2025-05-20,583.989990,576.849976,581.109985,576.730835
2025-05-21,579.000000,567.099976,569.539978,565.247986
2025-05-22,573.159973,566.929993,570.140015,565.843567
2025-05-23,567.549988,562.510010,563.580017,559.332886
2025-05-27,574.559998,566.489990,574.549988,570.220215
2025-05-28,578.840027,572.940002,575.919983,571.580017
2025-05-29,578.580017,572.940002,577.780029,573.426025
2025-05-30,585.599976,576.510010,585.599976,581.187012
2025-06-02,581.820007,574.780029,581.219971,576.840027
2025-06-03,582.530029,573.440002,581.969971,577.584351
2025-06-04,586.849976,582.219971,584.130005,579.728088
2025-06-05,586.690002,582.630005,585.440002,581.028259
2025-06-06,591.159973,586.039978,590.119995,585.672974
2025-06-09,590.000000,580.000000,584.330017,579.926636
2025-06-10,589.869995,583.159973,589.539978,585.097290
2025-06-11,594.710022,587.599976,590.739990,586.288330
2025-06-12,590.669983,584.559998,589.280029,584.839294
2025-06-13,575.239990,552.510010,562.030029,557.794678
2025-06-16,575.000000,562.640015,568.669983,564.384583
2025-06-17,571.289978,564.000000,569.450012,565.158752
2025-06-18,571.080017,534.159973,538.729980,534.670227
2025-06-20,538.340027,527.330017,532.969971,528.953613
2025-06-23,543.130005,527.570007,542.349976,538.262939
2025-06-24,564.119995,552.489990,557.530029,553.328613
2025-06-25,558.479980,548.619995,549.700012,545.557556
2025-06-26,548.909973,542.070007,545.809998,541.696838
2025-06-27,556.700012,545.549988,550.320007,546.172852
2025-06-30,562.630005,551.900024,561.940002,557.705261
2025-07-01,566.309998,557.039978,564.609985,560.355164
2025-07-02,565.989990,557.390015,561.520020,557.288574
2025-07-03,569.659973,560.739990,569.239990,564.950317
2025-07-07,570.750000,560.349976,565.119995,560.861267
2025-07-08,566.619995,560.419983,562.440002,558.201538
2025-07-09,565.419983,559.250000,565.109985,561.610229
2025-07-10,566.059998,561.010010,563.520020,560.030151
2025-07-11,560.820007,545.849976,550.179993,546.772705
2025-07-14,559.070007,547.789978,553.020020,549.595276
2025-07-15,554.859985,548.650024,550.359985,546.951599
2025-07-16,555.520020,549.500000,555.520020,552.079712
2025-07-17,557.380005,550.510010,555.609985,552.169128
2025-07-18,556.349976,550.880005,552.659973,549.237366
2025-07-21,558.080017,552.039978,554.650024,551.215088
2025-07-22,560.210022,555.239990,558.760010,555.299561
2025-07-23,562.489990,554.500000,562.090027,558.609009
2025-07-24,567.840027,561.900024,563.500000,560.010315
2025-07-25,569.960022,563.849976,568.219971,564.700928
2025-07-28,571.650024,566.219971,568.280029,564.760742
2025-07-29,573.000000,563.000000,563.320007,559.831421
2025-07-30,565.609985,555.210022,559.109985,555.647461
2025-07-31,579.440002,562.510010,566.469971,562.961792
2025-08-01,564.869995,556.099976,559.890015,556.422668
2025-08-04,569.919983,562.500000,569.809998,566.281189
2025-08-05,571.830017,562.130005,566.039978,562.534485
2025-08-06,570.359985,563.969971,569.130005,565.605408
2025-08-07,573.900024,553.859985,561.219971,557.744324
2025-08-08,576.159973,562.690002,574.320007,570.763245
2025-08-11,576.590027,569.440002,573.590027,570.037781
2025-08-12,578.320007,570.460022,574.179993,570.624146
2025-08-13,580.270020,574.039978,577.900024,574.321106
2025-08-14,584.400024,575.500000,583.760010,580.144836
2025-08-15,589.559998,581.109985,581.700012,578.097534
2025-08-18,585.489990,580.690002,584.140015,580.522522
2025-08-19,590.570007,584.219971,585.510010,581.883972
2025-08-20,593.880005,585.909973,592.679993,589.009583
2025-08-21,592.210022,583.929993,591.919983,588.254272
2025-08-22,601.770020,593.080017,598.960022,595.250732
2025-08-25,599.039978,592.859985,593.210022,589.536255
2025-08-26,596.000000,586.289978,591.609985,587.946167
2025-08-27,594.619995,589.820007,590.659973,587.002075
2025-08-28,593.530029,589.719971,590.479980,586.823181
2025-08-29,596.830017,590.260010,595.289978,591.603394
2025-09-02,595.619995,586.000000,591.869995,588.204590
2025-09-03,594.000000,588.960022,593.280029,589.605835
2025-09-04,595.890015,589.289978,595.640015,591.951233
2025-09-05,598.580017,579.030029,584.219971,580.601929
2025-09-08,589.789978,580.700012,586.599976,582.967163
2025-09-09,591.179993,583.299988,584.000000,580.383301
2025-09-10,582.130005,571.000000,579.380005,575.791931
2025-09-11,589.969971,580.010010,588.729980,585.084045
2025-09-12,589.210022,580.000000,580.409973,576.815491
2025-09-15,586.500000,581.500000,582.960022,579.349792
2025-09-16,588.109985,576.830017,586.419983,582.788330
2025-09-17,598.890015,587.440002,598.630005,594.922791
2025-09-18,601.619995,585.880005,586.049988,582.420654
2025-09-19,588.869995,581.510010,584.159973,580.542236
2025-09-22,587.349976,580.140015,584.489990,580.870239
2025-09-23,586.859985,568.250000,569.969971,566.440125
2025-09-24,571.659973,564.950012,568.809998,565.287354
2025-09-25,572.390015,564.570007,567.299988,563.786743
2025-09-26,569.659973,564.059998,565.130005,561.630188
2025-09-29,569.320007,562.510010,568.140015,564.621582
2025-09-30,570.630005,563.650024,568.809998,565.287354
2025-10-01,575.469971,565.010010,573.770020,570.216675
2025-10-02,579.840027,570.770020,577.330017,573.754639
2025-10-03,583.219971,576.429993,580.450012,576.855286
2025-10-06,581.140015,569.260010,578.809998,575.225403
2025-10-07,586.080017,578.909973,579.840027,576.249023
2025-10-08,583.070007,576.080017,576.440002,572.870056
2025-10-09,579.400024,562.510010,564.549988,561.794434
2025-10-10,569.419983,556.690002,557.479980,554.758911
2025-10-13,565.000000,553.010010,559.239990,556.510376
2025-10-14,569.809998,556.000000,567.919983,565.148010
2025-10-15,568.690002,559.400024,562.809998,560.062927
2025-10-16,564.650024,547.390015,549.880005,547.196045
2025-10-17,562.799988,552.010010,560.969971,558.231934
2025-10-20,567.419983,553.789978,566.359985,563.595642
2025-10-21,575.979980,560.770020,572.030029,569.237976
2025-10-22,576.429993,568.580017,571.359985,568.571167
2025-10-23,576.989990,571.669983,573.770020,570.969482
2025-10-24,580.820007,573.080017,573.669983,570.869934
2025-10-27,575.719971,566.479980,572.359985,569.566284
2025-10-28,573.989990,565.450012,565.929993,563.167725
2025-10-29,566.809998,551.229980,554.580017,551.873169
2025-10-30,562.919983,545.640015,553.679993,550.977478
2025-10-31,554.429993,543.530029,551.989990,549.295776
2025-11-03,551.000000,540.359985,544.070007,541.414429
2025-11-04,554.030029,542.479980,552.750000,550.052063
2025-11-05,556.330017,549.369995,553.309998,550.609314
2025-11-06,555.000000,547.859985,553.280029,550.579468
2025-11-07,558.669983,550.669983,551.969971,549.275818
2025-11-10,554.700012,548.580017,552.960022,550.261047
2025-11-11,558.530029,548.010010,558.349976,555.624756
2025-11-12,565.909973,558.409973,561.229980,558.490662
2025-11-13,563.599976,554.859985,555.570007,552.858337
2025-11-14,557.000000,544.049988,545.729980,543.066345
2025-11-17,549.320007,536.210022,536.849976,534.229614
2025-11-18,536.000000,524.700012,527.580017,525.004944
2025-11-19,531.000000,524.979980,530.359985,527.771301
2025-11-20,538.460022,527.179993,527.880005,525.303467
2025-11-21,544.409973,531.669983,540.400024,537.762390
2025-11-24,544.039978,535.109985,537.849976,535.224731
2025-11-25,550.400024,539.000000,546.469971,543.802673
2025-11-26,548.669983,544.169983,544.929993,542.270203
2025-11-28,551.400024,545.419983,550.530029,547.842957
2025-12-01,549.780029,543.390015,543.969971,541.314880
2025-12-02,554.750000,541.039978,545.909973,543.245422
2025-12-03,555.070007,546.500000,553.729980,551.027222
2025-12-04,559.000000,539.559998,542.309998,539.663025
2025-12-05,550.440002,541.250000,545.520020,542.857361
2025-12-08,547.330017,537.390015,540.440002,537.802185
2025-12-09,541.900024,535.919983,537.549988,534.926270
2025-12-10,544.950012,537.500000,538.859985,536.229797
2025-12-11,565.130005,542.650024,563.369995,560.620178
2025-12-12,573.710022,565.890015,571.929993,569.138428
2025-12-15,573.299988,567.159973,569.130005,566.352112
2025-12-16,571.000000,562.479980,566.020020,563.257324
2025-12-17,571.760010,563.559998,565.469971,562.709961
2025-12-18,569.130005,563.039978,566.210022,563.446350
2025-12-19,572.940002,565.200012,572.229980,569.436951
2025-12-22,579.450012,571.000000,575.700012,572.890076
2025-12-23,581.719971,575.750000,576.349976,573.536865
2025-12-24,582.289978,577.000000,579.450012,576.621765
2025-12-26,581.200012,578.679993,579.599976,576.770996
2025-12-29,581.989990,577.409973,577.900024,575.079285
2025-12-30,577.780029,574.250000,577.419983,574.601624
2025-12-31,577.979980,570.619995,570.880005,568.093628
2026-01-02,570.880005,559.489990,563.130005,560.381409
2026-01-05,576.260010,558.450012,568.570007,565.794861
2026-01-06,581.369995,567.940002,580.340027,577.507446
2026-01-07,585.280029,577.619995,579.919983,577.089417
2026-01-08,589.669983,573.500000,580.070007,577.238708
2026-01-09,581.309998,575.340027,575.539978,573.591064
2026-01-12,567.880005,555.890015,566.280029,564.362488
2026-01-13,558.950012,533.700012,544.989990,543.144531
2026-01-14,548.590027,538.150024,546.820007,544.968384
2026-01-15,549.880005,539.000000,542.650024,540.812500
2026-01-16,544.030029,538.679993,539.489990,537.663208
2026-01-20,536.409973,528.510010,531.739990,529.939392
2026-01-21,537.400024,524.770020,527.570007,525.783569
2026-01-22,533.190002,523.809998,532.859985,531.055664
2026-01-23,532.140015,520.159973,524.739990,522.963135
2026-01-26,530.390015,522.650024,527.359985,525.574219
2026-01-27,529.109985,519.549988,520.409973,518.647766
2026-01-28,523.830017,518.270020,521.369995,519.604553
2026-01-29,544.239990,520.109985,543.729980,541.888794
2026-01-30,543.760010,535.229980,538.789978,536.965515
2026-02-02,557.119995,540.950012,555.369995,553.489380
2026-02-03,560.109985,549.030029,550.719971,548.855164
2026-02-04,556.599976,541.010010,553.520020,551.645691
2026-02-05,561.919983,549.950012,551.890015,550.021240
2026-02-06,556.789978,539.799988,548.739990,546.881836
2026-02-09,546.559998,534.200012,535.330017,533.517273
2026-02-10,547.000000,535.000000,540.390015,538.560120
2026-02-11,540.700012,533.109985,537.460022,535.640076
2026-02-12,543.000000,527.150024,527.460022,525.673950
2026-02-13,533.989990,516.020020,518.359985,516.604736
2026-02-17,525.859985,515.000000,521.929993,520.162598
2026-02-18,530.760010,519.400024,527.979980,526.192139
2026-02-19,526.530029,516.049988,520.260010,518.498291
2026-02-20,527.500000,518.590027,526.409973,524.627441
2026-02-23,522.719971,490.000000,496.029999,494.350342
2026-02-24,499.250000,491.260010,498.000000,496.313690
2026-02-25,510.540009,502.420013,509.390015,507.665131
2026-02-26,519.900024,509.010010,514.770020,513.026917
2026-02-27,518.760010,506.750000,517.210022,515.458679
2026-03-02,526.159973,507.339996,521.000000,519.235840
2026-03-03,526.799988,513.000000,524.320007,522.544556
2026-03-04,526.159973,520.280029,522.919983,521.149292
2026-03-05,525.320007,512.750000,524.659973,522.883362
2026-03-06,522.549988,512.200012,522.340027,520.571289
2026-03-09,520.890015,509.109985,517.719971,515.966919
2026-03-10,519.330017,511.000000,514.719971,512.977051
2026-03-11,515.309998,502.720001,504.000000,502.293365
2026-03-12,505.619995,496.290009,497.309998,495.626038
2026-03-13,501.859985,495.399994,497.989990,496.303680
2026-03-16,508.579987,498.619995,508.500000,506.778137
2026-03-17,516.960022,506.500000,506.579987,504.864594
2026-03-18,503.750000,487.920013,488.470001,486.815948
2026-03-19,497.079987,487.309998,491.140015,489.476929
2026-03-20,499.220001,491.010010,496.320007,494.639374
2026-03-23,507.040009,500.380005,500.380005,498.685608
2026-03-24,502.730011,493.239990,498.929993,497.240540
2026-03-25,506.250000,494.559998,502.760010,501.057587
2026-03-26,504.799988,499.049988,500.750000,499.054382
2026-03-27,500.049988,480.500000,484.239990,482.600250
2026-03-30,495.540009,487.000000,494.000000,492.327209
2026-03-31,501.410004,490.579987,499.660004,497.968079
2026-04-01,503.000000,485.649994,491.649994,489.985168
2026-04-02,499.880005,487.750000,493.440002,491.769135
2026-04-06,501.910004,491.179993,501.500000,499.801819
2026-04-07,502.600006,495.670013,498.279999,496.592712
2026-04-08,511.820007,505.859985,507.119995,505.402802
2026-04-09,506.670013,497.760010,503.570007,502.727264
2026-04-10,504.390015,495.670013,498.660004,497.825500
2026-04-13,508.869995,495.000000,508.579987,507.728882
2026-04-14,513.979980,506.690002,513.159973,512.301208
2026-04-15,522.440002,513.200012,519.960022,519.089844
2026-04-16,522.229980,517.010010,518.539978,517.672180
2026-04-17,527.469971,518.739990,521.299988,520.427612
2026-04-20,524.479980,514.539978,516.650024,515.785400
2026-04-21,523.109985,510.170013,511.350006,510.494263
2026-04-22,513.789978,505.720001,510.160004,509.306244
2026-04-23,509.649994,498.369995,502.380005,501.539276
2026-04-24,505.609985,495.630005,504.170013,503.326263
2026-04-27,509.049988,500.760010,506.429993,505.582458
2026-04-28,517.000000,507.239990,507.619995,506.770477
2026-04-29,534.210022,520.890015,525.229980,524.351013
2026-04-30,514.150024,498.959991,502.920013,502.078369
2026-05-01,509.000000,492.149994,495.459991,494.630829
2026-05-04,507.290009,493.880005,504.739990,503.895294
2026-05-05,503.880005,493.260010,497.079987,496.248108
2026-05-06,500.739990,489.730011,491.890015,491.066833
2026-05-07,503.519989,492.700012,500.940002,500.101685
2026-05-08,500.410004,491.730011,495.480011,494.650818
2026-05-11,501.660004,492.010010,497.809998,496.976898
2026-05-12,506.309998,499.750000,499.809998,498.973541
2026-05-13,498.600006,490.320007,490.640015,489.818909
2026-05-14,494.500000,488.010010,489.940002,489.120087
2026-05-15,502.279999,492.329987,494.200012,493.372955
2026-05-18,506.230011,490.950012,505.790009,504.943573
2026-05-19,512.900024,498.500000,499.700012,498.863770
2026-05-20,499.700012,490.799988,498.040009,497.206543
2026-05-21,501.380005,490.070007,499.619995,498.783875
2026-05-22,504.260010,497.320007,498.540009,497.705688
2026-05-26,496.850006,492.059998,493.010010,492.184937
2026-05-27,499.350006,492.510010,495.040009,494.211548
2026-05-28,494.579987,486.350006,493.750000,492.923706
2026-05-29,500.109985,492.839996,493.980011,493.153320
2026-06-01,497.130005,488.649994,495.250000,494.421204
2026-06-02,493.989990,477.679993,477.679993,476.880585
2026-06-03,481.959991,464.519989,471.549988,470.760834
2026-06-04,488.549988,477.459991,481.760010,480.953766
2026-06-05,494.000000,484.000000,491.079987,490.258148
2026-06-08,489.519989,483.700012,485.670013,484.857239
2026-06-09,495.420013,482.000000,495.239990,494.411194
2026-06-10,498.799988,486.500000,489.079987,488.261505
2026-06-11,491.470001,484.390015,486.510010,485.695831
2026-06-12,492.369995,484.540009,489.980011,489.160034
2026-06-15,493.549988,486.660004,490.640015,489.818909
2026-06-16,501.500000,489.510010,501.329987,500.490997
2026-06-17,504.640015,492.399994,492.989990,492.164948
2026-06-18,495.989990,488.910004,489.790009,488.970337
2026-06-22,495.660004,483.140015,484.089996,483.279877
2026-06-23,491.559998,484.420013,488.070007,487.253204
2026-06-24,498.440002,486.220001,494.410004,493.582611
2026-06-25,504.799988,488.649994,488.920013,488.101807
2026-06-26,504.359985,488.579987,499.019989,498.184875
2026-06-29,515.450012,502.500000,509.640015,508.787109
2026-06-30,514.000000,507.140015,513.599976,512.740479
2026-07-01,530.409973,513.419983,522.440002,521.565674
2026-07-02,539.630005,526.070007,539.390015,538.487305
2026-07-06,541.890015,522.679993,533.099976,532.207825
2026-07-07,543.650024,530.000000,531.619995,530.730347
2026-07-08,531.619995,517.210022,519.859985,518.989990
2026-07-09,523.229980,515.109985,523.200012,523.200012
2026-07-10,528.940002,519.650024,526.739990,526.739990
2026-07-13,539.929993,530.710022,537.700012,537.700012
2026-07-14,543.460022,532.059998,538.020020,538.020020
2026-07-15,541.239990,529.080017,535.210022,535.210022
2026-07-16,551.679993,539.690002,551.539978,551.539978
2026-07-17,551.719971,540.229980,543.599976,543.599976
2026-07-20,547.909973,538.010010,547.440002,547.440002
2026-07-21,544.340027,536.849976,538.299988,538.299988
2026-07-22,540.000000,530.729980,531.979980,531.979980
2026-07-23,530.880005,523.609985,530.289978,530.289978
2026-07-24,540.000000,529.690002,539.659973,539.659973
2026-07-27,553.890015,542.020020,551.710022,551.710022
2026-07-28,564.609985,557.429993,562.750000,562.750000
2026-07-29,569.989990,554.919983,563.320007,563.320007
2026-07-30,582.619995,567.630005,577.349976,577.349976
2026-07-31,575.419983,563.419983,573.099976,573.099976
2026-08-03,583.710022,570.780029,570.969971,570.969971
2026-08-04,573.349976,564.000000,571.099976,571.099976
2026-08-05,578.260010,568.599976,570.479980,570.479980
2026-08-06,576.359985,566.369995,575.950012,575.950012
2026-08-07,572.989990,561.619995,562.950012,562.950012
2026-08-10,566.770020,559.359985,563.169983,563.169983
2026-08-11,567.630005,560.000000,561.440002,561.440002
2026-08-12,563.549988,556.059998,559.729980,559.729980
2026-08-13,568.280029,557.700012,567.039978,567.039978
2026-08-14,570.669983,564.440002,569.289978,569.289978
2026-08-17,569.270020,561.260010,562.260010,562.260010
2026-08-18,578.500000,563.179993,574.309998,574.309998
2026-08-19,582.929993,570.330017,573.719971,573.719971
2026-08-20,579.609985,571.799988,573.849976,573.849976
2026-08-21,582.280029,573.039978,580.630005,580.630005
2026-08-24,599.989990,584.219971,599.859985,599.859985
2026-08-25,601.229980,595.349976,599.369995,599.369995
2026-08-26,600.489990,594.710022,598.469971,598.469971
2026-08-27,594.010010,588.109985,591.729980,591.729980
2026-08-28,598.020020,592.080017,595.299988,595.299988
2026-08-31,595.179993,588.380005,589.309998,589.309998
2026-09-01,592.640015,580.880005,581.099976,581.099976
2026-09-02,590.710022,583.700012,588.140015,588.140015
2026-09-03,592.969971,583.809998,585.710022,585.710022
2026-09-04,584.500000,578.710022,579.210022,579.210022
2026-09-08,575.669983,567.010010,570.890015,570.890015
2026-09-09,570.840027,565.729980,567.500000,567.500000
2026-09-10,568.729980,563.169983,565.369995,565.369995
2026-09-11,572.679993,564.250000,569.190002,569.190002
2026-09-14,578.900024,565.960022,574.419983,574.419983
2026-09-15,574.000000,567.309998,573.270020,573.270020
2026-09-16,573.039978,565.320007,567.750000,567.750000
2026-09-17,569.859985,564.070007,565.729980,565.729980
2026-09-18,568.429993,561.900024,565.239990,565.239990
2026-09-21,569.390015,562.359985,567.650024,567.650024
2026-09-22,571.349976,553.119995,555.890015,555.890015
2026-09-23,565.750000,554.000000,559.919983,559.919983
2026-09-24,568.179993,559.679993,566.080017,566.080017
2026-09-25,568.780029,562.289978,567.650024,567.650024
2026-09-28,569.570007,563.500000,568.260010,568.260010
2026-09-29,566.989990,561.299988,563.580017,563.580017
2026-09-30,563.000000,551.429993,551.469971,551.469971
2026-10-01,557.164978,546.119995,550.000000,550.000000
