date,high,low,close,adjclose
1995-05-09,5.023438,4.945313,4.988281,3.027913
1995-05-10,5.023438,4.929688,4.953125,3.006573
1995-05-11,5.093750,4.937500,5.085938,3.087190
1995-05-12,5.140625,5.023438,5.046875,3.063478
1995-05-15,5.125000,4.992188,5.082031,3.084818
1995-05-16,5.313477,5.093750,5.304688,3.219971
1995-05-17,5.429688,5.320313,5.375000,3.262651
1995-05-18,5.421875,5.289063,5.289063,3.210488
1995-05-19,5.343750,5.250000,5.335938,3.238941
1995-05-22,5.468750,5.250000,5.453125,3.310074
1995-05-23,5.531250,5.376953,5.531250,3.357497
1995-05-24,5.593750,5.437500,5.468750,3.319559
1995-05-25,5.585938,5.445313,5.578125,3.385950
1995-05-26,5.578125,5.437500,5.468750,3.319559
1995-05-30,5.523438,5.164063,5.187500,3.148839
1995-05-31,5.296875,5.062500,5.292969,3.212860
1995-06-01,5.351563,5.242188,5.257813,3.191519
1995-06-02,5.257813,5.164063,5.195313,3.153583
1995-06-05,5.335938,5.109375,5.296875,3.215230
1995-06-06,5.375977,5.195313,5.195313,3.153583
1995-06-07,5.296875,5.132813,5.250000,3.186777
1995-06-08,5.289063,5.226563,5.257813,3.191519
1995-06-09,5.367188,5.164063,5.304688,3.219971
1995-06-12,5.296875,5.203125,5.234375,3.177292
1995-06-13,5.296875,5.210938,5.242188,3.182035
1995-06-14,5.257813,5.171875,5.238281,3.179663
1995-06-15,5.312500,5.242188,5.304688,3.219971
1995-06-16,5.468750,5.304688,5.437500,3.300589
1995-06-19,5.618164,5.429688,5.613281,3.407290
1995-06-20,5.710938,5.609375,5.710938,3.466567
1995-06-21,5.773438,5.625000,5.656250,3.433371
1995-06-22,5.750000,5.664063,5.742188,3.485536
1995-06-23,5.761719,5.640625,5.695313,3.457082
1995-06-26,5.695313,5.593750,5.609375,3.404919
1995-06-27,5.656250,5.421875,5.429688,3.295848
1995-06-28,5.562500,5.304688,5.492188,3.333787
1995-06-29,5.609375,5.500000,5.585938,3.390694
1995-06-30,5.687500,5.601563,5.648438,3.428632
1995-07-03,5.695313,5.648438,5.683594,3.449969
1995-07-05,5.750000,5.648438,5.667969,3.440486
1995-07-06,5.812500,5.648438,5.796875,3.518732
1995-07-07,5.976563,5.796875,5.976563,3.627804
1995-07-10,6.234375,5.984375,6.179688,3.751102
1995-07-11,6.195313,6.031250,6.031250,3.661000
1995-07-12,6.250000,6.046875,6.242188,3.789040
1995-07-13,6.343750,6.132813,6.257813,3.798525
1995-07-14,6.476563,6.125000,6.476563,3.931306
1995-07-17,6.828125,6.656250,6.812500,4.135223
1995-07-18,6.695313,6.328125,6.367188,3.864916
1995-07-19,6.171875,5.531250,5.906250,3.585124
1995-07-20,6.085938,5.875000,6.007813,3.646773
1995-07-21,6.000000,5.734375,5.750000,3.490279
1995-07-24,5.859375,5.757813,5.851563,3.551929
1995-07-25,6.101563,5.937500,6.023438,3.656258
1995-07-26,6.132813,5.929688,6.000000,3.642029
1995-07-27,6.101563,6.015625,6.031250,3.661000
1995-07-28,6.000000,5.750000,5.789063,3.513990
1995-07-31,5.843750,5.625000,5.656250,3.433371
1995-08-01,5.680664,5.492188,5.593750,3.395435
1995-08-02,5.789063,5.500000,5.562500,3.376466
1995-08-03,5.710938,5.468750,5.695313,3.457082
1995-08-04,5.867188,5.703125,5.867188,3.561412
1995-08-07,5.968750,5.734375,5.851563,3.551929
1995-08-08,5.929688,5.835938,5.843750,3.547185
1995-08-09,6.132813,6.000000,6.031250,3.661000
1995-08-10,6.070313,5.867188,5.882813,3.570897
1995-08-11,6.039063,5.757813,6.031250,3.661000
1995-08-14,6.203125,5.984375,6.171875,3.746361
1995-08-15,6.210938,6.054688,6.148438,3.732131
1995-08-16,6.179688,6.070313,6.171875,3.746361
1995-08-17,6.296875,6.165039,6.195313,3.760586
1995-08-18,6.234375,6.062500,6.070313,3.684711
1995-08-21,6.140625,5.898438,5.906250,3.585124
1995-08-22,6.210938,5.898438,6.207031,3.767700
1995-08-23,6.281250,6.093750,6.117188,3.713164
1995-08-24,6.132813,5.968750,6.007813,3.646773
1995-08-25,6.046875,5.898438,5.898438,3.580383
1995-08-28,5.898438,5.617188,5.628906,3.416772
1995-08-29,5.742188,5.437500,5.742188,3.485536
1995-08-30,5.859375,5.718750,5.828125,3.537701
1995-08-31,5.875000,5.718750,5.781250,3.509248
1995-09-01,5.750000,5.585938,5.609375,3.404919
1995-09-05,5.945313,5.640625,5.937500,3.604093
1995-09-06,6.031250,5.812500,5.843750,3.547185
1995-09-07,6.039063,5.828125,5.914063,3.589865
1995-09-08,5.976563,5.828125,5.968750,3.623061
1995-09-11,6.117188,5.937500,6.101563,3.703681
1995-09-12,6.109375,5.976563,6.015625,3.651514
1995-09-13,6.062500,5.945313,6.007813,3.646773
1995-09-14,6.031250,5.921875,5.929688,3.599351
1995-09-15,5.960938,5.781250,5.839844,3.544815
1995-09-18,5.835938,5.679688,5.750000,3.490279
1995-09-19,5.906250,5.718750,5.832031,3.540072
1995-09-20,5.914063,5.789063,5.820313,3.532959
1995-09-21,5.816406,5.656250,5.664063,3.438115
1995-09-22,5.671875,5.562500,5.609375,3.404919
1995-09-25,5.664063,5.531250,5.639648,3.423294
1995-09-26,5.742188,5.507813,5.515625,3.348012
1995-09-27,5.546875,5.210938,5.539063,3.362240
1995-09-28,5.718750,5.554688,5.718750,3.471311
1995-09-29,5.796875,5.628906,5.656250,3.433371
1995-10-02,5.679688,5.507813,5.515625,3.348012
1995-10-03,5.578125,5.453125,5.554688,3.371725
1995-10-04,5.507813,5.343750,5.382813,3.267396
1995-10-05,5.468750,5.312500,5.468750,3.319559
1995-10-06,5.562500,5.343750,5.367188,3.257910
1995-10-09,5.359375,5.171875,5.195313,3.153583
1995-10-10,5.257813,5.023438,5.234375,3.177292
1995-10-11,5.460938,5.312500,5.414063,3.286365
1995-10-12,5.507813,5.414063,5.476563,3.324301
1995-10-13,5.546875,5.375000,5.390625,3.272137
1995-10-16,5.460938,5.343750,5.421875,3.291106
1995-10-17,5.718750,5.421875,5.695313,3.457082
1995-10-18,6.164063,5.929688,5.976563,3.627804
1995-10-19,6.062500,5.921875,6.046875,3.670484
1995-10-20,6.054688,5.929688,5.968750,3.623061
1995-10-23,6.070313,5.906250,6.023438,3.656258
1995-10-24,6.132813,6.023438,6.093750,3.698937
1995-10-25,6.109375,5.992188,5.992188,3.637290
1995-10-26,6.132813,5.960938,6.125000,3.717906
1995-10-27,6.258789,6.085938,6.250000,3.793782
1995-10-30,6.460938,6.156250,6.421875,3.898111
1995-10-31,6.460938,6.234375,6.250000,3.793782
1995-11-01,6.312500,6.140625,6.148438,3.732131
1995-11-02,6.273438,6.140625,6.250000,3.793782
1995-11-03,6.257813,6.171875,6.218750,3.774812
1995-11-06,6.179688,6.054688,6.085938,3.694195
1995-11-07,6.085938,5.804688,5.812500,3.528218
1995-11-08,5.968750,5.835938,5.953125,3.613577
1995-11-09,6.188477,6.000000,6.187500,3.755841
1995-11-10,6.187500,6.038086,6.054688,3.675227
1995-11-13,6.078125,6.003906,6.019531,3.653885
1995-11-14,6.000000,5.867188,5.875000,3.566154
1995-11-15,5.914063,5.742188,5.875000,3.566154
1995-11-16,5.740234,5.601563,5.617188,3.409662
1995-11-17,5.664063,5.460938,5.460938,3.314818
1995-11-20,5.585938,5.359375,5.375000,3.262651
1995-11-21,5.546875,5.265625,5.500000,3.338528
1995-11-22,5.593750,5.453125,5.460938,3.314818
1995-11-24,5.515625,5.460938,5.500000,3.338528
1995-11-27,5.593750,5.446289,5.453125,3.310074
1995-11-28,5.718750,5.406250,5.718750,3.471311
1995-11-29,5.781250,5.578125,5.609375,3.404919
1995-11-30,5.609375,5.429688,5.445313,3.305333
1995-12-01,5.492188,5.367188,5.390625,3.272137
1995-12-04,5.601563,5.328125,5.492188,3.333787
1995-12-05,5.507813,5.320313,5.375000,3.262651
1995-12-06,5.687500,5.375000,5.664063,3.438115
1995-12-07,5.750000,5.553711,5.656250,3.433371
1995-12-08,5.914063,5.764648,5.906250,3.585124
1995-12-11,5.921875,5.812500,5.820313,3.532959
1995-12-12,5.820313,5.695313,5.710938,3.466567
1995-12-13,5.757813,5.656250,5.734375,3.480793
1995-12-14,5.843750,5.539063,5.546875,3.366982
1995-12-15,5.609375,5.453125,5.523438,3.352755
1995-12-18,5.562500,5.335938,5.437500,3.300589
1995-12-19,5.688477,5.460938,5.679688,3.447599
1995-12-20,5.710938,5.437500,5.445313,3.305333
1995-12-21,5.625000,5.460938,5.625000,3.414404
1995-12-22,5.679688,5.570313,5.656250,3.433371
1995-12-26,5.703125,5.617188,5.640625,3.423888
1995-12-27,5.664063,5.523438,5.554688,3.371725
1995-12-28,5.531250,5.453125,5.460938,3.314818
1995-12-29,5.546875,5.390625,5.484375,3.329042
1996-01-02,5.609375,5.460938,5.609375,3.404919
1996-01-03,5.632813,5.421875,5.429688,3.295848
1996-01-04,5.468750,5.304688,5.460938,3.314818
1996-01-05,5.476563,5.382813,5.398438,3.276880
1996-01-08,5.476563,5.382813,5.390625,3.272137
1996-01-09,5.375000,4.992188,5.011719,3.042139
1996-01-10,5.203125,5.030273,5.148438,3.125128
1996-01-11,5.429688,5.195313,5.414063,3.286365
1996-01-12,5.429688,5.242188,5.359375,3.253167
1996-01-15,5.367188,5.117188,5.156250,3.129870
1996-01-16,5.405273,5.203125,5.398438,3.276880
1996-01-17,5.468750,5.289063,5.304688,3.219971
1996-01-18,5.554688,5.312500,5.476563,3.324301
1996-01-19,5.828125,5.601563,5.742188,3.485536
1996-01-22,5.796875,5.679688,5.750000,3.490279
1996-01-23,5.734375,5.578125,5.593750,3.395435
1996-01-24,5.781250,5.593750,5.703125,3.461827
1996-01-25,5.726563,5.562500,5.585938,3.390694
1996-01-26,5.679688,5.562500,5.656250,3.433371
1996-01-29,5.703125,5.584961,5.648438,3.428632
1996-01-30,5.710938,5.664063,5.675781,3.445227
1996-01-31,5.789063,5.632813,5.781250,3.509248
1996-02-01,5.890625,5.750000,5.882813,3.570897
1996-02-02,5.882813,5.757813,5.812500,3.528218
1996-02-05,6.078125,5.796875,6.070313,3.684711
1996-02-06,6.093750,5.976563,6.031250,3.661000
1996-02-07,6.070313,5.967773,6.054688,3.675227
1996-02-08,6.218750,5.968750,6.179688,3.751102
1996-02-09,6.265625,6.156250,6.257813,3.798525
1996-02-12,6.320313,6.195313,6.218750,3.774812
1996-02-13,6.265625,6.093750,6.226563,3.779556
1996-02-14,6.257813,6.148438,6.171875,3.746361
1996-02-15,6.195313,6.109375,6.156250,3.736877
1996-02-16,6.203125,6.117188,6.117188,3.713164
1996-02-20,6.156250,6.054688,6.109375,3.708423
1996-02-21,6.257813,6.093750,6.242188,3.789040
1996-02-22,6.414063,6.250000,6.406250,3.888626
1996-02-23,6.476563,6.367188,6.468750,3.926563
1996-02-26,6.453125,6.281250,6.289063,3.817492
1996-02-27,6.300781,6.233398,6.257813,3.798525
1996-02-28,6.375000,6.242188,6.257813,3.798525
1996-02-29,6.257813,6.160156,6.167969,3.743989
1996-03-01,6.164063,5.914063,5.968750,3.623061
1996-03-04,6.085938,5.968750,6.015625,3.651514
1996-03-05,6.141602,5.984375,6.132813,3.722647
1996-03-06,6.179688,6.062500,6.062500,3.679969
1996-03-07,6.101563,6.039063,6.082031,3.691821
1996-03-08,6.093750,5.921875,5.945313,3.608836
1996-03-11,6.039063,5.945313,6.031250,3.661000
1996-03-12,6.039063,5.921875,5.984375,3.632546
1996-03-13,6.312500,6.109375,6.304688,3.826979
1996-03-14,6.367188,6.226563,6.226563,3.779556
1996-03-15,6.445313,6.226563,6.398438,3.883884
1996-03-18,6.617188,6.398438,6.578125,3.992957
1996-03-19,6.691406,6.546875,6.679688,4.054604
1996-03-20,6.664063,6.483398,6.539063,3.969243
1996-03-21,6.523438,6.281250,6.296875,3.822234
1996-03-22,6.339844,6.234375,6.320313,3.836461
1996-03-25,6.398438,6.175781,6.242188,3.789040
1996-03-26,6.429688,6.171875,6.421875,3.898111
1996-03-27,6.500000,6.320313,6.406250,3.888626
1996-03-28,6.468750,6.320313,6.390625,3.879142
1996-03-29,6.507813,6.382813,6.445313,3.912337
1996-04-01,6.468750,6.382813,6.421875,3.898111
1996-04-02,6.562500,6.414063,6.539063,3.969243
1996-04-03,6.570313,6.460938,6.531250,3.964502
1996-04-04,6.554688,6.468750,6.523438,3.959760
1996-04-08,6.492188,6.367188,6.484375,3.936048
1996-04-09,6.500000,6.343750,6.351563,3.855429
1996-04-10,6.437500,6.328125,6.351563,3.855429
1996-04-11,6.398438,6.226563,6.320313,3.836461
1996-04-12,6.351563,6.281250,6.320313,3.836461
1996-04-15,6.476563,6.312500,6.469727,3.927157
1996-04-16,6.593750,6.500000,6.578125,3.992957
1996-04-17,6.625000,6.519531,6.621094,4.019036
1996-04-18,6.828125,6.593750,6.812500,4.135223
1996-04-19,7.007813,6.843750,6.859375,4.163676
1996-04-22,7.085938,6.890625,7.046875,4.277488
1996-04-23,7.078125,6.960938,7.039063,4.272748
1996-04-24,7.070313,6.953125,6.968750,4.230066
1996-04-25,7.109375,6.890625,7.046875,4.277488
1996-04-26,7.117188,7.023438,7.093750,4.305944
1996-04-29,7.093750,7.000000,7.039063,4.272748
1996-04-30,7.078125,6.992188,7.078125,4.296457
1996-05-01,7.203125,7.039063,7.195313,4.367593
1996-05-02,7.203125,6.945313,6.976563,4.234809
1996-05-03,7.156250,6.882813,6.929688,4.206354
1996-05-06,7.023438,6.851563,6.984375,4.239550
1996-05-07,7.093750,6.976563,7.070313,4.291716
1996-05-08,7.148438,6.921875,7.140625,4.334395
1996-05-09,7.195313,7.078125,7.093750,4.305944
1996-05-10,7.196289,7.132813,7.179688,4.358108
1996-05-13,7.429688,7.187500,7.414063,4.500372
1996-05-14,7.500000,7.389648,7.437500,4.514600
1996-05-15,7.484375,7.335938,7.351563,4.462436
1996-05-16,7.335938,7.226563,7.320313,4.443468
1996-05-17,7.375000,7.273438,7.312500,4.438725
1996-05-20,7.367188,7.289063,7.296875,4.429239
1996-05-21,7.304688,7.195313,7.195313,4.367593
1996-05-22,7.328125,7.164063,7.304688,4.433982
1996-05-23,7.445313,7.304688,7.406250,4.495632
1996-05-24,7.437500,7.390625,7.406250,4.495632
1996-05-28,7.446289,7.320313,7.328125,4.448209
1996-05-29,7.390625,7.289063,7.320313,4.443468
1996-05-30,7.390625,7.289063,7.390625,4.486147
1996-05-31,7.460938,7.375000,7.421875,4.505116
1996-06-03,7.468750,7.382813,7.398438,4.490890
1996-06-04,7.429688,7.265625,7.367188,4.471921
1996-06-05,7.578125,7.367188,7.554688,4.585733
1996-06-06,7.687500,7.484375,7.488281,4.545424
1996-06-07,7.578125,7.351563,7.578125,4.599960
1996-06-10,7.578125,7.499023,7.539063,4.576248
1996-06-11,7.703125,7.539063,7.632813,4.633157
1996-06-12,7.835938,7.671875,7.812500,4.742226
1996-06-13,7.867188,7.734375,7.789063,4.728001
1996-06-14,7.812500,7.679688,7.687500,4.666350
1996-06-17,7.812500,7.648438,7.789063,4.728001
1996-06-18,7.781250,7.625000,7.648438,4.642640
1996-06-19,7.695313,7.585938,7.609375,4.618928
1996-06-20,7.655273,7.437500,7.609375,4.618928
1996-06-21,7.757813,7.593750,7.742188,4.699547
1996-06-24,7.820313,7.687500,7.757813,4.709032
1996-06-25,7.765625,7.585938,7.625000,4.628414
1996-06-26,7.625000,7.437500,7.531250,4.571508
1996-06-27,7.562500,7.437500,7.496094,4.550167
1996-06-28,7.562500,7.445313,7.507813,4.557281
1996-07-01,7.656250,7.507813,7.644531,4.640269
1996-07-02,7.664063,7.578125,7.601563,4.614188
1996-07-03,7.679688,7.539063,7.570313,4.595218
1996-07-05,7.507813,7.398438,7.398438,4.490890
1996-07-08,7.546875,7.382813,7.519531,4.564394
1996-07-09,7.585938,7.500000,7.500000,4.552538
1996-07-10,7.500000,7.382813,7.468750,4.533570
1996-07-11,7.398438,7.109375,7.156250,4.343881
1996-07-12,7.199219,6.905273,7.023438,4.263263
1996-07-15,7.109375,6.867188,6.914063,4.196870
1996-07-16,7.226563,6.718750,7.210938,4.377076
1996-07-17,7.382813,7.226563,7.320313,4.443468
1996-07-18,7.500000,7.242188,7.492188,4.547795
1996-07-19,7.601563,7.359375,7.561523,4.589882
1996-07-22,7.593750,7.367188,7.484375,4.543054
1996-07-23,7.500000,6.890625,7.007813,4.253780
1996-07-24,7.234375,6.843750,7.171875,4.353367
1996-07-25,7.421875,7.195313,7.406250,4.495632
1996-07-26,7.468750,7.390625,7.445313,4.519343
1996-07-29,7.492188,7.296875,7.304688,4.433982
1996-07-30,7.421875,7.257813,7.414063,4.500372
1996-07-31,7.476563,7.351563,7.367188,4.471921
1996-08-01,7.554688,7.335938,7.539063,4.576248
1996-08-02,7.742188,7.539063,7.710938,4.680579
1996-08-05,7.734375,7.578125,7.609375,4.618928
1996-08-06,7.757813,7.554688,7.750000,4.704288
1996-08-07,7.820313,7.679688,7.796875,4.732744
1996-08-08,7.867188,7.734375,7.828125,4.751712
1996-08-09,7.843750,7.742188,7.781250,4.723260
1996-08-12,7.882813,7.750000,7.828125,4.751712
1996-08-13,7.867188,7.710938,7.718750,4.685320
1996-08-14,7.820313,7.734375,7.804688,4.737484
1996-08-15,7.859375,7.773438,7.820313,4.746970
1996-08-16,7.828125,7.734375,7.765625,4.713773
1996-08-19,7.757813,7.640625,7.718750,4.685320
1996-08-20,7.757813,7.703125,7.710938,4.680579
1996-08-21,7.718750,7.609375,7.718750,4.685320
1996-08-22,7.820313,7.718750,7.812500,4.742226
1996-08-23,7.812500,7.703125,7.703125,4.675837
1996-08-26,7.734375,7.671875,7.679688,4.661609
1996-08-27,7.796875,7.687500,7.796875,4.732744
1996-08-28,7.859375,7.804688,7.851563,4.765936
1996-08-29,7.828125,7.726563,7.757813,4.709032
1996-08-30,7.765625,7.656250,7.656250,4.647385
1996-09-03,7.710938,7.539063,7.710938,4.680579
1996-09-04,7.726563,7.683594,7.710938,4.680579
1996-09-05,7.671875,7.593750,7.593750,4.609446
1996-09-06,7.671875,7.601563,7.656250,4.647385
1996-09-09,7.812500,7.640625,7.804688,4.737484
1996-09-10,7.820313,7.726563,7.773438,4.718516
1996-09-11,7.843750,7.726563,7.820313,4.746970
1996-09-12,8.093750,7.824219,8.039063,4.879752
1996-09-13,8.210938,8.054688,8.187500,4.969853
1996-09-16,8.320313,8.187500,8.218750,4.988823
1996-09-17,8.414063,8.265625,8.367188,5.078926
1996-09-18,8.617188,8.328125,8.531250,5.178512
1996-09-19,8.640625,8.484375,8.609375,5.225934
1996-09-20,8.664063,8.492188,8.632813,5.240162
1996-09-23,8.632813,8.515625,8.609375,5.225934
1996-09-24,8.648438,8.507813,8.554688,5.192739
1996-09-25,8.617188,8.460938,8.476563,5.145318
1996-09-26,8.507813,8.234375,8.250000,5.007791
1996-09-27,8.453125,8.203125,8.398438,5.097897
1996-09-30,8.429688,8.234375,8.242188,5.003049
1996-10-01,8.367188,8.179688,8.257813,5.012535
1996-10-02,8.484375,8.273438,8.421875,5.112121
1996-10-03,8.445313,8.351563,8.375000,5.083669
1996-10-04,8.539063,8.390625,8.523438,5.173771
1996-10-07,8.632813,8.492188,8.593750,5.216449
1996-10-08,8.609375,8.437500,8.460938,5.135834
1996-10-09,8.507813,8.328125,8.406250,5.102637
1996-10-10,8.507813,8.335938,8.359375,5.074182
1996-10-11,8.578125,8.390625,8.570313,5.202223
1996-10-14,8.632813,8.523438,8.539063,5.183255
1996-10-15,8.695313,8.585938,8.679688,5.268612
1996-10-16,8.683594,8.562500,8.625000,5.235415
1996-10-17,8.687500,8.468750,8.468750,5.140575
1996-10-18,8.437500,8.347656,8.421875,5.112121
1996-10-21,8.500000,8.343750,8.375000,5.083669
1996-10-22,8.335938,8.203125,8.281250,5.026762
1996-10-23,8.421875,8.234375,8.406250,5.102637
1996-10-24,8.585938,8.367188,8.539063,5.183255
1996-10-25,8.617188,8.507813,8.527344,5.176140
1996-10-28,8.601563,8.515625,8.539063,5.183255
1996-10-29,8.585938,8.429688,8.460938,5.135834
1996-10-30,8.562500,8.429688,8.515625,5.169030
1996-10-31,8.585938,8.507813,8.578125,5.206964
1996-11-01,8.671875,8.531250,8.585938,5.211707
1996-11-04,8.648438,8.546875,8.625000,5.235415
1996-11-05,8.843750,8.644531,8.843750,5.368201
1996-11-06,9.031250,8.812500,9.031250,5.482013
1996-11-07,9.132813,8.945313,8.968750,5.444078
1996-11-08,8.968750,8.843750,8.968750,5.444078
1996-11-11,9.046875,8.937500,8.976563,5.448820
1996-11-12,9.117188,8.843750,8.859375,5.377684
1996-11-13,9.109375,8.945313,9.062500,5.500983
1996-11-14,9.351563,9.078125,9.351563,5.676446
1996-11-15,9.429688,9.210938,9.312500,5.652732
1996-11-18,9.484375,9.289063,9.398438,5.704897
1996-11-19,9.742188,9.390625,9.742188,5.913558
1996-11-20,9.875000,9.578125,9.578125,5.813970
1996-11-21,9.664063,9.375000,9.398438,5.704897
1996-11-22,9.531250,9.335938,9.406250,5.709642
1996-11-25,9.601563,9.406250,9.593750,5.823452
1996-11-26,9.710938,9.523438,9.609375,5.832938
1996-11-27,9.734375,9.609375,9.718750,5.899333
1996-11-29,9.820313,9.718750,9.804688,5.951495
1996-12-02,9.859375,9.703125,9.859375,5.984692
1996-12-03,9.968750,9.664063,9.667969,5.868506
1996-12-04,9.703125,9.507813,9.578125,5.813970
1996-12-05,9.710938,9.492188,9.562500,5.804487
1996-12-06,9.656250,9.266602,9.554688,5.799747
1996-12-09,10.234375,9.750000,10.218750,6.202833
1996-12-10,10.570313,10.218750,10.234375,6.212318
1996-12-11,10.453125,10.015625,10.421875,6.326131
1996-12-12,10.656250,10.125000,10.125000,6.145926
1996-12-13,10.250000,9.904297,10.000000,6.070052
1996-12-16,10.093750,9.562500,9.593750,5.823452
1996-12-17,10.015625,9.546875,9.984375,6.060565
1996-12-18,10.343750,10.000000,10.328125,6.269223
1996-12-19,10.640625,10.375000,10.609375,6.439941
1996-12-20,10.703125,10.421875,10.453125,6.345099
1996-12-23,10.593750,10.359375,10.468750,6.354584
1996-12-24,10.640625,10.390625,10.609375,6.439941
1996-12-26,10.765625,10.640625,10.687500,6.487370
1996-12-27,10.718750,10.501953,10.531250,6.392520
1996-12-30,10.703125,10.437500,10.437500,6.335617
1996-12-31,10.531250,10.312500,10.328125,6.269223
1997-01-02,10.390625,10.093750,10.203125,6.193351
1997-01-03,10.593750,10.250000,10.578125,6.420975
1997-01-06,10.656250,10.390625,10.546875,6.402008
1997-01-07,10.640625,10.421875,10.625000,6.449429
1997-01-08,10.654297,10.390625,10.421875,6.326131
1997-01-09,10.468750,10.281250,10.296875,6.250256
1997-01-10,10.546875,10.203125,10.531250,6.392520
1997-01-13,10.687500,10.437500,10.468750,6.354584
1997-01-14,10.828125,10.531250,10.671875,6.477882
1997-01-15,10.781250,10.546875,10.578125,6.420975
1997-01-16,10.890625,10.625000,10.750000,6.525302
1997-01-17,10.968750,10.687500,10.890625,6.610666
1997-01-20,11.609375,10.828125,11.343750,6.885715
1997-01-21,11.882813,11.203125,11.875000,7.208186
1997-01-22,12.312500,11.828125,12.171875,7.388389
1997-01-23,12.468750,11.812500,11.843750,7.189216
1997-01-24,12.218750,11.796875,11.992188,7.279320
1997-01-27,12.173828,11.937500,12.015625,7.293545
1997-01-28,12.343750,11.843750,11.953125,7.255607
1997-01-29,12.171875,11.968750,12.156250,7.378905
1997-01-30,12.656250,12.250000,12.640625,7.672921
1997-01-31,12.906250,12.609375,12.750000,7.739312
1997-02-03,12.923828,12.640625,12.796875,7.767768
1997-02-04,12.906250,12.562500,12.890625,7.824674
1997-02-05,12.937500,12.109375,12.296875,7.464263
1997-02-06,12.296875,12.000000,12.140625,7.369421
1997-02-07,12.562500,12.187500,12.546875,7.616017
1997-02-10,12.687500,12.203125,12.218750,7.416847
1997-02-11,12.328125,11.890625,12.312500,7.473753
1997-02-12,12.500000,12.187500,12.484375,7.578079
1997-02-13,12.640625,12.421875,12.500000,7.587563
1997-02-14,12.562500,12.203125,12.234375,7.426327
1997-02-18,12.234375,12.031250,12.171875,7.388389
1997-02-19,12.265625,12.062500,12.187500,7.397874
1997-02-20,12.187500,11.890625,11.906250,7.227155
1997-02-21,11.921875,11.750000,11.875000,7.208186
1997-02-24,12.531250,11.750000,12.515625,7.597049
1997-02-25,12.626953,12.359375,12.437500,7.549623
1997-02-26,12.546875,12.296875,12.531250,7.606530
1997-02-27,12.531250,12.000000,12.015625,7.293545
1997-02-28,12.296875,11.929688,12.187500,7.397874
1997-03-03,12.515625,12.078125,12.437500,7.549623
1997-03-04,12.515625,12.328125,12.390625,7.521173
1997-03-05,12.625000,12.406250,12.609375,7.653957
1997-03-06,12.609375,12.216797,12.218750,7.416847
1997-03-07,12.437500,12.062500,12.093750,7.340968
1997-03-10,12.515625,11.992188,12.500000,7.587563
1997-03-11,12.570313,12.296875,12.296875,7.464263
1997-03-12,12.437500,12.218750,12.343750,7.492721
1997-03-13,12.515625,12.250000,12.453125,7.559111
1997-03-14,12.531250,12.359375,12.375000,7.511683
1997-03-17,12.593750,12.250000,12.562500,7.625500
1997-03-18,12.601563,12.359375,12.453125,7.559111
1997-03-19,12.281250,11.867188,12.093750,7.340968
1997-03-20,12.218750,11.921875,12.000000,7.284058
1997-03-21,12.140625,11.609375,11.750000,7.132308
1997-03-24,11.687500,10.953125,11.265625,6.838291
1997-03-25,11.421875,11.109375,11.289063,6.852519
1997-03-26,11.828125,11.328125,11.781250,7.151278
1997-03-27,12.015625,11.375000,11.718750,7.113343
1997-03-31,11.812500,11.406250,11.460938,6.956847
1997-04-01,11.718750,11.218750,11.656250,7.075402
1997-04-02,11.703125,11.375000,11.500000,6.980558
1997-04-03,11.921875,11.328125,11.890625,7.217670
1997-04-04,12.093750,11.718750,11.773438,7.146538
1997-04-07,12.203125,11.875000,11.984375,7.274579
1997-04-08,12.281250,11.937500,12.281250,7.454780
1997-04-09,12.406250,12.218750,12.250000,7.435812
1997-04-10,12.218750,11.937500,12.093750,7.340968
1997-04-11,12.156250,11.867188,11.875000,7.208186
1997-04-14,12.171875,11.671875,12.171875,7.388389
1997-04-15,12.375000,11.984375,12.140625,7.369421
1997-04-16,12.312500,12.031250,12.281250,7.454780
1997-04-17,12.500000,12.187500,12.265625,7.445295
1997-04-18,13.453125,12.875000,13.453125,8.166113
1997-04-21,13.984375,13.265625,13.453125,8.166113
1997-04-22,13.851563,13.437500,13.828125,8.393739
1997-04-23,14.468750,13.796875,14.390625,8.735186
1997-04-24,14.734375,14.093750,14.265625,8.659306
1997-04-25,14.421875,14.156250,14.203125,8.621372
1997-04-28,14.382813,13.953125,14.359375,8.716215
1997-04-29,14.890625,14.562500,14.875000,9.029200
1997-04-30,15.328125,14.796875,15.187500,9.218891
1997-05-01,15.406250,14.906250,15.125000,9.180952
1997-05-02,15.437500,14.867188,15.093750,9.161983
1997-05-05,15.093750,14.437500,15.023438,9.119301
1997-05-06,14.968750,14.546875,14.664063,8.901161
1997-05-07,14.875000,14.390625,14.437500,8.763632
1997-05-08,14.765625,14.390625,14.546875,8.830027
1997-05-09,14.812500,14.468750,14.593750,8.858479
1997-05-12,14.812500,14.625000,14.765625,8.962808
1997-05-13,14.906250,14.609375,14.718750,8.934357
1997-05-14,14.828125,14.453125,14.484375,8.792089
1997-05-15,14.734375,14.484375,14.640625,8.886934
1997-05-16,14.625000,14.359375,14.429688,8.758893
1997-05-19,14.640625,14.390625,14.390625,8.735186
1997-05-20,14.906250,14.406250,14.890625,9.038685
1997-05-21,15.367188,14.968750,15.046875,9.133531
1997-05-22,15.203125,14.968750,15.078125,9.152495
1997-05-23,15.375000,15.109375,15.359375,9.323217
1997-05-27,15.921875,15.296875,15.828125,9.607749
1997-05-28,15.906250,15.609375,15.734375,9.550845
1997-05-29,16.132812,15.625000,15.734375,9.550845
1997-05-30,15.703125,14.687500,15.500000,9.408576
1997-06-02,15.687500,15.390625,15.546875,9.437031
1997-06-03,15.437500,15.078125,15.093750,9.161983
1997-06-04,15.281250,14.781250,14.898438,9.043429
1997-06-05,15.187500,14.937500,15.070313,9.147756
1997-06-06,15.539063,15.125000,15.507813,9.413318
1997-06-09,15.765625,15.312500,15.640625,9.493939
1997-06-10,15.882813,15.468750,15.601563,9.470232
1997-06-11,15.921875,15.445313,15.875000,9.636205
1997-06-12,16.015625,15.671875,15.875000,9.636205
1997-06-13,16.257812,15.820313,16.203125,9.835382
1997-06-16,16.421875,16.109375,16.421875,9.968161
1997-06-17,16.867188,16.359375,16.773438,10.181560
1997-06-18,16.687500,16.257812,16.273438,9.878057
1997-06-19,16.343750,16.000000,16.164062,9.811666
1997-06-20,16.421875,16.062500,16.234375,9.854350
1997-06-23,16.437500,16.000000,16.007812,9.716824
1997-06-24,16.515625,16.046875,16.507812,10.020326
1997-06-25,16.656250,16.226562,16.304688,9.897029
1997-06-26,16.351562,15.984375,16.031250,9.731048
1997-06-27,16.250000,15.906250,15.937500,9.674142
1997-06-30,16.093750,15.773438,15.796875,9.588781
1997-07-01,15.859375,15.406250,15.617188,9.479711
1997-07-02,16.062500,15.507813,16.046875,9.740535
1997-07-03,16.257812,16.062500,16.195312,9.830638
1997-07-07,16.468750,16.171875,16.187500,9.825895
1997-07-08,16.414062,16.117188,16.406250,9.958675
1997-07-09,16.578125,16.187500,16.343750,9.920739
1997-07-10,16.406250,16.109375,16.234375,9.854350
1997-07-11,16.382812,16.054688,16.218750,9.844862
1997-07-14,17.000000,16.312500,16.992188,10.314345
1997-07-15,17.406250,17.078125,17.308594,10.506402
1997-07-16,18.687500,17.500000,18.554688,11.262788
1997-07-17,18.843750,18.312500,18.687500,11.343409
1997-07-18,18.421875,17.500000,17.562500,10.660526
1997-07-21,17.625000,16.718750,16.992188,10.314345
1997-07-22,18.101562,17.093750,18.015625,10.935575
1997-07-23,18.359375,17.625000,17.679688,10.731661
1997-07-24,17.546875,16.953125,17.250000,10.470831
1997-07-25,17.781250,17.156250,17.312500,10.508774
1997-07-28,17.421875,16.968750,17.125000,10.394959
1997-07-29,17.507812,17.015625,17.492188,10.617847
1997-07-30,17.750000,17.453125,17.640625,10.707950
1997-07-31,17.765625,17.609375,17.671875,10.726912
1997-08-01,17.726562,17.398438,17.578125,10.670014
1997-08-04,17.750000,17.429688,17.695312,10.741146
1997-08-05,18.046875,17.750000,17.914062,10.873925
1997-08-06,18.078125,17.781250,17.929688,10.883410
1997-08-07,18.046875,17.750000,17.992188,10.921345
1997-08-08,17.890625,17.500000,17.500000,10.622590
1997-08-11,17.531250,17.046875,17.281250,10.489807
1997-08-12,17.468750,16.976562,17.000000,10.319082
1997-08-13,17.281250,16.843750,17.007812,10.323826
1997-08-14,17.093750,16.765625,17.031250,10.338060
1997-08-15,17.000000,16.593750,16.609375,10.081976
1997-08-18,16.734375,16.375000,16.734375,10.157851
1997-08-19,17.375000,16.828125,17.351562,10.532484
1997-08-20,17.585938,17.125000,17.570312,10.665267
1997-08-21,17.796875,17.187500,17.234375,10.461349
1997-08-22,17.187500,16.765625,17.156250,10.413929
1997-08-25,17.375000,16.953125,17.062500,10.357023
1997-08-26,17.109375,16.843750,16.875000,10.243212
1997-08-27,16.914062,16.625000,16.820312,10.210012
1997-08-28,16.718750,16.500000,16.507812,10.020326
1997-08-29,16.734375,16.468750,16.523438,10.029807
1997-09-02,17.187500,16.625000,17.148438,10.409185
1997-09-03,17.359375,17.023438,17.070312,10.361762
1997-09-04,17.312500,16.968750,17.273438,10.485065
1997-09-05,17.460938,17.031250,17.164062,10.418672
1997-09-08,17.476562,17.218750,17.414062,10.570423
1997-09-09,17.531250,17.296875,17.437500,10.584654
1997-09-10,17.390625,16.882812,16.890625,10.252693
1997-09-11,17.171875,16.609375,17.101562,10.380738
1997-09-12,17.296875,16.953125,17.242188,10.466094
1997-09-15,17.156250,16.328125,16.335938,9.915998
1997-09-16,17.125000,16.375000,17.046875,10.347542
1997-09-17,17.093750,16.578125,16.648438,10.105683
1997-09-18,16.890625,16.429688,16.531250,10.034551
1997-09-19,16.906250,16.500000,16.898438,10.257439
1997-09-22,16.984375,16.648438,16.664062,10.115170
1997-09-23,16.937500,16.640625,16.937500,10.281150
1997-09-24,17.007812,16.515625,16.554688,10.048779
1997-09-25,16.765625,16.507812,16.593750,10.072489
1997-09-26,16.718750,16.453125,16.671875,10.119912
1997-09-29,16.843750,16.609375,16.812500,10.205275
1997-09-30,16.968750,16.531250,16.539062,10.039291
1997-10-01,16.812500,16.421875,16.734375,10.157851
1997-10-02,16.828125,16.593750,16.648438,10.105683
1997-10-03,17.031250,16.671875,16.867188,10.238477
1997-10-06,17.031250,16.781250,16.890625,10.252693
1997-10-07,17.210938,16.828125,17.070312,10.361762
1997-10-08,17.382812,17.031250,17.375000,10.546709
1997-10-09,17.453125,17.265625,17.367188,10.541970
1997-10-10,17.343750,17.031250,17.062500,10.357023
1997-10-13,17.234375,17.070312,17.093750,10.375994
1997-10-14,17.171875,16.921875,17.085938,10.371254
1997-10-15,17.000000,16.859375,16.968750,10.300123
1997-10-16,17.078125,16.531250,16.738281,10.160219
1997-10-17,16.828125,16.296875,16.531250,10.034551
1997-10-20,16.906250,15.937500,16.578125,10.063006
1997-10-21,17.404297,16.914062,17.312500,10.508774
1997-10-22,17.312500,16.921875,16.960938,10.295379
1997-10-23,17.156250,16.500000,16.953125,10.290633
1997-10-24,17.156250,16.656250,16.921875,10.271667
1997-10-27,17.031250,16.078125,16.109375,9.778471
1997-10-28,16.875000,15.437500,16.671875,10.119912
1997-10-29,16.882812,16.265625,16.359375,9.930222
1997-10-30,16.421875,16.062500,16.078125,9.759504
1997-10-31,16.437500,16.203125,16.250000,9.863830
1997-11-03,16.781250,16.414062,16.765625,10.176822
1997-11-04,16.867188,16.648438,16.781250,10.186304
1997-11-05,16.828125,16.562500,16.695312,10.134141
1997-11-06,16.687500,16.468750,16.507812,10.020326
1997-11-07,16.500000,16.234375,16.445312,9.982390
1997-11-10,16.562500,16.218750,16.273438,9.878057
1997-11-11,16.429688,16.171875,16.328125,9.911254
1997-11-12,16.375000,16.125000,16.148438,9.802185
1997-11-13,16.453125,16.148438,16.445312,9.982390
1997-11-14,16.734375,16.421875,16.664062,10.115170
1997-11-17,16.976562,16.679688,16.859375,10.233727
1997-11-18,16.937500,16.718750,16.750000,10.167337
1997-11-19,16.890625,16.671875,16.882812,10.247951
1997-11-20,17.140625,16.859375,17.109375,10.385478
1997-11-21,17.250000,17.046875,17.234375,10.461349
1997-11-24,17.265625,16.937500,16.937500,10.281150
1997-11-25,17.406250,16.968750,17.375000,10.546709
1997-11-26,17.734375,17.281250,17.695312,10.741146
1997-11-28,17.781250,17.640625,17.687500,10.736402
1997-12-01,18.000000,17.703125,17.976562,10.911870
1997-12-02,18.109375,17.750000,17.781250,10.793312
1997-12-03,18.132812,17.625000,18.085938,10.978262
1997-12-04,18.234375,17.781250,17.820312,10.817017
1997-12-05,18.093750,17.765625,17.890625,10.859703
1997-12-08,18.328125,17.890625,18.265625,11.087326
1997-12-09,18.171875,17.937500,18.039062,10.949801
1997-12-10,17.906250,17.625000,17.781250,10.793312
1997-12-11,17.625000,17.359375,17.382812,10.551457
1997-12-12,17.312500,17.000000,17.093750,10.375994
1997-12-15,17.125000,16.625000,17.015625,10.328573
1997-12-16,17.546875,16.875000,17.382812,10.551457
1997-12-17,17.546875,16.937500,16.953125,10.290633
1997-12-18,16.843750,16.296875,16.359375,9.930222
1997-12-19,16.273438,15.781250,16.085938,9.764247
1997-12-22,16.250000,15.734375,15.875000,9.636205
1997-12-23,16.031250,15.375000,15.414063,9.356415
1997-12-24,15.484375,14.750000,14.867188,9.024455
1997-12-26,15.093750,14.843750,15.093750,9.161983
1997-12-29,15.843750,15.265625,15.789063,9.584041
1997-12-30,16.375000,15.781250,16.281250,9.882801
1997-12-31,16.437500,16.125000,16.156250,9.806926
1998-01-02,16.437500,16.187500,16.390625,9.949192
1998-01-05,16.703125,15.984375,16.296875,9.892287
1998-01-06,16.625000,16.156250,16.390625,9.949192
1998-01-07,16.398438,15.937500,16.195312,9.830638
1998-01-08,16.515625,15.937500,16.312500,9.901771
1998-01-09,16.437500,15.734375,15.875000,9.636205
1998-01-12,16.250000,15.546875,16.187500,9.825895
1998-01-13,16.531250,16.015625,16.515625,10.025067
1998-01-14,16.562500,16.156250,16.390625,9.949192
1998-01-15,16.625000,16.234375,16.539062,10.039291
1998-01-16,16.921875,16.539062,16.906250,10.262179
1998-01-20,17.250000,16.750000,17.226562,10.456612
1998-01-21,17.304688,16.953125,17.125000,10.394959
1998-01-22,17.484375,16.914062,17.328125,10.518262
1998-01-23,17.429688,17.087891,17.281250,10.489807
1998-01-26,17.734375,17.306641,17.718750,10.755368
1998-01-27,18.234375,17.695312,18.148438,11.016188
1998-01-28,18.687500,18.187500,18.625000,11.305465
1998-01-29,18.765625,18.437500,18.531250,11.248562
1998-01-30,18.750000,18.453125,18.648438,11.319696
1998-02-02,19.390625,18.812500,19.359375,11.751236
1998-02-03,19.515625,19.226562,19.484375,11.827114
1998-02-04,19.750000,19.382812,19.601562,11.898250
1998-02-05,19.843750,19.343750,19.429688,11.793914
1998-02-06,19.781250,19.390625,19.765625,11.997833
1998-02-09,19.859375,19.453125,19.648438,11.926701
1998-02-10,19.937500,19.593750,19.906250,12.083197
1998-02-11,20.007812,19.632812,19.867188,12.059485
1998-02-12,19.867188,19.554688,19.843750,12.045252
1998-02-13,19.843750,19.671875,19.687500,11.950413
1998-02-17,19.812500,19.234375,19.296875,11.713299
1998-02-18,19.500000,19.218750,19.328125,11.732268
1998-02-19,19.507812,19.281250,19.359375,11.751236
1998-02-20,19.468750,19.109375,19.390625,11.770208
1998-02-23,20.421875,19.843750,20.406250,12.386702
1998-02-24,21.234375,20.468750,20.531250,12.462568
1998-02-25,21.250000,20.765625,21.234375,12.889373
1998-02-26,21.421875,21.109375,21.375000,12.974741
1998-02-27,21.500000,21.140625,21.187500,12.860920
1998-03-02,21.468750,20.765625,20.828125,12.642776
1998-03-03,21.140625,20.640625,21.125000,12.822983
1998-03-04,20.953125,20.390625,20.578125,12.491023
1998-03-05,20.359375,19.812500,20.015625,12.149584
1998-03-06,20.687500,20.062500,20.687500,12.557416
1998-03-09,20.625000,19.875000,19.898438,12.078454
1998-03-10,20.375000,19.984375,20.375000,12.367734
1998-03-11,20.500000,19.937500,20.171875,12.244429
1998-03-12,20.656250,20.203125,20.468750,12.424637
1998-03-13,20.750000,20.390625,20.593750,12.500511
1998-03-16,20.687500,20.343750,20.500000,12.443602
1998-03-17,20.421875,19.921875,20.093750,12.197010
1998-03-18,20.453125,19.968750,20.437500,12.405665
1998-03-19,20.578125,20.312500,20.500000,12.443602
1998-03-20,20.750000,20.125000,20.453125,12.415152
1998-03-23,21.156250,20.265625,20.968750,12.728140
1998-03-24,21.265625,20.859375,21.234375,12.889373
1998-03-25,22.734375,21.812500,22.203125,13.477406
1998-03-26,22.390625,21.875000,22.062500,13.392048
1998-03-27,22.343750,21.890625,21.953125,13.325663
1998-03-30,22.156250,21.781250,21.984375,13.344629
1998-03-31,22.437500,22.125000,22.375000,13.581739
1998-04-01,22.656250,22.125000,22.593750,13.714525
1998-04-02,22.984375,22.468750,22.828125,13.856792
1998-04-03,23.265625,22.875000,23.250000,14.112872
1998-04-06,23.156250,22.265625,22.484375,13.648127
1998-04-07,22.656250,21.687500,21.812500,13.240295
1998-04-08,22.250000,21.656250,22.234375,13.496381
1998-04-09,22.406250,21.875000,22.250000,13.505864
1998-04-13,22.250000,21.687500,22.156250,13.448959
1998-04-14,22.390625,21.875000,22.109375,13.420495
1998-04-15,22.843750,22.218750,22.843750,13.866266
1998-04-16,23.015625,22.546875,22.921875,13.913692
1998-04-17,23.062500,22.578125,23.031250,13.980081
1998-04-20,23.750000,23.046875,23.656250,14.359459
1998-04-21,23.750000,23.281250,23.718750,14.397401
1998-04-22,24.781250,23.906250,24.718750,15.004405
1998-04-23,24.343750,23.535156,23.625000,14.340496
1998-04-24,23.687500,22.968750,23.031250,13.980081
1998-04-27,22.632812,22.125000,22.578125,13.705035
1998-04-28,23.062500,22.253906,22.468750,13.638644
1998-04-29,22.875000,22.406250,22.625000,13.733485
1998-04-30,22.906250,22.421875,22.531250,13.676581
1998-05-01,22.625000,22.031250,22.406250,13.600718
1998-05-04,22.468750,21.984375,22.015625,13.363598
1998-05-05,22.390625,21.750000,21.937500,13.316170
1998-05-06,21.875000,21.500000,21.593750,13.107516
1998-05-07,21.562500,20.796875,20.843750,12.652262
1998-05-08,21.531250,20.468750,21.437500,13.012669
1998-05-11,21.546875,21.015625,21.062500,12.785040
1998-05-12,21.437500,20.812500,21.421875,13.003188
1998-05-13,22.187500,21.625000,21.734375,13.192876
1998-05-14,22.750000,21.453125,22.234375,13.496381
1998-05-15,22.546875,22.187500,22.359375,13.572249
1998-05-18,21.625000,21.125000,21.515625,13.060094
1998-05-19,21.734375,21.390625,21.625000,13.126477
1998-05-20,21.718750,21.343750,21.437500,13.012669
1998-05-21,21.843750,21.375000,21.593750,13.107516
1998-05-22,21.687500,21.359375,21.390625,12.984221
1998-05-26,21.546875,20.875000,20.906250,12.690199
1998-05-27,21.531250,20.718750,21.500000,13.050605
1998-05-28,21.593750,21.265625,21.578125,13.098030
1998-05-29,21.625000,21.187500,21.203125,12.870400
1998-06-01,21.152344,20.781250,20.937500,12.709168
1998-06-02,21.484375,20.968750,21.375000,12.974741
1998-06-03,21.609375,21.031250,21.078125,12.794524
1998-06-04,21.531250,20.906250,21.515625,13.060094
1998-06-05,21.625000,21.187500,21.562500,13.088547
1998-06-08,21.578125,21.250000,21.421875,13.003188
1998-06-09,21.890625,21.312500,21.765625,13.211842
1998-06-10,22.093750,21.468750,21.500000,13.050605
1998-06-11,21.781250,21.281250,21.328125,12.946282
1998-06-12,21.531250,21.000000,21.437500,13.012669
1998-06-15,21.828125,21.140625,21.484375,13.041121
1998-06-16,22.484375,21.375000,22.468750,13.638644
1998-06-17,23.093750,22.437500,22.765625,13.818850
1998-06-18,22.937500,22.593750,22.796875,13.837815
1998-06-19,23.687500,23.125000,23.671875,14.368948
1998-06-22,23.984375,23.421875,23.953125,14.539672
1998-06-23,25.218750,23.812500,25.187500,15.288936
1998-06-24,26.281250,24.984375,26.234375,15.924392
1998-06-25,26.718750,25.343750,25.390625,15.412234
1998-06-26,26.156250,25.500000,26.109375,15.848519
1998-06-29,26.921875,26.312500,26.859375,16.303774
1998-06-30,27.140625,26.156250,27.093750,16.446039
1998-07-01,27.531250,26.796875,27.343750,16.597790
1998-07-02,27.281250,26.781250,26.812500,16.275328
1998-07-06,27.015625,26.343750,26.953125,16.360676
1998-07-07,27.140625,26.625000,26.984375,16.379654
1998-07-08,27.531250,26.687500,27.468750,16.673668
1998-07-09,28.000000,27.437500,27.750000,16.844389
1998-07-10,28.312500,27.468750,28.296875,17.176338
1998-07-13,29.562500,28.406250,29.390625,17.840254
1998-07-14,29.687500,28.875000,29.125000,17.679020
1998-07-15,29.500000,28.906250,29.343750,17.811806
1998-07-16,29.718750,29.156250,29.343750,17.811806
1998-07-17,29.906250,28.984375,29.484375,17.897163
1998-07-20,29.875000,29.203125,29.250000,17.754898
1998-07-21,29.750000,28.125000,28.203125,17.119436
1998-07-22,29.312500,27.968750,29.187500,17.716957
1998-07-23,29.375000,28.250000,28.250000,17.147894
1998-07-24,28.906250,28.125000,28.453125,17.271189
1998-07-27,29.187500,27.671875,29.187500,17.716957
1998-07-28,29.218750,28.000000,28.062500,17.034079
1998-07-29,28.562500,27.515625,27.671875,16.796970
1998-07-30,28.406250,27.687500,28.359375,17.214283
1998-07-31,28.378906,27.484375,27.484375,16.683157
1998-08-03,27.718750,26.843750,27.109375,16.455528
1998-08-04,27.406250,26.046875,26.125000,15.858006
1998-08-05,26.562500,25.375000,26.078125,15.829545
1998-08-06,26.734375,25.906250,26.718750,16.218416
1998-08-07,26.875000,26.265625,26.468750,16.066662
1998-08-10,26.578125,26.109375,26.109375,15.848519
1998-08-11,26.093750,25.500000,25.859375,15.696774
1998-08-12,26.296875,25.750000,26.265625,15.943367
1998-08-13,26.500000,25.937500,25.984375,15.772652
1998-08-14,26.265625,25.875000,26.062500,15.820075
1998-08-17,26.843750,25.750000,26.828125,16.284801
1998-08-18,27.953125,26.843750,27.812500,16.882330
1998-08-19,28.187500,27.562500,27.640625,16.777998
1998-08-20,28.187500,27.421875,28.140625,17.081501
1998-08-21,27.968750,27.187500,27.656250,16.787477
1998-08-24,28.000000,27.500000,27.593750,16.749544
1998-08-25,28.421875,27.781250,28.203125,17.119436
1998-08-26,28.437500,27.718750,28.140625,17.081501
1998-08-27,28.187500,27.125000,27.312500,16.578819
1998-08-28,27.406250,26.187500,26.312500,15.971827
1998-08-31,26.625000,23.937500,23.984375,14.558640
1998-09-01,25.437500,23.625000,25.312500,15.364819
1998-09-02,26.062500,25.062500,25.140625,15.260487
1998-09-03,25.187500,24.593750,24.812500,15.061314
1998-09-04,25.062500,24.031250,24.156250,14.662967
1998-09-08,25.515625,24.765625,25.492188,15.473884
1998-09-09,26.109375,25.406250,25.562500,15.516569
1998-09-10,25.281250,24.671875,25.187500,15.288936
1998-09-11,26.156250,25.031250,26.062500,15.820075
1998-09-14,26.765625,26.218750,26.500000,16.085629
1998-09-15,27.109375,26.281250,27.078125,16.436560
1998-09-16,27.125000,26.531250,27.046875,16.417591
1998-09-17,26.625000,26.203125,26.234375,15.924392
1998-09-18,26.562500,26.078125,26.343750,15.990794
1998-09-21,27.015625,25.593750,26.968750,16.370163
1998-09-22,27.468750,26.687500,27.296875,16.569330
1998-09-23,28.468750,27.125000,28.406250,17.242744
1998-09-24,28.656250,27.250000,27.531250,16.711603
1998-09-25,28.281250,27.156250,28.265625,17.157381
1998-09-28,28.593750,27.437500,27.828125,16.891813
1998-09-29,28.500000,27.843750,28.218750,17.128923
1998-09-30,28.390625,27.507812,27.515625,16.702126
1998-10-01,27.375000,26.000000,26.015625,15.791616
1998-10-02,26.296875,25.250000,26.031250,15.801104
1998-10-05,25.718750,24.125000,25.296875,15.355327
1998-10-06,25.906250,24.343750,24.406250,14.814723
1998-10-07,24.937500,23.343750,23.531250,14.283589
1998-10-08,22.968750,21.937500,22.796875,13.837815
1998-10-09,24.250000,23.062500,24.218750,14.700907
1998-10-12,25.250000,24.625000,24.937500,15.137185
1998-10-13,24.937500,23.937500,24.109375,14.634509
1998-10-14,25.343750,23.968750,25.046875,15.203588
1998-10-15,26.406250,24.906250,26.359375,16.000275
1998-10-16,26.625000,26.000000,26.265625,15.943367
1998-10-19,26.046875,25.281250,25.734375,15.620895
1998-10-20,25.843750,24.906250,25.062500,15.213059
1998-10-21,26.718750,25.765625,26.609375,16.152025
1998-10-22,27.531250,26.312500,27.500000,16.692642
1998-10-23,27.500000,26.546875,26.593750,16.142544
1998-10-26,27.000000,26.421875,26.765625,16.246870
1998-10-27,26.968750,26.250000,26.359375,16.000275
1998-10-28,26.656250,26.218750,26.421875,16.038210
1998-10-29,26.875000,26.359375,26.656250,16.180483
1998-10-30,27.046875,26.281250,26.468750,16.066662
1998-11-02,26.718750,26.250000,26.453125,16.057178
1998-11-03,26.640625,26.187500,26.296875,15.962342
1998-11-04,26.828125,26.218750,26.375000,16.009758
1998-11-05,26.906250,26.312500,26.593750,16.142544
1998-11-06,27.437500,26.484375,27.328125,16.588301
1998-11-09,27.843750,27.203125,27.671875,16.796970
1998-11-10,28.359375,27.515625,28.015625,17.005627
1998-11-11,28.687500,27.718750,27.765625,16.853876
1998-11-12,27.781250,27.125000,27.187500,16.502958
1998-11-13,27.625000,27.093750,27.500000,16.692642
1998-11-16,27.937500,26.875000,27.203125,16.512438
1998-11-17,28.093750,27.234375,27.968750,16.977175
1998-11-18,27.765625,27.281250,27.437500,16.654703
1998-11-19,28.125000,27.265625,27.937500,16.958199
1998-11-20,28.437500,27.812500,28.406250,17.242744
1998-11-23,30.046875,28.125000,29.796875,18.086857
1998-11-24,31.265625,29.656250,30.421875,18.466232
1998-11-25,31.093750,30.187500,31.062500,18.855091
1998-11-27,32.031250,31.078125,32.015625,19.433647
1998-11-30,32.566406,30.484375,30.500000,18.513657
1998-12-01,32.437500,30.031250,32.375000,19.651791
1998-12-02,32.437500,31.375000,31.687500,19.234468
1998-12-03,32.234375,30.500000,30.531250,18.532627
1998-12-04,31.843750,31.000000,31.843750,19.329315
1998-12-07,33.437500,31.687500,33.390625,20.268282
1998-12-08,33.562500,32.437500,32.796875,19.907871
1998-12-09,33.453125,32.500000,33.406250,20.277760
1998-12-10,33.656250,32.843750,32.890625,19.964781
1998-12-11,33.671875,32.687500,33.500000,20.334675
1998-12-14,33.437500,31.921875,31.984375,19.414684
1998-12-15,33.000000,32.312500,32.968750,20.012196
1998-12-16,33.781250,32.281250,33.437500,20.296728
1998-12-17,33.718750,33.062500,33.593750,20.391586
1998-12-18,34.562500,33.531250,34.453125,20.913223
1998-12-21,35.546875,34.437500,35.109375,21.311567
1998-12-22,35.125000,34.343750,34.609375,21.008060
1998-12-23,35.953125,34.843750,35.890625,21.785789
1998-12-24,36.000000,35.375000,35.437500,21.510736
1998-12-28,35.906250,35.375000,35.593750,21.605595
1998-12-29,35.640625,34.906250,35.125000,21.321053
1998-12-30,35.839844,34.718750,34.750000,21.093418
1998-12-31,35.000000,34.500000,34.671875,21.046011
1999-01-04,36.312500,34.843750,35.250000,21.396925
1999-01-05,37.000000,35.359375,36.625000,22.231554
1999-01-06,37.875000,36.687500,37.812500,22.952377
1999-01-07,37.656250,37.062500,37.625000,22.838570
1999-01-08,38.125000,36.750000,37.468750,22.743721
1999-01-11,37.734375,36.062500,36.875000,22.383320
1999-01-12,37.031250,35.250000,35.546875,21.577122
1999-01-13,36.937500,34.000000,35.953125,21.823740
1999-01-14,36.390625,35.375000,35.437500,21.510736
1999-01-15,37.500000,35.343750,37.437500,22.724749
1999-01-19,39.593750,37.718750,38.906250,23.616291
1999-01-20,41.937500,40.621094,40.656250,24.678547
1999-01-21,40.828125,39.437500,39.578125,24.024117
1999-01-22,40.058594,38.812500,39.062500,23.711142
1999-01-25,40.828125,39.781250,40.468750,24.564732
1999-01-26,42.937500,41.125000,42.890625,26.034819
1999-01-27,43.609375,42.125000,42.156250,25.589048
1999-01-28,43.515625,42.453125,43.500000,26.404715
1999-01-29,43.781250,42.718750,43.750000,26.556475
1999-02-01,43.984375,42.703125,43.234375,26.243483
1999-02-02,43.140625,41.562500,41.906250,25.437305
1999-02-03,42.468750,41.500000,41.703125,25.314009
1999-02-04,42.093750,39.718750,39.765625,24.137941
1999-02-05,40.406250,38.718750,40.000000,24.280207
1999-02-08,41.390625,40.406250,41.312500,25.076893
1999-02-09,41.687500,39.937500,40.015625,24.289688
1999-02-10,41.093750,39.656250,40.156250,24.375042
1999-02-11,40.968750,40.093750,40.687500,24.697514
1999-02-12,40.921875,39.281250,39.437500,23.938766
1999-02-16,39.968750,38.640625,39.062500,23.711142
1999-02-17,38.531250,37.125000,37.500000,22.762705
1999-02-18,37.843750,35.996094,36.437500,22.117741
1999-02-19,37.312500,36.437500,36.937500,22.421255
1999-02-22,37.250000,36.187500,37.203125,22.582478
1999-02-23,38.906250,37.625000,38.859375,23.587828
1999-02-24,39.843750,38.187500,38.218750,23.198984
1999-02-25,38.437500,37.406250,38.375000,23.293810
1999-02-26,38.125000,37.375000,37.531250,22.781672
1999-03-01,38.140625,37.375000,37.937500,23.028254
1999-03-02,38.531250,36.906250,37.140625,22.544538
1999-03-03,37.671875,36.765625,37.406250,22.705782
1999-03-04,38.375000,37.031250,38.062500,23.104128
1999-03-05,38.843750,38.281250,38.734375,23.511967
1999-03-08,39.808594,38.750000,39.750000,24.128439
1999-03-09,41.187500,39.937500,40.453125,24.555258
1999-03-10,40.625000,39.796875,40.343750,24.488857
1999-03-11,41.140625,39.828125,40.359375,24.498343
1999-03-12,40.687500,39.203125,40.046875,24.308649
1999-03-15,41.500000,39.468750,41.468750,25.171743
1999-03-16,42.500000,41.062500,42.265625,25.655441
1999-03-17,42.359375,41.687500,41.781250,25.361443
1999-03-18,43.140625,41.546875,43.109375,26.167608
1999-03-19,43.531250,42.468750,42.796875,25.977924
1999-03-22,43.734375,43.000000,43.203125,26.224512
1999-03-23,43.531250,41.562500,41.640625,25.276085
1999-03-24,42.953125,40.781250,42.812500,25.987410
1999-03-25,45.015625,43.125000,44.984375,27.305738
1999-03-26,45.093750,43.937500,44.531250,27.030685
1999-03-29,46.312500,43.937500,46.187500,28.036037
1999-03-30,46.750000,46.125000,46.500000,28.225744
1999-03-31,47.312500,44.562500,44.812500,27.201435
1999-04-01,46.437500,45.132812,46.343750,28.130886
1999-04-05,47.507812,46.750000,47.468750,28.813766
1999-04-06,47.812500,46.625000,47.031250,28.548210
1999-04-07,47.500000,45.625000,46.656250,28.320581
1999-04-08,47.312500,45.500000,47.281250,28.699951
1999-04-09,47.500000,46.500000,47.125000,28.605112
1999-04-12,46.812500,45.687500,46.500000,28.225744
1999-04-13,46.562500,44.593750,45.062500,27.353163
1999-04-14,45.562500,42.937500,42.937500,26.063272
1999-04-15,44.937500,41.937500,44.437500,26.973797
1999-04-16,44.562500,42.937500,43.312500,26.290918
1999-04-19,44.062500,40.187500,40.500000,24.583704
1999-04-20,42.000000,40.000000,41.562500,25.228659
1999-04-21,41.250000,40.000000,41.000000,24.887203
1999-04-22,42.625000,41.687500,42.468750,25.778746
1999-04-23,43.500000,41.500000,43.000000,26.101210
1999-04-26,44.468750,43.375000,44.000000,26.708221
1999-04-27,44.375000,41.968750,42.000000,25.494213
1999-04-28,43.250000,40.859375,41.062500,24.925137
1999-04-29,41.843750,40.203125,41.031250,24.906168
1999-04-30,41.875000,39.937500,40.656250,24.678547
1999-05-03,40.750000,39.281250,39.937500,24.242262
1999-05-04,40.906250,38.875000,39.031250,23.692173
1999-05-05,39.937500,38.218750,39.562500,24.014633
1999-05-06,40.562500,38.750000,38.968750,23.654228
1999-05-07,40.187500,39.000000,39.531250,23.995667
1999-05-10,40.250000,39.125000,39.843750,24.185352
1999-05-11,40.507812,39.718750,39.937500,24.242262
1999-05-12,40.500000,39.625000,40.250000,24.431953
1999-05-13,40.875000,39.562500,39.562500,24.014633
1999-05-14,39.968750,38.312500,38.437500,23.331753
1999-05-17,39.781250,38.500000,39.562500,24.014633
1999-05-18,40.125000,38.968750,39.343750,23.881861
1999-05-19,39.937500,38.625000,39.656250,24.071541
1999-05-20,40.000000,39.187500,39.218750,23.805979
1999-05-21,39.500000,38.500000,38.781250,23.540417
1999-05-24,38.937500,38.031250,38.625000,23.445570
1999-05-25,39.625000,38.062500,38.125000,23.142067
1999-05-26,39.250000,37.750000,39.250000,23.824944
1999-05-27,39.718750,38.750000,39.187500,23.787020
1999-05-28,40.437500,39.062500,40.343750,24.488857
1999-06-01,40.375000,39.218750,39.250000,23.824944
1999-06-02,39.312500,38.125000,39.218750,23.805979
1999-06-03,39.468750,38.062500,38.187500,23.179998
1999-06-04,39.843750,38.375000,39.781250,24.147409
1999-06-07,40.531250,39.593750,40.125000,24.356089
1999-06-08,41.062500,39.500000,39.687500,24.090504
1999-06-09,41.312500,40.000000,41.156250,24.982046
1999-06-10,41.156250,39.531250,39.937500,24.242262
1999-06-11,40.250000,38.781250,39.062500,23.711142
1999-06-14,39.843750,38.718750,38.781250,23.540417
1999-06-15,39.437500,38.343750,38.843750,23.578363
1999-06-16,40.812500,39.468750,40.500000,24.583704
1999-06-17,41.500000,40.250000,41.437500,25.152769
1999-06-18,42.500000,41.062500,42.500000,25.797716
1999-06-21,44.500000,42.437500,44.468750,26.992762
1999-06-22,44.218750,43.125000,43.250000,26.252954
1999-06-23,43.687500,42.531250,43.000000,26.101210
1999-06-24,43.125000,42.000000,42.312500,25.683901
1999-06-25,43.218750,42.187500,42.468750,25.778746
1999-06-28,43.406250,42.468750,43.375000,26.328852
1999-06-29,44.031250,43.000000,44.000000,26.708221
1999-06-30,45.125000,43.375000,45.093750,27.372141
1999-07-01,45.750000,44.187500,45.593750,27.675631
1999-07-02,46.062500,45.156250,46.000000,27.922234
1999-07-06,46.468750,44.625000,44.781250,27.182451
1999-07-07,46.156250,44.937500,46.156250,28.017075
1999-07-08,46.500000,45.343750,46.281250,28.092947
1999-07-09,46.656250,46.125000,46.625000,28.301609
1999-07-12,47.375000,46.187500,47.093750,28.586153
1999-07-13,47.031250,46.406250,46.812500,28.415430
1999-07-14,47.500000,46.250000,47.468750,28.813766
1999-07-15,47.625000,46.875000,47.187500,28.643059
1999-07-16,49.937500,47.500000,49.718750,30.179527
1999-07-19,50.375000,48.906250,49.187500,29.857052
1999-07-20,48.375000,46.156250,46.656250,28.320581
1999-07-21,47.656250,46.500000,47.343750,28.737896
1999-07-22,47.250000,45.000000,45.531250,27.637699
1999-07-23,45.875000,44.843750,45.125000,27.391108
1999-07-26,44.906250,43.812500,43.812500,26.594406
1999-07-27,44.875000,44.000000,44.406250,26.954811
1999-07-28,45.250000,44.187500,45.000000,27.315231
1999-07-29,44.406250,43.156250,43.468750,26.385752
1999-07-30,44.312500,42.750000,42.906250,26.044294
1999-08-02,43.468750,42.187500,42.406250,25.740801
1999-08-03,43.031250,42.187500,42.375000,25.721840
1999-08-04,43.593750,42.375000,42.468750,25.778746
1999-08-05,43.187500,42.375000,42.875000,26.025337
1999-08-06,43.218750,42.468750,42.562500,25.835648
1999-08-09,42.906250,41.843750,41.906250,25.437305
1999-08-10,42.031250,40.812500,41.468750,25.171743
1999-08-11,42.343750,41.156250,42.093750,25.551115
1999-08-12,42.093750,40.812500,40.875000,24.811331
1999-08-13,42.812500,41.375000,42.343750,25.702875
1999-08-16,42.945312,41.156250,42.156250,25.589048
1999-08-17,42.750000,41.468750,42.281250,25.664936
1999-08-18,43.093750,42.031250,42.500000,25.797716
1999-08-19,42.562500,41.562500,41.906250,25.437305
1999-08-20,42.390625,41.531250,41.687500,25.304523
1999-08-23,43.312500,41.937500,43.218750,26.234007
1999-08-24,46.750000,43.531250,46.093750,27.979143
1999-08-25,48.000000,46.593750,47.656250,28.927588
1999-08-26,48.187500,46.843750,47.312500,28.718918
1999-08-27,47.562500,46.187500,46.625000,28.301609
1999-08-30,46.718750,45.781250,46.125000,27.998104
1999-08-31,46.562500,45.062500,46.281250,28.092947
1999-09-01,46.718750,45.812500,46.187500,28.036037
1999-09-02,46.281250,45.343750,45.906250,27.865328
1999-09-03,48.218750,46.750000,47.937500,29.098314
1999-09-07,48.343750,46.875000,47.125000,28.605112
1999-09-08,47.343750,46.031250,46.125000,27.998104
1999-09-09,47.070312,45.898438,47.031250,28.548210
1999-09-10,47.656250,47.000000,47.500000,28.832745
1999-09-13,47.406250,46.687500,46.937500,28.491295
1999-09-14,47.781250,46.812500,47.531250,28.851709
1999-09-15,47.875000,46.187500,46.312500,28.111914
1999-09-16,47.031250,45.312500,47.000000,28.529230
1999-09-17,48.250000,46.906250,48.218750,29.269018
1999-09-20,48.937500,47.500000,48.781250,29.610472
1999-09-21,48.281250,47.062500,47.312500,28.718918
1999-09-22,48.312500,46.843750,48.031250,29.155209
1999-09-23,48.437500,45.007812,45.593750,27.675631
1999-09-24,45.687500,44.437500,45.468750,27.599751
1999-09-27,46.468750,45.437500,45.718750,27.751503
1999-09-28,46.343750,44.531250,46.062500,27.960161
1999-09-29,46.062500,44.562500,44.750000,27.163479
1999-09-30,45.843750,44.406250,45.281250,27.485947
1999-10-01,45.312500,44.156250,44.992188,27.310486
1999-10-04,46.312500,45.125000,46.281250,28.092947
1999-10-05,46.937500,44.750000,45.906250,27.865328
1999-10-06,47.000000,46.031250,46.843750,28.434391
1999-10-07,47.531250,46.343750,46.875000,28.453371
1999-10-08,47.593750,46.062500,47.468750,28.813766
1999-10-11,47.500000,47.062500,47.156250,28.624088
1999-10-12,47.156250,46.187500,46.281250,28.092947
1999-10-13,46.562500,45.156250,45.531250,27.637699
1999-10-14,46.117188,44.843750,45.343750,27.523886
1999-10-15,44.906250,43.656250,44.031250,26.727196
1999-10-18,44.000000,42.531250,43.937500,26.670292
1999-10-19,44.625000,42.625000,43.156250,26.196060
1999-10-20,46.187500,45.125000,46.125000,27.998104
1999-10-21,46.562500,45.250000,46.531250,28.244705
1999-10-22,46.937500,45.875000,46.343750,28.130886
1999-10-25,46.781250,45.562500,46.218750,28.055031
1999-10-26,47.625000,46.132812,46.187500,28.036037
1999-10-27,45.812500,44.843750,45.437500,27.580793
1999-10-28,45.437500,44.656250,44.937500,27.277288
1999-10-29,47.000000,45.625000,46.281250,28.092947
1999-11-01,47.093750,46.062500,46.187500,28.036037
1999-11-02,47.250000,45.968750,46.281250,28.092947
1999-11-03,46.750000,45.750000,46.000000,27.922234
1999-11-04,46.375000,45.156250,45.875000,27.846348
1999-11-05,46.437500,45.250000,45.781250,27.789455
1999-11-08,45.375000,42.187500,44.968750,27.296253
1999-11-09,44.937500,43.218750,44.437500,26.973797
1999-11-10,44.562500,43.218750,43.562500,26.442665
1999-11-11,45.218750,44.125000,44.812500,27.201435
1999-11-12,45.000000,43.531250,44.593750,27.068632
1999-11-15,44.250000,43.468750,43.500000,26.404715
1999-11-16,43.875000,42.937500,43.656250,26.499561
1999-11-17,43.531250,42.500000,42.500000,25.797716
1999-11-18,42.906250,42.250000,42.468750,25.778746
1999-11-19,43.281250,42.187500,43.000000,26.101210
1999-11-22,45.187500,44.218750,44.906250,27.258320
1999-11-23,45.687500,44.187500,44.812500,27.201435
1999-11-24,46.125000,44.750000,45.843750,27.827385
1999-11-26,46.687500,45.500000,45.562500,27.656656
1999-11-29,46.031250,44.750000,45.093750,27.372141
1999-11-30,46.437500,44.781250,45.523438,27.632963
1999-12-01,46.968750,45.437500,46.593750,28.282642
1999-12-02,47.625000,46.437500,47.406250,28.775829
1999-12-03,48.562500,47.867188,48.062500,29.174181
1999-12-06,48.593750,47.375000,47.718750,28.965517
1999-12-07,47.437500,46.437500,46.500000,28.225744
1999-12-08,47.156250,45.843750,45.875000,27.846348
1999-12-09,46.656250,45.718750,46.375000,28.149858
1999-12-10,47.062500,46.125000,46.937500,28.491295
1999-12-13,48.468750,46.375000,48.312500,29.325933
1999-12-14,50.562500,47.656250,49.343750,29.951912
1999-12-15,54.375000,49.250000,54.218750,32.911057
1999-12-16,57.500000,54.468750,56.843750,34.504440
1999-12-17,58.562500,56.812500,57.625000,34.978664
1999-12-20,57.500000,55.593750,56.375000,34.219906
1999-12-21,58.312500,55.312500,57.937500,35.168358
1999-12-22,59.000000,57.562500,58.781250,35.680508
1999-12-23,59.625000,58.375000,58.718750,35.642563
1999-12-27,59.625000,58.062500,59.562500,36.154739
1999-12-28,59.406250,58.531250,58.750000,35.661541
1999-12-29,59.187500,58.406250,58.968750,35.794327
1999-12-30,59.968750,58.562500,58.812500,35.699486
1999-12-31,58.875000,58.125000,58.375000,35.433914
2000-01-03,59.312500,56.000000,58.281250,35.376999
2000-01-04,58.562500,56.125000,56.312500,34.181984
2000-01-05,58.187500,54.687500,56.906250,34.542377
2000-01-06,56.937500,54.187500,55.000000,33.385284
2000-01-07,56.125000,53.656250,55.718750,33.821568
2000-01-10,56.843750,55.687500,56.125000,34.068157
2000-01-11,57.125000,54.343750,54.687500,33.195580
2000-01-12,54.437500,52.218750,52.906250,32.114357
2000-01-13,54.312500,50.750000,53.906250,32.721352
2000-01-14,56.968750,52.875000,56.125000,34.068157
2000-01-18,58.250000,55.875000,57.656250,34.997639
2000-01-19,55.750000,53.000000,53.500000,32.474773
2000-01-20,54.843750,52.937500,53.000000,32.171257
2000-01-21,53.625000,51.625000,51.875000,31.488386
2000-01-24,52.843750,50.406250,50.625000,30.729637
2000-01-25,51.937500,49.781250,51.406250,31.203850
2000-01-26,51.750000,49.562500,49.687500,30.160580
2000-01-27,50.593750,48.625000,49.375000,29.970884
2000-01-28,50.125000,48.625000,49.125000,29.819120
2000-01-31,49.093750,47.437500,48.937500,29.705307
2000-02-01,51.625000,48.843750,51.468750,31.241791
2000-02-02,51.968750,50.250000,50.406250,30.596853
2000-02-03,52.093750,50.062500,51.812500,31.450445
2000-02-04,54.000000,52.070312,53.281250,32.341988
2000-02-07,53.437500,52.125000,53.312500,32.360966
2000-02-08,55.000000,53.218750,54.968750,33.366314
2000-02-09,54.718750,51.937500,52.000000,31.564278
2000-02-10,53.281250,51.250000,53.000000,32.171257
2000-02-11,52.437500,49.562500,49.968750,30.331278
2000-02-14,50.875000,49.531250,49.812500,30.236444
2000-02-15,50.000000,49.062500,49.281250,29.913963
2000-02-16,50.093750,48.562500,48.812500,29.629446
2000-02-17,49.843750,48.570312,49.812500,30.236444
2000-02-18,50.031250,47.437500,47.531250,28.851709
2000-02-22,48.562500,46.406250,46.906250,28.472343
2000-02-23,47.875000,46.031250,47.125000,28.605112
2000-02-24,47.937500,46.000000,47.375000,28.756863
2000-02-25,47.351562,45.250000,45.656250,27.713585
2000-02-28,46.062500,44.062500,45.781250,27.789455
2000-02-29,45.875000,44.437500,44.687500,27.125547
2000-03-01,47.046875,44.468750,45.406250,27.561819
2000-03-02,47.687500,45.562500,46.687500,28.339544
2000-03-03,49.437500,46.937500,48.062500,29.174181
2000-03-06,48.687500,45.062500,45.312500,27.504913
2000-03-07,48.750000,45.968750,46.437500,28.187813
2000-03-08,48.093750,45.500000,47.781250,29.003466
2000-03-09,50.000000,47.500000,50.000000,30.350252
2000-03-10,51.250000,49.750000,50.500000,30.653761
2000-03-13,50.125000,48.750000,49.000000,29.743246
2000-03-14,49.625000,47.562500,47.562500,28.870682
2000-03-15,48.312500,46.843750,47.687500,28.946550
2000-03-16,48.343750,46.625000,47.687500,28.946550
2000-03-17,49.750000,47.250000,49.687500,30.160580
2000-03-20,49.875000,48.250000,48.687500,29.553556
2000-03-21,51.562500,48.250000,51.375000,31.184889
2000-03-22,52.812500,50.562500,51.625000,31.336634
2000-03-23,56.437500,53.312500,55.937500,33.954350
2000-03-24,57.500000,54.781250,55.843750,33.897449
2000-03-27,54.125000,51.968750,52.031250,31.583233
2000-03-28,53.718750,51.187500,52.156250,31.659090
2000-03-29,54.468750,52.562500,53.593750,32.531666
2000-03-30,54.312500,51.250000,51.687500,31.374582
2000-03-31,54.125000,52.062500,53.125000,32.247147
2000-04-03,48.250000,45.000000,45.437500,27.580793
2000-04-04,46.000000,42.468750,44.281250,26.878939
2000-04-05,44.250000,42.937500,43.187500,26.215033
2000-04-06,44.000000,42.632812,43.000000,26.101210
2000-04-07,44.687500,42.500000,44.531250,27.030685
2000-04-10,44.312500,43.000000,43.031250,26.120188
2000-04-11,43.031250,41.750000,41.937500,25.456280
2000-04-12,41.125000,39.375000,39.687500,24.090504
2000-04-13,41.125000,39.500000,39.625000,24.052582
2000-04-14,39.750000,36.625000,37.062500,22.497124
2000-04-17,38.000000,36.500000,37.937500,23.028254
2000-04-18,40.968750,37.937500,40.281250,24.450912
2000-04-19,40.750000,39.062500,39.343750,23.881861
2000-04-20,39.937500,38.750000,39.468750,23.957737
2000-04-24,34.000000,32.500000,33.312500,20.220850
2000-04-25,34.750000,33.812500,34.687500,21.055487
2000-04-26,35.562500,33.687500,34.000000,20.638165
2000-04-27,34.968750,33.687500,34.906250,21.188272
2000-04-28,35.500000,34.125000,34.875000,21.169308
2000-05-01,37.000000,35.843750,36.718750,22.288458
2000-05-02,36.750000,34.750000,34.937500,21.207232
2000-05-03,35.406250,34.406250,35.281250,21.415899
2000-05-04,35.625000,34.656250,35.218750,21.377960
2000-05-05,35.906250,34.937500,35.562500,21.586624
2000-05-08,35.687500,34.843750,34.906250,21.188272
2000-05-09,35.218750,33.750000,33.906250,20.581266
2000-05-10,33.937500,32.875000,33.093750,20.088078
2000-05-11,34.062500,32.875000,33.937500,20.600246
2000-05-12,34.875000,34.125000,34.406250,20.884764
2000-05-15,34.718750,34.000000,34.687500,21.055487
2000-05-16,35.312500,34.531250,34.750000,21.093418
2000-05-17,34.562500,33.625000,33.843750,20.543335
2000-05-18,34.031250,32.937500,33.093750,20.088078
2000-05-19,32.968750,32.250000,32.531250,19.746637
2000-05-22,32.625000,31.218750,32.093750,19.481070
2000-05-23,32.781250,31.531250,31.593750,19.177563
2000-05-24,33.281250,31.500000,32.781250,19.898384
2000-05-25,32.375000,30.562500,30.750000,18.665401
2000-05-26,31.312500,30.187500,30.718750,18.646435
2000-05-30,32.062500,31.000000,31.687500,19.234468
2000-05-31,31.851562,31.031250,31.281250,18.987879
2000-06-01,33.000000,31.906250,32.281250,19.594883
2000-06-02,33.375000,32.500000,33.156250,20.126013
2000-06-05,34.187500,33.000000,33.437500,20.296728
2000-06-06,34.937500,33.906250,34.812500,21.131371
2000-06-07,35.375000,33.562500,35.250000,21.396925
2000-06-08,36.062500,34.125000,34.406250,20.884764
2000-06-09,34.843750,34.156250,34.406250,20.884764
2000-06-12,34.500000,33.187500,33.437500,20.296728
2000-06-13,34.000000,33.062500,33.937500,20.600246
2000-06-14,35.500000,34.750000,35.250000,21.396925
2000-06-15,36.343750,35.312500,36.187500,21.965992
2000-06-16,36.562500,35.750000,36.281250,22.022903
2000-06-19,36.906250,36.000000,36.843750,22.364349
2000-06-20,37.625000,36.875000,37.468750,22.743721
2000-06-21,41.093750,38.468750,40.343750,24.488857
2000-06-22,41.000000,39.656250,39.937500,24.242262
2000-06-23,40.031250,38.500000,38.843750,23.578363
2000-06-26,40.062500,38.750000,39.750000,24.128439
2000-06-27,40.062500,39.187500,39.406250,23.919786
2000-06-28,40.031250,39.312500,39.468750,23.957737
2000-06-29,39.468750,38.531250,38.593750,23.426598
2000-06-30,40.000000,38.343750,40.000000,24.280207
2000-07-03,40.031250,39.687500,40.000000,24.280207
2000-07-05,39.937500,39.125000,39.250000,23.824944
2000-07-06,40.843750,39.250000,40.468750,24.564732
2000-07-07,41.437500,40.281250,41.000000,24.887203
2000-07-10,40.656250,39.687500,39.718750,24.109476
2000-07-11,40.250000,39.250000,39.562500,24.014633
2000-07-12,40.500000,38.593750,40.156250,24.375042
2000-07-13,40.000000,38.687500,39.968750,24.261236
2000-07-14,39.875000,39.218750,39.468750,23.957737
2000-07-17,39.781250,38.750000,39.093750,23.730103
2000-07-18,39.750000,38.718750,39.250000,23.824944
2000-07-19,38.750000,36.406250,36.562500,22.193623
2000-07-20,37.625000,36.562500,37.406250,22.705782
2000-07-21,37.500000,35.937500,36.156250,21.947021
2000-07-24,36.062500,35.000000,35.281250,21.415899
2000-07-25,35.500000,34.187500,34.500000,20.941662
2000-07-26,34.750000,33.625000,33.906250,20.581266
2000-07-27,35.062500,33.750000,34.687500,21.055487
2000-07-28,35.906250,34.812500,34.843750,21.150337
2000-07-31,35.562500,34.625000,34.906250,21.188272
2000-08-01,35.031250,34.093750,34.343750,20.846823
2000-08-02,35.218750,34.250000,34.687500,21.055487
2000-08-03,35.187500,34.062500,35.125000,21.321053
2000-08-04,34.937500,34.093750,34.562500,20.979614
2000-08-07,35.562500,34.875000,35.000000,21.245180
2000-08-08,37.343750,35.000000,37.062500,22.497124
2000-08-09,37.437500,36.562500,37.125000,22.535067
2000-08-10,37.031250,35.875000,36.312500,22.041876
2000-08-11,36.343750,35.812500,36.218750,21.984961
2000-08-14,36.687500,35.687500,36.093750,21.909088
2000-08-15,36.500000,35.750000,35.812500,21.738365
2000-08-16,36.125000,35.281250,35.500000,21.548679
2000-08-17,36.000000,35.281250,35.781250,21.719406
2000-08-18,35.718750,35.000000,35.500000,21.548679
2000-08-21,35.406250,35.031250,35.312500,21.434866
2000-08-22,36.218750,35.109375,35.625000,21.624552
2000-08-23,35.562500,35.187500,35.375000,21.472803
2000-08-24,35.593750,34.968750,35.562500,21.586624
2000-08-25,35.843750,35.281250,35.312500,21.434866
2000-08-28,36.062500,35.062500,35.656250,21.643515
2000-08-29,36.375000,35.437500,35.468750,21.529713
2000-08-30,35.468750,34.843750,35.000000,21.245180
2000-08-31,36.000000,34.843750,34.906250,21.188272
2000-09-01,35.312500,34.843750,35.093750,21.302092
2000-09-05,35.343750,34.906250,35.062500,21.283112
2000-09-06,35.343750,34.656250,34.718750,21.074446
2000-09-07,36.031250,34.718750,35.031250,21.264147
2000-09-08,35.437500,34.593750,34.656250,21.036524
2000-09-11,34.843750,34.031250,34.406250,20.884764
2000-09-12,34.656250,33.812500,34.062500,20.676121
2000-09-13,34.375000,33.593750,34.125000,20.714046
2000-09-14,34.375000,32.843750,32.906250,19.974258
2000-09-15,32.812500,31.656250,32.093750,19.481070
2000-09-18,32.312500,31.093750,31.500000,19.120663
2000-09-19,32.875000,31.687500,32.500000,19.727659
2000-09-20,32.500000,31.593750,32.125000,19.500042
2000-09-21,32.562500,31.781250,32.093750,19.481070
2000-09-22,31.750000,30.500000,31.625000,19.196535
2000-09-25,31.750000,30.218750,30.625000,18.589539
2000-09-26,32.937500,30.218750,31.343750,19.025816
2000-09-27,31.781250,29.906250,30.312500,18.399839
2000-09-28,30.937500,30.312500,30.656250,18.608501
2000-09-29,30.656250,29.312500,30.156250,18.304991
2000-10-02,30.406250,29.125000,29.562500,17.944588
2000-10-03,29.906250,28.250000,28.281250,17.166864
2000-10-04,28.281250,27.250000,27.718750,16.825417
2000-10-05,28.625000,27.625000,27.687500,16.806452
2000-10-06,28.375000,27.375000,27.781250,16.863361
2000-10-09,27.875000,26.500000,27.093750,16.446039
2000-10-10,27.781250,26.906250,27.281250,16.559864
2000-10-11,28.468750,27.000000,27.875000,16.920265
2000-10-12,28.437500,26.906250,27.187500,16.502958
2000-10-13,27.437500,26.062500,26.875000,16.313263
2000-10-16,26.906250,24.781250,25.187500,15.288936
2000-10-17,26.218750,25.125000,25.218750,15.307915
2000-10-18,26.625000,24.218750,25.875000,15.706253
2000-10-19,31.093750,29.000000,30.937500,18.779226
2000-10-20,33.062500,30.562500,32.593750,19.784575
2000-10-23,33.125000,30.343750,31.062500,18.855091
2000-10-24,31.468750,30.093750,30.750000,18.665401
2000-10-25,31.718750,30.218750,30.625000,18.589539
2000-10-26,32.531250,30.406250,32.218750,19.556942
2000-10-27,34.593750,32.312500,33.843750,20.543335
2000-10-30,35.062500,33.687500,34.531250,20.960648
2000-10-31,34.750000,34.000000,34.437500,20.903734
2000-11-01,35.031250,34.218750,34.812500,21.131371
2000-11-02,35.421875,34.812500,35.156250,21.340029
2000-11-03,34.812500,34.031250,34.125000,20.714046
2000-11-06,35.062500,34.125000,34.750000,21.093418
2000-11-07,35.937500,34.750000,35.250000,21.396925
2000-11-08,36.187500,34.000000,34.718750,21.074446
2000-11-09,35.656250,34.218750,35.437500,21.510736
2000-11-10,35.156250,33.406250,33.687500,20.448483
2000-11-13,34.062500,32.203125,33.218750,20.163952
2000-11-14,34.906250,33.656250,34.406250,20.884764
2000-11-15,35.437500,34.343750,35.031250,21.264147
2000-11-16,35.750000,34.468750,34.468750,20.922699
2000-11-17,35.000000,33.898438,34.531250,20.960648
2000-11-20,34.250000,32.781250,33.593750,20.391586
2000-11-21,34.625000,33.687500,33.875000,20.562300
2000-11-22,34.750000,33.000000,34.125000,20.714046
2000-11-24,35.218750,34.250000,34.968750,21.226208
2000-11-27,36.125000,35.312500,35.343750,21.453825
2000-11-28,34.875000,33.406250,33.500000,20.334675
2000-11-29,33.562500,31.625000,32.531250,19.746637
2000-11-30,31.031250,28.500000,28.687500,17.413467
2000-12-01,30.312500,28.031250,28.312500,17.185827
2000-12-04,29.500000,27.593750,28.218750,17.128923
2000-12-05,30.250000,29.125000,29.937500,18.172215
2000-12-06,30.031250,28.031250,28.343750,17.204805
2000-12-07,27.000000,26.125000,26.562500,16.123573
2000-12-08,27.937500,26.718750,27.218750,16.521917
2000-12-11,29.375000,27.500000,29.031250,17.622110
2000-12-12,30.000000,28.375000,29.187500,17.716957
2000-12-13,30.250000,28.406250,28.625000,17.375525
2000-12-14,29.367188,27.687500,27.750000,16.844389
2000-12-15,26.000000,23.875000,24.593750,14.928526
2000-12-18,25.000000,23.500000,23.906250,14.511214
2000-12-19,24.000000,22.250000,22.406250,13.600718
2000-12-20,22.000000,20.687500,20.750000,12.595355
2000-12-21,22.562500,20.156250,21.718750,13.183391
2000-12-22,23.562500,22.375000,23.218750,14.093906
2000-12-26,24.281250,22.937500,23.437500,14.226686
2000-12-27,23.406250,22.500000,23.218750,14.093906
2000-12-28,23.125000,21.937500,22.281250,13.524835
2000-12-29,22.906250,21.500000,21.687500,13.164426
2001-01-02,22.500000,21.437500,21.687500,13.164426
2001-01-03,24.437500,21.562500,23.968750,14.549157
2001-01-04,25.250000,23.437500,24.218750,14.700907
2001-01-05,24.937500,23.781250,24.562500,14.909560
2001-01-08,24.875000,23.343750,24.468750,14.852654
2001-01-09,26.312500,24.875000,25.906250,15.725223
2001-01-10,26.906250,25.375000,26.437500,16.047695
2001-01-11,27.875000,26.156250,27.500000,16.692642
2001-01-12,27.500000,26.250000,26.750000,16.237387
2001-01-16,26.750000,25.562500,26.281250,15.952855
2001-01-17,27.437500,26.281250,26.468750,16.066662
2001-01-18,28.093750,26.312500,27.750000,16.844389
2001-01-19,30.718750,29.437500,30.500000,18.513657
2001-01-22,30.500000,29.500000,30.062500,18.248093
2001-01-23,30.468750,29.468750,30.281250,18.380873
2001-01-24,31.718750,30.375000,31.468750,19.101690
2001-01-25,32.000000,30.781250,30.906250,18.760250
2001-01-26,32.156250,30.500000,32.000000,19.424164
2001-01-29,32.312500,31.750000,32.250000,19.575909
2001-01-30,32.375000,31.437500,31.687500,19.234468
2001-01-31,31.875000,30.500000,30.531250,18.532627
2001-02-01,31.312500,30.187500,31.187500,18.930975
2001-02-02,31.687500,30.375000,30.406250,18.456749
2001-02-05,31.031250,30.125000,30.968750,18.798187
2001-02-06,31.906250,30.843750,31.281250,18.987879
2001-02-07,32.531250,30.906250,32.343750,19.632824
2001-02-08,32.250000,31.000000,31.125000,18.893042
2001-02-09,30.781250,29.250000,29.562500,17.944588
2001-02-12,29.718750,28.593750,29.375000,17.830770
2001-02-13,30.531250,29.062500,29.093750,17.660053
2001-02-14,29.500000,28.187500,29.187500,17.716957
2001-02-15,30.093750,28.937500,29.406250,17.849743
2001-02-16,29.125000,28.062500,28.656250,17.394487
2001-02-20,29.125000,27.687500,27.937500,16.958199
2001-02-21,29.031250,27.593750,28.125000,17.072016
2001-02-22,28.406250,26.937500,27.593750,16.749544
2001-02-23,28.750000,27.156250,28.375000,17.223776
2001-02-26,29.968750,28.687500,29.781250,18.077370
2001-02-27,30.593750,29.335938,29.687500,18.020466
2001-02-28,30.039062,29.093750,29.500000,17.906647
2001-03-01,29.750000,28.125000,29.679688,18.015720
2001-03-02,29.062500,28.218750,28.343750,17.204805
2001-03-05,29.312500,28.281250,28.718750,17.432430
2001-03-06,30.000000,29.187500,29.718750,18.039423
2001-03-07,30.562500,29.656250,30.343750,18.418812
2001-03-08,30.296875,29.218750,29.625000,17.982527
2001-03-09,29.093750,27.437500,28.343750,17.204805
2001-03-12,27.500000,25.812500,25.968750,15.763162
2001-03-13,27.375000,26.000000,27.093750,16.446039
2001-03-14,27.625000,26.093750,27.000000,16.389139
2001-03-15,28.039062,26.750000,26.843750,16.294300
2001-03-16,27.562500,26.242188,27.281250,16.559864
2001-03-19,27.750000,26.562500,27.156250,16.483974
2001-03-20,28.062500,26.312500,26.343750,15.990794
2001-03-21,26.625000,24.875000,25.031250,15.194098
2001-03-22,27.031250,25.250000,27.000000,16.389139
2001-03-23,28.500000,27.187500,28.281250,17.166864
2001-03-26,28.750000,27.781250,28.031250,17.015118
2001-03-27,29.281250,27.937500,29.125000,17.679020
2001-03-28,28.968750,27.687500,27.781250,16.863361
2001-03-29,28.593750,27.281250,27.687500,16.806452
2001-03-30,28.093750,26.937500,27.343750,16.597790
2001-04-02,28.468750,27.312500,27.906250,16.939238
2001-04-03,27.656250,26.375000,26.687500,16.199450
2001-04-04,27.500000,25.531250,25.968750,15.763162
2001-04-05,28.687500,26.750000,28.375000,17.223776
2001-04-06,28.593750,27.531250,28.093750,17.053051
2001-04-09,28.709999,27.830000,28.575001,17.345169
2001-04-10,30.045000,28.889999,29.840000,18.113035
2001-04-11,30.750000,29.850000,30.020000,18.222286
2001-04-12,31.155001,29.674999,31.090000,18.871790
2001-04-16,30.790001,30.059999,30.395000,18.449923
2001-04-17,31.055000,30.020000,30.740000,18.659340
2001-04-18,33.154999,31.500000,32.715000,19.858170
2001-04-19,34.500000,32.875000,34.020000,20.650309
2001-04-20,35.549999,34.250000,34.500000,20.941662
2001-04-23,34.235001,33.450001,34.125000,20.714046
2001-04-24,34.965000,33.570000,33.775002,20.501596
2001-04-25,34.895000,33.625000,34.845001,21.151091
2001-04-26,35.500000,34.125000,34.564999,20.981133
2001-04-27,34.840000,33.105000,33.560001,20.371096
2001-04-30,34.529999,33.840000,33.875000,20.562300
2001-05-01,35.150002,33.799999,35.084999,21.296766
2001-05-02,35.575001,34.674999,34.880001,21.172338
2001-05-03,35.090000,34.070000,34.264999,20.799036
2001-05-04,35.525002,33.980000,35.375000,21.472803
2001-05-07,36.075001,35.349998,35.689999,21.664011
2001-05-08,36.049999,35.375000,36.029999,21.870384
2001-05-09,35.650002,34.930000,35.200001,21.366575
2001-05-10,35.619999,34.980000,35.000000,21.245180
2001-05-11,35.000000,34.325001,34.700001,21.063072
2001-05-14,34.599998,34.150002,34.360001,20.856699
2001-05-15,34.650002,34.000000,34.134998,20.720116
2001-05-16,34.939999,33.665001,34.580002,20.990238
2001-05-17,35.070000,33.775002,34.084999,20.689764
2001-05-18,34.599998,33.625000,34.044998,20.665482
2001-05-21,34.994999,33.875000,34.395000,20.877935
2001-05-22,35.174999,34.590000,35.154999,21.339266
2001-05-23,35.799999,34.755001,34.849998,21.154123
2001-05-24,35.889999,34.634998,35.860001,21.767204
2001-05-25,35.950001,35.180000,35.455002,21.521374
2001-05-29,35.875000,35.025002,35.169998,21.348364
2001-05-30,35.290001,34.325001,34.595001,20.999350
2001-05-31,35.189999,34.200001,34.590000,20.996311
2001-06-01,35.349998,34.349998,35.169998,21.348364
2001-06-04,35.509998,34.900002,35.389999,21.481909
2001-06-05,36.540001,35.250000,36.299999,22.034288
2001-06-06,36.740002,35.775002,36.180000,21.961447
2001-06-07,36.865002,36.040001,36.840000,22.362072
2001-06-08,36.875000,36.025002,36.595001,22.213335
2001-06-11,36.424999,35.755001,36.060001,21.888597
2001-06-12,36.205002,35.404999,36.040001,21.876463
2001-06-13,36.150002,35.320000,35.345001,21.454590
2001-06-14,35.275002,34.200001,34.450001,20.911333
2001-06-15,34.150002,33.200001,34.009998,20.644247
2001-06-18,33.980000,33.005001,33.439999,20.298248
2001-06-19,34.424999,33.424999,33.660000,20.431791
2001-06-20,34.794998,33.549999,34.705002,21.066111
2001-06-21,35.275002,34.459999,34.919998,21.196621
2001-06-22,35.305000,34.290001,34.415001,20.890081
2001-06-25,34.904999,33.884998,34.424999,20.896149
2001-06-26,35.105000,33.849998,35.070000,21.287676
2001-06-27,35.764999,34.680000,35.570000,21.591164
2001-06-28,38.075001,35.264999,36.369999,22.076777
2001-06-29,36.705002,35.700001,36.500000,22.155687
2001-07-02,36.575001,35.075001,35.299999,21.427273
2001-07-03,35.400002,34.965000,35.235001,21.387819
2001-07-05,35.360001,34.220001,34.255001,20.792959
2001-07-06,34.200001,32.834999,33.029999,20.049374
2001-07-09,33.455002,32.520000,32.845001,19.937075
2001-07-10,33.125000,32.174999,32.240002,19.569845
2001-07-11,33.375000,32.099998,33.250000,20.182920
2001-07-12,36.025002,35.165001,35.799999,21.730782
2001-07-13,36.000000,35.470001,35.669998,21.651875
2001-07-16,36.080002,35.075001,35.590000,21.603312
2001-07-17,36.005001,35.070000,35.910000,21.797552
2001-07-18,35.750000,34.935001,35.285000,21.418177
2001-07-19,36.500000,35.610001,36.285000,22.025179
2001-07-20,34.700001,33.970001,34.590000,20.996311
2001-07-23,34.619999,33.174999,33.544998,20.361979
2001-07-24,33.994999,32.849998,33.160000,20.128288
2001-07-25,33.759998,32.805000,33.740002,20.480347
2001-07-26,33.660000,32.750000,33.294998,20.210236
2001-07-27,33.125000,32.525002,32.735001,19.870319
2001-07-30,33.439999,32.770000,32.900002,19.970465
2001-07-31,33.695000,32.924999,33.095001,20.088831
2001-08-01,33.404999,32.880001,33.235001,20.173813
2001-08-02,33.770000,33.130001,33.724998,20.471251
2001-08-03,33.680000,33.000000,33.445000,20.301283
2001-08-06,33.560001,32.840000,33.064999,20.070621
2001-08-07,33.525002,32.994999,33.174999,20.137390
2001-08-08,33.619999,32.244999,32.430000,19.685173
2001-08-09,32.775002,32.150002,32.505001,19.730701
2001-08-10,32.930000,31.450001,32.759998,19.885490
2001-08-13,32.994999,32.375000,32.915001,19.979567
2001-08-14,33.044998,32.224998,32.345001,19.633579
2001-08-15,32.525002,31.600000,31.600000,19.181358
2001-08-16,32.355000,31.350000,32.310001,19.612339
2001-08-17,32.064999,30.750000,30.940001,18.780737
2001-08-20,31.375000,30.549999,31.350000,19.029608
2001-08-21,31.600000,30.355000,30.389999,18.446882
2001-08-22,30.575001,29.540001,30.330000,18.410458
2001-08-23,30.764999,29.500000,29.559999,17.943068
2001-08-24,31.139999,29.615000,31.025000,18.832331
2001-08-27,31.680000,30.785000,31.155001,18.911247
2001-08-28,31.475000,30.290001,30.370001,18.434744
2001-08-29,30.650000,29.770000,30.125000,18.286032
2001-08-30,29.830000,28.260000,28.469999,17.281431
2001-08-31,29.030001,28.150000,28.525000,17.314823
2001-09-04,29.540001,28.035000,28.049999,17.026495
2001-09-05,29.195000,27.695000,28.870001,17.524242
2001-09-06,29.195000,27.950001,28.010000,17.002216
2001-09-07,28.680000,27.655001,27.700001,16.814037
2001-09-10,28.975000,27.350000,28.790001,17.475683
2001-09-17,27.549999,26.400000,26.455000,16.058321
2001-09-18,27.500000,26.584999,27.160000,16.486258
2001-09-19,27.350000,25.299999,26.934999,16.349678
2001-09-20,26.305000,25.334999,25.379999,15.405788
2001-09-21,25.299999,23.750000,24.855000,15.087112
2001-09-24,26.225000,24.934999,26.004999,15.785161
2001-09-25,26.500000,25.080000,25.650000,15.569671
2001-09-26,25.900000,24.775000,25.135000,15.257073
2001-09-27,25.340000,24.000000,24.980000,15.162990
2001-09-28,25.795000,24.490000,25.584999,15.530226
2001-10-01,26.250000,25.205000,25.895000,15.718402
2001-10-02,26.775000,25.780001,26.525000,16.100805
2001-10-03,28.465000,26.200001,28.115000,17.065950
2001-10-04,29.200001,28.105000,28.219999,17.129681
2001-10-05,29.000000,27.469999,28.860001,17.518158
2001-10-08,29.325001,28.370001,29.020000,17.615292
2001-10-09,28.785000,27.094999,27.280001,16.559092
2001-10-10,27.875000,26.500000,27.754999,16.847424
2001-10-11,28.420000,27.295000,28.160000,17.093262
2001-10-12,28.320000,27.275000,28.190001,17.111475
2001-10-15,29.250000,27.924999,29.030001,17.621351
2001-10-16,29.455000,28.605000,29.225000,17.739727
2001-10-17,29.650000,27.990000,28.014999,17.005239
2001-10-18,28.790001,27.750000,28.375000,17.223776
2001-10-19,29.004999,27.815001,28.950001,17.572796
2001-10-22,30.090000,28.735001,30.080000,18.258709
2001-10-23,30.719999,29.700001,30.215000,18.340649
2001-10-24,30.809999,29.809999,30.660000,18.610771
2001-10-25,31.299999,29.785000,31.280001,18.987122
2001-10-26,31.815001,31.040001,31.100000,18.877859
2001-10-29,31.100000,29.770000,29.820000,18.100891
2001-10-30,29.770000,29.094999,29.440001,17.870232
2001-10-31,30.365000,29.049999,29.075001,17.648672
2001-11-01,31.125000,29.799999,30.920000,18.768600
2001-11-02,31.510000,30.254999,30.700001,18.635054
2001-11-05,32.014999,30.875000,31.635000,19.202606
2001-11-06,32.470001,31.080000,32.389999,19.660894
2001-11-07,32.525002,32.014999,32.125000,19.500042
2001-11-08,33.029999,31.830000,32.209999,19.551636
2001-11-09,32.825001,31.955000,32.605000,19.791405
2001-11-12,33.220001,31.825001,32.895000,19.967428
2001-11-13,33.974998,33.299999,33.950001,20.607824
2001-11-14,34.169998,32.895000,32.974998,20.015989
2001-11-15,33.525002,32.724998,33.060001,20.067593
2001-11-16,33.305000,32.474998,32.875000,19.955292
2001-11-19,33.485001,32.849998,33.270000,20.195057
2001-11-20,33.900002,32.514999,32.700001,19.849066
2001-11-21,32.299999,31.740000,32.025002,19.439341
2001-11-23,32.404999,31.809999,32.355000,19.639647
2001-11-26,32.855000,32.200001,32.570000,19.770157
2001-11-27,32.535000,31.375000,31.870001,19.345253
2001-11-28,32.060001,31.365000,31.400000,19.059956
2001-11-29,32.450001,31.475000,32.419998,19.679108
2001-11-30,32.540001,31.965000,32.105000,19.487898
2001-12-03,32.615002,31.900000,32.384998,19.657860
2001-12-04,33.040001,32.049999,33.000000,20.031162
2001-12-05,34.084999,32.599998,34.049999,20.668520
2001-12-06,34.500000,33.775002,34.325001,20.835457
2001-12-07,34.419998,33.275002,33.915001,20.586573
2001-12-10,34.224998,33.430000,33.529999,20.352884
2001-12-11,34.064999,33.535000,33.660000,20.431791
2001-12-12,33.990002,33.125000,33.974998,20.622990
2001-12-13,34.119999,33.035000,33.134998,20.113113
2001-12-14,33.974998,32.965000,33.720001,20.468210
2001-12-17,34.555000,33.580002,34.490002,20.935608
2001-12-18,34.700001,34.299999,34.634998,21.023617
2001-12-19,34.945000,34.224998,34.744999,21.090393
2001-12-20,34.625000,33.310001,33.380001,20.261831
2001-12-21,34.009998,33.500000,33.770000,20.498569
2001-12-24,34.014999,33.599998,33.634998,20.416616
2001-12-26,34.535000,33.695000,33.840000,20.541058
2001-12-27,34.355000,33.630001,33.924999,20.592646
2001-12-28,34.424999,33.849998,33.935001,20.598717
2001-12-31,34.240002,33.125000,33.125000,20.107048
2002-01-02,33.555000,32.755001,33.520000,20.346809
2002-01-03,34.625000,33.544998,34.615002,21.011482
2002-01-04,34.955002,34.334999,34.450001,20.911333
2002-01-07,35.009998,34.174999,34.279999,20.808132
2002-01-08,34.930000,34.000000,34.689999,21.057001
2002-01-09,35.310001,34.275002,34.355000,20.853653
2002-01-10,34.900002,34.064999,34.639999,21.026653
2002-01-11,35.160000,34.049999,34.305000,20.823305
2002-01-14,34.520000,33.869999,34.235001,20.780815
2002-01-15,34.810001,34.250000,34.775002,21.108599
2002-01-16,34.919998,33.924999,33.935001,20.598717
2002-01-17,35.000000,34.200001,34.930000,21.202688
2002-01-18,33.924999,32.709999,33.049999,20.061516
2002-01-22,33.314999,32.125000,32.230000,19.563778
2002-01-23,32.355000,31.620001,31.870001,19.345253
2002-01-24,32.590000,31.900000,32.299999,19.606260
2002-01-25,32.424999,31.754999,31.900000,19.363459
2002-01-28,32.200001,31.455000,31.910000,19.369530
2002-01-29,32.250000,30.995001,31.160000,18.914282
2002-01-30,31.450001,30.665001,31.424999,19.075132
2002-01-31,31.905001,31.059999,31.855000,19.336149
2002-02-01,32.250000,31.235001,31.330000,19.017467
2002-02-04,31.344999,30.375000,30.559999,18.550072
2002-02-05,31.115000,30.250000,30.575001,18.559179
2002-02-06,30.945000,30.125000,30.200001,18.331554
2002-02-07,30.805000,29.875000,29.900000,18.149450
2002-02-08,30.330000,29.415001,30.325001,18.407427
2002-02-11,30.620001,29.795000,30.565001,18.553106
2002-02-12,30.424999,30.010000,30.070000,18.252644
2002-02-13,30.940001,29.975000,30.910000,18.762524
2002-02-14,31.495001,30.660000,30.840000,18.720039
2002-02-15,31.030001,30.100000,30.115000,18.279959
2002-02-19,30.070000,29.299999,29.465000,17.885399
2002-02-20,30.180000,29.400000,29.950001,18.179800
2002-02-21,30.135000,29.004999,29.025000,17.618319
2002-02-22,29.375000,28.575001,28.995001,17.600115
2002-02-25,29.945000,28.945000,29.540001,17.930933
2002-02-26,30.000000,28.950001,29.275000,17.770071
2002-02-27,30.075001,28.995001,29.195000,17.721512
2002-02-28,29.850000,29.070000,29.170000,17.706337
2002-03-01,30.709999,29.424999,30.684999,18.625950
2002-03-04,31.750000,30.434999,31.650000,19.211710
2002-03-05,31.940001,31.170000,31.540001,19.144949
2002-03-06,31.850000,31.094999,31.815001,19.311871
2002-03-07,31.940001,30.930000,31.360001,19.035679
2002-03-08,32.349998,31.584999,31.975000,19.408985
2002-03-11,32.500000,31.500000,32.169998,19.527351
2002-03-12,31.400000,30.834999,31.270000,18.981043
2002-03-13,31.510000,30.975000,31.049999,18.847506
2002-03-14,31.120001,30.525000,30.610001,18.580427
2002-03-15,31.254999,30.485001,31.245001,18.965872
2002-03-18,31.495001,30.600000,31.070000,18.859644
2002-03-19,31.500000,30.750000,31.115000,18.886963
2002-03-20,31.010000,30.049999,30.049999,18.240499
2002-03-21,30.795000,29.915001,30.680000,18.622915
2002-03-22,30.570000,30.110001,30.225000,18.346729
2002-03-25,30.389999,29.575001,29.615000,17.976452
2002-03-26,30.459999,29.155001,29.540001,17.930933
2002-03-27,29.940001,29.295000,29.719999,18.040194
2002-03-28,30.325001,29.830000,30.155001,18.304230
2002-04-01,30.200001,29.600000,30.190001,18.325491
2002-04-02,29.545000,28.555000,28.639999,17.384624
2002-04-03,28.805000,27.750000,28.165001,17.096292
2002-04-04,28.485001,27.709999,28.225000,17.132723
2002-04-05,28.650000,27.920000,27.934999,16.956684
2002-04-08,28.655001,27.129999,28.610001,17.366411
2002-04-09,28.715000,27.400000,27.434999,16.653183
2002-04-10,28.555000,27.530001,28.150000,17.087193
2002-04-11,28.225000,27.250000,27.395000,16.628904
2002-04-12,28.129999,27.430000,27.965000,16.974894
2002-04-15,28.375000,27.700001,27.844999,16.902065
2002-04-16,29.049999,28.180000,28.905001,17.545485
2002-04-17,29.139999,28.209999,28.315001,17.187347
2002-04-18,28.655001,26.340000,28.184999,17.108438
2002-04-19,28.990000,28.430000,28.600000,17.360348
2002-04-22,28.350000,27.500000,27.795000,16.871708
2002-04-23,27.910000,26.650000,26.995001,16.386097
2002-04-24,27.215000,26.500000,26.510000,16.091709
2002-04-25,27.225000,26.440001,26.865000,16.307186
2002-04-26,27.225000,25.730000,25.750000,15.630375
2002-04-29,26.455000,25.719999,26.120001,15.854972
2002-04-30,26.650000,25.959999,26.129999,15.861043
2002-05-01,26.594999,25.330000,26.375000,16.009758
2002-05-02,27.035000,25.575001,25.605000,15.542359
2002-05-03,25.840000,24.754999,24.780001,15.041578
2002-05-06,25.270000,24.184999,24.309999,14.756290
2002-05-07,25.145000,24.174999,24.735001,15.014267
2002-05-08,27.485001,25.610001,27.485001,16.683538
2002-05-09,27.500000,25.950001,26.059999,15.818542
2002-05-10,26.334999,24.995001,25.025000,15.190304
2002-05-13,26.455000,24.875000,26.344999,15.991545
2002-05-14,27.549999,26.990000,27.440001,16.656218
2002-05-15,28.219999,26.930000,27.375000,16.616758
2002-05-16,28.014999,27.325001,27.870001,16.917223
2002-05-17,28.200001,27.635000,28.014999,17.005239
2002-05-20,27.775000,26.750000,27.004999,16.392168
2002-05-21,27.299999,26.065001,26.094999,15.839795
2002-05-22,26.860001,25.924999,26.844999,16.295044
2002-05-23,27.420000,26.504999,27.410000,16.638008
2002-05-24,27.260000,26.520000,26.629999,16.164545
2002-05-28,26.844999,25.875000,26.160000,15.879250
2002-05-29,26.360001,25.775000,26.025000,15.797312
2002-05-30,26.680000,25.715000,26.320000,15.976377
2002-05-31,26.709999,25.440001,25.455000,15.451320
2002-06-03,25.820000,24.584999,24.709999,14.999098
2002-06-04,25.615000,24.620001,24.990000,15.169055
2002-06-05,25.875000,25.165001,25.830000,15.678945
2002-06-06,26.070000,25.000000,25.950001,15.751780
2002-06-07,26.299999,24.930000,25.990000,15.776056
2002-06-10,26.650000,25.730000,26.410000,16.030998
2002-06-11,27.090000,26.209999,26.285000,15.955134
2002-06-12,27.889999,26.250000,27.770000,16.856533
2002-06-13,27.740000,27.100000,27.110001,16.455904
2002-06-14,27.775000,26.500000,27.625000,16.768517
2002-06-17,28.219999,27.684999,27.840000,16.899021
2002-06-18,28.145000,27.674999,27.995001,16.993107
2002-06-19,27.969999,27.160000,27.180000,16.498400
2002-06-20,27.549999,26.950001,27.049999,16.419481
2002-06-21,27.275000,26.139999,26.139999,15.867114
2002-06-24,27.320000,25.924999,27.080000,16.437689
2002-06-25,27.500000,26.400000,26.475000,16.070456
2002-06-26,27.195000,25.525000,27.065001,16.428593
2002-06-27,27.469999,26.430000,27.459999,16.668354
2002-06-28,27.895000,27.000000,27.350000,16.601589
2002-07-01,27.195000,26.290001,26.330000,15.982442
2002-07-02,26.459999,25.665001,25.719999,15.612165
2002-07-03,26.260000,25.225000,25.920000,15.733572
2002-07-05,27.450001,26.525000,27.424999,16.647120
2002-07-08,27.465000,26.290001,26.459999,16.061348
2002-07-09,27.365000,26.485001,26.605000,16.149376
2002-07-10,27.100000,26.065001,26.120001,15.854972
2002-07-11,26.535000,25.625000,26.455000,16.058321
2002-07-12,26.865000,25.740000,25.930000,15.739636
2002-07-15,25.930000,24.000000,25.900000,15.721437
2002-07-16,26.400000,25.320000,25.625000,15.554504
2002-07-17,26.650000,25.584999,26.000000,15.782139
2002-07-18,26.370001,25.330000,25.555000,15.512022
2002-07-19,25.445000,24.405001,24.780001,15.041578
2002-07-22,24.995001,22.950001,23.754999,14.419402
2002-07-23,23.400000,21.485001,21.504999,13.053640
2002-07-24,23.180000,20.705000,23.115000,14.030921
2002-07-25,22.855000,21.219999,21.415001,12.999013
2002-07-26,22.705000,21.840000,22.674999,13.763839
2002-07-29,24.150000,23.275000,24.125000,14.644000
2002-07-30,24.415001,23.665001,24.049999,14.598473
2002-07-31,24.000000,23.180000,23.990000,14.562050
2002-08-01,24.045000,22.750000,22.875000,13.885244
2002-08-02,22.924999,21.900000,22.205000,13.478550
2002-08-05,22.584999,21.905001,21.995001,13.351076
2002-08-06,23.625000,22.420000,22.834999,13.860957
2002-08-07,23.650000,22.580000,23.545000,14.291938
2002-08-08,24.500000,23.205000,24.455000,14.844314
2002-08-09,24.575001,23.830000,24.059999,14.604538
2002-08-12,24.375000,23.799999,24.235001,14.710772
2002-08-13,24.850000,23.459999,23.530001,14.282831
2002-08-14,24.865000,23.605000,24.855000,15.087112
2002-08-15,25.370001,24.375000,24.885000,15.105321
2002-08-16,25.115000,24.459999,25.000000,15.175126
2002-08-19,26.025000,24.924999,26.000000,15.782139
2002-08-20,25.850000,25.375000,25.520000,15.490774
2002-08-21,26.190001,25.575001,26.139999,15.867114
2002-08-22,26.725000,26.299999,26.615000,16.155434
2002-08-23,26.424999,25.920000,26.110001,15.848902
2002-08-26,26.325001,25.590000,26.049999,15.812486
2002-08-27,26.225000,25.325001,25.420000,15.430072
2002-08-28,25.330000,24.650000,24.690001,14.986959
2002-08-29,25.500000,24.260000,25.290001,15.351166
2002-08-30,25.240000,24.500000,24.540001,14.895910
2002-09-03,24.260000,23.500000,23.510000,14.270688
2002-09-04,24.299999,23.575001,24.105000,14.631853
2002-09-05,23.760000,22.940001,22.955000,13.933797
2002-09-06,24.135000,23.735001,23.910000,14.513493
2002-09-09,24.475000,23.315001,24.350000,14.780568
2002-09-10,24.910000,24.174999,24.895000,15.111396
2002-09-11,25.549999,24.264999,24.290001,14.744143
2002-09-12,24.150000,23.510000,23.575001,14.310143
2002-09-13,24.129999,23.424999,23.955000,14.540812
2002-09-16,24.065001,23.525000,23.889999,14.501349
2002-09-17,24.450001,23.605000,23.645000,14.352640
2002-09-18,24.120001,23.330000,23.875000,14.492246
2002-09-19,23.910000,23.295000,23.600000,14.325318
2002-09-20,24.000000,23.650000,23.730000,14.404229
2002-09-23,23.355000,22.405001,22.615000,13.727417
2002-09-24,23.240000,22.315001,22.820000,13.851855
2002-09-25,23.480000,22.525000,23.254999,14.115904
2002-09-26,23.750000,22.975000,23.100000,14.021814
2002-09-27,23.549999,22.594999,22.625000,13.733485
2002-09-30,22.520000,21.555000,21.870001,13.275206
2002-10-01,23.125000,21.594999,23.115000,14.030921
2002-10-02,23.405001,22.580000,22.805000,13.842751
2002-10-03,23.295000,22.299999,22.400000,13.596917
2002-10-04,22.785000,21.844999,21.885000,13.284306
2002-10-07,22.530001,21.844999,22.025000,13.369288
2002-10-08,22.990000,22.065001,22.495001,13.654578
2002-10-09,22.725000,21.905001,21.995001,13.351076
2002-10-10,23.309999,21.625000,23.190001,14.076451
2002-10-11,24.450001,23.504999,24.434999,14.832170
2002-10-14,24.665001,23.920000,24.645000,14.959639
2002-10-15,26.184999,25.325001,26.145000,15.870139
2002-10-16,25.629999,25.139999,25.205000,15.299566
2002-10-17,26.250000,25.025000,25.385000,15.408822
2002-10-18,26.600000,25.570000,26.575001,16.131166
2002-10-21,26.495001,25.680000,26.254999,15.936919
2002-10-22,25.965000,25.514999,25.834999,15.681979
2002-10-23,26.629999,25.715000,26.600000,16.146336
2002-10-24,26.684999,25.450001,25.615000,15.548437
2002-10-25,26.400000,25.580000,26.340000,15.988522
2002-10-28,26.750000,25.754999,25.975000,15.766956
2002-10-29,26.245001,25.424999,26.035000,15.803370
2002-10-30,26.695000,25.815001,26.555000,16.119019
2002-10-31,27.035000,26.424999,26.735001,16.228279
2002-11-01,26.620001,25.950001,26.500000,16.085629
2002-11-04,28.625000,27.760000,28.049999,17.026495
2002-11-05,28.400000,27.790001,28.340000,17.202526
2002-11-06,28.549999,27.764999,28.514999,17.308748
2002-11-07,28.309999,27.750000,28.004999,16.999170
2002-11-08,28.275000,27.504999,27.549999,16.722994
2002-11-11,27.549999,26.910000,26.930000,16.346653
2002-11-12,27.715000,26.950001,27.254999,16.543922
2002-11-13,27.965000,27.055000,27.680000,16.801901
2002-11-14,28.500000,27.934999,28.495001,17.296610
2002-11-15,28.459999,27.834999,28.344999,17.205553
2002-11-18,28.514999,27.870001,27.924999,16.950615
2002-11-19,27.900000,27.155001,27.430000,16.650143
2002-11-20,28.450001,27.465000,28.309999,17.184317
2002-11-21,29.000000,28.389999,28.920000,17.554590
2002-11-22,29.150000,28.525000,29.110001,17.669916
2002-11-25,29.320000,28.785000,29.115000,17.672955
2002-11-26,29.125000,28.389999,28.450001,17.269287
2002-11-27,29.305000,28.700001,29.040001,17.627424
2002-11-29,29.315001,28.840000,28.840000,17.506027
2002-12-02,29.480000,28.504999,28.844999,17.509058
2002-12-03,28.674999,28.205000,28.355000,17.211630
2002-12-04,28.719999,27.910000,28.270000,17.160030
2002-12-05,28.545000,27.650000,27.670000,16.795824
2002-12-06,27.870001,27.110001,27.735001,16.835287
2002-12-09,27.610001,26.754999,26.764999,16.246485
2002-12-10,27.240000,26.740000,27.004999,16.392168
2002-12-11,27.504999,26.790001,27.330000,16.589449
2002-12-12,27.530001,26.844999,27.084999,16.440742
2002-12-13,26.875000,26.245001,26.250000,15.933885
2002-12-16,27.275000,26.334999,27.240000,16.534815
2002-12-17,27.495001,26.889999,27.180000,16.498400
2002-12-18,27.200001,26.395000,26.764999,16.246485
2002-12-19,27.375000,26.440001,26.555000,16.119019
2002-12-20,26.860001,26.475000,26.520000,16.097776
2002-12-23,27.139999,26.450001,27.000000,16.389139
2002-12-24,27.115000,26.760000,26.910000,16.334505
2002-12-26,27.344999,26.584999,26.695000,16.203993
2002-12-27,27.000000,26.450001,26.485001,16.076527
2002-12-30,26.620001,26.135000,26.375000,16.009758
2002-12-31,26.495001,25.629999,25.850000,15.691082
2003-01-02,26.875000,25.855000,26.860001,16.304153
2003-01-03,26.900000,26.440001,26.895000,16.325409
2003-01-06,27.615000,26.900000,27.385000,16.622837
2003-01-07,28.004999,27.340000,27.900000,16.935442
2003-01-08,27.775000,27.055000,27.120001,16.461977
2003-01-09,27.959999,27.264999,27.905001,16.938475
2003-01-10,28.150000,27.450001,27.959999,16.971855
2003-01-13,28.375000,27.885000,28.195000,17.114508
2003-01-14,28.500000,28.094999,28.485001,17.290548
2003-01-15,28.660000,28.094999,28.135000,17.078089
2003-01-16,28.325001,27.555000,27.674999,16.798864
2003-01-17,26.500000,25.655001,25.730000,15.618240
2003-01-21,26.075001,25.645000,25.665001,15.578789
2003-01-22,26.200001,25.455000,25.500000,15.478624
2003-01-23,26.270000,25.730000,26.139999,15.867114
2003-01-24,26.025000,24.850000,24.924999,15.129615
2003-01-27,25.299999,24.205000,24.584999,14.923215
2003-01-28,24.850000,24.280001,24.410000,14.817000
2003-01-29,25.020000,23.965000,24.955000,15.147815
2003-01-30,25.084999,24.094999,24.120001,14.640965
2003-01-31,24.174999,23.514999,23.730000,14.404229
2003-02-03,24.549999,23.730000,24.280001,14.738084
2003-02-04,23.969999,23.440001,23.660000,14.361741
2003-02-05,24.264999,23.365000,23.480000,14.252483
2003-02-06,23.809999,23.280001,23.709999,14.392086
2003-02-07,23.975000,23.205000,23.290001,14.137153
2003-02-10,23.760000,23.270000,23.690001,14.379946
2003-02-11,23.834999,23.000000,23.219999,14.094658
2003-02-12,23.549999,23.129999,23.219999,14.094658
2003-02-13,23.559999,23.065001,23.495001,14.261587
2003-02-14,24.250000,23.385000,24.150000,14.659173
2003-02-18,24.990000,24.400000,24.959999,15.150842
2003-02-19,24.879999,24.170000,24.530001,14.937712
2003-02-20,24.870001,24.100000,24.139999,14.700219
2003-02-21,24.799999,23.700001,24.629999,14.998608
2003-02-24,24.500000,23.840000,24.070000,14.657590
2003-02-25,24.270000,23.379999,24.190001,14.730666
2003-02-26,24.469999,23.580000,23.610001,14.377476
2003-02-27,24.209999,23.299999,23.580000,14.359198
2003-02-28,24.070000,23.549999,23.700001,14.432279
2003-03-03,24.120001,23.400000,23.540001,14.334837
2003-03-04,23.660000,23.059999,23.070000,14.048635
2003-03-05,23.549999,23.049999,23.440001,14.273945
2003-03-06,23.500000,23.129999,23.270000,14.170431
2003-03-07,23.790001,22.900000,23.559999,14.347023
2003-03-10,23.459999,22.889999,22.950001,13.975561
2003-03-11,23.260000,22.760000,22.799999,13.884212
2003-03-12,23.440001,22.549999,23.389999,14.243496
2003-03-13,24.740000,23.440001,24.670000,15.022963
2003-03-14,24.959999,24.260000,24.860001,15.138670
2003-03-17,25.950001,24.330000,25.930000,15.790249
2003-03-18,26.040001,25.500000,26.040001,15.857239
2003-03-19,26.430000,25.740000,26.320000,16.027748
2003-03-20,26.520000,25.670000,26.250000,15.985126
2003-03-21,26.799999,26.030001,26.570000,16.179985
2003-03-24,25.930000,25.180000,25.290001,15.400523
2003-03-25,25.750000,25.030001,25.490000,15.522314
2003-03-26,25.620001,25.240000,25.250000,15.376165
2003-03-27,25.260000,24.590000,25.040001,15.248280
2003-03-28,25.100000,24.600000,24.670000,15.022963
2003-03-31,24.709999,24.010000,24.209999,14.742842
2003-04-01,24.700001,24.250000,24.350000,14.828094
2003-04-02,26.000000,25.100000,25.719999,15.662368
2003-04-03,26.090000,25.600000,25.730000,15.668463
2003-04-04,25.799999,24.930000,25.090000,15.278724
2003-04-07,26.430000,25.170000,25.170000,15.327442
2003-04-08,25.830000,25.200001,25.580000,15.577108
2003-04-09,25.670000,24.540001,24.570000,14.962069
2003-04-10,24.790001,24.280001,24.590000,14.974248
2003-04-11,25.180000,23.950001,24.200001,14.736753
2003-04-14,24.879999,24.000000,24.760000,15.077774
2003-04-15,24.790001,24.100000,24.600000,14.980331
2003-04-16,25.740000,24.600000,24.920000,15.175198
2003-04-17,25.540001,24.740000,25.500000,15.528393
2003-04-21,25.610001,25.080000,25.209999,15.351807
2003-04-22,25.799999,25.030001,25.760000,15.686730
2003-04-23,25.990000,25.469999,25.719999,15.662368
2003-04-24,25.719999,25.320000,25.490000,15.522314
2003-04-25,25.639999,25.170000,25.219999,15.357896
2003-04-28,25.940001,25.320000,25.740000,15.674547
2003-04-29,26.250000,25.680000,25.799999,15.711085
2003-04-30,25.879999,25.250000,25.570000,15.571025
2003-05-01,25.950001,25.340000,25.719999,15.662368
2003-05-02,26.290001,25.559999,26.100000,15.893769
2003-05-05,26.389999,25.840000,25.860001,15.747630
2003-05-06,26.500000,25.820000,26.370001,16.058189
2003-05-07,26.350000,25.840000,25.990000,15.826784
2003-05-08,26.139999,25.709999,25.740000,15.674547
2003-05-09,26.500000,25.889999,26.360001,16.052109
2003-05-12,26.469999,26.059999,26.200001,15.954666
2003-05-13,26.200001,25.889999,25.990000,15.826784
2003-05-14,26.180000,25.540001,25.620001,15.601478
2003-05-15,26.010000,25.570000,25.790001,15.705003
2003-05-16,26.049999,25.410000,25.570000,15.571025
2003-05-19,25.540001,24.740000,24.760000,15.077774
2003-05-20,25.000000,24.500000,24.629999,14.998608
2003-05-21,24.709999,23.889999,24.030001,14.633230
2003-05-22,24.270000,24.040001,24.160000,14.712399
2003-05-23,24.540001,24.030001,24.219999,14.748932
2003-05-27,24.889999,24.219999,24.790001,15.096040
2003-05-28,24.870001,24.299999,24.410000,14.864639
2003-05-29,24.670000,24.230000,24.400000,14.858544
2003-05-30,24.910000,24.510000,24.610001,14.986426
2003-06-02,25.030001,24.570000,24.639999,15.004696
2003-06-03,24.920000,24.570000,24.879999,15.150840
2003-06-04,25.219999,24.740000,24.870001,15.144755
2003-06-05,24.520000,24.010000,24.090000,14.669774
2003-06-06,24.559999,23.650000,23.670000,14.414004
2003-06-09,23.980000,23.600000,23.750000,14.462729
2003-06-10,24.750000,23.850000,24.680000,15.029058
2003-06-11,24.959999,24.420000,24.879999,15.150840
2003-06-12,25.139999,24.740000,24.990000,15.217828
2003-06-13,25.250000,24.490000,24.650000,15.010787
2003-06-16,25.420000,24.670000,25.389999,15.461412
2003-06-17,26.139999,25.530001,25.959999,15.808518
2003-06-18,26.430000,25.709999,26.070000,15.875504
2003-06-19,26.389999,26.010000,26.070000,15.875504
2003-06-20,26.379999,26.010000,26.330000,16.033831
2003-06-23,26.240000,25.490000,25.780001,15.698906
2003-06-24,26.040001,25.520000,25.700001,15.650187
2003-06-25,25.990000,25.139999,25.260000,15.382256
2003-06-26,26.510000,25.209999,25.750000,15.680632
2003-06-27,26.340000,25.530001,25.629999,15.607571
2003-06-30,26.120001,25.500000,25.639999,15.613654
2003-07-01,26.200001,25.389999,26.150000,15.924225
2003-07-02,26.930000,26.450001,26.879999,16.368755
2003-07-03,26.950001,26.410000,26.500000,16.137354
2003-07-07,27.549999,26.950001,27.420000,16.697601
2003-07-08,27.799999,27.250000,27.700001,16.868099
2003-07-09,27.700001,27.250000,27.469999,16.728048
2003-07-10,27.420000,26.590000,26.910000,16.387026
2003-07-11,27.450001,26.889999,27.309999,16.630604
2003-07-14,27.809999,27.049999,27.400000,16.685421
2003-07-15,27.530001,27.100000,27.270000,16.606260
2003-07-16,27.620001,27.200001,27.520000,16.758486
2003-07-17,27.270000,26.540001,26.690001,16.253059
2003-07-18,27.230000,26.750000,26.889999,16.374846
2003-07-21,26.910000,26.000000,26.040001,15.857239
2003-07-22,26.559999,26.129999,26.379999,16.064280
2003-07-23,26.650000,26.139999,26.450001,16.106916
2003-07-24,26.920000,25.980000,26.000000,15.832882
2003-07-25,26.950001,26.070000,26.889999,16.374846
2003-07-28,27.000000,26.490000,26.610001,16.204344
2003-07-29,26.900000,26.240000,26.469999,16.119089
2003-07-30,26.570000,26.170000,26.230000,15.972939
2003-07-31,26.990000,26.309999,26.410000,16.082546
2003-08-01,26.510000,26.120001,26.170000,15.936398
2003-08-04,26.410000,25.750000,26.180000,15.942480
2003-08-05,26.540001,25.600000,25.660000,15.625835
2003-08-06,26.190001,25.430000,25.650000,15.619737
2003-08-07,25.809999,25.450001,25.709999,15.656284
2003-08-08,25.980000,25.500000,25.580000,15.577108
2003-08-11,25.990000,25.540001,25.610001,15.595386
2003-08-12,25.770000,25.450001,25.730000,15.668463
2003-08-13,25.889999,25.500000,25.600000,15.589301
2003-08-14,25.709999,25.520000,25.629999,15.607571
2003-08-15,25.660000,25.430000,25.540001,15.552763
2003-08-18,25.830000,25.459999,25.700001,15.650187
2003-08-19,26.650000,25.770000,26.620001,16.210438
2003-08-20,26.530001,26.000000,26.450001,16.106916
2003-08-21,26.730000,26.129999,26.240000,15.979033
2003-08-22,26.950001,26.209999,26.219999,15.966844
2003-08-25,26.540001,26.230000,26.500000,16.137354
2003-08-26,26.670000,25.959999,26.570000,16.179985
2003-08-27,26.580000,26.299999,26.420000,16.088642
2003-08-28,26.580000,26.240000,26.510000,16.143454
2003-08-29,26.549999,26.350000,26.520000,16.149538
2003-09-02,27.299999,26.469999,27.260000,16.600161
2003-09-03,28.400000,27.379999,28.299999,17.233477
2003-09-04,28.469999,27.990000,28.430000,17.312639
2003-09-05,28.750000,28.170000,28.379999,17.282196
2003-09-08,28.920000,28.340000,28.840000,17.562317
2003-09-09,28.709999,28.309999,28.370001,17.276102
2003-09-10,28.180000,27.480000,27.549999,16.776764
2003-09-11,28.110001,27.590000,27.840000,16.953356
2003-09-12,28.400000,27.450001,28.340000,17.257841
2003-09-15,28.610001,28.330000,28.360001,17.270014
2003-09-16,28.950001,28.320000,28.900000,17.598856
2003-09-17,28.950001,28.469999,28.500000,17.355274
2003-09-18,29.510000,28.420000,29.500000,17.964222
2003-09-19,29.969999,29.520000,29.959999,18.244345
2003-09-22,30.000000,28.809999,29.070000,17.702377
2003-09-23,29.709999,28.879999,29.600000,18.025124
2003-09-24,29.700001,28.420000,28.459999,17.330912
2003-09-25,28.959999,28.219999,28.240000,17.196943
2003-09-26,28.780001,28.139999,28.190001,17.166496
2003-09-29,28.910000,28.100000,28.830000,17.556225
2003-09-30,28.610001,27.750000,27.799999,16.929003
2003-10-01,28.629999,27.809999,28.520000,17.367451
2003-10-02,28.750000,28.190001,28.500000,17.355274
2003-10-03,29.459999,28.930000,29.080000,17.708466
2003-10-06,29.299999,28.910000,29.190001,17.775455
2003-10-07,29.370001,28.920000,29.139999,17.745001
2003-10-08,29.360001,28.680000,28.820000,17.550133
2003-10-09,29.350000,28.799999,28.940001,17.623207
2003-10-10,29.200001,28.670000,28.910000,17.604940
2003-10-13,29.100000,28.500000,28.780001,17.525774
2003-10-14,28.770000,28.480000,28.680000,17.464886
2003-10-15,29.260000,28.700001,29.070000,17.801685
2003-10-16,29.309999,28.799999,29.230000,17.899670
2003-10-17,29.290001,28.799999,28.930000,17.715958
2003-10-20,29.370001,28.799999,29.350000,17.973158
2003-10-21,29.430000,29.170000,29.350000,17.973158
2003-10-22,29.209999,28.799999,28.889999,17.691462
2003-10-23,29.080000,28.100000,28.910000,17.703707
2003-10-24,27.400000,26.420000,26.610001,16.295254
2003-10-27,27.100000,26.820000,26.910000,16.478958
2003-10-28,27.219999,26.879999,27.200001,16.656536
2003-10-29,27.250000,26.660000,26.740000,16.374851
2003-10-30,27.040001,25.910000,26.120001,15.995187
2003-10-31,26.440001,26.110001,26.139999,16.007435
2003-11-03,26.750000,26.290001,26.680000,16.338116
2003-11-04,26.620001,26.010000,26.070000,15.964561
2003-11-05,26.320000,26.000000,26.100000,15.982941
2003-11-06,26.299999,26.000000,26.230000,16.062550
2003-11-07,26.490000,26.030001,26.100000,15.982941
2003-11-10,26.230000,26.000000,26.000000,15.921702
2003-11-11,26.080000,25.670000,25.799999,15.799222
2003-11-12,26.139999,25.600000,25.980000,15.909457
2003-11-13,25.930000,25.450001,25.690001,15.731864
2003-11-14,26.020000,25.440001,25.500000,15.615510
2003-11-17,25.440001,24.840000,25.150000,15.401184
2003-11-18,25.840000,25.120001,25.150000,15.401184
2003-11-19,25.540001,25.170000,25.350000,15.523661
2003-11-20,25.629999,25.080000,25.100000,15.370571
2003-11-21,25.379999,25.080000,25.110001,15.376689
2003-11-24,25.809999,25.280001,25.730000,15.756355
2003-11-25,25.950001,25.379999,25.400000,15.554279
2003-11-26,25.629999,25.320000,25.450001,15.584897
2003-11-28,25.750000,25.400000,25.709999,15.744113
2003-12-01,26.209999,25.500000,25.840000,15.823709
2003-12-02,26.090000,25.610001,25.660000,15.713500
2003-12-03,26.070000,25.620001,25.670000,15.719623
2003-12-04,26.230000,25.660000,26.200001,16.044180
2003-12-05,26.480000,25.920000,25.980000,15.909457
2003-12-08,26.340000,25.809999,26.240000,16.068672
2003-12-09,26.610001,26.250000,26.379999,16.154411
2003-12-10,26.629999,26.379999,26.590000,16.283007
2003-12-11,26.770000,26.280001,26.610001,16.295254
2003-12-12,26.809999,26.500000,26.650000,16.319744
2003-12-15,27.100000,26.680000,26.740000,16.374851
2003-12-16,27.160000,26.770000,27.059999,16.570812
2003-12-17,27.080000,26.850000,27.040001,16.558567
2003-12-18,27.450001,27.049999,27.400000,16.779026
2003-12-19,27.549999,27.190001,27.360001,16.754532
2003-12-22,27.430000,26.969999,27.180000,16.644304
2003-12-23,27.340000,27.010000,27.150000,16.625931
2003-12-24,27.160000,27.000000,27.040001,16.558567
2003-12-26,27.250000,27.000000,27.209999,16.662666
2003-12-29,27.530001,27.160000,27.459999,16.815767
2003-12-30,27.549999,27.400000,27.520000,16.852509
2003-12-31,27.549999,27.230000,27.370001,16.760654
2004-01-02,27.770000,27.330000,27.450001,16.809647
2004-01-05,28.180000,27.719999,28.139999,17.232178
2004-01-06,28.280001,28.070000,28.240000,17.293419
2004-01-07,28.309999,28.010000,28.209999,17.275045
2004-01-08,28.480000,28.000000,28.160000,17.244429
2004-01-09,28.059999,27.590000,27.660000,16.938236
2004-01-12,27.730000,27.350000,27.570000,16.883125
2004-01-13,27.639999,27.260000,27.430000,16.797398
2004-01-14,27.730000,27.469999,27.700001,16.962736
2004-01-15,27.719999,27.420000,27.540001,16.864754
2004-01-16,27.879999,27.530001,27.809999,17.030100
2004-01-20,28.200001,27.930000,28.100000,17.207687
2004-01-21,28.299999,27.850000,28.299999,17.330164
2004-01-22,28.440001,27.940001,28.010000,17.152573
2004-01-23,28.760000,28.219999,28.480000,17.440388
2004-01-26,28.830000,28.320000,28.799999,17.636345
2004-01-27,28.719999,28.219999,28.250000,17.299541
2004-01-28,28.440001,27.469999,27.709999,16.968851
2004-01-29,27.950001,27.570000,27.910000,17.091333
2004-01-30,27.900000,27.549999,27.650000,16.932112
2004-02-02,27.799999,27.240000,27.400000,16.779026
2004-02-03,27.549999,27.180000,27.290001,16.711662
2004-02-04,27.430000,27.010000,27.010000,16.540199
2004-02-05,27.170000,26.830000,26.959999,16.509573
2004-02-06,27.190001,26.930000,27.080000,16.583067
2004-02-09,27.230000,26.850000,26.900000,16.472839
2004-02-10,27.150000,26.820000,27.020000,16.546326
2004-02-11,27.230000,26.850000,27.150000,16.625931
2004-02-12,27.150000,26.930000,26.950001,16.503456
2004-02-13,27.059999,26.500000,26.590000,16.283007
2004-02-17,27.100000,26.590000,26.990000,16.527954
2004-02-18,27.110001,26.740000,26.770000,16.393227
2004-02-19,26.980000,26.430000,26.459999,16.203390
2004-02-20,26.799999,26.500000,26.570000,16.270750
2004-02-23,26.760000,26.480000,26.610001,16.295254
2004-02-24,26.950001,26.549999,26.879999,16.460588
2004-02-25,26.990000,26.610001,26.700001,16.350363
2004-02-26,26.650000,26.410000,26.500000,16.227884
2004-02-27,26.620001,26.350000,26.530001,16.246264
2004-03-01,26.719999,26.500000,26.700001,16.350363
2004-03-02,26.690001,26.350000,26.389999,16.160526
2004-03-03,26.549999,26.219999,26.370001,16.148281
2004-03-04,26.420000,26.209999,26.370001,16.148281
2004-03-05,26.600000,26.200001,26.350000,16.136032
2004-03-08,26.350000,25.809999,25.830000,15.817601
2004-03-09,25.969999,25.540001,25.719999,15.750231
2004-03-10,25.799999,25.350000,25.370001,15.535915
2004-03-11,25.780001,25.070000,25.090000,15.364436
2004-03-12,25.510000,25.230000,25.379999,15.542029
2004-03-15,25.430000,25.059999,25.160000,15.407305
2004-03-16,25.370001,25.100000,25.180000,15.419560
2004-03-17,25.459999,25.110001,25.129999,15.388937
2004-03-18,25.030001,24.580000,24.889999,15.241965
2004-03-19,24.940001,24.559999,24.629999,15.082746
2004-03-22,24.840000,24.010000,24.500000,15.003145
2004-03-23,24.660000,24.110001,24.150000,14.788811
2004-03-24,24.580000,24.180000,24.410000,14.948034
2004-03-25,25.240000,24.580000,25.190001,15.425674
2004-03-26,25.510000,25.000000,25.030001,15.327703
2004-03-29,25.400000,25.000000,25.309999,15.499167
2004-03-30,25.330000,25.030001,25.200001,15.431807
2004-03-31,25.200001,24.870001,24.930000,15.266463
2004-04-01,25.110001,24.850000,25.080000,15.358323
2004-04-02,25.900000,25.440001,25.850000,15.829844
2004-04-05,25.980000,25.730000,25.950001,15.891082
2004-04-06,25.900000,25.660000,25.799999,15.799222
2004-04-07,25.780001,25.350000,25.590000,15.670629
2004-04-08,25.850000,25.360001,25.480000,15.603267
2004-04-12,25.740000,25.430000,25.610001,15.682877
2004-04-13,25.770000,25.410000,25.450001,15.584897
2004-04-14,25.680000,25.379999,25.510000,15.621638
2004-04-15,25.730000,25.100000,25.219999,15.444054
2004-04-16,25.400000,25.110001,25.160000,15.407305
2004-04-19,25.600000,25.059999,25.530001,15.633891
2004-04-20,25.879999,25.280001,25.330000,15.511415
2004-04-21,25.490000,25.200001,25.450001,15.584897
2004-04-22,25.990000,25.469999,25.950001,15.891082
2004-04-23,27.719999,27.340000,27.540001,16.864754
2004-04-26,27.549999,27.100000,27.240000,16.681036
2004-04-27,27.370001,27.129999,27.219999,16.668791
2004-04-28,27.049999,26.469999,26.559999,16.264627
2004-04-29,26.940001,26.309999,26.480000,16.215645
2004-04-30,26.750000,25.959999,26.129999,16.001314
2004-05-03,26.520000,26.190001,26.350000,16.136032
2004-05-04,26.540001,26.020000,26.330000,16.123785
2004-05-05,26.600000,26.250000,26.299999,16.105402
2004-05-06,26.340000,26.030001,26.120001,15.995187
2004-05-07,26.379999,25.750000,25.780001,15.786977
2004-05-10,26.049999,25.620001,25.930000,15.878837
2004-05-11,26.110001,25.790001,25.940001,15.884960
2004-05-12,26.000000,25.430000,25.940001,15.884960
2004-05-13,26.190001,25.790001,26.100000,15.982941
2004-05-14,26.170000,25.639999,25.860001,15.835973
2004-05-17,25.790001,25.420000,25.540001,15.640018
2004-05-18,25.969999,25.639999,25.830000,15.817601
2004-05-19,26.270000,25.620001,25.620001,15.689001
2004-05-20,25.870001,25.590000,25.730000,15.756355
2004-05-21,26.200001,25.780001,25.889999,15.854336
2004-05-24,26.170000,25.740000,25.760000,15.774737
2004-05-25,26.190001,25.600000,26.100000,15.982941
2004-05-26,26.150000,25.850000,26.139999,16.007435
2004-05-27,26.190001,25.920000,26.190001,16.038057
2004-05-28,26.350000,26.020000,26.230000,16.062550
2004-06-01,26.270000,25.870001,26.110001,15.989066
2004-06-02,26.280001,26.010000,26.129999,16.001314
2004-06-03,26.129999,25.860001,25.889999,15.854336
2004-06-04,26.240000,25.940001,25.950001,15.891082
2004-06-07,26.430000,25.969999,26.430000,16.185024
2004-06-08,26.650000,26.240000,26.600000,16.289122
2004-06-09,26.650000,26.400000,26.469999,16.209513
2004-06-10,26.790001,26.379999,26.770000,16.393227
2004-06-14,26.900000,26.530001,26.900000,16.472839
2004-06-15,27.600000,26.969999,27.410000,16.785151
2004-06-16,27.500000,27.150000,27.320000,16.730038
2004-06-17,27.920000,27.290001,27.770000,17.005602
2004-06-18,28.500000,27.700001,28.350000,17.360775
2004-06-21,28.660000,28.120001,28.350000,17.360775
2004-06-22,28.350000,27.809999,28.290001,17.324038
2004-06-23,28.379999,28.000000,28.299999,17.330164
2004-06-24,28.650000,28.360001,28.389999,17.385275
2004-06-25,28.629999,28.250000,28.570000,17.495499
2004-06-28,28.750000,28.170000,28.280001,17.317917
2004-06-29,28.580000,28.180000,28.500000,17.452642
2004-06-30,28.799999,28.389999,28.559999,17.489378
2004-07-01,28.840000,28.260000,28.629999,17.532240
2004-07-02,28.680000,28.400000,28.570000,17.495499
2004-07-06,28.330000,27.940001,28.020000,17.158693
2004-07-07,28.320000,27.549999,28.100000,17.207687
2004-07-08,28.150000,27.549999,27.639999,16.926001
2004-07-09,28.000000,27.639999,27.860001,17.060719
2004-07-12,28.000000,27.590000,27.889999,17.079094
2004-07-13,27.950001,27.600000,27.600000,16.901497
2004-07-14,28.360001,27.340000,28.129999,17.226055
2004-07-15,28.200001,27.799999,27.870001,17.066837
2004-07-16,28.200001,27.250000,27.480000,16.828018
2004-07-19,28.260000,27.600000,27.950001,17.115831
2004-07-20,28.480000,27.850000,28.320000,17.342411
2004-07-21,29.889999,28.809999,28.860001,17.673086
2004-07-22,29.299999,28.830000,29.000000,17.758818
2004-07-23,28.400000,28.020000,28.030001,17.164818
2004-07-26,28.709999,28.200001,28.660000,17.550617
2004-07-27,28.760000,28.129999,28.440001,17.415892
2004-07-28,28.790001,28.280001,28.580000,17.501625
2004-07-29,28.799999,28.250000,28.480000,17.440388
2004-07-30,28.809999,28.330000,28.490000,17.446514
2004-08-02,28.549999,28.160000,28.520000,17.464886
2004-08-03,28.420000,28.000000,28.070000,17.189314
2004-08-04,28.200001,27.990000,28.059999,17.183189
2004-08-05,28.209999,27.520000,27.530001,16.858633
2004-08-06,27.860001,27.059999,27.139999,16.619802
2004-08-09,27.280001,27.100000,27.180000,16.644304
2004-08-10,27.750000,27.250000,27.719999,16.974983
2004-08-11,27.510000,27.200001,27.410000,16.785151
2004-08-12,27.309999,26.860001,26.879999,16.460588
2004-08-13,27.250000,26.980000,27.020000,16.546326
2004-08-16,27.200001,26.959999,27.090000,16.589186
2004-08-17,27.379999,26.980000,27.049999,16.564688
2004-08-18,27.500000,26.889999,27.459999,16.815767
2004-08-19,27.450001,27.010000,27.120001,16.607557
2004-08-20,27.370001,27.040001,27.200001,16.656536
2004-08-23,27.330000,27.120001,27.240000,16.730255
2004-08-24,27.459999,27.090000,27.240000,16.730255
2004-08-25,27.670000,27.180000,27.549999,16.920639
2004-08-26,27.600000,27.389999,27.440001,16.853096
2004-08-27,27.650000,27.450001,27.459999,16.865374
2004-08-30,27.389999,26.850000,27.299999,16.767105
2004-08-31,27.320000,27.049999,27.299999,16.767105
2004-09-01,27.520000,27.139999,27.389999,16.822378
2004-09-02,27.680000,27.350000,27.620001,16.963640
2004-09-03,27.620001,27.100000,27.110001,16.650408
2004-09-07,27.379999,27.160000,27.360001,16.803957
2004-09-08,27.469999,27.139999,27.260000,16.742535
2004-09-09,27.469999,27.180000,27.280001,16.754822
2004-09-10,27.510000,27.180000,27.490000,16.883793
2004-09-13,27.570000,26.740000,27.250000,16.736399
2004-09-14,27.510000,27.270000,27.440001,16.853096
2004-09-15,27.400000,27.139999,27.190001,16.699541
2004-09-16,27.350000,27.170000,27.260000,16.742535
2004-09-17,27.530001,27.260000,27.510000,16.896088
2004-09-20,27.650000,27.330000,27.510000,16.896088
2004-09-21,27.530001,27.250000,27.260000,16.742535
2004-09-22,27.740000,27.070000,27.120001,16.656536
2004-09-23,27.389999,27.170000,27.350000,16.797813
2004-09-24,27.459999,27.190001,27.290001,16.760965
2004-09-27,27.320000,27.129999,27.190001,16.699541
2004-09-28,27.360001,27.040001,27.270000,16.748672
2004-09-29,27.690001,27.230000,27.580000,16.939072
2004-09-30,27.790001,27.520000,27.650000,16.982065
2004-10-01,28.320000,27.780001,28.250000,17.350573
2004-10-04,28.459999,28.070000,28.120001,17.270729
2004-10-05,28.450001,28.100000,28.379999,17.430412
2004-10-06,28.549999,28.230000,28.530001,17.522539
2004-10-07,28.590000,28.160000,28.170000,17.301439
2004-10-08,28.330000,27.969999,27.990000,17.190884
2004-10-11,28.219999,27.930000,28.059999,17.233881
2004-10-12,28.160000,27.809999,28.030001,17.215458
2004-10-13,28.270000,27.940001,28.030001,17.215458
2004-10-14,28.160000,27.799999,27.799999,17.074196
2004-10-15,28.240000,27.820000,27.990000,17.190884
2004-10-18,28.450001,27.980000,28.410000,17.448837
2004-10-19,28.590000,28.170000,28.180000,17.307583
2004-10-20,28.750000,28.120001,28.700001,17.626955
2004-10-21,28.889999,28.469999,28.559999,17.540966
2004-10-22,28.340000,27.580000,27.740000,17.037338
2004-10-25,27.770000,27.549999,27.629999,16.969782
2004-10-26,27.900000,27.629999,27.900000,17.135603
2004-10-27,28.350000,27.580000,28.150000,17.289150
2004-10-28,28.540001,27.900000,28.010000,17.203173
2004-10-29,28.150000,27.799999,27.969999,17.178598
2004-11-01,28.280001,27.959999,28.080000,17.246168
2004-11-02,28.469999,28.030001,28.240000,17.344431
2004-11-03,28.650000,28.309999,28.469999,17.485693
2004-11-04,29.000000,28.379999,29.000000,17.811201
2004-11-05,29.360001,29.030001,29.309999,18.001602
2004-11-08,29.480000,29.129999,29.280001,17.983181
2004-11-09,29.889999,29.350000,29.770000,18.284122
2004-11-10,30.000000,29.690001,29.730000,18.259554
2004-11-11,30.080000,29.820000,29.980000,18.413107
2004-11-12,30.200001,29.799999,29.969999,18.406965
2004-11-15,27.500000,27.200001,27.389999,18.749226
2004-11-16,27.340000,27.049999,27.120001,18.564392
2004-11-17,27.350000,27.059999,27.170000,18.598639
2004-11-18,27.170000,27.000000,27.070000,18.530176
2004-11-19,27.070000,26.840000,26.860001,18.386431
2004-11-22,26.820000,26.100000,26.650000,18.242676
2004-11-23,26.700001,26.400000,26.530001,18.160528
2004-11-24,26.730000,26.400000,26.639999,18.235836
2004-11-26,26.820000,26.549999,26.600000,18.208443
2004-11-29,26.950001,26.610001,26.770000,18.324818
2004-11-30,27.010000,26.700001,26.809999,18.352200
2004-12-01,27.280001,26.809999,27.250000,18.653397
2004-12-02,27.400000,26.920000,27.090000,18.543865
2004-12-03,27.440001,27.139999,27.230000,18.639696
2004-12-06,27.440001,27.070000,27.330000,18.708153
2004-12-07,27.379999,27.000000,27.070000,18.530176
2004-12-08,27.360001,26.910000,27.360001,18.728695
2004-12-09,27.360001,26.940001,27.230000,18.639696
2004-12-10,27.180000,27.040001,27.080000,18.537027
2004-12-13,27.280001,26.910000,27.250000,18.653397
2004-12-14,27.330000,27.040001,27.230000,18.639696
2004-12-15,27.400000,27.070000,27.110001,18.557558
2004-12-16,27.280001,27.010000,27.160000,18.591782
2004-12-17,27.320000,26.799999,26.959999,18.454889
2004-12-20,27.150000,26.889999,26.950001,18.448032
2004-12-21,27.170000,26.940001,27.070000,18.530176
2004-12-22,27.150000,26.780001,26.969999,18.461721
2004-12-23,27.150000,26.830000,27.010000,18.489100
2004-12-27,27.100000,26.820000,26.850000,18.379583
2004-12-28,27.030001,26.799999,26.950001,18.448032
2004-12-29,27.000000,26.820000,26.900000,18.413809
2004-12-30,26.940001,26.750000,26.760000,18.317976
2004-12-31,26.900000,26.680000,26.719999,18.290592
2005-01-03,26.950001,26.650000,26.740000,18.304285
2005-01-04,27.100000,26.660000,26.840000,18.372732
2005-01-05,27.100000,26.760000,26.780001,18.331657
2005-01-06,27.059999,26.639999,26.750000,18.311129
2005-01-07,26.889999,26.620001,26.670000,18.256365
2005-01-10,26.860001,26.540001,26.799999,18.345352
2005-01-11,26.820000,26.610001,26.730000,18.297434
2005-01-12,26.850000,26.620001,26.780001,18.331657
2005-01-13,26.799999,26.160000,26.270000,17.982553
2005-01-14,26.450001,26.040001,26.120001,17.879875
2005-01-18,26.350000,25.840000,26.320000,18.016781
2005-01-19,26.260000,25.920000,25.980000,17.784039
2005-01-20,26.100000,25.740000,25.860001,17.701889
2005-01-21,26.129999,25.639999,25.650000,17.558140
2005-01-24,26.000000,25.639999,25.670000,17.571842
2005-01-25,26.190001,25.750000,26.020000,17.811424
2005-01-26,26.170000,25.900000,26.010000,17.804583
2005-01-27,26.160000,25.850000,26.110001,17.873035
2005-01-28,26.650000,25.959999,26.180000,17.920948
2005-01-31,26.520000,26.160000,26.280001,17.989397
2005-02-01,26.430000,26.219999,26.389999,18.064695
2005-02-02,26.500000,26.280001,26.459999,18.112612
2005-02-03,26.400000,26.100000,26.180000,17.920948
2005-02-04,26.370001,26.139999,26.320000,18.016781
2005-02-07,26.299999,26.059999,26.160000,17.907265
2005-02-08,26.340000,26.160000,26.240000,17.962013
2005-02-09,26.309999,26.040001,26.070000,17.845648
2005-02-10,26.129999,26.000000,26.059999,17.838804
2005-02-11,26.120001,25.809999,25.969999,17.777197
2005-02-14,26.120001,25.910000,26.010000,17.804583
2005-02-15,26.080000,25.860001,25.930000,17.804581
2005-02-16,25.930000,25.670000,25.790001,17.708448
2005-02-17,25.860001,25.600000,25.650000,17.612316
2005-02-18,25.650000,25.400000,25.480000,17.495590
2005-02-22,25.490000,25.200001,25.230000,17.323927
2005-02-23,25.350000,25.170000,25.200001,17.303331
2005-02-24,25.440001,25.150000,25.370001,17.420061
2005-02-25,25.379999,25.150000,25.250000,17.337660
2005-02-28,25.370001,25.129999,25.160000,17.275864
2005-03-01,25.410000,25.129999,25.280001,17.358257
2005-03-02,25.480000,25.160000,25.260000,17.344524
2005-03-03,25.309999,25.139999,25.170000,17.282728
2005-03-04,25.299999,25.129999,25.170000,17.282728
2005-03-07,25.790001,25.160000,25.469999,17.488720
2005-03-08,25.620001,25.340000,25.400000,17.440660
2005-03-09,25.570000,25.280001,25.309999,17.378860
2005-03-10,25.480000,25.250000,25.430000,17.461254
2005-03-11,25.480000,25.059999,25.090000,17.227804
2005-03-14,25.150000,24.959999,25.110001,17.241533
2005-03-15,25.240000,24.889999,24.910000,17.104210
2005-03-16,24.969999,24.559999,24.629999,16.911945
2005-03-17,24.680000,24.530001,24.540001,16.850145
2005-03-18,24.910000,24.280001,24.309999,16.692217
2005-03-21,24.360001,24.150000,24.200001,16.616690
2005-03-22,24.270000,23.959999,23.990000,16.472494
2005-03-23,24.389999,23.959999,24.180000,16.602953
2005-03-24,24.469999,24.200001,24.280001,16.671621
2005-03-28,24.469999,24.180000,24.200001,16.616690
2005-03-29,24.240000,23.820000,23.920000,16.424431
2005-03-30,24.190001,24.000000,24.160000,16.589216
2005-03-31,24.309999,24.120001,24.170000,16.596085
2005-04-01,24.350000,24.100000,24.120001,16.561758
2005-04-04,24.260000,23.940001,24.230000,16.637295
2005-04-05,24.500000,24.120001,24.469999,16.802078
2005-04-06,24.940001,24.450001,24.670000,16.939417
2005-04-07,25.129999,24.629999,25.100000,17.234674
2005-04-08,25.250000,24.910000,24.940001,17.124804
2005-04-11,25.110001,24.860001,24.969999,17.145397
2005-04-12,25.350000,24.799999,25.320000,17.385731
2005-04-13,25.450001,24.990000,25.040001,17.193464
2005-04-14,25.139999,24.830000,24.840000,17.056141
2005-04-15,24.900000,24.410000,24.459999,16.795214
2005-04-18,24.840000,24.400000,24.650000,16.925684
2005-04-19,24.799999,24.450001,24.629999,16.911945
2005-04-20,24.700001,24.299999,24.320000,16.699087
2005-04-21,25.389999,24.469999,25.280001,17.358257
2005-04-22,25.250000,24.780001,24.980000,17.152266
2005-04-25,25.280001,24.860001,24.990000,17.159138
2005-04-26,25.250000,24.740000,24.760000,17.001209
2005-04-27,25.150000,24.629999,24.990000,17.159138
2005-04-28,24.920000,24.440001,24.450001,16.788343
2005-04-29,25.299999,24.790001,25.299999,17.371996
2005-05-02,25.360001,24.950001,25.230000,17.323927
2005-05-03,25.400000,25.090000,25.360001,17.413191
2005-05-04,25.400000,25.110001,25.209999,17.310198
2005-05-05,25.330000,25.080000,25.230000,17.323927
2005-05-06,25.480000,25.190001,25.219999,17.317060
2005-05-09,25.330000,25.049999,25.110001,17.241533
2005-05-10,25.080000,24.820000,24.900000,17.097334
2005-05-11,24.969999,24.639999,24.910000,17.104210
2005-05-12,25.110001,24.830000,25.000000,17.165998
2005-05-13,25.379999,24.990000,25.299999,17.371996
2005-05-16,25.500000,25.190001,25.490000,17.557970
2005-05-17,25.500000,25.250000,25.459999,17.537300
2005-05-18,25.840000,25.420000,25.700001,17.702625
2005-05-19,26.049999,25.700001,25.920000,17.854155
2005-05-20,25.920000,25.730000,25.740000,17.730165
2005-05-23,26.070000,25.740000,25.850000,17.805948
2005-05-24,25.879999,25.719999,25.750000,17.737064
2005-05-25,25.770000,25.500000,25.709999,17.709507
2005-05-26,26.000000,25.730000,25.900000,17.840389
2005-05-27,26.090000,25.809999,26.070000,17.957499
2005-05-31,26.030001,25.750000,25.799999,17.771511
2005-06-01,26.000000,25.610001,25.809999,17.778395
2005-06-02,25.860001,25.639999,25.790001,17.764620
2005-06-03,25.809999,25.340000,25.430000,17.516644
2005-06-06,25.500000,25.309999,25.370001,17.475319
2005-06-07,25.830000,25.309999,25.510000,17.571753
2005-06-08,25.620001,25.340000,25.400000,17.495983
2005-06-09,25.610001,25.350000,25.510000,17.571753
2005-06-10,25.520000,25.340000,25.430000,17.516644
2005-06-13,25.490000,25.260000,25.309999,17.433989
2005-06-14,25.440001,25.240000,25.360001,17.468424
2005-06-15,25.410000,25.110001,25.260000,17.399542
2005-06-16,25.230000,24.950001,25.040001,17.248005
2005-06-17,25.290001,24.920000,25.040001,17.248005
2005-06-20,25.280001,24.930000,25.110001,17.296223
2005-06-21,25.190001,25.040001,25.150000,17.323774
2005-06-22,25.260000,25.030001,25.070000,17.268665
2005-06-23,25.620001,25.150000,25.309999,17.433989
2005-06-24,25.400000,25.040001,25.040001,17.248005
2005-06-27,25.250000,25.030001,25.049999,17.254894
2005-06-28,25.200001,25.030001,25.070000,17.268665
2005-06-29,25.320000,25.000000,25.090000,17.282450
2005-06-30,25.139999,24.820000,24.840000,17.110245
2005-07-01,24.990000,24.670000,24.709999,17.020697
2005-07-05,25.190001,24.620001,24.980000,17.206673
2005-07-06,25.080000,24.690001,24.700001,17.013805
2005-07-07,24.709999,24.500000,24.650000,16.979374
2005-07-08,25.120001,24.629999,25.090000,17.282450
2005-07-11,25.379999,25.110001,25.290001,17.420208
2005-07-12,25.620001,25.200001,25.610001,17.640640
2005-07-13,25.750000,25.480000,25.660000,17.675076
2005-07-14,26.100000,25.790001,25.969999,17.888603
2005-07-15,26.100000,25.750000,25.790001,17.764620
2005-07-18,25.790001,25.549999,25.549999,17.599302
2005-07-19,26.250000,25.750000,26.160000,18.019484
2005-07-20,26.230000,25.879999,26.190001,18.040144
2005-07-21,26.480000,26.000000,26.440001,18.212355
2005-07-22,26.340000,25.629999,25.680000,17.688848
2005-07-25,25.900000,25.650000,25.690001,17.695740
2005-07-26,25.740000,25.530001,25.540001,17.592409
2005-07-27,25.799999,25.530001,25.719999,17.716404
2005-07-28,25.850000,25.660000,25.750000,17.737064
2005-07-29,26.000000,25.590000,25.610001,17.640640
2005-08-01,26.049999,25.760000,25.920000,17.854155
2005-08-02,26.900000,25.870001,26.809999,18.467209
2005-08-03,27.430000,26.730000,27.250000,18.770304
2005-08-04,27.500000,27.049999,27.320000,18.818506
2005-08-05,27.940001,27.250000,27.760000,19.121590
2005-08-08,27.840000,27.080000,27.129999,18.687634
2005-08-09,27.510000,27.010000,27.350000,18.839174
2005-08-10,27.500000,26.850000,26.950001,18.563646
2005-08-11,27.299999,26.889999,27.270000,18.784065
2005-08-12,27.139999,26.900000,27.049999,18.632532
2005-08-15,27.299999,26.690001,27.129999,18.743071
2005-08-16,27.139999,26.700001,26.740000,18.473633
2005-08-17,27.150000,26.660000,26.950001,18.618711
2005-08-18,27.080000,26.799999,26.820000,18.528900
2005-08-19,26.910000,26.700001,26.719999,18.459818
2005-08-22,27.170000,26.770000,26.910000,18.591084
2005-08-23,27.070000,26.740000,26.870001,18.563444
2005-08-24,27.160000,26.780001,26.809999,18.521990
2005-08-25,27.090000,26.850000,27.030001,18.673985
2005-08-26,27.080000,26.870001,26.969999,18.632530
2005-08-29,27.230000,26.809999,27.150000,18.756884
2005-08-30,27.230000,26.959999,27.180000,18.777613
2005-08-31,27.440001,27.040001,27.379999,18.915777
2005-09-01,27.389999,27.150000,27.200001,18.791430
2005-09-02,27.270000,26.969999,27.020000,18.667074
2005-09-06,27.290001,26.980000,27.000000,18.653250
2005-09-07,27.110001,26.820000,26.850000,18.549627
2005-09-08,26.879999,26.520000,26.610001,18.383812
2005-09-09,26.820000,26.530001,26.580000,18.363091
2005-09-12,26.750000,26.520000,26.610001,18.383812
2005-09-13,26.760000,26.370001,26.480000,18.294014
2005-09-14,26.639999,26.299999,26.309999,18.176559
2005-09-15,26.430000,26.219999,26.270000,18.148928
2005-09-16,26.400000,25.969999,26.070000,18.010754
2005-09-19,26.270000,25.860001,26.000000,17.962399
2005-09-20,26.219999,25.690001,25.840000,17.851849
2005-09-21,25.900000,25.430000,25.490000,17.610060
2005-09-22,25.600000,25.150000,25.340000,17.506422
2005-09-23,25.540001,25.120001,25.270000,17.458065
2005-09-26,25.490000,25.209999,25.270000,17.458065
2005-09-27,25.450001,25.299999,25.340000,17.506422
2005-09-28,25.870001,25.379999,25.670000,17.734406
2005-09-29,26.000000,25.500000,25.940001,17.920940
2005-09-30,25.950001,25.610001,25.730000,17.775858
2005-10-03,25.730000,25.440001,25.500000,17.616966
2005-10-04,25.389999,24.750000,24.980000,17.257721
2005-10-05,25.049999,24.670000,24.670000,17.043549
2005-10-06,24.950001,24.530001,24.730000,17.085005
2005-10-07,24.840000,24.520000,24.590000,16.988283
2005-10-10,24.680000,24.350000,24.459999,16.898460
2005-10-11,24.549999,24.250000,24.410000,16.863928
2005-10-12,24.700001,24.270000,24.299999,16.787922
2005-10-13,24.730000,24.270000,24.590000,16.988283
2005-10-14,24.730000,24.500000,24.670000,17.043549
2005-10-17,24.690001,24.440001,24.530001,16.946831
2005-10-18,24.830000,24.450001,24.570000,16.974461
2005-10-19,25.090000,24.500000,25.090000,17.333715
2005-10-20,25.129999,24.740000,24.790001,17.126455
2005-10-21,25.000000,24.570000,24.780001,17.119541
2005-10-24,25.100000,24.680000,25.100000,17.340618
2005-10-25,25.129999,24.830000,25.030001,17.292263
2005-10-26,25.330000,24.930000,25.110001,17.347536
2005-10-27,25.270000,24.850000,24.850000,17.167900
2005-10-28,25.600000,25.100000,25.530001,17.637693
2005-10-31,25.799999,25.500000,25.700001,17.755133
2005-11-01,26.100000,25.610001,25.959999,17.934761
2005-11-02,26.500000,25.930000,26.459999,18.280186
2005-11-03,26.639999,26.250000,26.440001,18.266375
2005-11-04,26.709999,26.450001,26.660000,18.418365
2005-11-07,27.080000,26.700001,27.010000,18.660170
2005-11-08,27.180000,26.770000,27.049999,18.687799
2005-11-09,27.150000,26.940001,26.959999,18.625624
2005-11-10,27.150000,26.639999,27.090000,18.715437
2005-11-11,27.389999,27.129999,27.280001,18.846706
2005-11-14,27.440001,27.200001,27.370001,18.908875
2005-11-15,27.540001,27.250000,27.500000,19.054380
2005-11-16,27.879999,27.440001,27.740000,19.220678
2005-11-17,28.000000,27.760000,27.969999,19.380043
2005-11-18,28.250000,27.900000,28.070000,19.449327
2005-11-21,28.240000,27.840000,28.160000,19.511679
2005-11-22,28.080000,27.860001,27.910000,19.338469
2005-11-23,28.090000,27.740000,27.920000,19.345394
2005-11-25,27.940001,27.469999,27.760000,19.234533
2005-11-28,27.850000,27.530001,27.750000,19.227604
2005-11-29,27.790001,27.600000,27.680000,19.179100
2005-11-30,27.770000,27.629999,27.680000,19.179100
2005-12-01,28.100000,27.730000,27.889999,19.324614
2005-12-02,28.100000,27.790001,28.010000,19.407763
2005-12-05,28.020000,27.709999,27.850000,19.296883
2005-12-06,27.920000,27.680000,27.690001,19.186026
2005-12-07,27.750000,27.549999,27.750000,19.227604
2005-12-08,27.809999,27.600000,27.690001,19.186026
2005-12-09,27.830000,27.639999,27.709999,19.199883
2005-12-12,27.750000,27.330000,27.450001,19.019735
2005-12-13,27.430000,27.000000,27.129999,18.798012
2005-12-14,27.240000,26.850000,27.090000,18.770304
2005-12-15,27.110001,26.809999,26.920000,18.652502
2005-12-16,27.080000,26.809999,26.900000,18.638645
2005-12-19,26.870001,26.650000,26.830000,18.590151
2005-12-20,26.879999,26.670000,26.860001,18.610937
2005-12-21,26.910000,26.709999,26.730000,18.520851
2005-12-22,26.780001,26.420000,26.590000,18.423861
2005-12-23,26.670000,26.440001,26.639999,18.458496
2005-12-27,26.850000,26.450001,26.459999,18.333776
2005-12-28,26.660000,26.350000,26.389999,18.285275
2005-12-29,26.500000,26.260000,26.270000,18.202129
2005-12-30,26.309999,26.100000,26.150000,18.118977
2006-01-03,27.000000,26.100000,26.840000,18.597082
2006-01-04,27.080000,26.770000,26.969999,18.687145
2006-01-05,27.129999,26.910000,26.990000,18.701010
2006-01-06,27.000000,26.490000,26.910000,18.645575
2006-01-09,27.070000,26.760000,26.860001,18.610937
2006-01-10,27.020000,26.590000,27.000000,18.707933
2006-01-11,27.389999,26.900000,27.290001,18.908873
2006-01-12,27.260000,26.969999,27.139999,18.804945
2006-01-13,27.250000,27.010000,27.190001,18.839579
2006-01-17,27.190001,26.900000,26.990000,18.701010
2006-01-18,26.980000,26.700001,26.830000,18.590151
2006-01-19,27.240000,26.850000,27.020000,18.721802
2006-01-20,27.010000,26.260000,26.410000,18.299137
2006-01-23,26.530001,26.299999,26.350000,18.257563
2006-01-24,26.450001,26.219999,26.280001,18.209057
2006-01-25,26.570000,26.230000,26.400000,18.292212
2006-01-26,26.719999,26.309999,26.500000,18.361488
2006-01-27,27.950001,27.190001,27.790001,19.255320
2006-01-30,28.180000,27.780001,28.000000,19.400814
2006-01-31,28.379999,27.870001,28.150000,19.504753
2006-02-01,28.070000,27.760000,28.040001,19.428541
2006-02-02,27.990000,27.549999,27.680000,19.179100
2006-02-03,27.700001,27.340000,27.540001,19.082096
2006-02-06,27.540001,27.090000,27.170000,18.825733
2006-02-07,27.150000,26.809999,26.940001,18.666372
2006-02-08,27.080000,26.709999,26.910000,18.645575
2006-02-09,27.030001,26.650000,26.660000,18.472355
2006-02-10,26.889999,26.510000,26.690001,18.493147
2006-02-13,26.700001,26.340000,26.389999,18.285275
2006-02-14,26.680000,26.350000,26.650000,18.465431
2006-02-15,26.930000,26.500000,26.879999,18.687899
2006-02-16,26.900000,26.570000,26.809999,18.639236
2006-02-17,26.809999,26.559999,26.700001,18.562765
2006-02-21,26.719999,26.340000,26.540001,18.451527
2006-02-22,26.860001,26.469999,26.719999,18.576670
2006-02-23,26.889999,26.540001,26.660000,18.534954
2006-02-24,26.740000,26.520000,26.629999,18.514095
2006-02-27,27.260000,26.670000,27.049999,18.806093
2006-02-28,27.299999,26.870001,26.870001,18.680950
2006-03-01,27.200001,26.950001,27.139999,18.868664
2006-03-02,27.100000,26.900000,26.969999,18.750475
2006-03-03,27.160000,26.740000,26.930000,18.722673
2006-03-06,27.150000,26.830000,26.910000,18.708763
2006-03-07,27.100000,26.809999,27.059999,18.813046
2006-03-08,27.500000,26.969999,27.250000,18.945141
2006-03-09,27.420000,27.000000,27.000000,18.771330
2006-03-10,27.219999,26.879999,27.170000,18.889519
2006-03-13,27.290001,26.940001,27.110001,18.847809
2006-03-14,27.379999,26.990000,27.230000,18.931232
2006-03-15,27.450001,27.010000,27.360001,19.021620
2006-03-16,27.480000,27.219999,27.270000,18.959047
2006-03-17,27.660000,27.270000,27.500000,19.118952
2006-03-20,27.990000,27.670000,27.889999,19.390089
2006-03-21,28.219999,27.680000,27.740000,19.285805
2006-03-22,27.500000,26.799999,27.150000,18.875614
2006-03-23,27.100000,26.660000,26.850000,18.667042
2006-03-24,27.209999,26.620001,27.010000,18.778290
2006-03-27,27.299999,27.000000,27.010000,18.778290
2006-03-28,27.209999,26.809999,26.900000,18.701811
2006-03-29,27.200001,26.920000,27.020000,18.785238
2006-03-30,27.389999,27.000000,27.230000,18.931232
2006-03-31,27.540001,27.209999,27.209999,18.917332
2006-04-03,27.730000,27.440001,27.559999,19.160658
2006-04-04,27.799999,27.469999,27.639999,19.216288
2006-04-05,27.940001,27.639999,27.740000,19.285805
2006-04-06,27.719999,27.370001,27.559999,19.160658
2006-04-07,27.719999,27.230000,27.250000,18.945141
2006-04-10,27.440001,27.200001,27.290001,18.972946
2006-04-11,27.320000,27.000000,27.129999,18.861712
2006-04-12,27.200001,26.969999,27.200001,18.910385
2006-04-13,27.200001,27.000000,27.070000,18.819992
2006-04-17,27.049999,26.730000,26.840000,18.660095
2006-04-18,27.500000,26.820000,27.219999,18.924282
2006-04-19,27.190001,26.959999,27.030001,18.792185
2006-04-20,27.190001,26.700001,27.030001,18.792185
2006-04-21,27.389999,27.000000,27.150000,18.875614
2006-04-24,27.250000,26.980000,27.110001,18.847809
2006-04-25,27.209999,27.020000,27.110001,18.847809
2006-04-26,27.230000,27.000000,27.100000,18.840855
2006-04-27,27.629999,26.940001,27.250000,18.945141
2006-04-28,24.500000,24.000000,24.150000,16.789915
2006-05-01,25.000000,24.090000,24.290001,16.887239
2006-05-02,25.000000,23.900000,24.010000,16.692583
2006-05-03,24.020000,23.150000,23.170000,16.108574
2006-05-04,23.670000,23.139999,23.440001,16.296295
2006-05-05,23.950001,23.520000,23.799999,16.546587
2006-05-08,25.000000,23.510000,23.730000,16.497908
2006-05-09,24.000000,23.490000,23.620001,16.421442
2006-05-10,23.790001,23.590000,23.770000,16.525715
2006-05-11,23.790001,23.150000,23.219999,16.143341
2006-05-12,23.370001,23.049999,23.170000,16.108574
2006-05-15,23.230000,23.030001,23.150000,16.157440
2006-05-16,24.000000,22.910000,23.010000,16.059729
2006-05-17,23.080000,22.730000,22.730000,15.864307
2006-05-18,23.139999,22.760000,22.830000,15.934091
2006-05-19,22.900000,22.520000,22.559999,15.745647
2006-05-22,23.020000,22.450001,22.879999,15.968992
2006-05-23,23.379999,22.770000,22.790001,15.906172
2006-05-24,23.540001,22.980000,23.500000,16.401716
2006-05-25,23.920000,23.540001,23.740000,16.569227
2006-05-26,23.879999,23.559999,23.719999,16.555260
2006-05-30,23.760000,23.139999,23.150000,16.157440
2006-05-31,23.350000,22.650000,22.650000,15.808461
2006-06-01,22.840000,22.620001,22.820000,15.927112
2006-06-02,22.990000,22.670000,22.760000,15.885250
2006-06-05,22.730000,22.490000,22.500000,15.703774
2006-06-06,22.559999,21.980000,22.129999,15.445529
2006-06-07,22.389999,22.010000,22.040001,15.382720
2006-06-08,22.209999,21.969999,22.110001,15.431575
2006-06-09,22.190001,21.889999,21.920000,15.298969
2006-06-12,22.100000,21.700001,21.709999,15.152398
2006-06-13,22.030001,21.459999,21.510000,15.012805
2006-06-14,21.940001,21.549999,21.879999,15.271048
2006-06-15,22.129999,21.799999,22.070000,15.403657
2006-06-16,22.280001,21.790001,22.100000,15.424591
2006-06-19,22.600000,22.120001,22.549999,15.738670
2006-06-20,22.760000,22.500000,22.559999,15.745647
2006-06-21,23.150000,22.530001,23.080000,16.108578
2006-06-22,23.170000,22.780001,22.879999,15.968992
2006-06-23,22.870001,22.500000,22.500000,15.703774
2006-06-26,22.889999,22.629999,22.820000,15.927112
2006-06-27,23.160000,22.840000,22.860001,15.955042
2006-06-28,23.250000,22.910000,23.160000,16.164427
2006-06-29,23.629999,23.219999,23.469999,16.380783
2006-06-30,23.650000,23.299999,23.299999,16.262121
2006-07-03,23.719999,23.450001,23.700001,16.541311
2006-07-05,23.520000,23.299999,23.350000,16.297031
2006-07-06,23.610001,23.420000,23.480000,16.387753
2006-07-07,23.549999,23.299999,23.299999,16.262121
2006-07-10,23.660000,23.379999,23.500000,16.401716
2006-07-11,23.370001,22.740000,23.100000,16.122540
2006-07-12,22.879999,22.620001,22.639999,15.801489
2006-07-13,22.610001,22.250000,22.260000,15.536267
2006-07-14,22.549999,22.230000,22.290001,15.557202
2006-07-17,22.610001,22.260000,22.480000,15.689819
2006-07-18,22.760000,22.480000,22.740000,15.871278
2006-07-19,23.459999,22.719999,23.400000,16.331915
2006-07-20,23.450001,22.780001,22.850000,15.948060
2006-07-21,24.150000,23.000000,23.870001,16.659958
2006-07-24,24.110001,23.790001,24.000000,16.750685
2006-07-25,24.290001,23.900000,24.219999,16.904242
2006-07-26,24.530001,24.100000,24.370001,17.008924
2006-07-27,24.600000,23.770000,23.870001,16.659958
2006-07-28,24.280001,24.059999,24.250000,16.925179
2006-07-31,24.420000,24.010000,24.059999,16.792570
2006-08-01,24.200001,23.850000,23.990000,16.743704
2006-08-02,24.400000,24.030001,24.299999,16.960068
2006-08-03,24.480000,24.150000,24.209999,16.897259
2006-08-04,24.490000,24.150000,24.290001,16.953098
2006-08-07,24.480000,24.190001,24.219999,16.904242
2006-08-08,24.520000,24.200001,24.340000,16.987993
2006-08-09,24.639999,24.340000,24.440001,17.057785
2006-08-10,24.600000,24.340000,24.459999,17.071747
2006-08-11,24.450001,24.200001,24.430000,17.050808
2006-08-14,24.600000,24.350000,24.530001,17.120609
2006-08-15,24.650000,24.440001,24.620001,17.246696
2006-08-16,24.730000,24.469999,24.700001,17.302744
2006-08-17,24.750000,24.610001,24.700001,17.302744
2006-08-18,25.799999,24.980000,25.790001,18.066301
2006-08-21,26.129999,25.559999,26.120001,18.297466
2006-08-22,26.250000,25.620001,25.620001,17.947212
2006-08-23,25.950001,25.520000,25.670000,17.982239
2006-08-24,25.860001,25.500000,25.740000,18.031269
2006-08-25,26.000000,25.690001,25.850000,18.108322
2006-08-28,26.000000,25.690001,25.950001,18.178375
2006-08-29,25.980000,25.629999,25.840000,18.101322
2006-08-30,25.889999,25.639999,25.799999,18.073296
2006-08-31,25.980000,25.680000,25.700001,18.003254
2006-09-01,25.969999,25.639999,25.840000,18.101322
2006-09-05,25.959999,25.559999,25.610001,17.940205
2006-09-06,25.719999,25.510000,25.610001,17.940205
2006-09-07,25.700001,25.389999,25.430000,17.814117
2006-09-08,25.790001,25.459999,25.600000,17.933199
2006-09-11,25.950001,25.420000,25.910000,18.150358
2006-09-12,25.980000,25.719999,25.930000,18.164377
2006-09-13,26.100000,25.820000,25.980000,18.199394
2006-09-14,26.500000,25.980000,26.330000,18.444572
2006-09-15,26.940001,26.490000,26.850000,18.808838
2006-09-18,27.040001,26.670000,26.790001,18.766817
2006-09-19,26.940001,26.719999,26.860001,18.815847
2006-09-20,27.230000,26.990000,27.180000,19.040010
2006-09-21,27.250000,26.850000,26.900000,18.843882
2006-09-22,26.850000,26.480000,26.660000,18.675749
2006-09-25,27.190001,26.790001,26.950001,18.878895
2006-09-26,27.320000,26.879999,27.200001,19.054022
2006-09-27,27.469999,27.120001,27.440001,19.222145
2006-09-28,27.520000,27.260000,27.400000,19.194124
2006-09-29,27.420000,27.209999,27.350000,19.159105
2006-10-02,27.490000,27.150000,27.360001,19.166113
2006-10-03,27.480000,27.209999,27.370001,19.173115
2006-10-04,27.959999,27.370001,27.940001,19.572411
2006-10-05,28.110001,27.780001,27.920000,19.558392
2006-10-06,28.000000,27.650000,27.870001,19.523365
2006-10-09,27.930000,27.620001,27.719999,19.418297
2006-10-10,27.750000,27.440001,27.690001,19.397280
2006-10-11,27.670000,27.420000,27.540001,19.292200
2006-10-12,28.290001,27.540001,28.219999,19.768560
2006-10-13,28.690001,28.309999,28.370001,19.873627
2006-10-16,28.600000,28.330000,28.450001,19.929668
2006-10-17,28.510000,28.170000,28.440001,19.922668
2006-10-18,28.700001,28.260000,28.520000,19.978704
2006-10-19,28.450001,28.120001,28.290001,19.817585
2006-10-20,28.490000,28.170000,28.430000,19.915659
2006-10-23,28.690001,28.180000,28.450001,19.929668
2006-10-24,28.430000,28.129999,28.280001,19.810583
2006-10-25,28.459999,28.139999,28.309999,19.831598
2006-10-26,28.410000,28.040001,28.350000,19.859621
2006-10-27,28.790001,28.250000,28.340000,19.852608
2006-10-30,28.840000,28.320000,28.530001,19.985706
2006-10-31,28.850000,28.559999,28.709999,20.111801
2006-11-01,28.990000,28.700001,28.809999,20.181862
2006-11-02,28.860001,28.580000,28.770000,20.153831
2006-11-03,28.930000,28.610001,28.730000,20.125811
2006-11-06,29.049999,28.760000,28.840000,20.202877
2006-11-07,29.070000,28.799999,28.950001,20.279932
2006-11-08,29.230000,28.660000,28.980000,20.300945
2006-11-09,29.400000,29.000000,29.260000,20.497084
2006-11-10,29.290001,29.150000,29.240000,20.483080
2006-11-13,29.459999,29.160000,29.350000,20.560137
2006-11-14,29.420000,29.070000,29.230000,20.546078
2006-11-15,29.360001,29.110001,29.120001,20.468756
2006-11-16,29.639999,29.129999,29.469999,20.714779
2006-11-17,29.540001,29.280001,29.400000,20.665573
2006-11-20,30.000000,29.500000,29.889999,21.009998
2006-11-21,30.000000,29.790001,29.920000,21.031088
2006-11-22,30.000000,29.820000,29.920000,21.031088
2006-11-24,29.840000,29.639999,29.760000,20.918625
2006-11-27,29.740000,29.330000,29.480000,20.721807
2006-11-28,29.420000,29.129999,29.389999,20.658545
2006-11-29,29.780001,29.430000,29.570000,20.785063
2006-11-30,29.570000,29.330000,29.360001,20.637451
2006-12-01,29.299999,28.900000,29.120001,20.468756
2006-12-04,29.520000,29.170000,29.330000,20.616364
2006-12-05,29.400000,29.030001,29.129999,20.475784
2006-12-06,29.129999,28.870001,28.990000,20.377378
2006-12-07,29.070000,28.809999,28.850000,20.278965
2006-12-08,29.400000,28.799999,29.400000,20.665573
2006-12-11,29.750000,29.110001,29.540001,20.763971
2006-12-12,29.629999,29.219999,29.430000,20.686651
2006-12-13,29.600000,29.320000,29.549999,20.771013
2006-12-14,30.080000,29.520000,30.070000,21.136522
2006-12-15,30.230000,30.030001,30.190001,21.220869
2006-12-18,30.260000,29.780001,29.889999,21.009998
2006-12-19,30.170000,29.530001,29.990000,21.080290
2006-12-20,30.240000,29.969999,30.090000,21.150591
2006-12-21,30.139999,29.889999,29.980000,21.073259
2006-12-22,29.860001,29.620001,29.639999,20.834265
2006-12-26,30.000000,29.400000,29.990000,21.080290
2006-12-27,30.129999,29.910000,30.020000,21.101381
2006-12-28,30.030001,29.809999,29.980000,21.073259
2006-12-29,30.150000,29.830000,29.860001,20.988918
2007-01-03,30.250000,29.400000,29.860001,20.988918
2007-01-04,29.969999,29.440001,29.809999,20.953764
2007-01-05,29.750000,29.450001,29.639999,20.834265
2007-01-08,30.100000,29.530001,29.930000,21.038116
2007-01-09,30.180000,29.730000,29.959999,21.059202
2007-01-10,29.889999,29.430000,29.660000,20.848331
2007-01-11,30.750000,29.650000,30.700001,21.579353
2007-01-12,31.389999,30.639999,31.209999,21.937836
2007-01-16,31.450001,31.030001,31.160000,21.902693
2007-01-17,31.440001,31.010000,31.100000,21.860523
2007-01-18,31.370001,30.799999,31.000000,21.790226
2007-01-19,31.110001,30.690001,31.110001,21.867550
2007-01-22,31.120001,30.510000,30.719999,21.593410
2007-01-23,30.959999,30.520000,30.740000,21.607475
2007-01-24,31.299999,30.650000,31.090000,21.853487
2007-01-25,31.480000,30.450001,30.450001,21.403622
2007-01-26,31.230000,30.600000,30.600000,21.509062
2007-01-29,30.780001,30.340000,30.530001,21.459864
2007-01-30,30.639999,30.139999,30.480000,21.424711
2007-01-31,31.100000,30.350000,30.860001,21.691826
2007-02-01,30.940001,30.370001,30.559999,21.480944
2007-02-02,30.840000,30.129999,30.190001,21.220869
2007-02-05,30.020000,29.410000,29.610001,20.813187
2007-02-06,29.750000,29.219999,29.510000,20.742891
2007-02-07,29.700001,29.250000,29.370001,20.644491
2007-02-08,29.799999,29.200001,29.260000,20.567165
2007-02-09,29.400000,28.930000,28.980000,20.370352
2007-02-12,29.090000,28.830000,28.940001,20.342226
2007-02-13,29.200001,28.959999,29.010000,20.462139
2007-02-14,29.690001,29.150000,29.400000,20.737228
2007-02-15,29.650000,29.219999,29.459999,20.779549
2007-02-16,28.940001,28.650000,28.740000,20.271700
2007-02-20,28.860001,28.469999,28.830000,20.335180
2007-02-21,29.389999,28.740000,29.350000,20.701952
2007-02-22,29.540001,29.160000,29.389999,20.730173
2007-02-23,29.280001,28.889999,28.900000,20.384548
2007-02-26,29.090000,28.820000,29.070000,20.504461
2007-02-27,28.969999,27.790001,27.870001,19.658041
2007-02-28,28.250000,27.920000,28.170000,19.869640
2007-03-01,28.330000,27.730000,28.090000,19.813221
2007-03-02,28.160000,27.760000,27.760000,19.580460
2007-03-05,27.910000,27.410000,27.549999,19.432329
2007-03-06,27.940001,27.650000,27.830000,19.629837
2007-03-07,27.900000,27.549999,27.610001,19.474659
2007-03-08,27.850000,26.600000,27.320000,19.270111
2007-03-09,27.480000,27.030001,27.290001,19.248941
2007-03-12,27.480000,27.129999,27.440001,19.354742
2007-03-13,27.400000,26.709999,26.719999,18.846897
2007-03-14,27.400000,26.730000,27.400000,19.326529
2007-03-15,27.469999,27.200001,27.280001,19.241890
2007-03-16,27.480000,27.200001,27.330000,19.277164
2007-03-19,27.830000,27.200001,27.830000,19.629837
2007-03-20,28.160000,27.760000,27.840000,19.636887
2007-03-21,28.520000,27.559999,28.520000,20.116528
2007-03-22,28.549999,28.010000,28.270000,19.940178
2007-03-23,28.270000,27.799999,28.020000,19.763838
2007-03-26,28.219999,27.700001,28.219999,19.904909
2007-03-27,28.160000,27.650000,27.719999,19.552237
2007-03-28,28.000000,27.400000,27.639999,19.495813
2007-03-29,27.850000,27.490000,27.750000,19.573404
2007-03-30,27.950001,27.500000,27.870001,19.658041
2007-04-02,27.930000,27.559999,27.740000,19.566355
2007-04-03,28.059999,27.750000,27.870001,19.658041
2007-04-04,28.780001,27.900000,28.500000,20.102411
2007-04-05,28.650000,28.299999,28.549999,20.137688
2007-04-09,28.719999,28.389999,28.570000,20.151787
2007-04-10,28.639999,28.219999,28.400000,20.031878
2007-04-11,28.570000,27.990000,28.110001,19.827324
2007-04-12,28.620001,28.040001,28.540001,20.130629
2007-04-13,28.700001,28.100000,28.610001,20.180004
2007-04-16,28.750000,28.209999,28.730000,20.264645
2007-04-17,28.889999,28.559999,28.850000,20.349281
2007-04-18,28.670000,28.360001,28.600000,20.172943
2007-04-19,28.889999,28.260000,28.690001,20.236427
2007-04-20,29.100000,28.700001,29.020000,20.469194
2007-04-23,28.990000,28.670000,28.780001,20.299911
2007-04-24,28.959999,28.590000,28.790001,20.306965
2007-04-25,29.000000,28.690001,28.990000,20.448034
2007-04-26,29.350000,28.910000,29.100000,20.525627
2007-04-27,30.740000,30.000000,30.120001,21.245079
2007-04-30,30.370001,29.940001,29.940001,21.118122
2007-05-01,30.420000,29.900000,30.400000,21.442577
2007-05-02,30.690001,30.299999,30.610001,21.590700
2007-05-03,31.000000,30.530001,30.969999,21.844625
2007-05-04,30.700001,30.290001,30.559999,21.555429
2007-05-07,30.760000,30.480000,30.709999,21.661224
2007-05-08,30.940001,30.580000,30.750000,21.689447
2007-05-09,30.930000,30.570000,30.780001,21.710615
2007-05-10,30.930000,30.530001,30.580000,21.569529
2007-05-11,30.980000,30.549999,30.889999,21.788193
2007-05-14,30.990000,30.809999,30.969999,21.844625
2007-05-15,31.090000,30.840000,30.900000,21.865849
2007-05-16,31.090000,30.809999,31.070000,21.986145
2007-05-17,31.139999,30.959999,30.980000,21.922462
2007-05-18,30.990000,30.580000,30.830000,21.816319
2007-05-21,31.160000,30.730000,31.049999,21.971998
2007-05-22,30.930000,30.660000,30.690001,21.717247
2007-05-23,30.840000,30.570000,30.580000,21.639400
2007-05-24,30.799999,29.959999,30.170000,21.349279
2007-05-25,30.660000,30.180000,30.480000,21.568644
2007-05-29,30.830000,30.389999,30.790001,21.788015
2007-05-30,31.129999,30.510000,31.110001,22.014456
2007-05-31,31.160000,30.610001,30.690001,21.717247
2007-06-01,30.900000,30.549999,30.590000,21.646490
2007-06-04,30.760000,30.400000,30.719999,21.738480
2007-06-05,30.629999,30.330000,30.580000,21.639400
2007-06-06,30.530001,30.250000,30.290001,21.434202
2007-06-07,30.290001,29.590000,29.620001,20.960083
2007-06-08,30.059999,29.410000,30.049999,21.264366
2007-06-11,30.250000,29.930000,30.020000,21.243139
2007-06-12,30.240000,29.770000,29.850000,21.122837
2007-06-13,30.410000,29.850000,30.389999,21.504951
2007-06-14,30.709999,30.299999,30.520000,21.596949
2007-06-15,30.879999,30.430000,30.490000,21.575720
2007-06-18,30.719999,30.420000,30.510000,21.589872
2007-06-19,30.660000,30.379999,30.459999,21.554497
2007-06-20,30.510000,29.959999,30.010000,21.236057
2007-06-21,30.299999,29.910000,30.219999,21.384659
2007-06-22,30.100000,29.450001,29.490000,20.868090
2007-06-25,29.770000,29.379999,29.490000,20.868090
2007-06-26,29.799999,29.500000,29.520000,20.889320
2007-06-27,29.950001,29.360001,29.870001,21.136984
2007-06-28,29.969999,29.680000,29.830000,21.108681
2007-06-29,29.930000,29.040001,29.469999,20.853937
2007-07-02,29.799999,29.490000,29.740000,21.044994
2007-07-03,30.219999,29.780001,30.020000,21.243139
2007-07-05,30.219999,29.830000,29.990000,21.221909
2007-07-06,30.040001,29.660000,29.969999,21.207756
2007-07-09,29.950001,29.809999,29.870001,21.136984
2007-07-10,29.990000,29.180000,29.330000,20.754868
2007-07-11,29.650000,29.209999,29.490000,20.868090
2007-07-12,30.110001,29.440001,30.070000,21.278522
2007-07-13,30.020000,29.660000,29.820000,21.101608
2007-07-16,30.240000,29.719999,30.030001,21.250214
2007-07-17,30.879999,30.010000,30.780001,21.780941
2007-07-18,30.969999,30.500000,30.920000,21.880005
2007-07-19,31.840000,30.930000,31.510000,22.297506
2007-07-20,31.200001,30.790001,31.160000,22.049835
2007-07-23,31.520000,31.120001,31.190001,22.071060
2007-07-24,31.480000,30.709999,30.799999,21.795088
2007-07-25,31.299999,30.370001,30.709999,21.731392
2007-07-26,30.530001,29.510000,29.980000,21.214827
2007-07-27,30.000000,29.360001,29.389999,20.797325
2007-07-30,29.490000,28.950001,29.400000,20.804401
2007-07-31,29.719999,28.980000,28.990000,20.514273
2007-08-01,29.549999,28.820000,29.299999,20.733644
2007-08-02,29.790001,29.020000,29.520000,20.889320
2007-08-03,29.780001,28.900000,28.959999,20.493048
2007-08-06,29.540001,28.750000,29.540001,20.903469
2007-08-07,29.790001,29.049999,29.549999,20.910549
2007-08-08,30.010000,29.209999,30.000000,21.228985
2007-08-09,30.100000,28.920000,29.299999,20.733644
2007-08-10,29.049999,28.260000,28.709999,20.316130
2007-08-13,28.990000,28.440001,28.629999,20.259514
2007-08-14,28.889999,28.200001,28.270000,20.074890
2007-08-15,28.990000,28.049999,28.100000,19.954180
2007-08-16,28.350000,27.510000,27.809999,19.748238
2007-08-17,28.250000,27.820000,28.250000,20.060692
2007-08-20,28.490000,28.080000,28.260000,20.067795
2007-08-21,28.320000,27.870001,28.070000,19.932875
2007-08-22,28.320000,28.010000,28.219999,20.039387
2007-08-23,28.330000,28.100000,28.299999,20.096201
2007-08-24,28.840000,28.070000,28.809999,20.458359
2007-08-27,28.770000,28.400000,28.490000,20.231117
2007-08-28,28.490000,27.910000,27.930000,19.833454
2007-08-29,28.610001,27.820000,28.590000,20.302128
2007-08-30,28.930000,28.320000,28.450001,20.202717
2007-08-31,28.920000,28.360001,28.730000,20.401548
2007-09-04,29.100000,28.480000,28.809999,20.458359
2007-09-05,28.730000,28.420000,28.480000,20.224016
2007-09-06,29.010000,28.549999,28.910000,20.529367
2007-09-07,28.830000,28.320000,28.440001,20.195620
2007-09-10,28.750000,28.410000,28.480000,20.224016
2007-09-11,28.950001,28.580000,28.930000,20.543577
2007-09-12,29.170000,28.799999,28.930000,20.543577
2007-09-13,29.260000,28.959999,29.160000,20.706892
2007-09-14,29.110001,28.879999,29.040001,20.621685
2007-09-17,28.879999,28.620001,28.730000,20.401548
2007-09-18,28.969999,28.270000,28.930000,20.543577
2007-09-19,28.910000,28.299999,28.670000,20.358938
2007-09-20,28.580000,28.340000,28.420000,20.181414
2007-09-21,28.809999,28.440001,28.650000,20.344738
2007-09-24,29.610001,28.799999,29.080000,20.650089
2007-09-25,29.559999,29.110001,29.559999,20.990946
2007-09-26,29.850000,29.480000,29.500000,20.948334
2007-09-27,29.719999,29.440001,29.490000,20.941233
2007-09-28,29.690001,29.230000,29.459999,20.919930
2007-10-01,29.790001,29.410000,29.770000,21.140066
2007-10-02,29.850000,29.570000,29.700001,21.090357
2007-10-03,29.850000,29.290001,29.450001,20.912821
2007-10-04,29.770000,29.440001,29.709999,21.097464
2007-10-05,29.990000,29.730000,29.840000,21.189774
2007-10-08,29.850000,29.600000,29.840000,21.189774
2007-10-09,30.389999,30.000000,30.100000,21.374401
2007-10-10,30.370001,30.030001,30.230000,21.466713
2007-10-11,30.629999,29.790001,29.910000,21.239483
2007-10-12,30.400000,29.950001,30.170000,21.424110
2007-10-15,30.330000,30.000000,30.040001,21.331802
2007-10-16,30.580000,30.230000,30.320000,21.530622
2007-10-17,31.230000,30.650000,31.080000,22.070316
2007-10-18,31.230000,30.629999,31.160000,22.127123
2007-10-19,31.090000,30.110001,30.170000,21.424110
2007-10-22,30.700001,30.120001,30.510000,21.665543
2007-10-23,31.120001,30.709999,30.900000,21.942497
2007-10-24,31.299999,30.500000,31.250000,22.191025
2007-10-25,32.220001,31.490000,31.990000,22.716513
2007-10-26,36.029999,34.560001,35.029999,24.875252
2007-10-29,35.290001,34.450001,34.570000,24.548601
2007-10-30,35.590000,34.349998,35.570000,25.258720
2007-10-31,37.000000,35.509998,36.810001,26.139259
2007-11-01,37.490002,36.360001,37.060001,26.316793
2007-11-02,37.500000,36.419998,37.060001,26.316793
2007-11-05,37.099998,36.630001,36.730000,26.082451
2007-11-06,36.660000,35.869999,36.410000,25.855204
2007-11-07,36.160000,35.450001,35.520000,25.223223
2007-11-08,35.900002,34.400002,34.740002,24.669323
2007-11-09,34.540001,33.650002,33.730000,23.952110
2007-11-12,33.709999,33.020000,33.380001,23.703571
2007-11-13,34.669998,33.380001,34.459999,24.551399
2007-11-14,34.750000,33.750000,33.930000,24.173790
2007-11-15,34.099998,33.549999,33.759998,24.052670
2007-11-16,34.259998,33.709999,34.090000,24.287796
2007-11-19,34.240002,33.869999,33.959999,24.195181
2007-11-20,34.970001,34.099998,34.580002,24.636896
2007-11-21,34.730000,34.180000,34.230000,24.387541
2007-11-23,34.439999,33.709999,34.110001,24.302038
2007-11-26,34.369999,32.930000,32.970001,23.489830
2007-11-27,33.599998,32.680000,33.060001,23.553951
2007-11-28,33.889999,32.900002,33.700001,24.009930
2007-11-29,33.930000,33.310001,33.590000,23.931555
2007-11-30,34.119999,33.189999,33.599998,23.938688
2007-12-03,33.639999,32.680000,32.919998,23.454210
2007-12-04,33.240002,32.630001,32.770000,23.347340
2007-12-05,34.520000,33.029999,34.150002,24.330532
2007-12-06,34.610001,33.869999,34.549999,24.615519
2007-12-07,34.700001,34.220001,34.529999,24.601273
2007-12-10,34.950001,34.470001,34.759998,24.765146
2007-12-11,34.990002,33.930000,34.099998,24.294909
2007-12-12,35.090000,33.930000,34.470001,24.558527
2007-12-13,35.450001,34.279999,35.220001,25.092865
2007-12-14,35.840000,35.009998,35.310001,25.156998
2007-12-17,35.130001,34.360001,34.389999,24.501532
2007-12-18,35.000000,34.209999,34.740002,24.750891
2007-12-19,35.139999,34.380001,34.790001,24.786522
2007-12-20,35.790001,35.080002,35.520000,25.306610
2007-12-21,36.060001,35.750000,36.060001,25.691349
2007-12-24,36.720001,36.049999,36.580002,26.061821
2007-12-26,36.639999,36.259998,36.610001,26.083179
2007-12-27,36.549999,35.939999,35.970001,25.627209
2007-12-28,36.230000,35.669998,36.119999,25.734079
2007-12-31,35.990002,35.520000,35.599998,25.363609
2008-01-02,35.959999,35.000000,35.220001,25.092865
2008-01-03,35.650002,34.860001,35.369999,25.199738
2008-01-04,35.200001,34.090000,34.380001,24.494402
2008-01-07,34.799999,34.250000,34.610001,24.658272
2008-01-08,34.709999,33.400002,33.450001,23.831820
2008-01-09,34.540001,33.349998,34.439999,24.537153
2008-01-10,34.500000,33.779999,34.330002,24.458775
2008-01-11,34.240002,33.720001,33.910000,24.159536
2008-01-14,34.570000,34.080002,34.389999,24.501532
2008-01-15,34.380001,34.000000,34.000000,24.223665
2008-01-16,33.650002,32.509998,33.230000,23.675070
2008-01-17,33.799999,32.970001,33.110001,23.589579
2008-01-18,34.000000,32.970001,33.009998,23.518332
2008-01-22,32.529999,31.500000,31.959999,22.770247
2008-01-23,32.049999,31.040001,31.930000,22.748873
2008-01-24,33.360001,32.119999,33.250000,23.689323
2008-01-25,35.000000,32.869999,32.939999,23.468460
2008-01-28,33.099998,32.419998,32.720001,23.311714
2008-01-29,32.889999,32.349998,32.599998,23.226225
2008-01-30,32.799999,32.049999,32.200001,22.941248
2008-01-31,32.740002,31.719999,32.599998,23.226225
2008-02-01,33.250000,30.250000,30.450001,21.694427
2008-02-04,30.719999,30.110001,30.190001,21.509195
2008-02-05,29.940001,28.889999,29.070000,20.711237
2008-02-06,29.350000,28.290001,28.520000,20.319389
2008-02-07,28.780001,27.900000,28.120001,20.034401
2008-02-08,29.080000,28.240000,28.559999,20.347883
2008-02-11,28.610001,27.910000,28.209999,20.098516
2008-02-12,28.620001,28.110001,28.340000,20.191135
2008-02-13,29.049999,28.530001,28.959999,20.632872
2008-02-14,29.040001,28.459999,28.500000,20.305134
2008-02-15,28.639999,28.250000,28.420000,20.248138
2008-02-19,28.840000,28.070000,28.170000,20.148008
2008-02-20,28.260000,27.920000,28.219999,20.183764
2008-02-21,28.959999,27.959999,28.100000,20.097937
2008-02-22,28.389999,27.200001,27.680000,19.797544
2008-02-25,28.240000,27.480000,27.840000,19.911983
2008-02-26,28.860001,27.670000,28.379999,20.298199
2008-02-27,28.680000,28.100000,28.260000,20.212374
2008-02-28,28.270000,27.799999,27.930000,19.976347
2008-02-29,27.830000,27.020000,27.200001,19.454229
2008-03-03,27.389999,26.870001,26.990000,19.304028
2008-03-04,27.629999,26.959999,27.590000,19.733171
2008-03-05,28.410000,27.700001,28.120001,20.112253
2008-03-06,28.170000,27.500000,27.570000,19.718872
2008-03-07,28.070000,27.320000,27.870001,19.933441
2008-03-10,28.260000,27.750000,28.049999,20.062168
2008-03-11,29.340000,28.379999,29.280001,20.941910
2008-03-12,29.490000,28.540001,28.629999,20.477011
2008-03-13,28.990000,28.160000,28.620001,20.469858
2008-03-14,29.010000,27.639999,27.959999,19.997810
2008-03-17,28.730000,27.280001,28.299999,20.240976
2008-03-18,29.480000,28.670000,29.420000,21.042036
2008-03-19,29.590000,28.620001,28.620001,20.469858
2008-03-20,29.219999,28.590000,29.180000,20.870382
2008-03-24,29.400000,29.059999,29.170000,20.863245
2008-03-25,29.370001,28.940001,29.139999,20.841780
2008-03-26,29.070000,28.379999,28.559999,20.426947
2008-03-27,28.490000,28.000000,28.049999,20.062168
2008-03-28,28.430000,27.830000,27.910000,19.962042
2008-03-31,28.590000,27.840000,28.379999,20.298199
2008-04-01,29.540001,28.629999,29.500000,21.099257
2008-04-02,29.580000,29.000000,29.160000,20.856079
2008-04-03,29.320000,28.799999,29.000000,20.741650
2008-04-04,29.260000,28.740000,29.160000,20.856079
2008-04-07,29.590000,29.030001,29.160000,20.856079
2008-04-08,29.000000,28.540001,28.750000,20.562834
2008-04-09,29.040001,28.540001,28.889999,20.662973
2008-04-10,29.400000,28.799999,29.110001,20.820320
2008-04-11,29.010000,28.209999,28.280001,20.226685
2008-04-14,28.309999,27.930000,28.059999,20.069330
2008-04-15,28.480000,28.030001,28.250000,20.205215
2008-04-16,29.049999,28.379999,28.950001,20.705881
2008-04-17,29.340000,28.900000,29.219999,20.898991
2008-04-18,30.100000,29.610001,30.000000,21.456875
2008-04-21,30.600000,30.120001,30.420000,21.757277
2008-04-22,30.700001,29.969999,30.250000,21.635681
2008-04-23,31.459999,30.299999,31.450001,22.493956
2008-04-24,32.099998,31.160000,31.799999,22.744282
2008-04-25,30.389999,29.600000,29.830000,21.335287
2008-04-28,29.840000,28.820000,28.990000,20.734493
2008-04-29,28.900000,28.450001,28.639999,20.484165
2008-04-30,29.209999,28.510000,28.520000,20.398336
2008-05-01,29.490000,28.480000,29.400000,21.027739
2008-05-02,29.620001,28.860001,29.240000,20.913298
2008-05-05,30.230000,28.990000,29.080000,20.798862
2008-05-06,29.860001,28.930000,29.700001,21.242306
2008-05-07,30.139999,29.080000,29.209999,20.891836
2008-05-08,29.389999,29.000000,29.270000,20.934763
2008-05-09,29.549999,28.950001,29.389999,21.020578
2008-05-12,30.059999,29.350000,29.990000,21.449724
2008-05-13,30.129999,29.530001,29.780001,21.377934
2008-05-14,30.260000,29.730000,29.930000,21.485617
2008-05-15,30.530001,29.940001,30.450001,21.858906
2008-05-16,30.480000,29.920000,29.990000,21.528688
2008-05-19,29.889999,29.309999,29.459999,21.148222
2008-05-20,29.309999,28.629999,28.760000,20.645718
2008-05-21,29.049999,28.190001,28.250000,20.279604
2008-05-22,28.700001,28.180000,28.469999,20.437536
2008-05-23,28.330000,27.950001,28.049999,20.136028
2008-05-27,28.500000,28.049999,28.440001,20.416008
2008-05-28,28.570000,28.040001,28.180000,20.229355
2008-05-29,28.680000,28.139999,28.309999,20.322676
2008-05-30,28.700001,28.200001,28.320000,20.329863
2008-06-02,28.360001,27.549999,27.799999,19.956572
2008-06-03,28.309999,27.270000,27.309999,19.604822
2008-06-04,27.639999,27.200001,27.540001,19.769922
2008-06-05,28.299999,27.600000,28.299999,20.315493
2008-06-06,28.170000,27.490000,27.490000,19.734037
2008-06-09,27.910000,27.299999,27.709999,19.891972
2008-06-10,28.290001,27.320000,27.889999,20.021172
2008-06-11,27.940001,27.110001,27.120001,19.468418
2008-06-12,28.549999,27.190001,28.240000,20.272427
2008-06-13,29.570000,28.500000,29.070000,20.868254
2008-06-16,29.110001,28.639999,28.930000,20.767748
2008-06-17,29.120001,28.790001,28.799999,20.674429
2008-06-18,28.860001,28.459999,28.459999,20.430357
2008-06-19,29.190001,28.330000,28.930000,20.767748
2008-06-20,28.920000,28.100000,28.230000,20.265247
2008-06-23,28.410000,27.790001,27.969999,20.078602
2008-06-24,28.010000,27.510000,27.730000,19.906324
2008-06-25,28.670000,27.760000,28.350000,20.351397
2008-06-26,28.200001,27.750000,27.750000,19.920673
2008-06-27,27.910000,27.459999,27.629999,19.834532
2008-06-30,27.980000,27.490000,27.510000,19.748390
2008-07-01,27.379999,26.440001,26.870001,19.288960
2008-07-02,27.000000,25.879999,25.879999,18.578272
2008-07-03,26.100000,25.600000,25.980000,18.650055
2008-07-07,26.389999,25.450001,26.030001,18.685949
2008-07-08,26.200001,25.510000,25.850000,18.556734
2008-07-09,25.850000,25.180000,25.230000,18.111662
2008-07-10,25.670000,24.980000,25.450001,18.269598
2008-07-11,25.639999,24.870001,25.250000,18.126020
2008-07-14,25.809999,25.070000,25.150000,18.054234
2008-07-15,26.639999,24.930000,26.150000,18.772102
2008-07-16,27.290001,25.920000,27.260000,19.568916
2008-07-17,27.910000,27.110001,27.520000,19.755564
2008-07-18,26.469999,25.110001,25.860001,18.563917
2008-07-21,26.170000,25.530001,25.639999,18.405979
2008-07-22,25.940001,25.480000,25.799999,18.520842
2008-07-23,26.840000,25.850000,26.430000,18.973104
2008-07-24,26.170000,25.440001,25.440001,18.262415
2008-07-25,26.219999,25.500000,26.160000,18.779266
2008-07-28,26.110001,25.340000,25.500000,18.305481
2008-07-29,26.190001,25.400000,26.110001,18.743378
2008-07-30,26.490000,25.900000,26.230000,18.829529
2008-07-31,26.280001,25.709999,25.719999,18.463409
2008-08-01,25.950001,25.070000,25.440001,18.262415
2008-08-04,25.549999,25.110001,25.280001,18.147558
2008-08-05,26.280001,25.500000,26.209999,18.815170
2008-08-06,27.160000,26.379999,27.020000,19.396635
2008-08-07,27.750000,26.730000,27.389999,19.662247
2008-08-08,28.230000,27.190001,28.129999,20.193459
2008-08-11,28.400000,27.660000,27.900000,20.028351
2008-08-12,28.360001,27.580000,28.120001,20.186287
2008-08-13,28.500000,27.760000,27.910000,20.035538
2008-08-14,28.280001,27.559999,27.910000,20.035538
2008-08-15,28.150000,27.580000,27.809999,19.963747
2008-08-18,28.049999,27.549999,27.690001,19.877602
2008-08-19,27.750000,27.270000,27.320000,19.690216
2008-08-20,27.580000,27.170000,27.290001,19.668591
2008-08-21,27.230000,26.860001,27.180000,19.589312
2008-08-22,27.879999,27.219999,27.840000,20.065001
2008-08-25,27.840000,27.459999,27.660000,19.935263
2008-08-26,27.719999,27.170000,27.270000,19.654182
2008-08-27,27.790001,27.129999,27.559999,19.863186
2008-08-28,28.010000,27.600000,27.940001,20.137068
2008-08-29,27.780001,27.290001,27.290001,19.668591
2008-09-02,27.760000,27.059999,27.100000,19.531656
2008-09-03,27.180000,26.840000,26.900000,19.387505
2008-09-04,26.889999,26.350000,26.350000,18.991112
2008-09-05,26.219999,25.629999,25.650000,18.486603
2008-09-08,26.330000,25.670000,26.120001,18.825348
2008-09-09,26.600000,26.049999,26.100000,18.810934
2008-09-10,26.860001,26.250000,26.440001,19.055973
2008-09-11,27.459999,26.030001,27.340000,19.704617
2008-09-12,27.740000,26.940001,27.620001,19.906427
2008-09-15,27.490000,26.730000,26.820000,19.329855
2008-09-16,26.490000,25.520000,25.990000,18.731649
2008-09-17,25.870001,24.500000,24.570000,17.708221
2008-09-18,25.350000,24.010000,25.260000,18.205528
2008-09-19,26.400000,23.500000,25.160000,18.133450
2008-09-22,26.320000,25.320000,25.400000,18.306423
2008-09-23,26.170000,25.340000,25.440001,18.335253
2008-09-24,26.090000,25.459999,25.719999,18.537048
2008-09-25,26.879999,25.740000,26.610001,19.178493
2008-09-26,27.559999,26.139999,27.400000,19.747871
2008-09-29,27.660000,25.010000,25.010000,18.025345
2008-09-30,26.690001,25.540001,26.690001,19.236151
2008-10-01,26.990000,26.280001,26.480000,19.084810
2008-10-02,26.530001,25.700001,26.250000,18.919041
2008-10-03,27.469999,26.240000,26.320000,18.969490
2008-10-06,25.990000,24.139999,24.910000,17.953268
2008-10-07,25.209999,23.139999,23.230000,16.742456
2008-10-08,24.299999,22.500000,23.010000,16.583889
2008-10-09,23.910000,22.070000,22.299999,16.072176
2008-10-10,22.350000,20.650000,21.500000,15.495597
2008-10-13,25.500000,22.629999,25.500000,18.378489
2008-10-14,25.730000,23.600000,24.100000,17.369478
2008-10-15,24.250000,22.480000,22.660000,16.331640
2008-10-16,24.190001,21.309999,24.190001,17.434343
2008-10-17,25.110001,23.309999,23.930000,17.246958
2008-10-20,24.750000,23.010000,24.719999,17.816328
2008-10-21,25.010000,23.270000,23.360001,16.836143
2008-10-22,23.059999,20.900000,21.530001,15.517213
2008-10-23,22.590000,20.889999,22.320000,16.086594
2008-10-24,22.860001,20.950001,21.959999,15.827125
2008-10-27,21.959999,21.020000,21.180000,15.264968
2008-10-28,23.209999,21.340000,23.100000,16.648748
2008-10-29,23.969999,22.700001,23.000000,16.576689
2008-10-30,23.879999,22.389999,22.629999,16.310020
2008-10-31,22.910000,22.120001,22.330000,16.093796
2008-11-03,22.910000,22.209999,22.620001,16.302803
2008-11-04,23.660000,22.870001,23.530001,16.958672
2008-11-05,23.340000,22.049999,22.080000,15.913616
2008-11-06,22.080000,20.860001,20.879999,15.048739
2008-11-07,21.540001,21.000000,21.500000,15.495597
2008-11-10,21.969999,21.190001,21.299999,15.351449
2008-11-11,21.299999,20.790001,21.200001,15.279376
2008-11-12,21.000000,20.280001,20.299999,14.630724
2008-11-13,21.250000,18.740000,21.250000,15.315419
2008-11-14,21.340000,19.650000,20.059999,14.457749
2008-11-17,20.240000,19.150000,19.320000,13.924414
2008-11-18,19.660000,18.750000,19.620001,14.236426
2008-11-19,19.950001,18.250000,18.290001,13.271364
2008-11-20,18.840000,17.500000,17.530001,12.719905
2008-11-21,19.700001,17.980000,19.680000,14.279958
2008-11-24,20.940001,19.870001,20.690001,15.012831
2008-11-25,20.930000,19.549999,19.990000,14.504903
2008-11-26,20.680000,19.730000,20.490000,14.867700
2008-11-28,20.309999,20.020000,20.219999,14.671786
2008-12-01,19.950001,18.600000,18.610001,13.503556
2008-12-02,19.309999,18.559999,19.150000,13.895388
2008-12-03,19.900000,18.600000,19.870001,14.417828
2008-12-04,19.920000,18.790001,19.110001,13.866365
2008-12-05,19.980000,18.469999,19.870001,14.417828
2008-12-08,21.250000,20.139999,21.010000,15.245014
2008-12-09,21.250000,20.459999,20.600000,14.947515
2008-12-10,20.959999,20.299999,20.610001,14.954769
2008-12-11,20.120001,19.309999,19.450001,14.113073
2008-12-12,19.850000,18.700001,19.360001,14.047762
2008-12-15,19.440001,18.889999,19.040001,13.815571
2008-12-16,20.180000,19.000000,20.110001,14.591976
2008-12-17,20.049999,19.500000,19.660000,14.265444
2008-12-18,20.020000,18.990000,19.299999,14.004226
2008-12-19,19.799999,19.110001,19.120001,13.873620
2008-12-22,19.290001,18.889999,19.180000,13.917156
2008-12-23,19.570000,19.010000,19.280001,13.989718
2008-12-24,19.450001,19.100000,19.170000,13.909904
2008-12-26,19.330000,19.090000,19.129999,13.880881
2008-12-29,19.209999,18.639999,18.959999,13.757525
2008-12-30,19.490000,19.000000,19.340000,14.033253
2008-12-31,19.680000,19.270000,19.440001,14.105814
2009-01-02,20.400000,19.370001,20.330000,14.751606
2009-01-05,20.670000,20.059999,20.520000,14.889468
2009-01-06,21.000000,20.610001,20.760000,15.063615
2009-01-07,20.290001,19.480000,19.510000,14.156606
2009-01-08,20.190001,19.549999,20.120001,14.599218
2009-01-09,20.299999,19.410000,19.520000,14.163865
2009-01-12,19.790001,19.299999,19.469999,14.127584
2009-01-13,19.990000,19.520000,19.820000,14.381549
2009-01-14,19.680000,19.010000,19.090000,13.851853
2009-01-15,19.299999,18.520000,19.240000,13.960688
2009-01-16,19.910000,19.150000,19.709999,14.301724
2009-01-20,19.620001,18.370001,18.480000,13.409225
2009-01-21,19.450001,18.459999,19.379999,14.062280
2009-01-22,18.180000,17.070000,17.110001,12.415143
2009-01-23,17.490000,16.750000,17.200001,12.480455
2009-01-26,17.809999,17.230000,17.629999,12.792459
2009-01-27,17.969999,17.430000,17.660000,12.814235
2009-01-28,18.309999,17.760000,18.040001,13.089964
2009-01-29,17.959999,17.559999,17.590000,12.763442
2009-01-30,17.790001,17.100000,17.100000,12.407896
2009-02-02,18.129999,17.000000,17.830000,12.937588
2009-02-03,18.610001,17.600000,18.500000,13.423740
2009-02-04,19.000000,18.500000,18.629999,13.518076
2009-02-05,19.139999,18.250000,19.040001,13.815571
2009-02-06,19.930000,19.059999,19.660000,14.265444
2009-02-09,19.770000,19.260000,19.440001,14.105814
2009-02-10,19.799999,18.700001,18.799999,13.641424
2009-02-11,19.490000,18.920000,19.209999,13.938923
2009-02-12,19.320000,18.540001,19.260000,13.975205
2009-02-13,19.469999,19.040001,19.090000,13.851853
2009-02-17,18.500000,17.889999,18.090000,13.216246
2009-02-18,18.450001,18.000000,18.120001,13.238160
2009-02-19,18.379999,17.809999,17.910000,13.084740
2009-02-20,18.190001,17.660000,18.000000,13.150497
2009-02-23,18.150000,17.160000,17.209999,12.573331
2009-02-24,17.350000,16.360001,17.170000,12.544107
2009-02-25,17.240000,16.459999,16.959999,12.390682
2009-02-26,17.080000,16.420000,16.420000,11.996168
2009-02-27,16.520000,16.100000,16.150000,11.798914
2009-03-02,16.250000,15.720000,15.790000,11.535907
2009-03-03,16.240000,15.640000,15.880000,11.601660
2009-03-04,16.400000,15.890000,16.120001,11.776994
2009-03-05,15.880000,15.270000,15.270000,11.156000
2009-03-06,15.620000,14.870000,15.280000,11.163302
2009-03-09,15.740000,15.100000,15.150000,11.068332
2009-03-10,16.620001,15.250000,16.480000,12.040008
2009-03-11,17.200001,16.430000,17.110001,12.500269
2009-03-12,17.040001,16.480000,17.010000,12.427211
2009-03-13,17.049999,16.180000,16.650000,12.164203
2009-03-16,16.959999,16.240000,16.250000,11.871972
2009-03-17,16.900000,16.260000,16.900000,12.346853
2009-03-18,17.219999,16.600000,16.959999,12.390682
2009-03-19,17.450001,16.920000,17.139999,12.522194
2009-03-20,17.650000,16.879999,17.059999,12.463748
2009-03-23,18.590000,17.309999,18.330000,13.391591
2009-03-24,18.209999,17.840000,17.930000,13.099355
2009-03-25,18.309999,17.520000,17.879999,13.062821
2009-03-26,18.879999,18.120001,18.830000,13.756875
2009-03-27,18.620001,18.049999,18.129999,13.245463
2009-03-30,17.760000,17.270000,17.480000,12.770586
2009-03-31,18.790001,17.780001,18.370001,13.420807
2009-04-01,19.360001,18.180000,19.309999,14.107557
2009-04-02,19.889999,19.000000,19.290001,14.092955
2009-04-03,19.150000,18.430000,18.750000,13.698429
2009-04-06,18.760000,18.270000,18.760000,13.705729
2009-04-07,19.139999,18.629999,18.760000,13.705729
2009-04-08,19.620001,18.959999,19.190001,14.019888
2009-04-09,19.700001,19.219999,19.670000,14.370564
2009-04-13,19.850000,19.370001,19.590000,14.312118
2009-04-14,19.549999,19.000000,19.350000,14.136780
2009-04-15,19.250000,18.510000,18.830000,13.756875
2009-04-16,19.780001,18.990000,19.760000,14.436314
2009-04-17,19.690001,19.000000,19.200001,14.027192
2009-04-20,18.950001,18.570000,18.610001,13.596143
2009-04-21,19.080000,18.570000,18.969999,13.859159
2009-04-22,19.190001,18.700001,18.780001,13.720344
2009-04-23,18.940001,18.469999,18.920000,13.822628
2009-04-24,21.200001,19.500000,20.910000,15.276494
2009-04-27,20.820000,20.280001,20.400000,14.903890
2009-04-28,20.270000,19.790001,19.930000,14.560518
2009-04-29,20.889999,20.059999,20.250000,14.794308
2009-04-30,21.100000,20.010000,20.260000,14.801608
2009-05-01,20.350000,19.860001,20.240000,14.786988
2009-05-04,20.400000,19.980000,20.190001,14.750471
2009-05-05,20.240000,19.639999,19.790001,14.458239
2009-05-06,20.070000,19.610001,19.790001,14.458239
2009-05-07,19.990000,19.139999,19.320000,14.114861
2009-05-08,19.639999,19.139999,19.420000,14.187918
2009-05-11,19.730000,19.010000,19.320000,14.114861
2009-05-12,20.059999,19.469999,19.889999,14.531292
2009-05-13,20.000000,19.670000,19.750000,14.429015
2009-05-14,20.230000,19.799999,20.059999,14.655496
2009-05-15,20.500000,19.980000,20.219999,14.772385
2009-05-18,20.600000,20.240000,20.600000,15.050002
2009-05-19,20.740000,20.250000,20.309999,14.932369
2009-05-20,20.690001,20.219999,20.379999,14.983837
2009-05-21,20.230000,19.510000,19.820000,14.572117
2009-05-22,20.170000,19.469999,19.750000,14.520641
2009-05-26,20.450001,19.450001,20.340000,14.954420
2009-05-27,20.600000,20.070000,20.129999,14.800033
2009-05-28,20.629999,20.049999,20.450001,15.035304
2009-05-29,20.940001,20.299999,20.889999,15.358798
2009-06-01,21.500000,20.860001,21.400000,15.733763
2009-06-02,21.980000,21.200001,21.400000,15.733763
2009-06-03,21.760000,21.290001,21.730000,15.976382
2009-06-04,21.900000,21.580000,21.830000,16.049910
2009-06-05,22.309999,21.809999,22.139999,16.277826
2009-06-08,22.320000,21.629999,22.049999,16.211658
2009-06-09,22.320000,21.879999,22.080000,16.233711
2009-06-10,22.620001,22.120001,22.549999,16.579269
2009-06-11,23.260000,22.570000,22.830000,16.785131
2009-06-12,23.379999,22.740000,23.330000,17.152744
2009-06-15,23.540001,23.020000,23.420000,17.218914
2009-06-16,24.110001,23.440001,23.450001,17.240974
2009-06-17,23.820000,23.170000,23.680000,17.410074
2009-06-18,23.690001,23.299999,23.500000,17.277735
2009-06-19,24.340000,23.750000,24.070000,17.696810
2009-06-22,23.950001,23.250000,23.280001,17.115986
2009-06-23,23.660000,23.209999,23.340000,17.160099
2009-06-24,23.750000,23.360001,23.469999,17.255678
2009-06-25,23.920000,23.200001,23.790001,17.490950
2009-06-26,23.690001,23.320000,23.350000,17.167448
2009-06-29,24.030001,23.549999,23.860001,17.542414
2009-06-30,24.240000,23.629999,23.770000,17.476248
2009-07-01,24.299999,23.959999,24.040001,17.674749
2009-07-02,24.040001,23.209999,23.370001,17.182152
2009-07-06,23.280001,22.870001,23.200001,17.057171
2009-07-07,23.139999,22.459999,22.530001,16.564562
2009-07-08,22.690001,22.000000,22.559999,16.586620
2009-07-09,22.809999,22.370001,22.440001,16.498392
2009-07-10,22.540001,22.150000,22.389999,16.461636
2009-07-13,23.290001,22.139999,23.230000,17.079218
2009-07-14,23.219999,22.860001,23.110001,16.990992
2009-07-15,24.120001,23.559999,24.120001,17.733574
2009-07-16,24.440001,23.860001,24.440001,17.968840
2009-07-17,24.450001,24.100000,24.290001,17.858555
2009-07-20,24.530001,24.150000,24.530001,18.035011
2009-07-21,24.830000,24.370001,24.830000,18.255579
2009-07-22,24.900000,24.510000,24.799999,18.233524
2009-07-23,25.719999,24.840000,25.559999,18.792297
2009-07-24,23.889999,22.809999,23.450001,17.240974
2009-07-27,23.450001,22.900000,23.110001,16.990992
2009-07-28,23.549999,22.900000,23.469999,17.255678
2009-07-29,23.910000,23.340000,23.799999,17.498304
2009-07-30,24.430000,23.709999,23.809999,17.505648
2009-07-31,24.070000,23.500000,23.520000,17.292440
2009-08-03,23.860001,23.500000,23.830000,17.520361
2009-08-04,23.790001,23.530001,23.770000,17.476248
2009-08-05,24.250000,23.790001,23.809999,17.505648
2009-08-06,23.980000,23.270000,23.459999,17.248323
2009-08-07,23.820000,23.500000,23.559999,17.321840
2009-08-10,23.549999,23.299999,23.420000,17.218914
2009-08-11,23.400000,23.049999,23.129999,17.005699
2009-08-12,23.900000,23.030001,23.530001,17.299786
2009-08-13,23.850000,23.400000,23.620001,17.365953
2009-08-14,23.799999,23.510000,23.690001,17.417421
2009-08-17,23.600000,23.230000,23.250000,17.093927
2009-08-18,23.650000,23.270000,23.580000,17.434031
2009-08-19,23.719999,23.250000,23.650000,17.485790
2009-08-20,23.870001,23.540001,23.670000,17.500580
2009-08-21,24.420000,23.770000,24.410000,18.047695
2009-08-24,24.730000,24.280001,24.639999,18.217752
2009-08-25,24.820000,24.459999,24.639999,18.217752
2009-08-26,24.750000,24.420000,24.549999,18.151203
2009-08-27,24.780001,24.299999,24.690001,18.254715
2009-08-28,25.490000,24.610001,24.680000,18.247322
2009-08-31,24.850000,24.290001,24.650000,18.225138
2009-09-01,24.740000,23.900000,24.000000,17.744562
2009-09-02,24.139999,23.780001,23.860001,17.641048
2009-09-03,24.139999,23.760000,24.110001,17.825886
2009-09-04,24.799999,24.080000,24.620001,18.202965
2009-09-08,24.840000,24.410000,24.820000,18.350838
2009-09-09,24.950001,24.670000,24.780001,18.321255
2009-09-10,25.049999,24.650000,25.000000,18.483912
2009-09-11,25.170000,24.809999,24.860001,18.380404
2009-09-14,25.090000,24.639999,25.000000,18.483912
2009-09-15,25.270000,24.860001,25.200001,18.631792
2009-09-16,25.350000,24.950001,25.200001,18.631792
2009-09-17,25.379999,25.059999,25.299999,18.705721
2009-09-18,25.480000,25.100000,25.260000,18.676146
2009-09-21,25.370001,25.100000,25.299999,18.705721
2009-09-22,25.820000,25.290001,25.770000,19.053230
2009-09-23,26.250000,25.639999,25.709999,19.008862
2009-09-24,26.110001,25.660000,25.940001,19.178909
2009-09-25,25.820000,25.520000,25.549999,18.890560
2009-09-28,26.160000,25.600000,25.830000,19.097572
2009-09-29,25.959999,25.690001,25.750000,19.038431
2009-09-30,25.990000,25.379999,25.719999,19.016260
2009-10-01,25.469999,24.799999,24.879999,18.395193
2009-10-02,25.090000,24.430000,24.959999,18.454336
2009-10-05,25.059999,24.520000,24.639999,18.217752
2009-10-06,25.209999,24.660000,25.110001,18.565247
2009-10-07,25.180000,24.879999,25.100000,18.557848
2009-10-08,25.900000,25.219999,25.670000,18.979286
2009-10-09,25.790001,25.459999,25.549999,18.890560
2009-10-12,25.889999,25.549999,25.719999,19.016260
2009-10-13,25.940001,25.520000,25.809999,19.082790
2009-10-14,26.200001,25.820000,25.959999,19.193697
2009-10-15,26.709999,25.900000,26.709999,19.748219
2009-10-16,26.629999,26.100000,26.500000,19.592955
2009-10-19,26.580000,26.250000,26.360001,19.489443
2009-10-20,26.510000,25.940001,26.370001,19.496838
2009-10-21,26.750000,26.389999,26.580000,19.652100
2009-10-22,26.719999,26.129999,26.590000,19.659492
2009-10-23,29.350000,27.879999,28.020000,20.716770
2009-10-26,29.020000,28.110001,28.680000,21.204750
2009-10-27,28.879999,28.440001,28.590000,21.138212
2009-10-28,28.770000,27.950001,28.020000,20.716770
2009-10-29,28.410000,27.850000,28.219999,20.864645
2009-10-30,28.400000,27.660000,27.730000,20.502363
2009-11-02,28.049999,27.410000,27.879999,20.613262
2009-11-03,27.740000,27.430000,27.530001,20.354492
2009-11-04,28.389999,27.620001,28.059999,20.746347
2009-11-05,28.740000,28.280001,28.469999,21.049488
2009-11-06,28.629999,28.200001,28.520000,21.086454
2009-11-09,29.000000,28.530001,28.990000,21.433952
2009-11-10,29.280001,28.809999,29.010000,21.448742
2009-11-11,29.299999,29.020000,29.120001,21.530071
2009-11-12,29.490000,29.000000,29.360001,21.707502
2009-11-13,29.790001,29.370001,29.629999,21.907145
2009-11-16,29.799999,29.370001,29.540001,21.840595
2009-11-17,30.000000,29.469999,30.000000,22.278736
2009-11-18,30.139999,29.809999,30.110001,22.360439
2009-11-19,30.000000,29.700001,29.780001,22.115366
2009-11-20,29.770000,29.430000,29.620001,21.996544
2009-11-23,30.010000,29.700001,29.940001,22.234186
2009-11-24,29.990000,29.750000,29.910000,22.211908
2009-11-25,29.860001,29.580000,29.790001,22.122791
2009-11-27,29.389999,28.750000,29.219999,21.699495
2009-11-30,29.450001,29.000000,29.410000,21.840597
2009-12-01,30.049999,29.410000,30.010000,22.286179
2009-12-02,29.990000,29.650000,29.780001,22.115366
2009-12-03,30.200001,29.760000,29.830000,22.152493
2009-12-04,30.370001,29.830000,29.980000,22.263891
2009-12-07,30.080000,29.680000,29.790001,22.122791
2009-12-08,29.740000,29.379999,29.570000,21.959419
2009-12-09,29.809999,29.250000,29.709999,22.063383
2009-12-10,29.959999,29.660000,29.870001,22.182211
2009-12-11,30.000000,29.790001,29.850000,22.167351
2009-12-14,30.160000,29.900000,30.110001,22.360439
2009-12-15,30.209999,29.879999,30.020000,22.293591
2009-12-16,30.410000,30.040001,30.100000,22.353012
2009-12-17,29.959999,29.570000,29.600000,21.981691
2009-12-18,30.450001,29.799999,30.360001,22.546083
2009-12-21,30.840000,30.370001,30.520000,22.664907
2009-12-22,30.930000,30.540001,30.820000,22.887695
2009-12-23,30.950001,30.690001,30.920000,22.961966
2009-12-24,31.000000,30.760000,31.000000,23.021378
2009-12-28,31.180000,30.889999,31.170000,23.147617
2009-12-29,31.500000,31.230000,31.389999,23.310997
2009-12-30,31.290001,30.799999,30.959999,22.991667
2009-12-31,30.990000,30.480000,30.480000,22.635197
2010-01-04,31.100000,30.590000,30.950001,22.984234
2010-01-05,31.100000,30.639999,30.959999,22.991667
2010-01-06,31.080000,30.520000,30.770000,22.850563
2010-01-07,30.700001,30.190001,30.450001,22.612923
2010-01-08,30.879999,30.240000,30.660000,22.768877
2010-01-11,30.760000,30.120001,30.270000,22.479254
2010-01-12,30.400000,29.910000,30.070000,22.330721
2010-01-13,30.520000,30.010000,30.350000,22.538666
2010-01-14,31.100000,30.260000,30.959999,22.991667
2010-01-15,31.240000,30.709999,30.860001,22.917400
2010-01-19,31.240000,30.680000,31.100000,23.095623
2010-01-20,30.940001,30.309999,30.590000,22.716894
2010-01-21,30.719999,30.000000,30.010000,22.286179
2010-01-22,30.200001,28.840000,28.959999,21.506416
2010-01-25,29.660000,29.100000,29.320000,21.773762
2010-01-26,29.850000,29.090000,29.500000,21.907433
2010-01-27,29.820000,29.020000,29.670000,22.033680
2010-01-28,29.870001,28.889999,29.160000,21.654936
2010-01-29,29.920000,27.660000,28.180000,20.927172
2010-02-01,28.480000,27.920000,28.410000,21.097975
2010-02-02,28.500000,28.139999,28.459999,21.135105
2010-02-03,28.790001,28.120001,28.629999,21.261341
2010-02-04,28.500000,27.809999,27.840000,20.674675
2010-02-05,28.280001,27.570000,28.020000,20.808346
2010-02-08,28.080000,27.570000,27.719999,20.585554
2010-02-09,28.340000,27.750000,28.010000,20.800924
2010-02-10,28.240000,27.840000,27.990000,20.786072
2010-02-11,28.400000,27.700001,28.120001,20.882614
2010-02-12,28.059999,27.580000,27.930000,20.741510
2010-02-16,28.370001,28.020000,28.350000,21.151869
2010-02-17,28.650000,28.360001,28.590000,21.330929
2010-02-18,29.030001,28.510000,28.969999,21.614447
2010-02-19,28.920000,28.690001,28.770000,21.465221
2010-02-22,28.940001,28.650000,28.730000,21.435383
2010-02-23,28.830000,28.090000,28.330000,21.136946
2010-02-24,28.790001,28.379999,28.629999,21.360767
2010-02-25,28.650000,28.020000,28.600000,21.338388
2010-02-26,28.850000,28.510000,28.670000,21.390615
2010-03-01,29.049999,28.530001,29.020000,21.651749
2010-03-02,29.299999,28.240000,28.459999,21.233934
2010-03-03,28.610001,28.350000,28.459999,21.233934
2010-03-04,28.650000,28.270000,28.629999,21.360767
2010-03-05,28.680000,28.420000,28.590000,21.330929
2010-03-08,28.930000,28.500000,28.629999,21.360767
2010-03-09,29.110001,28.549999,28.799999,21.487602
2010-03-10,29.110001,28.799999,28.969999,21.614447
2010-03-11,29.190001,28.850000,29.180000,21.771126
2010-03-12,29.379999,29.040001,29.270000,21.838274
2010-03-15,29.370001,29.010000,29.290001,21.853193
2010-03-16,29.490000,29.200001,29.370001,21.912882
2010-03-17,29.870001,29.400000,29.629999,22.106869
2010-03-18,29.719999,29.500000,29.610001,22.091949
2010-03-19,29.900000,29.350000,29.590000,22.077026
2010-03-22,29.700001,29.389999,29.600000,22.084480
2010-03-23,29.900000,29.410000,29.879999,22.293400
2010-03-24,29.850000,29.600000,29.650000,22.121788
2010-03-25,30.570000,29.799999,30.010000,22.390390
2010-03-26,30.200001,29.590000,29.660000,22.129246
2010-03-29,29.820000,29.549999,29.590000,22.077026
2010-03-30,29.860001,29.500000,29.770000,22.211317
2010-03-31,29.719999,29.170000,29.290001,21.853193
2010-04-01,29.540001,28.620001,29.160000,21.756195
2010-04-05,29.430000,29.030001,29.270000,21.838274
2010-04-06,29.580000,28.980000,29.320000,21.875574
2010-04-07,29.559999,29.139999,29.350000,21.897963
2010-04-08,29.980000,29.299999,29.920000,22.323238
2010-04-09,30.410000,29.900000,30.340000,22.636597
2010-04-12,30.490000,30.209999,30.320000,22.621674
2010-04-13,30.500000,30.129999,30.450001,22.718670
2010-04-14,31.000000,30.660000,30.820000,22.994730
2010-04-15,30.950001,30.709999,30.870001,23.032030
2010-04-16,30.980000,30.600000,30.670000,22.882820
2010-04-19,31.250000,30.760000,31.040001,23.158863
2010-04-20,31.440001,31.129999,31.360001,23.397619
2010-04-21,31.500000,31.230000,31.330000,23.375237
2010-04-22,31.530001,30.900000,31.389999,23.420006
2010-04-23,31.580000,30.650000,30.959999,23.099180
2010-04-26,31.280001,30.860001,31.110001,23.211092
2010-04-27,31.250000,30.750000,30.850000,23.017111
2010-04-28,31.000000,30.620001,30.910000,23.061876
2010-04-29,31.430000,30.670000,31.000000,23.129028
2010-04-30,31.080000,30.520000,30.540001,22.785816
2010-05-03,31.059999,30.580000,30.860001,23.024569
2010-05-04,30.549999,29.750000,30.129999,22.479923
2010-05-05,30.090000,29.690001,29.850000,22.271013
2010-05-06,29.879999,27.910000,28.980000,21.621906
2010-05-07,28.950001,27.320000,28.209999,21.047413
2010-05-10,29.480000,28.709999,28.940001,21.592062
2010-05-11,29.650000,28.570000,28.879999,21.547289
2010-05-12,29.580000,28.920000,29.440001,21.965115
2010-05-13,29.730000,29.180000,29.240000,21.815895
2010-05-14,29.209999,28.639999,28.930000,21.584602
2010-05-17,29.230000,28.450001,28.940001,21.592062
2010-05-18,29.000000,28.400000,28.600000,21.434677
2010-05-19,28.690001,27.790001,28.240000,21.164869
2010-05-20,27.840000,27.040001,27.110001,20.317974
2010-05-21,27.110001,26.440001,26.840000,20.115622
2010-05-24,26.860001,26.260000,26.270000,19.688421
2010-05-25,26.330000,25.379999,26.070000,19.538521
2010-05-26,26.610001,24.559999,25.010000,18.744091
2010-05-27,26.360001,25.730000,26.000000,19.486069
2010-05-28,26.120001,25.660000,25.799999,19.336178
2010-06-01,26.309999,25.520000,25.889999,19.403624
2010-06-02,26.480000,25.730000,26.459999,19.830822
2010-06-03,26.930000,26.410000,26.860001,20.130604
2010-06-04,26.570000,25.620001,25.790001,19.328678
2010-06-07,25.830000,25.240000,25.290001,18.953953
2010-06-08,25.260000,24.650000,25.110001,18.819038
2010-06-09,25.520000,24.750000,24.790001,18.579220
2010-06-10,25.150000,24.780001,25.000000,18.736605
2010-06-11,25.719999,24.770000,25.660000,19.231249
2010-06-14,25.959999,25.469999,25.500000,19.111338
2010-06-15,26.650000,25.740000,26.580000,19.920755
2010-06-16,26.580000,26.230000,26.320000,19.725895
2010-06-17,26.670000,26.040001,26.370001,19.763372
2010-06-18,26.530001,26.170000,26.440001,19.815836
2010-06-21,26.889999,25.889999,25.950001,19.448599
2010-06-22,26.450001,25.760000,25.770000,19.313692
2010-06-23,25.780001,25.219999,25.309999,18.968937
2010-06-24,25.719999,24.930000,25.000000,18.736605
2010-06-25,25.110001,24.309999,24.530001,18.384354
2010-06-28,24.610001,24.120001,24.309999,18.219471
2010-06-29,24.200001,23.110001,23.309999,17.470007
2010-06-30,23.680000,22.950001,23.010000,17.245167
2010-07-01,23.320000,22.730000,23.160000,17.357592
2010-07-02,23.480000,23.049999,23.270000,17.440033
2010-07-06,24.090000,23.580000,23.820000,17.852234
2010-07-07,24.320000,23.610001,24.299999,18.211975
2010-07-08,24.620001,23.969999,24.410000,18.294416
2010-07-09,24.410000,24.150000,24.270000,18.189497
2010-07-12,24.889999,24.420000,24.830000,18.609194
2010-07-13,25.299999,24.900000,25.129999,18.834036
2010-07-14,25.610001,25.120001,25.440001,19.066368
2010-07-15,25.590000,24.980000,25.510000,19.118830
2010-07-16,25.639999,24.879999,24.889999,18.654165
2010-07-19,25.299999,24.910000,25.230000,18.908979
2010-07-20,25.480000,24.700001,25.480000,19.096346
2010-07-21,25.650000,24.980000,25.120001,18.826538
2010-07-22,25.990000,25.469999,25.840000,19.366158
2010-07-23,26.020000,25.250000,25.809999,19.343666
2010-07-26,26.200001,25.799999,26.100000,19.561007
2010-07-27,26.240000,25.959999,26.160000,19.605982
2010-07-28,26.190001,25.830000,25.950001,19.448599
2010-07-29,26.410000,25.600000,26.030001,19.508547
2010-07-30,25.840000,25.350000,25.809999,19.343666
2010-08-02,26.379999,25.750000,26.330000,19.733387
2010-08-03,26.350000,25.969999,26.160000,19.605982
2010-08-04,26.240000,25.440001,25.730000,19.283714
2010-08-05,25.580000,25.209999,25.370001,19.013914
2010-08-06,25.559999,25.020000,25.549999,19.148806
2010-08-09,25.730000,25.370001,25.610001,19.193781
2010-08-10,25.340000,24.879999,25.070000,18.789072
2010-08-11,24.900000,24.559999,24.860001,18.631680
2010-08-12,24.680000,24.360001,24.490000,18.354378
2010-08-13,24.670000,24.240000,24.400000,18.286921
2010-08-16,24.610001,24.299999,24.500000,18.361870
2010-08-17,24.959999,24.600000,24.709999,18.618048
2010-08-18,24.950001,24.410000,24.820000,18.700933
2010-08-19,24.740000,24.209999,24.440001,18.414612
2010-08-20,24.400000,24.200001,24.230000,18.256386
2010-08-23,24.639999,24.240000,24.280001,18.294069
2010-08-24,24.350000,24.000000,24.040001,18.113228
2010-08-25,24.219999,23.870001,24.100000,18.158442
2010-08-26,24.190001,23.790001,23.820000,17.947466
2010-08-27,24.020000,23.510000,23.930000,18.030352
2010-08-30,23.820000,23.600000,23.639999,17.811846
2010-08-31,23.730000,23.320000,23.469999,17.683756
2010-09-01,23.950001,23.540001,23.900000,18.007746
2010-09-02,23.950001,23.709999,23.940001,18.037884
2010-09-03,24.450001,24.200001,24.290001,18.301592
2010-09-07,24.299999,23.920000,23.959999,18.052944
2010-09-08,24.200001,23.740000,23.930000,18.030352
2010-09-09,24.209999,23.990000,24.010000,18.090624
2010-09-10,24.030001,23.790001,23.850000,17.970072
2010-09-13,25.290001,24.090000,25.110001,18.919430
2010-09-14,25.350000,24.889999,25.030001,18.859152
2010-09-15,25.219999,24.920000,25.120001,18.926968
2010-09-16,25.370001,25.049999,25.330000,19.085196
2010-09-17,25.530001,25.080000,25.219999,19.002314
2010-09-20,25.520000,25.110001,25.430000,19.160545
2010-09-21,25.420000,25.080000,25.150000,18.949566
2010-09-22,24.969999,24.360001,24.610001,18.542700
2010-09-23,24.590000,24.360001,24.430000,18.407076
2010-09-24,24.799999,24.580000,24.780001,18.670786
2010-09-27,24.990000,24.590000,24.730000,18.633118
2010-09-28,24.900000,24.350000,24.680000,18.595446
2010-09-29,24.660000,24.400000,24.500000,18.459818
2010-09-30,24.830000,24.360001,24.490000,18.452286
2010-10-01,24.820000,24.299999,24.379999,18.369404
2010-10-04,23.990000,23.780001,23.910000,18.015280
2010-10-05,24.450001,23.910000,24.350000,18.346800
2010-10-06,24.540001,24.129999,24.430000,18.407076
2010-10-07,24.750000,24.280001,24.530001,18.482428
2010-10-08,24.650000,24.370001,24.570000,18.512558
2010-10-11,24.740000,24.500000,24.590000,18.527626
2010-10-12,24.930000,24.430000,24.830000,18.708466
2010-10-13,25.540001,24.889999,25.340000,19.092728
2010-10-14,25.340000,25.000000,25.230000,19.009848
2010-10-15,25.549999,25.230000,25.540001,19.243425
2010-10-18,25.950001,25.450001,25.820000,19.454384
2010-10-19,25.370001,24.950001,25.100000,18.911894
2010-10-20,25.400000,25.100000,25.309999,19.070129
2010-10-21,25.540001,25.049999,25.420000,19.153011
2010-10-22,25.540001,25.270000,25.379999,19.122864
2010-10-25,25.350000,25.170000,25.190001,18.979708
2010-10-26,25.969999,25.059999,25.900000,19.514668
2010-10-27,26.110001,25.620001,26.049999,19.627684
2010-10-28,26.379999,25.920000,26.280001,19.800982
2010-10-29,27.200001,26.480000,26.670000,20.094833
2010-11-01,27.219999,26.700001,26.950001,20.305799
2010-11-02,27.420000,27.020000,27.389999,20.637320
2010-11-03,27.490000,26.959999,27.030001,20.366081
2010-11-04,27.430000,27.010000,27.139999,20.448971
2010-11-05,27.190001,26.530001,26.850000,20.230453
2010-11-08,28.870001,26.580000,26.809999,20.200319
2010-11-09,27.110001,26.709999,26.950001,20.305799
2010-11-10,27.080000,26.809999,26.940001,20.298271
2010-11-11,26.719999,26.280001,26.680000,20.102373
2010-11-12,26.520000,26.100000,26.270000,19.793449
2010-11-15,26.500000,26.170000,26.200001,19.740711
2010-11-16,26.040001,25.650000,25.809999,19.566345
2010-11-17,25.910000,25.549999,25.570000,19.384407
2010-11-18,26.080000,25.610001,25.840000,19.589087
2010-11-19,25.830000,25.600000,25.690001,19.475368
2010-11-22,25.740000,25.440001,25.730000,19.505693
2010-11-23,25.600000,25.090000,25.120001,19.043262
2010-11-24,25.459999,25.160000,25.370001,19.232786
2010-11-26,25.410000,25.170000,25.250000,19.141813
2010-11-29,25.420000,24.930000,25.309999,19.187298
2010-11-30,25.469999,25.000000,25.260000,19.149397
2010-12-01,26.250000,25.559999,26.040001,19.740711
2010-12-02,26.980000,26.200001,26.889999,20.385084
2010-12-03,27.059999,26.780001,27.020000,20.483633
2010-12-06,26.980000,26.760000,26.840000,20.347181
2010-12-07,27.129999,26.850000,26.870001,20.369925
2010-12-08,27.240000,26.799999,27.230000,20.642841
2010-12-09,27.340000,27.010000,27.080000,20.529119
2010-12-10,27.400000,27.110001,27.340000,20.726231
2010-12-13,27.450001,27.170000,27.250000,20.657995
2010-12-14,27.750000,27.260000,27.620001,20.938484
2010-12-15,27.990000,27.530001,27.850000,21.112850
2010-12-16,27.990000,27.660000,27.990000,21.218983
2010-12-17,28.090000,27.750000,27.900000,21.150755
2010-12-20,27.990000,27.680000,27.809999,21.082531
2010-12-21,28.139999,27.760000,28.070000,21.279631
2010-12-22,28.400000,27.980000,28.190001,21.370609
2010-12-23,28.320000,27.959999,28.299999,21.453995
2010-12-27,28.200001,27.879999,28.070000,21.279631
2010-12-28,28.170000,27.959999,28.010000,21.234152
2010-12-29,28.120001,27.879999,27.969999,21.203829
2010-12-30,28.000000,27.780001,27.850000,21.112850
2010-12-31,27.920000,27.629999,27.910000,21.158339
2011-01-03,28.180000,27.920000,27.980000,21.211412
2011-01-04,28.170000,27.850000,28.090000,21.294800
2011-01-05,28.010000,27.770000,28.000000,21.226566
2011-01-06,28.850000,27.860001,28.820000,21.848204
2011-01-07,28.740000,28.250000,28.600000,21.681417
2011-01-10,28.400000,28.040001,28.219999,21.393353
2011-01-11,28.250000,28.049999,28.110001,21.309954
2011-01-12,28.590000,28.070000,28.549999,21.643513
2011-01-13,28.389999,28.010000,28.190001,21.370609
2011-01-14,28.379999,27.910000,28.299999,21.453995
2011-01-18,28.740000,28.139999,28.660000,21.726912
2011-01-19,28.680000,28.270000,28.469999,21.582870
2011-01-20,28.549999,28.129999,28.350000,21.491896
2011-01-21,28.430000,28.020000,28.020000,21.241730
2011-01-24,28.559999,27.990000,28.379999,21.514637
2011-01-25,28.450001,28.120001,28.450001,21.567707
2011-01-26,28.990000,28.500000,28.780001,21.817869
2011-01-27,29.459999,28.490000,28.870001,21.886110
2011-01-28,28.930000,27.450001,27.750000,21.037041
2011-01-31,27.900000,27.420000,27.730000,21.021877
2011-02-01,28.059999,27.610001,27.990000,21.218983
2011-02-02,28.110001,27.879999,27.940001,21.181076
2011-02-03,27.969999,27.540001,27.650000,20.961241
2011-02-04,27.840000,27.510000,27.770000,21.052202
2011-02-07,28.340000,27.790001,28.200001,21.378187
2011-02-08,28.340000,28.049999,28.280001,21.438831
2011-02-09,28.260000,27.910000,27.969999,21.203829
2011-02-10,27.940001,27.290001,27.500000,20.847528
2011-02-11,27.809999,27.070000,27.250000,20.657995
2011-02-14,27.270000,26.950001,27.230000,20.642841
2011-02-15,27.330000,26.950001,26.959999,20.558952
2011-02-16,27.070000,26.600000,27.020000,20.604708
2011-02-17,27.370001,26.910000,27.209999,20.749586
2011-02-18,27.209999,26.990000,27.059999,20.635216
2011-02-22,27.100000,26.520000,26.590000,20.276798
2011-02-23,26.860001,26.430000,26.590000,20.276798
2011-02-24,27.059999,26.500000,26.770000,20.414066
2011-02-25,26.950001,26.500000,26.549999,20.246296
2011-02-28,26.860001,26.510000,26.580000,20.269175
2011-03-01,26.780001,26.150000,26.160000,19.948889
2011-03-02,26.370001,26.040001,26.080000,19.887888
2011-03-03,26.400000,26.180000,26.200001,19.979403
2011-03-04,26.240000,25.799999,25.950001,19.788750
2011-03-07,26.270000,25.549999,25.719999,19.613367
2011-03-08,26.020000,25.650000,25.910000,19.758255
2011-03-09,25.980000,25.660000,25.889999,19.743002
2011-03-10,25.709999,25.350000,25.410000,19.376961
2011-03-11,25.850000,25.360001,25.680000,19.582861
2011-03-14,25.760000,25.350000,25.690001,19.590481
2011-03-15,25.469999,25.000000,25.389999,19.361717
2011-03-16,25.280001,24.680000,24.790001,18.904169
2011-03-17,25.219999,24.750000,24.780001,18.896544
2011-03-18,25.180000,24.799999,24.799999,18.911793
2011-03-21,25.580000,25.150000,25.330000,19.315960
2011-03-22,25.459999,25.230000,25.299999,19.293083
2011-03-23,25.610001,25.180000,25.540001,19.476097
2011-03-24,25.870001,25.500000,25.809999,19.682003
2011-03-25,25.950001,25.590000,25.620001,19.537107
2011-03-28,25.719999,25.379999,25.410000,19.376961
2011-03-29,25.520000,25.299999,25.490000,19.437971
2011-03-30,25.719999,25.500000,25.610001,19.529484
2011-03-31,25.680000,25.340000,25.389999,19.361717
2011-04-01,25.530001,25.309999,25.480000,19.430349
2011-04-04,25.660000,25.410000,25.549999,19.483730
2011-04-05,26.180000,25.740000,25.780001,19.659122
2011-04-06,26.309999,25.860001,26.150000,19.941273
2011-04-07,26.260000,25.969999,26.200001,19.979403
2011-04-08,26.280001,25.959999,26.070000,19.880262
2011-04-11,26.250000,25.799999,25.980000,19.811625
2011-04-12,25.850000,25.549999,25.639999,19.552359
2011-04-13,25.870001,25.559999,25.629999,19.544727
2011-04-14,25.440001,25.090000,25.420000,19.384588
2011-04-15,25.559999,25.180000,25.370001,19.346458
2011-04-18,25.280001,24.719999,25.080000,19.125315
2011-04-19,25.170000,24.870001,25.150000,19.178690
2011-04-20,26.000000,25.510000,25.760000,19.643864
2011-04-21,25.889999,25.360001,25.520000,19.460854
2011-04-25,25.620001,25.340000,25.610001,19.529484
2011-04-26,26.440001,25.670000,26.190001,19.971766
2011-04-27,26.389999,26.129999,26.379999,20.116657
2011-04-28,26.870001,26.400000,26.709999,20.368315
2011-04-29,26.639999,25.360001,25.920000,19.765875
2011-05-02,26.000000,25.480000,25.660000,19.567612
2011-05-03,25.850000,25.490000,25.809999,19.682003
2011-05-04,26.250000,25.790001,26.059999,19.872635
2011-05-05,26.080000,25.680000,25.790001,19.666752
2011-05-06,26.219999,25.750000,25.870001,19.727751
2011-05-09,25.959999,25.670000,25.830000,19.697241
2011-05-10,25.850000,25.250000,25.670000,19.575237
2011-05-11,25.660000,25.209999,25.360001,19.338833
2011-05-12,25.389999,25.100000,25.320000,19.308334
2011-05-13,25.320000,24.950001,25.030001,19.087191
2011-05-16,25.070000,24.500000,24.570000,18.736401
2011-05-17,24.700001,24.270000,24.520000,18.820839
2011-05-18,24.740000,24.250000,24.690001,18.951323
2011-05-19,24.879999,24.500000,24.719999,18.974352
2011-05-20,24.870001,24.440001,24.490000,18.797812
2011-05-23,24.250000,24.030001,24.170000,18.552177
2011-05-24,24.290001,24.040001,24.150000,18.536837
2011-05-25,24.309999,24.160000,24.190001,18.567543
2011-05-26,25.030001,24.320000,24.670000,18.935970
2011-05-27,24.900000,24.650000,24.760000,19.005053
2011-05-31,25.059999,24.700001,25.010000,19.196953
2011-06-01,25.100000,24.370001,24.430000,18.751753
2011-06-02,24.650000,24.180000,24.219999,18.590569
2011-06-03,24.139999,23.840000,23.910000,18.352617
2011-06-06,24.250000,23.770000,24.010000,18.429380
2011-06-07,24.170000,23.900000,24.059999,18.467756
2011-06-08,24.020000,23.860001,23.940001,18.375641
2011-06-09,24.040001,23.820000,23.959999,18.390999
2011-06-10,24.020000,23.690001,23.709999,18.199104
2011-06-13,24.190001,23.700001,24.040001,18.452398
2011-06-14,24.450001,24.190001,24.219999,18.590569
2011-06-15,24.010000,23.670000,23.740000,18.222141
2011-06-16,24.100000,23.650000,24.000000,18.421705
2011-06-17,24.299999,23.980000,24.260000,18.621267
2011-06-20,24.660000,24.160000,24.469999,18.782455
2011-06-21,24.860001,24.400000,24.760000,19.005053
2011-06-22,24.809999,24.590000,24.650000,18.920624
2011-06-23,24.650000,24.200001,24.629999,18.905270
2011-06-24,24.540001,24.190001,24.299999,18.651966
2011-06-27,25.459999,24.230000,25.200001,19.342787
2011-06-28,25.920000,25.160000,25.799999,19.803326
2011-06-29,25.709999,25.360001,25.620001,19.665169
2011-06-30,26.000000,25.660000,26.000000,19.956844
2011-07-01,26.170000,25.840000,26.020000,19.972197
2011-07-05,26.150000,25.900000,26.030001,19.979864
2011-07-06,26.370001,25.959999,26.330000,20.210136
2011-07-07,26.879999,26.360001,26.770000,20.547873
2011-07-08,26.980000,26.510000,26.920000,20.663015
2011-07-11,26.799999,26.490000,26.629999,20.440413
2011-07-12,26.790001,26.340000,26.540001,20.371332
2011-07-13,26.959999,26.510000,26.629999,20.440413
2011-07-14,27.010000,26.360001,26.469999,20.317596
2011-07-15,26.930000,26.469999,26.780001,20.555553
2011-07-18,26.900000,26.260000,26.590000,20.409704
2011-07-19,27.639999,26.780001,27.540001,21.138899
2011-07-20,27.350000,26.980000,27.059999,20.770473
2011-07-21,27.309999,26.650000,27.100000,20.801168
2011-07-22,27.549999,26.680000,27.530001,21.131222
2011-07-25,28.090000,27.190001,27.910000,21.422907
2011-07-26,28.150000,27.780001,28.080000,21.553391
2011-07-27,27.990000,27.200001,27.330000,20.977707
2011-07-28,28.070000,27.209999,27.719999,21.277065
2011-07-29,27.709999,27.260000,27.400000,21.031443
2011-08-01,27.690001,26.750000,27.270000,20.931665
2011-08-02,27.450001,26.760000,26.799999,20.570898
2011-08-03,27.000000,26.480000,26.920000,20.663015
2011-08-04,26.870001,25.930000,25.940001,19.910789
2011-08-05,26.100000,25.230000,25.680000,19.711220
2011-08-08,25.600000,24.389999,24.480000,18.790131
2011-08-09,25.620001,24.030001,25.580000,19.634468
2011-08-10,25.090000,24.100000,24.200001,18.575216
2011-08-11,25.379999,24.400000,25.190001,19.335108
2011-08-12,25.340000,24.650000,25.100000,19.266029
2011-08-15,25.580000,25.150000,25.510000,19.580721
2011-08-16,25.590000,25.049999,25.350000,19.580729
2011-08-17,25.700001,24.930000,25.250000,19.503490
2011-08-18,25.090000,24.030001,24.670000,19.055489
2011-08-19,24.620001,23.910000,24.049999,18.576595
2011-08-22,24.490000,23.790001,23.980000,18.522528
2011-08-23,24.750000,24.030001,24.719999,19.094109
2011-08-24,24.930000,24.420000,24.900000,19.233147
2011-08-25,25.160000,24.500000,24.570000,18.978249
2011-08-26,25.340000,24.420000,25.250000,19.503490
2011-08-29,25.860001,25.370001,25.840000,19.959213
2011-08-30,26.430000,25.700001,26.230000,20.260462
2011-08-31,26.709999,26.260000,26.600000,20.546251
2011-09-01,26.860001,26.209999,26.209999,20.245016
2011-09-02,26.000000,25.660000,25.799999,19.928312
2011-09-06,25.590000,25.110001,25.510000,19.704315
2011-09-07,26.000000,25.570000,26.000000,20.082808
2011-09-08,26.660000,25.950001,26.219999,20.252733
2011-09-09,26.180000,25.500000,25.740000,19.881975
2011-09-12,25.930000,25.270000,25.889999,19.997837
2011-09-13,26.190001,25.809999,26.040001,20.113699
2011-09-14,26.799999,25.889999,26.500000,20.469002
2011-09-15,27.030001,26.309999,26.990000,20.847490
2011-09-16,27.270000,26.830000,27.120001,20.947910
2011-09-19,27.309999,26.600000,27.209999,21.017418
2011-09-20,27.500000,26.930000,26.980000,20.839767
2011-09-21,27.059999,25.969999,25.990000,20.075083
2011-09-22,25.650000,24.600000,25.059999,19.356728
2011-09-23,25.150000,24.690001,25.059999,19.356728
2011-09-26,25.520000,24.730000,25.440001,19.650255
2011-09-27,25.920000,25.450001,25.670000,19.827902
2011-09-28,26.370001,25.510000,25.580000,19.758389
2011-09-29,26.170000,25.090000,25.450001,19.657976
2011-09-30,25.500000,24.879999,24.889999,19.225418
2011-10-03,25.340000,24.520000,24.530001,18.947348
2011-10-04,25.389999,24.260000,25.340000,19.573000
2011-10-05,26.160000,25.160000,25.889999,19.997837
2011-10-06,26.400000,25.700001,26.340000,20.345419
2011-10-07,26.510000,26.200001,26.250000,20.275902
2011-10-10,26.969999,26.469999,26.940001,20.808874
2011-10-11,27.070000,26.719999,27.000000,20.855219
2011-10-12,27.309999,26.900000,26.959999,20.824320
2011-10-13,27.200001,26.620001,27.180000,20.994255
2011-10-14,27.500000,27.020000,27.270000,21.063776
2011-10-17,27.420000,26.850000,26.980000,20.839767
2011-10-18,27.400000,26.799999,27.309999,21.094667
2011-10-19,27.469999,27.010000,27.129999,20.955633
2011-10-20,27.340000,26.400000,27.040001,20.886116
2011-10-21,27.190001,26.799999,27.160000,20.978809
2011-10-24,27.400000,27.040001,27.190001,21.001984
2011-10-25,27.230000,26.719999,26.809999,20.708460
2011-10-26,27.059999,26.100000,26.590000,20.538525
2011-10-27,27.400000,26.650000,27.250000,21.048323
2011-10-28,27.190001,26.790001,26.980000,20.839767
2011-10-31,27.000000,26.620001,26.629999,20.569422
2011-11-01,26.320000,25.860001,25.990000,20.075083
2011-11-02,26.200001,25.700001,26.010000,20.090525
2011-11-03,26.590000,25.980000,26.530001,20.492186
2011-11-04,26.400000,26.000000,26.250000,20.275902
2011-11-07,26.820000,26.129999,26.799999,20.700737
2011-11-08,27.200001,26.690001,27.160000,20.978809
2011-11-09,26.750000,26.059999,26.200001,20.237289
2011-11-10,26.500000,26.120001,26.280001,20.299080
2011-11-11,27.080000,26.570000,26.910000,20.785707
2011-11-14,27.000000,26.650000,26.760000,20.669836
2011-11-15,26.940001,26.400000,26.740000,20.809923
2011-11-16,26.510000,26.040001,26.070000,20.288502
2011-11-17,26.040001,25.440001,25.540001,19.876043
2011-11-18,25.500000,25.150000,25.299999,19.689268
2011-11-21,25.250000,24.900000,25.000000,19.455799
2011-11-22,24.959999,24.650000,24.790001,19.292370
2011-11-23,24.790001,24.469999,24.469999,19.043333
2011-11-25,24.670000,24.299999,24.299999,18.911028
2011-11-28,24.969999,24.690001,24.870001,19.354628
2011-11-29,25.040001,24.750000,24.840000,19.331284
2011-11-30,25.590000,25.139999,25.580000,19.907169
2011-12-01,25.629999,25.200001,25.280001,19.673708
2011-12-02,25.620001,25.160000,25.219999,19.627003
2011-12-05,25.799999,25.500000,25.700001,20.000559
2011-12-06,25.870001,25.610001,25.660000,19.969433
2011-12-07,25.760000,25.340000,25.600000,19.922731
2011-12-08,25.719999,25.370001,25.400000,19.767086
2011-12-09,25.870001,25.500000,25.700001,20.000559
2011-12-12,25.570000,25.290001,25.510000,19.852690
2011-12-13,26.100000,25.650000,25.760000,20.047251
2011-12-14,25.860001,25.570000,25.590000,19.914953
2011-12-15,25.879999,25.540001,25.559999,19.891603
2011-12-16,26.170000,25.629999,26.000000,20.234032
2011-12-19,26.120001,25.459999,25.530001,19.868261
2011-12-20,26.100000,25.809999,26.030001,20.257374
2011-12-21,26.190001,25.440001,25.760000,20.047251
2011-12-22,25.860001,25.480000,25.809999,20.086163
2011-12-23,26.040001,25.730000,26.030001,20.257374
2011-12-27,26.139999,25.930000,26.040001,20.265162
2011-12-28,26.150000,25.760000,25.820000,20.093941
2011-12-29,26.049999,25.860001,26.020000,20.249592
2011-12-30,26.120001,25.910000,25.959999,20.202896
2012-01-03,26.959999,26.389999,26.770000,20.833269
2012-01-04,27.469999,26.780001,27.400000,21.323549
2012-01-05,27.730000,27.290001,27.680000,21.541452
2012-01-06,28.190001,27.530001,28.110001,21.876091
2012-01-09,28.100000,27.719999,27.740000,21.588156
2012-01-10,28.150000,27.750000,27.840000,21.665983
2012-01-11,27.980000,27.370001,27.719999,21.572586
2012-01-12,28.020000,27.650000,28.000000,21.790495
2012-01-13,28.250000,27.790001,28.250000,21.985048
2012-01-17,28.650000,28.170000,28.260000,21.992830
2012-01-18,28.400000,27.969999,28.230000,21.969484
2012-01-19,28.440001,28.030001,28.120001,21.883881
2012-01-20,29.740000,28.750000,29.709999,23.121265
2012-01-23,29.950001,29.350000,29.730000,23.136829
2012-01-24,29.570000,29.180000,29.340000,22.833321
2012-01-25,29.650000,29.070000,29.559999,23.004538
2012-01-26,29.700001,29.400000,29.500000,22.957846
2012-01-27,29.530001,29.170000,29.230000,22.747713
2012-01-30,29.620001,28.830000,29.610001,23.043444
2012-01-31,29.700001,29.230000,29.530001,22.981186
2012-02-01,30.049999,29.760000,29.889999,23.261358
2012-02-02,30.170000,29.709999,29.950001,23.308046
2012-02-03,30.400000,30.090000,30.240000,23.533730
2012-02-06,30.219999,29.969999,30.200001,23.502604
2012-02-07,30.490000,30.049999,30.350000,23.619337
2012-02-08,30.670000,30.219999,30.660000,23.860590
2012-02-09,30.799999,30.480000,30.770000,23.946194
2012-02-10,30.799999,30.360001,30.500000,23.736071
2012-02-13,30.770000,30.430000,30.580000,23.798330
2012-02-14,30.459999,29.850000,30.250000,23.696493
2012-02-15,30.389999,30.030001,30.049999,23.539824
2012-02-16,31.549999,30.299999,31.290001,24.511181
2012-02-17,31.320000,30.950001,31.250000,24.479849
2012-02-21,31.610001,31.150000,31.440001,24.628687
2012-02-22,31.680000,31.180000,31.270000,24.495518
2012-02-23,31.590000,31.000000,31.370001,24.573862
2012-02-24,31.500000,31.240000,31.480000,24.660025
2012-02-27,31.500000,31.100000,31.350000,24.558186
2012-02-28,31.930000,31.379999,31.870001,24.965534
2012-02-29,32.000000,31.610001,31.740000,24.863689
2012-03-01,32.389999,31.850000,32.290001,25.294542
2012-03-02,32.439999,32.000000,32.080002,25.130033
2012-03-05,32.049999,31.620001,31.799999,24.910696
2012-03-06,31.980000,31.490000,31.559999,24.722691
2012-03-07,31.920000,31.530001,31.840000,24.942026
2012-03-08,32.209999,31.900000,32.009998,25.075193
2012-03-09,32.160000,31.920000,31.990000,25.059536
2012-03-12,32.200001,31.820000,32.040001,25.098696
2012-03-13,32.689999,32.150002,32.669998,25.592209
2012-03-14,32.880001,32.490002,32.770000,25.670551
2012-03-15,32.939999,32.580002,32.849998,25.733215
2012-03-16,32.950001,32.500000,32.599998,25.537382
2012-03-19,32.610001,32.150002,32.200001,25.224043
2012-03-20,32.150002,31.740000,31.990000,25.059536
2012-03-21,32.150002,31.820000,31.910000,24.996857
2012-03-22,32.090000,31.790001,32.000000,25.067366
2012-03-23,32.110001,31.719999,32.009998,25.075193
2012-03-26,32.610001,32.150002,32.590000,25.529552
2012-03-27,32.700001,32.400002,32.520000,25.474716
2012-03-28,32.700001,32.040001,32.189999,25.216198
2012-03-29,32.189999,31.809999,32.119999,25.161367
2012-03-30,32.410000,32.040001,32.259998,25.271038
2012-04-02,32.459999,31.950001,32.290001,25.294542
2012-04-03,32.189999,31.660000,31.940001,25.020365
2012-04-04,31.690001,31.049999,31.209999,24.448515
2012-04-05,31.629999,31.049999,31.520000,24.691355
2012-04-09,31.400000,30.969999,31.100000,24.362345
2012-04-10,31.190001,30.299999,30.469999,23.868837
2012-04-11,30.530001,30.230000,30.350000,23.774828
2012-04-12,31.040001,30.420000,30.980000,24.268333
2012-04-13,31.160000,30.719999,30.809999,24.135174
2012-04-16,31.190001,30.770000,31.080000,24.346678
2012-04-17,31.610001,31.200001,31.440001,24.628687
2012-04-18,31.309999,31.040001,31.139999,24.393677
2012-04-19,31.680000,30.940001,31.010000,24.291842
2012-04-20,32.889999,32.049999,32.419998,25.396379
2012-04-23,32.500000,32.029999,32.119999,25.161367
2012-04-24,32.520000,31.830000,31.920000,25.004702
2012-04-25,32.320000,31.870001,32.200001,25.224043
2012-04-26,32.230000,31.920000,32.110001,25.153536
2012-04-27,32.220001,31.879999,31.980000,25.051695
2012-04-30,32.110001,31.920000,32.020000,25.083029
2012-05-01,32.340000,31.950001,32.009998,25.075193
2012-05-02,31.930000,31.639999,31.799999,24.910696
2012-05-03,31.900000,31.610001,31.760000,24.879362
2012-05-04,31.570000,30.920000,30.980000,24.268333
2012-05-07,30.860001,30.570000,30.650000,24.009834
2012-05-08,30.780001,30.170000,30.500000,23.892334
2012-05-09,30.830000,30.100000,30.760000,24.096004
2012-05-10,31.020000,30.450001,30.740000,24.080341
2012-05-11,31.540001,30.690001,31.160000,24.409349
2012-05-14,31.040001,30.639999,30.680000,24.033339
2012-05-15,30.799999,30.150000,30.209999,23.820442
2012-05-16,30.320000,29.740000,29.900000,23.576012
2012-05-17,30.209999,29.709999,29.719999,23.434076
2012-05-18,29.809999,29.170000,29.270000,23.079260
2012-05-21,29.790001,29.059999,29.750000,23.457735
2012-05-22,29.879999,29.500000,29.760000,23.465628
2012-05-23,29.400000,28.639999,29.110001,22.953096
2012-05-24,29.299999,28.760000,29.070000,22.921560
2012-05-25,29.360001,29.010000,29.059999,22.913677
2012-05-29,29.719999,29.219999,29.559999,23.307920
2012-05-30,29.480000,29.120001,29.340000,23.134455
2012-05-31,29.420000,28.940001,29.190001,23.016180
2012-06-01,28.959999,28.440001,28.450001,22.432693
2012-06-04,28.780001,28.320000,28.549999,22.511541
2012-06-05,28.750000,28.389999,28.510000,22.480003
2012-06-06,29.370001,28.809999,29.350000,23.142330
2012-06-07,29.700001,29.170000,29.230000,23.047716
2012-06-08,29.680000,29.049999,29.650000,23.378883
2012-06-11,29.809999,28.820000,28.900000,22.787514
2012-06-12,29.299999,28.840000,29.290001,23.095036
2012-06-13,29.440001,29.049999,29.129999,22.968864
2012-06-14,29.459999,28.879999,29.340000,23.134455
2012-06-15,30.080000,29.490000,30.020000,23.670630
2012-06-18,30.030001,29.709999,29.840000,23.528702
2012-06-19,31.110001,30.049999,30.700001,24.206804
2012-06-20,31.049999,30.639999,30.930000,24.388163
2012-06-21,31.139999,30.059999,30.139999,23.765251
2012-06-22,30.730000,30.030001,30.700001,24.206804
2012-06-25,30.320000,29.620001,29.870001,23.552359
2012-06-26,30.270000,29.940001,30.020000,23.670630
2012-06-27,30.500000,30.030001,30.170000,23.788906
2012-06-28,30.049999,29.420000,29.910000,23.583897
2012-06-29,30.690001,30.139999,30.590000,24.120075
2012-07-02,30.620001,30.209999,30.559999,24.096418
2012-07-03,30.760000,30.170000,30.760000,24.254114
2012-07-05,30.780001,30.379999,30.700001,24.206804
2012-07-06,30.700001,29.950001,30.190001,23.804678
2012-07-09,30.230000,29.780001,30.000000,23.654858
2012-07-10,30.219999,29.510000,29.740000,23.449850
2012-07-11,29.740000,29.110001,29.299999,23.102905
2012-07-12,29.180000,28.540001,28.629999,22.574627
2012-07-13,29.480000,28.719999,29.389999,23.173883
2012-07-16,29.530001,29.040001,29.440001,23.213308
2012-07-17,29.860001,29.200001,29.660000,23.386770
2012-07-18,30.450001,29.459999,30.450001,24.009678
2012-07-19,30.799999,30.379999,30.670000,24.183155
2012-07-20,31.049999,30.049999,30.120001,23.749489
2012-07-23,29.580000,29.010000,29.280001,23.087139
2012-07-24,29.360001,28.900000,29.150000,22.984632
2012-07-25,29.330000,28.780001,28.830000,22.732321
2012-07-26,29.500000,29.090000,29.160000,22.992525
2012-07-27,29.850000,29.180000,29.760000,23.465628
2012-07-30,29.820000,29.459999,29.639999,23.371000
2012-07-31,29.709999,29.330000,29.469999,23.236954
2012-08-01,29.650000,29.209999,29.410000,23.189651
2012-08-02,29.530001,28.969999,29.190001,23.016180
2012-08-03,29.940001,29.480000,29.750000,23.457735
2012-08-06,30.110001,29.809999,29.950001,23.615433
2012-08-07,30.350000,29.870001,30.260000,23.859871
2012-08-08,30.469999,30.110001,30.330000,23.915062
2012-08-09,30.650000,30.299999,30.500000,24.049107
2012-08-10,30.620001,30.250000,30.420000,23.986029
2012-08-13,30.459999,30.160000,30.389999,23.962368
2012-08-14,30.389999,30.010000,30.129999,23.914745
2012-08-15,30.280001,30.020000,30.200001,23.970304
2012-08-16,30.940001,30.260000,30.780001,24.430666
2012-08-17,30.920000,30.590000,30.900000,24.525913
2012-08-20,30.850000,30.580000,30.740000,24.398924
2012-08-21,30.959999,30.610001,30.799999,24.446537
2012-08-22,30.760000,30.469999,30.540001,24.240179
2012-08-23,30.400000,30.080000,30.260000,24.017937
2012-08-24,30.629999,30.180000,30.559999,24.256052
2012-08-27,30.959999,30.590000,30.690001,24.359232
2012-08-28,30.799999,30.520000,30.629999,24.311605
2012-08-29,30.750000,30.440001,30.650000,24.327482
2012-08-30,30.610001,30.219999,30.320000,24.065557
2012-08-31,30.959999,30.379999,30.820000,24.462420
2012-09-04,30.660000,30.150000,30.389999,24.121117
2012-09-05,30.530001,30.209999,30.389999,24.121117
2012-09-06,31.360001,30.459999,31.350000,24.883087
2012-09-07,31.070000,30.730000,30.950001,24.565599
2012-09-10,30.900000,30.510000,30.719999,24.383039
2012-09-11,30.910000,30.610001,30.790001,24.438604
2012-09-12,31.180000,30.730000,30.780001,24.430666
2012-09-13,31.180000,30.400000,30.940001,24.557657
2012-09-14,31.250000,30.809999,31.209999,24.771967
2012-09-17,31.260000,31.040001,31.209999,24.771967
2012-09-18,31.209999,31.030001,31.180000,24.748154
2012-09-19,31.190001,31.040001,31.049999,24.644968
2012-09-20,31.480000,30.910000,31.450001,24.962456
2012-09-21,31.610001,31.090000,31.190001,24.756090
2012-09-24,31.070000,30.639999,30.780001,24.430666
2012-09-25,31.000000,30.360001,30.389999,24.121117
2012-09-26,30.600000,30.040001,30.170000,23.946499
2012-09-27,30.400000,29.889999,30.160000,23.938559
2012-09-28,30.260000,29.740000,29.760000,23.621073
2012-10-01,29.980000,29.420000,29.490000,23.406771
2012-10-02,29.889999,29.500000,29.660000,23.541698
2012-10-03,29.990000,29.670000,29.860001,23.700445
2012-10-04,30.030001,29.570000,30.030001,23.835377
2012-10-05,30.250000,29.740000,29.850000,23.692514
2012-10-08,29.920000,29.549999,29.780001,23.636948
2012-10-09,29.740000,29.180000,29.280001,23.240082
2012-10-10,29.309999,28.950001,28.980000,23.001972
2012-10-11,29.250000,28.870001,28.950001,22.978161
2012-10-12,29.320000,28.799999,29.200001,23.176586
2012-10-15,29.719999,29.250000,29.510000,23.422638
2012-10-16,29.740000,29.320000,29.490000,23.406771
2012-10-17,29.639999,29.090000,29.590000,23.486137
2012-10-18,29.730000,29.260000,29.500000,23.414709
2012-10-19,29.080000,28.500000,28.639999,22.732113
2012-10-22,28.830000,27.830000,28.000000,22.224138
2012-10-23,28.200001,27.760000,28.049999,22.263815
2012-10-24,28.200001,27.870001,27.900000,22.144749
2012-10-25,28.200001,27.860001,27.879999,22.128883
2012-10-26,28.340000,27.840000,28.209999,22.390810
2012-10-31,28.879999,28.500000,28.540001,22.652733
2012-11-01,29.559999,28.820000,29.520000,23.430582
2012-11-02,29.770000,29.330000,29.500000,23.414709
2012-11-05,29.740000,29.330000,29.629999,23.517889
2012-11-06,30.200001,29.610001,29.860001,23.700445
2012-11-07,29.830000,29.049999,29.080000,23.081347
2012-11-08,29.370001,28.799999,28.809999,22.867041
2012-11-09,29.190001,28.809999,28.830000,22.882917
2012-11-12,29.010000,28.209999,28.219999,22.398745
2012-11-13,27.299999,26.750000,27.090000,21.678526
2012-11-14,27.290001,26.799999,26.840000,21.478472
2012-11-15,26.969999,26.629999,26.660000,21.334421
2012-11-16,26.700001,26.340000,26.520000,21.222389
2012-11-19,26.799999,26.469999,26.730000,21.390440
2012-11-20,26.799999,26.459999,26.709999,21.374437
2012-11-21,27.170000,26.670000,26.950001,21.566494
2012-11-23,27.770000,27.200001,27.700001,22.166672
2012-11-26,27.580000,27.170000,27.389999,21.918600
2012-11-27,27.379999,27.040001,27.080000,21.670525
2012-11-28,27.389999,26.770000,27.360001,21.894588
2012-11-29,27.360001,26.860001,26.950001,21.566494
2012-11-30,27.129999,26.490000,26.620001,21.302425
2012-12-03,26.820000,26.400000,26.430000,21.150368
2012-12-04,26.629999,26.340000,26.370001,21.102356
2012-12-05,26.930000,26.260000,26.670000,21.342430
2012-12-06,26.980000,26.610001,26.730000,21.390440
2012-12-07,26.820000,26.370001,26.459999,21.174374
2012-12-10,26.969999,26.520000,26.940001,21.558498
2012-12-11,27.490000,27.049999,27.320000,21.862583
2012-12-12,27.620001,27.080000,27.240000,21.798559
2012-12-13,27.520000,26.950001,27.110001,21.694532
2012-12-14,27.129999,26.700001,26.809999,21.454458
2012-12-17,27.219999,26.680000,27.100000,21.686525
2012-12-18,27.629999,27.139999,27.559999,22.054646
2012-12-19,27.730000,27.250000,27.309999,21.854582
2012-12-20,27.680000,27.150000,27.680000,22.150671
2012-12-21,27.490000,27.000000,27.450001,21.966614
2012-12-24,27.250000,27.000000,27.059999,21.654526
2012-12-26,27.200001,26.700001,26.860001,21.494474
2012-12-27,27.090000,26.570000,26.959999,21.574501
2012-12-28,26.900000,26.549999,26.549999,21.246391
2012-12-31,26.770000,26.370001,26.709999,21.374437
2013-01-02,27.730000,27.150000,27.620001,22.102657
2013-01-03,27.650000,27.160000,27.250000,21.806566
2013-01-04,27.340000,26.730000,26.740000,21.398445
2013-01-07,26.879999,26.639999,26.690001,21.358438
2013-01-08,26.790001,26.459999,26.549999,21.246391
2013-01-09,26.750000,26.559999,26.700001,21.366436
2013-01-10,26.980000,26.290001,26.459999,21.174374
2013-01-11,26.930000,26.280001,26.830000,21.470467
2013-01-14,27.080000,26.760000,26.889999,21.518482
2013-01-15,27.290001,26.830000,27.209999,21.774553
2013-01-16,27.230000,27.010000,27.040001,21.638519
2013-01-17,27.469999,27.059999,27.250000,21.806566
2013-01-18,27.290001,27.040001,27.250000,21.806566
2013-01-22,27.450001,27.000000,27.150000,21.726543
2013-01-23,27.639999,27.200001,27.610001,22.094662
2013-01-24,28.070000,27.469999,27.629999,22.110662
2013-01-25,28.230000,27.389999,27.879999,22.310720
2013-01-28,28.230000,27.760000,27.910000,22.334732
2013-01-29,28.129999,27.600000,28.010000,22.414755
2013-01-30,28.190001,27.760000,27.850000,22.286711
2013-01-31,27.969999,27.400000,27.450001,21.966614
2013-02-01,28.049999,27.549999,27.930000,22.350733
2013-02-04,28.020000,27.420000,27.440001,21.958616
2013-02-05,27.660000,27.360001,27.500000,22.006626
2013-02-06,27.540001,27.250000,27.340000,21.878590
2013-02-07,27.389999,27.100000,27.280001,21.830580
2013-02-08,27.709999,27.309999,27.549999,22.046637
2013-02-11,27.920000,27.500000,27.860001,22.294714
2013-02-12,28.000000,27.750000,27.879999,22.310720
2013-02-13,28.110001,27.879999,28.030001,22.430748
2013-02-14,28.059999,27.870001,28.040001,22.438761
2013-02-15,28.160000,27.879999,28.010000,22.414755
2013-02-19,28.090000,27.799999,28.049999,22.632607
2013-02-20,28.200001,27.830000,27.870001,22.487370
2013-02-21,27.740000,27.230000,27.490000,22.180758
2013-02-22,27.760000,27.480000,27.760000,22.398611
2013-02-25,28.049999,27.370001,27.370001,22.083939
2013-02-26,27.600000,27.340000,27.370001,22.083939
2013-02-27,28.000000,27.330000,27.809999,22.438953
2013-02-28,27.969999,27.740000,27.799999,22.430887
2013-03-01,27.980000,27.520000,27.950001,22.551920
2013-03-04,28.150000,27.700001,28.150000,22.713289
2013-03-05,28.540001,28.160000,28.350000,22.874666
2013-03-06,28.230000,27.780001,28.090000,22.664883
2013-03-07,28.280001,28.010000,28.139999,22.705217
2013-03-08,28.330000,27.959999,28.000000,22.592264
2013-03-11,27.969999,27.670000,27.870001,22.487370
2013-03-12,27.950001,27.639999,27.910000,22.519650
2013-03-13,28.020000,27.750000,27.920000,22.527710
2013-03-14,28.160000,27.930000,28.139999,22.705217
2013-03-15,28.160000,27.980000,28.040001,22.624540
2013-03-18,28.280001,27.809999,28.100000,22.672947
2013-03-19,28.219999,28.030001,28.180000,22.737501
2013-03-20,28.490000,28.180000,28.320000,22.850464
2013-03-21,28.360001,28.049999,28.110001,22.681019
2013-03-22,28.340000,28.100000,28.250000,22.793978
2013-03-25,28.350000,27.959999,28.160000,22.721355
2013-03-26,28.340000,28.110001,28.160000,22.721355
2013-03-27,28.450001,28.080000,28.370001,22.890804
2013-03-28,28.660000,28.260000,28.610001,23.084444
2013-04-01,28.660000,28.360001,28.610001,23.084444
2013-04-02,28.850000,28.520000,28.799999,23.237757
2013-04-03,28.950001,28.540001,28.559999,23.044115
2013-04-04,28.610001,28.270000,28.600000,23.076385
2013-04-05,28.780001,28.110001,28.700001,23.157070
2013-04-08,28.730000,28.469999,28.590000,23.068308
2013-04-09,29.820000,28.680000,29.610001,23.891323
2013-04-10,30.320000,29.520000,30.280001,24.431915
2013-04-11,29.200001,28.730000,28.940001,23.350723
2013-04-12,29.020000,28.660000,28.790001,23.229683
2013-04-15,28.980000,28.510000,28.690001,23.149008
2013-04-16,29.139999,28.700001,28.969999,23.374916
2013-04-17,29.040001,28.600000,28.830000,23.261963
2013-04-18,28.980000,28.500000,28.790001,23.229683
2013-04-19,30.240000,29.610001,29.770000,24.020418
2013-04-22,31.180000,30.270000,30.830000,24.875698
2013-04-23,30.900000,30.379999,30.600000,24.690113
2013-04-24,31.920000,30.600000,31.760000,25.626087
2013-04-25,32.840000,31.540001,31.940001,25.771315
2013-04-26,31.980000,31.450001,31.790001,25.650288
2013-04-29,32.680000,31.770000,32.610001,26.311920
2013-04-30,33.110001,32.279999,33.099998,26.707291
2013-05-01,33.080002,32.599998,32.720001,26.400682
2013-05-02,33.169998,32.389999,33.160000,26.755693
2013-05-03,33.520000,33.080002,33.490002,27.021961
2013-05-06,33.910000,33.250000,33.750000,27.231754
2013-05-07,33.790001,33.240002,33.310001,26.876722
2013-05-08,33.240002,32.650002,32.990002,26.618528
2013-05-09,33.000000,32.590000,32.660000,26.352262
2013-05-10,32.720001,32.320000,32.689999,26.376465
2013-05-13,33.070000,32.549999,33.029999,26.650806
2013-05-14,33.529999,32.799999,33.529999,27.243944
2013-05-15,33.900002,33.430000,33.849998,27.503939
2013-05-16,34.150002,33.549999,34.080002,27.690825
2013-05-17,34.869999,34.099998,34.869999,28.332724
2013-05-20,35.099998,34.680000,35.080002,28.503357
2013-05-21,35.270000,34.720001,34.849998,28.316479
2013-05-22,34.840000,34.360001,34.610001,28.121471
2013-05-23,34.549999,33.900002,34.150002,27.747709
2013-05-24,34.279999,33.900002,34.270000,27.845217
2013-05-28,35.180000,34.410000,35.020000,28.454601
2013-05-29,35.020000,34.570000,34.880001,28.340851
2013-05-30,35.250000,34.810001,35.029999,28.462732
2013-05-31,35.279999,34.790001,34.900002,28.357098
2013-06-03,35.630001,34.830002,35.590000,28.917744
2013-06-04,35.740002,34.770000,34.990002,28.430231
2013-06-05,34.889999,34.430000,34.779999,28.259600
2013-06-06,35.110001,34.490002,34.959999,28.405851
2013-06-07,35.779999,35.060001,35.669998,28.982742
2013-06-10,35.650002,35.139999,35.470001,28.820236
2013-06-11,35.180000,34.680000,34.840000,28.308348
2013-06-12,35.270000,34.849998,35.000000,28.438358
2013-06-13,35.020000,34.590000,34.720001,28.210861
2013-06-14,34.689999,34.250000,34.400002,27.950844
2013-06-17,35.160000,34.630001,35.000000,28.438358
2013-06-18,35.169998,34.900002,34.980000,28.422096
2013-06-19,35.090000,34.590000,34.590000,28.105221
2013-06-20,34.330002,33.369999,33.490002,27.211451
2013-06-21,33.730000,33.049999,33.270000,27.032688
2013-06-24,34.200001,32.570000,33.720001,27.398321
2013-06-25,34.380001,33.459999,33.669998,27.357693
2013-06-26,34.480000,33.889999,34.349998,27.910223
2013-06-27,34.779999,34.500000,34.619999,28.129595
2013-06-28,34.790001,34.340000,34.540001,28.064589
2013-07-01,34.990002,34.330002,34.360001,27.918337
2013-07-02,34.439999,33.630001,33.939999,27.577080
2013-07-03,34.369999,33.599998,34.009998,27.633959
2013-07-05,34.240002,33.580002,34.209999,27.796453
2013-07-08,34.590000,33.980000,34.330002,27.893967
2013-07-09,34.599998,34.139999,34.349998,27.910223
2013-07-10,34.810001,34.320000,34.700001,28.194593
2013-07-11,35.770000,34.900002,35.689999,28.998993
2013-07-12,35.730000,35.279999,35.669998,28.982742
2013-07-15,36.220001,35.580002,36.169998,29.389017
2013-07-16,36.430000,35.959999,36.270000,29.470257
2013-07-17,36.389999,35.490002,35.740002,29.039625
2013-07-18,35.889999,35.220001,35.439999,28.795866
2013-07-19,32.669998,31.020000,31.400000,25.513266
2013-07-22,32.009998,31.600000,32.009998,26.008902
2013-07-23,32.040001,31.709999,31.820000,25.854528
2013-07-24,32.189999,31.889999,31.959999,25.968285
2013-07-25,31.650000,31.250000,31.389999,25.505138
2013-07-26,31.620001,31.209999,31.620001,25.692022
2013-07-29,31.600000,31.400000,31.540001,25.627018
2013-07-30,32.119999,31.549999,31.850000,25.878910
2013-07-31,32.049999,31.709999,31.840000,25.870768
2013-08-01,32.090000,31.600000,31.670000,25.732655
2013-08-02,31.900000,31.570000,31.889999,25.911402
2013-08-05,32.000000,31.639999,31.700001,25.757025
2013-08-06,31.670000,31.379999,31.580000,25.659527
2013-08-07,32.099998,31.250000,32.060001,26.049534
2013-08-08,33.070000,32.049999,32.889999,26.723921
2013-08-09,32.900002,32.470001,32.700001,26.569548
2013-08-12,32.970001,32.459999,32.869999,26.707670
2013-08-13,32.549999,32.209999,32.230000,26.372190
2013-08-14,33.360001,31.700001,32.349998,26.470381
2013-08-15,32.180000,30.840000,31.790001,26.012163
2013-08-16,31.990000,31.660000,31.799999,26.020346
2013-08-19,31.969999,31.379999,31.389999,25.684858
2013-08-20,31.900000,31.370001,31.620001,25.873064
2013-08-21,32.009998,31.540001,31.610001,25.864887
2013-08-22,32.490002,32.099998,32.389999,26.503122
2013-08-23,35.200001,34.000000,34.750000,28.434183
2013-08-26,34.669998,34.029999,34.150002,27.943237
2013-08-27,34.099998,33.150002,33.259998,27.214989
2013-08-28,33.599998,33.000000,33.020000,27.018616
2013-08-29,33.599998,32.799999,33.549999,27.452291
2013-08-30,33.480000,33.090000,33.400002,27.329550
2013-09-03,32.070000,31.290001,31.879999,26.085810
2013-09-04,31.469999,31.110001,31.200001,25.529404
2013-09-05,31.440001,30.950001,31.230000,25.553942
2013-09-06,31.389999,31.129999,31.150000,25.488485
2013-09-09,31.790001,31.200001,31.660000,25.905794
2013-09-10,32.400002,31.790001,32.389999,26.503122
2013-09-11,32.930000,32.529999,32.740002,26.789509
2013-09-12,32.779999,32.590000,32.689999,26.748589
2013-09-13,33.070000,32.509998,33.029999,27.026794
2013-09-16,33.500000,32.730000,32.799999,26.838602
2013-09-17,33.470001,32.900002,32.930000,26.944977
2013-09-18,33.400002,32.830002,33.320000,27.264097
2013-09-19,33.680000,33.320000,33.639999,27.525930
2013-09-20,33.480000,32.689999,32.790001,26.830416
2013-09-23,32.970001,32.500000,32.740002,26.789509
2013-09-24,32.869999,32.150002,32.450001,26.552212
2013-09-25,32.799999,32.400002,32.509998,26.601301
2013-09-26,33.000000,32.590000,32.770000,26.814054
2013-09-27,33.750000,32.869999,33.270000,27.223175
2013-09-30,33.310001,32.700001,33.279999,27.231356
2013-10-01,33.610001,33.299999,33.580002,27.476826
2013-10-02,34.029999,33.290001,33.919998,27.755035
2013-10-03,34.000000,33.419998,33.860001,27.705944
2013-10-04,33.990002,33.619999,33.880001,27.722307
2013-10-07,33.709999,33.200001,33.299999,27.247721
2013-10-08,33.330002,32.799999,33.009998,27.010429
2013-10-09,33.349998,32.959999,33.070000,27.059530
2013-10-10,33.889999,33.259998,33.759998,27.624113
2013-10-11,34.139999,33.680000,34.130001,27.926863
2013-10-14,34.500000,33.779999,34.450001,28.188717
2013-10-15,34.990002,34.470001,34.490002,28.221443
2013-10-16,34.900002,34.560001,34.639999,28.344168
2013-10-17,34.990002,34.369999,34.919998,28.573290
2013-10-18,34.990002,34.330002,34.959999,28.606018
2013-10-21,35.200001,34.910000,34.990002,28.630566
2013-10-22,35.099998,34.520000,34.580002,28.295082
2013-10-23,34.490002,33.669998,33.759998,27.624113
2013-10-24,34.099998,33.570000,33.720001,27.591387
2013-10-25,36.290001,35.470001,35.730000,29.236069
2013-10-28,35.730000,35.270000,35.570000,29.105156
2013-10-29,35.720001,35.259998,35.520000,29.064228
2013-10-30,35.790001,35.430000,35.540001,29.080597
2013-10-31,35.689999,35.340000,35.410000,28.974226
2013-11-01,35.689999,35.389999,35.529999,29.072426
2013-11-04,35.980000,35.549999,35.939999,29.407890
2013-11-05,36.709999,35.770000,36.639999,29.980673
2013-11-06,38.220001,37.060001,38.180000,31.240788
2013-11-07,38.009998,37.430000,37.500000,30.684380
2013-11-08,37.779999,37.340000,37.779999,30.913486
2013-11-11,37.779999,37.349998,37.590000,30.758015
2013-11-12,37.599998,37.200001,37.360001,30.569826
2013-11-13,38.160000,36.900002,38.160000,31.224428
2013-11-14,38.130001,37.720001,38.020000,31.109854
2013-11-15,38.020000,37.720001,37.840000,30.962585
2013-11-18,37.580002,37.070000,37.200001,30.438889
2013-11-19,37.230000,36.669998,36.740002,30.290491
2013-11-20,37.410000,36.860001,37.080002,30.570816
2013-11-21,37.529999,37.259998,37.400002,30.834641
2013-11-22,37.680000,37.330002,37.570000,30.974796
2013-11-25,37.950001,37.570000,37.639999,31.032516
2013-11-26,37.650002,37.349998,37.349998,30.793415
2013-11-27,37.759998,37.490002,37.599998,30.999521
2013-11-29,38.290001,37.820000,38.130001,31.436497
2013-12-02,38.779999,38.060001,38.450001,31.700315
2013-12-03,38.490002,38.080002,38.310001,31.584900
2013-12-04,38.980000,38.119999,38.939999,32.104313
2013-12-05,38.880001,37.180000,38.000000,31.329325
2013-12-06,38.549999,37.990002,38.360001,31.626112
2013-12-09,38.869999,38.369999,38.709999,31.914669
2013-12-10,38.900002,38.020000,38.110001,31.420000
2013-12-11,38.299999,37.389999,37.610001,31.007772
2013-12-12,37.639999,37.180000,37.220001,30.686239
2013-12-13,37.450001,36.619999,36.689999,30.249273
2013-12-16,37.000000,36.540001,36.889999,30.414165
2013-12-17,37.110001,36.330002,36.520000,30.109118
2013-12-18,36.599998,35.529999,36.580002,30.158592
2013-12-19,36.549999,36.080002,36.250000,29.886511
2013-12-20,36.930000,36.189999,36.799999,30.339964
2013-12-23,36.889999,36.549999,36.619999,30.191557
2013-12-24,37.169998,36.639999,37.080002,30.570816
2013-12-26,37.490002,37.169998,37.439999,30.867619
2013-12-27,37.619999,37.169998,37.290001,30.743956
2013-12-30,37.380001,36.900002,37.290001,30.743956
2013-12-31,37.580002,37.220001,37.410000,30.842878
2014-01-02,37.400002,37.099998,37.160000,30.636766
2014-01-03,37.220001,36.599998,36.910000,30.430651
2014-01-06,36.889999,36.110001,36.130001,29.787592
2014-01-07,36.490002,36.209999,36.410000,30.018421
2014-01-08,36.139999,35.580002,35.759998,29.482534
2014-01-09,35.910000,35.400002,35.529999,29.292896
2014-01-10,36.150002,35.750000,36.040001,29.713385
2014-01-13,36.020000,34.830002,34.980000,28.839451
2014-01-14,35.880001,34.630001,35.779999,29.499016
2014-01-15,36.790001,35.849998,36.759998,30.306986
2014-01-16,37.000000,36.310001,36.889999,30.414165
2014-01-17,36.830002,36.150002,36.380001,29.993698
2014-01-21,36.820000,36.060001,36.169998,29.820560
2014-01-22,36.320000,35.750000,35.930000,29.622690
2014-01-23,36.130001,35.520000,36.060001,29.729879
2014-01-24,37.549999,36.529999,36.810001,30.348223
2014-01-27,36.889999,35.980000,36.029999,29.705139
2014-01-28,36.389999,35.750000,36.270000,29.903002
2014-01-29,36.880001,35.900002,36.660000,30.224533
2014-01-30,36.880001,36.230000,36.860001,30.389435
2014-01-31,37.889999,36.560001,37.840000,31.197386
2014-02-03,37.990002,36.430000,36.480000,30.076134
2014-02-04,37.189999,36.250000,36.349998,29.968962
2014-02-05,36.470001,35.799999,35.820000,29.532001
2014-02-06,36.250000,35.689999,36.180000,29.828796
2014-02-07,36.590000,36.009998,36.560001,30.142109
2014-02-10,36.799999,36.290001,36.799999,30.339964
2014-02-11,37.259998,36.860001,37.169998,30.645010
2014-02-12,37.599998,37.299999,37.470001,30.892359
2014-02-13,37.860001,37.330002,37.610001,31.007772
2014-02-14,37.779999,37.330002,37.619999,31.016005
2014-02-18,37.779999,37.410000,37.419998,31.082455
2014-02-19,37.750000,37.209999,37.509998,31.157232
2014-02-20,37.869999,37.400002,37.750000,31.356564
2014-02-21,38.349998,37.860001,37.980000,31.547621
2014-02-24,37.980000,37.540001,37.689999,31.306732
2014-02-25,37.849998,37.349998,37.540001,31.182140
2014-02-26,37.740002,37.189999,37.470001,31.124006
2014-02-27,37.889999,37.230000,37.860001,31.447941
2014-02-28,38.459999,37.820000,38.310001,31.821747
2014-03-03,38.130001,37.490002,37.779999,31.381493
2014-03-04,38.480000,38.070000,38.410000,31.904808
2014-03-05,38.270000,37.930000,38.110001,31.655605
2014-03-06,38.240002,37.889999,38.150002,31.688839
2014-03-07,38.360001,37.689999,37.900002,31.481184
2014-03-10,38.009998,37.720001,37.820000,31.414724
2014-03-11,38.230000,37.720001,38.020000,31.580843
2014-03-12,38.430000,37.790001,38.270000,31.788515
2014-03-13,38.450001,37.639999,37.889999,31.472876
2014-03-14,38.139999,37.509998,37.700001,31.315046
2014-03-17,38.410000,37.790001,38.049999,31.605759
2014-03-18,39.900002,38.220001,39.549999,32.851723
2014-03-19,39.549999,38.910000,39.270000,32.619141
2014-03-20,40.650002,39.240002,40.330002,33.499615
2014-03-21,40.939999,40.009998,40.160000,33.358406
2014-03-24,40.639999,39.860001,40.500000,33.640831
2014-03-25,40.990002,39.959999,40.340000,33.507938
2014-03-26,40.709999,39.599998,39.790001,33.051083
2014-03-27,39.970001,39.340000,39.360001,32.693905
2014-03-28,40.639999,39.680000,40.299999,33.474709
2014-03-31,41.500000,40.400002,40.990002,34.047852
2014-04-01,41.590000,41.070000,41.419998,34.405018
2014-04-02,41.660000,41.169998,41.349998,34.346867
2014-04-03,41.290001,40.709999,41.009998,34.064445
2014-04-04,41.389999,39.639999,39.869999,33.117531
2014-04-07,40.270000,39.740002,39.799999,33.059387
2014-04-08,39.930000,39.200001,39.820000,33.076004
2014-04-09,40.549999,39.880001,40.470001,33.615917
2014-04-10,40.689999,39.090000,39.360001,32.693905
2014-04-11,39.790001,39.000000,39.209999,32.569305
2014-04-14,39.410000,38.900002,39.180000,32.544395
2014-04-15,39.959999,39.049999,39.750000,33.017849
2014-04-16,40.419998,39.910000,40.400002,33.557777
2014-04-17,40.200001,39.509998,40.009998,33.233814
2014-04-21,40.150002,39.790001,39.939999,33.175686
2014-04-22,40.139999,39.830002,39.990002,33.217209
2014-04-23,39.990002,39.470001,39.689999,32.968006
2014-04-24,39.970001,39.299999,39.860001,33.109226
2014-04-25,40.680000,39.750000,39.910000,33.150753
2014-04-28,41.290001,40.090000,40.869999,33.948162
2014-04-29,41.189999,40.389999,40.509998,33.649136
2014-04-30,40.500000,40.169998,40.400002,33.557777
2014-05-01,40.360001,39.950001,40.000000,33.225513
2014-05-02,40.340000,39.660000,39.689999,32.968006
2014-05-05,39.639999,39.299999,39.430000,32.752045
2014-05-06,39.349998,38.950001,39.060001,32.444717
2014-05-07,39.509998,38.509998,39.419998,32.743729
2014-05-08,39.900002,38.970001,39.639999,32.926483
2014-05-09,39.849998,39.369999,39.540001,32.843422
2014-05-12,40.020000,39.650002,39.970001,33.200596
2014-05-13,40.500000,39.849998,40.419998,33.811245
2014-05-14,40.450001,40.049999,40.240002,33.660667
2014-05-15,40.400002,39.509998,39.599998,33.125309
2014-05-16,39.840000,39.270000,39.830002,33.317699
2014-05-19,39.820000,39.459999,39.750000,33.250782
2014-05-20,39.939999,39.459999,39.680000,33.192226
2014-05-21,40.349998,39.740002,40.349998,33.752686
2014-05-22,40.349998,39.849998,40.099998,33.543560
2014-05-23,40.369999,40.000000,40.119999,33.560295
2014-05-27,40.259998,39.810001,40.189999,33.618843
2014-05-28,40.189999,39.820000,40.009998,33.468254
2014-05-29,40.349998,39.910000,40.340000,33.744331
2014-05-30,40.970001,40.250000,40.939999,34.246227
2014-06-02,41.090000,40.680000,40.790001,34.120747
2014-06-03,40.680000,40.250000,40.290001,33.702488
2014-06-04,40.369999,39.860001,40.320000,33.727581
2014-06-05,41.250000,40.400002,41.209999,34.472080
2014-06-06,41.660000,41.240002,41.480000,34.697926
2014-06-09,41.480000,41.020000,41.270000,34.522259
2014-06-10,41.160000,40.860001,41.110001,34.388420
2014-06-11,41.070000,40.770000,40.860001,34.179302
2014-06-12,40.880001,40.290001,40.580002,33.945068
2014-06-13,41.570000,40.860001,41.230000,34.488811
2014-06-16,41.610001,41.040001,41.500000,34.714645
2014-06-17,41.910000,40.340000,41.680000,34.865219
2014-06-18,41.740002,41.180000,41.650002,34.840122
2014-06-19,41.770000,41.330002,41.509998,34.723030
2014-06-20,41.830002,41.380001,41.680000,34.865219
2014-06-23,42.000000,41.689999,41.990002,35.124546
2014-06-24,41.939999,41.560001,41.750000,34.923786
2014-06-25,42.049999,41.459999,42.029999,35.158005
2014-06-26,41.939999,41.430000,41.720001,34.898685
2014-06-27,42.290001,41.509998,42.250000,35.342037
2014-06-30,42.209999,41.700001,41.700001,34.881958
2014-07-01,42.150002,41.689999,41.869999,35.024147
2014-07-02,41.900002,41.529999,41.900002,35.049263
2014-07-03,41.990002,41.560001,41.799999,34.965603
2014-07-07,42.119999,41.709999,41.990002,35.124546
2014-07-08,42.000000,41.610001,41.779999,34.948872
2014-07-09,41.990002,41.529999,41.669998,34.856880
2014-07-10,42.000000,41.049999,41.689999,34.873589
2014-07-11,42.090000,41.480000,42.090000,35.208176
2014-07-14,42.450001,42.040001,42.139999,35.250011
2014-07-15,42.470001,42.029999,42.450001,35.509319
2014-07-16,44.310001,42.480000,44.080002,36.872826
2014-07-17,45.709999,44.250000,44.529999,37.249252
2014-07-18,44.840000,44.250000,44.689999,37.383072
2014-07-21,45.160000,44.220001,44.840000,37.508556
2014-07-22,45.150002,44.590000,44.830002,37.500191
2014-07-23,45.450001,44.619999,44.869999,37.533649
2014-07-24,45.000000,44.320000,44.400002,37.140503
2014-07-25,44.660000,44.299999,44.500000,37.224159
2014-07-28,44.509998,43.930000,43.970001,36.780804
2014-07-29,44.090000,43.639999,43.889999,36.713882
2014-07-30,44.099998,43.290001,43.580002,36.454578
2014-07-31,43.689999,43.080002,43.160000,36.103241
2014-08-01,43.250000,42.599998,42.860001,35.852299
2014-08-04,43.470001,42.810001,43.369999,36.278912
2014-08-05,43.459999,42.830002,43.080002,36.036327
2014-08-06,43.169998,42.209999,42.740002,35.751904
2014-08-07,43.450001,42.650002,43.230000,36.161789
2014-08-08,43.320000,42.910000,43.200001,36.136707
2014-08-11,43.450001,43.020000,43.200001,36.136707
2014-08-12,43.590000,43.000000,43.520000,36.404392
2014-08-13,44.180000,43.520000,44.080002,36.872826
2014-08-14,44.419998,44.009998,44.270000,37.031742
2014-08-15,44.900002,44.400002,44.790001,37.466732
2014-08-18,45.110001,44.680000,45.110001,37.734409
2014-08-19,45.340000,44.830002,45.330002,38.155270
2014-08-20,45.400002,44.900002,44.950001,37.835423
2014-08-21,45.250000,44.830002,45.220001,38.062683
2014-08-22,45.470001,45.070000,45.150002,38.003765
2014-08-25,45.439999,45.040001,45.169998,38.020596
2014-08-26,45.400002,44.939999,45.009998,37.885914
2014-08-27,45.000000,44.759998,44.869999,37.768074
2014-08-28,44.980000,44.610001,44.880001,37.776485
2014-08-29,45.439999,44.860001,45.430000,38.239437
2014-09-02,45.459999,44.849998,45.090000,37.953255
2014-09-03,45.110001,44.529999,44.959999,37.843830
2014-09-04,45.270000,44.720001,45.259998,38.096348
2014-09-05,45.930000,45.110001,45.910000,38.643475
2014-09-08,46.799999,45.990002,46.470001,39.114830
2014-09-09,46.970001,46.419998,46.759998,39.358932
2014-09-10,46.939999,46.279999,46.840000,39.426289
2014-09-11,47.000000,46.470001,47.000000,39.560963
2014-09-12,47.020000,46.599998,46.700001,39.308430
2014-09-15,46.709999,46.099998,46.240002,38.921253
2014-09-16,46.849998,46.290001,46.759998,39.358932
2014-09-17,46.689999,46.230000,46.520000,39.156914
2014-09-18,46.830002,46.459999,46.680000,39.291599
2014-09-19,47.570000,46.599998,47.520000,39.998650
2014-09-22,47.380001,46.980000,47.060001,39.611458
2014-09-23,46.980000,46.470001,46.560001,39.190582
2014-09-24,47.110001,46.340000,47.080002,39.628288
2014-09-25,47.090000,46.029999,46.040001,38.752903
2014-09-26,46.619999,45.759998,46.410000,39.064339
2014-09-29,46.560001,45.759998,46.439999,39.089573
2014-09-30,46.480000,46.009998,46.360001,39.022243
2014-10-01,46.529999,45.849998,45.900002,38.635044
2014-10-02,46.099998,45.639999,45.759998,38.517204
2014-10-03,46.299999,45.610001,46.090000,38.794971
2014-10-06,46.299999,45.919998,46.090000,38.794971
2014-10-07,45.930000,45.419998,45.529999,38.323612
2014-10-08,46.889999,45.340000,46.779999,39.375759
2014-10-09,46.799999,45.740002,45.849998,38.592976
2014-10-10,46.119999,43.950001,44.029999,37.061031
2014-10-13,44.560001,43.490002,43.650002,36.741177
2014-10-14,44.380001,43.560001,43.730000,36.808514
2014-10-15,43.389999,42.099998,43.220001,36.379242
2014-10-16,43.080002,42.220001,42.740002,35.975208
2014-10-17,43.939999,42.790001,43.630001,36.724342
2014-10-20,44.139999,42.810001,44.080002,37.103127
2014-10-21,44.980000,44.189999,44.880001,37.776485
2014-10-22,45.070000,44.230000,44.380001,37.355644
2014-10-23,45.450001,44.529999,45.020000,37.894352
2014-10-24,46.900002,45.180000,46.130001,38.828655
2014-10-27,46.099998,45.709999,45.910000,38.643475
2014-10-28,46.500000,45.770000,46.490002,39.131676
2014-10-29,46.700001,46.340000,46.619999,39.241093
2014-10-30,46.320000,45.770000,46.049999,38.761307
2014-10-31,46.970001,46.480000,46.950001,39.518864
2014-11-03,47.459999,46.730000,47.439999,39.931297
2014-11-04,47.730000,47.250000,47.570000,40.040714
2014-11-05,47.900002,47.259998,47.860001,40.284832
2014-11-06,48.860001,47.790001,48.700001,40.991879
2014-11-07,48.919998,48.290001,48.680000,40.975040
2014-11-10,49.150002,48.549999,48.889999,41.151806
2014-11-11,48.950001,48.650002,48.869999,41.134987
2014-11-12,48.919998,48.520000,48.779999,41.059208
2014-11-13,49.650002,48.709999,49.610001,41.757843
2014-11-14,50.049999,49.389999,49.580002,41.732597
2014-11-17,49.709999,49.139999,49.459999,41.631588
2014-11-18,49.330002,48.700001,48.740002,41.284309
2014-11-19,48.750000,47.930000,48.220001,40.843845
2014-11-20,48.700001,47.869999,48.700001,41.250423
2014-11-21,49.049999,47.570000,47.980000,40.640560
2014-11-24,48.000000,47.389999,47.590000,40.310223
2014-11-25,47.970001,47.450001,47.470001,40.208569
2014-11-26,47.990002,47.279999,47.750000,40.445740
2014-11-28,48.200001,47.610001,47.810001,40.496571
2014-12-01,48.779999,47.709999,48.619999,41.182652
2014-12-02,49.049999,48.200001,48.459999,41.047123
2014-12-03,48.500000,47.810001,48.080002,40.725266
2014-12-04,49.060001,48.200001,48.840000,41.368996
2014-12-05,48.970001,48.380001,48.419998,41.013252
2014-12-08,48.349998,47.450001,47.700001,40.403385
2014-12-09,47.919998,47.049999,47.590000,40.310223
2014-12-10,47.660000,46.700001,46.900002,39.725773
2014-12-11,47.740002,46.680000,47.169998,39.954456
2014-12-12,47.730000,46.669998,46.950001,39.768101
2014-12-15,47.669998,46.549999,46.669998,39.530949
2014-12-16,46.340000,45.130001,45.160000,38.251926
2014-12-17,45.950001,44.900002,45.740002,38.743214
2014-12-18,47.520000,46.340000,47.520000,40.250923
2014-12-19,48.099998,47.169998,47.660000,40.369518
2014-12-22,48.119999,47.709999,47.980000,40.640560
2014-12-23,48.799999,48.130001,48.450001,41.038670
2014-12-24,48.639999,48.080002,48.139999,40.776070
2014-12-26,48.410000,47.820000,47.880001,40.555855
2014-12-29,47.779999,47.259998,47.450001,40.191635
2014-12-30,47.619999,46.840000,47.020000,39.827419
2014-12-31,47.439999,46.450001,46.450001,39.344601
2015-01-02,47.419998,46.540001,46.759998,39.607174
2015-01-05,46.730000,46.250000,46.330002,39.242950
2015-01-06,46.750000,45.540001,45.650002,38.666981
2015-01-07,46.459999,45.490002,46.230000,39.158253
2015-01-08,47.750000,46.720001,47.590000,40.310223
2015-01-09,47.820000,46.900002,47.189999,39.971394
2015-01-12,47.540001,46.360001,46.599998,39.471661
2015-01-13,47.910000,46.060001,46.360001,39.268372
2015-01-14,46.240002,45.619999,45.959999,38.929554
2015-01-15,46.380001,45.410000,45.480000,38.522980
2015-01-16,46.279999,45.169998,46.240002,39.166725
2015-01-20,46.650002,45.570000,46.389999,39.293789
2015-01-21,46.139999,45.480000,45.919998,38.895679
2015-01-22,47.139999,46.080002,47.130001,39.920574
2015-01-23,47.389999,46.799999,47.180000,39.962936
2015-01-26,47.130001,46.240002,47.009998,39.818939
2015-01-27,43.200001,42.110001,42.660000,36.134342
2015-01-28,42.790001,41.160000,41.189999,34.889225
2015-01-29,42.119999,40.790001,42.009998,35.583778
2015-01-30,41.580002,40.349998,40.400002,34.220058
2015-02-02,41.369999,40.230000,41.279999,34.965458
2015-02-03,41.930000,41.049999,41.599998,35.236496
2015-02-04,42.209999,41.360001,41.840000,35.439785
2015-02-05,42.639999,41.860001,42.450001,35.956493
2015-02-06,42.790001,42.150002,42.410000,35.922604
2015-02-09,42.740002,42.209999,42.360001,35.880230
2015-02-10,42.770000,42.180000,42.599998,36.083534
2015-02-11,42.650002,42.209999,42.380001,35.897175
2015-02-12,43.090000,42.509998,43.090000,36.498585
2015-02-13,43.869999,43.150002,43.869999,37.159264
2015-02-17,44.000000,43.189999,43.580002,37.176331
2015-02-18,43.700001,43.389999,43.529999,37.133663
2015-02-19,43.529999,43.049999,43.500000,37.108074
2015-02-20,43.880001,43.290001,43.860001,37.415169
2015-02-23,44.189999,43.650002,44.150002,37.662556
2015-02-24,44.299999,43.919998,44.090000,37.611378
2015-02-25,44.090000,43.799999,43.990002,37.526077
2015-02-26,44.230000,43.889999,44.060001,37.585796
2015-02-27,44.200001,43.660000,43.849998,37.406647
2015-03-02,44.189999,43.549999,43.880001,37.432236
2015-03-03,43.830002,43.090000,43.279999,36.920406
2015-03-04,43.209999,42.880001,43.060001,36.732735
2015-03-05,43.240002,42.820000,43.110001,36.775391
2015-03-06,43.110001,42.150002,42.360001,36.135582
2015-03-09,43.130001,42.189999,42.849998,36.553593
2015-03-10,42.709999,42.029999,42.029999,35.854084
2015-03-11,42.369999,41.840000,41.980000,35.811436
2015-03-12,41.650002,40.860001,41.020000,34.992496
2015-03-13,41.470001,40.610001,41.380001,35.299587
2015-03-16,41.639999,41.279999,41.560001,35.453148
2015-03-17,41.830002,41.150002,41.700001,35.572563
2015-03-18,42.830002,41.330002,42.500000,36.255024
2015-03-19,42.590000,42.220001,42.290001,36.075871
2015-03-20,42.980000,42.490002,42.880001,36.579174
2015-03-23,43.130001,42.779999,42.860001,36.562122
2015-03-24,43.169998,42.750000,42.900002,36.596233
2015-03-25,42.930000,41.439999,41.459999,35.367847
2015-03-26,41.610001,40.919998,41.209999,35.154560
2015-03-27,41.430000,40.830002,40.970001,34.949837
2015-03-30,41.540001,40.910000,40.959999,34.941311
2015-03-31,41.029999,40.540001,40.660000,34.685379
2015-04-01,40.759998,40.310001,40.720001,34.736580
2015-04-02,40.740002,40.119999,40.290001,34.369743
2015-04-06,41.779999,40.180000,41.549999,35.444611
2015-04-07,41.910000,41.310001,41.529999,35.427547
2015-04-08,41.689999,41.040001,41.419998,35.333706
2015-04-09,41.619999,41.250000,41.480000,35.384899
2015-04-10,41.950001,41.410000,41.720001,35.589630
2015-04-13,42.060001,41.389999,41.759998,35.623741
2015-04-14,42.029999,41.389999,41.650002,35.529919
2015-04-15,42.459999,41.680000,42.259998,36.050274
2015-04-16,42.340000,41.820000,42.160000,35.964973
2015-04-17,41.740002,41.160000,41.619999,35.504330
2015-04-20,43.169998,41.680000,42.910000,36.604771
2015-04-21,43.150002,42.529999,42.639999,36.374451
2015-04-22,43.130001,42.549999,42.990002,36.673012
2015-04-23,43.610001,42.799999,43.340000,36.971584
2015-04-24,48.139999,45.650002,47.869999,40.835968
2015-04-27,48.130001,47.220001,48.029999,40.972431
2015-04-28,49.209999,47.700001,49.160000,41.936398
2015-04-29,49.310001,48.500000,49.060001,41.851086
2015-04-30,49.540001,48.599998,48.639999,41.492809
2015-05-01,48.880001,48.400002,48.660000,41.509850
2015-05-04,48.869999,48.180000,48.240002,41.151588
2015-05-05,48.160000,47.310001,47.599998,40.605610
2015-05-06,47.770000,46.020000,46.279999,39.479588
2015-05-07,47.090000,46.160000,46.700001,39.837872
2015-05-08,47.980000,47.520000,47.750000,40.733582
2015-05-11,47.910000,47.369999,47.369999,40.409416
2015-05-12,47.680000,46.419998,47.349998,40.392345
2015-05-13,48.320000,47.570000,47.630001,40.631210
2015-05-14,48.820000,48.029999,48.720001,41.561035
2015-05-15,48.910000,48.049999,48.299999,41.202763
2015-05-18,48.220001,47.610001,48.009998,40.955383
2015-05-19,47.810001,47.180000,47.580002,40.852345
2015-05-20,47.930000,47.270000,47.580002,40.852345
2015-05-21,47.599998,47.009998,47.419998,40.714970
2015-05-22,47.349998,46.820000,46.900002,40.268497
2015-05-26,46.880001,46.189999,46.590000,40.002335
2015-05-27,47.770000,46.619999,47.610001,40.878094
2015-05-28,48.020000,47.389999,47.450001,40.740719
2015-05-29,47.570000,46.590000,46.860001,40.234138
2015-06-01,47.770000,46.619999,47.230000,40.551823
2015-06-02,47.349998,46.619999,46.919998,40.285664
2015-06-03,47.740002,46.820000,46.849998,40.225555
2015-06-04,47.160000,46.200001,46.360001,39.804836
2015-06-05,46.520000,45.840000,46.139999,39.615952
2015-06-08,46.430000,45.669998,45.730000,39.263931
2015-06-09,45.939999,45.459999,45.650002,39.195236
2015-06-10,46.830002,45.689999,46.610001,40.019508
2015-06-11,46.919998,46.130001,46.439999,39.873531
2015-06-12,46.470001,45.900002,45.970001,39.469982
2015-06-15,45.650002,45.020000,45.480000,39.049271
2015-06-16,46.240002,45.299999,45.830002,39.349777
2015-06-17,46.070000,45.360001,45.970001,39.469982
2015-06-18,46.799999,46.169998,46.720001,40.113953
2015-06-19,46.830002,45.990002,46.099998,39.581604
2015-06-22,46.720001,46.160000,46.230000,39.693222
2015-06-23,46.279999,45.619999,45.910000,39.418488
2015-06-24,46.250000,45.549999,45.639999,39.186642
2015-06-25,46.060001,45.500000,45.650002,39.195236
2015-06-26,46.279999,45.029999,45.259998,38.860378
2015-06-29,45.230000,44.360001,44.369999,38.096226
2015-06-30,44.720001,43.939999,44.150002,37.907322
2015-07-01,45.230000,44.099998,44.450001,38.164909
2015-07-02,44.750000,44.060001,44.400002,38.121983
2015-07-06,44.480000,43.950001,44.389999,38.113384
2015-07-07,44.490002,43.320000,44.299999,38.036129
2015-07-08,44.900002,44.029999,44.240002,37.984600
2015-07-09,45.220001,44.500000,44.520000,38.225018
2015-07-10,45.139999,44.570000,44.610001,38.302292
2015-07-13,45.619999,44.950001,45.540001,39.100792
2015-07-14,45.959999,45.310001,45.619999,39.169476
2015-07-15,45.889999,45.430000,45.759998,39.289684
2015-07-16,46.689999,45.970001,46.660000,40.062428
2015-07-17,46.779999,46.259998,46.619999,40.028080
2015-07-20,47.130001,46.439999,46.919998,40.285664
2015-07-21,47.330002,46.480000,47.279999,40.594753
2015-07-22,46.930000,45.200001,45.540001,39.100792
2015-07-23,46.230000,45.099998,46.110001,39.590202
2015-07-24,46.320000,45.799999,45.939999,39.444237
2015-07-27,46.009998,45.250000,45.349998,38.937653
2015-07-28,45.639999,44.790001,45.340000,38.929070
2015-07-29,46.779999,45.259998,46.290001,39.744747
2015-07-30,47.400002,45.930000,46.880001,40.251320
2015-07-31,47.369999,46.500000,46.700001,40.096767
2015-08-03,47.000000,46.450001,46.810001,40.191200
2015-08-04,47.709999,46.680000,47.540001,40.818001
2015-08-05,48.410000,47.540001,47.580002,40.852345
2015-08-06,47.770000,46.330002,46.619999,40.028080
2015-08-07,46.779999,46.259998,46.740002,40.131123
2015-08-10,47.490002,46.840000,47.330002,40.637691
2015-08-11,46.939999,45.900002,46.410000,39.847778
2015-08-12,46.900002,45.709999,46.740002,40.131123
2015-08-13,47.099998,46.490002,46.730000,40.122524
2015-08-14,47.099998,46.520000,47.000000,40.354355
2015-08-17,47.450001,46.570000,47.320000,40.629101
2015-08-18,47.430000,46.700001,47.270000,40.853817
2015-08-19,47.080002,46.299999,46.610001,40.283409
2015-08-20,46.470001,45.660000,45.660000,39.462330
2015-08-21,45.480000,43.070000,43.070000,37.223896
2015-08-24,42.689999,39.720001,41.680000,36.022572
2015-08-25,43.240002,40.389999,40.470001,34.976803
2015-08-26,42.840000,41.060001,42.709999,36.912762
2015-08-27,43.950001,42.930000,43.900002,37.941231
2015-08-28,44.150002,43.389999,43.930000,37.967171
2015-08-31,43.930000,43.099998,43.520000,37.612812
2015-09-01,42.590000,41.660000,41.820000,36.143566
2015-09-02,43.380001,41.880001,43.360001,37.474537
2015-09-03,43.980000,43.279999,43.500000,37.595528
2015-09-04,43.040001,42.200001,42.610001,36.826344
2015-09-08,44.000000,43.200001,43.889999,37.932598
2015-09-09,44.400002,42.910000,43.070000,37.223896
2015-09-10,43.790001,42.750000,43.290001,37.414043
2015-09-11,43.590000,42.939999,43.480000,37.578251
2015-09-14,43.439999,42.860001,43.040001,37.197979
2015-09-15,44.290001,43.080002,43.980000,38.010376
2015-09-16,44.380001,43.840000,44.299999,38.286949
2015-09-17,45.000000,44.080002,44.250000,38.243736
2015-09-18,43.990002,43.330002,43.480000,37.578251
2015-09-21,44.470001,43.599998,44.110001,38.122738
2015-09-22,44.049999,43.310001,43.900002,37.941231
2015-09-23,44.169998,43.509998,43.869999,37.915306
2015-09-24,44.130001,43.270000,43.910000,37.949883
2015-09-25,44.730000,43.759998,43.939999,37.975796
2015-09-28,44.090000,43.209999,43.290001,37.414043
2015-09-29,43.570000,43.049999,43.439999,37.543671
2015-09-30,44.299999,43.660000,44.259998,38.252377
2015-10-01,44.750000,43.750000,44.610001,38.554867
2015-10-02,45.570000,43.919998,45.570000,39.384563
2015-10-05,46.889999,45.700001,46.630001,40.300678
2015-10-06,47.180000,46.220001,46.750000,40.404392
2015-10-07,47.349998,45.950001,46.799999,40.447605
2015-10-08,47.520000,46.500000,47.450001,41.009380
2015-10-09,47.540001,46.919998,47.110001,40.715530
2015-10-12,47.070000,46.500000,47.000000,40.620464
2015-10-13,47.130001,46.560001,46.889999,40.525402
2015-10-14,47.099998,46.529999,46.680000,40.343903
2015-10-15,47.029999,46.529999,47.009998,40.629105
2015-10-16,47.540001,46.900002,47.509998,41.061237
2015-10-19,47.880001,47.020000,47.619999,41.156292
2015-10-20,47.810001,47.020000,47.770000,41.285938
2015-10-21,47.990002,47.110001,47.200001,40.793304
2015-10-22,48.950001,47.090000,48.029999,41.510658
2015-10-23,54.070000,52.250000,52.869999,45.693699
2015-10-26,54.320000,52.500000,54.250000,46.886387
2015-10-27,54.369999,53.580002,53.689999,46.402393
2015-10-28,53.980000,52.860001,53.980000,46.653027
2015-10-29,53.830002,53.220001,53.360001,46.117199
2015-10-30,53.990002,52.619999,52.639999,45.494911
2015-11-02,53.360001,52.619999,53.240002,46.013496
2015-11-03,54.389999,52.900002,54.150002,46.799957
2015-11-04,54.880001,54.060001,54.400002,47.016029
2015-11-05,54.700001,54.000000,54.380001,46.998741
2015-11-06,54.980000,53.959999,54.919998,47.465431
2015-11-09,54.869999,53.560001,54.160000,46.808594
2015-11-10,54.130001,53.270000,53.509998,46.246815
2015-11-11,54.200001,53.459999,53.650002,46.367821
2015-11-12,53.980000,53.189999,53.320000,46.082615
2015-11-13,53.290001,52.529999,52.840000,45.667770
2015-11-16,53.889999,52.849998,53.770000,46.471539
2015-11-17,53.529999,52.849998,52.970001,46.088692
2015-11-18,53.980000,52.980000,53.849998,46.854382
2015-11-19,54.660000,53.779999,53.939999,46.932678
2015-11-20,54.299999,53.270000,54.189999,47.150200
2015-11-23,54.459999,53.750000,54.189999,47.150200
2015-11-24,54.439999,53.580002,54.250000,47.202415
2015-11-25,54.230000,53.689999,53.689999,46.715149
2015-11-27,54.080002,53.790001,53.930000,46.923985
2015-11-30,54.959999,54.000000,54.349998,47.289429
2015-12-01,55.230000,54.299999,55.220001,48.046410
2015-12-02,55.959999,55.060001,55.209999,48.037697
2015-12-03,55.770000,53.930000,54.200001,47.158905
2015-12-04,56.230000,54.099998,55.910000,48.646782
2015-12-07,55.970001,55.290001,55.810001,48.559746
2015-12-08,56.099998,54.990002,55.790001,48.542362
2015-12-09,55.869999,54.509998,54.980000,47.837570
2015-12-10,55.660000,55.009998,55.270000,48.089912
2015-12-11,55.099998,54.009998,54.060001,47.037083
2015-12-14,55.209999,53.680000,55.139999,47.976788
2015-12-15,55.900002,55.090000,55.200001,48.028996
2015-12-16,56.250000,54.759998,56.130001,48.838184
2015-12-17,56.790001,55.529999,55.700001,48.464039
2015-12-18,56.000000,54.029999,54.130001,47.098003
2015-12-21,55.349998,54.230000,54.830002,47.707069
2015-12-22,55.480000,54.500000,55.349998,48.159512
2015-12-23,55.880001,55.439999,55.820000,48.568451
2015-12-24,55.959999,55.430000,55.669998,48.437939
2015-12-28,55.950001,54.980000,55.950001,48.681572
2015-12-29,56.849998,56.060001,56.549999,49.203629
2015-12-30,56.779999,56.290001,56.310001,48.994785
2015-12-31,56.189999,55.419998,55.480000,48.272621
2016-01-04,54.799999,53.389999,54.799999,47.680950
2016-01-05,55.389999,54.540001,55.049999,47.898491
2016-01-06,54.400002,53.639999,54.049999,47.028397
2016-01-07,53.490002,52.070000,52.169998,45.392612
2016-01-08,53.279999,52.150002,52.330002,45.531830
2016-01-11,52.849998,51.459999,52.299999,45.505749
2016-01-12,53.099998,52.060001,52.779999,45.923382
2016-01-13,54.070000,51.299999,51.639999,44.931480
2016-01-14,53.419998,51.570000,53.110001,46.210514
2016-01-15,51.970001,50.340000,50.990002,44.365921
2016-01-19,51.680000,50.060001,50.560001,43.991776
2016-01-20,51.380001,49.099998,50.790001,44.191895
2016-01-21,51.580002,50.299999,50.480000,43.922184
2016-01-22,52.330002,51.259998,52.290001,45.497040
2016-01-25,52.650002,51.650002,51.790001,45.061993
2016-01-26,52.439999,51.549999,52.169998,45.392612
2016-01-27,52.200001,51.020000,51.220001,44.566040
2016-01-28,52.209999,51.250000,52.060001,45.296906
2016-01-29,55.090000,54.000000,55.090000,47.933292
2016-02-01,55.090000,54.500000,54.709999,47.602650
2016-02-02,54.259998,52.650002,53.000000,46.114796
2016-02-03,53.389999,51.259998,52.160000,45.383934
2016-02-04,52.810001,51.369999,52.000000,45.244713
2016-02-05,52.000000,49.560001,50.160000,43.643730
2016-02-08,49.570000,48.189999,49.410000,42.991173
2016-02-09,50.240002,48.669998,49.279999,42.878067
2016-02-10,50.389999,49.520000,49.709999,43.252193
2016-02-11,50.110001,48.509998,49.689999,43.234787
2016-02-12,50.680000,49.750000,50.500000,43.939571
2016-02-16,51.090000,50.130001,51.090000,44.772099
2016-02-17,52.770000,51.450001,52.419998,45.937611
2016-02-18,52.950001,52.099998,52.189999,45.736057
2016-02-19,52.279999,51.529999,51.820000,45.411823
2016-02-22,53.000000,52.279999,52.650002,46.139179
2016-02-23,52.369999,50.980000,51.180000,44.850964
2016-02-24,51.500000,50.200001,51.360001,45.008701
2016-02-25,52.099998,50.610001,52.099998,45.657181
2016-02-26,52.680000,51.099998,51.299999,44.956127
2016-02-29,51.650002,50.660000,50.880001,44.588078
2016-03-01,52.590000,50.919998,52.580002,46.077843
2016-03-02,52.959999,52.160000,52.950001,46.402096
2016-03-03,52.970001,51.779999,52.349998,45.876274
2016-03-04,52.450001,51.709999,52.029999,45.595860
2016-03-07,51.799999,50.580002,51.029999,44.719524
2016-03-08,52.130001,50.599998,51.650002,45.262840
2016-03-09,52.849998,51.860001,52.840000,46.305691
2016-03-10,52.939999,51.160000,52.049999,45.613384
2016-03-11,53.070000,52.380001,53.070000,46.507244
2016-03-14,53.590000,52.630001,53.169998,46.594868
2016-03-15,53.590000,52.740002,53.590000,46.962944
2016-03-16,54.599998,53.400002,54.349998,47.628952
2016-03-17,55.000000,54.000000,54.660000,47.900623
2016-03-18,54.970001,53.450001,53.490002,46.875313
2016-03-21,53.930000,52.930000,53.860001,47.199539
2016-03-22,54.250000,53.459999,54.070000,47.383575
2016-03-23,54.240002,53.740002,53.970001,47.295948
2016-03-24,54.330002,53.730000,54.209999,47.506248
2016-03-28,54.290001,53.330002,53.540001,46.919121
2016-03-29,54.860001,53.450001,54.709999,47.944427
2016-03-30,55.639999,54.900002,55.049999,48.242397
2016-03-31,55.590000,54.860001,55.230000,48.400135
2016-04-01,55.610001,54.570000,55.570000,48.698093
2016-04-04,55.660000,55.000000,55.430000,48.575394
2016-04-05,55.299999,54.459999,54.560001,47.812988
2016-04-06,55.200001,54.209999,55.119999,48.303730
2016-04-07,54.910000,54.230000,54.459999,47.725346
2016-04-08,55.279999,54.320000,54.419998,47.690296
2016-04-11,55.150002,54.299999,54.310001,47.593895
2016-04-12,54.779999,53.759998,54.650002,47.891850
2016-04-13,55.439999,54.889999,55.349998,48.505287
2016-04-14,55.580002,55.070000,55.360001,48.514057
2016-04-15,55.919998,55.110001,55.650002,48.768196
2016-04-18,56.590000,55.209999,56.459999,49.478020
2016-04-19,56.770000,55.680000,56.389999,49.416679
2016-04-20,56.500000,55.490002,55.590000,48.715603
2016-04-21,56.230000,55.419998,55.779999,48.882122
2016-04-22,52.430000,50.770000,51.779999,45.376762
2016-04-25,52.130001,51.630001,52.110001,45.665962
2016-04-26,52.349998,51.090000,51.439999,45.078812
2016-04-27,51.500000,50.549999,50.939999,44.640633
2016-04-28,50.770000,49.560001,49.900002,43.729259
2016-04-29,50.250000,49.349998,49.869999,43.702969
2016-05-02,50.750000,49.779999,50.610001,44.351463
2016-05-03,50.410000,49.599998,49.779999,43.624104
2016-05-04,50.060001,49.459999,49.869999,43.702969
2016-05-05,50.299999,49.730000,49.939999,43.764309
2016-05-06,50.389999,49.660000,50.389999,44.158657
2016-05-09,50.590000,50.000000,50.070000,43.878227
2016-05-10,51.099998,50.189999,51.020000,44.710754
2016-05-11,51.779999,51.000000,51.049999,44.737041
2016-05-12,51.810001,50.919998,51.509998,45.140141
2016-05-13,51.900002,51.040001,51.080002,44.763332
2016-05-16,51.959999,50.750000,51.830002,45.420589
2016-05-17,51.730000,50.360001,50.509998,44.573410
2016-05-18,51.139999,50.299999,50.810001,44.838169
2016-05-19,50.619999,49.820000,50.320000,44.405750
2016-05-20,51.220001,50.400002,50.619999,44.670486
2016-05-23,50.680000,49.980000,50.029999,44.149830
2016-05-24,51.709999,50.400002,51.590000,45.526474
2016-05-25,52.490002,51.790001,52.119999,45.994179
2016-05-26,51.980000,51.360001,51.889999,45.791214
2016-05-27,52.320000,51.770000,52.320000,46.170685
2016-05-31,53.000000,52.080002,53.000000,46.770756
2016-06-01,52.950001,52.439999,52.849998,46.638382
2016-06-02,52.740002,51.840000,52.480000,46.311878
2016-06-03,52.419998,51.599998,51.790001,45.702972
2016-06-06,52.349998,51.889999,52.130001,46.003017
2016-06-07,52.730000,52.099998,52.099998,45.976528
2016-06-08,52.439999,51.869999,52.040001,45.923588
2016-06-09,52.000000,51.490002,51.619999,45.552948
2016-06-10,52.049999,51.040001,51.480000,45.429405
2016-06-13,50.720001,49.060001,50.139999,44.246902
2016-06-14,50.099998,49.570000,49.830002,43.973343
2016-06-15,50.119999,49.689999,49.689999,43.849777
2016-06-16,50.470001,49.509998,50.389999,44.467522
2016-06-17,50.430000,49.820000,50.130001,44.238087
2016-06-20,50.830002,50.029999,50.070000,44.185127
2016-06-21,51.430000,50.160000,51.189999,45.173500
2016-06-22,51.459999,50.950001,50.990002,44.997005
2016-06-23,52.060001,51.150002,51.910000,45.808868
2016-06-24,50.939999,49.520000,49.830002,43.973343
2016-06-27,49.150002,48.040001,48.430000,42.737885
2016-06-28,49.470001,48.669998,49.439999,43.629181
2016-06-29,50.720001,49.799999,50.540001,44.599903
2016-06-30,51.299999,50.500000,51.169998,45.155842
2016-07-01,51.720001,51.070000,51.160000,45.147018
2016-07-05,51.279999,50.740002,51.169998,45.155842
2016-07-06,51.540001,50.389999,51.380001,45.341160
2016-07-07,51.610001,51.070000,51.380001,45.341160
2016-07-08,52.360001,51.549999,52.299999,46.153034
2016-07-11,52.830002,52.470001,52.590000,46.408939
2016-07-12,53.400002,52.790001,53.209999,46.956078
2016-07-13,53.860001,53.180000,53.509998,47.220818
2016-07-14,53.990002,53.580002,53.740002,47.423790
2016-07-15,54.000000,53.209999,53.700001,47.388489
2016-07-18,54.340000,53.549999,53.959999,47.617924
2016-07-19,53.900002,52.930000,53.090000,46.850185
2016-07-20,56.840000,55.529999,55.910000,49.338737
2016-07-21,56.230000,55.759998,55.799999,49.241661
2016-07-22,56.630001,55.779999,56.570000,49.921165
2016-07-25,56.740002,56.259998,56.730000,50.062363
2016-07-26,57.290001,56.509998,56.759998,50.088829
2016-07-27,56.799999,56.110001,56.189999,49.585827
2016-07-28,56.369999,55.720001,56.209999,49.603489
2016-07-29,56.759998,56.049999,56.680000,50.018238
2016-08-01,56.750000,56.139999,56.580002,49.929993
2016-08-02,56.900002,56.310001,56.580002,49.929993
2016-08-03,57.110001,56.490002,56.970001,50.274147
2016-08-04,57.520000,56.669998,57.389999,50.644787
2016-08-05,58.209999,57.450001,57.959999,51.147804
2016-08-08,58.090000,57.779999,58.060001,51.236046
2016-08-09,58.500000,58.020000,58.200001,51.359589
2016-08-10,58.320000,57.820000,58.020000,51.200741
2016-08-11,58.450001,58.029999,58.299999,51.447842
2016-08-12,58.189999,57.619999,57.939999,51.130150
2016-08-15,58.500000,57.959999,58.119999,51.288998
2016-08-16,57.619999,57.270000,57.439999,51.004841
2016-08-17,57.680000,57.230000,57.560001,51.111401
2016-08-18,57.700001,57.270000,57.599998,51.146919
2016-08-19,57.730000,57.200001,57.619999,51.164673
2016-08-22,57.750000,57.259998,57.669998,51.209064
2016-08-23,58.180000,57.849998,57.889999,51.404423
2016-08-24,58.040001,57.720001,57.950001,51.457695
2016-08-25,58.290001,57.779999,58.169998,51.653053
2016-08-26,58.700001,57.689999,58.029999,51.528728
2016-08-29,58.599998,58.099998,58.099998,51.590904
2016-08-30,58.189999,57.610001,57.889999,51.404423
2016-08-31,57.799999,57.299999,57.459999,51.022606
2016-09-01,57.820000,57.009998,57.590000,51.138027
2016-09-02,58.189999,57.419998,57.669998,51.209064
2016-09-06,57.799999,57.209999,57.610001,51.155792
2016-09-07,57.840000,57.410000,57.660000,51.200191
2016-09-08,57.790001,57.180000,57.430000,50.995953
2016-09-09,57.520000,56.209999,56.209999,49.912628
2016-09-12,57.209999,55.610001,57.049999,50.658524
2016-09-13,56.650002,56.049999,56.529999,50.196785
2016-09-14,56.630001,56.029999,56.259998,49.957043
2016-09-15,57.349998,55.980000,57.189999,50.782841
2016-09-16,57.630001,56.750000,57.250000,50.836128
2016-09-19,57.750000,56.849998,56.930000,50.551979
2016-09-20,57.349998,56.750000,56.810001,50.445427
2016-09-21,57.849998,57.080002,57.759998,51.288994
2016-09-22,58.000000,57.630001,57.820000,51.342281
2016-09-23,57.910000,57.380001,57.430000,50.995953
2016-09-26,57.139999,56.830002,56.900002,50.525337
2016-09-27,58.060001,56.680000,57.950001,51.457695
2016-09-28,58.060001,57.669998,58.029999,51.528728
2016-09-29,58.169998,57.209999,57.400002,50.969330
2016-09-30,57.770000,57.340000,57.599998,51.146919
2016-10-03,57.549999,57.060001,57.419998,50.987087
2016-10-04,57.599998,56.970001,57.240002,50.827251
2016-10-05,57.959999,57.259998,57.639999,51.182438
2016-10-06,57.860001,57.279999,57.740002,51.271236
2016-10-07,57.980000,57.419998,57.799999,51.324516
2016-10-10,58.389999,57.869999,58.040001,51.537617
2016-10-11,58.020000,56.889999,57.189999,50.782841
2016-10-12,57.270000,56.400002,57.110001,50.711819
2016-10-13,57.299999,56.320000,56.919998,50.543106
2016-10-14,57.740002,57.119999,57.419998,50.987087
2016-10-17,57.459999,56.869999,57.220001,50.809486
2016-10-18,57.950001,57.410000,57.660000,51.200191
2016-10-19,57.840000,57.400002,57.529999,51.084755
2016-10-20,57.520000,56.660000,57.250000,50.836128
2016-10-21,60.450001,59.490002,59.660000,52.976135
2016-10-24,61.000000,59.930000,61.000000,54.166004
2016-10-25,61.369999,60.799999,60.990002,54.157124
2016-10-26,61.200001,60.470001,60.630001,53.837444
2016-10-27,60.830002,60.090000,60.099998,53.366848
2016-10-28,60.520000,59.580002,59.869999,53.162598
2016-10-31,60.419998,59.919998,59.919998,53.207001
2016-11-01,60.020000,59.250000,59.799999,53.100445
2016-11-02,59.930000,59.299999,59.430000,52.771881
2016-11-03,59.639999,59.110001,59.209999,52.576542
2016-11-04,59.279999,58.520000,58.709999,52.132557
2016-11-07,60.520000,59.779999,60.419998,53.650993
2016-11-08,60.779999,60.150002,60.470001,53.695389
2016-11-09,60.590000,59.200001,60.169998,53.428989
2016-11-10,60.490002,57.630001,58.700001,52.123676
2016-11-11,59.119999,58.009998,59.020000,52.407822
2016-11-14,59.080002,57.279999,58.119999,51.608665
2016-11-15,59.490002,58.320000,58.869999,52.627789
2016-11-16,59.660000,58.810001,59.650002,53.325073
2016-11-17,60.950001,59.970001,60.639999,54.210083
2016-11-18,61.139999,60.299999,60.349998,53.950848
2016-11-21,60.970001,60.419998,60.860001,54.406761
2016-11-22,61.259998,60.810001,61.119999,54.639198
2016-11-23,61.099998,60.250000,60.400002,53.995533
2016-11-25,60.529999,60.130001,60.529999,54.111752
2016-11-28,61.020000,60.209999,60.610001,54.183292
2016-11-29,61.410000,60.520000,61.090000,54.612381
2016-11-30,61.180000,60.220001,60.259998,53.870377
2016-12-01,60.150002,58.939999,59.200001,52.922798
2016-12-02,59.470001,58.799999,59.250000,52.967476
2016-12-05,60.590000,59.560001,60.220001,53.834637
2016-12-06,60.459999,59.799999,59.950001,53.593262
2016-12-07,61.380001,59.799999,61.369999,54.862694
2016-12-08,61.580002,60.840000,61.009998,54.540859
2016-12-09,61.990002,61.130001,61.970001,55.399075
2016-12-12,62.299999,61.720001,62.169998,55.577869
2016-12-13,63.419998,62.240002,62.980000,56.301971
2016-12-14,63.450001,62.529999,62.680000,56.033787
2016-12-15,63.150002,62.299999,62.580002,55.944393
2016-12-16,62.950001,62.119999,62.299999,55.694080
2016-12-19,63.770000,62.419998,63.619999,56.874111
2016-12-20,63.799999,63.029999,63.540001,56.802593
2016-12-21,63.700001,63.119999,63.540001,56.802593
2016-12-22,64.099998,63.410000,63.549999,56.811543
2016-12-23,63.540001,62.799999,63.240002,56.534420
2016-12-27,64.070000,63.209999,63.279999,56.570160
2016-12-28,63.400002,62.830002,62.990002,56.310928
2016-12-29,63.200001,62.730000,62.900002,56.230457
2016-12-30,62.990002,62.029999,62.139999,55.551041
2017-01-03,62.840000,62.130001,62.580002,55.944393
2017-01-04,62.750000,62.119999,62.299999,55.694080
2017-01-05,62.660000,62.029999,62.299999,55.694080
2017-01-06,63.150002,62.040001,62.840000,56.176826
2017-01-09,63.080002,62.540001,62.639999,55.998035
2017-01-10,63.070000,62.279999,62.619999,55.980148
2017-01-11,63.230000,62.430000,63.189999,56.489716
2017-01-12,63.400002,61.950001,62.610001,55.971210
2017-01-13,62.869999,62.349998,62.700001,56.051670
2017-01-17,62.700001,62.029999,62.529999,55.899685
2017-01-18,62.700001,62.119999,62.500000,55.872879
2017-01-19,62.980000,62.200001,62.299999,55.694080
2017-01-20,62.820000,62.369999,62.740002,56.087425
2017-01-23,63.119999,62.570000,62.959999,56.284092
2017-01-24,63.740002,62.939999,63.520000,56.784718
2017-01-25,64.099998,63.450001,63.680000,56.927765
2017-01-26,64.540001,63.549999,64.269997,57.455185
2017-01-27,65.910004,64.889999,65.779999,58.805084
2017-01-30,65.790001,64.800003,65.129997,58.223991
2017-01-31,65.150002,64.260002,64.650002,57.794907
2017-02-01,64.620003,63.470001,63.580002,56.838356
2017-02-02,63.410000,62.750000,63.169998,56.471828
2017-02-03,63.700001,63.070000,63.680000,56.927765
2017-02-06,63.650002,63.139999,63.639999,56.891991
2017-02-07,63.779999,63.230000,63.430000,56.704277
2017-02-08,63.810001,63.220001,63.340000,56.623798
2017-02-09,64.440002,63.320000,64.059998,57.267460
2017-02-10,64.300003,63.980000,64.000000,57.213825
2017-02-13,64.860001,64.129997,64.720001,57.857475
2017-02-14,64.720001,64.019997,64.570000,58.073326
2017-02-15,64.570000,64.160004,64.529999,58.037361
2017-02-16,65.239998,64.440002,64.519997,58.028351
2017-02-17,64.690002,64.300003,64.620003,58.118301
2017-02-21,64.949997,64.449997,64.489998,58.001385
2017-02-22,64.389999,64.050003,64.360001,57.884449
2017-02-23,64.730003,64.190002,64.620003,58.118301
2017-02-24,64.800003,64.139999,64.620003,58.118301
2017-02-27,64.540001,64.050003,64.230003,57.767548
2017-02-28,64.199997,63.759998,63.980000,57.542694
2017-03-01,64.989998,64.019997,64.940002,58.406113
2017-03-02,64.750000,63.880001,64.010002,57.569675
2017-03-03,64.279999,63.619999,64.250000,57.785522
2017-03-06,64.559998,63.810001,64.269997,57.803509
2017-03-07,64.779999,64.190002,64.400002,57.920441
2017-03-08,65.080002,64.250000,64.989998,58.451073
2017-03-09,65.199997,64.480003,64.730003,58.217236
2017-03-10,65.260002,64.750000,64.930000,58.397110
2017-03-13,65.190002,64.570000,64.709999,58.199253
2017-03-14,64.550003,64.150002,64.410004,57.929432
2017-03-15,64.919998,64.250000,64.750000,58.235207
2017-03-16,64.760002,64.300003,64.639999,58.136288
2017-03-17,65.239998,64.680000,64.870003,58.343143
2017-03-20,65.180000,64.720001,64.930000,58.397110
2017-03-21,65.500000,64.129997,64.209999,57.749550
2017-03-22,65.139999,64.120003,65.029999,58.487057
2017-03-23,65.239998,64.769997,64.870003,58.343143
2017-03-24,65.449997,64.760002,64.980003,58.442081
2017-03-27,65.220001,64.349998,65.099998,58.549992
2017-03-28,65.470001,64.650002,65.290001,58.720890
2017-03-29,65.500000,64.949997,65.470001,58.882774
2017-03-30,65.980003,65.360001,65.709999,59.098640
2017-03-31,66.190002,65.449997,65.860001,59.233536
2017-04-03,65.940002,65.190002,65.550003,58.954720
2017-04-04,65.809998,65.279999,65.730003,59.116615
2017-04-05,66.349998,65.440002,65.559998,58.963718
2017-04-06,66.059998,65.480003,65.730003,59.116615
2017-04-07,65.959999,65.440002,65.680000,59.071655
2017-04-10,65.820000,65.360001,65.529999,58.936733
2017-04-11,65.610001,64.849998,65.480003,58.891777
2017-04-12,65.510002,65.110001,65.230003,58.666927
2017-04-13,65.860001,64.949997,64.949997,58.415089
2017-04-17,65.489998,65.010002,65.480003,58.891777
2017-04-18,65.709999,65.160004,65.389999,58.810833
2017-04-19,65.750000,64.889999,65.040001,58.496048
2017-04-20,65.750000,65.139999,65.500000,58.909771
2017-04-21,66.699997,65.449997,66.400002,59.719212
2017-04-24,67.660004,67.099998,67.529999,60.735504
2017-04-25,68.040001,67.599998,67.919998,61.086273
2017-04-26,68.309998,67.620003,67.830002,61.005325
2017-04-27,68.379997,67.580002,68.269997,61.401047
2017-04-28,69.139999,67.690002,68.459999,61.571949
2017-05-01,69.550003,68.500000,69.410004,62.426384
2017-05-02,69.709999,69.129997,69.300003,62.327419
2017-05-03,69.379997,68.709999,69.080002,62.129562
2017-05-04,69.080002,68.639999,68.809998,61.886738
2017-05-05,69.029999,68.489998,69.000000,62.057594
2017-05-08,69.050003,68.419998,68.940002,62.003651
2017-05-09,69.279999,68.680000,69.040001,62.093609
2017-05-10,69.559998,68.919998,69.309998,62.336403
2017-05-11,68.730003,68.120003,68.459999,61.571949
2017-05-12,68.610001,68.040001,68.379997,61.499981
2017-05-15,68.480003,67.570000,68.430000,61.544952
2017-05-16,69.440002,68.160004,69.410004,62.784203
2017-05-17,69.099998,67.430000,67.480003,61.038425
2017-05-18,68.129997,67.139999,67.709999,61.246460
2017-05-19,68.099998,67.430000,67.690002,61.228367
2017-05-22,68.500000,67.500000,68.449997,61.915829
2017-05-23,68.750000,68.379997,68.680000,62.123867
2017-05-24,68.879997,68.449997,68.769997,62.205280
2017-05-25,69.879997,68.910004,69.620003,62.974133
2017-05-26,70.220001,69.519997,69.959999,63.281670
2017-05-30,70.410004,69.769997,70.410004,63.688713
2017-05-31,70.739998,69.809998,69.839996,63.173138
2017-06-01,70.610001,69.449997,70.099998,63.408325
2017-06-02,71.860001,70.239998,71.760002,64.909874
2017-06-05,72.889999,71.809998,72.279999,65.380203
2017-06-06,72.620003,72.269997,72.519997,65.597321
2017-06-07,72.769997,71.949997,72.389999,65.479706
2017-06-08,72.519997,71.500000,71.949997,65.081718
2017-06-09,72.080002,68.589996,70.320000,63.607304
2017-06-12,69.940002,68.129997,69.779999,63.118889
2017-06-13,70.820000,69.959999,70.650002,63.905811
2017-06-14,71.099998,69.430000,70.269997,63.562077
2017-06-15,70.209999,68.800003,69.900002,63.227394
2017-06-16,70.029999,69.220001,70.000000,63.317863
2017-06-19,70.940002,70.349998,70.870003,64.104813
2017-06-20,70.870003,69.870003,69.910004,63.236446
2017-06-21,70.620003,69.940002,70.269997,63.562077
2017-06-22,70.589996,69.709999,70.260002,63.553024
2017-06-23,71.250000,69.919998,71.209999,64.412392
2017-06-26,71.709999,70.440002,70.529999,63.797264
2017-06-27,70.180000,69.180000,69.209999,62.603271
2017-06-28,69.839996,68.790001,69.800003,63.136974
2017-06-29,69.489998,68.089996,68.489998,61.952015
2017-06-30,69.379997,68.739998,68.930000,62.350002
2017-07-03,69.599998,68.019997,68.169998,61.662567
2017-07-05,69.440002,68.220001,69.080002,62.485680
2017-07-06,68.779999,68.120003,68.570000,62.024364
2017-07-07,69.839996,68.699997,69.459999,62.829414
2017-07-10,70.250000,69.199997,69.980003,63.299786
2017-07-11,70.680000,69.750000,69.989998,63.308811
2017-07-12,71.279999,70.550003,71.150002,64.358086
2017-07-13,72.040001,71.309998,71.769997,64.918877
2017-07-14,73.269997,71.959999,72.779999,65.832504
2017-07-17,73.449997,72.720001,73.349998,66.348068
2017-07-18,73.389999,72.660004,73.300003,66.302864
2017-07-19,74.040001,73.449997,73.860001,66.809402
2017-07-20,74.300003,73.279999,74.220001,67.135017
2017-07-21,74.290001,73.169998,73.790001,66.746056
2017-07-24,73.750000,73.129997,73.599998,66.574203
2017-07-25,74.309998,73.500000,74.190002,67.107880
2017-07-26,74.379997,73.809998,74.050003,66.981247
2017-07-27,74.419998,72.320000,73.160004,66.176224
2017-07-28,73.309998,72.540001,73.040001,66.067688
2017-07-31,73.440002,72.410004,72.699997,65.760117
2017-08-01,73.419998,72.489998,72.580002,65.651581
2017-08-02,72.559998,71.440002,72.260002,65.362122
2017-08-03,72.440002,71.849998,72.150002,65.262650
2017-08-04,73.040001,72.239998,72.680000,65.742050
2017-08-07,72.900002,72.260002,72.400002,65.488762
2017-08-08,73.129997,71.750000,72.790001,65.841530
2017-08-09,72.510002,72.050003,72.470001,65.552071
2017-08-10,72.190002,71.349998,71.410004,64.593277
2017-08-11,72.699997,71.279999,72.500000,65.579224
2017-08-14,73.720001,72.949997,73.589996,66.565147
2017-08-15,73.589996,73.040001,73.220001,66.583336
2017-08-16,74.099998,73.169998,73.650002,66.974358
2017-08-17,73.870003,72.400002,72.400002,65.837677
2017-08-18,72.839996,71.930000,72.489998,65.919525
2017-08-21,72.480003,71.699997,72.150002,65.610344
2017-08-22,73.239998,72.349998,73.160004,66.528793
2017-08-23,73.150002,72.529999,72.720001,66.128670
2017-08-24,72.860001,72.070000,72.690002,66.101402
2017-08-25,73.349998,72.480003,72.820000,66.219604
2017-08-28,73.089996,72.550003,72.830002,66.228683
2017-08-29,73.160004,72.050003,73.050003,66.428764
2017-08-30,74.209999,72.830002,74.010002,67.301727
2017-08-31,74.959999,73.800003,74.769997,67.992867
2017-09-01,74.739998,73.639999,73.940002,67.238106
2017-09-05,73.889999,72.980003,73.610001,66.938011
2017-09-06,74.040001,73.349998,73.400002,66.747040
2017-09-07,74.599998,73.599998,74.339996,67.601830
2017-09-08,74.440002,73.839996,73.980003,67.274460
2017-09-11,74.940002,74.309998,74.760002,67.983757
2017-09-12,75.239998,74.370003,74.680000,67.911041
2017-09-13,75.230003,74.550003,75.209999,68.392967
2017-09-14,75.489998,74.519997,74.769997,67.992867
2017-09-15,75.389999,74.070000,75.309998,68.483925
2017-09-18,75.970001,75.040001,75.160004,68.347511
2017-09-19,75.709999,75.010002,75.440002,68.602119
2017-09-20,75.550003,74.309998,74.940002,68.147469
2017-09-21,75.239998,74.110001,74.209999,67.483650
2017-09-22,74.510002,73.849998,74.410004,67.665497
2017-09-25,74.250000,72.919998,73.260002,66.619720
2017-09-26,73.809998,72.989998,73.260002,66.619720
2017-09-27,74.169998,73.169998,73.849998,67.156258
2017-09-28,73.970001,73.309998,73.870003,67.174416
2017-09-29,74.540001,73.879997,74.489998,67.738235
2017-10-02,75.010002,74.300003,74.610001,67.847351
2017-10-03,74.879997,74.190002,74.260002,67.529099
2017-10-04,74.720001,73.709999,74.690002,67.920105
2017-10-05,76.120003,74.959999,75.970001,69.084106
2017-10-06,76.029999,75.540001,76.000000,69.111382
2017-10-09,76.550003,75.860001,76.290001,69.375092
2017-10-10,76.629997,76.139999,76.290001,69.375092
2017-10-11,76.459999,75.949997,76.419998,69.493301
2017-10-12,77.290001,76.370003,77.120003,70.129860
2017-10-13,77.870003,77.290001,77.489998,70.466324
2017-10-16,77.809998,77.349998,77.650002,70.611801
2017-10-17,77.620003,77.250000,77.589996,70.557251
2017-10-18,77.849998,77.370003,77.610001,70.575424
2017-10-19,77.930000,77.349998,77.910004,70.848244
2017-10-20,78.970001,78.220001,78.809998,71.666649
2017-10-23,79.339996,78.760002,78.830002,71.684868
2017-10-24,79.199997,78.459999,78.860001,71.712151
2017-10-25,79.099998,78.010002,78.629997,71.502983
2017-10-26,79.419998,78.750000,78.760002,71.621208
2017-10-27,86.199997,83.610001,83.809998,76.213486
2017-10-30,84.330002,83.110001,83.889999,76.286217
2017-10-31,84.360001,83.110001,83.180000,75.640564
2017-11-01,83.760002,82.879997,83.180000,75.640564
2017-11-02,84.459999,83.120003,84.050003,76.431717
2017-11-03,84.540001,83.400002,84.139999,76.513557
2017-11-06,84.699997,84.080002,84.470001,76.813652
2017-11-07,84.900002,83.930000,84.269997,76.631775
2017-11-08,84.610001,83.830002,84.559998,76.895508
2017-11-09,84.269997,82.900002,84.089996,76.468094
2017-11-10,84.099998,83.230003,83.870003,76.268051
2017-11-13,83.940002,83.459999,83.930000,76.322594
2017-11-14,84.099998,82.980003,84.050003,76.431717
2017-11-15,83.690002,82.690002,82.980003,75.837662
2017-11-16,83.419998,82.940002,83.199997,76.038734
2017-11-17,83.120003,82.239998,82.400002,75.307579
2017-11-20,82.589996,82.250000,82.529999,75.426392
2017-11-21,83.839996,82.739998,83.720001,76.513977
2017-11-22,83.900002,83.040001,83.110001,75.956474
2017-11-24,83.430000,82.779999,83.260002,76.093575
2017-11-27,83.980003,83.300003,83.870003,76.651085
2017-11-28,85.059998,84.019997,84.879997,77.574150
2017-11-29,84.919998,83.180000,83.339996,76.166695
2017-11-30,84.519997,83.339996,84.169998,76.925262
2017-12-01,84.809998,83.220001,84.260002,77.007507
2017-12-04,84.430000,80.699997,81.080002,74.101219
2017-12-05,82.680000,80.980003,81.589996,74.567291
2017-12-06,83.139999,81.430000,82.779999,75.654892
2017-12-07,82.800003,82.000000,82.489998,75.389854
2017-12-08,84.580002,83.330002,84.160004,76.916115
2017-12-11,85.370003,84.120003,85.230003,77.894020
2017-12-12,86.050003,85.080002,85.580002,78.213882
2017-12-13,86.000000,85.169998,85.349998,78.003685
2017-12-14,85.870003,84.529999,84.690002,77.400490
2017-12-15,87.089996,84.879997,86.849998,79.374557
2017-12-18,87.500000,86.230003,86.379997,78.945030
2017-12-19,86.349998,85.269997,85.830002,78.442375
2017-12-20,86.300003,84.709999,85.519997,78.159058
2017-12-21,86.099998,85.400002,85.500000,78.140778
2017-12-22,85.629997,84.919998,85.510002,78.149895
2017-12-26,85.529999,85.029999,85.400002,78.049377
2017-12-27,85.980003,85.220001,85.709999,78.332695
2017-12-28,85.930000,85.550003,85.720001,78.341812
2017-12-29,86.050003,85.500000,85.540001,78.177330
2018-01-02,86.309998,85.500000,85.949997,78.552032
2018-01-03,86.510002,85.970001,86.349998,78.917587
2018-01-04,87.660004,86.570000,87.110001,79.612198
2018-01-05,88.410004,87.430000,88.190002,80.599228
2018-01-08,88.580002,87.599998,88.279999,80.681496
2018-01-09,88.730003,87.860001,88.220001,80.626640
2018-01-10,88.190002,87.410004,87.820000,80.261078
2018-01-11,88.129997,87.239998,88.080002,80.498695
2018-01-12,89.779999,88.449997,89.599998,81.887848
2018-01-16,90.790001,88.010002,88.349998,80.745445
2018-01-17,90.279999,88.750000,90.139999,82.381393
2018-01-18,90.669998,89.660004,90.099998,82.344818
2018-01-19,90.610001,89.660004,90.000000,82.253448
2018-01-22,91.620003,89.739998,91.610001,83.724854
2018-01-23,92.300003,91.540001,91.900002,83.989906
2018-01-24,93.430000,91.580002,91.820000,83.916779
2018-01-25,93.239998,91.930000,92.330002,84.382858
2018-01-26,94.059998,92.580002,94.059998,85.963959
2018-01-29,95.449997,93.720001,93.919998,85.836014
2018-01-30,93.660004,92.099998,92.739998,84.757599
2018-01-31,95.400002,93.510002,95.010002,86.832222
2018-02-01,96.070000,93.580002,94.260002,86.146759
2018-02-02,93.970001,91.500000,91.779999,83.880226
2018-02-05,93.239998,88.000000,88.000000,80.425575
2018-02-06,91.480003,85.250000,91.330002,83.468971
2018-02-07,91.769997,89.199997,89.610001,81.897003
2018-02-08,89.879997,84.760002,85.010002,77.692940
2018-02-09,88.930000,83.830002,88.180000,80.590096
2018-02-12,89.779999,87.930000,89.129997,81.458305
2018-02-13,90.000000,87.800003,89.830002,82.098061
2018-02-14,90.989998,88.410004,90.809998,83.383560
2018-02-15,92.720001,90.620003,92.660004,85.082283
2018-02-16,93.500000,91.800003,92.000000,84.476257
2018-02-20,93.059998,91.010002,92.720001,85.137405
2018-02-21,93.360001,91.489998,91.489998,84.007965
2018-02-22,92.730003,91.360001,91.730003,84.228340
2018-02-23,94.070000,92.360001,94.059998,86.367767
2018-02-26,95.449997,94.250000,95.419998,87.616562
2018-02-27,95.839996,94.199997,94.199997,86.496353
2018-02-28,95.709999,93.629997,93.769997,86.101509
2018-03-01,94.570000,91.839996,92.849998,85.256760
2018-03-02,93.150002,90.860001,93.050003,85.440399
2018-03-05,94.269997,92.260002,93.639999,85.982155
2018-03-06,94.489998,92.940002,93.320000,85.688301
2018-03-07,93.940002,92.430000,93.860001,86.184158
2018-03-08,95.099998,93.769997,94.430000,86.707527
2018-03-09,96.540001,95.000000,96.540001,88.644966
2018-03-12,97.209999,96.040001,96.769997,88.856171
2018-03-13,97.239998,93.970001,94.410004,86.689156
2018-03-14,95.410004,93.500000,93.849998,86.174957
2018-03-15,94.580002,92.830002,94.180000,86.477982
2018-03-16,95.379997,93.919998,94.599998,86.863632
2018-03-19,93.900002,92.110001,92.889999,85.293449
2018-03-20,93.769997,93.000000,93.129997,85.513855
2018-03-21,94.050003,92.209999,92.480003,84.916992
2018-03-22,91.750000,89.660004,89.790001,82.446976
2018-03-23,90.459999,87.080002,87.180000,80.050438
2018-03-26,94.000000,90.400002,93.779999,86.110680
2018-03-27,95.139999,88.510002,89.470001,82.153152
2018-03-28,91.230003,88.870003,89.389999,82.079697
2018-03-29,92.290001,88.400002,91.269997,83.805954
2018-04-02,90.879997,87.510002,88.519997,81.280838
2018-04-03,90.050003,87.889999,89.709999,82.373566
2018-04-04,92.760002,87.730003,92.330002,84.779259
2018-04-05,93.070000,91.400002,92.379997,84.825180
2018-04-06,92.459999,89.480003,90.230003,82.851021
2018-04-09,93.169998,90.620003,90.769997,83.346848
2018-04-10,93.279999,91.639999,92.879997,85.284294
2018-04-11,93.290001,91.480003,91.860001,84.347702
2018-04-12,94.160004,92.430000,93.580002,85.927048
2018-04-13,94.180000,92.440002,93.080002,85.467957
2018-04-16,94.660004,93.419998,94.169998,86.468811
2018-04-17,96.540001,94.879997,96.070000,88.213402
2018-04-18,96.720001,95.519997,96.440002,88.553162
2018-04-19,97.070000,95.339996,96.110001,88.250145
2018-04-20,96.110001,94.050003,95.000000,87.230911
2018-04-23,96.290001,94.629997,95.349998,87.552299
2018-04-24,96.470001,92.410004,93.120003,85.504662
2018-04-25,93.300003,90.279999,92.309998,84.760918
2018-04-26,95.150002,93.099998,94.260002,86.551407
2018-04-27,97.900002,93.910004,95.820000,87.983856
2018-04-30,96.400002,93.150002,93.519997,85.871948
2018-05-01,95.290001,92.790001,95.000000,87.230911
2018-05-02,95.169998,93.190002,93.510002,85.862770
2018-05-03,94.930000,92.449997,94.070000,86.376984
2018-05-04,95.370003,92.919998,95.160004,87.377838
2018-05-07,96.709999,95.099998,96.220001,88.351151
2018-05-08,96.160004,95.059998,95.809998,87.974693
2018-05-09,96.970001,95.050003,96.940002,89.012260
2018-05-10,97.949997,97.050003,97.910004,89.902931
2018-05-11,97.870003,97.040001,97.699997,89.710136
2018-05-14,98.690002,97.309998,98.029999,90.013100
2018-05-15,97.849998,96.339996,97.320000,89.361183
2018-05-16,97.400002,96.620003,97.150002,89.591736
2018-05-17,97.540001,95.830002,96.180000,88.697212
2018-05-18,96.930000,96.010002,96.360001,88.863205
2018-05-21,98.010002,96.800003,97.599998,90.006729
2018-05-22,98.169998,97.199997,97.500000,89.914497
2018-05-23,98.730003,96.320000,98.660004,90.984261
2018-05-24,98.940002,96.809998,98.309998,90.661491
2018-05-25,98.980003,97.860001,98.360001,90.707619
2018-05-29,98.879997,97.230003,98.010002,90.384834
2018-05-30,99.250000,97.910004,98.949997,91.251709
2018-05-31,99.989998,98.610001,98.839996,91.150261
2018-06-01,100.860001,99.169998,100.790001,92.948555
2018-06-04,101.860001,100.849998,101.669998,93.760063
2018-06-05,102.330002,101.529999,102.190002,94.239616
2018-06-06,102.599998,101.900002,102.489998,94.516304
2018-06-07,102.690002,100.379997,100.879997,93.031555
2018-06-08,101.949997,100.540001,101.629997,93.723190
2018-06-11,101.589996,100.669998,101.050003,93.188347
2018-06-12,101.449997,100.750000,101.309998,93.428078
2018-06-13,102.010002,100.559998,100.849998,93.003883
2018-06-14,102.029999,101.000000,101.419998,93.529556
2018-06-15,101.529999,100.070000,100.129997,92.339867
2018-06-18,101.110001,99.419998,100.860001,93.013100
2018-06-19,101.000000,99.500000,100.860001,93.013100
2018-06-20,102.519997,101.120003,101.870003,93.944527
2018-06-21,102.459999,100.879997,101.139999,93.271332
2018-06-22,100.769997,99.629997,100.410004,92.598122
2018-06-25,100.110001,97.300003,98.389999,90.735268
2018-06-26,100.080002,98.750000,99.080002,91.371590
2018-06-27,100.019997,97.400002,97.540001,89.951416
2018-06-28,99.110001,97.260002,98.629997,90.956589
2018-06-29,99.910004,98.330002,98.610001,90.938179
2018-07-02,100.059998,98.000000,100.010002,92.229225
2018-07-03,100.629997,98.940002,99.050003,91.343948
2018-07-05,99.919998,99.029999,99.760002,91.998680
2018-07-06,101.430000,99.669998,101.160004,93.289772
2018-07-09,102.250000,101.250000,101.849998,93.926102
2018-07-10,102.510002,101.860001,102.120003,94.175087
2018-07-11,102.339996,101.099998,101.980003,94.045982
2018-07-12,104.410004,102.730003,104.190002,96.084045
2018-07-13,105.599998,104.089996,105.430000,97.227554
2018-07-16,105.820000,104.519997,104.910004,96.748024
2018-07-17,106.500000,104.320000,105.949997,97.707108
2018-07-18,106.050003,104.720001,105.120003,96.941689
2018-07-19,105.309998,103.889999,104.400002,96.277679
2018-07-20,108.199997,106.080002,106.269997,98.002205
2018-07-23,108.139999,106.129997,107.970001,99.569939
2018-07-24,108.820000,107.260002,107.660004,99.284058
2018-07-25,111.150002,107.599998,110.830002,102.207436
2018-07-26,111.000000,109.500000,109.620003,101.091560
2018-07-27,110.180000,106.139999,107.680000,99.302513
2018-07-30,107.529999,104.760002,105.370003,97.172249
2018-07-31,106.720001,105.379997,106.080002,97.826988
2018-08-01,106.449997,105.419998,106.279999,98.011429
2018-08-02,108.089996,104.839996,107.570000,99.201065
2018-08-03,108.050003,106.820000,108.040001,99.634483
2018-08-06,108.419998,107.559998,108.129997,99.717499
2018-08-07,109.099998,108.169998,108.879997,100.409142
2018-08-08,109.750000,108.760002,109.489998,100.971703
2018-08-09,110.160004,109.599998,109.669998,101.137680
2018-08-10,109.690002,108.379997,109.000000,100.519836
2018-08-13,109.580002,108.099998,108.209999,99.791290
2018-08-14,109.750000,108.040001,109.559998,101.036247
2018-08-15,108.989998,106.820000,107.660004,99.666130
2018-08-16,108.860001,107.300003,107.639999,99.647629
2018-08-17,107.900002,106.690002,107.580002,99.592079
2018-08-20,107.900002,106.480003,106.870003,98.934792
2018-08-21,107.349998,105.849998,105.980003,98.110878
2018-08-22,107.339996,105.779999,107.059998,99.110695
2018-08-23,108.180000,106.870003,107.559998,99.573555
2018-08-24,108.559998,107.559998,108.400002,100.351204
2018-08-27,109.639999,108.510002,109.599998,101.462074
2018-08-28,110.500000,109.790001,110.260002,102.073067
2018-08-29,112.029999,110.269997,112.019997,103.702377
2018-08-30,112.610001,111.440002,111.949997,103.637611
2018-08-31,112.779999,111.519997,112.330002,103.989395
2018-09-04,111.959999,110.220001,111.709999,103.415421
2018-09-05,111.419998,108.099998,108.489998,100.434509
2018-09-06,108.989998,107.510002,108.739998,100.665939
2018-09-07,108.720001,107.230003,108.209999,100.175308
2018-09-10,109.639999,108.360001,109.379997,101.258415
2018-09-11,111.589996,108.889999,111.239998,102.980309
2018-09-12,111.849998,110.510002,111.709999,103.415421
2018-09-13,113.730003,112.120003,112.910004,104.526321
2018-09-14,113.730003,112.440002,113.370003,104.952171
2018-09-17,113.699997,111.860001,112.139999,103.813507
2018-09-18,113.699997,111.720001,113.209999,104.804047
2018-09-19,113.320000,111.040001,111.699997,103.406166
2018-09-20,113.800003,111.930000,113.570000,105.137321
2018-09-21,115.290001,113.510002,114.260002,105.776108
2018-09-24,114.900002,112.220001,114.669998,106.155640
2018-09-25,115.099998,113.750000,114.449997,105.951958
2018-09-26,115.059998,113.739998,113.980003,105.516884
2018-09-27,114.910004,114.199997,114.410004,105.914948
2018-09-28,114.570000,113.680000,114.370003,105.877922
2018-10-01,115.680000,114.730003,115.610001,107.025864
2018-10-02,115.839996,114.440002,115.150002,106.600006
2018-10-03,116.180000,114.930000,115.169998,106.618507
2018-10-04,114.760002,111.629997,112.790001,104.415245
2018-10-05,113.169998,110.639999,112.129997,103.804253
2018-10-08,112.029999,109.339996,110.849998,102.619270
2018-10-09,113.080002,110.800003,112.260002,103.924583
2018-10-10,111.500000,105.790001,106.160004,98.277527
2018-10-11,108.930000,104.199997,105.910004,98.046097
2018-10-12,111.239998,107.120003,109.570000,101.434311
2018-10-15,109.480003,106.949997,107.599998,99.610588
2018-10-16,111.410004,108.949997,111.000000,102.758148
2018-10-17,111.809998,109.550003,110.709999,102.489670
2018-10-18,110.529999,107.830002,108.500000,100.443771
2018-10-19,110.860001,108.209999,108.660004,100.591896
2018-10-22,110.540001,108.239998,109.629997,101.489861
2018-10-23,108.970001,105.110001,108.099998,100.073456
2018-10-24,108.489998,101.589996,102.320000,94.722641
2018-10-25,109.269997,106.150002,108.300003,100.258629
2018-10-26,108.750000,104.760002,106.959999,99.018112
2018-10-29,108.699997,101.629997,103.849998,96.139053
2018-10-30,104.379997,100.110001,103.730003,96.027939
2018-10-31,108.139999,105.389999,106.809998,98.879234
2018-11-01,107.320000,105.529999,105.919998,98.055336
2018-11-02,107.320000,104.980003,106.160004,98.277527
2018-11-05,107.739998,105.900002,107.510002,99.527275
2018-11-06,108.839996,106.279999,107.720001,99.721695
2018-11-07,112.239998,109.400002,111.959999,103.646858
2018-11-08,112.209999,110.910004,111.750000,103.452438
2018-11-09,111.449997,108.760002,109.570000,101.434311
2018-11-12,109.959999,106.099998,106.870003,98.934792
2018-11-13,108.739998,106.639999,106.940002,98.999611
2018-11-14,108.260002,104.470001,104.970001,97.595673
2018-11-15,107.800003,103.910004,107.279999,99.743401
2018-11-16,108.879997,106.800003,108.290001,100.682442
2018-11-19,108.559998,103.550003,104.620003,97.270279
2018-11-20,102.970001,99.349998,101.709999,94.564705
2018-11-21,104.430000,102.239998,103.110001,95.866364
2018-11-23,103.809998,102.000000,103.070000,95.829140
2018-11-26,106.629997,104.580002,106.470001,98.990303
2018-11-27,107.330002,105.360001,107.139999,99.613213
2018-11-28,111.330002,107.860001,111.120003,103.313637
2018-11-29,111.120003,109.029999,110.190002,102.448959
2018-11-30,110.970001,109.360001,110.889999,103.099770
2018-12-03,113.419998,110.730003,112.089996,104.215492
2018-12-04,112.639999,108.209999,108.519997,100.896294
2018-12-06,109.239998,105.000000,109.190002,101.519211
2018-12-07,109.449997,104.300003,104.820000,97.456215
2018-12-10,107.980003,103.889999,107.589996,100.031647
2018-12-11,110.949997,107.440002,108.589996,100.961357
2018-12-12,111.269997,109.040001,109.080002,101.416946
2018-12-13,110.870003,108.629997,109.449997,101.760941
2018-12-14,109.260002,105.500000,106.029999,98.581223
2018-12-17,105.800003,101.709999,102.889999,95.661797
2018-12-18,104.510002,102.519997,103.970001,96.665916
2018-12-19,106.879997,101.349998,103.690002,96.405594
2018-12-20,104.309998,98.779999,101.510002,94.378761
2018-12-21,103.000000,97.459999,98.230003,91.329178
2018-12-24,97.970001,93.980003,94.129997,87.517227
2018-12-26,100.690002,93.959999,100.559998,93.495506
2018-12-27,101.190002,96.400002,101.180000,94.071938
2018-12-28,102.410004,99.519997,100.389999,93.337433
2018-12-31,102.400002,100.440002,101.570000,94.434555
2019-01-02,101.750000,98.940002,101.120003,94.016136
2019-01-03,100.190002,97.199997,97.400002,90.557480
2019-01-04,102.510002,98.930000,101.930000,94.769241
2019-01-07,103.269997,100.980003,102.059998,94.890121
2019-01-08,103.970001,101.709999,102.800003,95.578125
2019-01-09,104.879997,103.239998,104.269997,96.944855
2019-01-10,103.750000,102.379997,103.599998,96.321930
2019-01-11,103.440002,101.639999,102.800003,95.578125
2019-01-14,102.870003,101.260002,102.050003,94.880814
2019-01-15,105.050003,101.879997,105.010002,97.632889
2019-01-16,106.260002,104.959999,105.379997,97.976860
2019-01-17,106.629997,104.760002,106.120003,98.664886
2019-01-18,107.900002,105.910004,107.709999,100.143196
2019-01-22,107.099998,104.860001,105.680000,98.255798
2019-01-23,107.040001,105.339996,106.709999,99.213417
2019-01-24,107.000000,105.339996,106.199997,98.739258
2019-01-25,107.879997,106.199997,107.169998,99.641129
2019-01-28,106.480003,104.660004,105.080002,97.697975
2019-01-29,104.970001,102.169998,102.940002,95.708298
2019-01-30,106.379997,104.330002,106.379997,98.906616
2019-01-31,105.220001,103.180000,104.430000,97.093597
2019-02-01,104.099998,102.349998,102.779999,95.559532
2019-02-04,105.800003,102.769997,105.739998,98.311584
2019-02-05,107.269997,105.959999,107.220001,99.687614
2019-02-06,107.000000,105.529999,106.029999,98.581223
2019-02-07,105.589996,104.290001,105.269997,97.874603
2019-02-08,105.779999,104.260002,105.669998,98.246498
2019-02-11,106.580002,104.970001,105.250000,97.856003
2019-02-12,107.139999,105.480003,106.889999,99.380798
2019-02-13,107.779999,106.709999,106.809998,99.306419
2019-02-14,107.290001,105.660004,106.900002,99.390106
2019-02-15,108.300003,107.360001,108.220001,100.617371
2019-02-19,108.660004,107.779999,108.169998,100.570885
2019-02-20,107.940002,106.290001,107.150002,100.047989
2019-02-21,109.480003,106.870003,109.410004,102.158226
2019-02-22,111.199997,109.820000,110.970001,103.614792
2019-02-25,112.180000,111.260002,111.589996,104.193718
2019-02-26,113.239998,111.169998,112.360001,104.912659
2019-02-27,112.360001,110.879997,112.169998,104.735260
2019-02-28,112.879997,111.730003,112.029999,104.604538
2019-03-01,113.019997,111.669998,112.529999,105.071388
2019-03-04,113.250000,110.800003,112.260002,104.819298
2019-03-05,112.389999,111.230003,111.699997,104.296402
2019-03-06,112.660004,111.430000,111.750000,104.343109
2019-03-07,111.550003,109.870003,110.389999,103.073257
2019-03-08,110.709999,108.800003,110.510002,103.185295
2019-03-11,112.949997,110.980003,112.830002,105.351501
2019-03-12,113.989998,112.650002,113.620003,106.089149
2019-03-13,115.000000,113.779999,114.500000,106.910835
2019-03-14,115.199997,114.330002,114.589996,106.994881
2019-03-15,117.250000,114.589996,115.910004,108.227356
2019-03-18,117.610001,116.050003,117.570000,109.777321
2019-03-19,118.440002,116.989998,117.650002,109.852020
2019-03-20,118.750000,116.709999,117.519997,109.730644
2019-03-21,120.820000,117.089996,120.220001,112.251709
2019-03-22,119.589996,117.040001,117.050003,109.291801
2019-03-25,118.010002,116.320000,117.660004,109.861366
2019-03-26,118.709999,116.849998,117.910004,110.094803
2019-03-27,118.209999,115.519997,116.769997,109.030396
2019-03-28,117.580002,116.129997,116.930000,109.179756
2019-03-29,118.320000,116.959999,117.940002,110.122818
2019-04-01,119.110001,118.099998,119.019997,111.131256
2019-04-02,119.480003,118.519997,119.190002,111.289963
2019-04-03,120.430000,119.150002,119.970001,112.018265
2019-04-04,120.230003,118.379997,119.360001,111.448715
2019-04-05,120.230003,119.370003,119.889999,111.943596
2019-04-08,120.019997,118.639999,119.930000,111.980904
2019-04-09,119.540001,118.580002,119.279999,111.374016
2019-04-10,120.349998,119.540001,120.190002,112.223686
2019-04-11,120.849998,119.919998,120.330002,112.354408
2019-04-12,120.980003,120.370003,120.949997,112.933304
2019-04-15,121.580002,120.570000,121.050003,113.026695
2019-04-16,121.650002,120.099998,120.769997,112.765244
2019-04-17,121.849998,120.540001,121.769997,113.698959
2019-04-18,123.519997,121.300003,123.370003,115.192917
2019-04-22,124.000000,122.570000,123.760002,115.557053
2019-04-23,125.580002,123.830002,125.440002,117.125710
2019-04-24,125.849998,124.519997,125.010002,116.724213
2019-04-25,131.369995,128.830002,129.149994,120.589798
2019-04-26,130.520004,129.020004,129.889999,121.280769
2019-04-29,130.179993,129.350006,129.770004,121.168701
2019-04-30,130.699997,129.389999,130.600006,121.943726
2019-05-01,130.649994,127.699997,127.879997,119.403992
2019-05-02,128.000000,125.519997,126.209999,117.844666
2019-05-03,129.429993,127.250000,128.899994,120.356392
2019-05-06,128.559998,126.110001,128.149994,119.656090
2019-05-07,127.180000,124.220001,125.519997,117.200401
2019-05-08,126.370003,124.750000,125.510002,117.191078
2019-05-09,125.790001,123.570000,125.500000,117.181740
2019-05-10,127.930000,123.820000,127.129997,118.703674
2019-05-13,125.550003,123.040001,123.349998,115.174255
2019-05-14,125.879997,123.699997,124.730003,116.462784
2019-05-15,126.709999,123.699997,126.019997,118.102821
2019-05-16,129.380005,126.459999,128.929993,120.830017
2019-05-17,130.460007,127.919998,128.070007,120.024040
2019-05-20,127.589996,125.760002,126.220001,118.290253
2019-05-21,127.529999,126.580002,126.900002,118.927536
2019-05-22,128.240005,126.519997,127.669998,119.649162
2019-05-23,126.290001,124.739998,126.180000,118.252785
2019-05-24,127.419998,125.970001,126.239998,118.309021
2019-05-28,128.000000,126.050003,126.160004,118.234039
2019-05-29,125.389999,124.040001,124.940002,117.090668
2019-05-30,125.760002,124.779999,125.730003,117.831055
2019-05-31,124.620003,123.320000,123.680000,115.909836
2019-06-03,124.370003,119.010002,119.839996,112.311089
2019-06-04,123.279999,120.650002,123.160004,115.422531
2019-06-05,125.870003,124.209999,125.830002,117.924774
2019-06-06,127.970001,125.599998,127.820000,119.789726
2019-06-07,132.250000,128.259995,131.399994,123.144814
2019-06-10,134.080002,132.000000,132.600006,124.269417
2019-06-11,134.240005,131.279999,132.100006,123.800858
2019-06-12,131.970001,130.710007,131.490005,123.229195
2019-06-13,133.000000,131.559998,132.320007,124.007019
2019-06-14,133.789993,131.639999,132.449997,124.128853
2019-06-17,133.729996,132.529999,132.850006,124.503754
2019-06-18,135.240005,133.570007,135.160004,126.668625
2019-06-19,135.929993,133.809998,135.690002,127.165329
2019-06-20,137.660004,135.720001,136.949997,128.346176
2019-06-21,137.729996,136.460007,136.970001,128.364929
2019-06-24,138.399994,137.000000,137.779999,129.124023
2019-06-25,137.589996,132.729996,133.429993,125.047340
2019-06-26,135.740005,133.600006,133.929993,125.515862
2019-06-27,134.710007,133.509995,134.149994,125.722076
2019-06-28,134.600006,133.160004,133.960007,125.543999
2019-07-01,136.699997,134.970001,135.679993,127.155922
2019-07-02,136.589996,135.339996,136.580002,127.999405
2019-07-03,137.740005,136.289993,137.460007,128.824158
2019-07-05,137.330002,135.720001,137.059998,128.449234
2019-07-08,137.100006,135.369995,136.960007,128.355545
2019-07-09,136.970001,135.800003,136.460007,127.886909
2019-07-10,138.580002,137.020004,137.850006,129.189651
2019-07-11,139.220001,137.869995,138.399994,129.705063
2019-07-12,139.130005,138.009995,138.899994,130.173676
2019-07-15,139.539993,138.460007,138.899994,130.173676
2019-07-16,139.050003,136.520004,137.080002,128.467972
2019-07-17,137.929993,136.220001,136.270004,127.708923
2019-07-18,136.619995,134.669998,136.419998,127.849457
2019-07-19,140.669998,136.449997,136.619995,128.036865
2019-07-22,139.190002,137.330002,138.429993,129.733170
2019-07-23,139.990005,138.029999,139.289993,130.539139
2019-07-24,140.740005,138.850006,140.720001,131.879318
2019-07-25,140.610001,139.320007,140.190002,131.382614
2019-07-26,141.679993,140.300003,141.339996,132.460342
2019-07-29,141.509995,139.369995,141.029999,132.169830
2019-07-30,141.220001,139.800003,140.350006,131.532516
2019-07-31,140.490005,135.080002,136.270004,127.708923
2019-08-01,140.940002,136.929993,138.059998,129.386414
2019-08-02,138.320007,135.259995,136.899994,128.299301
2019-08-05,133.929993,130.779999,132.210007,123.903954
2019-08-06,135.679993,133.210007,134.690002,126.228149
2019-08-07,135.649994,131.830002,135.279999,126.781059
2019-08-08,138.990005,135.929993,138.889999,130.164276
2019-08-09,139.380005,136.460007,137.710007,129.058441
2019-08-12,137.860001,135.240005,135.789993,127.259056
2019-08-13,138.800003,135.000000,138.600006,129.892502
2019-08-14,136.919998,133.669998,133.979996,125.980858
2019-08-15,134.580002,132.250000,133.679993,125.698769
2019-08-16,136.460007,134.720001,136.130005,128.002502
2019-08-19,138.550003,136.889999,138.410004,130.146378
2019-08-20,138.710007,137.240005,137.259995,129.065033
2019-08-21,139.490005,138.000000,138.789993,130.503677
2019-08-22,139.199997,136.289993,137.779999,129.553970
2019-08-23,138.350006,132.800003,133.389999,125.426109
2019-08-26,135.559998,133.899994,135.449997,127.363075
2019-08-27,136.720001,134.660004,135.740005,127.635773
2019-08-28,135.759995,133.550003,135.559998,127.466530
2019-08-29,138.440002,136.910004,138.119995,129.873703
2019-08-30,139.179993,136.270004,137.860001,129.629242
2019-09-03,137.199997,135.699997,136.039993,127.917870
2019-09-04,137.690002,136.479996,137.630005,129.412979
2019-09-05,140.380005,138.759995,140.050003,131.688461
2019-09-06,140.179993,138.199997,139.100006,130.795151
2019-09-09,139.750000,136.460007,137.520004,129.309494
2019-09-10,136.889999,134.509995,136.080002,127.955490
2019-09-11,136.270004,135.089996,136.119995,127.993111
2019-09-12,138.419998,136.869995,137.520004,129.309494
2019-09-13,138.059998,136.570007,137.320007,129.121460
2019-09-16,136.699997,135.660004,136.330002,128.190567
2019-09-17,137.520004,136.429993,137.389999,129.187271
2019-09-18,138.669998,136.529999,138.520004,130.249802
2019-09-19,142.369995,140.070007,141.070007,132.647568
2019-09-20,141.649994,138.250000,139.440002,131.114899
2019-09-23,139.630005,138.440002,139.139999,130.832809
2019-09-24,140.690002,136.880005,137.380005,129.177826
2019-09-25,139.960007,136.029999,139.360001,131.039688
2019-09-26,140.179993,138.440002,139.539993,131.208878
2019-09-27,140.360001,136.649994,137.729996,129.506973
2019-09-30,139.220001,137.779999,139.029999,130.729370
2019-10-01,140.250000,137.000000,137.070007,128.886383
2019-10-02,136.369995,133.580002,134.649994,126.610847
2019-10-03,136.750000,133.220001,136.279999,128.143509
2019-10-04,138.250000,136.419998,138.119995,129.873703
2019-10-07,138.179993,137.020004,137.119995,128.933411
2019-10-08,137.759995,135.619995,135.669998,127.569977
2019-10-09,138.699997,136.970001,138.240005,129.986557
2019-10-10,139.669998,138.250000,139.100006,130.795151
2019-10-11,141.029999,139.500000,139.679993,131.340546
2019-10-14,140.289993,139.520004,139.550003,131.218307
2019-10-15,141.789993,139.809998,141.570007,133.117722
2019-10-16,140.990005,139.529999,140.410004,132.026978
2019-10-17,141.419998,139.020004,139.690002,131.349976
2019-10-18,140.000000,136.559998,137.410004,129.206085
2019-10-21,138.500000,137.009995,138.429993,130.165161
2019-10-22,140.009995,136.259995,136.369995,128.228180
2019-10-23,137.449997,135.610001,137.240005,129.046219
2019-10-24,140.419998,138.669998,139.940002,131.584991
2019-10-25,141.139999,139.199997,140.729996,132.327850
2019-10-28,145.669998,143.509995,144.190002,135.581299
2019-10-29,144.500000,142.649994,142.830002,134.302490
2019-10-30,145.000000,142.789993,144.610001,135.976212
2019-10-31,144.929993,142.990005,143.369995,134.810211
2019-11-01,144.419998,142.970001,143.720001,135.139343
2019-11-04,145.000000,144.160004,144.550003,135.919769
2019-11-05,145.020004,143.910004,144.460007,135.835175
2019-11-06,144.520004,143.199997,144.059998,135.459030
2019-11-07,144.880005,143.770004,144.259995,135.647095
2019-11-08,145.990005,143.759995,145.960007,137.245605
2019-11-11,146.419998,144.729996,146.110001,137.386612
2019-11-12,147.570007,146.059998,147.070007,138.289398
2019-11-13,147.460007,146.279999,147.309998,138.515015
2019-11-14,148.410004,147.000000,148.059998,139.220245
2019-11-15,149.990005,148.270004,149.970001,141.016159
2019-11-18,150.550003,148.979996,150.339996,141.364136
2019-11-19,151.330002,150.199997,150.389999,141.411087
2019-11-20,150.839996,148.460007,149.619995,141.165817
2019-11-21,149.800003,148.500000,149.479996,141.033752
2019-11-22,150.300003,148.820007,149.589996,141.137512
2019-11-25,151.350006,149.919998,151.229996,142.684830
2019-11-26,152.419998,151.320007,152.029999,143.439636
2019-11-27,152.500000,151.520004,152.320007,143.713257
2019-11-29,152.300003,151.279999,151.380005,142.826355
2019-12-02,151.830002,148.320007,149.550003,141.099747
2019-12-03,149.429993,146.649994,149.309998,140.873337
2019-12-04,150.179993,149.199997,149.850006,141.382858
2019-12-05,150.320007,149.479996,149.929993,141.458313
2019-12-06,151.869995,150.270004,151.750000,143.175476
2019-12-09,152.210007,150.910004,151.360001,142.807510
2019-12-10,151.889999,150.759995,151.130005,142.590469
2019-12-11,151.869995,150.330002,151.699997,143.128326
2019-12-12,153.440002,151.020004,153.240005,144.581253
2019-12-13,154.889999,152.830002,154.529999,145.798416
2019-12-16,155.899994,154.820007,155.529999,146.741852
2019-12-17,155.710007,154.449997,154.690002,145.949310
2019-12-18,155.479996,154.179993,154.369995,145.647400
2019-12-19,155.770004,153.750000,155.710007,146.911697
2019-12-20,158.490005,156.289993,157.410004,148.515656
2019-12-23,158.119995,157.270004,157.410004,148.515656
2019-12-24,157.710007,157.119995,157.380005,148.487366
2019-12-26,158.729996,157.399994,158.669998,149.704453
2019-12-27,159.550003,158.220001,158.960007,149.978058
2019-12-30,159.020004,156.729996,157.589996,148.685455
2019-12-31,157.770004,156.449997,157.699997,148.789246
2020-01-02,160.729996,158.330002,160.619995,151.544266
2020-01-03,159.949997,158.059998,158.619995,149.657333
2020-01-06,159.100006,156.509995,159.029999,150.044067
2020-01-07,159.669998,157.320007,157.580002,148.676041
2020-01-08,160.800003,157.949997,160.089996,151.044220
2020-01-09,162.220001,161.029999,162.089996,152.931229
2020-01-10,163.220001,161.179993,161.339996,152.223602
2020-01-13,163.309998,161.259995,163.279999,154.053970
2020-01-14,163.600006,161.720001,162.130005,152.968964
2020-01-15,163.940002,162.570007,163.179993,153.959610
2020-01-16,166.240005,164.029999,166.169998,156.780655
2020-01-17,167.470001,165.429993,167.100006,157.658127
2020-01-21,168.190002,166.429993,166.500000,157.092041
2020-01-22,167.490005,165.679993,165.699997,156.337234
2020-01-23,166.800003,165.270004,166.720001,157.299591
2020-01-24,167.529999,164.449997,165.039993,155.714508
2020-01-27,163.380005,160.199997,162.279999,153.110504
2020-01-28,165.759995,163.070007,165.460007,156.110809
2020-01-29,168.750000,165.690002,168.039993,158.545044
2020-01-30,174.050003,170.789993,172.779999,163.017151
2020-01-31,172.399994,169.580002,170.229996,160.611267
2020-02-03,174.500000,170.399994,174.380005,164.526749
2020-02-04,180.639999,176.309998,180.119995,169.942444
2020-02-05,184.199997,178.410004,179.899994,169.734848
2020-02-06,183.820007,180.059998,183.630005,173.254120
2020-02-07,185.630005,182.479996,183.889999,173.499390
2020-02-10,188.839996,183.250000,188.699997,178.037628
2020-02-11,190.699997,183.500000,184.440002,174.018372
2020-02-12,185.850006,181.850006,184.710007,174.273087
2020-02-13,186.229996,182.869995,183.710007,173.329605
2020-02-14,185.410004,182.649994,185.350006,174.876938
2020-02-18,187.699997,185.500000,187.229996,176.650665
2020-02-19,188.179993,186.470001,187.279999,177.180496
2020-02-20,187.250000,181.100006,184.419998,174.474670
2020-02-21,183.500000,177.250000,178.589996,168.959122
2020-02-24,174.550003,163.229996,170.889999,161.674347
2020-02-25,174.839996,167.649994,168.070007,159.006454
2020-02-26,173.259995,168.210007,170.169998,160.993210
2020-02-27,167.029999,157.979996,158.179993,149.649811
2020-02-28,163.710007,152.000000,162.009995,153.273224
2020-03-02,172.919998,162.309998,172.789993,163.471863
2020-03-03,175.000000,162.259995,164.509995,155.638412
2020-03-04,170.699997,165.619995,170.550003,161.352676
2020-03-05,170.869995,165.690002,166.270004,157.303467
2020-03-06,163.110001,156.000000,161.570007,152.856979
2020-03-09,157.750000,150.000000,150.619995,142.497482
2020-03-10,161.029999,152.580002,160.919998,152.242020
2020-03-11,157.699997,151.149994,153.630005,145.345139
2020-03-12,153.470001,138.580002,139.059998,131.560852
2020-03-13,161.910004,140.729996,158.830002,150.264725
2020-03-16,149.350006,135.000000,135.419998,128.117172
2020-03-17,147.500000,135.000000,146.570007,138.665878
2020-03-18,146.000000,135.020004,140.399994,132.828583
2020-03-19,150.149994,139.000000,142.710007,135.013992
2020-03-20,147.100006,135.860001,137.350006,129.943054
2020-03-23,140.570007,132.520004,135.979996,128.646957
2020-03-24,149.600006,141.270004,148.339996,140.340424
2020-03-25,154.330002,144.440002,146.919998,138.997009
2020-03-26,156.660004,148.369995,156.110001,147.691422
2020-03-27,154.889999,149.199997,149.699997,141.627090
2020-03-30,160.600006,150.009995,160.229996,151.589218
2020-03-31,164.779999,156.559998,157.710007,149.205154
2020-04-01,157.750000,150.820007,152.110001,143.907120
2020-04-02,155.479996,150.360001,155.259995,146.887207
2020-04-03,157.380005,152.190002,153.830002,145.534363
2020-04-06,166.500000,157.580002,165.270004,156.357422
2020-04-07,170.000000,163.259995,163.490005,154.673462
2020-04-08,166.669998,163.500000,165.130005,156.224991
2020-04-09,167.369995,163.330002,165.139999,156.234451
2020-04-13,165.570007,162.300003,165.509995,156.584503
2020-04-14,173.750000,168.000000,173.699997,164.332855
2020-04-15,173.570007,169.240005,171.880005,162.610962
2020-04-16,177.279999,172.899994,177.039993,167.492691
2020-04-17,180.000000,175.869995,178.600006,168.968582
2020-04-20,178.750000,174.990005,175.059998,165.619461
2020-04-21,173.669998,166.110001,167.820007,158.769943
2020-04-22,174.000000,170.820007,173.520004,164.162537
2020-04-23,175.059998,170.910004,171.419998,162.175781
2020-04-24,174.559998,170.710007,174.550003,165.137009
2020-04-27,176.899994,173.300003,174.050003,164.663971
2020-04-28,175.669998,169.389999,169.809998,160.652634
2020-04-29,177.679993,171.880005,177.429993,167.861633
2020-04-30,180.399994,176.229996,179.210007,169.545670
2020-05-01,178.639999,174.009995,174.570007,165.155899
2020-05-04,179.000000,173.800003,178.839996,169.195618
2020-05-05,183.649994,179.899994,180.759995,171.012085
2020-05-06,184.199997,181.630005,182.539993,172.696121
2020-05-07,184.550003,182.580002,183.600006,173.698944
2020-05-08,185.000000,183.360001,184.679993,174.720718
2020-05-11,187.509995,182.850006,186.740005,176.669601
2020-05-12,187.039993,182.300003,182.509995,172.667709
2020-05-13,184.050003,176.539993,179.750000,170.056580
2020-05-14,180.690002,175.679993,180.529999,170.794479
2020-05-15,187.059998,177.000000,183.160004,173.282684
2020-05-18,186.199997,183.960007,184.910004,174.938309
2020-05-19,186.600006,183.490005,183.630005,173.727341
2020-05-20,185.850006,183.940002,185.660004,176.137054
2020-05-21,186.669998,183.289993,183.429993,174.021439
2020-05-22,184.460007,182.539993,183.509995,174.097336
2020-05-26,186.500000,181.100006,181.570007,172.256775
2020-05-27,181.990005,176.600006,181.809998,172.484497
2020-05-28,184.149994,180.380005,181.399994,172.095535
2020-05-29,184.270004,180.410004,183.250000,173.850693
2020-06-01,183.000000,181.460007,182.830002,173.452194
2020-06-02,185.000000,181.350006,184.910004,175.425522
2020-06-03,185.940002,183.580002,185.360001,175.852448
2020-06-04,185.839996,182.300003,182.919998,173.537552
2020-06-05,187.729996,182.009995,187.199997,177.598053
2020-06-08,188.550003,184.440002,188.360001,178.698563
2020-06-09,190.699997,187.259995,189.800003,180.064697
2020-06-10,198.520004,191.009995,196.839996,186.743591
2020-06-11,195.759995,186.070007,186.270004,176.715790
2020-06-12,191.720001,185.179993,187.740005,178.110382
2020-06-15,190.820007,184.009995,188.940002,179.248810
2020-06-16,195.580002,191.460007,193.570007,183.641312
2020-06-17,196.320007,193.690002,194.240005,184.276947
2020-06-18,196.490005,194.000000,196.320007,186.250259
2020-06-19,199.289993,194.369995,195.149994,185.140213
2020-06-22,200.759995,195.229996,200.570007,190.282288
2020-06-23,203.949997,201.429993,201.910004,191.553543
2020-06-24,203.250000,196.559998,197.839996,187.692291
2020-06-25,200.610001,195.470001,200.339996,190.064087
2020-06-26,199.889999,194.880005,196.330002,186.259735
2020-06-29,198.529999,193.550003,198.440002,188.261536
2020-06-30,204.399994,197.740005,203.509995,193.071487
2020-07-01,206.350006,201.770004,204.699997,194.200439
2020-07-02,208.020004,205.000000,206.259995,195.680405
2020-07-06,211.130005,208.089996,210.699997,199.892670
2020-07-07,214.669998,207.990005,208.250000,197.568314
2020-07-08,213.259995,208.690002,212.830002,201.913452
2020-07-09,216.380005,211.470001,214.320007,203.326996
2020-07-10,214.080002,211.080002,213.669998,202.710373
2020-07-13,215.800003,206.500000,207.070007,196.448898
2020-07-14,208.850006,202.029999,208.350006,197.663223
2020-07-15,211.330002,205.029999,208.039993,197.369095
2020-07-16,205.699997,202.309998,203.919998,193.460419
2020-07-17,205.039993,201.389999,202.880005,192.473785
2020-07-20,212.300003,203.009995,211.600006,200.746552
2020-07-21,213.940002,208.029999,208.750000,198.042694
2020-07-22,212.300003,208.389999,211.750000,200.888840
2020-07-23,210.919998,202.149994,202.539993,192.151230
2020-07-24,202.860001,197.509995,201.300003,190.974792
2020-07-27,203.970001,200.860001,203.850006,193.394043
2020-07-28,204.699997,201.740005,202.020004,191.657913
2020-07-29,204.649994,202.009995,204.059998,193.593231
2020-07-30,204.460007,199.570007,203.899994,193.441452
2020-07-31,205.100006,199.009995,205.009995,194.494537
2020-08-03,217.639999,210.440002,216.539993,205.433136
2020-08-04,214.770004,210.309998,213.289993,202.349823
2020-08-05,215.000000,211.570007,212.940002,202.017761
2020-08-06,216.369995,211.550003,216.350006,205.252869
2020-08-07,215.699997,210.929993,212.479996,201.581360
2020-08-10,211.880005,206.350006,208.250000,197.568314
2020-08-11,207.649994,203.139999,203.380005,192.948135
2020-08-12,210.279999,204.750000,209.190002,198.460129
2020-08-13,211.350006,208.149994,208.699997,197.995224
2020-08-14,209.589996,207.509995,208.899994,198.184967
2020-08-17,211.190002,208.919998,210.279999,199.494186
2020-08-18,212.360001,209.210007,211.490005,200.642151
2020-08-19,212.100006,209.250000,209.699997,199.424850
2020-08-20,215.000000,208.910004,214.580002,204.065781
2020-08-21,216.250000,212.850006,213.020004,202.582199
2020-08-24,215.520004,212.429993,213.690002,203.219391
2020-08-25,216.610001,213.100006,216.470001,205.863190
2020-08-26,222.089996,217.360001,221.149994,210.313828
2020-08-27,231.149994,219.399994,226.580002,215.477783
2020-08-28,230.639999,226.580002,228.910004,217.693619
2020-08-31,228.699997,224.309998,225.529999,214.479218
2020-09-01,227.449997,224.429993,227.270004,216.133942
2020-09-02,232.860001,227.350006,231.649994,220.299362
2020-09-03,229.309998,214.960007,217.300003,206.652496
2020-09-04,218.360001,205.190002,214.250000,203.751938
2020-09-08,210.029999,202.199997,202.660004,192.729843
2020-09-09,214.839996,206.699997,211.289993,200.936966
2020-09-10,214.740005,204.110001,205.369995,195.307022
2020-09-11,208.630005,201.240005,204.029999,194.032700
2020-09-14,209.199997,204.029999,205.410004,195.345093
2020-09-15,209.779999,206.929993,208.779999,198.549957
2020-09-16,210.649994,204.639999,205.050003,195.002701
2020-09-17,204.330002,199.960007,202.910004,192.967575
2020-09-18,203.649994,196.250000,200.389999,190.571091
2020-09-21,202.710007,196.380005,202.539993,192.615723
2020-09-22,208.100006,202.080002,207.419998,197.256592
2020-09-23,208.100006,200.029999,200.589996,190.761276
2020-09-24,205.570007,199.199997,203.190002,193.233871
2020-09-25,209.039993,202.539993,207.820007,197.637039
2020-09-28,212.570007,208.059998,209.440002,199.177597
2020-09-29,210.070007,206.809998,207.259995,197.104446
2020-09-30,211.979996,206.539993,210.330002,200.023972
2020-10-01,213.990005,211.320007,212.460007,202.049637
2020-10-02,210.990005,205.539993,206.190002,196.086838
2020-10-05,210.410004,206.979996,210.380005,200.071594
2020-10-06,210.179993,204.820007,205.910004,195.820602
2020-10-07,210.110001,206.720001,209.830002,199.548477
2020-10-08,211.190002,208.320007,210.580002,200.261780
2020-10-09,215.860001,211.229996,215.809998,205.235474
2020-10-12,223.860001,216.809998,221.399994,210.551636
2020-10-13,225.210007,220.429993,222.860001,211.940048
2020-10-14,224.220001,219.130005,220.860001,210.038025
2020-10-15,220.360001,216.009995,219.660004,208.896866
2020-10-16,222.289993,219.320007,219.660004,208.896866
2020-10-19,222.300003,213.720001,214.220001,203.723389
2020-10-20,217.369995,213.089996,214.649994,204.132355
2020-10-21,216.919998,213.119995,214.800003,204.275009
2020-10-22,216.059998,211.699997,214.889999,204.360596
2020-10-23,216.279999,213.160004,216.229996,205.634918
2020-10-26,216.339996,208.100006,210.080002,199.786255
2020-10-27,214.669998,210.330002,213.250000,202.800964
2020-10-28,208.839996,202.100006,202.679993,192.748871
2020-10-29,207.360001,203.369995,204.720001,194.688904
2020-10-30,204.289993,199.619995,202.470001,192.549133
2020-11-02,205.279999,200.119995,202.330002,192.416016
2020-11-03,208.119995,203.119995,206.429993,196.315125
2020-11-04,218.320007,212.419998,216.389999,205.787048
2020-11-05,224.119995,221.149994,223.289993,212.348938
2020-11-06,224.360001,218.029999,223.720001,212.757935
2020-11-09,228.119995,217.880005,218.389999,207.689072
2020-11-10,216.500000,209.720001,211.009995,200.670670
2020-11-11,218.039993,212.199997,216.550003,205.939270
2020-11-12,219.110001,214.460007,215.440002,204.883621
2020-11-13,217.419998,214.160004,216.509995,205.901184
2020-11-16,217.740005,214.520004,217.229996,206.585922
2020-11-17,217.679993,214.080002,214.460007,203.951691
2020-11-18,215.169998,210.929993,211.080002,201.262833
2020-11-19,213.029999,209.929993,212.419998,202.540482
2020-11-20,213.289993,210.000000,210.389999,200.604874
2020-11-23,212.289993,208.160004,210.110001,200.337967
2020-11-24,214.250000,208.860001,213.860001,203.913513
2020-11-25,215.289993,212.460007,213.869995,203.923080
2020-11-27,216.270004,214.039993,215.229996,205.219772
2020-11-30,214.759995,210.839996,214.070007,204.113693
2020-12-01,217.320007,213.350006,216.210007,206.154251
2020-12-02,215.470001,212.800003,215.369995,205.353256
2020-12-03,216.380005,213.649994,214.240005,204.275833
2020-12-04,215.380005,213.179993,214.360001,204.390274
2020-12-07,215.539993,212.990005,214.289993,204.323517
2020-12-08,216.949997,212.889999,216.009995,205.963486
2020-12-09,215.229996,211.210007,211.800003,201.949341
2020-12-10,213.080002,210.360001,210.520004,200.728821
2020-12-11,213.320007,209.110001,213.259995,203.341400
2020-12-14,216.210007,212.880005,214.199997,204.237717
2020-12-15,215.419998,212.240005,214.130005,204.170929
2020-12-16,220.110001,214.720001,219.279999,209.081467
2020-12-17,220.889999,217.919998,219.419998,209.214905
2020-12-18,219.690002,216.020004,218.589996,208.423538
2020-12-21,224.000000,217.279999,222.589996,212.237503
2020-12-22,225.630005,221.850006,223.940002,213.524689
2020-12-23,223.559998,220.800003,221.020004,210.740555
2020-12-24,223.610001,221.199997,222.750000,212.390030
2020-12-28,226.029999,223.020004,224.960007,214.497299
2020-12-29,227.179993,223.580002,224.149994,213.724915
2020-12-30,225.630005,221.470001,221.679993,211.369812
2020-12-31,223.000000,219.679993,222.419998,212.075394
2021-01-04,223.000000,214.809998,217.690002,207.565384
2021-01-05,218.520004,215.699997,217.899994,207.765594
2021-01-06,216.490005,211.940002,212.250000,202.378403
2021-01-07,219.339996,213.710007,218.289993,208.137482
2021-01-08,220.580002,217.029999,219.619995,209.405594
2021-01-11,218.910004,216.729996,217.490005,207.374649
2021-01-12,217.100006,213.320007,214.929993,204.933792
2021-01-13,216.759995,213.929993,216.339996,206.278152
2021-01-14,217.460007,212.740005,213.020004,203.112564
2021-01-15,214.509995,212.029999,212.649994,202.759796
2021-01-19,216.979996,212.630005,216.440002,206.373505
2021-01-20,225.789993,217.289993,224.339996,213.906082
2021-01-21,226.300003,222.419998,224.970001,214.506790
2021-01-22,230.070007,225.800003,225.949997,215.441162
2021-01-25,229.779999,224.220001,229.529999,218.854691
2021-01-26,234.179993,230.080002,232.330002,221.524506
2021-01-27,240.440002,230.139999,232.899994,222.067963
2021-01-28,242.639999,235.089996,238.929993,227.817520
2021-01-29,238.020004,231.350006,231.960007,221.171707
2021-02-01,242.500000,232.429993,239.649994,228.504074
2021-02-02,242.309998,238.690002,239.509995,228.370544
2021-02-03,245.089996,239.259995,243.000000,231.698242
2021-02-04,243.240005,240.369995,242.009995,230.754272
2021-02-05,243.279999,240.419998,242.199997,230.935455
2021-02-08,243.679993,240.809998,242.470001,231.192825
2021-02-09,244.759995,241.380005,243.770004,232.432419
2021-02-10,245.919998,240.889999,242.820007,231.526596
2021-02-11,245.149994,242.149994,244.490005,233.118942
2021-02-12,245.300003,242.729996,244.990005,233.595642
2021-02-16,246.130005,242.919998,243.699997,232.365662
2021-02-17,244.309998,240.940002,244.199997,233.378677
2021-02-18,243.929993,240.860001,243.789993,232.986862
2021-02-19,243.860001,240.179993,240.970001,230.291824
2021-02-22,237.929993,232.399994,234.509995,224.118073
2021-02-23,234.830002,228.729996,233.270004,222.933044
2021-02-24,235.199997,229.000000,234.550003,224.156281
2021-02-25,234.589996,227.880005,228.990005,218.842682
2021-02-26,235.369995,229.539993,232.380005,222.082474
2021-03-01,237.470001,233.149994,236.940002,226.440369
2021-03-02,237.300003,233.449997,233.869995,223.506454
2021-03-03,233.580002,227.259995,227.559998,217.476059
2021-03-04,232.490005,224.259995,226.729996,216.682861
2021-03-05,233.270004,226.460007,231.600006,221.337036
2021-03-08,233.369995,227.130005,227.389999,217.313568
2021-03-09,235.380005,231.669998,233.779999,223.420441
2021-03-10,237.000000,232.039993,232.419998,222.120682
2021-03-11,239.169998,234.309998,237.130005,226.621964
2021-03-12,235.820007,233.229996,235.750000,225.303162
2021-03-15,235.190002,231.809998,234.809998,224.404800
2021-03-16,240.059998,235.940002,237.710007,227.176285
2021-03-17,238.550003,233.229996,237.039993,226.535950
2021-03-18,234.190002,230.330002,230.720001,220.496048
2021-03-19,232.470001,229.350006,230.350006,220.142441
2021-03-22,236.899994,230.139999,235.990005,225.532486
2021-03-23,241.050003,237.070007,237.580002,227.052063
2021-03-24,238.000000,235.320007,235.460007,225.025986
2021-03-25,236.940002,231.570007,232.339996,222.044266
2021-03-26,236.710007,231.550003,236.479996,226.000778
2021-03-29,236.800003,231.880005,235.240005,224.815704
2021-03-30,233.850006,231.100006,231.850006,221.575958
2021-03-31,239.100006,232.389999,235.770004,225.322266
2021-04-01,242.839996,238.050003,242.350006,231.610657
2021-04-05,249.960007,242.699997,249.070007,238.032913
2021-04-06,249.399994,246.880005,247.860001,236.876526
2021-04-07,250.929993,247.190002,249.899994,238.826126
2021-04-08,254.139999,252.000000,253.250000,242.027695
2021-04-09,255.990005,252.440002,255.850006,244.512482
2021-04-12,257.670013,254.619995,255.910004,244.569794
2021-04-13,259.190002,256.829987,258.489990,247.035461
2021-04-14,258.829987,255.160004,255.589996,244.263992
2021-04-15,259.929993,257.730011,259.500000,248.000717
2021-04-16,261.000000,257.600006,260.739990,249.185715
2021-04-19,261.480011,257.820007,258.739990,247.274368
2021-04-20,260.200012,256.839996,258.260010,246.815704
2021-04-21,260.679993,257.250000,260.579987,249.032867
2021-04-22,261.779999,255.639999,257.170013,245.773956
2021-04-23,261.510010,257.269989,261.149994,249.577560
2021-04-26,262.440002,260.170013,261.549988,249.959839
2021-04-27,263.190002,260.119995,261.970001,250.361267
2021-04-28,256.540009,252.949997,254.559998,243.279633
2021-04-29,256.100006,249.000000,252.509995,241.320465
2021-04-30,253.080002,249.600006,252.179993,241.005066
2021-05-03,254.350006,251.119995,251.860001,240.699234
2021-05-04,251.210007,245.759995,247.789993,236.809555
2021-05-05,249.500000,245.820007,246.470001,235.548096
2021-05-06,249.860001,244.690002,249.729996,238.663620
2021-05-07,254.300003,251.169998,252.460007,241.272659
2021-05-10,251.729996,247.119995,247.179993,236.226654
2021-05-11,246.600006,242.570007,246.229996,235.318756
2021-05-12,244.380005,238.070007,239.000000,228.409134
2021-05-13,245.600006,241.419998,243.029999,232.260513
2021-05-14,249.179993,245.490005,248.149994,237.153625
2021-05-17,246.589996,243.520004,245.179993,234.315277
2021-05-18,246.410004,242.899994,243.080002,232.308289
2021-05-19,243.229996,238.600006,243.119995,232.883041
2021-05-20,247.949997,243.860001,246.479996,236.101593
2021-05-21,248.330002,244.740005,245.169998,234.846756
2021-05-24,251.160004,247.509995,250.779999,240.220551
2021-05-25,252.750000,250.820007,251.720001,241.120941
2021-05-26,252.940002,250.750000,251.490005,240.900589
2021-05-27,251.479996,249.250000,249.309998,238.812454
2021-05-28,252.080002,249.559998,249.679993,239.166855
2021-06-01,251.289993,246.960007,247.399994,236.982849
2021-06-02,249.270004,245.839996,247.300003,236.887054
2021-06-03,246.339996,243.000000,245.710007,235.363998
2021-06-04,251.649994,247.509995,250.789993,240.230103
2021-06-07,254.089996,249.809998,253.809998,243.122925
2021-06-08,256.010010,252.509995,252.570007,241.935196
2021-06-09,255.529999,253.210007,253.589996,242.912201
2021-06-10,257.459991,253.669998,257.239990,246.408539
2021-06-11,258.489990,256.609985,257.890015,247.031158
2021-06-14,259.950012,256.799988,259.890015,248.946945
2021-06-15,259.989990,257.679993,258.359985,247.481339
2021-06-16,260.579987,254.419998,257.380005,246.542572
2021-06-17,261.750000,256.010010,260.899994,249.914413
2021-06-18,262.299988,258.750000,259.429993,248.506287
2021-06-21,263.519989,257.920013,262.630005,251.571594
2021-06-22,265.790009,262.399994,265.510010,254.330307
2021-06-23,266.829987,264.429993,265.269989,254.100357
2021-06-24,267.850006,265.470001,266.690002,255.460632
2021-06-25,267.250000,264.760010,265.019989,253.860916
2021-06-28,268.899994,265.910004,268.720001,257.405182
2021-06-29,271.649994,267.980011,271.399994,259.972351
2021-06-30,271.359985,269.600006,270.899994,259.493347
2021-07-01,271.839996,269.600006,271.600006,260.163910
2021-07-02,278.000000,272.500000,277.649994,265.959137
2021-07-06,279.369995,274.299988,277.660004,265.968719
2021-07-07,280.690002,277.149994,279.929993,268.143097
2021-07-08,278.730011,274.869995,277.420013,265.738892
2021-07-09,278.049988,275.320007,277.940002,266.236847
2021-07-12,279.769989,276.579987,277.320007,265.643066
2021-07-13,282.850006,277.390015,280.980011,269.148834
2021-07-14,283.660004,280.549988,282.510010,270.614502
2021-07-15,282.510010,279.829987,281.029999,269.196747
2021-07-16,284.100006,279.459991,280.750000,268.928497
2021-07-19,280.369995,274.450012,277.010010,265.346069
2021-07-20,280.970001,276.260010,279.320007,267.558838
2021-07-21,281.519989,277.290009,281.399994,269.551270
2021-07-22,286.420013,283.420013,286.140015,274.091675
2021-07-23,289.989990,286.500000,289.670013,277.473022
2021-07-26,289.690002,286.640015,289.049988,276.879150
2021-07-27,289.579987,282.950012,286.540009,274.474792
2021-07-28,290.149994,283.829987,286.220001,274.168335
2021-07-29,288.619995,286.079987,286.500000,274.436432
2021-07-30,286.660004,283.910004,284.910004,272.913391
2021-08-02,286.769989,283.739990,284.820007,272.827271
2021-08-03,287.230011,284.000000,287.119995,275.030396
2021-08-04,287.589996,284.649994,286.510010,274.446106
2021-08-05,289.630005,286.100006,289.519989,277.329285
2021-08-06,289.500000,287.619995,289.459991,277.271790
2021-08-09,291.549988,287.809998,288.329987,276.189331
2021-08-10,289.250000,285.200012,286.440002,274.378967
2021-08-11,288.660004,285.859985,286.950012,274.867615
2021-08-12,289.970001,286.339996,289.809998,277.607117
2021-08-13,292.899994,289.299988,292.850006,280.519043
2021-08-16,294.820007,290.019989,294.600006,282.195435
2021-08-17,293.429993,291.079987,293.079987,280.739380
2021-08-18,294.820007,290.269989,290.730011,279.021484
2021-08-19,297.470001,288.640015,296.769989,284.818237
2021-08-20,305.839996,298.059998,304.359985,292.102600
2021-08-23,305.399994,301.850006,304.649994,292.380920
2021-08-24,305.649994,302.000000,302.619995,290.432709
2021-08-25,304.589996,300.420013,302.010010,289.847321
2021-08-26,302.429993,298.950012,299.089996,287.044800
2021-08-27,300.869995,296.829987,299.720001,287.649384
2021-08-30,304.220001,301.059998,303.589996,291.363586
2021-08-31,304.500000,301.500000,301.880005,289.722382
2021-09-01,305.190002,301.489990,301.829987,289.674438
2021-09-02,303.359985,300.179993,301.149994,289.021881
2021-09-03,302.600006,300.260010,301.140015,289.012360
2021-09-07,301.089996,298.200012,300.179993,288.090973
2021-09-08,300.609985,297.470001,300.209991,288.119690
2021-09-09,302.140015,297.000000,297.250000,285.278900
2021-09-10,299.920013,295.380005,295.709991,283.800934
2021-09-13,298.540009,294.079987,296.989990,285.029358
2021-09-14,301.390015,298.100006,299.790009,287.716583
2021-09-15,305.320007,301.820007,304.820007,292.544037
2021-09-16,305.309998,300.760010,305.220001,292.928009
2021-09-17,304.500000,299.529999,299.869995,287.793396
2021-09-20,298.720001,289.519989,294.299988,282.447693
2021-09-21,297.540009,294.070007,294.799988,282.927582
2021-09-22,300.220001,294.510010,298.579987,286.555359
2021-09-23,300.899994,297.529999,299.559998,287.495850
2021-09-24,299.799988,296.929993,299.350006,287.294373
2021-09-27,296.470001,292.940002,294.170013,282.322968
2021-09-28,290.779999,282.750000,283.519989,272.101837
2021-09-29,286.769989,283.010010,284.000000,272.562592
2021-09-30,287.829987,281.619995,281.920013,270.566254
2021-10-01,289.980011,281.290009,289.100006,277.457184
2021-10-04,287.750000,280.250000,283.109985,271.708344
2021-10-05,290.399994,284.049988,288.760010,277.130920
2021-10-06,293.630005,285.510010,293.109985,281.305664
2021-10-07,296.640015,293.920013,294.850006,282.975586
2021-10-08,296.640015,293.760010,294.850006,282.975586
2021-10-11,297.970001,292.750000,294.230011,282.380554
2021-10-12,295.440002,292.350006,292.880005,281.084930
2021-10-13,297.279999,293.489990,296.309998,284.376801
2021-10-14,303.269989,297.829987,302.750000,290.557434
2021-10-15,304.450012,300.519989,304.209991,291.958649
2021-10-18,308.209991,302.690002,307.290009,294.914642
2021-10-19,309.299988,307.220001,308.230011,295.816772
2021-10-20,309.700012,306.109985,307.410004,295.029755
2021-10-21,311.019989,306.359985,310.760010,298.244904
2021-10-22,311.089996,307.799988,309.160004,296.709320
2021-10-25,309.399994,306.459991,308.130005,295.720764
2021-10-26,312.399994,308.600006,310.109985,297.621002
2021-10-27,326.100006,316.000000,323.170013,310.155060
2021-10-28,324.869995,321.359985,324.350006,311.287567
2021-10-29,332.000000,323.899994,331.619995,318.264740
2021-11-01,331.489990,326.369995,329.369995,316.105347
2021-11-02,333.450012,330.000000,333.130005,319.713928
2021-11-03,334.899994,330.649994,334.000000,320.548950
2021-11-04,336.540009,329.510010,336.440002,322.890656
2021-11-05,338.790009,334.420013,336.059998,322.526001
2021-11-08,337.649994,334.440002,336.989990,323.418518
2021-11-09,338.720001,334.529999,335.950012,322.420380
2021-11-10,334.630005,329.920013,330.799988,317.477753
2021-11-11,333.769989,330.510010,332.429993,319.042084
2021-11-12,337.230011,333.790009,336.720001,323.159424
2021-11-15,337.880005,334.029999,336.070007,322.535553
2021-11-16,340.670013,335.510010,339.510010,325.837036
2021-11-17,342.190002,338.000000,339.119995,326.058105
2021-11-18,342.450012,337.119995,341.269989,328.125336
2021-11-19,345.100006,342.200012,343.109985,329.894440
2021-11-22,349.670013,339.549988,339.829987,326.740845
2021-11-23,339.450012,333.559998,337.679993,324.673645
2021-11-24,338.160004,333.910004,337.910004,324.894775
2021-11-26,337.929993,328.119995,329.679993,316.981689
2021-11-29,339.029999,334.739990,336.630005,323.664032
2021-11-30,337.779999,328.989990,330.589996,317.856720
2021-12-01,339.279999,329.390015,330.079987,317.366272
2021-12-02,333.489990,327.799988,329.489990,316.799072
2021-12-03,332.700012,318.029999,323.010010,310.568665
2021-12-06,327.450012,319.230011,326.190002,313.626160
2021-12-07,335.799988,330.100006,334.920013,322.019836
2021-12-08,335.500000,330.799988,334.970001,322.067963
2021-12-09,336.489990,332.119995,333.100006,320.270050
2021-12-10,343.000000,334.790009,342.540009,329.346466
2021-12-13,343.790009,339.079987,339.399994,326.327362
2021-12-14,334.640015,324.109985,328.339996,315.693298
2021-12-15,335.190002,324.500000,334.649994,321.760284
2021-12-16,336.760010,323.019989,324.899994,312.385864
2021-12-17,324.920013,317.250000,323.799988,311.328156
2021-12-20,322.799988,317.570007,319.910004,307.588013
2021-12-21,327.730011,319.799988,327.290009,314.683838
2021-12-22,333.609985,325.750000,333.200012,320.366150
2021-12-23,336.390015,332.730011,334.690002,321.798767
2021-12-27,342.480011,335.429993,342.450012,329.259918
2021-12-28,343.809998,340.320007,341.250000,328.106110
2021-12-29,344.299988,339.679993,341.950012,328.779114
2021-12-30,343.130005,338.820007,339.320007,326.250488
2021-12-31,339.359985,335.850006,336.320007,323.365997
2022-01-03,338.000000,329.779999,334.750000,321.856445
2022-01-04,335.200012,326.119995,329.010010,316.337616
2022-01-05,326.070007,315.980011,316.380005,304.194031
2022-01-06,318.700012,311.489990,313.880005,301.790314
2022-01-07,316.500000,310.089996,314.040009,301.944153
2022-01-10,314.720001,304.690002,314.269989,302.165253
2022-01-11,316.609985,309.890015,314.980011,302.847931
2022-01-12,323.410004,317.079987,318.269989,306.011200
2022-01-13,320.880005,304.000000,304.799988,293.060028
2022-01-14,310.820007,303.750000,310.200012,298.252045
2022-01-18,309.799988,301.739990,302.649994,290.992859
2022-01-19,313.910004,302.700012,303.329987,291.646606
2022-01-20,311.649994,301.140015,301.600006,289.983307
2022-01-21,304.109985,295.609985,296.029999,284.627869
2022-01-24,297.109985,276.049988,296.369995,284.954742
2022-01-25,294.989990,285.170013,288.489990,277.378296
2022-01-26,308.500000,293.029999,296.709991,285.281586
2022-01-27,307.299988,297.929993,299.839996,288.291077
2022-01-28,308.480011,294.450012,308.260010,296.386810
2022-01-31,312.380005,306.369995,310.980011,299.002045
2022-02-01,310.630005,305.130005,308.760010,296.867523
2022-02-02,315.119995,308.880005,313.459991,301.386444
2022-02-03,311.230011,299.959991,301.250000,289.646820
2022-02-04,308.799988,299.970001,305.940002,294.156067
2022-02-07,307.839996,299.899994,300.950012,289.358368
2022-02-08,305.559998,299.950012,304.559998,292.829254
2022-02-09,311.929993,307.390015,311.209991,299.223175
2022-02-10,309.119995,300.700012,302.380005,290.733246
2022-02-11,304.290009,294.220001,295.040009,283.675995
2022-02-14,296.760010,291.350006,295.000000,283.637543
2022-02-15,300.799988,297.019989,300.470001,288.896820
2022-02-16,300.869995,293.679993,299.500000,288.559631
2022-02-17,296.799988,290.000000,290.730011,280.110046
2022-02-18,293.859985,286.309998,287.929993,277.412292
2022-02-22,291.540009,284.500000,287.720001,277.209869
2022-02-23,291.700012,280.100006,280.269989,270.032013
2022-02-24,295.160004,271.519989,294.589996,283.828918
2022-02-25,297.630005,291.649994,297.309998,286.449554
2022-02-28,299.140015,293.000000,298.790009,287.875549
2022-03-01,299.970001,292.149994,294.950012,284.175842
2022-03-02,301.470001,293.700012,300.190002,289.224457
2022-03-03,303.130005,294.049988,295.920013,285.110413
2022-03-04,295.660004,287.170013,289.859985,279.271698
2022-03-07,289.690002,278.529999,278.910004,268.721710
2022-03-08,283.959991,270.000000,275.850006,265.773560
2022-03-09,289.600006,280.779999,288.500000,277.961365
2022-03-10,286.600006,280.579987,285.589996,275.157715
2022-03-11,289.510010,279.429993,280.070007,269.839355
2022-03-14,285.399994,275.820007,276.440002,266.342072
2022-03-15,287.820007,278.730011,287.149994,276.660797
2022-03-16,294.570007,283.200012,294.390015,283.636353
2022-03-17,295.609985,289.369995,295.220001,284.435913
2022-03-18,301.000000,292.730011,300.429993,289.455627
2022-03-21,300.140015,294.899994,299.160004,288.231995
2022-03-22,305.000000,298.769989,304.059998,292.953033
2022-03-23,303.230011,297.720001,299.489990,288.549988
2022-03-24,304.200012,298.320007,304.100006,292.991547
2022-03-25,305.500000,299.290009,303.679993,292.586945
2022-03-28,310.799988,304.329987,310.700012,299.350525
2022-03-29,315.820007,309.049988,315.410004,303.888428
2022-03-30,315.950012,311.579987,313.859985,302.395050
2022-03-31,315.140015,307.890015,308.309998,297.047729
2022-04-01,310.130005,305.540009,309.420013,298.117279
2022-04-04,315.109985,309.709991,314.970001,303.464508
2022-04-05,314.869995,309.869995,310.880005,299.523895
2022-04-06,307.000000,296.709991,299.500000,288.559631
2022-04-07,303.649994,296.350006,301.369995,290.361328
2022-04-08,301.119995,296.279999,296.970001,286.122101
2022-04-11,292.609985,285.000000,285.260010,274.839752
2022-04-12,290.739990,280.489990,282.059998,271.756653
2022-04-13,288.579987,281.299988,287.619995,277.113556
2022-04-14,288.309998,279.320007,279.829987,269.608154
2022-04-18,282.459991,278.339996,280.519989,270.272888
2022-04-19,286.170013,278.410004,285.299988,274.878296
2022-04-20,289.700012,285.369995,286.359985,275.899567
2022-04-21,293.299988,280.059998,280.809998,270.552368
2022-04-22,283.200012,273.380005,274.029999,264.020020
2022-04-25,281.109985,270.769989,280.720001,270.465607
2022-04-26,278.359985,270.000000,270.220001,260.349213
2022-04-27,290.970001,279.160004,283.220001,272.874298
2022-04-28,290.980011,281.459991,289.630005,279.050140
2022-04-29,289.880005,276.500000,277.519989,267.382538
2022-05-02,284.940002,276.220001,284.470001,274.078583
2022-05-03,284.130005,280.149994,281.779999,271.486877
2022-05-04,290.880005,276.730011,289.980011,279.387360
2022-05-05,286.350006,274.339996,277.350006,267.218658
2022-05-06,279.250000,271.269989,274.730011,264.694427
2022-05-09,272.359985,263.320007,264.579987,254.915237
2022-05-10,273.750000,265.070007,269.500000,259.655426
2022-05-11,271.359985,259.299988,260.549988,251.032425
2022-05-12,259.880005,250.020004,255.350006,246.022385
2022-05-13,263.040009,255.350006,261.119995,251.581589
2022-05-16,265.820007,255.779999,261.500000,251.947662
2022-05-17,268.329987,262.459991,266.820007,257.073334
2022-05-18,263.600006,252.770004,254.080002,245.368927
2022-05-19,257.670013,251.880005,253.139999,244.461151
2022-05-20,258.540009,246.440002,252.559998,243.901031
2022-05-23,261.500000,253.429993,260.649994,251.713684
2022-05-24,261.329987,253.500000,259.619995,250.719009
2022-05-25,264.579987,257.130005,262.519989,253.519562
2022-05-26,267.109985,261.429993,265.899994,256.783630
2022-05-27,273.339996,267.559998,273.239990,263.871948
2022-05-31,274.769989,268.929993,271.869995,262.549011
2022-06-01,277.690002,270.040009,272.420013,263.080109
2022-06-02,274.649994,261.600006,274.579987,265.166016
2022-06-03,273.450012,268.410004,270.019989,260.762390
2022-06-06,274.179993,267.220001,268.750000,259.536011
2022-06-07,273.130005,265.940002,272.500000,263.157410
2022-06-08,273.000000,269.609985,270.410004,261.139069
2022-06-09,272.709991,264.630005,264.790009,255.711700
2022-06-10,260.579987,252.529999,252.990005,244.316284
2022-06-13,249.020004,241.529999,242.259995,233.954147
2022-06-14,245.740005,241.509995,244.490005,236.107727
2022-06-15,255.300003,246.419998,251.759995,243.128418
2022-06-16,247.419998,243.020004,244.970001,236.571274
2022-06-17,250.500000,244.029999,247.649994,239.159378
2022-06-21,254.750000,249.509995,253.740005,245.040604
2022-06-22,257.170013,250.369995,253.130005,244.451477
2022-06-23,259.369995,253.630005,258.859985,249.984985
2022-06-24,267.980011,261.720001,267.700012,258.522034
2022-06-27,268.299988,263.279999,264.890015,255.808365
2022-06-28,266.910004,256.320007,256.480011,247.686676
2022-06-29,261.970001,255.759995,260.260010,251.337051
2022-06-30,259.529999,252.899994,256.829987,248.024612
2022-07-01,259.769989,254.610001,259.579987,250.680328
2022-07-05,262.980011,254.740005,262.850006,253.838272
2022-07-06,267.989990,262.399994,266.209991,257.083069
2022-07-07,269.059998,265.019989,268.399994,259.197937
2022-07-08,268.100006,263.290009,267.660004,258.483276
2022-07-11,266.529999,262.179993,264.510010,255.441406
2022-07-12,265.940002,252.039993,253.669998,244.972946
2022-07-13,253.550003,248.110001,252.720001,244.055542
2022-07-14,255.139999,245.940002,254.080002,245.368927
2022-07-15,260.369995,254.770004,256.720001,247.918396
2022-07-18,260.839996,253.300003,254.250000,245.533066
2022-07-19,259.720001,253.679993,259.529999,250.632080
2022-07-20,264.869995,258.910004,262.269989,253.278107
2022-07-21,264.890015,257.029999,264.839996,255.760010
2022-07-22,265.329987,259.070007,260.359985,251.433563
2022-07-25,261.500000,256.809998,258.829987,249.956055
2022-07-26,259.880005,249.570007,251.899994,243.263641
2022-07-27,270.049988,258.850006,268.739990,259.526276
2022-07-28,277.839996,267.869995,276.410004,266.933350
2022-07-29,282.000000,276.630005,280.739990,271.114929
2022-08-01,281.279999,275.839996,278.010010,268.478516
2022-08-02,277.890015,272.380005,274.820007,265.397888
2022-08-03,283.500000,276.609985,282.470001,272.785583
2022-08-04,283.799988,280.170013,283.649994,273.925171
2022-08-05,283.649994,278.679993,282.910004,273.210480
2022-08-08,285.920013,279.320007,280.320007,270.709259
2022-08-09,283.079987,277.609985,282.299988,272.621429
2022-08-10,289.809998,286.940002,289.160004,279.246216
2022-08-11,291.209991,286.510010,287.019989,277.179626
2022-08-12,291.910004,286.940002,291.910004,281.901978
2022-08-15,294.179993,290.109985,293.470001,283.408417
2022-08-16,294.040009,290.420013,292.709991,282.674530
2022-08-17,293.350006,289.470001,291.320007,281.929291
2022-08-18,291.910004,289.079987,290.170013,280.816406
2022-08-19,289.250000,285.559998,286.149994,276.925934
2022-08-22,282.459991,277.220001,277.750000,268.796753
2022-08-23,278.859985,275.399994,276.440002,267.528992
2022-08-24,277.230011,275.109985,275.790009,266.899872
2022-08-25,279.019989,274.519989,278.850006,269.861298
2022-08-26,280.339996,267.980011,268.089996,259.448120
2022-08-29,267.399994,263.850006,265.230011,256.680389
2022-08-30,267.049988,260.660004,262.970001,254.493134
2022-08-31,267.109985,261.329987,261.470001,253.041550
2022-09-01,260.890015,255.410004,260.399994,252.006027
2022-09-02,264.739990,254.470001,256.059998,247.805893
2022-09-06,257.829987,251.940002,253.250000,245.086502
2022-09-07,258.829987,253.220001,258.089996,249.770523
2022-09-08,260.429993,254.789993,258.519989,250.186615
2022-09-09,265.230011,260.290009,264.459991,255.935104
2022-09-12,267.450012,265.160004,266.649994,258.054535
2022-09-13,260.399994,251.589996,251.990005,243.867126
2022-09-14,254.229996,249.860001,252.220001,244.089691
2022-09-15,251.399994,244.020004,245.380005,237.470169
2022-09-16,245.300003,242.059998,244.740005,236.850800
2022-09-19,245.139999,240.850006,244.520004,236.637909
2022-09-20,243.509995,239.639999,242.449997,234.634598
2022-09-21,247.660004,238.899994,238.949997,231.247452
2022-09-22,243.860001,237.570007,240.979996,233.212021
2022-09-23,241.130005,235.199997,237.919998,230.250656
2022-09-26,241.449997,236.899994,237.449997,229.795807
2022-09-27,241.800003,234.500000,236.410004,228.789322
2022-09-28,242.330002,234.729996,241.070007,233.299149
2022-09-29,239.949997,234.410004,237.500000,229.844208
2022-09-30,240.539993,232.729996,232.899994,225.392456
2022-10-03,241.610001,234.660004,240.740005,232.979752
2022-10-04,250.360001,244.979996,248.880005,240.857361
2022-10-05,250.580002,244.100006,249.199997,241.167023
2022-10-06,250.339996,246.080002,246.789993,238.834717
2022-10-07,241.320007,233.169998,234.240005,226.689285
2022-10-10,234.559998,226.729996,229.250000,221.860123
2022-10-11,229.059998,224.110001,225.410004,218.143921
2022-10-12,227.860001,223.960007,225.750000,218.472946
2022-10-13,236.100006,219.130005,234.240005,226.689285
2022-10-14,237.240005,228.339996,228.559998,221.192337
2022-10-17,238.960007,235.139999,237.529999,229.873245
2022-10-18,243.929993,235.369995,238.500000,230.811966
2022-10-19,239.610001,234.289993,236.479996,228.857086
2022-10-20,241.309998,234.869995,236.149994,228.537704
2022-10-21,243.000000,234.500000,242.119995,234.315277
2022-10-24,247.839996,241.300003,247.250000,239.279922
2022-10-25,251.039993,245.830002,250.660004,242.580002
2022-10-26,238.300003,230.059998,231.320007,223.863403
2022-10-27,233.690002,225.779999,226.750000,219.440689
2022-10-28,236.600006,226.050003,235.869995,228.266708
2022-10-31,234.919998,231.149994,232.130005,224.647278
2022-11-01,235.740005,227.330002,228.169998,220.814911
2022-11-02,231.300003,220.039993,220.100006,213.005096
2022-11-03,220.410004,213.979996,214.250000,207.343658
2022-11-04,221.589996,213.429993,221.389999,214.253464
2022-11-07,228.410004,221.279999,227.869995,220.524628
2022-11-08,231.649994,225.839996,228.869995,221.492371
2022-11-09,228.630005,224.330002,224.509995,217.272903
2022-11-10,243.330002,235.000000,242.979996,235.147568
2022-11-11,247.990005,241.929993,247.110001,239.144440
2022-11-14,243.910004,239.210007,241.550003,233.763657
2022-11-15,247.000000,240.029999,241.970001,234.170090
2022-11-16,243.800003,240.419998,241.729996,234.597122
2022-11-17,243.250000,237.630005,241.679993,234.548584
2022-11-18,243.740005,239.029999,241.220001,234.102203
2022-11-21,244.669998,241.190002,242.050003,234.907654
2022-11-22,245.309998,240.710007,245.029999,237.799698
2022-11-23,248.279999,244.270004,247.580002,240.274490
2022-11-25,248.699997,246.729996,247.490005,240.187134
2022-11-28,246.649994,240.800003,241.759995,234.626190
2022-11-29,242.789993,238.210007,240.330002,233.238419
2022-11-30,255.330002,239.860001,255.139999,247.611420
2022-12-01,256.119995,250.919998,254.690002,247.174683
2022-12-02,256.059998,249.690002,255.020004,247.494965
2022-12-05,253.820007,248.059998,250.199997,242.817184
2022-12-06,251.860001,243.779999,245.119995,237.887070
2022-12-07,246.160004,242.210007,244.369995,237.159210
2022-12-08,248.740005,243.059998,247.399994,240.099808
2022-12-09,248.309998,244.160004,245.419998,238.178238
2022-12-12,252.539993,247.169998,252.509995,245.059021
2022-12-13,263.920013,253.070007,256.920013,249.338913
2022-12-14,262.589996,254.309998,257.220001,249.630051
2022-12-15,254.199997,247.339996,249.009995,241.662323
2022-12-16,249.839996,243.509995,244.690002,237.469803
2022-12-19,245.210007,238.710007,240.449997,233.354874
2022-12-20,242.910004,238.419998,241.800003,234.665054
2022-12-21,245.619995,240.110001,244.429993,237.217438
2022-12-22,241.990005,233.869995,238.190002,231.161591
2022-12-23,238.869995,233.940002,238.729996,231.685608
2022-12-27,238.929993,235.830002,236.960007,229.967911
2022-12-28,239.720001,234.169998,234.529999,227.609573
2022-12-29,241.919998,235.649994,241.009995,233.898361
2022-12-30,239.960007,236.660004,239.820007,232.743469
2023-01-03,245.750000,237.399994,239.580002,232.510574
2023-01-04,232.869995,225.960007,229.100006,222.339783
2023-01-05,227.550003,221.759995,222.309998,215.750168
2023-01-06,225.759995,219.350006,224.929993,218.292831
2023-01-09,231.240005,226.410004,227.119995,220.418228
2023-01-10,231.309998,227.330002,228.850006,222.097168
2023-01-11,235.949997,231.110001,235.770004,228.812988
2023-01-12,239.899994,233.559998,238.509995,231.472122
2023-01-13,239.369995,234.919998,239.229996,232.170883
2023-01-17,240.910004,237.089996,240.350006,233.257843
2023-01-18,242.380005,235.520004,235.809998,228.851807
2023-01-19,235.520004,230.679993,231.929993,225.086273
2023-01-20,240.740005,234.509995,240.220001,233.131683
2023-01-23,245.169998,239.649994,242.580002,235.422028
2023-01-24,243.949997,240.440002,242.039993,234.897980
2023-01-25,243.300003,230.899994,240.610001,233.510162
2023-01-26,248.309998,242.000000,248.000000,240.682083
2023-01-27,249.830002,246.830002,248.160004,240.837387
2023-01-30,245.600006,242.199997,242.710007,235.548218
2023-01-31,247.949997,242.949997,247.809998,240.497696
2023-02-01,255.179993,245.470001,252.750000,245.291962
2023-02-02,264.690002,257.250000,264.600006,256.792267
2023-02-03,264.200012,257.100006,258.350006,250.726685
2023-02-06,258.299988,254.779999,256.769989,249.193314
2023-02-07,268.769989,260.079987,267.559998,259.664917
2023-02-08,276.760010,266.209991,266.730011,258.859375
2023-02-09,273.980011,262.799988,263.619995,255.841202
2023-02-10,264.089996,260.660004,263.100006,255.336563
2023-02-13,274.600006,267.149994,271.320007,263.313965
2023-02-14,274.970001,269.279999,272.170013,264.138855
2023-02-15,270.730011,266.179993,269.320007,262.027649
2023-02-16,266.739990,261.899994,262.149994,255.051804
2023-02-17,260.089996,256.000000,258.059998,251.072586
2023-02-21,255.490005,251.589996,252.669998,245.828491
2023-02-22,254.339996,250.339996,251.509995,244.699921
2023-02-23,256.839996,250.479996,254.770004,247.871643
2023-02-24,251.000000,248.100006,249.220001,242.471878
2023-02-27,252.820007,249.389999,250.160004,243.386459
2023-02-28,251.490005,248.729996,249.419998,242.666489
2023-03-01,250.929993,245.789993,246.270004,239.601776
2023-03-02,251.399994,245.610001,251.110001,244.310730
2023-03-03,255.619995,251.389999,255.289993,248.377563
2023-03-06,260.119995,255.979996,256.869995,249.914795
2023-03-07,257.690002,253.389999,254.149994,247.268387
2023-03-08,254.539993,250.809998,253.699997,246.830612
2023-03-09,259.559998,251.580002,252.320007,245.487961
2023-03-10,252.789993,247.600006,248.589996,241.858963
2023-03-13,257.910004,245.729996,253.919998,247.044647
2023-03-14,261.070007,255.860001,260.790009,253.728622
2023-03-15,266.480011,259.209991,265.440002,258.252716
2023-03-16,276.559998,263.279999,276.200012,268.721344
2023-03-17,283.329987,276.320007,279.429993,271.863922
2023-03-20,277.480011,269.850006,272.230011,264.858856
2023-03-21,275.000000,269.519989,273.779999,266.366852
2023-03-22,281.040009,272.179993,272.290009,264.917206
2023-03-23,281.059998,275.200012,277.660004,270.141876
2023-03-24,280.630005,275.279999,280.570007,272.973022
2023-03-27,281.459991,275.519989,276.380005,268.896545
2023-03-28,276.140015,272.049988,275.230011,267.777649
2023-03-29,281.140015,278.410004,280.510010,272.914703
2023-03-30,284.459991,281.480011,284.049988,276.358795
2023-03-31,289.269989,283.000000,288.299988,280.493744
2023-04-03,288.269989,283.950012,287.230011,279.452667
2023-04-04,290.450012,285.670013,287.179993,279.404053
2023-04-05,287.149994,282.920013,284.339996,276.640961
2023-04-06,292.079987,282.029999,291.600006,283.704376
2023-04-10,289.600006,284.709991,289.390015,281.554230
2023-04-11,285.980011,281.640015,282.829987,275.171844
2023-04-12,287.010010,281.959991,283.489990,275.813934
2023-04-13,289.899994,283.170013,289.839996,281.992065
2023-04-14,288.480011,283.690002,286.140015,278.392303
2023-04-17,291.600006,286.160004,288.799988,280.980133
2023-04-18,291.760010,287.010010,288.369995,280.561859
2023-04-19,289.049988,284.540009,288.450012,280.639709
2023-04-20,289.029999,285.079987,286.109985,278.363007
2023-04-21,286.269989,283.059998,285.760010,278.022522
2023-04-24,284.950012,278.720001,281.769989,274.140472
2023-04-25,281.600006,275.369995,275.420013,267.962524
2023-04-26,299.570007,292.730011,295.369995,287.372284
2023-04-27,305.200012,295.250000,304.829987,296.576111
2023-04-28,308.929993,303.309998,307.260010,298.940369
2023-05-01,308.600006,305.149994,305.559998,297.286377
2023-05-02,309.179993,303.910004,305.410004,297.140472
2023-05-03,308.609985,304.089996,304.399994,296.157745
2023-05-04,307.760010,303.399994,305.410004,297.140472
2023-05-05,311.970001,304.269989,310.649994,302.238556
2023-05-08,310.200012,306.089996,308.649994,300.292725
2023-05-09,310.040009,306.309998,307.000000,298.687378
2023-05-10,313.000000,307.670013,312.309998,303.853638
2023-05-11,311.119995,306.260010,310.109985,301.713196
2023-05-12,310.649994,306.600006,308.970001,300.604034
2023-05-15,309.899994,307.589996,309.459991,301.080841
2023-05-16,313.709991,309.829987,311.739990,303.299042
2023-05-17,314.429993,310.739990,314.000000,306.165710
2023-05-18,319.040009,313.720001,318.519989,310.572968
2023-05-19,318.750000,316.369995,318.339996,310.397461
2023-05-22,322.589996,318.010010,321.179993,313.166534
2023-05-23,322.720001,315.250000,315.260010,307.394257
2023-05-24,316.500000,312.609985,313.850006,306.019440
2023-05-25,326.899994,320.000000,325.920013,317.788269
2023-05-26,333.399994,323.880005,332.890015,324.584381
2023-05-30,335.739990,330.519989,331.209991,322.946228
2023-05-31,335.940002,327.329987,328.390015,320.196625
2023-06-01,333.529999,324.720001,332.579987,324.282074
2023-06-02,337.500000,332.549988,335.399994,327.031769
2023-06-05,338.559998,334.660004,335.940002,327.558319
2023-06-06,335.369995,332.170013,333.679993,325.354675
2023-06-07,334.489990,322.500000,323.380005,315.311737
2023-06-08,326.640015,323.350006,325.260010,317.144775
2023-06-09,329.989990,324.410004,326.790009,318.636627
2023-06-12,332.100006,325.160004,331.850006,323.570312
2023-06-13,336.980011,330.390015,334.290009,325.949463
2023-06-14,339.040009,332.809998,337.339996,328.923370
2023-06-15,349.839996,337.200012,348.100006,339.414978
2023-06-16,351.470001,341.950012,342.329987,333.788818
2023-06-20,342.079987,335.859985,338.049988,329.615662
2023-06-21,337.730011,332.070007,333.559998,325.237701
2023-06-22,340.119995,333.339996,339.709991,331.234222
2023-06-23,337.959991,333.450012,335.019989,326.661224
2023-06-26,336.109985,328.489990,328.600006,320.401489
2023-06-27,336.149994,329.299988,334.570007,326.222473
2023-06-28,337.980011,333.809998,335.850006,327.470490
2023-06-29,336.109985,332.619995,335.049988,326.690521
2023-06-30,342.730011,337.200012,340.540009,332.043610
2023-07-03,340.899994,336.570007,337.989990,329.557129
2023-07-05,341.649994,334.730011,338.149994,329.713165
2023-07-06,342.989990,335.500000,341.269989,332.755310
2023-07-07,341.790009,337.000000,337.220001,328.806335
2023-07-10,335.230011,327.589996,331.829987,323.550842
2023-07-11,332.859985,327.000000,332.470001,324.174866
2023-07-12,341.649994,335.670013,337.200012,328.786896
2023-07-13,343.739990,339.019989,342.660004,334.110687
2023-07-14,351.429993,344.309998,345.239990,336.626251
2023-07-17,346.989990,342.200012,345.730011,337.104065
2023-07-18,366.779999,342.170013,359.489990,350.520782
2023-07-19,362.459991,352.440002,355.079987,346.220734
2023-07-20,357.970001,345.369995,346.869995,338.215546
2023-07-21,350.299988,339.829987,343.769989,335.192963
2023-07-24,346.920013,342.309998,345.109985,336.499512
2023-07-25,351.890015,345.070007,350.980011,342.223022
2023-07-26,344.670013,333.109985,337.769989,329.342682
2023-07-27,341.329987,329.049988,330.720001,322.468506
2023-07-28,340.010010,333.170013,338.369995,329.927704
2023-07-31,337.700012,333.359985,335.920013,327.538788
2023-08-01,338.540009,333.700012,336.339996,327.948334
2023-08-02,333.630005,326.359985,327.500000,319.328857
2023-08-03,329.880005,325.950012,326.660004,318.509827
2023-08-04,335.140015,327.239990,327.779999,319.601868
2023-08-07,331.109985,327.519989,330.109985,321.873718
2023-08-08,328.750000,323.000000,326.049988,317.915070
2023-08-09,327.109985,321.049988,322.230011,314.190338
2023-08-10,328.260010,321.179993,322.929993,314.872894
2023-08-11,322.410004,319.209991,321.010010,313.000854
2023-08-14,324.059998,320.079987,324.040009,315.955231
2023-08-15,325.089996,320.899994,321.859985,313.829620
2023-08-16,324.420013,319.799988,320.399994,313.067505
2023-08-17,321.869995,316.209991,316.880005,309.627991
2023-08-18,318.380005,311.549988,316.480011,309.237244
2023-08-21,322.769989,317.040009,321.880005,314.513580
2023-08-22,326.079987,321.459991,322.459991,315.080292
2023-08-23,329.200012,323.459991,327.000000,319.516418
2023-08-24,332.980011,319.959991,319.970001,312.647308
2023-08-25,325.359985,318.799988,322.980011,315.588470
2023-08-28,326.149994,321.720001,323.700012,316.291901
2023-08-29,328.980011,321.880005,328.410004,320.894165
2023-08-30,329.809998,326.450012,328.790009,321.265472
2023-08-31,330.910004,326.779999,327.760010,320.259064
2023-09-01,331.989990,326.779999,328.660004,321.138458
2023-09-05,334.850006,328.660004,333.549988,325.916504
2023-09-06,334.459991,330.179993,332.880005,325.261841
2023-09-07,333.079987,329.029999,329.910004,322.359802
2023-09-08,336.160004,329.459991,334.269989,326.619995
2023-09-11,338.420013,335.429993,337.940002,330.206085
2023-09-12,336.790009,331.480011,331.769989,324.177216
2023-09-13,336.850006,331.170013,336.059998,328.369049
2023-09-14,340.859985,336.570007,338.700012,330.948669
2023-09-15,337.399994,329.649994,330.220001,322.662689
2023-09-18,330.399994,326.359985,329.059998,321.529327
2023-09-19,329.390015,324.510010,328.649994,321.128632
2023-09-20,329.589996,320.510010,320.769989,313.428986
2023-09-21,325.350006,315.000000,319.529999,312.217407
2023-09-22,321.450012,316.149994,317.010010,309.755066
2023-09-25,317.670013,315.000000,317.540009,310.272919
2023-09-26,315.880005,310.019989,312.140015,304.996490
2023-09-27,314.299988,309.690002,312.790009,305.631622
2023-09-28,315.480011,309.450012,313.640015,306.462189
2023-09-29,319.470001,314.980011,315.750000,308.523865
2023-10-02,321.890015,315.179993,321.799988,314.435394
2023-10-03,321.390015,311.209991,313.390015,306.217865
2023-10-04,320.040009,314.000000,318.959991,311.660370
2023-10-05,319.980011,314.899994,319.359985,312.051270
2023-10-06,329.190002,316.299988,327.260010,319.770508
2023-10-09,330.299988,323.179993,329.820007,322.271912
2023-10-10,331.100006,327.670013,328.390015,320.874573
2023-10-11,332.820007,329.140015,332.420013,324.812347
2023-10-12,333.630005,328.720001,331.160004,323.581238
2023-10-13,333.829987,326.359985,327.730011,320.229736
2023-10-16,336.140015,330.600006,332.640015,325.027344
2023-10-17,333.459991,327.410004,332.059998,324.460632
2023-10-18,335.589996,328.299988,330.109985,322.555237
2023-10-19,336.880005,330.910004,331.320007,323.737549
2023-10-20,331.920013,325.450012,326.670013,319.194000
2023-10-23,332.730011,324.390015,329.320007,321.783295
2023-10-24,331.839996,327.600006,330.529999,322.965607
2023-10-25,346.200012,337.619995,340.670013,332.873596
2023-10-26,341.630005,326.940002,327.890015,320.386047
2023-10-27,336.720001,328.399994,329.809998,322.262115
2023-10-30,339.450012,331.829987,337.309998,329.590424
2023-10-31,339.000000,334.690002,338.109985,330.372162
2023-11-01,347.420013,339.649994,346.070007,338.149994
2023-11-02,348.829987,344.769989,348.320007,340.348450
2023-11-03,354.390015,347.329987,352.799988,344.725891
2023-11-06,357.540009,353.350006,356.529999,348.370636
2023-11-07,362.459991,357.630005,360.529999,352.278992
2023-11-08,363.869995,360.549988,363.200012,354.887939
2023-11-09,364.790009,360.359985,360.690002,352.435455
2023-11-10,370.100006,361.070007,369.670013,361.209930
2023-11-13,368.470001,365.899994,366.679993,358.288330
2023-11-14,371.950012,367.350006,370.269989,361.796143
2023-11-15,373.130005,367.109985,369.670013,361.943024
2023-11-16,376.350006,370.179993,376.170013,368.307190
2023-11-17,374.369995,367.000000,369.850006,362.119293
2023-11-20,378.869995,371.000000,377.440002,369.550568
2023-11-21,376.220001,371.119995,373.070007,365.271973
2023-11-22,379.790009,374.970001,377.850006,369.952026
2023-11-24,377.970001,375.140015,377.429993,369.540802
2023-11-27,380.640015,376.200012,378.609985,370.696136
2023-11-28,383.000000,378.160004,382.700012,374.700653
2023-11-29,384.299988,377.440002,378.850006,370.931091
2023-11-30,380.089996,375.470001,378.910004,370.989899
2023-12-01,378.160004,371.309998,374.510010,366.681824
2023-12-04,369.519989,362.899994,369.140015,361.424103
2023-12-05,373.079987,365.619995,372.519989,364.733459
2023-12-06,374.179993,368.029999,368.799988,361.091217
2023-12-07,371.450012,366.320007,370.950012,363.196198
2023-12-08,374.459991,368.230011,374.230011,366.407684
2023-12-11,371.600006,366.100006,371.299988,363.538910
2023-12-12,374.420013,370.459991,374.380005,366.554565
2023-12-13,377.640015,370.769989,374.369995,366.544739
2023-12-14,373.760010,364.130005,365.929993,358.281219
2023-12-15,372.399994,366.279999,370.730011,362.980865
2023-12-18,373.000000,368.679993,372.649994,364.860687
2023-12-19,373.260010,369.839996,373.260010,365.457977
2023-12-20,376.029999,370.529999,370.619995,362.873199
2023-12-21,374.410004,370.040009,373.540009,365.732117
2023-12-22,375.179993,372.709991,374.579987,366.750366
2023-12-26,376.940002,373.500000,374.660004,366.828766
2023-12-27,375.059998,372.809998,374.070007,366.251068
2023-12-28,376.459991,374.160004,375.279999,367.435822
2023-12-29,377.160004,373.480011,376.040009,368.179871
2024-01-02,375.899994,366.769989,370.869995,363.117889
2024-01-03,373.260010,368.510010,370.600006,362.853638
2024-01-04,373.100006,367.170013,367.940002,360.249176
2024-01-05,372.059998,366.500000,367.750000,360.063141
2024-01-08,375.200012,369.010010,374.690002,366.858124
2024-01-09,375.989990,371.190002,375.790009,367.935120
2024-01-10,384.170013,376.320007,382.769989,374.769165
2024-01-11,390.679993,380.380005,384.630005,376.590302
2024-01-12,388.679993,384.649994,388.470001,380.350037
2024-01-16,394.029999,387.619995,390.269989,382.112427
2024-01-17,390.109985,384.809998,389.470001,381.329163
2024-01-18,393.989990,390.119995,393.869995,385.637207
2024-01-19,398.670013,393.500000,398.670013,390.336792
2024-01-22,400.619995,393.589996,396.510010,388.222046
2024-01-23,399.380005,393.929993,398.899994,390.562012
2024-01-24,405.630005,400.450012,402.559998,394.145508
2024-01-25,407.010010,402.529999,404.869995,396.407257
2024-01-26,406.170013,402.429993,403.929993,395.486877
2024-01-29,409.980011,404.329987,409.720001,401.155853
2024-01-30,413.049988,406.450012,408.589996,400.049469
2024-01-31,415.320007,397.209991,397.579987,389.269592
2024-02-01,408.000000,401.799988,403.779999,395.340027
2024-02-02,412.649994,403.559998,411.220001,402.624481
2024-02-05,411.160004,403.989990,405.649994,397.170959
2024-02-06,407.970001,402.910004,405.489990,397.014282
2024-02-07,414.299988,407.399994,414.049988,405.395325
2024-02-08,415.559998,412.529999,414.109985,405.454132
2024-02-09,420.820007,415.089996,420.549988,411.759521
2024-02-12,420.739990,414.750000,415.260010,406.580078
2024-02-13,410.070007,403.390015,406.320007,397.826965
2024-02-14,409.839996,404.570007,409.489990,401.672089
2024-02-15,409.130005,404.290009,406.559998,398.798035
2024-02-16,408.290009,403.440002,404.059998,396.345825
2024-02-20,404.489990,398.010010,402.790009,395.100006
2024-02-21,402.290009,397.220001,402.179993,394.501678
2024-02-22,412.829987,408.570007,411.649994,403.790863
2024-02-23,415.859985,408.970001,410.339996,402.505890
2024-02-26,412.160004,407.359985,407.540009,399.759338
2024-02-27,408.320007,403.850006,407.480011,399.700531
2024-02-28,409.299988,405.320007,407.720001,399.935883
2024-02-29,414.200012,405.920013,413.640015,405.742889
2024-03-01,415.869995,410.880005,415.500000,407.567383
2024-03-04,417.350006,412.320007,414.920013,406.998444
2024-03-05,414.250000,400.640015,402.649994,394.962677
2024-03-06,405.160004,398.390015,402.089996,394.413330
2024-03-07,409.779999,402.239990,409.140015,401.328796
2024-03-08,410.420013,404.329987,406.220001,398.464569
2024-03-11,405.679993,401.260010,404.519989,396.796997
2024-03-12,415.570007,406.790009,415.279999,407.351562
2024-03-13,418.179993,411.450012,415.100006,407.175018
2024-03-14,427.820007,417.989990,425.220001,417.101776
2024-03-15,422.600006,412.790009,416.420013,408.469849
2024-03-18,420.730011,413.779999,417.320007,409.352631
2024-03-19,421.670013,415.549988,421.410004,413.364532
2024-03-20,425.959991,420.660004,425.230011,417.111633
2024-03-21,430.820007,427.160004,429.369995,421.172546
2024-03-22,429.859985,426.070007,428.739990,420.554535
2024-03-25,427.410004,421.609985,422.859985,414.786865
2024-03-26,425.989990,421.350006,421.649994,413.599915
2024-03-27,424.450012,419.010010,421.429993,413.384155
2024-03-28,421.869995,419.119995,420.720001,412.687714
2024-04-01,427.890015,422.220001,424.570007,416.464203
2024-04-02,422.380005,417.839996,421.440002,413.393951
2024-04-03,423.260010,419.089996,420.450012,412.422943
2024-04-04,428.670013,417.570007,417.880005,409.901917
2024-04-05,426.510010,418.320007,425.519989,417.396057
2024-04-08,427.279999,423.299988,424.589996,416.483856
2024-04-09,427.739990,421.619995,426.279999,418.141602
2024-04-10,424.029999,419.700012,423.260010,415.179230
2024-04-11,429.369995,422.359985,427.929993,419.760040
2024-04-12,425.179993,419.769989,421.899994,413.845215
2024-04-15,426.820007,413.429993,413.640015,405.742889
2024-04-16,418.399994,413.730011,414.579987,406.664886
2024-04-17,418.880005,410.329987,411.839996,403.977234
2024-04-18,411.890015,403.950012,404.269989,396.551758
2024-04-19,405.480011,397.769989,399.119995,391.500061
2024-04-22,402.850006,395.750000,400.959991,393.304962
2024-04-23,408.200012,403.059998,407.570007,399.788818
2024-04-24,412.470001,406.779999,409.059998,401.250305
2024-04-25,399.890015,388.029999,399.040009,391.421631
2024-04-26,413.000000,405.760010,406.320007,398.562683
2024-04-29,406.320007,399.190002,402.250000,394.570374
2024-04-30,402.160004,389.170013,389.329987,381.896942
2024-05-01,401.720001,390.309998,394.940002,387.399902
2024-05-02,399.929993,394.649994,397.839996,390.244507
2024-05-03,407.149994,401.859985,406.660004,398.896149
2024-05-06,413.929993,406.369995,413.540009,405.644775
2024-05-07,414.670013,409.089996,409.339996,401.524963
2024-05-08,412.230011,406.709991,410.540009,402.702057
2024-05-09,412.720001,409.100006,412.320007,404.448120
2024-05-10,415.380005,411.799988,414.739990,406.821899
2024-05-13,418.350006,410.820007,413.720001,405.821381
2024-05-14,417.489990,411.549988,416.559998,408.607117
2024-05-15,423.809998,417.269989,423.079987,415.751190
2024-05-16,425.420013,420.350006,420.989990,413.697388
2024-05-17,422.920013,418.029999,420.209991,412.930878
2024-05-20,426.769989,419.989990,425.339996,417.972076
2024-05-21,432.970001,424.850006,429.040009,421.607941
2024-05-22,432.410004,427.130005,430.519989,423.062286
2024-05-23,433.600006,425.420013,427.000000,419.603302
2024-05-24,431.059998,424.410004,430.160004,422.708527
2024-05-28,430.820007,426.600006,430.320007,422.865814
2024-05-29,430.940002,425.690002,429.170013,421.735748
2024-05-30,424.299988,414.239990,414.670013,407.486877
2024-05-31,416.750000,404.510010,415.130005,407.938873
2024-06-03,416.429993,408.920013,413.519989,406.356812
2024-06-04,416.440002,409.679993,416.070007,408.862640
2024-06-05,424.079987,416.299988,424.010010,416.665100
2024-06-06,425.309998,420.579987,424.519989,417.166199
2024-06-07,426.279999,423.000000,423.850006,416.507874
2024-06-10,428.079987,423.890015,427.869995,420.458191
2024-06-11,432.820007,425.250000,432.679993,425.184845
2024-06-12,443.399994,433.250000,441.059998,433.419739
2024-06-13,443.390015,439.369995,441.579987,433.930725
2024-06-14,443.140015,436.720001,442.570007,434.903595
2024-06-17,450.940002,440.720001,448.369995,440.603088
2024-06-18,450.140015,444.890015,446.339996,438.608307
2024-06-20,446.529999,441.269989,445.700012,437.979370
2024-06-21,450.579987,446.510010,449.779999,441.988647
2024-06-24,452.750000,446.410004,447.670013,439.915253
2024-06-25,451.420013,446.750000,450.950012,443.138428
2024-06-26,453.600006,448.190002,452.160004,444.327484
2024-06-27,456.170013,451.769989,452.850006,445.005524
2024-06-28,455.380005,446.410004,446.950012,439.207733
2024-07-01,457.369995,445.660004,456.730011,448.818329
2024-07-02,459.589996,453.109985,459.279999,451.324127
2024-07-03,461.019989,457.880005,460.769989,452.788330
2024-07-05,468.350006,458.970001,467.559998,459.460724
2024-07-08,467.700012,464.459991,466.239990,458.163574
2024-07-09,467.329987,458.000000,459.540009,451.579590
2024-07-10,466.459991,458.859985,466.250000,458.173431
2024-07-11,464.779999,451.549988,454.700012,446.823456
2024-07-12,456.359985,450.649994,453.549988,445.693359
2024-07-15,457.260010,451.429993,453.959991,446.096252
2024-07-16,454.299988,446.660004,449.519989,441.733215
2024-07-17,444.850006,439.179993,443.519989,435.837128
2024-07-18,444.649994,434.399994,440.369995,432.741730
2024-07-19,441.140015,432.000000,437.109985,429.538116
2024-07-22,444.600006,438.910004,442.940002,435.267212
2024-07-23,448.390015,443.100006,444.850006,437.144073
2024-07-24,441.480011,427.589996,428.899994,421.470367
2024-07-25,429.799988,417.510010,418.399994,411.152222
2024-07-26,428.920013,417.269989,425.269989,417.903229
2024-07-29,432.149994,424.700012,426.730011,419.338013
2024-07-30,429.049988,417.359985,422.920013,415.593994
2024-07-31,421.779999,412.209991,418.350006,411.103149
2024-08-01,427.459991,413.089996,417.109985,409.884583
2024-08-02,415.000000,404.339996,408.489990,401.413971
2024-08-05,401.040009,385.579987,395.149994,388.304993
2024-08-06,405.670013,398.500000,399.609985,392.687744
2024-08-07,410.079987,397.470001,398.429993,391.528198
2024-08-08,405.859985,399.940002,402.690002,395.714447
2024-08-09,408.049988,402.260010,406.019989,398.986664
2024-08-12,408.760010,404.239990,406.809998,399.763031
2024-08-13,414.950012,409.570007,414.010010,406.838318
2024-08-14,417.720001,412.450012,416.859985,409.638916
2024-08-15,421.109985,417.660004,421.029999,414.482452
2024-08-16,421.339996,417.299988,418.470001,411.962250
2024-08-19,421.750000,416.459991,421.529999,414.974609
2024-08-20,425.859985,421.640015,424.799988,418.193787
2024-08-21,426.399994,421.720001,424.140015,417.544037
2024-08-22,426.790009,414.609985,415.549988,409.087646
2024-08-23,419.260010,412.089996,416.790009,410.308380
2024-08-26,417.279999,411.339996,413.489990,407.059631
2024-08-27,414.359985,410.250000,413.839996,407.404205
2024-08-28,415.000000,407.309998,410.600006,404.214661
2024-08-29,422.049988,410.600006,413.119995,406.695404
2024-08-30,417.489990,412.130005,417.140015,410.652924
2024-09-03,419.880005,407.029999,409.440002,403.072632
2024-09-04,411.239990,404.369995,408.899994,402.541046
2024-09-05,413.100006,406.130005,408.390015,402.039001
2024-09-06,410.649994,400.799988,401.700012,395.453094
2024-09-09,408.649994,402.149994,405.720001,399.410522
2024-09-10,416.329987,407.700012,414.200012,407.758606
2024-09-11,423.989990,409.579987,423.040009,416.461182
2024-09-12,427.369995,419.750000,427.000000,420.359558
2024-09-13,431.829987,425.459991,430.589996,423.893768
2024-09-16,433.529999,428.220001,431.339996,424.632111
2024-09-17,441.850006,432.269989,435.149994,428.382843
2024-09-18,436.029999,430.410004,430.809998,424.110352
2024-09-19,441.500000,436.899994,438.690002,431.867767
2024-09-20,439.239990,434.220001,435.269989,428.501007
2024-09-23,436.459991,430.390015,433.510010,426.768372
2024-09-24,433.350006,426.100006,429.170013,422.495880
2024-09-25,433.119995,428.570007,432.109985,425.390137
2024-09-26,435.299988,429.130005,431.309998,424.602570
2024-09-27,431.850006,427.470001,428.019989,421.363708
2024-09-30,430.420013,425.369995,430.299988,423.608276
2024-10-01,428.480011,418.809998,420.690002,414.147705
2024-10-02,422.820007,416.709991,417.130005,410.643066
2024-10-03,419.549988,414.290009,416.540009,410.062225
2024-10-04,419.750000,414.970001,416.059998,409.589722
2024-10-07,417.109985,409.000000,409.540009,403.171112
2024-10-08,415.660004,408.170013,414.709991,408.260712
2024-10-09,420.380005,414.299988,417.459991,410.967896
2024-10-10,417.350006,413.149994,415.839996,409.373169
2024-10-11,417.130005,413.250000,416.320007,409.845703
2024-10-14,424.040009,417.519989,419.140015,412.621887
2024-10-15,422.480011,415.260010,418.739990,412.228088
2024-10-16,416.359985,410.480011,416.119995,409.648804
2024-10-17,422.500000,415.589996,416.720001,410.239471
2024-10-18,419.649994,416.260010,418.160004,411.657074
2024-10-21,418.959991,413.750000,418.779999,412.267395
2024-10-22,430.579987,418.040009,427.510010,420.861633
2024-10-23,431.079987,422.529999,424.600006,417.996918
2024-10-24,425.980011,422.399994,424.730011,418.124939
2024-10-25,432.519989,426.570007,428.149994,421.491730
2024-10-28,431.940002,426.299988,426.589996,419.955963
2024-10-29,433.170013,425.799988,431.950012,425.232666
2024-10-30,438.500000,432.100006,432.529999,425.803619
2024-10-31,416.160004,406.299988,406.350006,400.030731
2024-11-01,415.500000,407.500000,410.369995,403.988220
2024-11-04,410.420013,405.570007,408.459991,402.107910
2024-11-05,414.899994,408.079987,411.459991,405.061249
2024-11-06,420.450012,410.519989,420.179993,413.645630
2024-11-07,426.850006,419.880005,425.429993,418.813934
2024-11-08,426.500000,421.779999,422.540009,415.968964
2024-11-11,424.809998,416.000000,418.010010,411.509399
2024-11-12,424.440002,417.200012,423.029999,416.451294
2024-11-13,429.329987,418.209991,425.200012,418.587585
2024-11-14,428.170013,420.000000,426.890015,420.251282
2024-11-15,422.799988,413.640015,415.000000,408.546204
2024-11-18,418.399994,412.100006,415.760010,409.294403
2024-11-19,417.940002,411.549988,417.790009,411.292816
2024-11-20,417.290009,410.579987,415.489990,409.028534
2024-11-21,419.779999,410.290009,412.869995,407.262878
2024-11-22,417.399994,411.059998,417.000000,411.336792
2024-11-25,421.079987,414.850006,418.790009,413.102509
2024-11-26,429.040009,418.850006,427.989990,422.177521
2024-11-27,427.230011,422.019989,422.989990,417.245483
2024-11-29,424.880005,417.799988,423.459991,417.709076
2024-12-02,433.000000,421.309998,430.980011,425.126953
2024-12-03,432.470001,427.739990,431.200012,425.344025
2024-12-04,439.670013,432.630005,437.420013,431.479462
2024-12-05,444.660004,436.170013,442.619995,436.608887
2024-12-06,446.100006,441.769989,443.570007,437.545959
2024-12-09,448.329987,440.500000,446.019989,439.962738
2024-12-10,449.619995,441.600006,443.329987,437.309235
2024-12-11,450.350006,444.049988,448.989990,442.892365
2024-12-12,456.160004,449.109985,449.559998,443.454559
2024-12-13,451.429993,445.579987,447.269989,441.195709
2024-12-16,452.179993,445.279999,451.589996,445.457062
2024-12-17,455.290009,449.570007,454.459991,448.288055
2024-12-18,452.649994,437.019989,437.390015,431.449890
2024-12-19,443.179993,436.320007,437.029999,431.094788
2024-12-20,443.739990,428.630005,436.600006,430.670624
2024-12-23,437.649994,432.829987,435.250000,429.338959
2024-12-24,439.600006,434.190002,439.329987,433.363525
2024-12-26,440.940002,436.630005,438.109985,432.160065
2024-12-27,435.220001,426.350006,430.529999,424.683044
2024-12-30,427.549988,421.899994,424.829987,419.060486
2024-12-31,426.730011,420.660004,421.500000,415.775696
2025-01-02,426.070007,414.850006,418.579987,412.895325
2025-01-03,424.029999,419.540009,423.350006,417.600555
2025-01-06,434.320007,425.480011,427.850006,422.039459
2025-01-07,430.649994,420.799988,422.369995,416.633881
2025-01-08,426.970001,421.540009,424.559998,418.794159
2025-01-10,424.709991,415.019989,418.950012,413.260254
2025-01-13,418.500000,412.290009,417.190002,411.524231
2025-01-14,419.739990,410.720001,415.670013,410.024872
2025-01-15,428.149994,418.269989,426.309998,420.520355
2025-01-16,429.489990,424.390015,424.579987,418.813782
2025-01-17,434.480011,428.170013,429.029999,423.203461
2025-01-21,430.899994,425.600006,428.500000,422.680634
2025-01-22,447.269989,436.000000,446.200012,440.140259
2025-01-23,446.750000,441.500000,446.709991,440.643341
2025-01-24,446.649994,441.399994,444.059998,438.029297
2025-01-27,435.200012,423.500000,434.559998,428.658325
2025-01-28,448.380005,431.380005,447.200012,441.126678
2025-01-29,446.880005,440.399994,442.329987,436.322784
2025-01-30,422.859985,413.160004,414.989990,409.354065
2025-01-31,420.690002,414.910004,415.059998,409.423157
2025-02-03,415.410004,408.660004,410.920013,405.339417
2025-02-04,413.920013,409.739990,412.369995,406.769684
2025-02-05,413.829987,410.399994,413.290009,407.677185
2025-02-06,418.200012,414.000000,415.820007,410.172791
2025-02-07,418.649994,408.100006,409.750000,404.185242
2025-02-10,415.459991,410.920013,412.220001,406.621735
2025-02-11,412.489990,409.299988,411.440002,405.852356
2025-02-12,410.750000,404.369995,409.040009,403.484924
2025-02-13,411.000000,406.359985,410.540009,404.964569
2025-02-14,408.910004,405.880005,408.429993,402.883209
2025-02-18,410.600006,406.500000,409.640015,404.076782
2025-02-19,415.489990,407.649994,414.769989,409.137085
2025-02-20,419.309998,412.540009,416.130005,411.301666
2025-02-21,418.049988,407.890015,408.209991,403.473572
2025-02-24,409.369995,399.320007,404.000000,399.312439
2025-02-25,401.920013,396.700012,397.899994,393.283203
2025-02-26,403.600006,394.250000,399.730011,395.091980
2025-02-27,405.739990,392.170013,392.529999,387.975525
2025-02-28,397.630005,386.570007,396.989990,392.383759
2025-03-03,398.820007,386.160004,388.489990,383.982361
2025-03-04,392.579987,381.000000,388.609985,384.100983
2025-03-05,401.670013,388.809998,401.019989,396.366974
2025-03-06,402.149994,392.679993,396.890015,392.284943
2025-03-07,394.799988,385.540009,393.309998,388.746460
2025-03-10,386.399994,377.220001,380.160004,375.749023
2025-03-11,386.000000,376.910004,380.450012,376.035706
2025-03-12,385.220001,378.950012,383.269989,378.822937
2025-03-13,385.320007,377.450012,378.769989,374.375153
2025-03-14,390.230011,379.510010,388.559998,384.051544
2025-03-17,392.709991,385.570007,388.700012,384.190002
2025-03-18,387.369995,381.100006,383.519989,379.070038
2025-03-19,389.679993,384.000000,387.820007,383.320190
2025-03-20,391.790009,383.279999,386.839996,382.351562
2025-03-21,391.739990,382.799988,391.260010,386.720276
2025-03-24,395.399994,389.809998,393.079987,388.519135
2025-03-25,396.359985,392.640015,395.160004,390.575012
2025-03-26,395.309998,388.570007,389.970001,385.445221
2025-03-27,392.239990,387.399994,390.579987,386.048065
2025-03-28,389.130005,376.929993,378.799988,374.404846
2025-03-31,377.070007,367.239990,375.390015,371.034424
2025-04-01,382.850006,373.230011,382.190002,377.755524
2025-04-02,385.079987,376.619995,382.140015,377.706055
2025-04-03,377.480011,369.350006,373.109985,368.780792
2025-04-04,374.589996,359.480011,359.839996,355.664795
2025-04-07,371.000000,344.790009,357.859985,353.707764
2025-04-08,373.649994,350.250000,354.559998,350.446045
2025-04-09,393.230011,353.100006,390.489990,385.959167
2025-04-10,383.899994,367.799988,381.350006,376.925232
2025-04-11,390.049988,378.890015,388.450012,383.942841
2025-04-14,394.649994,384.209991,387.809998,383.310242
2025-04-15,391.890015,384.160004,385.730011,381.254395
2025-04-16,381.609985,368.000000,371.609985,367.298187
2025-04-17,374.320007,366.890015,367.779999,363.512695
2025-04-21,364.480011,355.670013,359.119995,354.953186
2025-04-22,367.769989,359.859985,366.820007,362.563812
2025-04-23,380.390015,373.019989,374.390015,370.046021
2025-04-24,388.450012,375.190002,387.299988,382.806213
2025-04-25,392.160004,384.600006,391.850006,387.303406
2025-04-28,392.739990,386.640015,391.160004,386.621399
2025-04-29,395.100006,390.380005,394.040009,389.467957
2025-04-30,396.660004,384.440002,395.260010,390.673828
2025-05-01,436.989990,424.899994,425.399994,420.464111
2025-05-02,439.440002,429.989990,435.279999,430.229492
2025-05-05,439.500000,432.109985,436.170013,431.109192
2025-05-06,437.730011,431.170013,433.309998,428.282349
2025-05-07,438.119995,431.109985,433.350006,428.321899
2025-05-08,443.670013,435.660004,438.170013,433.085938
2025-05-09,440.739990,435.880005,438.730011,433.639465
2025-05-12,449.369995,439.779999,449.260010,444.047302
2025-05-13,450.670013,445.359985,449.140015,443.928711
2025-05-14,453.899994,448.140015,452.940002,447.684601
2025-05-15,456.190002,450.429993,453.130005,448.694611
2025-05-16,454.359985,448.730011,454.269989,449.823456
2025-05-19,459.589996,450.799988,458.869995,454.378418
2025-05-20,458.339996,454.320007,458.170013,453.685272
2025-05-21,457.779999,451.809998,452.570007,448.140137
2025-05-22,460.250000,453.899994,454.859985,450.407654
2025-05-23,453.690002,448.910004,450.179993,445.773468
2025-05-27,460.950012,456.119995,460.690002,456.180634
2025-05-28,462.519989,456.929993,457.359985,452.883179
2025-05-29,461.720001,455.309998,458.679993,454.190277
2025-05-30,461.679993,455.540009,460.359985,455.853790
2025-06-02,462.109985,456.890015,461.970001,457.448059
2025-06-03,464.140015,460.859985,462.970001,458.438293
2025-06-04,465.690002,463.019989,463.869995,459.329498
2025-06-05,469.649994,464.029999,467.679993,463.102142
2025-06-06,473.339996,468.779999,470.380005,465.775757
2025-06-09,473.429993,468.619995,472.750000,468.122559
2025-06-10,472.799988,466.959991,470.920013,466.310455
2025-06-11,475.470001,469.660004,472.619995,467.993835
2025-06-12,480.420013,473.519989,478.869995,474.182648
2025-06-13,479.179993,472.760010,474.959991,470.310913
2025-06-16,480.690002,475.000000,479.140015,474.450012
2025-06-17,478.739990,474.079987,478.040009,473.360748
2025-06-18,481.000000,474.459991,480.239990,475.539246
2025-06-20,483.459991,476.869995,477.399994,472.727051
2025-06-23,487.750000,472.510010,486.000000,481.242859
2025-06-24,491.850006,486.799988,490.109985,485.312592
2025-06-25,494.559998,489.390015,492.269989,487.451477
2025-06-26,498.040009,492.809998,497.450012,492.580811
2025-06-27,499.299988,493.029999,495.940002,491.085541
2025-06-30,500.760010,495.329987,497.410004,492.541168
2025-07-01,498.049988,490.980011,492.049988,487.233643
2025-07-02,493.500000,488.700012,491.089996,486.283020
2025-07-03,500.130005,493.440002,498.839996,493.957153
2025-07-07,498.750000,495.230011,497.720001,492.848175
2025-07-08,498.200012,494.109985,496.619995,491.758911
2025-07-09,506.779999,499.739990,503.510010,498.581451
2025-07-10,504.440002,497.750000,501.480011,496.571381
2025-07-11,505.029999,497.799988,503.320007,498.393341
2025-07-14,503.970001,501.029999,503.019989,498.096222
2025-07-15,508.299988,502.790009,505.820007,500.868866
2025-07-16,506.720001,501.890015,505.619995,500.670807
2025-07-17,513.369995,505.619995,511.700012,506.691315
2025-07-18,514.640015,507.429993,510.049988,505.057434
2025-07-21,512.090027,505.549988,510.059998,505.067383
2025-07-22,511.200012,505.269989,505.269989,500.324188
2025-07-23,506.790009,500.700012,505.869995,500.918365
2025-07-24,513.669983,507.299988,510.880005,505.879333
2025-07-25,518.289978,510.359985,513.710022,508.681641
2025-07-28,515.000000,510.119995,512.500000,507.483459
2025-07-29,517.619995,511.559998,512.570007,507.552765
2025-07-30,515.950012,509.440002,513.239990,508.216217
2025-07-31,555.450012,531.900024,533.500000,528.277954
2025-08-01,535.799988,520.859985,524.109985,518.979858
2025-08-04,538.250000,528.130005,535.640015,530.397034
2025-08-05,537.299988,527.239990,527.750000,522.584106
2025-08-06,531.700012,524.030029,524.940002,519.801697
2025-08-07,528.090027,517.549988,520.840027,515.741821
2025-08-08,524.659973,519.409973,522.039978,516.929993
2025-08-11,527.590027,519.719971,521.770020,516.662720
2025-08-12,530.979980,522.700012,529.239990,524.059631
2025-08-13,532.700012,519.369995,520.580017,515.484436
2025-08-14,525.950012,520.140015,522.479980,517.365784
2025-08-15,526.099976,519.080017,520.169983,515.078308
2025-08-18,522.820007,514.020020,517.099976,512.038452
2025-08-19,515.159973,508.549988,509.769989,504.780151
2025-08-20,511.000000,504.440002,505.720001,500.769836
2025-08-21,507.630005,502.720001,504.239990,500.125122
2025-08-22,510.730011,502.410004,507.230011,503.090759
2025-08-25,508.190002,504.119995,504.260010,500.144958
2025-08-26,504.980011,498.510010,502.040009,497.943054
2025-08-27,507.290009,499.899994,506.739990,502.604736
2025-08-28,511.089996,505.500000,509.640015,505.481049
2025-08-29,509.600006,504.489990,506.690002,502.555145
2025-09-02,506.000000,496.809998,505.119995,500.997925
2025-09-03,507.790009,502.320007,505.350006,501.226044
2025-09-04,508.149994,503.149994,507.970001,503.824707
2025-09-05,511.970001,492.369995,495.000000,490.960571
2025-09-08,501.200012,495.029999,498.200012,494.134460
2025-09-09,502.250000,497.700012,498.410004,494.342712
2025-09-10,503.230011,496.720001,500.369995,496.286713
2025-09-11,503.170013,497.880005,501.010010,496.921478
2025-09-12,512.549988,503.850006,509.899994,505.738922
2025-09-15,515.469971,507.000000,515.359985,511.154388
2025-09-16,517.229980,508.600006,509.040009,504.885986
2025-09-17,511.290009,505.929993,510.019989,505.857941
2025-09-18,513.070007,507.660004,508.450012,504.300781
2025-09-19,519.299988,510.309998,517.929993,513.703369
2025-09-22,517.739990,512.539978,514.450012,510.251862
2025-09-23,514.590027,507.309998,509.230011,505.074432
2025-09-24,512.479980,506.920013,510.149994,505.986877
2025-09-25,510.010010,505.040009,507.029999,502.892365
2025-09-26,513.940002,506.619995,511.459991,507.286194
2025-09-29,516.849976,508.880005,514.599976,510.400543
2025-09-30,518.159973,509.660004,517.950012,513.723328
2025-10-01,520.510010,511.690002,519.710022,515.468872
2025-10-02,521.599976,510.679993,515.739990,511.531250
2025-10-03,520.489990,515.000000,517.349976,513.128113
2025-10-06,531.030029,518.200012,528.570007,524.256592
2025-10-07,529.799988,521.440002,523.979980,519.704041
2025-10-08,526.950012,523.090027,524.849976,520.566956
2025-10-09,524.330017,517.400024,522.400024,518.136902
2025-10-10,523.580017,509.630005,510.959991,506.790314
2025-10-13,516.409973,511.679993,514.049988,509.855103
2025-10-14,515.280029,506.000000,513.570007,509.378998
2025-10-15,517.190002,510.000000,513.429993,509.240173
2025-10-16,516.849976,508.130005,511.609985,507.434967
2025-10-17,515.479980,507.309998,513.580017,509.388916
2025-10-20,518.700012,513.429993,516.789978,512.572693
2025-10-21,518.690002,513.039978,517.659973,513.435608
2025-10-22,525.229980,517.710022,520.539978,516.292053
2025-10-23,523.950012,518.609985,520.559998,516.311951
2025-10-24,525.349976,520.710022,523.609985,519.337097
2025-10-27,534.580017,529.010010,531.520020,527.182556
2025-10-28,553.719971,540.770020,542.070007,537.646362
2025-10-29,546.270020,536.729980,541.549988,537.130615
2025-10-30,534.969971,522.119995,525.760010,521.469543
2025-10-31,529.320007,515.099976,517.809998,513.584412
2025-11-03,524.960022,514.590027,517.030029,512.810791
2025-11-04,515.549988,507.839996,514.330017,510.132782
2025-11-05,514.830017,506.579987,507.160004,503.021301
2025-11-06,505.700012,495.809998,497.100006,493.043396
2025-11-07,499.380005,493.250000,496.820007,492.765686
2025-11-10,506.850006,498.799988,506.000000,501.870819
2025-11-11,509.600006,502.350006,508.679993,504.528900
2025-11-12,511.670013,499.119995,511.140015,506.968811
2025-11-13,513.500000,501.290009,503.290009,499.182892
2025-11-14,511.600006,497.440002,510.179993,506.016632
2025-11-17,512.119995,504.910004,507.489990,503.348602
2025-11-18,502.980011,486.779999,493.790009,489.760406
2025-11-19,495.190002,482.829987,487.119995,483.144867
2025-11-20,493.570007,475.500000,478.429993,475.413910
2025-11-21,478.920013,468.269989,472.119995,469.143646
2025-11-24,476.899994,468.019989,474.000000,471.011841
2025-11-25,479.149994,464.890015,476.989990,473.982941
2025-11-26,488.309998,481.200012,485.500000,482.439301
2025-11-28,492.630005,486.649994,492.010010,488.908295
2025-12-01,489.859985,484.649994,486.739990,483.671478
2025-12-02,493.500000,486.320007,490.000000,486.910950
2025-12-03,484.239990,475.200012,477.730011,474.718292
2025-12-04,481.320007,476.489990,480.839996,477.808685
2025-12-05,483.399994,478.880005,483.160004,480.114075
2025-12-08,492.299988,484.380005,491.019989,487.924530
2025-12-09,492.119995,488.500000,492.019989,488.918182
2025-12-10,484.250000,475.079987,478.559998,475.543060
2025-12-11,486.029999,475.859985,483.470001,480.422119
2025-12-12,482.450012,476.339996,478.529999,475.513245
2025-12-15,480.720001,472.519989,474.820007,471.826660
2025-12-16,477.890015,470.880005,476.390015,473.386780
2025-12-17,480.000000,475.000000,476.119995,473.118439
2025-12-18,489.600006,477.890015,483.980011,480.928894
2025-12-19,487.850006,482.489990,485.920013,482.856659
2025-12-22,488.730011,482.690002,484.920013,481.863007
2025-12-23,487.829987,484.739990,486.850006,483.780823
2025-12-24,489.160004,484.829987,488.019989,484.943420
2025-12-26,488.119995,485.959991,487.709991,484.635406
2025-12-29,488.350006,484.179993,487.100006,484.029236
2025-12-30,489.679993,485.500000,487.480011,484.406860
2025-12-31,488.140015,483.299988,483.619995,480.571167
2026-01-02,484.660004,470.160004,472.940002,469.958496
2026-01-05,476.070007,469.500000,472.850006,469.869080
2026-01-06,478.739990,469.750000,478.510010,475.493408
2026-01-07,489.700012,477.950012,483.470001,480.422119
2026-01-08,482.660004,475.859985,478.109985,475.095886
2026-01-09,479.820007,472.200012,479.279999,476.258514
2026-01-12,480.989990,475.679993,477.179993,474.171753
2026-01-13,475.779999,465.950012,470.670013,467.702820
2026-01-14,468.200012,457.170013,459.380005,456.484009
2026-01-15,464.250000,455.899994,456.660004,453.781158
2026-01-16,463.190002,456.480011,459.859985,456.960968
2026-01-20,456.799988,449.279999,454.519989,451.654602
2026-01-21,452.690002,438.679993,444.109985,441.310211
2026-01-22,452.839996,444.700012,451.140015,448.295929
2026-01-23,471.100006,450.529999,465.950012,463.012573
2026-01-26,474.250000,462.000000,470.279999,467.315247
2026-01-27,482.869995,473.160004,480.579987,477.550354
2026-01-28,483.739990,478.000000,481.630005,478.593689
2026-01-29,442.500000,421.019989,433.500000,430.767151
2026-01-30,439.600006,426.450012,430.290009,427.577362
2026-02-02,430.739990,422.250000,423.369995,420.701019
2026-02-03,422.049988,408.559998,411.209991,408.617645
2026-02-04,419.799988,409.239990,414.190002,411.578888
2026-02-05,408.299988,392.320007,393.670013,391.188232
2026-02-06,401.790009,392.920013,401.140015,398.611145
2026-02-09,414.890015,400.869995,413.600006,410.992584
2026-02-10,423.679993,412.700012,413.269989,410.664673
2026-02-11,416.459991,401.010010,404.369995,401.820740
2026-02-12,406.200012,398.010010,401.839996,399.306702
2026-02-13,405.540009,398.049988,401.320007,398.790009
2026-02-17,400.519989,394.529999,396.859985,394.358124
2026-02-18,402.559998,396.320007,399.600006,397.080841
2026-02-19,404.429993,396.670013,398.459991,396.851776
2026-02-20,400.119995,395.160004,397.230011,395.626740
2026-02-23,395.359985,383.100006,384.470001,382.918213
2026-02-24,389.359985,381.709991,389.000000,387.429962
2026-02-25,401.470001,390.160004,400.600006,398.983124
2026-02-26,407.489990,398.739990,401.720001,400.098602
2026-02-27,396.820007,389.880005,392.739990,391.154846
2026-03-02,401.190002,390.630005,398.549988,396.941376
2026-03-03,406.700012,392.670013,403.929993,402.299683
2026-03-04,411.029999,400.309998,405.200012,403.564575
2026-03-05,411.609985,404.399994,410.679993,409.022430
2026-03-06,413.049988,408.510010,408.959991,407.309387
2026-03-09,410.209991,403.500000,409.410004,407.757568
2026-03-10,410.200012,402.929993,405.760010,404.122314
2026-03-11,409.010010,401.589996,404.880005,403.245850
2026-03-12,406.119995,401.709991,401.859985,400.238037
2026-03-13,404.799988,394.250000,395.549988,393.953491
2026-03-16,400.630005,394.790009,399.950012,398.335754
2026-03-17,404.399994,397.750000,399.410004,397.797913
2026-03-18,398.000000,391.000000,391.790009,390.208710
2026-03-19,392.489990,387.059998,389.019989,387.449860
2026-03-20,387.000000,380.119995,381.869995,380.328735
2026-03-23,387.209991,381.679993,383.000000,381.454193
2026-03-24,382.470001,371.850006,372.739990,371.235565
2026-03-25,377.059998,369.630005,371.040009,369.542450
2026-03-26,374.720001,365.190002,365.970001,364.492920
2026-03-27,362.450012,356.510010,356.769989,355.330017
2026-03-30,365.359985,356.279999,358.959991,357.511169
2026-03-31,372.899994,363.070007,370.170013,368.675964
2026-04-01,373.989990,368.200012,369.369995,367.879181
2026-04-02,373.640015,364.149994,373.459991,371.952667
2026-04-06,373.730011,369.500000,372.880005,371.375000
2026-04-07,372.450012,366.559998,372.290009,370.787415
2026-04-08,385.000000,371.410004,374.329987,372.819153
2026-04-09,373.500000,367.049988,373.070007,371.564270
2026-04-10,375.640015,370.029999,370.869995,369.373138
2026-04-13,384.540009,371.019989,384.369995,382.818634
2026-04-14,394.690002,386.519989,393.109985,391.523346
2026-04-15,414.369995,396.730011,411.220001,409.560272
2026-04-16,420.820007,412.140015,420.260010,418.563782
2026-04-17,431.579987,420.690002,422.790009,421.083588
2026-04-20,423.329987,416.299988,418.070007,416.382629
2026-04-21,427.179993,417.200012,424.160004,422.448059
2026-04-22,433.700012,423.670013,432.920013,431.172699
2026-04-23,423.660004,411.410004,415.750000,414.071960
2026-04-24,424.950012,415.799988,424.619995,422.906189
2026-04-27,427.109985,417.070007,424.820007,423.105377
2026-04-28,429.920013,421.899994,429.250000,427.517487
2026-04-29,426.820007,420.290009,424.459991,422.746796
2026-04-30,414.420013,398.010010,407.779999,406.134155
2026-05-01,417.109985,410.440002,414.440002,412.767273
2026-05-04,420.779999,410.799988,413.619995,411.950562
2026-05-05,416.779999,408.799988,411.380005,409.719635
2026-05-06,418.420013,405.109985,413.959991,412.289185
2026-05-07,427.980011,418.760010,420.769989,419.071716
2026-05-08,418.630005,414.000000,415.119995,413.444519
2026-05-11,412.690002,405.500000,412.660004,410.994446
2026-05-12,415.500000,406.640015,407.769989,406.124176
2026-05-13,406.309998,401.029999,405.209991,403.574524
2026-05-14,411.839996,400.880005,409.429993,407.777496
2026-05-15,428.170013,412.910004,421.920013,420.217072
2026-05-18,425.119995,415.609985,423.540009,421.830566
2026-05-19,432.700012,416.489990,417.420013,415.735260
2026-05-20,422.100006,411.299988,421.059998,419.360535
2026-05-21,426.339996,415.709991,419.089996,418.302521
2026-05-22,424.399994,416.329987,418.570007,417.783539
2026-05-26,419.769989,413.019989,416.029999,415.248291
2026-05-27,415.940002,409.579987,412.670013,411.894623
2026-05-28,429.489990,412.670013,426.989990,426.187683
2026-05-29,450.329987,432.359985,450.239990,449.394012
2026-06-01,466.320007,458.269989,460.519989,459.654694
2026-06-02,453.500000,440.429993,441.309998,440.480774
2026-06-03,440.390015,424.250000,427.339996,426.537048
2026-06-04,436.149994,426.410004,428.049988,427.245697
2026-06-05,429.470001,414.399994,416.670013,415.887085
2026-06-08,417.160004,408.559998,411.739990,410.966339
2026-06-09,411.980011,398.480011,403.410004,402.652008
2026-06-10,405.040009,397.160004,397.359985,396.613342
2026-06-11,396.850006,384.000000,390.339996,389.606567
2026-06-12,391.739990,382.269989,390.739990,390.005798
2026-06-15,401.750000,392.850006,399.760010,399.008881
2026-06-16,396.839996,390.690002,393.829987,393.089996
2026-06-17,390.369995,377.320007,378.910004,378.198029
2026-06-18,381.369995,373.279999,379.399994,378.687103
2026-06-22,381.630005,367.070007,367.339996,366.649780
2026-06-23,377.220001,370.670013,373.940002,373.237366
2026-06-24,378.880005,364.779999,365.459991,364.773315
2026-06-25,364.230011,349.200012,352.829987,352.167023
2026-06-26,376.609985,355.429993,372.970001,372.269196
2026-06-29,380.500000,359.899994,368.570007,367.877472
2026-06-30,374.149994,367.450012,373.019989,372.319092
2026-07-01,388.829987,374.890015,384.279999,383.557953
2026-07-02,392.200012,383.700012,390.489990,389.756256
2026-07-06,389.149994,381.220001,386.739990,386.013306
2026-07-07,395.570007,388.220001,388.839996,388.109375
2026-07-08,385.309998,381.329987,383.339996,382.619720
2026-07-09,384.649994,373.350006,384.359985,383.637787
2026-07-10,391.910004,381.500000,385.100006,384.376404
2026-07-13,393.649994,384.149994,390.989990,390.255341
2026-07-14,388.190002,378.649994,384.929993,384.206726
2026-07-15,398.959991,386.399994,395.630005,394.886627
2026-07-16,405.989990,392.049988,401.100006,400.346344
2026-07-17,398.390015,389.390015,393.820007,393.080017
2026-07-20,403.179993,389.649994,402.290009,401.534119
2026-07-21,401.470001,396.320007,397.750000,397.002625
2026-07-22,401.000000,386.959991,390.339996,389.606567
2026-07-23,391.779999,377.390015,381.579987,380.863007
2026-07-24,389.029999,380.649994,381.700012,380.982819
2026-07-27,394.200012,387.989990,389.100006,388.368896
2026-07-28,400.320007,391.299988,393.350006,392.610901
2026-07-29,401.250000,388.739990,390.540009,389.806183
2026-07-30,458.690002,432.440002,451.100006,450.252411
2026-07-31,466.839996,449.329987,464.720001,463.846802
2026-08-03,491.649994,475.000000,487.649994,486.733704
2026-08-04,499.440002,479.170013,492.809998,491.884033
2026-08-05,498.239990,485.679993,487.459991,486.544067
2026-08-06,501.559998,488.519989,499.859985,498.920746
2026-08-07,505.179993,498.730011,499.989990,499.050507
2026-08-10,513.729980,502.269989,506.059998,505.109131
2026-08-11,505.329987,499.549988,503.809998,502.863342
2026-08-12,501.500000,491.519989,492.429993,491.504730
2026-08-13,501.339996,493.010010,496.880005,495.946381
2026-08-14,500.010010,493.920013,495.399994,494.469147
2026-08-17,492.660004,478.410004,480.350006,479.447449
2026-08-18,484.269989,477.149994,481.630005,480.725037
2026-08-19,489.299988,479.359985,484.309998,483.399994
2026-08-20,484.160004,479.500000,481.149994,481.149994
2026-08-21,486.359985,478.529999,483.239990,483.239990
2026-08-24,490.609985,481.859985,487.309998,487.309998
2026-08-25,492.440002,484.299988,491.709991,491.709991
2026-08-26,497.399994,487.309998,496.369995,496.369995
2026-08-27,506.480011,490.079987,505.059998,505.059998
2026-08-28,517.780029,504.869995,513.530029,513.530029
2026-08-31,512.190002,506.390015,507.290009,507.290009
2026-09-01,505.970001,496.779999,501.019989,501.019989
2026-09-02,500.269989,493.809998,496.820007,496.820007
2026-09-03,515.650024,500.799988,510.119995,510.119995
2026-09-04,511.000000,499.359985,499.700012,499.700012
2026-09-08,495.190002,490.149994,493.950012,493.950012
2026-09-09,494.390015,489.799988,491.649994,491.649994
2026-09-10,494.519989,486.000000,492.440002,492.440002
2026-09-11,498.970001,492.579987,495.630005,495.630005
2026-09-14,509.950012,495.339996,505.410004,505.410004
2026-09-15,505.899994,495.540009,497.119995,497.119995
2026-09-16,495.970001,487.230011,490.299988,490.299988
2026-09-17,501.470001,493.170013,497.750000,497.750000
2026-09-18,498.649994,491.100006,493.779999,493.779999
2026-09-21,501.869995,491.329987,501.609985,501.609985
2026-09-22,508.500000,493.649994,498.000000,498.000000
2026-09-23,509.440002,495.880005,500.589996,500.589996
2026-09-24,498.899994,491.220001,497.929993,497.929993
2026-09-25,519.400024,497.250000,516.169983,516.169983
2026-09-28,513.330017,502.220001,509.220001,509.220001
2026-09-29,513.640015,502.399994,508.959991,508.959991
2026-09-30,519.830017,510.309998,512.900024,512.900024
2026-10-01,522.849976,512.169983,512.799988,512.799988
