date,high,low,close,adjclose
1995-11-21,1.328125,1.078125,1.281250,0.937714
1995-11-22,1.609375,1.265625,1.562500,1.143554
1995-11-24,1.703125,1.562500,1.687500,1.235038
1995-11-27,1.812500,1.531250,1.578125,1.154989
1995-11-28,1.609375,1.562500,1.593750,1.166425
1995-11-29,1.812500,1.562500,1.796875,1.315087
1995-11-30,1.984375,1.765625,1.890625,1.383700
1995-12-01,1.968750,1.859375,1.875000,1.372265
1995-12-04,2.406250,1.875000,2.343750,1.715331
1995-12-05,2.375000,2.203125,2.210938,1.618129
1995-12-06,2.265625,2.078125,2.093750,1.532362
1995-12-07,2.093750,1.984375,1.984375,1.452314
1995-12-08,2.265625,1.984375,2.203125,1.612411
1995-12-11,2.234375,2.171875,2.234375,1.635282
1995-12-12,2.359375,2.171875,2.296875,1.681024
1995-12-13,2.335938,2.281250,2.312500,1.692459
1995-12-14,2.328125,2.296875,2.296875,1.681024
1995-12-15,2.343750,2.234375,2.234375,1.635282
1995-12-18,2.296875,1.968750,2.015625,1.475185
1995-12-19,2.062500,1.910156,2.031250,1.486620
1995-12-20,2.156250,2.000000,2.125000,1.555233
1995-12-21,2.171875,2.093750,2.109375,1.543798
1995-12-22,2.187500,2.062500,2.125000,1.555233
1995-12-26,2.281250,2.109375,2.265625,1.658153
1995-12-27,2.359375,2.195313,2.328125,1.703895
1995-12-28,2.500000,2.296875,2.453125,1.795379
1995-12-29,2.609375,2.453125,2.507813,1.835404
1996-01-02,2.500000,2.375000,2.375000,1.738202
1996-01-03,2.406250,2.093750,2.125000,1.555233
1996-01-04,2.140625,1.687500,1.875000,1.372265
1996-01-05,2.062500,1.812500,1.937500,1.418007
1996-01-08,2.000000,1.953125,1.953125,1.429443
1996-01-09,2.000000,1.656250,1.687500,1.235038
1996-01-10,1.718750,1.578125,1.625000,1.189296
1996-01-11,1.890625,1.734375,1.796875,1.315087
1996-01-12,1.875000,1.687500,1.750000,1.280780
1996-01-15,1.765625,1.640625,1.703125,1.246473
1996-01-16,1.687500,1.421875,1.687500,1.235038
1996-01-17,1.687500,1.578125,1.671875,1.223603
1996-01-18,1.687500,1.625000,1.687500,1.235038
1996-01-19,1.921875,1.640625,1.830078,1.339387
1996-01-22,1.937500,1.828125,1.875000,1.372265
1996-01-23,1.921875,1.859375,1.898438,1.389418
1996-01-24,2.062500,1.890625,2.000000,1.463749
1996-01-25,2.171875,2.000000,2.109375,1.543798
1996-01-26,2.187500,2.062500,2.148438,1.572387
1996-01-29,2.187500,2.109375,2.125000,1.555233
1996-01-30,2.125000,1.875000,2.000000,1.463749
1996-01-31,2.078125,1.921875,1.921875,1.406571
1996-02-01,2.031250,1.921875,1.968750,1.440878
1996-02-02,2.031250,1.921875,1.945313,1.423725
1996-02-05,2.015625,1.921875,2.015625,1.475185
1996-02-06,2.203125,1.984375,2.078125,1.520927
1996-02-07,2.187500,2.046875,2.125000,1.555233
1996-02-08,2.328125,2.156250,2.265625,1.658153
1996-02-09,2.390625,2.234375,2.234375,1.635282
1996-02-12,2.257813,2.062500,2.203125,1.612411
1996-02-13,2.359375,2.093750,2.250000,1.646717
1996-02-14,2.375000,2.250000,2.367188,1.732485
1996-02-15,2.515625,2.328125,2.421875,1.772509
1996-02-16,2.578125,2.203125,2.234375,1.635282
1996-02-20,2.273438,2.171875,2.171875,1.589540
1996-02-21,2.250000,2.171875,2.250000,1.646717
1996-02-22,2.359375,2.234375,2.343750,1.715331
1996-02-23,2.359375,2.156250,2.218750,1.623846
1996-02-26,2.156250,2.093750,2.125000,1.555233
1996-02-27,2.148438,2.046875,2.078125,1.520927
1996-02-28,2.125000,2.062500,2.078125,1.520927
1996-02-29,2.132813,1.906250,1.984375,1.452314
1996-03-01,2.015625,1.921875,1.937500,1.418007
1996-03-04,1.984375,1.921875,1.984375,1.452314
1996-03-05,2.000000,1.937500,1.937500,1.418007
1996-03-06,2.031250,1.937500,1.968750,1.440878
1996-03-07,2.031250,1.968750,1.984375,1.452314
1996-03-08,2.046875,1.953125,1.953125,1.429443
1996-03-11,2.015625,1.953125,2.015625,1.475185
1996-03-12,2.015625,1.937500,1.937500,1.418007
1996-03-13,2.000000,1.937500,1.937500,1.418007
1996-03-14,2.000000,1.937500,1.953125,1.429443
1996-03-15,2.015625,1.953125,2.015625,1.475185
1996-03-18,2.015625,1.953125,1.953125,1.429443
1996-03-19,2.015625,1.953125,1.968750,1.440878
1996-03-20,2.000000,1.921875,1.921875,1.406571
1996-03-21,1.984375,1.921875,1.921875,1.406571
1996-03-22,1.984375,1.875000,1.921875,1.406571
1996-03-25,2.015625,1.921875,2.015625,1.475185
1996-03-26,2.015625,1.921875,1.921875,1.406571
1996-03-27,1.984375,1.921875,1.984375,1.452314
1996-03-28,1.984375,1.921875,1.921875,1.406571
1996-03-29,1.984375,1.921875,1.984375,1.452314
1996-04-01,1.984375,1.796875,1.859375,1.360830
1996-04-02,1.859375,1.796875,1.796875,1.315087
1996-04-03,1.859375,1.796875,1.796875,1.315087
1996-04-04,1.859375,1.687500,1.718750,1.257909
1996-04-08,1.750000,1.687500,1.687500,1.235038
1996-04-09,1.750000,1.687500,1.695313,1.240756
1996-04-10,1.750000,1.687500,1.687500,1.235038
1996-04-11,1.750000,1.687500,1.703125,1.246473
1996-04-12,1.750000,1.625000,1.687500,1.235038
1996-04-15,1.750000,1.687500,1.687500,1.235038
1996-04-16,1.750000,1.687500,1.687500,1.235038
1996-04-17,1.750000,1.687500,1.687500,1.235038
1996-04-18,1.750000,1.691406,1.750000,1.280780
1996-04-19,1.781250,1.687500,1.757813,1.286498
1996-04-22,1.781250,1.718750,1.765625,1.292216
1996-04-23,1.812500,1.734375,1.812500,1.326522
1996-04-24,1.875000,1.750000,1.867188,1.366547
1996-04-25,2.046875,1.812500,1.984375,1.452314
1996-04-26,2.187500,2.000000,2.140625,1.566669
1996-04-29,2.187500,2.109375,2.109375,1.543798
1996-04-30,2.156250,2.000000,2.000000,1.463749
1996-05-01,2.062500,1.968750,1.968750,1.440878
1996-05-02,2.031250,1.968750,1.968750,1.440878
1996-05-03,2.031250,1.937500,2.000000,1.463749
1996-05-06,2.000000,1.937500,2.000000,1.463749
1996-05-07,2.062500,2.000000,2.062500,1.509491
1996-05-08,2.062500,2.000000,2.062500,1.509491
1996-05-09,2.250000,2.015625,2.250000,1.646717
1996-05-10,2.320313,2.187500,2.320313,1.698178
1996-05-13,2.453125,2.281250,2.406250,1.761073
1996-05-14,2.468750,2.359375,2.359375,1.726766
1996-05-15,2.421875,2.359375,2.421875,1.772509
1996-05-16,2.281250,2.125000,2.281250,1.669589
1996-05-17,2.281250,2.218750,2.218750,1.623846
1996-05-20,2.281250,2.171875,2.171875,1.589540
1996-05-21,2.234375,2.171875,2.171875,1.589540
1996-05-22,2.234375,2.171875,2.171875,1.589540
1996-05-23,2.234375,2.171875,2.171875,1.589540
1996-05-24,2.234375,2.140625,2.140625,1.566669
1996-05-28,2.171875,2.046875,2.109375,1.543798
1996-05-29,2.109375,2.046875,2.078125,1.520927
1996-05-30,2.078125,2.078125,2.078125,1.520927
1996-05-31,2.140625,2.078125,2.140625,1.566669
1996-06-03,2.140625,2.078125,2.109375,1.543798
1996-06-04,2.140625,2.078125,2.093750,1.532362
1996-06-05,2.140625,2.062500,2.078125,1.520927
1996-06-06,2.125000,2.062500,2.062500,1.509491
1996-06-07,2.109375,2.046875,2.078125,1.520927
1996-06-10,2.078125,2.015625,2.015625,1.475185
1996-06-11,2.078125,2.015625,2.015625,1.475185
1996-06-12,2.078125,2.015625,2.078125,1.520927
1996-06-13,2.218750,2.015625,2.140625,1.566669
1996-06-14,2.203125,2.109375,2.171875,1.589540
1996-06-17,2.171875,2.046875,2.046875,1.498056
1996-06-18,2.078125,1.812500,1.812500,1.326522
1996-06-19,1.875000,1.812500,1.835938,1.343676
1996-06-20,1.875000,1.812500,1.835938,1.343676
1996-06-21,1.875000,1.812500,1.875000,1.372265
1996-06-24,1.875000,1.812500,1.875000,1.372265
1996-06-25,1.875000,1.812500,1.812500,1.326522
1996-06-26,1.875000,1.812500,1.812500,1.326522
1996-06-27,1.843750,1.781250,1.781250,1.303651
1996-06-28,1.859375,1.781250,1.859375,1.360830
1996-07-01,1.859375,1.796875,1.828125,1.337958
1996-07-02,1.828125,1.796875,1.812500,1.326522
1996-07-03,1.812500,1.812500,1.812500,1.326522
1996-07-05,1.812500,1.812500,1.812500,1.326522
1996-07-08,1.843750,1.796875,1.812500,1.326522
1996-07-09,1.781250,1.671875,1.734375,1.269344
1996-07-10,1.734375,1.625000,1.687500,1.235038
1996-07-11,1.687500,1.593750,1.593750,1.166425
1996-07-12,1.656250,1.593750,1.656250,1.212167
1996-07-15,1.656250,1.562500,1.562500,1.143554
1996-07-16,1.625000,1.562500,1.562500,1.143554
1996-07-17,1.625000,1.562500,1.562500,1.143554
1996-07-18,1.625000,1.562500,1.625000,1.189296
1996-07-19,1.625000,1.562500,1.625000,1.189296
1996-07-22,1.625000,1.562500,1.625000,1.189296
1996-07-23,1.593750,1.515625,1.515625,1.109247
1996-07-24,1.578125,1.484375,1.515625,1.109247
1996-07-25,1.562500,1.515625,1.515625,1.109247
1996-07-26,1.562500,1.515625,1.515625,1.109247
1996-07-29,1.562500,1.500000,1.546875,1.132118
1996-07-30,1.546875,1.484375,1.546875,1.132118
1996-07-31,1.546875,1.250000,1.500000,1.097811
1996-08-01,1.406250,1.273438,1.359375,0.994892
1996-08-02,1.734375,1.406250,1.640625,1.200732
1996-08-05,1.687500,1.625000,1.687500,1.235038
1996-08-06,1.687500,1.546875,1.578125,1.154989
1996-08-07,1.703125,1.562500,1.687500,1.235038
1996-08-08,1.796875,1.671875,1.796875,1.315087
1996-08-09,1.921875,1.796875,1.851563,1.355111
1996-08-12,1.953125,1.843750,1.875000,1.372265
1996-08-13,1.921875,1.687500,1.781250,1.303651
1996-08-14,1.796875,1.718750,1.734375,1.269344
1996-08-15,1.875000,1.593750,1.765625,1.292216
1996-08-16,1.765625,1.687500,1.687500,1.235038
1996-08-19,1.750000,1.656250,1.656250,1.212167
1996-08-20,1.718750,1.625000,1.640625,1.200732
1996-08-21,1.687500,1.640625,1.648438,1.206450
1996-08-22,1.750000,1.671875,1.718750,1.257909
1996-08-23,1.765625,1.703125,1.703125,1.246473
1996-08-26,1.718750,1.656250,1.718750,1.257909
1996-08-27,1.718750,1.656250,1.703125,1.246473
1996-08-28,1.765625,1.656250,1.742188,1.275063
1996-08-29,1.781250,1.687500,1.687500,1.235038
1996-08-30,1.750000,1.687500,1.750000,1.280780
1996-09-03,1.781250,1.656250,1.781250,1.303651
1996-09-04,1.796875,1.734375,1.796875,1.315087
1996-09-05,1.796875,1.734375,1.734375,1.269344
1996-09-06,1.796875,1.734375,1.796875,1.315087
1996-09-09,1.812500,1.750000,1.750000,1.280780
1996-09-10,1.781250,1.718750,1.750000,1.280780
1996-09-11,1.718750,1.625000,1.625000,1.189296
1996-09-12,1.703125,1.625000,1.687500,1.235038
1996-09-13,1.750000,1.671875,1.671875,1.223603
1996-09-16,1.734375,1.671875,1.671875,1.223603
1996-09-17,1.734375,1.625000,1.625000,1.189296
1996-09-18,1.625000,1.531250,1.531250,1.120683
1996-09-19,1.593750,1.531250,1.593750,1.166425
1996-09-20,1.718750,1.531250,1.687500,1.235038
1996-09-23,1.765625,1.671875,1.765625,1.292216
1996-09-24,1.820313,1.703125,1.781250,1.303651
1996-09-25,2.000000,1.781250,1.953125,1.429443
1996-09-26,2.000000,1.875000,1.957031,1.432301
1996-09-27,1.968750,1.906250,1.914063,1.400854
1996-09-30,1.937500,1.875000,1.875000,1.372265
1996-10-01,1.937500,1.750000,1.750000,1.280780
1996-10-02,1.859375,1.734375,1.796875,1.315087
1996-10-03,1.890625,1.796875,1.882813,1.377982
1996-10-04,1.906250,1.867188,1.890625,1.383700
1996-10-07,1.906250,1.867188,1.875000,1.372265
1996-10-08,1.937500,1.843750,1.890625,1.383700
1996-10-09,1.914063,1.812500,1.843750,1.349393
1996-10-10,1.851563,1.765625,1.796875,1.315087
1996-10-11,1.953125,1.812500,1.953125,1.429443
1996-10-14,2.000000,1.921875,1.984375,1.452314
1996-10-15,2.187500,1.953125,2.179688,1.595258
1996-10-16,2.312500,2.156250,2.199219,1.609552
1996-10-17,2.203125,2.093750,2.195313,1.606693
1996-10-18,2.218750,1.968750,2.078125,1.520927
1996-10-21,2.093750,2.031250,2.093750,1.532362
1996-10-22,2.093750,1.984375,1.984375,1.452314
1996-10-23,2.015625,1.968750,1.968750,1.440878
1996-10-24,2.125000,1.984375,2.062500,1.509491
1996-10-25,2.125000,2.000000,2.000000,1.463749
1996-10-28,2.015625,1.937500,1.968750,1.440878
1996-10-29,2.031250,1.968750,2.000000,1.463749
1996-10-30,2.062500,2.000000,2.062500,1.509491
1996-10-31,2.203125,2.031250,2.187500,1.600975
1996-11-01,2.187500,2.085938,2.125000,1.555233
1996-11-04,2.125000,2.085938,2.125000,1.555233
1996-11-05,2.125000,2.085938,2.125000,1.555233
1996-11-06,2.218750,2.156250,2.218750,1.623846
1996-11-07,2.515625,2.203125,2.359375,1.726766
1996-11-08,2.421875,2.312500,2.414063,1.766791
1996-11-11,2.453125,2.390625,2.437500,1.783944
1996-11-12,2.453125,2.281250,2.312500,1.692459
1996-11-13,2.453125,2.359375,2.390625,1.749637
1996-11-14,2.453125,2.390625,2.398438,1.755355
1996-11-15,2.453125,2.125000,2.312500,1.692459
1996-11-18,2.312500,2.156250,2.171875,1.589540
1996-11-19,2.218750,2.156250,2.156250,1.578104
1996-11-20,2.265625,2.171875,2.218750,1.623846
1996-11-21,2.265625,2.179688,2.187500,1.600975
1996-11-22,2.265625,2.187500,2.226563,1.629565
1996-11-25,2.265625,2.203125,2.265625,1.658153
1996-11-26,2.265625,2.203125,2.250000,1.646717
1996-11-27,2.281250,2.218750,2.250000,1.646717
1996-11-29,2.281250,2.218750,2.250000,1.646717
1996-12-02,2.328125,2.218750,2.320313,1.698178
1996-12-03,2.484375,2.296875,2.421875,1.772509
1996-12-04,2.453125,2.312500,2.335938,1.709613
1996-12-05,2.351563,2.328125,2.351563,1.721049
1996-12-06,2.343750,2.250000,2.304688,1.686742
1996-12-09,2.359375,2.281250,2.359375,1.726766
1996-12-10,2.359375,2.312500,2.320313,1.698178
1996-12-11,2.312500,2.265625,2.273438,1.663871
1996-12-12,2.343750,2.281250,2.335938,1.709613
1996-12-13,2.421875,2.312500,2.390625,1.749637
1996-12-16,2.531250,2.406250,2.437500,1.783944
1996-12-17,2.531250,2.421875,2.500000,1.829686
1996-12-18,2.781250,2.500000,2.765625,2.024091
1996-12-19,2.796875,2.734375,2.781250,2.035526
1996-12-20,3.171875,2.765625,2.929688,2.144164
1996-12-23,2.953125,2.890625,2.914063,2.132729
1996-12-24,2.953125,2.890625,2.937500,2.149882
1996-12-26,3.125000,2.890625,3.085938,2.258519
1996-12-27,3.203125,3.062500,3.156250,2.309978
1996-12-30,3.234375,3.078125,3.078125,2.252802
1996-12-31,3.203125,3.031250,3.179688,2.327132
1997-01-02,3.250000,3.000000,3.015625,2.207059
1997-01-03,3.078125,2.968750,2.984375,2.184187
1997-01-06,3.031250,2.890625,2.960938,2.167035
1997-01-07,2.937500,2.875000,2.906250,2.127010
1997-01-08,3.046875,2.875000,2.984375,2.184187
1997-01-09,3.078125,2.968750,3.015625,2.207059
1997-01-10,3.078125,2.953125,3.015625,2.207059
1997-01-13,3.062500,2.968750,2.968750,2.172751
1997-01-14,3.015625,2.968750,2.968750,2.172751
1997-01-15,3.156250,2.968750,3.000000,2.195623
1997-01-16,3.078125,3.015625,3.015625,2.207059
1997-01-17,3.171875,3.015625,3.140625,2.298543
1997-01-20,3.250000,3.125000,3.187500,2.332850
1997-01-21,3.421875,3.171875,3.375000,2.470077
1997-01-22,3.539063,3.312500,3.492188,2.555842
1997-01-23,3.742188,3.437500,3.500000,2.561561
1997-01-24,3.484375,3.296875,3.382813,2.475794
1997-01-27,3.406250,3.265625,3.265625,2.390027
1997-01-28,3.406250,3.265625,3.343750,2.447205
1997-01-29,3.343750,3.156250,3.218750,2.355721
1997-01-30,3.218750,3.156250,3.187500,2.332850
1997-01-31,3.359375,3.187500,3.203125,2.344285
1997-02-03,3.359375,3.171875,3.343750,2.447205
1997-02-04,3.437500,3.250000,3.328125,2.435770
1997-02-05,3.328125,3.187500,3.187500,2.332850
1997-02-06,3.265625,3.203125,3.259766,2.385740
1997-02-07,3.437500,3.265625,3.437500,2.515818
1997-02-10,3.437500,2.968750,2.968750,2.172751
1997-02-11,3.125000,2.781250,2.812500,2.058397
1997-02-12,3.093750,2.812500,3.000000,2.195623
1997-02-13,3.125000,2.687500,2.750000,2.012655
1997-02-14,2.890625,2.750000,2.812500,2.058397
1997-02-18,2.906250,2.781250,2.812500,2.058397
1997-02-19,2.828125,2.765625,2.765625,2.024091
1997-02-20,2.812500,2.656250,2.671875,1.955477
1997-02-21,2.687500,2.625000,2.648438,1.938324
1997-02-24,2.687500,2.625000,2.687500,1.966912
1997-02-25,2.687500,2.578125,2.609375,1.909734
1997-02-26,2.609375,2.468750,2.468750,1.806815
1997-02-27,2.515625,2.312500,2.421875,1.772509
1997-02-28,2.500000,2.406250,2.500000,1.829686
1997-03-03,2.500000,2.437500,2.453125,1.795379
1997-03-04,2.453125,2.265625,2.328125,1.703895
1997-03-05,2.437500,2.281250,2.406250,1.761073
1997-03-06,2.515625,2.406250,2.468750,1.806815
1997-03-07,2.578125,2.468750,2.531250,1.852557
1997-03-10,2.640625,2.531250,2.578125,1.886863
1997-03-11,2.578125,2.531250,2.531250,1.852557
1997-03-12,2.593750,2.375000,2.406250,1.761073
1997-03-13,2.359375,2.250000,2.343750,1.715331
1997-03-14,2.437500,2.281250,2.343750,1.715331
1997-03-17,2.375000,2.265625,2.328125,1.703895
1997-03-18,2.328125,2.109375,2.113281,1.546656
1997-03-19,2.109375,1.843750,1.921875,1.406571
1997-03-20,2.093750,1.921875,2.000000,1.463749
1997-03-21,2.203125,2.000000,2.109375,1.543798
1997-03-24,2.156250,2.093750,2.093750,1.532362
1997-03-25,2.125000,2.093750,2.105469,1.540940
1997-03-26,2.187500,2.109375,2.187500,1.600975
1997-03-27,2.203125,2.140625,2.203125,1.612411
1997-03-31,2.203125,1.968750,2.031250,1.486620
1997-04-01,2.000000,1.937500,1.945313,1.423725
1997-04-02,2.000000,1.937500,1.960938,1.435160
1997-04-03,2.015625,1.937500,2.015625,1.475185
1997-04-04,2.218750,1.968750,2.171875,1.589540
1997-04-07,2.328125,2.234375,2.250000,1.646717
1997-04-08,2.468750,2.250000,2.406250,1.761073
1997-04-09,2.468750,2.328125,2.437500,1.783944
1997-04-10,2.468750,2.375000,2.406250,1.761073
1997-04-11,2.343750,2.250000,2.265625,1.658153
1997-04-14,2.312500,2.218750,2.281250,1.669589
1997-04-15,2.343750,2.250000,2.250000,1.646717
1997-04-16,2.273438,2.062500,2.171875,1.589540
1997-04-17,2.203125,2.085938,2.121094,1.552375
1997-04-18,2.109375,1.984375,2.000000,1.463749
1997-04-21,2.046875,1.656250,1.781250,1.303651
1997-04-22,1.812500,1.328125,1.640625,1.200732
1997-04-23,1.750000,1.593750,1.671875,1.223603
1997-04-24,1.796875,1.679688,1.773438,1.297934
1997-04-25,1.781250,1.734375,1.781250,1.303651
1997-04-28,1.781250,1.703125,1.750000,1.280780
1997-04-29,1.843750,1.734375,1.796875,1.315087
1997-04-30,1.835938,1.765625,1.820313,1.332241
1997-05-01,1.953125,1.765625,1.828125,1.337958
1997-05-02,1.921875,1.796875,1.898438,1.389418
1997-05-05,2.234375,1.921875,2.187500,1.600975
1997-05-06,2.484375,2.171875,2.390625,1.749637
1997-05-07,2.484375,2.281250,2.468750,1.806815
1997-05-08,2.484375,2.359375,2.390625,1.749637
1997-05-09,2.531250,2.359375,2.359375,1.726766
1997-05-12,2.531250,2.421875,2.515625,1.841122
1997-05-13,2.484375,2.421875,2.421875,1.772509
1997-05-14,2.484375,2.406250,2.484375,1.818251
1997-05-15,2.515625,2.390625,2.453125,1.795379
1997-05-16,2.476563,2.390625,2.468750,1.806815
1997-05-19,2.500000,2.375000,2.476563,1.812533
1997-05-20,2.460938,2.382813,2.421875,1.772509
1997-05-21,2.484375,2.382813,2.484375,1.818251
1997-05-22,2.507813,2.460938,2.500000,1.829686
1997-05-23,2.609375,2.453125,2.562500,1.875428
1997-05-27,2.609375,2.468750,2.546875,1.863993
1997-05-28,2.609375,2.539063,2.562500,1.875428
1997-05-29,2.609375,2.406250,2.531250,1.852557
1997-05-30,2.578125,2.320313,2.535156,1.855417
1997-06-02,2.500000,2.390625,2.437500,1.783944
1997-06-03,2.437500,2.375000,2.406250,1.761073
1997-06-04,2.375000,2.187500,2.187500,1.600975
1997-06-05,2.359375,2.250000,2.312500,1.692459
1997-06-06,2.390625,2.234375,2.382813,1.743920
1997-06-09,2.406250,2.312500,2.359375,1.726766
1997-06-10,2.375000,2.234375,2.320313,1.698178
1997-06-11,2.359375,2.281250,2.296875,1.681024
1997-06-12,2.320313,2.296875,2.320313,1.698178
1997-06-13,2.335938,2.226563,2.226563,1.629565
1997-06-16,2.289063,2.226563,2.234375,1.635282
1997-06-17,2.250000,2.171875,2.242188,1.641000
1997-06-18,2.234375,2.203125,2.203125,1.612411
1997-06-19,2.273438,2.140625,2.273438,1.663871
1997-06-20,2.414063,2.265625,2.359375,1.726766
1997-06-23,2.367188,2.296875,2.312500,1.692459
1997-06-24,2.398438,2.281250,2.281250,1.669589
1997-06-25,2.296875,2.226563,2.226563,1.629565
1997-06-26,2.218750,2.140625,2.140625,1.566669
1997-06-27,2.218750,2.125000,2.148438,1.572387
1997-06-30,2.492188,2.140625,2.375000,1.738202
1997-07-01,2.414063,2.179688,2.375000,1.738202
1997-07-02,2.562500,2.382813,2.492188,1.823968
1997-07-03,2.562500,2.359375,2.359375,1.726766
1997-07-07,2.500000,2.304688,2.312500,1.692459
1997-07-08,2.445313,2.312500,2.445313,1.789662
1997-07-09,2.445313,2.312500,2.414063,1.766791
1997-07-10,2.421875,2.367188,2.375000,1.738202
1997-07-11,2.468750,2.335938,2.406250,1.761073
1997-07-14,2.437500,2.343750,2.375000,1.738202
1997-07-15,2.398438,2.210938,2.343750,1.715331
1997-07-16,2.390625,2.312500,2.359375,1.726766
1997-07-17,2.390625,2.296875,2.367188,1.732485
1997-07-18,2.367188,2.289063,2.343750,1.715331
1997-07-21,2.406250,2.312500,2.406250,1.761073
1997-07-22,2.546875,2.343750,2.492188,1.823968
1997-07-23,2.531250,2.421875,2.484375,1.818251
1997-07-24,2.476563,2.414063,2.476563,1.812533
1997-07-25,2.515625,2.421875,2.500000,1.829686
1997-07-28,2.515625,2.437500,2.500000,1.829686
1997-07-29,2.515625,2.437500,2.484375,1.818251
1997-07-30,2.750000,2.437500,2.679688,1.961195
1997-07-31,2.796875,2.679688,2.726563,1.995502
1997-08-01,2.781250,2.671875,2.734375,2.001219
1997-08-04,2.867188,2.750000,2.828125,2.069832
1997-08-05,2.828125,2.757813,2.812500,2.058397
1997-08-06,2.878906,2.773438,2.878906,2.106998
1997-08-07,2.898438,2.796875,2.812500,2.058397
1997-08-08,2.843750,2.734375,2.765625,2.024091
1997-08-11,2.867188,2.703125,2.718750,1.989784
1997-08-12,2.734375,2.507813,2.625000,1.921171
1997-08-13,2.781250,2.687500,2.722656,1.992642
1997-08-14,2.773438,2.609375,2.679688,1.961195
1997-08-15,2.703125,2.574219,2.703125,1.978348
1997-08-18,2.859375,2.687500,2.843750,2.081268
1997-08-19,2.843750,2.765625,2.765625,2.024091
1997-08-20,2.820313,2.757813,2.773438,2.029808
1997-08-21,2.808594,2.757813,2.773438,2.029808
1997-08-22,2.796875,2.710938,2.765625,2.024091
1997-08-25,2.859375,2.757813,2.859375,2.092703
1997-08-26,2.937500,2.820313,2.921875,2.138446
1997-08-27,2.960938,2.882813,2.937500,2.149882
1997-08-28,2.972656,2.906250,2.921875,2.138446
1997-08-29,2.953125,2.921875,2.953125,2.161316
1997-09-02,2.960938,2.921875,2.937500,2.149882
1997-09-03,2.953125,2.710938,2.773438,2.029808
1997-09-04,2.828125,2.734375,2.750000,2.012655
1997-09-05,2.796875,2.750000,2.796875,2.046962
1997-09-08,2.796875,2.750000,2.765625,2.024091
1997-09-09,2.781250,2.750000,2.757813,2.018373
1997-09-10,3.109375,2.757813,3.023438,2.212777
1997-09-11,3.039063,2.914063,2.984375,2.184187
1997-09-12,3.179688,2.953125,3.156250,2.309978
1997-09-15,3.203125,3.070313,3.187500,2.332850
1997-09-16,3.226563,3.109375,3.203125,2.344285
1997-09-17,3.203125,3.046875,3.136719,2.295685
1997-09-18,3.140625,3.046875,3.093750,2.264237
1997-09-19,3.250000,3.070313,3.203125,2.344285
1997-09-22,3.507813,3.296875,3.457031,2.530114
1997-09-23,3.492188,3.343750,3.406250,2.492947
1997-09-24,3.382813,3.304688,3.312500,2.424334
1997-09-25,3.328125,3.195313,3.265625,2.390027
1997-09-26,3.343750,3.226563,3.304688,2.418617
1997-09-29,3.312500,3.242188,3.242188,2.372875
1997-09-30,3.437500,3.218750,3.390625,2.481512
1997-10-01,3.406250,3.265625,3.312500,2.424334
1997-10-02,3.281250,3.226563,3.234375,2.367156
1997-10-03,3.359375,3.273438,3.273438,2.395746
1997-10-06,3.343750,3.250000,3.281250,2.401464
1997-10-07,3.390625,3.265625,3.375000,2.470077
1997-10-08,3.375000,3.296875,3.296875,2.412899
1997-10-09,3.421875,3.250000,3.359375,2.458641
1997-10-10,3.476563,3.343750,3.468750,2.538689
1997-10-13,3.507813,3.453125,3.507813,2.567279
1997-10-14,3.570313,3.492188,3.539063,2.590150
1997-10-15,3.523438,3.460938,3.468750,2.538689
1997-10-16,3.546875,3.460938,3.476563,2.544409
1997-10-17,3.500000,3.328125,3.414063,2.498665
1997-10-20,3.484375,3.375000,3.375000,2.470077
1997-10-21,3.468750,3.343750,3.437500,2.515818
1997-10-22,3.507813,3.437500,3.507813,2.567279
1997-10-23,3.500000,3.406250,3.421875,2.504383
1997-10-24,3.484375,3.390625,3.390625,2.481512
1997-10-27,3.437500,3.062500,3.078125,2.252802
1997-10-28,3.304688,2.937500,3.164063,2.315696
1997-10-29,3.312500,3.125000,3.148438,2.304261
1997-10-30,3.164063,2.937500,3.101563,2.269954
1997-10-31,3.238281,3.070313,3.140625,2.298543
1997-11-03,3.250000,3.125000,3.171875,2.321414
1997-11-04,3.335938,3.164063,3.250000,2.378593
1997-11-05,3.406250,3.257813,3.390625,2.481512
1997-11-06,3.390625,3.265625,3.382813,2.475794
1997-11-07,3.402344,3.187500,3.367188,2.464359
1997-11-10,3.382813,3.335938,3.351563,2.452923
1997-11-11,3.468750,3.226563,3.234375,2.367156
1997-11-12,3.265625,3.109375,3.109375,2.275672
1997-11-13,3.250000,3.062500,3.109375,2.275672
1997-11-14,3.187500,3.140625,3.164063,2.315696
1997-11-17,3.296875,3.175781,3.203125,2.344285
1997-11-18,3.265625,3.125000,3.179688,2.327132
1997-11-19,3.281250,3.187500,3.218750,2.355721
1997-11-20,3.281250,3.187500,3.234375,2.367156
1997-11-21,3.265625,3.187500,3.187500,2.332850
1997-11-24,3.281250,3.117188,3.171875,2.321414
1997-11-25,3.187500,3.156250,3.164063,2.315696
1997-11-26,3.187500,3.140625,3.158203,2.311407
1997-11-28,3.164063,3.140625,3.148438,2.304261
1997-12-01,3.203125,3.093750,3.203125,2.344285
1997-12-02,3.234375,3.117188,3.132813,2.292826
1997-12-03,3.218750,2.968750,3.015625,2.207059
1997-12-04,3.070313,2.984375,3.062500,2.241365
1997-12-05,3.375000,2.968750,3.335938,2.441488
1997-12-08,3.531250,3.218750,3.476563,2.544409
1997-12-09,3.531250,3.421875,3.421875,2.504383
1997-12-10,3.406250,3.343750,3.406250,2.492947
1997-12-11,3.375000,3.250000,3.312500,2.424334
1997-12-12,3.367188,3.234375,3.328125,2.435770
1997-12-15,3.390625,3.132813,3.281250,2.401464
1997-12-16,3.546875,3.203125,3.437500,2.515818
1997-12-17,3.656250,3.437500,3.601563,2.635891
1997-12-18,3.734375,3.546875,3.671875,2.687352
1997-12-19,3.703125,3.500000,3.562500,2.607302
1997-12-22,3.750000,3.500000,3.703125,2.710222
1997-12-23,3.875000,3.687500,3.796875,2.778836
1997-12-24,3.843750,3.765625,3.812500,2.790272
1997-12-26,3.851563,3.765625,3.812500,2.790272
1997-12-29,4.125000,3.765625,4.062500,2.973240
1997-12-30,4.218750,4.000000,4.187500,3.064724
1997-12-31,4.500000,4.156250,4.437500,3.247692
1998-01-02,4.375000,3.859375,4.000000,2.927498
1998-01-05,4.250000,3.976563,4.218750,3.087596
1998-01-06,4.312500,4.046875,4.203125,3.076161
1998-01-07,4.046875,3.703125,3.812500,2.790272
1998-01-08,3.937500,3.671875,3.843750,2.813142
1998-01-09,3.812500,3.500000,3.500000,2.561561
1998-01-12,3.515625,3.250000,3.468750,2.538689
1998-01-13,3.718750,3.500000,3.640625,2.664481
1998-01-14,3.718750,3.460938,3.515625,2.572996
1998-01-15,3.625000,3.375000,3.453125,2.527254
1998-01-16,3.562500,3.382813,3.500000,2.561561
1998-01-20,3.625000,3.453125,3.609375,2.641609
1998-01-21,3.679688,3.500000,3.671875,2.687352
1998-01-22,3.703125,3.546875,3.656250,2.675916
1998-01-23,3.687500,3.562500,3.640625,2.664481
1998-01-26,3.734375,3.609375,3.609375,2.641609
1998-01-27,3.617188,3.484375,3.585938,2.624456
1998-01-28,3.703125,3.500000,3.628906,2.655904
1998-01-29,3.984375,3.625000,3.859375,2.824578
1998-01-30,3.859375,3.671875,3.765625,2.755964
1998-02-02,4.000000,3.812500,3.953125,2.893191
1998-02-03,4.031250,3.812500,4.000000,2.927498
1998-02-04,4.203125,3.875000,4.093750,2.996111
1998-02-05,4.250000,4.000000,4.031250,2.950370
1998-02-06,4.218750,3.968750,4.140625,3.030418
1998-02-09,4.281250,3.953125,4.140625,3.030418
1998-02-10,4.375000,4.000000,4.281250,3.133337
1998-02-11,4.234375,3.562500,3.843750,2.813142
1998-02-12,3.875000,3.625000,3.687500,2.698786
1998-02-13,3.781250,3.679688,3.703125,2.710222
1998-02-17,3.750000,3.562500,3.570313,2.613020
1998-02-18,3.687500,3.546875,3.648438,2.670198
1998-02-19,3.687500,3.468750,3.468750,2.538689
1998-02-20,3.578125,3.468750,3.484375,2.550125
1998-02-23,3.578125,3.453125,3.519531,2.575855
1998-02-24,3.531250,3.406250,3.421875,2.504383
1998-02-25,3.500000,3.375000,3.414063,2.498665
1998-02-26,3.437500,3.335938,3.421875,2.504383
1998-02-27,3.734375,3.421875,3.687500,2.698786
1998-03-02,4.062500,3.750000,3.976563,2.910344
1998-03-03,4.031250,3.843750,3.890625,2.847449
1998-03-04,4.000000,3.843750,3.976563,2.910344
1998-03-05,4.000000,3.562500,3.578125,2.618738
1998-03-06,3.875000,3.500000,3.718750,2.721659
1998-03-09,3.785156,3.500000,3.515625,2.572996
1998-03-10,3.750000,3.562500,3.742188,2.738812
1998-03-11,3.875000,3.687500,3.804688,2.784553
1998-03-12,3.859375,3.726563,3.859375,2.824578
1998-03-13,4.031250,3.875000,4.015625,2.938934
1998-03-16,4.187500,3.968750,4.093750,2.996111
1998-03-17,4.171875,3.984375,4.031250,2.950370
1998-03-18,4.093750,3.796875,3.972656,2.907485
1998-03-19,3.953125,3.875000,3.953125,2.893191
1998-03-20,3.953125,3.750000,3.851563,2.818860
1998-03-23,4.125000,3.757813,4.089844,2.993252
1998-03-24,4.281250,4.101563,4.265625,3.121902
1998-03-25,4.312500,4.156250,4.250000,3.110467
1998-03-26,4.265625,4.062500,4.250000,3.110467
1998-03-27,4.421875,4.156250,4.406250,3.224821
1998-03-30,4.578125,4.343750,4.531250,3.316306
1998-03-31,4.531250,4.281250,4.437500,3.247692
1998-04-01,4.546875,4.421875,4.421875,3.236257
1998-04-02,4.484375,4.250000,4.390625,3.213386
1998-04-03,4.453125,4.296875,4.296875,3.144773
1998-04-06,4.406250,4.125000,4.128906,3.021842
1998-04-07,4.148438,3.875000,3.937500,2.881755
1998-04-08,4.343750,4.000000,4.140625,3.030418
1998-04-09,4.218750,3.937500,4.093750,2.996111
1998-04-13,4.281250,4.000000,4.187500,3.064724
1998-04-14,4.312500,4.125000,4.289063,3.139055
1998-04-15,4.359375,4.250000,4.312500,3.156209
1998-04-16,4.312500,4.140625,4.257813,3.116185
1998-04-17,4.312500,4.078125,4.312500,3.156209
1998-04-20,4.359375,4.187500,4.296875,3.144773
1998-04-21,4.500000,4.296875,4.468750,3.270563
1998-04-22,4.500000,4.351563,4.421875,3.236257
1998-04-23,4.484375,4.359375,4.421875,3.236257
1998-04-24,4.562500,4.312500,4.406250,3.224821
1998-04-27,4.406250,4.125000,4.140625,3.030418
1998-04-28,4.429688,4.250000,4.402344,3.221962
1998-04-29,4.625000,4.406250,4.578125,3.350612
1998-04-30,4.671875,4.437500,4.507813,3.299152
1998-05-01,4.625000,4.500000,4.609375,3.373484
1998-05-04,5.000000,4.625000,4.796875,3.510710
1998-05-05,4.875000,4.687500,4.703125,3.442098
1998-05-06,4.796875,4.656250,4.656250,3.407791
1998-05-07,4.750000,4.625000,4.640625,3.396354
1998-05-08,4.796875,4.625000,4.734375,3.464969
1998-05-11,4.781250,4.562500,4.570313,3.344894
1998-05-12,4.656250,4.500000,4.539063,3.322024
1998-05-13,4.718750,4.218750,4.515625,3.304871
1998-05-14,4.625000,4.421875,4.453125,3.259128
1998-05-15,4.515625,4.437500,4.468750,3.270563
1998-05-18,4.656250,4.375000,4.656250,3.407791
1998-05-19,4.890625,4.578125,4.765625,3.487839
1998-05-20,4.781250,4.609375,4.667969,3.416368
1998-05-21,4.703125,4.578125,4.703125,3.442098
1998-05-22,4.703125,4.570313,4.625000,3.384919
1998-05-26,4.703125,4.453125,4.500000,3.293434
1998-05-27,4.500000,4.140625,4.246094,3.107608
1998-05-28,4.531250,4.250000,4.312500,3.156209
1998-05-29,4.406250,4.218750,4.347656,3.181938
1998-06-01,4.375000,4.218750,4.281250,3.133337
1998-06-02,4.484375,4.218750,4.476563,3.276282
1998-06-03,4.500000,4.343750,4.375000,3.201951
1998-06-04,4.406250,4.250000,4.281250,3.133337
1998-06-05,4.359375,4.187500,4.312500,3.156209
1998-06-08,4.656250,4.281250,4.562500,3.339177
1998-06-09,4.664063,4.515625,4.625000,3.384919
1998-06-10,4.812500,4.562500,4.640625,3.396354
1998-06-11,4.718750,4.390625,4.406250,3.224821
1998-06-12,4.531250,4.296875,4.312500,3.156209
1998-06-15,4.281250,4.156250,4.187500,3.064724
1998-06-16,4.359375,4.257813,4.359375,3.190516
1998-06-17,4.390625,4.250000,4.343750,3.179080
1998-06-18,4.375000,4.125000,4.171875,3.053289
1998-06-19,4.406250,4.125000,4.343750,3.179080
1998-06-22,4.562500,4.312500,4.468750,3.270563
1998-06-23,4.585938,4.375000,4.585938,3.356332
1998-06-24,4.687500,4.562500,4.667969,3.416368
1998-06-25,4.687500,4.515625,4.531250,3.316306
1998-06-26,4.679688,4.531250,4.593750,3.362048
1998-06-29,4.812500,4.562500,4.750000,3.476404
1998-06-30,4.875000,4.718750,4.867188,3.562170
1998-07-01,4.875000,4.750000,4.796875,3.510710
1998-07-02,4.875000,4.750000,4.812500,3.522146
1998-07-06,5.296875,4.765625,5.296875,3.876647
1998-07-07,5.703125,5.296875,5.593750,4.093924
1998-07-08,5.687500,5.531250,5.671875,4.151101
1998-07-09,5.875000,5.640625,5.875000,4.299763
1998-07-10,5.875000,5.656250,5.828125,4.265458
1998-07-13,5.906250,5.765625,5.781250,4.231148
1998-07-14,5.828125,5.671875,5.734375,4.196842
1998-07-15,6.109375,5.671875,6.062500,4.436987
1998-07-16,6.218750,5.843750,6.187500,4.528474
1998-07-17,6.453125,5.890625,6.281250,4.597087
1998-07-20,6.265625,6.015625,6.125000,4.482730
1998-07-21,6.187500,5.796875,5.828125,4.265458
1998-07-22,5.890625,5.703125,5.750000,4.208280
1998-07-23,5.812500,5.562500,5.578125,4.082486
1998-07-24,5.687500,5.312500,5.390625,3.945260
1998-07-27,5.500000,5.250000,5.375000,3.933825
1998-07-28,5.625000,5.312500,5.460938,3.996721
1998-07-29,5.500000,5.343750,5.359375,3.922389
1998-07-30,5.546875,5.359375,5.453125,3.991004
1998-07-31,5.546875,5.187500,5.218750,3.819469
1998-08-03,5.296875,5.093750,5.109375,3.739422
1998-08-04,5.218750,4.906250,4.921875,3.602194
1998-08-05,5.265625,4.906250,5.253906,3.845199
1998-08-06,5.625000,5.140625,5.609375,4.105360
1998-08-07,5.781250,5.562500,5.765625,4.219714
1998-08-10,5.718750,5.656250,5.656250,4.139665
1998-08-11,5.625000,5.312500,5.468750,4.002439
1998-08-12,5.640625,5.406250,5.625000,4.116794
1998-08-13,5.812500,5.500000,5.812500,4.254020
1998-08-14,5.750000,5.625000,5.656250,4.139665
1998-08-17,5.820313,5.500000,5.820313,4.259737
1998-08-18,6.078125,5.890625,6.046875,4.425553
1998-08-19,6.312500,5.984375,5.984375,4.379810
1998-08-20,6.125000,5.937500,5.968750,4.368374
1998-08-21,6.062500,5.562500,5.765625,4.219714
1998-08-24,6.093750,5.812500,6.093750,4.459858
1998-08-25,6.265625,5.859375,5.906250,4.322633
1998-08-26,5.921875,5.750000,5.921875,4.334070
1998-08-27,5.921875,5.718750,5.785156,4.234007
1998-08-28,5.859375,5.390625,5.750000,4.208280
1998-08-31,5.937500,5.125000,5.210938,3.813753
1998-09-01,5.718750,5.210938,5.656250,4.139665
1998-09-02,5.937500,5.625000,5.828125,4.265458
1998-09-03,5.929688,5.703125,5.843750,4.276892
1998-09-04,6.000000,5.828125,5.968750,4.368374
1998-09-08,6.437500,6.125000,6.164063,4.511320
1998-09-09,6.312500,6.140625,6.218750,4.551344
1998-09-10,6.320313,6.062500,6.101563,4.465577
1998-09-11,6.390625,6.171875,6.375000,4.665700
1998-09-14,6.906250,6.500000,6.750000,4.940153
1998-09-15,6.875000,6.687500,6.750000,4.940153
1998-09-16,6.812500,6.218750,6.437500,4.711442
1998-09-17,6.406250,6.093750,6.281250,4.597087
1998-09-18,6.593750,6.250000,6.593750,4.825799
1998-09-21,6.671875,6.375000,6.671875,4.882975
1998-09-22,7.109375,6.593750,7.109375,5.203169
1998-09-23,7.484375,7.156250,7.312500,5.351831
1998-09-24,7.390625,7.015625,7.046875,5.157427
1998-09-25,7.343750,6.937500,7.312500,5.351831
1998-09-28,7.656250,7.468750,7.554688,5.529082
1998-09-29,7.625000,7.015625,7.015625,5.134558
1998-09-30,7.062500,6.312500,6.328125,4.631392
1998-10-01,6.375000,5.203125,5.265625,3.853776
1998-10-02,5.960938,5.281250,5.656250,4.139665
1998-10-05,5.875000,5.062500,5.328125,3.899519
1998-10-06,5.703125,5.187500,5.226563,3.825188
1998-10-07,5.343750,4.617188,4.625000,3.384919
1998-10-08,4.562500,4.000000,4.343750,3.179080
1998-10-09,5.429688,4.468750,5.375000,3.933825
1998-10-12,5.968750,5.468750,5.625000,4.116794
1998-10-13,5.625000,5.000000,5.000000,3.659372
1998-10-14,5.500000,4.843750,5.437500,3.979568
1998-10-15,5.625000,5.093750,5.617188,4.111076
1998-10-16,6.062500,5.671875,5.765625,4.219714
1998-10-19,6.312500,5.703125,6.312500,4.619957
1998-10-20,6.578125,6.312500,6.320313,4.625675
1998-10-21,6.375000,5.984375,6.250000,4.574214
1998-10-22,6.406250,6.140625,6.273438,4.591370
1998-10-23,6.500000,6.125000,6.312500,4.619957
1998-10-26,6.875000,6.218750,6.750000,4.940153
1998-10-27,6.968750,6.328125,6.375000,4.665700
1998-10-28,6.515625,6.265625,6.406250,4.688570
1998-10-29,6.859375,6.296875,6.609375,4.837234
1998-10-30,6.921875,6.625000,6.843750,5.008766
1998-11-02,7.156250,6.875000,7.109375,5.203169
1998-11-03,7.156250,6.750000,6.843750,5.008766
1998-11-04,7.140625,6.953125,7.058594,5.166005
1998-11-05,8.437500,7.750000,7.867188,5.757793
1998-11-06,8.125000,7.859375,8.101563,5.929327
1998-11-09,8.171875,7.968750,8.062500,5.900740
1998-11-10,8.453125,7.875000,8.429688,6.169475
1998-11-11,8.703125,8.375000,8.421875,6.163758
1998-11-12,8.265625,8.046875,8.164063,5.975069
1998-11-13,8.359375,7.906250,7.937500,5.809255
1998-11-16,8.375000,8.125000,8.296875,6.072271
1998-11-17,8.875000,8.156250,8.781250,6.426771
1998-11-18,9.375000,8.875000,9.203125,6.735534
1998-11-19,9.531250,9.125000,9.250000,6.769838
1998-11-20,9.171875,8.875000,9.093750,6.655482
1998-11-23,9.250000,9.000000,9.210938,6.741250
1998-11-24,9.281250,9.031250,9.078125,6.644048
1998-11-25,9.281250,9.007813,9.023438,6.604025
1998-11-27,9.406250,9.031250,9.250000,6.769838
1998-11-30,9.625000,9.109375,9.390625,6.872757
1998-12-01,9.343750,9.031250,9.203125,6.735534
1998-12-02,9.500000,8.937500,9.015625,6.598304
1998-12-03,9.218750,8.968750,8.992188,6.581154
1998-12-04,9.468750,9.125000,9.375000,6.861323
1998-12-07,9.687500,9.312500,9.515625,6.964243
1998-12-08,9.562500,9.250000,9.390625,6.872757
1998-12-09,9.437500,9.312500,9.375000,6.861323
1998-12-10,9.390625,9.171875,9.281250,6.792709
1998-12-11,9.218750,8.796875,8.968750,6.564000
1998-12-14,9.000000,8.421875,8.421875,6.163758
1998-12-15,9.125000,8.562500,9.031250,6.609741
1998-12-16,9.375000,8.875000,9.265625,6.781274
1998-12-17,10.265625,9.281250,10.187500,7.455971
1998-12-18,10.687500,10.062500,10.578125,7.741858
1998-12-21,11.109375,10.765625,11.109375,8.130668
1998-12-22,12.000000,10.343750,10.750000,7.867650
1998-12-23,11.343750,10.812500,11.093750,8.119230
1998-12-24,11.437500,11.125000,11.218750,8.210720
1998-12-28,11.625000,10.687500,10.875000,7.959136
1998-12-29,11.187500,10.531250,10.656250,7.799037
1998-12-30,11.109375,10.500000,11.031250,8.073490
1998-12-31,11.781250,10.968750,11.210938,8.205001
1999-01-04,11.968750,11.250000,11.250000,8.233587
1999-01-05,11.468750,11.171875,11.218750,8.210720
1999-01-06,11.625000,11.375000,11.468750,8.393684
1999-01-07,11.593750,11.093750,11.562500,8.462296
1999-01-08,12.031250,11.781250,11.937500,8.736749
1999-01-11,13.296875,12.312500,12.750000,9.331400
1999-01-12,13.593750,12.125000,12.593750,9.217046
1999-01-13,13.093750,10.937500,13.093750,9.582981
1999-01-14,13.281250,12.343750,12.468750,9.125563
1999-01-15,13.359375,12.500000,13.187500,9.651597
1999-01-19,14.187500,13.375000,13.875000,10.154756
1999-01-20,14.187500,13.375000,13.375000,9.788821
1999-01-21,13.687500,12.718750,12.750000,9.331400
1999-01-22,12.562500,11.937500,12.000000,8.782491
1999-01-25,12.437500,11.875000,12.250000,8.965461
1999-01-26,12.718750,12.250000,12.500000,9.148429
1999-01-27,12.859375,12.406250,12.593750,9.217046
1999-01-28,13.265625,12.500000,13.031250,9.537240
1999-01-29,13.687500,13.156250,13.250000,9.697334
1999-02-01,14.031250,13.062500,13.187500,9.651597
1999-02-02,13.187500,12.687500,13.187500,9.651597
1999-02-03,13.492188,12.500000,13.156250,9.628722
1999-02-04,13.156250,12.125000,12.281250,8.988333
1999-02-05,12.484375,10.953125,11.562500,8.462296
1999-02-08,12.156250,11.562500,11.937500,8.736749
1999-02-09,11.890625,10.875000,10.968750,8.027749
1999-02-10,11.234375,10.875000,11.046875,8.084925
1999-02-11,13.000000,11.375000,12.968750,9.491499
1999-02-12,12.796875,11.468750,11.937500,8.736749
1999-02-16,12.593750,11.437500,11.484375,8.405122
1999-02-17,11.476563,10.375000,10.468750,7.661810
1999-02-18,11.000000,9.531250,9.906250,7.250132
1999-02-19,10.812500,9.906250,10.750000,7.867650
1999-02-22,11.281250,10.812500,11.187500,8.187847
1999-02-23,11.671875,11.187500,11.484375,8.405122
1999-02-24,11.718750,10.593750,10.625000,7.776166
1999-02-25,10.843750,10.328125,10.750000,7.867650
1999-02-26,10.906250,10.406250,10.500000,7.684682
1999-03-01,10.781250,10.234375,10.500000,7.684682
1999-03-02,11.062500,10.500000,10.656250,7.799037
1999-03-03,10.796875,10.500000,10.625000,7.776166
1999-03-04,11.125000,10.562500,10.953125,8.016312
1999-03-05,11.640625,11.062500,11.437500,8.370812
1999-03-08,11.750000,11.375000,11.375000,8.325073
1999-03-09,11.437500,11.062500,11.187500,8.187847
1999-03-10,11.312500,10.921875,11.093750,8.119230
1999-03-11,11.218750,10.750000,10.937500,8.004877
1999-03-12,10.968750,10.187500,10.390625,7.604633
1999-03-15,10.921875,10.343750,10.765625,7.879088
1999-03-16,11.656250,10.875000,11.343750,8.302201
1999-03-17,11.812500,11.250000,11.750000,8.599526
1999-03-18,13.500000,11.906250,13.468750,9.857433
1999-03-19,14.062500,12.937500,13.531250,9.903175
1999-03-22,13.812500,13.343750,13.468750,9.857433
1999-03-23,13.625000,11.984375,12.218750,8.942592
1999-03-24,12.906250,12.156250,12.843750,9.400012
1999-03-25,13.375000,12.781250,12.937500,9.468625
1999-03-26,12.968750,12.531250,12.781250,9.354275
1999-03-29,13.437500,12.812500,13.218750,9.674467
1999-03-30,13.250000,12.937500,13.125000,9.605854
1999-03-31,13.500000,12.500000,12.656250,9.262783
1999-04-01,14.250000,12.843750,14.125000,10.337725
1999-04-05,14.703125,14.250000,14.687500,10.749408
1999-04-06,14.750000,14.375000,14.500000,10.612178
1999-04-07,15.125000,13.343750,13.812500,10.109015
1999-04-08,14.281250,13.875000,14.218750,10.406339
1999-04-09,14.750000,14.062500,14.656250,10.726533
1999-04-12,15.093750,14.312500,14.734375,10.783713
1999-04-13,15.906250,14.843750,15.875000,11.618509
1999-04-14,16.750000,15.812500,15.812500,11.572765
1999-04-15,15.781250,12.625000,14.656250,10.726533
1999-04-16,15.125000,13.843750,14.000000,10.246243
1999-04-19,15.000000,12.125000,12.250000,8.965461
1999-04-20,12.562500,11.718750,12.437500,9.102688
1999-04-21,13.875000,12.312500,13.875000,10.154756
1999-04-22,14.500000,13.625000,13.718750,10.040404
1999-04-23,14.156250,13.343750,13.875000,10.154756
1999-04-26,14.500000,13.750000,14.437500,10.566437
1999-04-27,14.750000,13.750000,13.937500,10.200500
1999-04-28,13.984375,12.687500,13.125000,9.605854
1999-04-29,13.468750,12.609375,12.890625,9.434319
1999-04-30,13.156250,12.125000,12.578125,9.205613
1999-05-03,12.625000,12.000000,12.078125,8.839672
1999-05-04,12.187500,11.562500,11.687500,8.553783
1999-05-05,11.968750,11.156250,11.281250,8.256457
1999-05-06,11.937500,11.125000,11.406250,8.347943
1999-05-07,12.000000,11.468750,11.750000,8.599526
1999-05-10,12.406250,11.843750,12.406250,9.079816
1999-05-11,13.125000,12.421875,12.968750,9.491499
1999-05-12,13.468750,12.750000,13.437500,9.834564
1999-05-13,13.812500,12.718750,13.000000,9.514372
1999-05-14,12.906250,11.781250,11.812500,8.645266
1999-05-17,12.500000,11.625000,12.218750,8.942592
1999-05-18,13.796875,12.281250,13.468750,9.857433
1999-05-19,13.750000,12.531250,12.625000,9.239914
1999-05-20,12.828125,11.687500,12.000000,8.782491
1999-05-21,12.250000,11.531250,11.625000,8.508040
1999-05-24,11.875000,11.187500,11.250000,8.233587
1999-05-25,11.500000,11.156250,11.296875,8.267898
1999-05-26,11.500000,10.687500,11.250000,8.233587
1999-05-27,12.187500,11.546875,11.687500,8.553783
1999-05-28,11.937500,11.562500,11.789063,8.628115
1999-06-01,12.000000,11.343750,11.546875,8.450868
1999-06-02,12.312500,11.500000,12.312500,9.011207
1999-06-03,12.687500,12.250000,12.328125,9.022638
1999-06-04,12.609375,12.312500,12.390625,9.068384
1999-06-07,12.812500,12.406250,12.781250,9.354275
1999-06-08,12.750000,12.093750,12.250000,8.965461
1999-06-09,12.500000,12.250000,12.273438,8.982615
1999-06-10,12.312500,11.875000,12.000000,8.782491
1999-06-11,12.093750,10.968750,11.234375,8.222151
1999-06-14,11.375000,10.531250,10.625000,7.776166
1999-06-15,10.875000,9.843750,9.906250,7.250132
1999-06-16,11.062500,10.031250,11.000000,8.050620
1999-06-17,11.250000,10.656250,11.250000,8.233587
1999-06-18,11.812500,11.281250,11.500000,8.416559
1999-06-21,11.812500,11.375000,11.656250,8.530915
1999-06-22,11.625000,11.156250,11.203125,8.199276
1999-06-23,12.218750,11.781250,12.078125,8.839672
1999-06-24,13.343750,12.093750,12.515625,9.159868
1999-06-25,13.000000,12.656250,12.984375,9.502934
1999-06-28,13.015625,12.687500,13.015625,9.525805
1999-06-29,15.062500,12.750000,15.062500,11.023855
1999-06-30,14.718750,13.937500,13.968750,10.223367
1999-07-01,14.875000,13.968750,14.406250,10.543563
1999-07-02,14.671875,14.000000,14.507813,10.617894
1999-07-06,15.000000,14.375000,14.968750,10.955247
1999-07-07,15.343750,14.718750,14.914063,10.915223
1999-07-08,15.328125,14.734375,14.968750,10.955247
1999-07-09,15.843750,14.875000,15.843750,11.595638
1999-07-12,15.656250,15.093750,15.390625,11.264007
1999-07-13,15.375000,14.750000,15.312500,11.206829
1999-07-14,15.390625,14.937500,15.210938,11.132501
1999-07-15,15.562500,15.062500,15.500000,11.344054
1999-07-16,16.093750,14.968750,15.671875,11.469844
1999-07-19,15.875000,15.125000,15.226563,11.143930
1999-07-20,15.203125,13.812500,14.031250,10.269115
1999-07-21,14.875000,13.890625,14.515625,10.623616
1999-07-22,14.515625,13.875000,14.023438,10.263396
1999-07-23,14.437500,13.343750,14.015625,10.257678
1999-07-26,13.937500,13.046875,13.093750,9.582981
1999-07-27,13.750000,13.234375,13.531250,9.903175
1999-07-28,14.031250,13.187500,13.453125,9.845997
1999-07-29,14.687500,13.093750,13.921875,10.189065
1999-07-30,14.187500,13.562500,13.625000,9.971787
1999-08-02,14.625000,13.609375,14.453125,10.577873
1999-08-03,14.718750,13.468750,14.078125,10.303421
1999-08-04,14.234375,13.031250,13.234375,9.685902
1999-08-05,13.718750,12.437500,13.593750,9.948915
1999-08-06,13.843750,12.531250,12.781250,9.354275
1999-08-09,13.718750,13.000000,13.476563,9.863153
1999-08-10,13.437500,12.718750,12.937500,9.468625
1999-08-11,13.187500,12.906250,13.187500,9.651597
1999-08-12,13.859375,13.234375,13.484375,9.868870
1999-08-13,14.062500,13.656250,13.984375,10.234809
1999-08-16,14.625000,13.968750,14.156250,10.360599
1999-08-17,14.218750,13.468750,14.078125,10.303421
1999-08-18,14.437500,13.781250,13.781250,10.086144
1999-08-19,14.718750,13.875000,14.437500,10.566437
1999-08-20,14.625000,14.375000,14.593750,10.680792
1999-08-23,15.062500,14.562500,15.062500,11.023855
1999-08-24,15.750000,14.812500,15.687500,11.481280
1999-08-25,16.218750,15.531250,16.093750,11.778608
1999-08-26,16.437500,15.625000,16.062500,11.755734
1999-08-27,16.328125,15.750000,16.109375,11.790038
1999-08-30,16.593750,16.187500,16.484375,12.064493
1999-08-31,16.625000,15.875000,16.421875,12.018750
1999-09-01,16.468750,16.062500,16.140625,11.812913
1999-09-02,16.375000,15.937500,16.171875,11.835781
1999-09-03,17.125000,16.375000,17.125000,12.533349
1999-09-07,17.421875,16.968750,17.218750,12.601968
1999-09-08,17.125000,16.812500,16.890625,12.361815
1999-09-09,16.890625,16.281250,16.406250,12.007313
1999-09-10,17.000000,16.375000,16.937500,12.396126
1999-09-13,17.406250,16.750000,16.765625,12.270329
1999-09-14,17.875000,16.750000,17.453125,12.773499
1999-09-15,18.187500,17.406250,18.078125,13.230916
1999-09-16,18.093750,17.500000,18.000000,13.173737
1999-09-17,18.812500,17.968750,18.734375,13.711208
1999-09-20,19.468750,18.859375,19.281250,14.111457
1999-09-21,19.250000,18.750000,18.781250,13.745515
1999-09-22,18.968750,18.250000,18.921875,13.848440
1999-09-23,19.000000,18.031250,18.062500,13.219482
1999-09-24,18.125000,16.250000,18.125000,13.265224
1999-09-27,18.375000,17.656250,17.718750,12.967896
1999-09-28,18.218750,17.375000,18.187500,13.310964
1999-09-29,18.906250,17.906250,18.062500,13.219482
1999-09-30,18.250000,17.593750,17.906250,13.105124
1999-10-01,17.906250,17.343750,17.617188,12.893575
1999-10-04,19.234375,17.718750,19.015625,13.917050
1999-10-05,19.656250,19.031250,19.578125,14.328730
1999-10-06,20.093750,19.312500,19.390625,14.191506
1999-10-07,19.750000,18.812500,19.140625,14.008531
1999-10-08,19.265625,18.750000,19.031250,13.928486
1999-10-11,19.093750,18.687500,18.750000,13.722647
1999-10-12,19.375000,18.031250,18.140625,13.276658
1999-10-13,18.390625,17.906250,18.125000,13.265224
1999-10-14,18.187500,17.406250,17.695312,12.950747
1999-10-15,17.703125,17.312500,17.406250,12.739194
1999-10-18,17.968750,16.500000,17.296875,12.659142
1999-10-19,17.656250,16.234375,16.375000,11.984445
1999-10-20,17.593750,16.031250,17.171875,12.567660
1999-10-21,17.062500,15.718750,16.062500,11.755734
1999-10-22,17.843750,16.515625,17.625000,12.899285
1999-10-25,17.484375,16.359375,16.640625,12.178846
1999-10-26,17.156250,16.609375,16.656250,12.190282
1999-10-27,16.781250,15.640625,16.000000,11.709991
1999-10-28,17.062500,15.921875,16.953125,12.407559
1999-10-29,18.562500,17.218750,18.500000,13.539676
1999-11-01,18.906250,18.312500,18.500000,13.539676
1999-11-02,20.250000,18.625000,19.937500,14.591744
1999-11-03,21.687500,20.687500,21.562500,15.781038
1999-11-04,21.906250,20.687500,21.500000,15.735299
1999-11-05,24.250000,21.437500,22.609375,16.547224
1999-11-08,24.000000,22.375000,23.859375,17.462072
1999-11-09,25.250000,23.218750,24.875000,18.205376
1999-11-10,25.500000,24.000000,24.281250,17.770824
1999-11-11,24.750000,23.593750,23.750000,17.382011
1999-11-12,24.250000,20.875000,22.968750,16.810244
1999-11-15,23.546875,22.375000,22.468750,16.444302
1999-11-16,26.218750,22.500000,25.859375,18.925816
1999-11-17,31.750000,28.281250,31.000000,22.688108
1999-11-18,31.656250,29.250000,29.687500,21.727522
1999-11-19,29.468750,28.437500,28.953125,21.190046
1999-11-22,29.968750,29.015625,29.500000,21.590292
1999-11-23,32.328125,29.500000,29.640625,21.693218
1999-11-24,31.062500,29.500000,30.750000,22.505136
1999-11-26,33.687500,31.812500,32.640625,23.888836
1999-11-29,35.000000,33.031250,33.296875,24.369129
1999-11-30,33.593750,28.812500,29.421875,21.533119
1999-12-01,32.500000,29.843750,31.250000,22.871080
1999-12-02,34.031250,31.093750,33.875000,24.792252
1999-12-03,35.875000,34.000000,34.187500,25.020954
1999-12-06,38.875000,34.375000,37.875000,27.719749
1999-12-07,39.125000,36.187500,36.718750,26.873520
1999-12-08,38.656250,36.812500,37.687500,27.582510
1999-12-09,39.781250,36.750000,37.625000,27.536785
1999-12-10,39.000000,36.984375,38.468750,28.154297
1999-12-13,41.250000,39.250000,40.156250,29.389341
1999-12-14,41.937500,39.125000,41.000000,30.006855
1999-12-15,40.437500,36.687500,38.234375,27.982758
1999-12-16,40.750000,37.093750,38.234375,27.982758
1999-12-17,40.562500,35.875000,36.171875,26.473263
1999-12-20,38.906250,36.000000,36.625000,26.804897
1999-12-21,39.125000,34.375000,39.062500,28.588844
1999-12-22,43.187500,39.250000,42.687500,31.241880
1999-12-23,45.937500,41.687500,42.250000,30.921690
1999-12-27,44.250000,39.312500,41.062500,30.052588
1999-12-28,43.312500,39.406250,42.093750,30.807341
1999-12-29,42.718750,40.437500,41.031250,30.029728
1999-12-30,42.687500,40.125000,42.437500,31.058924
1999-12-31,42.750000,41.000000,41.531250,30.395668
2000-01-03,45.062500,40.000000,42.500000,31.104664
2000-01-04,42.437500,37.000000,37.125000,27.170835
2000-01-05,42.250000,35.000000,39.187500,28.680323
2000-01-06,38.906250,35.000000,35.031250,25.638477
2000-01-07,42.500000,33.875000,42.500000,31.104664
2000-01-10,45.906250,43.250000,44.312500,32.431190
2000-01-11,46.812500,40.875000,41.250000,30.189814
2000-01-12,44.375000,39.312500,43.562500,31.882275
2000-01-13,45.000000,41.625000,42.859375,31.367685
2000-01-14,47.625000,43.500000,46.843750,34.283737
2000-01-18,60.000000,48.500000,59.062500,43.226334
2000-01-19,58.500000,53.000000,54.250000,39.704193
2000-01-20,57.625000,55.625000,57.500000,42.082779
2000-01-21,60.750000,55.000000,58.562500,42.860397
2000-01-24,59.968750,50.312500,51.000000,37.325600
2000-01-25,55.500000,49.500000,53.593750,39.223900
2000-01-26,57.562500,53.312500,54.187500,39.658443
2000-01-27,55.750000,49.562500,51.437500,37.645798
2000-01-28,53.500000,49.000000,49.593750,36.296417
2000-01-31,52.500000,45.312500,50.187500,36.730961
2000-02-01,54.312500,50.156250,53.906250,39.452610
2000-02-02,57.625000,53.000000,56.562500,41.396648
2000-02-03,57.500000,53.000000,57.312500,41.945553
2000-02-04,66.937500,57.750000,63.968750,46.817101
2000-02-07,65.906250,60.500000,62.687500,45.879375
2000-02-08,66.250000,61.562500,66.000000,48.303715
2000-02-09,67.125000,63.000000,64.343750,47.091541
2000-02-10,69.937500,62.937500,69.625000,50.956776
2000-02-11,79.562500,71.250000,77.468750,56.697407
2000-02-14,80.125000,71.562500,74.156250,54.273064
2000-02-15,76.500000,70.750000,75.781250,55.462360
2000-02-16,88.156250,78.531250,87.718750,64.199120
2000-02-17,89.968750,83.031250,87.187500,63.810307
2000-02-18,87.125000,83.500000,83.625000,61.203003
2000-02-22,85.710938,81.562500,84.312500,61.706173
2000-02-23,93.906250,82.406250,89.406250,65.434158
2000-02-24,100.937500,88.125000,100.000000,73.187431
2000-02-25,103.968750,95.250000,96.468750,70.603004
2000-02-28,98.156250,90.750000,92.000000,67.332474
2000-02-29,96.062500,90.906250,94.375000,69.070656
2000-03-01,98.773438,93.375000,95.031250,69.550941
2000-03-02,98.406250,94.000000,94.625000,69.253609
2000-03-03,102.000000,93.500000,99.968750,73.164566
2000-03-06,111.000000,101.000000,106.031250,77.601555
2000-03-07,115.000000,106.000000,106.312500,77.807404
2000-03-08,111.500000,105.937500,109.156250,79.888680
2000-03-09,120.500000,109.062500,120.187500,87.962166
2000-03-10,124.000000,114.437500,118.437500,86.681374
2000-03-13,117.875000,110.437500,114.062500,83.479431
2000-03-14,116.000000,96.500000,98.531250,72.112503
2000-03-15,101.625000,81.750000,86.531250,63.330013
2000-03-16,97.250000,81.000000,91.281250,66.806419
2000-03-17,101.000000,93.062500,100.375000,73.461922
2000-03-20,104.000000,87.812500,91.531250,66.989380
2000-03-21,96.000000,82.500000,92.445312,67.658340
2000-03-22,103.250000,92.250000,103.062500,75.428787
2000-03-23,108.250000,96.375000,105.375000,77.121277
2000-03-24,110.250000,95.000000,100.000000,73.187431
2000-03-27,104.437500,96.250000,97.250000,71.174797
2000-03-28,101.000000,94.500000,95.562500,69.939728
2000-03-29,97.750000,87.625000,91.812500,67.195244
2000-03-30,92.000000,70.625000,79.125000,57.909569
2000-03-31,86.000000,66.000000,82.750000,60.562588
2000-04-03,83.000000,66.625000,67.875000,49.675983
2000-04-04,74.000000,45.125000,67.000000,49.035591
2000-04-05,76.000000,60.000000,69.562500,50.911011
2000-04-06,77.500000,71.062500,73.000000,53.426838
2000-04-07,80.250000,75.000000,79.937500,58.504219
2000-04-10,81.937500,65.000000,67.625000,49.493008
2000-04-11,68.250000,60.250000,63.625000,46.565502
2000-04-12,65.500000,56.500000,56.687500,41.488113
2000-04-13,64.000000,53.875000,56.937500,41.671101
2000-04-14,58.625000,46.125000,50.375000,36.868183
2000-04-17,54.000000,41.125000,51.937500,38.011734
2000-04-18,60.500000,53.312500,60.250000,44.095421
2000-04-19,65.500000,60.000000,60.562500,44.324142
2000-04-20,63.875000,55.000000,56.875000,41.625355
2000-04-24,55.500000,43.546875,50.625000,37.051132
2000-04-25,69.000000,56.000000,68.750000,50.316376
2000-04-26,68.500000,61.000000,61.125000,44.735844
2000-04-27,68.500000,54.500000,67.562500,49.447262
2000-04-28,74.687500,68.984375,73.937500,54.112976
2000-05-01,77.000000,70.031250,71.000000,51.963074
2000-05-02,72.000000,64.875000,65.250000,47.754803
2000-05-03,68.000000,61.500000,66.750000,48.852619
2000-05-04,71.500000,64.625000,67.875000,49.675983
2000-05-05,71.687500,64.375000,69.875000,51.139736
2000-05-08,68.187500,62.750000,63.187500,46.245316
2000-05-09,67.000000,61.500000,63.437500,46.428288
2000-05-10,66.312500,57.750000,58.000000,42.448711
2000-05-11,62.625000,55.500000,57.937500,42.402966
2000-05-12,62.500000,57.250000,58.187500,42.585945
2000-05-15,66.500000,58.750000,66.125000,48.395191
2000-05-16,73.750000,66.500000,72.750000,53.243855
2000-05-17,72.625000,68.375000,68.750000,50.316376
2000-05-18,71.500000,66.718750,69.000000,50.499344
2000-05-19,71.000000,65.000000,65.125000,47.663338
2000-05-22,65.500000,56.000000,65.062500,47.617577
2000-05-23,67.000000,58.000000,58.000000,42.448711
2000-05-24,66.000000,48.750000,65.062500,47.617577
2000-05-25,69.500000,58.000000,61.375000,44.918800
2000-05-26,63.000000,56.062500,58.312500,42.677429
2000-05-30,67.250000,59.500000,66.812500,48.898369
2000-05-31,70.312500,63.125000,64.562500,47.251652
2000-06-01,70.000000,67.375000,69.687500,51.002502
2000-06-02,76.750000,71.000000,74.437500,54.478916
2000-06-05,78.437500,71.375000,76.609375,56.068459
2000-06-06,79.375000,73.750000,73.875000,54.067223
2000-06-07,78.375000,72.187500,78.125000,57.177689
2000-06-08,85.687500,79.500000,85.312500,62.438034
2000-06-09,90.687500,84.250000,85.125000,62.300808
2000-06-12,86.562500,78.000000,78.187500,57.223438
2000-06-13,86.250000,76.812500,86.062500,62.986942
2000-06-14,88.875000,75.437500,75.625000,55.348007
2000-06-15,82.000000,75.687500,79.187500,57.955307
2000-06-16,82.687500,79.125000,79.937500,58.504219
2000-06-19,86.000000,78.375000,85.937500,62.895470
2000-06-20,88.500000,84.937500,86.687500,63.444363
2000-06-21,89.000000,84.500000,87.562500,64.084763
2000-06-22,88.437500,82.000000,84.000000,61.477459
2000-06-23,84.500000,76.000000,76.937500,56.308594
2000-06-26,83.000000,77.875000,82.062500,60.059456
2000-06-27,86.250000,82.500000,82.812500,60.608364
2000-06-28,83.875000,81.000000,82.562500,60.425404
2000-06-29,81.562500,77.000000,77.812500,56.948990
2000-06-30,81.187500,77.500000,80.500000,58.915901
2000-07-03,83.187500,80.000000,82.812500,60.608364
2000-07-05,82.875000,77.500000,78.062500,57.131962
2000-07-06,78.250000,72.500000,78.062500,57.131962
2000-07-07,84.500000,77.625000,81.562500,59.693523
2000-07-10,82.937500,79.500000,81.250000,59.464794
2000-07-11,84.875000,80.250000,83.500000,61.111504
2000-07-12,90.125000,84.500000,90.000000,65.868698
2000-07-13,97.875000,92.000000,94.562500,69.207886
2000-07-14,97.500000,94.000000,96.125000,70.351448
2000-07-17,103.500000,96.437500,102.000000,74.651199
2000-07-18,101.687500,98.500000,99.937500,73.141701
2000-07-19,104.750000,98.500000,100.437500,73.507645
2000-07-20,113.062500,101.437500,112.562500,82.381615
2000-07-21,112.000000,105.750000,109.375000,80.048767
2000-07-24,111.750000,101.125000,102.812500,75.245834
2000-07-25,108.500000,100.625000,106.187500,77.715912
2000-07-26,109.312500,100.062500,101.937500,74.605438
2000-07-27,101.375000,91.125000,95.250000,69.711037
2000-07-28,97.375000,84.937500,85.000000,62.209328
2000-07-31,89.687500,76.500000,86.187500,63.078434
2000-08-01,86.500000,82.000000,82.625000,60.471123
2000-08-02,83.000000,75.250000,76.937500,56.308594
2000-08-03,80.125000,69.687500,78.437500,57.406418
2000-08-04,86.500000,81.750000,84.562500,61.889141
2000-08-07,90.250000,84.062500,89.750000,65.685760
2000-08-08,94.500000,87.750000,91.687500,67.103745
2000-08-09,94.875000,90.000000,90.562500,66.280388
2000-08-10,91.500000,84.750000,85.687500,62.712517
2000-08-11,89.234375,82.062500,88.687500,64.908104
2000-08-14,93.187500,88.125000,90.750000,66.417610
2000-08-15,87.000000,83.968750,84.937500,62.163597
2000-08-16,89.750000,84.812500,88.312500,64.633659
2000-08-17,97.125000,85.312500,94.500000,69.162125
2000-08-18,96.187500,90.125000,93.937500,68.750435
2000-08-21,98.750000,94.328125,95.375000,69.802513
2000-08-22,97.937500,93.625000,94.375000,69.070656
2000-08-23,100.625000,93.250000,100.000000,73.187431
2000-08-24,102.062500,98.312500,101.687500,74.422478
2000-08-25,104.437500,98.750000,100.812500,73.782104
2000-08-28,105.125000,100.062500,103.875000,76.023468
2000-08-29,110.375000,104.500000,109.250000,79.957260
2000-08-30,112.375000,108.250000,111.437500,81.558266
2000-08-31,119.437500,112.125000,117.000000,85.629303
2000-09-01,119.875000,112.750000,115.500000,84.531494
2000-09-05,117.562500,112.250000,112.937500,82.656075
2000-09-06,111.750000,101.500000,101.625000,74.376740
2000-09-07,117.500000,104.875000,115.750000,84.714478
2000-09-08,119.500000,110.250000,113.562500,83.113487
2000-09-11,118.750000,108.750000,110.562500,80.917885
2000-09-12,115.250000,108.187500,109.187500,79.911537
2000-09-13,113.812500,105.562500,112.000000,81.969948
2000-09-14,118.250000,113.687500,115.687500,84.668716
2000-09-15,118.875000,111.562500,118.062500,86.406929
2000-09-18,129.000000,119.562500,125.375000,91.758751
2000-09-19,130.500000,122.000000,129.875000,95.052193
2000-09-20,143.187500,127.562500,141.125000,103.285782
2000-09-21,139.687500,134.750000,136.500000,99.900864
2000-09-22,147.500000,127.625000,147.375000,107.859985
2000-09-25,148.250000,130.187500,130.437500,95.463875
2000-09-26,137.750000,125.687500,127.937500,93.634201
2000-09-27,134.187500,126.312500,128.125000,93.771408
2000-09-28,138.000000,125.250000,135.859375,99.431992
2000-09-29,138.000000,125.375000,127.375000,93.222511
2000-10-02,131.125000,118.125000,122.187500,89.425911
2000-10-03,131.125000,118.937500,120.312500,88.053642
2000-10-04,120.625000,112.125000,118.796875,86.944412
2000-10-05,124.500000,116.375000,118.937500,87.047318
2000-10-06,123.500000,112.750000,118.062500,86.406929
2000-10-09,123.000000,110.500000,120.000000,87.824951
2000-10-10,124.500000,114.000000,116.125000,84.988930
2000-10-11,124.359375,111.312500,121.687500,89.059998
2000-10-12,125.000000,113.500000,113.812500,83.296463
2000-10-13,122.437500,111.125000,121.437500,88.876999
2000-10-16,137.437500,121.000000,133.562500,97.750999
2000-10-17,140.125000,130.500000,136.000000,99.534943
2000-10-18,136.312500,126.000000,133.500000,97.705238
2000-10-19,146.187500,133.500000,145.375000,106.396248
2000-10-20,152.750000,142.375000,148.625000,108.774841
2000-10-23,143.375000,134.000000,140.375000,102.736893
2000-10-24,144.750000,130.500000,133.687500,97.842453
2000-10-25,131.937500,118.500000,122.250000,89.471687
2000-10-26,123.000000,102.375000,116.812500,85.492081
2000-10-27,127.500000,114.625000,123.000000,90.020546
2000-10-30,122.375000,104.875000,106.187500,77.715912
2000-10-31,120.312500,107.250000,119.000000,87.093094
2000-11-01,116.437500,107.625000,109.812500,80.368973
2000-11-02,114.750000,104.062500,105.875000,77.487213
2000-11-03,110.000000,103.750000,108.375000,79.316887
2000-11-06,116.609375,108.250000,110.625000,80.963638
2000-11-07,121.750000,110.000000,121.000000,88.556824
2000-11-08,123.187500,106.875000,107.062500,78.356323
2000-11-09,104.125000,90.000000,97.187500,71.129066
2000-11-10,96.500000,88.750000,90.250000,66.051659
2000-11-13,90.484375,78.500000,84.500000,61.843380
2000-11-14,98.000000,88.750000,96.250000,70.442902
2000-11-15,82.375000,73.125000,76.125000,55.713943
2000-11-16,80.125000,72.500000,72.812500,53.289608
2000-11-17,74.500000,64.000000,64.562500,47.251652
2000-11-20,71.000000,61.000000,67.250000,49.218571
2000-11-21,68.000000,60.500000,61.000000,44.644348
2000-11-22,64.250000,56.125000,58.500000,42.814651
2000-11-24,63.000000,59.250000,62.875000,46.016605
2000-11-27,65.937500,54.375000,54.437500,39.841412
2000-11-28,57.000000,50.000000,52.218750,38.217556
2000-11-29,52.875000,46.000000,50.000000,36.593716
2000-11-30,52.000000,44.750000,49.375000,36.136299
2000-12-01,59.875000,50.750000,53.937500,39.475479
2000-12-04,60.312500,52.062500,57.875000,42.357239
2000-12-05,82.000000,61.625000,81.562500,59.693523
2000-12-06,86.375000,74.500000,76.375000,55.896904
2000-12-07,79.375000,71.875000,75.375000,55.165020
2000-12-08,88.562500,83.000000,87.187500,63.810307
2000-12-11,89.562500,81.250000,84.375000,61.751907
2000-12-12,84.859375,79.875000,82.687500,60.516861
2000-12-13,85.812500,72.500000,72.750000,53.243855
2000-12-14,74.500000,67.000000,69.125000,50.590824
2000-12-15,68.000000,61.062500,65.187500,47.709057
2000-12-18,70.250000,64.250000,65.687500,48.075001
2000-12-19,74.312500,60.000000,60.125000,44.003963
2000-12-20,59.000000,51.250000,53.750000,39.338257
2000-12-21,63.250000,53.000000,54.625000,39.978630
2000-12-22,69.750000,60.187500,68.875000,50.407871
2000-12-26,73.375000,62.562500,68.000000,49.767471
2000-12-27,73.250000,65.500000,70.750000,51.780117
2000-12-28,74.937500,69.625000,72.500000,53.060894
2000-12-29,73.250000,62.250000,64.187500,46.977207
2001-01-02,58.250000,48.500000,51.437500,37.645798
2001-01-03,67.750000,47.062500,64.000000,46.839966
2001-01-04,67.234375,60.500000,66.375000,48.578167
2001-01-05,66.000000,54.312500,54.625000,39.978630
2001-01-08,55.937500,48.187500,55.937500,40.939236
2001-01-09,57.750000,50.000000,51.250000,37.508556
2001-01-10,57.250000,47.750000,56.437500,41.305164
2001-01-11,63.812500,54.562500,60.437500,44.232651
2001-01-12,61.125000,56.125000,58.125000,42.540199
2001-01-16,60.187500,56.125000,58.125000,42.540199
2001-01-17,66.250000,62.125000,63.125000,46.199570
2001-01-18,68.750000,60.750000,67.312500,49.264309
2001-01-19,70.937500,67.000000,67.312500,49.264309
2001-01-22,68.375000,64.125000,66.875000,48.944107
2001-01-23,74.984375,66.625000,73.562500,53.838535
2001-01-24,66.500000,58.625000,61.375000,44.918800
2001-01-25,60.875000,55.062500,56.500000,41.350899
2001-01-26,59.562500,55.484375,56.500000,41.350899
2001-01-29,60.250000,55.625000,59.937500,43.866718
2001-01-30,60.875000,56.625000,58.125000,42.540199
2001-01-31,59.750000,53.000000,53.625000,39.246761
2001-02-01,47.937500,43.312500,46.562500,34.077892
2001-02-02,48.250000,46.000000,46.750000,34.215134
2001-02-05,47.500000,41.375000,43.312500,31.699310
2001-02-06,46.500000,43.312500,44.875000,32.842880
2001-02-07,43.625000,37.000000,38.625000,28.268648
2001-02-08,40.312500,34.500000,35.187500,25.752832
2001-02-09,39.390625,35.250000,38.000000,27.811234
2001-02-12,39.750000,33.500000,39.125000,28.634594
2001-02-13,43.062500,38.500000,39.687500,29.046276
2001-02-14,42.875000,37.937500,42.125000,30.830208
2001-02-15,48.000000,43.750000,45.000000,32.934349
2001-02-16,42.375000,39.250000,40.375000,29.549435
2001-02-20,41.750000,33.500000,33.625000,24.609285
2001-02-21,37.375000,32.500000,34.312500,25.112434
2001-02-22,35.250000,29.062500,33.812500,24.746504
2001-02-23,35.750000,30.750000,33.937500,24.837992
2001-02-26,35.375000,31.500000,33.000000,24.151857
2001-02-27,33.750000,32.000000,32.000000,23.419983
2001-02-28,33.500000,28.000000,29.750000,21.773273
2001-03-01,32.500000,28.187500,30.875000,22.596624
2001-03-02,30.187500,27.250000,27.250000,19.943575
2001-03-05,28.687500,26.625000,28.500000,20.858418
2001-03-06,30.500000,28.875000,29.312500,21.453066
2001-03-07,30.250000,27.812500,28.125000,20.583965
2001-03-08,27.875000,24.625000,25.000000,18.296858
2001-03-09,24.000000,21.000000,21.125000,15.460845
2001-03-12,21.250000,19.515625,20.187500,14.774717
2001-03-13,23.000000,20.062500,22.812500,16.695887
2001-03-14,22.937500,20.500000,21.187500,15.506589
2001-03-15,23.312500,18.312500,18.750000,13.722647
2001-03-16,19.625000,17.625000,18.937500,13.859875
2001-03-19,20.750000,18.500000,20.437500,14.957687
2001-03-20,22.437500,18.125000,18.625000,13.631163
2001-03-21,20.250000,18.625000,19.250000,14.088585
2001-03-22,22.500000,19.375000,22.484375,16.455744
2001-03-23,23.875000,20.250000,21.125000,15.460845
2001-03-26,21.750000,19.000000,19.875000,14.546005
2001-03-27,21.687500,19.562500,20.812500,15.232141
2001-03-28,20.437500,18.062500,18.562500,13.585418
2001-03-29,18.000000,15.562500,16.312500,11.938701
2001-03-30,17.125000,15.937500,16.812500,12.304643
2001-04-02,16.500000,14.562500,15.250000,11.161087
2001-04-03,14.625000,12.437500,12.562500,9.194174
2001-04-04,12.937500,11.437500,11.812500,8.645266
2001-04-05,13.750000,12.562500,13.500000,9.880306
2001-04-06,13.687500,12.500000,13.437500,9.834564
2001-04-09,14.110000,12.400000,13.350000,9.770521
2001-04-10,15.830000,13.600000,15.680000,11.475789
2001-04-11,17.809999,15.980000,16.559999,12.119841
2001-04-12,16.850000,13.250000,16.680000,12.207667
2001-04-16,17.379999,15.020000,15.280000,11.183041
2001-04-17,16.299999,15.010000,15.870000,11.614848
2001-04-18,20.240000,16.620001,19.440001,14.227641
2001-04-19,23.450001,19.490000,22.299999,16.320797
2001-04-20,24.660000,21.129999,23.549999,17.235649
2001-04-23,23.500000,21.290001,21.950001,16.064646
2001-04-24,22.680000,19.780001,19.930000,14.586253
2001-04-25,21.700001,19.610001,21.500000,15.735299
2001-04-26,22.459999,20.120001,20.160000,14.754593
2001-04-27,22.080000,20.350000,21.860001,15.998770
2001-04-30,24.040001,21.980000,22.750000,16.650146
2001-05-01,24.610001,21.150000,24.549999,17.967518
2001-05-02,29.500000,25.980000,28.209999,20.646175
2001-05-03,27.450001,24.549999,25.860001,18.926270
2001-05-04,26.500000,23.709999,25.170000,18.421282
2001-05-07,27.250000,25.730000,26.280001,19.233665
2001-05-08,27.590000,25.350000,26.900000,19.687428
2001-05-09,27.450001,25.150000,25.490000,18.655481
2001-05-10,27.000000,24.000000,24.010000,17.572302
2001-05-11,25.250000,23.510000,24.250000,17.747950
2001-05-14,24.049999,21.750000,22.330000,16.342758
2001-05-15,24.440001,21.650000,22.530001,16.489134
2001-05-16,24.799999,20.840000,24.680000,18.062658
2001-05-17,25.250000,22.750000,23.100000,16.906301
2001-05-18,23.990000,22.340000,22.940001,16.789202
2001-05-21,26.700001,22.430000,26.650000,19.504452
2001-05-22,28.750000,26.850000,28.180000,20.624224
2001-05-23,27.570000,25.879999,25.930000,18.977505
2001-05-24,27.500000,25.980000,27.090000,19.826479
2001-05-25,27.120001,25.610001,25.719999,18.823811
2001-05-29,25.549999,21.500000,22.540001,16.496449
2001-05-30,21.200001,18.299999,19.010000,13.912935
2001-05-31,20.200001,18.530001,18.600000,13.612862
2001-06-01,19.549999,18.299999,18.830000,13.781195
2001-06-04,19.650000,17.799999,17.840000,13.056642
2001-06-05,19.250000,18.190001,18.820000,13.773877
2001-06-06,20.030001,18.570000,18.920000,13.847061
2001-06-07,20.299999,18.600000,20.230000,14.805822
2001-06-08,20.230000,18.549999,18.709999,13.693370
2001-06-11,19.000000,16.950001,17.840000,13.056642
2001-06-12,18.379999,16.799999,17.750000,12.990768
2001-06-13,18.610001,16.500000,16.730000,12.244260
2001-06-14,16.549999,15.000000,15.070000,11.029346
2001-06-15,16.059999,14.120000,14.740000,10.787829
2001-06-18,15.330000,13.100000,13.530000,9.902261
2001-06-19,14.890000,12.640000,13.290000,9.726614
2001-06-20,13.270000,11.850000,12.000000,8.782491
2001-06-21,12.400000,10.650000,11.080000,8.109168
2001-06-22,12.500000,11.000000,11.330000,8.292137
2001-06-25,11.900000,11.160000,11.680000,8.548295
2001-06-26,12.570000,11.200000,12.380000,9.060604
2001-06-27,13.500000,12.500000,12.640000,9.250891
2001-06-28,14.000000,12.860000,13.150000,9.624148
2001-06-29,14.350000,12.500000,13.700000,10.026678
2001-07-02,14.220000,13.200000,13.340000,9.763206
2001-07-03,13.320000,12.700000,13.160000,9.631468
2001-07-05,13.270000,12.640000,12.670000,9.272849
2001-07-06,11.820000,11.030000,11.780000,8.621481
2001-07-09,12.400000,11.440000,11.630000,8.511698
2001-07-10,12.100000,10.250000,10.360000,7.582220
2001-07-11,11.110000,10.280000,10.940000,8.006704
2001-07-12,12.000000,10.900000,11.500000,8.416559
2001-07-13,12.250000,11.190000,11.670000,8.540976
2001-07-16,12.180000,11.060000,11.080000,8.109168
2001-07-17,11.500000,10.480000,11.400000,8.343367
2001-07-18,11.250000,10.010000,10.260000,7.509033
2001-07-19,11.070000,10.240000,10.620000,7.772505
2001-07-20,10.790000,10.200000,10.480000,7.670045
2001-07-23,10.820000,9.650000,9.880000,7.230921
2001-07-24,10.290000,9.550000,10.050000,7.355340
2001-07-25,10.400000,9.630000,10.030000,7.340701
2001-07-26,10.900000,9.850000,10.770000,7.882286
2001-07-27,11.420000,10.400000,11.270000,8.248224
2001-07-30,12.100000,11.210000,11.480000,8.401918
2001-07-31,12.630000,11.140000,12.480000,9.133792
2001-08-01,16.150000,13.100000,15.210000,11.131808
2001-08-02,16.150000,15.000000,15.270000,11.175722
2001-08-03,15.000000,13.900000,14.500000,10.612178
2001-08-06,14.730000,13.900000,14.540000,10.641456
2001-08-07,14.630000,14.140000,14.150000,10.356026
2001-08-08,14.640000,13.550000,13.880000,10.158417
2001-08-09,14.280000,13.450000,14.120000,10.334067
2001-08-10,14.130000,13.350000,13.910000,10.180374
2001-08-13,14.250000,13.700000,13.990000,10.238924
2001-08-14,14.450000,12.620000,12.760000,9.338720
2001-08-15,14.100000,12.900000,13.120000,9.602190
2001-08-16,12.830000,12.080000,12.580000,9.206981
2001-08-17,12.520000,12.040000,12.050000,8.819087
2001-08-20,12.490000,11.900000,12.300000,9.002052
2001-08-21,12.870000,12.250000,12.380000,9.060604
2001-08-22,12.590000,11.450000,12.100000,8.855680
2001-08-23,12.600000,11.970000,12.220000,8.943504
2001-08-24,14.000000,12.320000,13.980000,10.231604
2001-08-27,14.200000,13.600000,13.750000,10.063272
2001-08-28,14.350000,13.200000,13.250000,9.697334
2001-08-29,13.830000,13.100000,13.770000,10.077912
2001-08-30,13.420000,12.500000,13.070000,9.565600
2001-08-31,13.130000,12.650000,12.960000,9.485093
2001-09-04,13.590000,12.140000,12.220000,8.943504
2001-09-05,12.550000,11.190000,11.720000,8.577567
2001-09-06,11.750000,10.880000,11.140000,8.153078
2001-09-07,11.500000,10.670000,11.010000,8.057936
2001-09-10,10.910000,10.500000,10.620000,7.772505
2001-09-17,10.990000,9.280000,9.970000,7.296788
2001-09-18,10.570000,9.500000,9.550000,6.989404
2001-09-19,9.930000,9.000000,9.290000,6.799116
2001-09-20,9.640000,8.890000,9.130000,6.682014
2001-09-21,8.780000,7.800000,8.020000,5.869634
2001-09-24,8.550000,8.000000,8.310000,6.081876
2001-09-25,9.510000,8.350000,9.080000,6.645419
2001-09-26,9.200000,7.850000,7.910000,5.789127
2001-09-27,7.800000,6.000000,6.680000,4.888922
2001-09-28,7.020000,6.190000,6.800000,4.976747
2001-10-01,6.730000,6.200000,6.540000,4.786458
2001-10-02,7.080000,6.380000,6.850000,5.013339
2001-10-03,8.600000,6.440000,8.300000,6.074558
2001-10-04,9.690000,8.450000,8.510000,6.228251
2001-10-05,9.960000,8.080000,9.750000,7.135776
2001-10-08,10.270000,9.200000,9.420000,6.894257
2001-10-09,10.240000,9.250000,9.410000,6.886939
2001-10-10,9.600000,8.880000,9.240000,6.762518
2001-10-11,11.010000,9.700000,10.900000,7.977433
2001-10-12,11.800000,10.450000,11.660000,8.533655
2001-10-15,11.950000,10.820000,11.610000,8.497062
2001-10-16,12.060000,11.350000,11.700000,8.562927
2001-10-17,12.240000,10.010000,10.050000,7.355340
2001-10-18,10.800000,9.870000,10.510000,7.692003
2001-10-19,10.780000,10.100000,10.250000,7.501714
2001-10-22,11.400000,10.040000,11.260000,8.240909
2001-10-23,11.900000,11.220000,11.490000,8.409237
2001-10-24,12.850000,11.300000,12.780000,9.353354
2001-10-25,13.850000,12.070000,13.790000,10.092547
2001-10-26,14.270000,13.090000,13.160000,9.631468
2001-10-29,13.320000,11.750000,11.780000,8.621481
2001-10-30,12.880000,11.290000,12.180000,8.914227
2001-10-31,14.040000,12.310000,13.300000,9.733932
2001-11-01,16.049999,13.630000,15.720000,11.505068
2001-11-02,15.770000,14.710000,14.990000,10.970799
2001-11-05,17.190001,15.800000,17.000000,12.441868
2001-11-06,17.129999,16.040001,16.940001,12.397953
2001-11-07,17.770000,16.320000,16.570000,12.127162
2001-11-08,17.809999,15.700000,15.920000,11.651441
2001-11-09,16.770000,16.059999,16.510000,12.083246
2001-11-12,17.809999,15.700000,17.480000,12.793166
2001-11-13,18.750000,17.620001,18.190001,13.312799
2001-11-14,17.480000,15.000000,15.290000,11.190359
2001-11-15,16.110001,15.050000,15.920000,11.651441
2001-11-16,16.219999,15.680000,15.950000,11.673397
2001-11-19,16.400000,15.480000,16.219999,11.871004
2001-11-20,16.420000,15.200000,15.290000,11.190359
2001-11-21,15.440000,14.350000,15.320000,11.212316
2001-11-23,16.150000,15.280000,16.040001,11.739267
2001-11-26,16.400000,16.000000,16.160000,11.827090
2001-11-27,16.570000,15.520000,16.010000,11.717309
2001-11-28,15.890000,14.250000,14.670000,10.736598
2001-11-29,15.510000,14.900000,15.500000,11.344054
2001-11-30,15.680000,15.130000,15.430000,11.292823
2001-12-03,16.000000,14.870000,15.920000,11.651441
2001-12-04,17.059999,15.910000,16.840000,12.324763
2001-12-05,19.500000,17.110001,19.250000,14.088585
2001-12-06,19.930000,18.889999,19.590000,14.337419
2001-12-07,19.750000,18.700001,19.030001,13.927567
2001-12-10,20.430000,18.450001,19.950001,14.600899
2001-12-11,22.350000,20.299999,21.370001,15.640158
2001-12-12,23.790001,21.760000,23.590000,17.264915
2001-12-13,23.080000,21.490000,21.590000,15.801174
2001-12-14,21.570000,20.590000,21.040001,15.398632
2001-12-17,22.250000,20.930000,21.750000,15.918271
2001-12-18,24.260000,22.469999,24.059999,17.608891
2001-12-19,24.530001,23.240000,23.580000,17.257599
2001-12-20,23.990000,21.360001,21.400000,15.662116
2001-12-21,22.980000,22.000000,22.600000,16.540363
2001-12-24,22.940001,22.200001,22.360001,16.364714
2001-12-26,23.219999,21.780001,22.150000,16.211016
2001-12-27,22.840000,22.180000,22.469999,16.445219
2001-12-28,23.750000,22.299999,22.950001,16.796520
2001-12-31,23.490000,21.580000,21.870001,16.006098
2002-01-02,24.000000,22.180000,23.780001,17.403973
2002-01-03,26.940001,24.250000,26.889999,19.680105
2002-01-04,27.950001,26.500000,26.730000,19.562996
2002-01-07,27.420000,22.990000,23.440001,17.155134
2002-01-08,25.000000,23.120001,24.730000,18.099258
2002-01-09,25.400000,22.309999,22.440001,16.423258
2002-01-10,23.370001,22.530001,23.000000,16.833118
2002-01-11,23.480000,22.100000,22.549999,16.503765
2002-01-14,22.570000,19.889999,20.129999,14.732629
2002-01-15,21.299999,19.600000,20.490000,14.996109
2002-01-16,19.780001,18.020000,18.190001,13.312799
2002-01-17,19.790001,18.299999,19.700001,14.417930
2002-01-18,18.980000,18.230000,18.340000,13.422584
2002-01-22,18.879999,16.860001,16.980000,12.427226
2002-01-23,18.680000,17.160000,18.240000,13.349390
2002-01-24,20.600000,19.049999,19.340000,14.154451
2002-01-25,19.850000,18.260000,19.200001,14.051985
2002-01-28,20.080000,18.690001,19.379999,14.183734
2002-01-29,19.370001,18.520000,18.860001,13.803153
2002-01-30,19.240000,17.820000,19.070000,13.956849
2002-01-31,18.799999,17.870001,17.950001,13.137147
2002-02-01,18.549999,17.690001,17.900000,13.100549
2002-02-04,17.650000,15.850000,16.070000,11.761225
2002-02-05,16.830000,15.570000,15.970000,11.688033
2002-02-06,16.879999,15.800000,16.610001,12.156438
2002-02-07,16.500000,15.270000,15.320000,11.212316
2002-02-08,16.000000,15.480000,15.800000,11.563616
2002-02-11,17.450001,16.100000,17.309999,12.668745
2002-02-12,17.290001,16.250000,16.450001,12.039335
2002-02-13,19.520000,17.809999,19.340000,14.154451
2002-02-14,19.540001,18.340000,18.770000,13.737280
2002-02-15,19.250000,18.660000,18.840000,13.788514
2002-02-19,18.480000,17.059999,17.290001,12.654111
2002-02-20,18.180000,16.600000,18.049999,13.210333
2002-02-21,17.969999,15.500000,16.250000,11.892961
2002-02-22,17.150000,16.040001,16.700001,12.222309
2002-02-25,17.900000,16.290001,17.760000,12.998090
2002-02-26,18.240000,17.100000,17.990000,13.166423
2002-02-27,18.410000,16.500000,16.870001,12.346724
2002-02-28,16.969999,15.660000,15.990000,11.702671
2002-03-01,18.660000,16.360001,18.629999,13.634813
2002-03-04,20.920000,18.110001,20.520000,15.018065
2002-03-05,21.910000,20.020000,21.740000,15.910955
2002-03-06,20.400000,19.540001,19.990000,14.630169
2002-03-07,21.000000,19.900000,20.129999,14.732629
2002-03-08,22.100000,20.930000,21.270000,15.566968
2002-03-11,22.049999,20.650000,21.740000,15.910955
2002-03-12,21.309999,20.400000,21.150000,15.479141
2002-03-13,22.340000,20.850000,21.400000,15.662116
2002-03-14,22.180000,21.200001,21.459999,15.706027
2002-03-15,21.730000,20.090000,20.180000,14.769230
2002-03-18,20.750000,18.900000,19.809999,14.498435
2002-03-19,20.219999,19.520000,19.780001,14.476480
2002-03-20,20.760000,19.400000,19.940001,14.593576
2002-03-21,20.889999,19.240000,20.760000,15.193710
2002-03-22,22.370001,20.260000,20.379999,14.915606
2002-03-25,20.799999,19.360001,19.440001,14.227641
2002-03-26,20.120001,18.420000,19.080000,13.964164
2002-03-27,20.290001,19.400000,20.150000,14.747272
2002-03-28,20.809999,19.870001,20.379999,14.915606
2002-04-01,21.150000,19.600000,21.010000,15.376682
2002-04-02,21.190001,19.990000,20.150000,14.747272
2002-04-03,20.680000,19.049999,19.370001,14.176412
2002-04-04,19.850000,19.049999,19.690001,14.410606
2002-04-05,19.840000,18.160000,18.350000,13.429899
2002-04-08,18.750000,16.590000,18.150000,13.283524
2002-04-09,18.480000,16.520000,16.780001,12.280855
2002-04-10,17.570000,16.129999,16.410000,12.010061
2002-04-11,16.500000,15.790000,16.090000,11.775862
2002-04-12,17.290001,15.880000,16.980000,12.427226
2002-04-15,17.730000,17.010000,17.430000,12.756572
2002-04-16,18.480000,17.900000,18.450001,13.503087
2002-04-17,18.280001,17.280001,17.770000,13.005409
2002-04-18,18.980000,18.030001,18.150000,13.283524
2002-04-19,18.360001,17.549999,17.580000,12.866353
2002-04-22,17.400000,16.620001,17.120001,12.529692
2002-04-23,17.580000,16.840000,17.010000,12.449183
2002-04-24,17.240000,16.160000,16.240000,11.885641
2002-04-25,17.110001,15.640000,16.990000,12.434546
2002-04-26,17.450001,16.020000,16.250000,11.892961
2002-04-29,16.680000,15.890000,16.230000,11.878321
2002-04-30,17.549999,16.020000,17.450001,12.771210
2002-05-01,17.469999,16.070000,16.700001,12.222309
2002-05-02,17.350000,15.610000,15.620000,11.431878
2002-05-03,15.610000,14.260000,14.630000,10.707325
2002-05-06,15.440000,14.100000,14.280000,10.451168
2002-05-07,14.700000,13.100000,13.530000,9.902261
2002-05-08,16.980000,14.820000,16.910000,12.375999
2002-05-09,17.000000,16.049999,16.370001,11.980783
2002-05-10,16.750000,15.400000,15.430000,11.292823
2002-05-13,17.480000,14.970000,17.330000,12.683381
2002-05-14,18.639999,17.160000,18.040001,13.203021
2002-05-15,16.379999,14.500000,15.050000,11.014713
2002-05-16,15.250000,14.650000,15.110000,11.058620
2002-05-17,15.770000,14.910000,15.170000,11.102535
2002-05-20,15.120000,14.490000,14.690000,10.751236
2002-05-21,15.000000,13.510000,13.990000,10.238924
2002-05-22,14.400000,13.360000,14.060000,10.290155
2002-05-23,14.260000,13.560000,14.100000,10.319431
2002-05-24,13.920000,13.350000,13.610000,9.960810
2002-05-28,13.950000,13.340000,13.550000,9.916901
2002-05-29,13.440000,12.810000,12.840000,9.397270
2002-05-30,13.450000,12.480000,13.410000,9.814436
2002-05-31,13.720000,12.960000,13.010000,9.521688
2002-06-03,13.190000,12.250000,12.250000,8.965461
2002-06-04,13.290000,12.340000,13.110000,9.594875
2002-06-05,13.320000,12.710000,13.310000,9.741251
2002-06-06,13.520000,12.840000,13.080000,9.572917
2002-06-07,13.410000,12.250000,13.090000,9.580235
2002-06-10,13.750000,12.800000,13.360000,9.777843
2002-06-11,13.940000,13.030000,13.130000,9.609511
2002-06-12,13.450000,12.430000,13.260000,9.704658
2002-06-13,13.540000,12.650000,12.940000,9.470455
2002-06-14,13.280000,12.090000,13.190000,9.653424
2002-06-17,14.130000,13.230000,13.880000,10.158417
2002-06-18,14.440000,13.530000,13.900000,10.173054
2002-06-19,14.000000,13.030000,13.060000,9.558278
2002-06-20,13.290000,12.500000,12.570000,9.199661
2002-06-21,12.800000,11.930000,12.190000,8.921549
2002-06-24,12.950000,11.360000,12.600000,9.221619
2002-06-25,12.830000,11.450000,11.490000,8.409237
2002-06-26,11.810000,10.410000,11.690000,8.555611
2002-06-27,12.300000,11.390000,12.000000,8.782491
2002-06-28,12.650000,11.950000,12.440000,9.104521
2002-07-01,12.450000,11.550000,11.630000,8.511698
2002-07-02,11.700000,10.650000,10.740000,7.860334
2002-07-03,11.580000,10.500000,11.560000,8.460467
2002-07-05,12.620000,11.900000,12.580000,9.206981
2002-07-08,12.950000,11.480000,11.480000,8.401918
2002-07-09,11.410000,10.660000,10.690000,7.823736
2002-07-10,11.220000,9.870000,9.930000,7.267517
2002-07-11,10.390000,9.570000,10.000000,7.318745
2002-07-12,10.790000,10.000000,10.600000,7.757871
2002-07-15,11.500000,10.230000,11.470000,8.394601
2002-07-16,11.940000,11.040000,11.410000,8.350688
2002-07-17,12.200000,10.610000,11.130000,8.145762
2002-07-18,11.150000,10.460000,10.520000,7.699316
2002-07-19,10.650000,10.060000,10.330000,7.560265
2002-07-22,10.620000,9.540000,10.130000,7.413891
2002-07-23,10.440000,9.340000,9.360000,6.850345
2002-07-24,10.300000,8.940000,10.250000,7.501714
2002-07-25,10.340000,9.220000,9.250000,6.769838
2002-07-26,9.750000,9.120000,9.390000,6.872302
2002-07-29,9.790000,7.770000,9.140000,6.689334
2002-07-30,9.630000,8.240000,8.790000,6.433177
2002-07-31,9.100000,8.300000,8.460000,6.191658
2002-08-01,8.590000,7.860000,7.990000,5.847677
2002-08-02,8.320000,7.950000,8.100000,5.928182
2002-08-05,8.030000,7.000000,7.210000,5.276815
2002-08-06,7.990000,7.150000,7.970000,5.833041
2002-08-07,8.450000,7.380000,7.840000,5.737895
2002-08-08,8.170000,7.470000,8.060000,5.898910
2002-08-09,7.850000,7.400000,7.410000,5.423188
2002-08-12,7.600000,7.180000,7.450000,5.452465
2002-08-13,7.650000,6.860000,7.050000,5.159716
2002-08-14,9.020000,7.750000,9.000000,6.586868
2002-08-15,9.650000,9.030000,9.470000,6.930849
2002-08-16,9.600000,9.070000,9.170000,6.711292
2002-08-19,9.790000,9.170000,9.580000,7.011359
2002-08-20,9.740000,9.290000,9.680000,7.084543
2002-08-21,10.500000,9.820000,10.460000,7.655405
2002-08-22,10.740000,10.250000,10.320000,7.552945
2002-08-23,10.390000,9.910000,10.110000,7.399252
2002-08-26,10.660000,9.910000,10.640000,7.787146
2002-08-27,10.840000,9.800000,10.020000,7.333382
2002-08-28,9.890000,9.200000,9.250000,6.769838
2002-08-29,10.170000,8.970000,9.800000,7.172370
2002-08-30,9.980000,9.480000,9.540000,6.982082
2002-09-03,9.460000,9.100000,9.190000,6.725925
2002-09-04,9.500000,9.010000,9.280000,6.791796
2002-09-05,9.240000,8.850000,8.910000,6.521002
2002-09-06,9.600000,9.160000,9.180000,6.718609
2002-09-09,9.430000,8.930000,9.100000,6.660058
2002-09-10,9.340000,9.090000,9.300000,6.806431
2002-09-11,9.880000,9.260000,9.260000,6.777159
2002-09-12,9.230000,9.020000,9.090000,6.652740
2002-09-13,9.330000,8.910000,9.240000,6.762518
2002-09-16,9.250000,8.950000,9.150000,6.696651
2002-09-17,9.450000,8.620000,8.700000,6.367306
2002-09-18,8.910000,8.300000,8.500000,6.220934
2002-09-19,8.600000,8.070000,8.310000,6.081876
2002-09-20,8.580000,8.100000,8.290000,6.067238
2002-09-23,8.200000,7.790000,7.830000,5.730578
2002-09-24,8.230000,7.430000,7.770000,5.686664
2002-09-25,8.460000,7.800000,8.310000,6.081876
2002-09-26,8.520000,7.860000,7.960000,5.825720
2002-09-27,8.380000,7.810000,7.860000,5.752534
2002-09-30,7.740000,7.270000,7.330000,5.364639
2002-10-01,8.080000,7.360000,8.050000,5.891591
2002-10-02,7.890000,6.800000,7.030000,5.145078
2002-10-03,6.920000,6.520000,6.650000,4.866966
2002-10-04,6.550000,5.900000,6.270000,4.588853
2002-10-07,6.270000,5.750000,5.930000,4.340015
2002-10-08,6.010000,5.180000,5.630000,4.120454
2002-10-09,6.170000,5.330000,5.950000,4.354653
2002-10-10,6.960000,5.850000,6.810000,4.984065
2002-10-11,7.210000,6.700000,6.870000,5.027978
2002-10-14,7.110000,6.690000,6.970000,5.101164
2002-10-15,7.960000,7.440000,7.550000,5.525652
2002-10-16,7.400000,6.650000,6.800000,4.976747
2002-10-17,7.890000,7.050000,7.830000,5.730578
2002-10-18,8.100000,7.550000,8.080000,5.913545
2002-10-21,9.270000,7.760000,9.150000,6.696651
2002-10-22,9.610000,8.650000,8.840000,6.469770
2002-10-23,9.200000,8.580000,9.160000,6.703968
2002-10-24,9.750000,9.060000,9.230000,6.755200
2002-10-25,9.800000,9.240000,9.730000,7.121140
2002-10-28,10.330000,9.750000,10.050000,7.355340
2002-10-29,10.000000,8.700000,8.920000,6.528321
2002-10-30,9.500000,8.720000,9.170000,6.711292
2002-10-31,9.500000,8.940000,8.970000,6.564914
2002-11-01,10.020000,8.920000,9.990000,7.311426
2002-11-04,11.120000,10.270000,10.510000,7.692003
2002-11-05,10.770000,9.880000,10.690000,7.823736
2002-11-06,11.750000,10.600000,11.740000,8.592208
2002-11-07,11.200000,10.300000,10.470000,7.662727
2002-11-08,10.610000,9.610000,9.720000,7.113821
2002-11-11,9.800000,9.180000,9.230000,6.755200
2002-11-12,10.220000,9.220000,9.770000,7.150414
2002-11-13,10.950000,9.850000,10.610000,7.765187
2002-11-14,11.100000,10.590000,10.990000,8.043299
2002-11-15,11.200000,10.550000,11.070000,8.101848
2002-11-18,11.500000,11.060000,11.080000,8.109168
2002-11-19,11.250000,10.740000,10.940000,8.006704
2002-11-20,11.950000,11.010000,11.930000,8.731261
2002-11-21,14.170000,12.000000,13.910000,10.180374
2002-11-22,14.750000,13.070000,14.350000,10.502398
2002-11-25,14.870000,13.560000,14.030000,10.268198
2002-11-26,13.680000,12.770000,12.980000,9.499730
2002-11-27,13.860000,13.110000,13.690000,10.019364
2002-11-29,14.240000,13.690000,13.870000,10.151096
2002-12-02,14.400000,13.600000,14.210000,10.399937
2002-12-03,14.350000,13.290000,13.310000,9.741251
2002-12-04,12.980000,12.460000,12.770000,9.346036
2002-12-05,13.120000,12.330000,12.350000,9.038650
2002-12-06,12.270000,11.870000,11.940000,8.738578
2002-12-09,12.210000,11.420000,11.500000,8.416559
2002-12-10,12.100000,11.540000,11.950000,8.745896
2002-12-11,12.450000,11.620000,12.110000,8.862998
2002-12-12,12.540000,11.570000,11.710000,8.570251
2002-12-13,11.860000,11.330000,11.570000,8.467787
2002-12-16,12.330000,11.500000,12.250000,8.965461
2002-12-17,12.560000,11.990000,12.260000,8.972780
2002-12-18,12.060000,10.890000,11.100000,8.123806
2002-12-19,11.550000,10.720000,10.900000,7.977433
2002-12-20,11.010000,9.950000,10.750000,7.867650
2002-12-23,11.180000,10.700000,11.030000,8.072576
2002-12-24,11.160000,10.850000,10.910000,7.984752
2002-12-26,11.390000,10.750000,11.210000,8.204314
2002-12-27,11.180000,10.750000,10.820000,7.918881
2002-12-30,10.210000,9.640000,9.750000,7.135776
2002-12-31,10.100000,9.550000,10.000000,7.318745
2003-01-02,10.820000,9.930000,10.700000,7.831058
2003-01-03,10.780000,10.210000,10.710000,7.838377
2003-01-06,11.750000,11.010000,11.630000,8.511698
2003-01-07,12.440000,11.900000,12.050000,8.819087
2003-01-08,12.130000,11.590000,11.730000,8.584890
2003-01-09,13.250000,11.970000,13.030000,9.536322
2003-01-10,13.290000,12.510000,13.100000,9.587557
2003-01-13,13.550000,12.350000,12.560000,9.192342
2003-01-14,13.000000,12.360000,12.990000,9.507052
2003-01-15,13.300000,12.550000,12.690000,9.287486
2003-01-16,12.450000,11.900000,11.980000,8.767855
2003-01-17,11.760000,11.240000,11.280000,8.255544
2003-01-21,11.600000,11.140000,11.320000,8.284819
2003-01-22,11.550000,11.070000,11.390000,8.336050
2003-01-23,12.310000,11.690000,12.180000,8.914227
2003-01-24,12.120000,11.120000,11.180000,8.182357
2003-01-27,11.480000,10.840000,11.200000,8.196993
2003-01-28,11.990000,11.300000,11.870000,8.687351
2003-01-29,12.010000,11.300000,11.960000,8.753218
2003-01-30,12.170000,11.060000,11.200000,8.196993
2003-01-31,11.160000,10.650000,10.810000,7.911561
2003-02-03,11.230000,10.750000,10.890000,7.970113
2003-02-04,10.860000,10.240000,10.820000,7.918881
2003-02-05,11.310000,10.630000,10.660000,7.801781
2003-02-06,10.890000,10.350000,10.550000,7.721275
2003-02-07,10.820000,10.100000,10.270000,7.516352
2003-02-10,10.580000,9.900000,10.530000,7.706637
2003-02-11,10.850000,10.450000,10.770000,7.882286
2003-02-12,11.160000,10.550000,10.560000,7.728593
2003-02-13,10.910000,10.200000,10.410000,7.618813
2003-02-14,10.770000,10.130000,10.730000,7.853014
2003-02-18,11.300000,10.950000,11.240000,8.226269
2003-02-19,11.780000,10.980000,11.110000,8.131125
2003-02-20,11.440000,11.020000,11.140000,8.153078
2003-02-21,11.400000,10.760000,11.300000,8.270182
2003-02-24,11.200000,10.900000,10.940000,8.006704
2003-02-25,10.720000,10.130000,10.650000,7.794463
2003-02-26,10.730000,10.190000,10.250000,7.501714
2003-02-27,10.700000,10.100000,10.550000,7.721275
2003-02-28,10.820000,10.500000,10.620000,7.772505
2003-03-03,10.890000,10.210000,10.240000,7.494392
2003-03-04,10.310000,9.770000,10.030000,7.340701
2003-03-05,10.090000,9.710000,9.850000,7.208965
2003-03-06,9.930000,9.570000,9.850000,7.208965
2003-03-07,10.000000,9.550000,9.860000,7.216283
2003-03-10,9.860000,9.510000,9.580000,7.011359
2003-03-11,9.730000,9.400000,9.420000,6.894257
2003-03-12,9.660000,9.260000,9.400000,6.879618
2003-03-13,10.280000,9.430000,10.210000,7.472438
2003-03-14,10.800000,9.970000,10.070000,7.369976
2003-03-17,11.490000,9.810000,11.450000,8.379964
2003-03-18,12.280000,11.250000,11.960000,8.753218
2003-03-19,11.970000,11.380000,11.500000,8.416559
2003-03-20,12.290000,11.190000,12.200000,8.928867
2003-03-21,12.640000,12.050000,12.400000,9.075244
2003-03-24,11.910000,11.690000,11.830000,8.658074
2003-03-25,12.090000,11.390000,12.010000,8.789812
2003-03-26,12.310000,11.580000,12.190000,8.921549
2003-03-27,12.080000,11.590000,11.980000,8.767855
2003-03-28,12.180000,11.650000,11.850000,8.672714
2003-03-31,11.560000,11.110000,11.190000,8.189673
2003-04-01,11.430000,11.120000,11.270000,8.248224
2003-04-02,12.500000,11.710000,12.500000,9.148429
2003-04-03,13.000000,12.300000,12.760000,9.338720
2003-04-04,12.870000,12.380000,12.650000,9.258210
2003-04-07,13.650000,13.050000,13.060000,9.558278
2003-04-08,13.320000,12.460000,13.090000,9.580235
2003-04-09,12.960000,12.380000,12.430000,9.097198
2003-04-10,12.770000,12.240000,12.710000,9.302124
2003-04-11,13.190000,12.500000,12.750000,9.331400
2003-04-14,13.110000,12.590000,13.030000,9.536322
2003-04-15,13.220000,12.860000,13.180000,9.646106
2003-04-16,13.530000,13.080000,13.410000,9.814436
2003-04-17,14.150000,13.240000,14.110000,10.326748
2003-04-21,14.460000,13.850000,14.240000,10.421894
2003-04-22,15.000000,14.070000,14.720000,10.773192
2003-04-23,15.150000,14.550000,14.880000,10.890292
2003-04-24,15.010000,14.550000,14.690000,10.751236
2003-04-25,14.510000,13.680000,13.710000,10.034000
2003-04-28,14.350000,13.770000,14.100000,10.319431
2003-04-29,14.480000,13.830000,14.450000,10.575587
2003-04-30,14.220000,13.210000,13.260000,9.704658
2003-05-01,13.770000,13.300000,13.630000,9.975451
2003-05-02,14.100000,13.610000,14.070000,10.297474
2003-05-05,14.890000,14.110000,14.600000,10.685365
2003-05-06,15.220000,14.460000,14.920000,10.919568
2003-05-07,15.440000,14.600000,15.180000,11.109856
2003-05-08,15.480000,14.650000,15.280000,11.183041
2003-05-09,15.910000,15.400000,15.710000,11.497748
2003-05-12,16.500000,15.340000,16.379999,11.988103
2003-05-13,16.860001,16.080000,16.730000,12.244260
2003-05-14,16.000000,15.360000,15.490000,11.336734
2003-05-15,15.860000,15.400000,15.790000,11.556297
2003-05-16,16.240000,15.500000,15.790000,11.556297
2003-05-19,15.740000,14.810000,14.960000,10.948842
2003-05-20,15.340000,14.520000,14.740000,10.787829
2003-05-21,14.750000,14.210000,14.550000,10.648775
2003-05-22,15.210000,14.400000,15.120000,11.065940
2003-05-23,15.390000,14.970000,15.210000,11.131808
2003-05-27,16.120001,15.020000,16.020000,11.724628
2003-05-28,16.379999,15.710000,15.930000,11.658758
2003-05-29,16.969999,15.930000,16.770000,12.273533
2003-05-30,17.480000,16.870001,17.030001,12.463825
2003-06-02,17.639999,16.580000,16.700001,12.222309
2003-06-03,17.250000,16.600000,17.080000,12.500415
2003-06-04,17.549999,16.850000,17.459999,12.778526
2003-06-05,17.780001,17.170000,17.719999,12.968813
2003-06-06,18.459999,17.219999,17.420000,12.749256
2003-06-09,17.459999,16.719999,17.150000,12.551647
2003-06-10,17.590000,16.709999,17.030001,12.463825
2003-06-11,17.389999,16.780001,17.389999,12.727297
2003-06-12,17.690001,16.750000,16.910000,12.375999
2003-06-13,17.049999,16.280001,16.400000,12.002743
2003-06-16,16.719999,16.180000,16.660000,12.193029
2003-06-17,16.870001,16.270000,16.610001,12.156438
2003-06-18,17.360001,16.260000,16.830000,12.317446
2003-06-19,17.100000,16.200001,16.270000,11.907599
2003-06-20,16.780001,16.010000,16.230000,11.878321
2003-06-23,16.330000,15.780000,15.960000,11.680716
2003-06-24,16.230000,15.620000,15.740000,11.519701
2003-06-25,16.299999,15.540000,15.750000,11.527021
2003-06-26,16.520000,15.750000,16.459999,12.046650
2003-06-27,16.750000,15.820000,16.040001,11.739267
2003-06-30,16.590000,16.020000,16.080000,11.768543
2003-07-01,16.709999,15.730000,16.670000,12.200351
2003-07-02,18.840000,16.700001,17.850000,13.063959
2003-07-03,17.719999,17.100000,17.250000,12.624836
2003-07-07,18.250000,17.629999,18.200001,13.320117
2003-07-08,18.850000,17.790001,18.690001,13.678732
2003-07-09,19.840000,18.480000,19.559999,14.315465
2003-07-10,19.559999,18.379999,18.760000,13.729962
2003-07-11,19.200001,18.549999,18.740000,13.715329
2003-07-14,19.660000,18.959999,19.170000,14.030033
2003-07-15,19.530001,18.580000,18.719999,13.700690
2003-07-16,19.000000,17.920000,18.400000,13.466488
2003-07-17,18.000000,17.180000,17.540001,12.837082
2003-07-18,18.010000,17.190001,17.719999,12.968813
2003-07-21,17.790001,17.260000,17.430000,12.756572
2003-07-22,17.990000,17.450001,17.770000,13.005409
2003-07-23,18.100000,17.360001,18.040001,13.203021
2003-07-24,18.549999,17.719999,17.790001,13.020048
2003-07-25,18.200001,17.270000,18.120001,13.261564
2003-07-28,18.320000,17.790001,18.129999,13.268888
2003-07-29,18.250000,17.500000,17.700001,12.954175
2003-07-30,17.670000,16.850000,17.230000,12.610196
2003-07-31,17.000000,15.380000,15.980000,11.695354
2003-08-01,16.299999,15.290000,16.230000,11.878321
2003-08-04,16.430000,15.500000,16.379999,11.988103
2003-08-05,16.450001,15.610000,15.780000,11.548979
2003-08-06,15.660000,14.910000,15.240000,11.153768
2003-08-07,15.240000,14.690000,14.880000,10.890292
2003-08-08,15.390000,14.990000,15.150000,11.087897
2003-08-11,15.750000,15.190000,15.720000,11.505068
2003-08-12,17.000000,15.850000,16.969999,12.419909
2003-08-13,17.469999,16.830000,17.090000,12.507736
2003-08-14,17.219999,16.620001,16.840000,12.324763
2003-08-15,17.030001,16.549999,16.900000,12.368675
2003-08-18,17.940001,17.000000,17.870001,13.078601
2003-08-19,18.250000,17.820000,18.049999,13.210333
2003-08-20,21.000000,19.900000,20.879999,15.281542
2003-08-21,22.690001,20.850000,22.490000,16.459854
2003-08-22,22.850000,21.680000,21.809999,15.962183
2003-08-25,21.840000,20.930000,21.350000,15.625521
2003-08-26,21.650000,20.650000,21.559999,15.779207
2003-08-27,22.120001,21.520000,22.000000,16.101240
2003-08-28,22.450001,21.830000,22.389999,16.386675
2003-08-29,22.500000,21.959999,22.360001,16.364714
2003-09-02,22.700001,21.750000,22.620001,16.554996
2003-09-03,23.860001,22.610001,23.180000,16.964851
2003-09-04,23.709999,22.969999,23.510000,17.206371
2003-09-05,23.969999,23.250000,23.309999,17.059994
2003-09-08,23.780001,23.290001,23.549999,17.235649
2003-09-09,24.320000,23.340000,23.650000,17.308828
2003-09-10,23.500000,22.520000,22.530001,16.489134
2003-09-11,22.760000,21.920000,22.530001,16.489134
2003-09-12,22.559999,21.809999,22.170000,16.225658
2003-09-15,22.000000,21.240000,21.410000,15.669434
2003-09-16,22.570000,21.520000,22.389999,16.386675
2003-09-17,22.709999,22.059999,22.410000,16.401306
2003-09-18,22.959999,21.910000,22.840000,16.716013
2003-09-19,23.150000,22.400000,22.770000,16.664785
2003-09-22,22.620001,21.900000,21.940001,16.057333
2003-09-23,22.469999,21.680000,22.440001,16.423258
2003-09-24,22.610001,21.000000,21.090000,15.435230
2003-09-25,21.350000,20.430000,20.490000,14.996109
2003-09-26,20.450001,19.690001,19.719999,14.432566
2003-09-29,21.240000,19.860001,21.049999,15.405956
2003-09-30,20.969999,20.340000,20.530001,15.025377
2003-10-01,21.170000,20.540001,21.010000,15.376682
2003-10-02,21.480000,20.820000,21.190001,15.508421
2003-10-03,23.100000,21.840000,22.870001,16.737968
2003-10-06,23.570000,22.559999,23.410000,17.133175
2003-10-07,24.670000,23.049999,24.520000,17.945560
2003-10-08,24.780001,23.900000,24.290001,17.777233
2003-10-09,25.000000,23.610001,24.030001,17.586943
2003-10-10,25.459999,24.010000,25.150000,18.406635
2003-10-13,25.500000,24.750000,25.330000,18.538383
2003-10-14,26.250000,25.150000,26.129999,19.123875
2003-10-15,26.540001,25.340000,25.350000,18.553020
2003-10-16,25.830000,25.049999,25.700001,18.809175
2003-10-17,25.889999,24.950001,25.000000,18.296858
2003-10-20,25.760000,24.889999,25.530001,18.684753
2003-10-21,25.969999,25.180000,25.629999,18.757942
2003-10-22,25.280001,24.610001,24.799999,18.150488
2003-10-23,25.030001,24.250000,24.540001,17.960199
2003-10-24,24.570000,23.920000,24.410000,17.865047
2003-10-27,25.030001,24.420000,24.650000,18.040703
2003-10-28,25.969999,24.750000,25.860001,18.926270
2003-10-29,26.150000,25.680000,25.879999,18.940910
2003-10-30,26.299999,25.299999,25.410000,18.596931
2003-10-31,25.719999,24.600000,24.690001,18.069979
2003-11-03,25.840000,24.910000,25.639999,18.765265
2003-11-04,25.570000,24.799999,24.959999,18.267584
2003-11-05,25.430000,24.639999,25.190001,18.435923
2003-11-06,25.799999,24.799999,25.070000,18.348095
2003-11-07,25.799999,24.650000,24.680000,18.062658
2003-11-10,24.950001,24.150000,24.209999,17.718679
2003-11-11,24.340000,23.910000,24.000000,17.564981
2003-11-12,25.200001,24.080000,25.110001,18.377373
2003-11-13,26.190001,24.860001,25.969999,19.006775
2003-11-14,26.690001,24.930000,25.080000,18.355412
2003-11-17,24.840000,23.540001,24.320000,17.799185
2003-11-18,24.980000,23.049999,23.430000,17.147821
2003-11-19,22.049999,21.000000,21.270000,15.566968
2003-11-20,22.379999,21.150000,21.600000,15.808495
2003-11-21,21.959999,21.500000,21.740000,15.910955
2003-11-24,23.500000,22.040001,23.360001,17.096590
2003-11-25,23.510000,22.540001,22.719999,16.628189
2003-11-26,23.420000,22.290001,23.020000,16.847748
2003-11-28,23.190001,22.770000,23.120001,16.920935
2003-12-01,23.440001,22.730000,23.040001,16.862387
2003-12-02,23.459999,22.559999,22.830000,16.708696
2003-12-03,23.230000,22.030001,22.219999,16.262251
2003-12-04,22.450001,21.299999,21.860001,15.998770
2003-12-05,22.250000,21.209999,21.719999,15.896316
2003-12-08,21.440001,20.500000,21.049999,15.405956
2003-12-09,21.230000,19.110001,19.629999,14.366695
2003-12-10,20.450001,19.520000,19.889999,14.556983
2003-12-11,20.480000,19.639999,20.280001,14.842408
2003-12-12,20.490000,19.750000,20.030001,14.659447
2003-12-15,21.000000,18.850000,18.940001,13.861698
2003-12-16,19.240000,18.540001,19.040001,13.934890
2003-12-17,19.219999,18.510000,19.020000,13.920252
2003-12-18,20.280001,19.180000,20.240000,14.813137
2003-12-19,20.389999,19.590000,19.660000,14.388650
2003-12-22,20.030001,19.520000,19.850000,14.527709
2003-12-23,20.559999,19.719999,20.500000,15.003428
2003-12-24,20.600000,20.250000,20.510000,15.010742
2003-12-26,20.910000,20.600000,20.820000,15.237626
2003-12-29,21.030001,20.320000,20.830000,15.244942
2003-12-30,20.910000,20.450001,20.650000,15.113210
2003-12-31,20.750000,20.250000,20.440001,14.959509
2004-01-02,21.100000,20.490000,20.730000,15.171750
2004-01-05,21.480000,20.969999,21.400000,15.662116
2004-01-06,21.879999,21.000000,21.750000,15.918271
2004-01-07,21.980000,21.330000,21.790001,15.947549
2004-01-08,22.750000,21.889999,22.620001,16.554996
2004-01-09,23.070000,22.370001,22.610001,16.547680
2004-01-12,23.400000,22.559999,23.330000,17.074633
2004-01-13,24.190001,22.840000,23.340000,17.081951
2004-01-14,23.770000,22.770000,23.100000,16.906301
2004-01-15,23.389999,22.520000,22.719999,16.628189
2004-01-16,23.760000,23.059999,23.570000,17.250284
2004-01-20,24.250000,23.639999,24.170000,17.689405
2004-01-21,23.790001,23.299999,23.450001,17.162460
2004-01-22,23.500000,22.639999,22.770000,16.664785
2004-01-23,22.820000,21.250000,21.680000,15.867037
2004-01-26,22.820000,21.410000,22.719999,16.628189
2004-01-27,23.120001,22.070000,22.400000,16.393986
2004-01-28,23.400000,22.480000,22.700001,16.613554
2004-01-29,22.820000,22.000000,22.590000,16.533047
2004-01-30,22.700001,21.900000,22.379999,16.379347
2004-02-02,22.549999,21.450001,21.639999,15.837762
2004-02-03,21.840000,20.660000,20.879999,15.281542
2004-02-04,21.459999,20.420000,20.969999,15.347403
2004-02-05,21.660000,20.990000,21.480000,15.720668
2004-02-06,22.190001,21.299999,22.020000,16.115871
2004-02-09,23.080000,22.030001,22.049999,16.137831
2004-02-10,22.410000,21.799999,21.930000,16.050011
2004-02-11,22.459999,21.650000,22.180000,16.232977
2004-02-12,22.879999,22.040001,22.469999,16.445219
2004-02-13,22.610001,21.139999,21.700001,15.881671
2004-02-17,22.520000,21.480000,22.270000,16.298845
2004-02-18,24.070000,23.410000,23.629999,17.294195
2004-02-19,23.940001,22.639999,22.740000,16.642826
2004-02-20,22.719999,21.540001,21.809999,15.962183
2004-02-23,22.000000,21.549999,21.770000,15.932901
2004-02-24,22.400000,21.330000,21.590000,15.801174
2004-02-25,22.080000,21.700001,21.850000,15.991454
2004-02-26,22.020000,21.670000,21.910000,16.035370
2004-02-27,22.000000,21.389999,21.660000,15.852400
2004-03-01,22.000000,21.500000,21.969999,16.079287
2004-03-02,22.340000,21.809999,22.090000,16.167109
2004-03-03,22.120001,21.340000,21.690001,15.874357
2004-03-04,22.280001,21.620001,22.120001,16.189060
2004-03-05,22.459999,21.780001,22.120001,16.189060
2004-03-08,22.150000,20.950001,21.000000,15.369365
2004-03-09,21.330000,20.350000,20.580000,15.061977
2004-03-10,21.139999,20.370001,20.820000,15.237626
2004-03-11,20.910000,20.219999,20.299999,14.857051
2004-03-12,20.750000,20.129999,20.639999,15.105890
2004-03-15,20.809999,19.750000,19.799999,14.491111
2004-03-16,20.639999,19.950001,20.290001,14.849732
2004-03-17,21.200001,20.280001,20.930000,15.318130
2004-03-18,21.150000,20.340000,20.459999,14.974154
2004-03-19,20.450001,19.860001,19.930000,14.586253
2004-03-22,20.000000,19.250000,19.860001,14.535033
2004-03-23,20.360001,19.799999,19.940001,14.593576
2004-03-24,20.450001,19.889999,20.200001,14.783868
2004-03-25,21.200001,20.209999,21.150000,15.479141
2004-03-26,21.520000,21.049999,21.170000,15.493783
2004-03-29,21.959999,21.270000,21.590000,15.801174
2004-03-30,22.000000,21.389999,21.959999,16.071966
2004-03-31,21.930000,21.389999,21.530001,15.757256
2004-04-01,22.200001,21.629999,22.139999,16.203695
2004-04-02,22.830000,22.260000,22.700001,16.613554
2004-04-05,22.950001,22.389999,22.830000,16.708696
2004-04-06,22.700001,22.200001,22.459999,16.437910
2004-04-07,22.459999,22.000000,22.190001,16.240294
2004-04-08,22.860001,22.410000,22.620001,16.554996
2004-04-12,22.820000,22.420000,22.690001,16.606230
2004-04-13,22.940001,21.719999,21.900000,16.028053
2004-04-14,22.750000,21.420000,22.510000,16.474501
2004-04-15,22.820000,21.700001,22.150000,16.211016
2004-04-16,22.200001,21.459999,21.690001,15.874357
2004-04-19,22.040001,21.520000,21.930000,16.050011
2004-04-20,22.530001,21.120001,21.129999,15.464506
2004-04-21,21.610001,20.950001,21.420000,15.676754
2004-04-22,22.180000,20.910000,21.959999,16.071966
2004-04-23,21.940001,21.459999,21.850000,15.991454
2004-04-26,21.950001,20.959999,21.230000,15.537698
2004-04-27,21.610001,20.570000,20.730000,15.171750
2004-04-28,20.930000,20.250000,20.410000,14.937560
2004-04-29,20.629999,19.129999,19.490000,14.264234
2004-04-30,19.920000,18.340000,18.610001,13.620184
2004-05-03,19.790001,18.590000,19.170000,14.030033
2004-05-04,19.410000,18.770000,19.280001,14.110538
2004-05-05,20.110001,19.250000,19.930000,14.586253
2004-05-06,19.889999,19.450001,19.730000,14.439881
2004-05-07,20.240000,19.230000,19.660000,14.388650
2004-05-10,19.959999,19.389999,19.730000,14.439881
2004-05-11,20.420000,19.629999,20.100000,14.710681
2004-05-12,20.200001,19.320000,19.990000,14.630169
2004-05-13,21.450001,19.790001,21.010000,15.376682
2004-05-14,21.110001,20.420000,20.530001,15.025377
2004-05-17,21.280001,20.020000,21.049999,15.405956
2004-05-18,21.389999,20.590000,20.700001,15.149797
2004-05-19,20.500000,19.280001,19.309999,14.132493
2004-05-20,19.400000,18.040001,18.450001,13.503087
2004-05-21,18.950001,18.490000,18.670000,13.664096
2004-05-24,19.430000,18.670000,19.020000,13.920252
2004-05-25,20.090000,18.830000,20.049999,14.674078
2004-05-26,20.250000,19.799999,20.129999,14.732629
2004-05-27,20.459999,19.379999,19.629999,14.366695
2004-05-28,19.900000,19.280001,19.799999,14.491111
2004-06-01,19.760000,19.170000,19.660000,14.388650
2004-06-02,19.719999,19.330000,19.430000,14.220315
2004-06-03,19.450001,18.990000,19.010000,13.912935
2004-06-04,19.570000,19.090000,19.290001,14.117860
2004-06-07,20.160000,19.309999,20.000000,14.637489
2004-06-08,20.080000,19.680000,19.940001,14.593576
2004-06-09,19.980000,19.450001,19.559999,14.315465
2004-06-10,19.830000,19.490000,19.650000,14.381341
2004-06-14,19.459999,19.000000,19.230000,14.073944
2004-06-15,19.950001,19.350000,19.580000,14.330102
2004-06-16,19.730000,19.400000,19.580000,14.330102
2004-06-17,19.450001,19.110001,19.219999,14.066628
2004-06-18,19.670000,18.920000,19.340000,14.154451
2004-06-21,19.590000,19.180000,19.200001,14.051985
2004-06-22,19.580000,19.110001,19.440001,14.227641
2004-06-23,20.830000,19.360001,20.700001,15.149797
2004-06-24,21.200001,20.320000,21.049999,15.405956
2004-06-25,21.549999,20.870001,21.129999,15.464506
2004-06-28,21.350000,20.530001,20.730000,15.171750
2004-06-29,21.420000,20.520000,21.280001,15.574291
2004-06-30,21.830000,21.000000,21.530001,15.757256
2004-07-01,21.400000,20.400000,20.860001,15.266899
2004-07-02,21.110001,20.190001,21.040001,15.398632
2004-07-06,20.500000,19.580000,19.690001,14.410606
2004-07-07,20.160000,19.500000,19.580000,14.330102
2004-07-08,19.740000,19.070000,19.110001,13.986116
2004-07-09,19.309999,18.530001,19.049999,13.942207
2004-07-12,19.219999,18.240000,18.450001,13.503087
2004-07-13,18.680000,18.360001,18.530001,13.561630
2004-07-14,18.170000,17.629999,17.860001,13.071280
2004-07-15,18.260000,17.740000,17.830000,13.049324
2004-07-16,17.959999,16.990000,17.070000,12.493098
2004-07-19,17.459999,16.910000,17.049999,12.478459
2004-07-20,18.160000,16.920000,18.160000,13.290837
2004-07-21,18.379999,17.010000,17.209999,12.595558
2004-07-22,19.000000,17.650000,18.879999,13.817786
2004-07-23,18.639999,18.090000,18.209999,13.327436
2004-07-26,18.379999,17.920000,18.230000,13.342070
2004-07-27,19.150000,18.180000,18.900000,13.832429
2004-07-28,18.990000,18.090000,18.480000,13.525037
2004-07-29,19.160000,18.590000,18.840000,13.788514
2004-07-30,19.500000,18.680000,19.290001,14.117860
2004-08-02,19.160000,18.510000,19.100000,13.978807
2004-08-03,19.129999,18.260000,18.270000,13.371346
2004-08-04,18.600000,18.080000,18.459999,13.510400
2004-08-05,18.549999,17.760000,17.760000,12.998090
2004-08-06,17.600000,16.770000,16.809999,12.302808
2004-08-09,17.010000,16.700001,16.709999,12.229623
2004-08-10,17.190001,16.700001,17.180000,12.573608
2004-08-11,17.290001,15.920000,17.070000,12.493098
2004-08-12,16.730000,16.219999,16.570000,12.127162
2004-08-13,16.950001,16.500000,16.850000,12.332084
2004-08-16,17.400000,16.600000,17.219999,12.602878
2004-08-17,18.190001,17.200001,17.389999,12.727297
2004-08-18,19.840000,18.240000,19.700001,14.417930
2004-08-19,20.010000,19.510000,19.770000,14.469159
2004-08-20,20.059999,19.650000,19.840000,14.520393
2004-08-23,20.110001,19.790001,20.020000,14.652128
2004-08-24,20.570000,19.959999,20.330000,14.879007
2004-08-25,20.610001,20.080000,20.559999,15.047344
2004-08-26,20.620001,20.110001,20.190001,14.776545
2004-08-27,20.549999,20.080000,20.360001,14.900969
2004-08-30,20.299999,19.820000,19.850000,14.527709
2004-08-31,20.070000,19.360001,20.070000,14.688719
2004-09-01,20.360001,19.879999,20.320000,14.871688
2004-09-02,20.730000,20.110001,20.610001,15.083928
2004-09-03,20.520000,19.969999,20.100000,14.710681
2004-09-07,20.770000,20.100000,20.730000,15.171750
2004-09-08,21.129999,20.420000,20.809999,15.230303
2004-09-09,22.000000,20.850000,21.809999,15.962183
2004-09-10,22.610001,21.559999,22.430000,16.415949
2004-09-13,23.250000,22.400000,22.850000,16.723335
2004-09-14,23.139999,22.549999,22.760000,16.657457
2004-09-15,22.590000,22.040001,22.200001,16.247612
2004-09-16,22.889999,22.160000,22.540001,16.496449
2004-09-17,23.000000,22.639999,22.969999,16.811155
2004-09-20,23.490000,22.549999,22.920000,16.774559
2004-09-21,23.250000,22.920000,23.209999,16.986807
2004-09-22,23.129999,22.520000,22.680000,16.598915
2004-09-23,23.100000,22.410000,22.959999,16.803837
2004-09-24,23.290001,22.750000,22.940001,16.789202
2004-09-27,22.750000,22.240000,22.340000,16.350073
2004-09-28,22.379999,21.780001,22.260000,16.291525
2004-09-29,22.920000,22.020000,22.750000,16.650146
2004-09-30,23.230000,21.799999,23.049999,16.869703
2004-10-01,24.480000,23.110001,24.270000,17.762596
2004-10-04,25.209999,24.270000,24.830000,18.172443
2004-10-05,25.040001,24.570000,24.790001,18.143173
2004-10-06,24.920000,24.309999,24.730000,18.099258
2004-10-07,24.950001,24.139999,24.250000,17.747950
2004-10-08,24.160000,23.420000,23.520000,17.213686
2004-10-11,23.740000,23.430000,23.549999,17.235649
2004-10-12,23.650000,23.040001,23.420000,17.140501
2004-10-13,24.430000,23.559999,23.809999,17.425938
2004-10-14,23.740000,23.080000,23.290001,17.045357
2004-10-15,24.000000,23.090000,23.650000,17.308828
2004-10-18,24.330000,23.209999,24.219999,17.725996
2004-10-19,24.670000,23.600000,23.740000,17.374702
2004-10-20,23.730000,23.219999,23.650000,17.308828
2004-10-21,24.280001,23.350000,24.120001,17.652811
2004-10-22,24.240000,23.350000,23.410000,17.133175
2004-10-25,23.629999,23.129999,23.469999,17.177090
2004-10-26,23.639999,22.719999,22.980000,16.818474
2004-10-27,24.000000,22.750000,23.860001,17.462523
2004-10-28,24.110001,23.500000,24.020000,17.579624
2004-10-29,24.500000,23.770000,24.469999,17.908972
2004-11-01,25.040001,23.980000,24.980000,18.282228
2004-11-02,26.150000,24.820000,25.629999,18.757942
2004-11-03,26.280001,25.490000,25.850000,18.918947
2004-11-04,25.990000,25.430000,25.950001,18.992136
2004-11-05,26.150000,25.340000,25.690001,18.801855
2004-11-08,26.120001,25.440001,25.650000,18.772579
2004-11-09,26.090000,25.440001,25.490000,18.655481
2004-11-10,25.770000,24.889999,24.980000,18.282228
2004-11-11,25.379999,24.570000,25.000000,18.296858
2004-11-12,25.330000,24.959999,25.299999,18.516420
2004-11-15,25.540001,25.180000,25.459999,18.633518
2004-11-16,25.549999,24.790001,25.020000,18.311504
2004-11-17,29.670000,28.320000,29.570000,21.641531
2004-11-18,30.030001,29.030001,29.910000,21.890364
2004-11-19,29.770000,28.870001,28.930000,21.173120
2004-11-22,29.879999,28.629999,29.850000,21.846449
2004-11-23,30.299999,29.500000,29.850000,21.846449
2004-11-24,30.670000,29.799999,30.500000,22.322174
2004-11-26,30.790001,29.959999,30.350000,22.212393
2004-11-29,30.860001,29.940001,30.110001,22.036745
2004-11-30,30.350000,29.780001,30.160000,22.073332
2004-12-01,32.490002,30.030001,32.130001,23.515129
2004-12-02,34.160000,31.990000,33.730000,24.686119
2004-12-03,33.630001,32.200001,32.209999,23.573675
2004-12-06,33.990002,31.620001,33.770000,24.715405
2004-12-07,33.959999,32.849998,32.860001,24.049397
2004-12-08,33.610001,32.369999,32.840000,24.034758
2004-12-09,33.299999,32.009998,33.240002,24.327505
2004-12-10,33.509998,32.840000,33.060001,24.195772
2004-12-13,33.549999,32.660000,32.880001,24.064030
2004-12-14,33.380001,32.849998,33.110001,24.232365
2004-12-15,34.990002,33.000000,34.639999,25.352121
2004-12-16,34.720001,33.889999,34.090000,24.949596
2004-12-17,34.590000,34.000000,34.070000,24.934958
2004-12-20,34.970001,34.000000,34.189999,25.022785
2004-12-21,34.830002,33.439999,34.040001,24.913002
2004-12-22,34.080002,32.930000,33.070000,24.203083
2004-12-23,32.049999,30.760000,32.049999,23.456573
2004-12-27,32.040001,31.299999,31.690001,23.193106
2004-12-28,32.279999,31.690001,32.240002,23.595638
2004-12-29,32.930000,32.099998,32.910000,24.085987
2004-12-30,33.110001,32.639999,32.910000,24.085987
2004-12-31,33.610001,32.840000,33.220001,24.312876
2005-01-03,33.590000,32.490002,32.700001,23.932293
2005-01-04,32.759998,31.340000,31.400000,22.980854
2005-01-05,32.279999,31.000000,31.450001,23.017447
2005-01-06,31.959999,30.930000,31.129999,22.783255
2005-01-07,31.400000,30.379999,30.480000,22.307535
2005-01-10,31.400000,30.250000,30.730000,22.490501
2005-01-11,32.419998,30.959999,31.709999,23.207739
2005-01-12,31.990000,30.900000,31.700001,23.200418
2005-01-13,32.200001,31.139999,31.760000,23.244329
2005-01-14,32.290001,31.600000,32.040001,23.449257
2005-01-18,33.580002,31.780001,33.360001,24.415335
2005-01-19,33.369999,32.169998,32.340000,23.668821
2005-01-20,32.950001,31.940001,32.080002,23.478535
2005-01-21,32.290001,31.250000,31.490000,23.046724
2005-01-24,31.400000,30.150000,30.620001,22.410000
2005-01-25,30.900000,30.240000,30.400000,22.248983
2005-01-26,31.000000,30.020000,30.770000,22.519775
2005-01-27,31.400000,30.180000,31.070000,22.739336
2005-01-28,31.320000,30.400000,31.209999,22.841805
2005-01-31,32.080002,31.459999,31.840000,23.302881
2005-02-01,32.270000,31.680000,32.150002,23.529758
2005-02-02,32.290001,31.180000,31.440001,23.010136
2005-02-03,31.600000,30.690001,31.049999,22.724699
2005-02-04,32.110001,30.820000,31.920000,23.361431
2005-02-07,32.520000,31.320000,31.559999,23.097958
2005-02-08,32.400002,31.350000,31.969999,23.398026
2005-02-09,32.020000,30.600000,30.910000,22.622242
2005-02-10,31.549999,30.260000,30.790001,22.534414
2005-02-11,32.700001,30.820000,32.540001,23.815199
2005-02-14,34.419998,32.740002,33.990002,24.876417
2005-02-15,34.980000,33.470001,34.360001,25.147217
2005-02-16,31.990000,29.500000,31.730000,23.222378
2005-02-17,31.980000,31.049999,31.260000,22.878393
2005-02-18,31.520000,30.910000,31.000000,22.688108
2005-02-22,31.139999,30.299999,30.459999,22.292896
2005-02-23,30.980000,29.139999,29.290001,21.436611
2005-02-24,30.030001,28.850000,29.870001,21.861097
2005-02-25,30.270000,29.400000,29.820000,21.824499
2005-02-28,30.360001,29.510000,30.010000,21.963556
2005-03-01,30.090000,29.170000,29.530001,21.612249
2005-03-02,30.330000,29.129999,29.820000,21.824499
2005-03-03,30.040001,29.340000,29.780001,21.795219
2005-03-04,30.660000,29.799999,30.320000,22.190435
2005-03-07,31.370001,30.400000,30.770000,22.519775
2005-03-08,30.950001,30.250000,30.270000,22.153839
2005-03-09,30.660000,30.030001,30.129999,22.051382
2005-03-10,30.200001,28.900000,29.660000,21.707397
2005-03-11,29.780001,28.700001,28.709999,21.012112
2005-03-14,28.990000,28.270000,28.750000,21.041389
2005-03-15,28.799999,28.020000,28.030001,20.514442
2005-03-16,28.639999,27.740000,27.940001,20.448570
2005-03-17,28.360001,27.719999,27.900000,20.419294
2005-03-18,28.040001,27.260000,28.000000,20.492487
2005-03-21,27.280001,26.459999,26.969999,19.738657
2005-03-22,27.270000,26.510000,26.559999,19.438587
2005-03-23,27.280001,26.590000,26.860001,19.658148
2005-03-24,28.430000,27.360001,27.940001,20.448570
2005-03-28,28.010000,27.360001,27.379999,20.038729
2005-03-29,27.370001,26.280001,26.340000,19.277573
2005-03-30,27.680000,26.500000,27.680000,20.258280
2005-03-31,27.950001,27.510000,27.660000,20.243650
2005-04-01,28.000000,27.180000,27.250000,19.943575
2005-04-04,27.760000,26.500000,27.629999,20.221693
2005-04-05,27.830000,27.059999,27.209999,19.914297
2005-04-06,28.930000,28.049999,28.450001,20.821827
2005-04-07,29.309999,28.290001,29.160000,21.341461
2005-04-08,29.400000,28.530001,28.559999,20.902336
2005-04-11,29.040001,28.450001,28.530001,20.880381
2005-04-12,28.860001,28.100000,28.840000,21.107262
2005-04-13,29.160000,27.760000,27.930000,20.441252
2005-04-14,28.330000,27.139999,27.340000,20.009441
2005-04-15,26.799999,25.549999,25.910000,18.962868
2005-04-18,26.190001,25.549999,25.980000,19.014105
2005-04-19,27.700001,26.530001,27.030001,19.782572
2005-04-20,27.350000,26.230000,26.350000,19.284901
2005-04-21,27.410000,26.360001,27.250000,19.943575
2005-04-22,27.330000,26.320000,26.570000,19.445904
2005-04-25,27.450001,27.000000,27.290001,19.972855
2005-04-26,27.410000,26.639999,26.700001,19.541042
2005-04-27,27.049999,26.080000,26.879999,19.672783
2005-04-28,26.799999,26.280001,26.370001,19.299528
2005-04-29,26.879999,25.879999,26.670000,19.519091
2005-05-02,27.350000,26.540001,26.980000,19.745964
2005-05-03,27.219999,26.719999,26.910000,19.694742
2005-05-04,27.809999,27.020000,27.809999,20.353426
2005-05-05,27.950001,27.530001,27.750000,20.309511
2005-05-06,28.230000,27.389999,28.180000,20.624224
2005-05-09,28.260000,27.799999,28.230000,20.660812
2005-05-10,28.219999,27.340000,27.510000,20.133865
2005-05-11,28.070000,27.180000,27.700001,20.272926
2005-05-12,28.879999,28.090000,28.670000,20.982840
2005-05-13,29.690001,28.400000,29.299999,21.443920
2005-05-16,29.520000,29.049999,29.410000,21.524433
2005-05-17,29.570000,28.840000,29.540001,21.619570
2005-05-18,29.840000,29.250000,29.799999,21.809858
2005-05-19,29.969999,29.379999,29.969999,21.934278
2005-05-20,30.059999,29.469999,30.040001,21.985514
2005-05-23,30.600000,29.809999,30.469999,22.300215
2005-05-24,30.490000,30.200001,30.400000,22.248983
2005-05-25,29.570000,28.620001,28.920000,21.165810
2005-05-26,29.389999,28.830000,28.950001,21.187767
2005-05-27,29.180000,28.660000,28.940001,21.180452
2005-05-31,29.100000,28.490000,28.760000,21.048712
2005-06-01,29.990000,28.700001,29.240000,21.400009
2005-06-02,29.540001,29.120001,29.330000,21.465885
2005-06-03,29.280001,28.590000,28.770000,21.056025
2005-06-06,29.260000,28.590000,29.170000,21.348780
2005-06-07,29.940001,28.959999,29.040001,21.253635
2005-06-08,29.750000,29.040001,29.200001,21.370729
2005-06-09,29.799999,29.160000,29.620001,21.678120
2005-06-10,29.670000,29.030001,29.430000,21.539064
2005-06-13,29.940001,29.270000,29.889999,21.875734
2005-06-14,30.129999,29.510000,29.709999,21.743990
2005-06-15,29.990000,29.020000,29.799999,21.809858
2005-06-16,30.100000,29.520000,30.020000,21.970867
2005-06-17,30.299999,30.000000,30.040001,21.985514
2005-06-20,30.160000,29.670000,30.030001,21.978191
2005-06-21,30.290001,29.719999,29.990000,21.948914
2005-06-22,30.459999,29.469999,29.820000,21.824499
2005-06-23,30.129999,29.290001,29.490000,21.582979
2005-06-24,29.350000,28.760000,29.030001,21.246323
2005-06-27,29.200001,28.770000,29.049999,21.260946
2005-06-28,29.360001,28.820000,29.010000,21.231680
2005-06-29,29.020000,28.500000,28.709999,21.012112
2005-06-30,29.150000,28.270000,28.270000,20.690092
2005-07-01,28.350000,27.870001,28.180000,20.624224
2005-07-05,28.600000,27.930000,28.540001,20.887691
2005-07-06,28.610001,27.500000,27.549999,20.163139
2005-07-07,27.670000,27.049999,27.480000,20.111912
2005-07-08,27.879999,27.190001,27.809999,20.353426
2005-07-11,28.059999,27.510000,27.950001,20.455885
2005-07-12,28.650000,27.740000,28.620001,20.946249
2005-07-13,28.889999,28.370001,28.590000,20.924295
2005-07-14,28.969999,28.549999,28.870001,21.129217
2005-07-15,29.200001,28.860001,29.000000,21.224356
2005-07-18,29.000000,28.660000,28.690001,20.997480
2005-07-19,28.860001,28.200001,28.530001,20.880381
2005-07-20,28.459999,28.150000,28.350000,20.748638
2005-07-21,28.000000,26.809999,26.990000,19.753290
2005-07-22,27.510000,27.059999,27.370001,20.031397
2005-07-25,27.500000,26.830000,27.059999,19.804522
2005-07-26,27.230000,26.570000,26.700001,19.541042
2005-07-27,26.700001,26.299999,26.600000,19.467865
2005-07-28,26.540001,25.670000,26.160000,19.145834
2005-07-29,26.200001,25.500000,25.510000,18.670115
2005-08-01,26.530001,25.590000,26.010000,19.036058
2005-08-02,26.360001,25.590000,25.910000,18.962868
2005-08-03,25.870001,24.850000,25.230000,18.465193
2005-08-04,26.410000,25.200001,25.500000,18.662800
2005-08-05,25.580000,23.870001,24.559999,17.974833
2005-08-08,24.559999,23.650000,23.740000,17.374702
2005-08-09,24.000000,23.129999,23.309999,17.059994
2005-08-10,23.410000,22.670000,22.770000,16.664785
2005-08-11,23.120001,22.610001,22.799999,16.686733
2005-08-12,23.190001,22.639999,23.170000,16.957533
2005-08-15,23.930000,22.990000,23.930000,17.513754
2005-08-16,24.000000,23.600000,23.690001,17.338102
2005-08-17,24.549999,23.719999,24.520000,17.945560
2005-08-18,25.750000,24.920000,25.100000,18.370050
2005-08-19,25.090000,24.559999,24.629999,18.026062
2005-08-22,24.830000,23.600000,23.709999,17.352751
2005-08-23,23.850000,23.459999,23.680000,17.330793
2005-08-24,23.860001,23.370001,23.389999,17.118544
2005-08-25,23.770000,23.389999,23.730000,17.367382
2005-08-26,23.900000,23.120001,23.799999,17.418613
2005-08-29,24.209999,23.570000,23.860001,17.462523
2005-08-30,23.840000,23.129999,23.400000,17.125854
2005-08-31,23.740000,23.309999,23.730000,17.367382
2005-09-01,23.940001,23.450001,23.469999,17.177090
2005-09-02,23.570000,23.280001,23.389999,17.118544
2005-09-06,23.559999,23.280001,23.530001,17.221004
2005-09-07,23.670000,23.400000,23.600000,17.272234
2005-09-08,23.590000,23.120001,23.200001,16.979490
2005-09-09,23.610001,23.139999,23.320000,17.067310
2005-09-12,23.420000,23.129999,23.250000,17.016081
2005-09-13,23.299999,22.980000,23.049999,16.869703
2005-09-14,23.120001,22.770000,22.950001,16.796520
2005-09-15,23.020000,22.500000,22.930000,16.781887
2005-09-16,23.860001,22.879999,23.860001,17.462523
2005-09-19,24.600000,23.660000,24.170000,17.689405
2005-09-20,24.670000,24.129999,24.150000,17.674767
2005-09-21,24.250000,23.570000,23.709999,17.352751
2005-09-22,24.230000,23.330000,24.139999,17.667448
2005-09-23,24.420000,23.840000,24.290001,17.777233
2005-09-26,24.530001,23.969999,24.190001,17.704044
2005-09-27,24.100000,23.799999,23.940001,17.521076
2005-09-28,23.950001,23.320000,23.590000,17.264915
2005-09-29,23.700001,23.230000,23.650000,17.308828
2005-09-30,23.870001,23.389999,23.740000,17.374702
2005-10-03,23.850000,23.400000,23.750000,17.382011
2005-10-04,24.100000,23.030001,23.080000,16.891657
2005-10-05,23.309999,22.860001,22.920000,16.774559
2005-10-06,23.559999,22.790001,23.100000,16.906301
2005-10-07,23.610001,23.080000,23.559999,17.242962
2005-10-10,23.879999,23.389999,23.559999,17.242962
2005-10-11,23.799999,23.150000,23.670000,17.323471
2005-10-12,23.709999,23.200001,23.230000,17.001440
2005-10-13,24.500000,22.969999,24.260000,17.755276
2005-10-14,25.480000,24.020000,25.120001,18.384684
2005-10-17,26.190001,24.780001,26.110001,19.109245
2005-10-18,26.120001,25.650000,25.790001,18.875044
2005-10-19,26.250000,25.059999,26.250000,19.211708
2005-10-20,26.549999,25.780001,25.980000,19.014105
2005-10-21,26.730000,25.750000,26.500000,19.394669
2005-10-24,26.850000,26.260000,26.850000,19.650824
2005-10-25,26.930000,25.850000,26.090000,19.094599
2005-10-26,26.360001,25.559999,25.740000,18.838449
2005-10-27,25.980000,25.440001,25.549999,18.699394
2005-10-28,27.270000,26.100000,27.120001,19.848434
2005-10-31,27.500000,27.070000,27.330000,20.002125
2005-11-01,27.320000,26.860001,26.920000,19.702065
2005-11-02,28.129999,26.799999,28.100000,20.565672
2005-11-03,28.410000,27.860001,28.240000,20.668135
2005-11-04,28.370001,27.790001,28.049999,20.529081
2005-11-07,28.299999,27.400000,27.549999,20.163139
2005-11-08,27.930000,27.180000,27.820000,20.360748
2005-11-09,27.950001,27.330000,27.580000,20.185095
2005-11-10,27.410000,26.940001,27.230000,19.928936
2005-11-11,28.200001,27.250000,28.000000,20.492487
2005-11-14,28.480000,27.910000,28.299999,20.712051
2005-11-15,28.370001,27.379999,27.809999,20.353426
2005-11-16,28.389999,27.750000,28.250000,20.675449
2005-11-17,29.629999,28.809999,29.610001,21.670809
2005-11-18,29.850000,28.780001,28.860001,21.121891
2005-11-21,29.209999,28.500000,29.020000,21.238995
2005-11-22,29.120001,28.680000,28.770000,21.056025
2005-11-23,29.629999,28.719999,29.450001,21.553703
2005-11-25,29.480000,29.209999,29.270000,21.421967
2005-11-28,29.549999,29.180000,29.459999,21.561020
2005-11-29,29.850000,29.230000,29.540001,21.619570
2005-11-30,29.740000,28.889999,29.120001,21.312185
2005-12-01,29.709999,29.049999,29.620001,21.678120
2005-12-02,29.709999,29.299999,29.410000,21.524433
2005-12-05,28.950001,28.410000,28.770000,21.056025
2005-12-06,29.700001,28.770000,29.350000,21.480520
2005-12-07,29.709999,28.990000,29.040001,21.253635
2005-12-08,29.500000,29.000000,29.110001,21.304865
2005-12-09,29.650000,29.150000,29.530001,21.612249
2005-12-12,29.809999,29.379999,29.540001,21.619570
2005-12-13,29.799999,29.120001,29.350000,21.480520
2005-12-14,30.219999,29.250000,29.830000,21.831812
2005-12-15,29.980000,29.469999,29.830000,21.831812
2005-12-16,30.100000,29.610001,29.860001,21.853775
2005-12-19,29.990000,28.879999,28.930000,21.173120
2005-12-20,28.950001,27.809999,28.000000,20.492487
2005-12-21,28.790001,28.080000,28.600000,20.931610
2005-12-22,28.850000,28.250000,28.370001,20.763283
2005-12-23,28.150000,27.370001,28.020000,20.507128
2005-12-27,28.650000,27.750000,27.840000,20.375387
2005-12-28,27.930000,27.530001,27.700001,20.272926
2005-12-29,27.840000,27.350000,27.500000,20.126545
2005-12-30,27.420000,26.980000,27.000000,19.760612
2006-01-03,28.120001,27.129999,27.910000,20.426615
2006-01-04,28.299999,27.780001,28.059999,20.536396
2006-01-05,28.320000,27.840000,28.209999,20.646175
2006-01-06,29.100000,28.379999,28.980000,21.209723
2006-01-09,29.320000,28.770000,29.040001,21.253635
2006-01-10,28.950001,28.530001,28.629999,20.953573
2006-01-11,30.440001,28.600000,30.440001,22.278255
2006-01-12,34.490002,30.190001,32.669998,23.910330
2006-01-13,32.340000,31.620001,32.119999,23.507805
2006-01-17,32.099998,31.410000,31.730000,23.222378
2006-01-18,31.650000,30.770000,31.370001,22.958902
2006-01-19,32.619999,31.480000,32.580002,23.844473
2006-01-20,32.840000,31.139999,31.139999,22.790573
2006-01-23,32.770000,30.670000,30.959999,22.658829
2006-01-24,31.100000,30.170000,30.389999,22.241669
2006-01-25,31.639999,30.290001,30.360001,22.219711
2006-01-26,30.889999,30.370001,30.480000,22.307535
2006-01-27,31.980000,30.559999,31.629999,23.149195
2006-01-30,32.169998,31.100000,31.900000,23.346794
2006-01-31,32.130001,31.110001,31.200001,22.834480
2006-02-01,31.799999,30.930000,31.389999,22.973532
2006-02-02,31.420000,30.650000,30.809999,22.549051
2006-02-03,31.410000,30.570000,31.139999,22.790573
2006-02-06,30.980000,30.650000,30.830000,22.563686
2006-02-07,31.250000,30.590000,30.850000,22.578331
2006-02-08,31.590000,30.969999,31.370001,22.958902
2006-02-09,32.180000,31.290001,31.400000,22.980854
2006-02-10,31.480000,30.730000,31.330000,22.929621
2006-02-13,31.760000,31.080000,31.430000,23.002813
2006-02-14,31.680000,30.900000,31.400000,22.980854
2006-02-15,31.879999,30.200001,31.160000,22.805210
2006-02-16,34.490002,32.970001,33.580002,24.576345
2006-02-17,33.580002,32.849998,33.040001,24.181126
2006-02-21,33.389999,32.450001,32.930000,24.100624
2006-02-22,34.009998,32.599998,33.450001,24.481205
2006-02-23,33.380001,32.500000,32.540001,23.815199
2006-02-24,32.799999,32.049999,32.570000,23.837145
2006-02-27,33.660000,32.490002,33.500000,24.517796
2006-02-28,33.959999,32.889999,33.160000,24.268953
2006-03-01,34.270000,33.090000,34.189999,25.022785
2006-03-02,35.000000,33.799999,34.209999,25.037426
2006-03-03,34.900002,33.779999,33.860001,24.781271
2006-03-06,34.580002,33.480000,33.669998,24.642208
2006-03-07,33.630001,33.209999,33.310001,24.378731
2006-03-08,33.730000,32.930000,33.490002,24.510475
2006-03-09,34.060001,33.119999,33.139999,24.254324
2006-03-10,33.570000,32.700001,33.180000,24.283596
2006-03-13,33.790001,32.549999,33.080002,24.210409
2006-03-14,33.939999,32.869999,33.889999,24.803221
2006-03-15,34.500000,33.950001,34.240002,25.059383
2006-03-16,35.000000,34.459999,34.509998,25.256989
2006-03-17,35.669998,34.500000,35.049999,25.652205
2006-03-20,35.430000,34.849998,34.919998,25.557053
2006-03-21,35.669998,34.500000,34.540001,25.278948
2006-03-22,35.009998,34.279999,34.849998,25.505825
2006-03-23,35.430000,34.900002,35.119999,25.703426
2006-03-24,35.250000,34.650002,34.980000,25.600967
2006-03-27,35.450001,34.650002,35.049999,25.652205
2006-03-28,35.380001,34.650002,34.849998,25.505825
2006-03-29,36.020000,34.700001,35.619999,26.069374
2006-03-30,36.939999,35.549999,36.189999,26.486538
2006-03-31,36.959999,36.000000,36.029999,26.369434
2006-04-03,36.750000,35.970001,36.070000,26.398720
2006-04-04,36.330002,35.799999,36.000000,26.347473
2006-04-05,37.349998,35.880001,37.070000,27.130581
2006-04-06,37.650002,36.939999,37.230000,27.247683
2006-04-07,37.540001,36.549999,36.700001,26.859798
2006-04-10,37.099998,36.450001,36.520000,26.728058
2006-04-11,36.980000,36.169998,36.430000,26.662191
2006-04-12,36.230000,35.750000,35.930000,26.296255
2006-04-13,37.639999,35.880001,37.250000,27.262325
2006-04-17,37.580002,36.380001,36.770000,26.911024
2006-04-18,38.119999,36.900002,37.759998,27.635572
2006-04-19,38.070000,37.299999,37.790001,27.657532
2006-04-20,38.500000,37.689999,37.759998,27.635572
2006-04-21,38.119999,36.500000,36.910000,27.013487
2006-04-24,37.279999,36.380001,37.189999,27.218409
2006-04-25,37.360001,36.060001,36.959999,27.050074
2006-04-26,37.259998,36.560001,37.060001,27.123260
2006-04-27,37.980000,36.590000,37.250000,27.262325
2006-04-28,37.349998,36.720001,37.070000,27.130581
2006-05-01,37.669998,36.139999,36.360001,26.610958
2006-05-02,36.610001,35.689999,35.740002,26.157202
2006-05-03,36.330002,35.410000,35.970001,26.325523
2006-05-04,37.099998,35.900002,37.000000,27.079351
2006-05-05,37.639999,36.959999,37.580002,27.503841
2006-05-08,37.599998,36.849998,37.180000,27.211086
2006-05-09,37.349998,36.820000,37.020000,27.093996
2006-05-10,37.090000,35.770000,36.189999,26.486538
2006-05-11,36.150002,34.520000,34.860001,25.513144
2006-05-12,34.779999,33.400002,33.779999,24.722719
2006-05-15,33.849998,32.849998,33.310001,24.378731
2006-05-16,33.689999,32.439999,32.580002,23.844473
2006-05-17,32.939999,32.139999,32.770000,23.983522
2006-05-18,33.310001,32.709999,32.900002,24.078671
2006-05-19,34.160000,33.000000,33.790001,24.730042
2006-05-22,34.970001,33.520000,33.939999,24.839819
2006-05-23,34.619999,33.410000,33.529999,24.539749
2006-05-24,34.270000,32.630001,33.480000,24.503153
2006-05-25,33.509998,31.260000,33.360001,24.415335
2006-05-26,34.020000,33.119999,33.840000,24.766632
2006-05-30,33.650002,32.310001,32.330002,23.661501
2006-05-31,32.840000,31.980000,32.000000,23.419983
2006-06-01,32.529999,31.760000,32.500000,23.785921
2006-06-02,32.900002,32.090000,32.349998,23.676136
2006-06-05,32.380001,31.620001,31.690001,23.193106
2006-06-06,31.799999,30.940001,31.170000,22.812531
2006-06-07,31.600000,31.150000,31.290001,22.900347
2006-06-08,31.680000,30.190001,31.049999,22.724699
2006-06-09,32.419998,31.020000,31.790001,23.266289
2006-06-12,31.980000,31.110001,31.299999,22.907661
2006-06-13,32.410000,31.270000,32.180000,23.551723
2006-06-14,33.240002,32.180000,33.169998,24.276274
2006-06-15,34.750000,33.360001,34.689999,25.388723
2006-06-16,34.980000,34.130001,34.529999,25.271627
2006-06-19,34.700001,33.790001,34.169998,25.008148
2006-06-20,34.529999,34.040001,34.139999,24.986197
2006-06-21,35.599998,33.990002,34.860001,25.513144
2006-06-22,35.070000,34.480000,34.970001,25.593653
2006-06-23,35.439999,34.779999,34.860001,25.513144
2006-06-26,35.060001,34.549999,34.610001,25.330183
2006-06-27,35.000000,33.799999,33.930000,24.832500
2006-06-28,33.980000,33.349998,33.860001,24.781271
2006-06-29,35.389999,33.849998,35.340000,25.864445
2006-06-30,35.910000,35.209999,35.299999,25.835169
2006-07-03,35.759998,35.049999,35.119999,25.703426
2006-07-05,34.930000,34.139999,34.180000,25.015472
2006-07-06,34.799999,34.070000,34.639999,25.352121
2006-07-07,34.560001,32.980000,33.160000,24.268953
2006-07-10,33.360001,31.340000,31.469999,23.032085
2006-07-11,31.520000,30.309999,30.730000,22.490501
2006-07-12,30.030001,27.260000,28.600000,20.931610
2006-07-13,29.270000,27.709999,27.940001,20.448570
2006-07-14,27.930000,26.540001,26.920000,19.702065
2006-07-17,27.260000,25.850000,27.090000,19.826479
2006-07-18,28.780001,27.160000,28.129999,20.587627
2006-07-19,29.520000,28.080000,29.389999,21.509787
2006-07-20,31.100000,29.620001,29.740000,21.765944
2006-07-21,29.889999,28.660000,28.830000,21.099945
2006-07-24,30.549999,28.860001,29.930000,21.905003
2006-07-25,30.530001,29.680000,30.309999,22.183105
2006-07-26,30.900000,29.780001,30.139999,22.058693
2006-07-27,30.250000,29.129999,29.219999,21.385368
2006-07-28,29.969999,29.200001,29.830000,21.831812
2006-07-31,30.010000,29.370001,29.650000,21.700079
2006-08-01,29.600000,28.650000,29.309999,21.451241
2006-08-02,30.139999,29.070000,29.860001,21.853775
2006-08-03,30.570000,29.500000,30.150000,22.066013
2006-08-04,30.809999,29.600000,30.090000,22.022108
2006-08-07,30.090000,29.270000,29.330000,21.465885
2006-08-08,29.639999,28.690001,28.990000,21.217043
2006-08-09,29.950001,28.879999,29.000000,21.224356
2006-08-10,29.469999,28.860001,29.160000,21.341461
2006-08-11,29.490000,28.680000,29.330000,21.465885
2006-08-14,30.459999,29.690001,29.969999,21.934278
2006-08-15,31.740000,30.559999,31.700001,23.200418
2006-08-16,32.700001,31.570000,32.389999,23.705412
2006-08-17,32.869999,31.780001,32.340000,23.668821
2006-08-18,34.090000,32.279999,33.910000,24.817863
2006-08-21,33.889999,32.990002,33.240002,24.327505
2006-08-22,34.709999,33.099998,34.250000,25.066698
2006-08-23,34.740002,33.790001,33.990002,24.876417
2006-08-24,34.500000,33.490002,34.029999,24.905682
2006-08-25,34.500000,33.560001,33.869999,24.788584
2006-08-28,34.450001,33.740002,34.200001,25.030109
2006-08-29,34.459999,33.840000,34.380001,25.161839
2006-08-30,34.700001,34.000000,34.349998,25.139879
2006-08-31,34.810001,34.189999,34.240002,25.059383
2006-09-01,34.740002,34.369999,34.380001,25.161839
2006-09-05,34.520000,33.970001,34.410000,25.183792
2006-09-06,34.299999,33.700001,33.770000,24.715405
2006-09-07,34.240002,33.209999,33.279999,24.356785
2006-09-08,34.220001,32.980000,33.980000,24.869093
2006-09-11,33.889999,33.130001,33.680000,24.649527
2006-09-12,34.160000,33.099998,33.939999,24.839819
2006-09-13,34.240002,33.430000,33.660000,24.634892
2006-09-14,34.520000,33.400002,34.250000,25.066698
2006-09-15,34.639999,33.669998,33.770000,24.715405
2006-09-18,35.240002,33.540001,35.020000,25.630241
2006-09-19,36.580002,35.180000,35.990002,26.340160
2006-09-20,37.009998,36.090000,36.630001,26.808556
2006-09-21,37.180000,36.080002,36.259998,26.537777
2006-09-22,36.310001,35.400002,35.980000,26.332846
2006-09-25,37.160000,35.689999,36.889999,26.998846
2006-09-26,37.230000,36.450001,37.009998,27.086666
2006-09-27,37.500000,36.389999,36.650002,26.823198
2006-09-28,37.470001,36.549999,37.470001,27.423332
2006-09-29,37.459999,36.939999,37.009998,27.086666
2006-10-02,37.840000,36.799999,36.849998,26.969568
2006-10-03,37.529999,36.470001,37.400002,27.372095
2006-10-04,38.200001,37.150002,38.160000,27.928328
2006-10-05,38.160000,37.500000,37.630001,27.540438
2006-10-06,37.349998,36.570000,36.880001,26.991531
2006-10-09,37.880001,36.630001,37.759998,27.635572
2006-10-10,38.430000,37.689999,38.230000,27.979563
2006-10-11,38.750000,37.779999,38.480000,28.162523
2006-10-12,38.700001,37.700001,38.410000,28.111303
2006-10-13,39.590000,38.150002,39.570000,28.960278
2006-10-16,39.730000,39.009998,39.630001,29.004185
2006-10-17,39.450001,37.880001,38.330002,28.052750
2006-10-18,38.180000,37.540001,37.840000,27.694122
2006-10-19,38.200001,37.320000,37.680000,27.577028
2006-10-20,37.889999,37.369999,37.490002,27.437973
2006-10-23,38.299999,37.000000,37.389999,27.364792
2006-10-24,37.529999,36.340000,36.700001,26.859798
2006-10-25,37.060001,36.480000,36.990002,27.072039
2006-10-26,37.810001,36.779999,37.419998,27.386740
2006-10-27,37.490002,35.759998,35.779999,26.186470
2006-10-30,37.139999,35.509998,36.959999,27.050074
2006-10-31,37.119999,36.299999,36.500000,26.713419
2006-11-01,36.799999,35.740002,36.009998,26.354805
2006-11-02,36.139999,35.450001,35.540001,26.010818
2006-11-03,36.110001,35.439999,36.000000,26.347473
2006-11-06,36.990002,36.060001,36.439999,26.669493
2006-11-07,37.259998,36.200001,36.709999,26.867109
2006-11-08,36.930000,36.330002,36.619999,26.801245
2006-11-09,37.200001,36.040001,36.169998,26.471899
2006-11-10,36.970001,36.029999,36.900002,27.006174
2006-11-13,37.750000,36.939999,37.520000,27.459925
2006-11-14,38.389999,37.410000,38.029999,27.833183
2006-11-15,38.500000,37.680000,38.000000,27.811234
2006-11-16,40.340000,37.830002,39.959999,29.245705
2006-11-17,40.049999,39.400002,39.959999,29.245705
2006-11-20,40.340000,39.240002,39.980000,29.260338
2006-11-21,41.090000,40.049999,40.990002,29.999533
2006-11-22,41.310001,40.529999,41.279999,30.211781
2006-11-24,41.340000,40.590000,40.959999,29.977568
2006-11-27,40.889999,39.169998,39.430000,28.857815
2006-11-28,39.810001,38.840000,39.689999,29.048105
2006-11-29,39.910000,39.310001,39.799999,29.128603
2006-11-30,40.000000,38.950001,39.279999,28.748026
2006-12-01,39.340000,38.259998,38.520000,28.191799
2006-12-04,39.849998,38.639999,39.389999,28.828527
2006-12-05,39.630001,38.869999,39.540001,28.938318
2006-12-06,39.509998,38.700001,38.919998,28.484558
2006-12-07,39.750000,38.919998,39.330002,28.784615
2006-12-08,39.990002,38.889999,39.490002,28.901720
2006-12-11,39.900002,39.110001,39.389999,28.828527
2006-12-12,39.880001,39.110001,39.580002,28.967585
2006-12-13,39.900002,38.779999,39.049999,28.579700
2006-12-14,40.500000,39.080002,40.060001,29.318893
2006-12-15,41.310001,40.099998,41.000000,30.006855
2006-12-18,41.560001,40.570000,40.650002,29.750689
2006-12-19,40.849998,39.700001,40.590000,29.706781
2006-12-20,40.990002,40.240002,40.240002,29.450630
2006-12-21,40.810001,39.730000,40.090000,29.340845
2006-12-22,40.090000,39.500000,39.570000,28.960278
2006-12-26,40.099998,39.320000,39.959999,29.245705
2006-12-27,40.599998,39.840000,39.860001,29.172506
2006-12-28,40.000000,39.439999,39.799999,29.128603
2006-12-29,40.130001,39.220001,39.279999,28.748026
2007-01-03,40.889999,38.910000,39.950001,29.238379
2007-01-04,40.000000,38.900002,39.570000,28.960278
2007-01-05,39.650002,38.759998,39.070000,28.594332
2007-01-08,40.700001,39.349998,40.230000,29.443296
2007-01-09,40.430000,39.599998,39.740002,29.084688
2007-01-10,39.950001,39.049999,39.730000,29.077370
2007-01-11,40.779999,39.759998,40.060001,29.318893
2007-01-12,40.150002,39.549999,39.799999,29.128603
2007-01-16,40.110001,39.349998,39.830002,29.150557
2007-01-17,39.939999,38.610001,38.889999,28.462601
2007-01-18,38.790001,37.639999,37.709999,27.598986
2007-01-19,37.709999,36.750000,37.060001,27.123260
2007-01-22,37.060001,36.279999,36.500000,26.713419
2007-01-23,37.779999,36.400002,37.200001,27.225723
2007-01-24,38.110001,37.259998,37.639999,27.547754
2007-01-25,38.160000,36.990002,37.150002,27.189135
2007-01-26,37.279999,36.439999,36.730000,26.881756
2007-01-29,37.259998,36.200001,36.910000,27.013487
2007-01-30,37.830002,36.509998,37.680000,27.577028
2007-01-31,37.849998,36.939999,37.599998,27.518471
2007-02-01,38.470001,37.029999,37.310001,27.306242
2007-02-02,37.500000,36.869999,37.330002,27.320875
2007-02-05,37.700001,36.790001,37.520000,27.459925
2007-02-06,37.700001,36.610001,37.119999,27.167183
2007-02-07,38.189999,37.220001,38.119999,27.899054
2007-02-08,38.380001,37.680000,38.240002,27.986881
2007-02-09,38.490002,37.560001,37.700001,27.591673
2007-02-12,37.990002,37.509998,37.759998,27.635572
2007-02-13,37.910000,37.189999,37.340000,27.328192
2007-02-14,38.500000,37.049999,38.410000,28.111303
2007-02-15,40.419998,38.529999,40.299999,29.494545
2007-02-16,40.330002,39.740002,40.009998,29.282301
2007-02-20,40.490002,39.759998,40.490002,29.633598
2007-02-21,40.619999,39.830002,40.099998,29.348156
2007-02-22,40.369999,39.410000,39.880001,29.187153
2007-02-23,40.349998,39.680000,40.090000,29.340845
2007-02-26,40.400002,39.430000,39.650002,29.018827
2007-02-27,39.270000,37.750000,37.750000,27.628254
2007-02-28,38.889999,37.500000,38.669998,28.301582
2007-03-01,38.669998,37.180000,38.150002,27.921017
2007-03-02,38.259998,37.320000,37.320000,27.313555
2007-03-05,37.430000,36.770000,36.799999,26.932976
2007-03-06,37.630001,36.810001,37.310001,27.306242
2007-03-07,37.220001,36.419998,36.470001,26.691454
2007-03-08,38.240002,36.849998,37.720001,27.606306
2007-03-09,38.020000,37.250000,37.689999,27.584349
2007-03-12,38.540001,37.599998,38.230000,27.979563
2007-03-13,38.090000,36.130001,36.160000,26.464577
2007-03-14,36.529999,35.439999,36.299999,26.567047
2007-03-15,36.619999,36.160000,36.549999,26.750019
2007-03-16,36.770000,36.160000,36.720001,26.874435
2007-03-19,36.939999,35.959999,36.369999,26.618267
2007-03-20,36.939999,36.299999,36.820000,26.947620
2007-03-21,37.980000,36.380001,37.980000,27.796591
2007-03-22,38.200001,37.459999,37.650002,27.555080
2007-03-23,38.799999,38.090000,38.130001,27.906372
2007-03-26,38.529999,37.740002,38.520000,28.191799
2007-03-27,38.439999,37.750000,38.020000,27.825871
2007-03-28,37.930000,36.380001,36.419998,26.654873
2007-03-29,36.830002,36.099998,36.389999,26.632908
2007-03-30,36.770000,36.209999,36.520000,26.728058
2007-04-02,36.580002,35.230000,35.910000,26.281618
2007-04-03,36.669998,35.619999,36.419998,26.654873
2007-04-04,36.590000,36.119999,36.250000,26.530447
2007-04-05,36.509998,35.700001,36.509998,26.720739
2007-04-09,36.730000,36.000000,36.070000,26.398720
2007-04-10,36.000000,34.910000,35.619999,26.069374
2007-04-11,35.689999,35.099998,35.169998,25.740025
2007-04-12,35.919998,34.689999,35.590000,26.047411
2007-04-13,36.009998,35.160000,35.910000,26.281618
2007-04-16,36.459999,35.619999,35.830002,26.223064
2007-04-17,35.980000,35.150002,35.349998,25.871754
2007-04-18,35.779999,34.910000,35.470001,25.959595
2007-04-19,35.599998,34.889999,35.189999,25.754660
2007-04-20,35.720001,34.709999,34.930000,25.564377
2007-04-23,35.459999,34.900002,35.250000,25.798571
2007-04-24,36.049999,35.150002,35.650002,26.091330
2007-04-25,36.169998,35.380001,36.119999,26.435305
2007-04-26,37.330002,35.599998,37.240002,27.255005
2007-04-27,37.820000,37.000000,37.810001,27.672174
2007-04-30,38.009998,37.160000,37.209999,27.233051
2007-05-01,37.580002,36.700001,37.080002,27.137903
2007-05-02,38.090000,36.990002,37.799999,27.664858
2007-05-03,38.650002,37.900002,38.419998,28.118616
2007-05-04,38.700001,37.799999,38.160000,27.928328
2007-05-07,38.250000,37.759998,37.910000,27.745354
2007-05-08,38.750000,37.580002,38.570000,28.228411
2007-05-09,38.689999,37.959999,38.520000,28.191799
2007-05-10,38.389999,38.009998,38.230000,27.979563
2007-05-11,39.080002,38.040001,39.049999,28.579700
2007-05-14,39.049999,38.180000,38.680000,28.308903
2007-05-15,38.549999,37.410000,37.480000,27.430658
2007-05-16,37.830002,37.090000,37.389999,27.364792
2007-05-17,37.580002,37.000000,37.130001,27.174496
2007-05-18,38.090000,37.090000,37.990002,27.803919
2007-05-21,38.490002,37.700001,38.209999,27.964926
2007-05-22,38.230000,37.419998,37.840000,27.694122
2007-05-23,38.349998,37.459999,38.060001,27.855135
2007-05-24,34.150002,31.520000,31.760000,23.244329
2007-05-25,32.450001,31.570000,31.799999,23.273596
2007-05-29,31.920000,31.200001,31.360001,22.951578
2007-05-30,31.510000,30.740000,31.480000,23.039402
2007-05-31,32.299999,31.549999,32.160000,23.537086
2007-06-01,32.439999,30.610001,30.740000,22.497818
2007-06-04,31.309999,30.670000,31.200001,22.834480
2007-06-05,31.760000,30.840000,31.750000,23.237019
2007-06-06,31.680000,31.049999,31.250000,22.871080
2007-06-07,31.129999,30.500000,30.540001,22.351444
2007-06-08,31.750000,30.459999,31.469999,23.032085
2007-06-11,31.600000,30.959999,31.230000,22.856438
2007-06-12,31.070000,30.549999,30.580000,22.380718
2007-06-13,30.969999,30.400000,30.860001,22.585646
2007-06-14,31.620001,30.639999,31.209999,22.841805
2007-06-15,31.950001,31.129999,31.889999,23.339478
2007-06-18,32.130001,31.620001,31.910000,23.354113
2007-06-19,33.840000,31.910000,33.209999,24.305552
2007-06-20,33.590000,32.009998,32.029999,23.441940
2007-06-21,32.430000,31.150000,32.400002,23.712727
2007-06-22,32.189999,31.110001,31.200001,22.834480
2007-06-25,31.680000,31.000000,31.280001,22.893034
2007-06-26,31.600000,30.770000,30.980000,22.673468
2007-06-27,31.600000,30.540001,31.530001,23.076000
2007-06-28,30.700001,30.120001,30.250000,22.139206
2007-06-29,30.270000,29.020000,29.190001,21.363419
2007-07-02,29.500000,28.760000,28.910000,21.158493
2007-07-03,29.059999,28.500000,28.680000,20.990156
2007-07-05,29.260000,28.680000,28.980000,21.209723
2007-07-06,29.950001,28.940001,29.620001,21.678120
2007-07-09,29.629999,29.260000,29.309999,21.451241
2007-07-10,30.219999,29.040001,29.580000,21.648842
2007-07-11,30.000000,29.200001,29.250000,21.407326
2007-07-12,30.030001,29.250000,30.000000,21.956238
2007-07-13,30.020000,29.500000,29.860001,21.853775
2007-07-16,30.000000,29.430000,29.480000,21.575659
2007-07-17,30.799999,29.580000,30.420000,22.263617
2007-07-18,31.469999,30.280001,31.230000,22.856438
2007-07-19,32.840000,31.500000,32.660000,23.903027
2007-07-20,32.689999,31.760000,31.840000,23.302881
2007-07-23,32.160000,31.250000,31.389999,22.973532
2007-07-24,31.629999,30.760000,30.850000,22.578331
2007-07-25,31.379999,30.330000,31.090000,22.753975
2007-07-26,30.879999,29.520000,30.350000,22.212393
2007-07-27,30.360001,29.139999,29.240000,21.400009
2007-07-30,30.250000,29.000000,29.920000,21.897684
2007-07-31,30.030001,28.250000,28.340000,20.741322
2007-08-01,29.400000,27.889999,29.090000,21.290224
2007-08-02,29.270000,28.309999,28.709999,21.012112
2007-08-03,24.780001,22.629999,22.969999,16.811155
2007-08-06,23.379999,22.510000,23.180000,16.964851
2007-08-07,24.690001,22.900000,24.629999,18.026062
2007-08-08,25.430000,24.049999,24.540001,17.960199
2007-08-09,24.950001,23.299999,23.400000,17.125854
2007-08-10,24.100000,23.100000,23.459999,17.169781
2007-08-13,24.440001,23.180000,24.150000,17.674767
2007-08-14,24.250000,23.200001,23.430000,17.147821
2007-08-15,24.750000,23.510000,24.160000,17.682089
2007-08-16,26.450001,24.760000,25.270000,18.494469
2007-08-17,26.379999,25.389999,25.980000,19.014105
2007-08-20,26.209999,25.190001,25.620001,18.750626
2007-08-21,26.080000,25.280001,25.990000,19.021423
2007-08-22,27.719999,26.200001,27.450001,20.089958
2007-08-23,27.700001,26.790001,27.340000,20.009441
2007-08-24,28.200001,27.219999,28.090000,20.558348
2007-08-27,28.660000,27.740000,28.400000,20.785234
2007-08-28,28.490000,27.590000,27.690001,20.265604
2007-08-29,28.450001,27.590000,28.389999,20.777914
2007-08-30,28.580000,27.920000,28.170000,20.616903
2007-08-31,28.440001,27.680000,27.860001,20.390024
2007-09-04,28.500000,27.660000,28.219999,20.653496
2007-09-05,28.320000,27.750000,28.219999,20.653496
2007-09-06,28.780001,28.020000,28.270000,20.690092
2007-09-07,27.990000,26.750000,27.120001,19.848434
2007-09-10,27.549999,26.620001,27.139999,19.863070
2007-09-11,27.980000,27.180000,27.750000,20.309511
2007-09-12,27.690001,26.750000,27.040001,19.789888
2007-09-13,27.490000,26.889999,27.320000,19.994814
2007-09-14,27.100000,26.770000,26.980000,19.745964
2007-09-17,26.990000,26.500000,26.660000,19.511770
2007-09-18,27.450001,26.270000,27.410000,20.060671
2007-09-19,27.580000,26.920000,27.020000,19.775249
2007-09-20,27.240000,26.670000,26.750000,19.577642
2007-09-21,27.190001,26.530001,26.940001,19.716700
2007-09-24,27.750000,26.940001,27.270000,19.958216
2007-09-25,27.309999,26.780001,26.900000,19.687428
2007-09-26,27.240000,26.639999,27.129999,19.855755
2007-09-27,28.059999,26.870001,27.620001,20.214378
2007-09-28,27.610001,26.719999,26.910000,19.694742
2007-10-01,27.100000,26.480000,26.709999,19.548361
2007-10-02,26.709999,26.290001,26.379999,19.306849
2007-10-03,27.000000,26.100000,26.330000,19.270248
2007-10-04,26.230000,25.389999,25.910000,18.962868
2007-10-05,26.940001,25.830000,26.690001,19.533726
2007-10-08,27.370001,26.410000,27.120001,19.848434
2007-10-09,27.610001,26.950001,27.559999,20.170460
2007-10-10,28.350000,27.160000,28.180000,20.624224
2007-10-11,29.400000,28.270000,28.530001,20.880381
2007-10-12,28.969999,28.160000,28.700001,21.004797
2007-10-15,29.680000,28.500000,29.540001,21.619570
2007-10-16,29.969999,28.860001,29.180000,21.356096
2007-10-17,29.680000,28.570000,29.600000,21.663485
2007-10-18,30.100000,29.350000,29.980000,21.941599
2007-10-19,30.000000,29.219999,29.379999,21.502472
2007-10-22,30.340000,28.559999,30.070000,22.007469
2007-10-23,32.110001,30.250000,32.040001,23.449257
2007-10-24,31.740000,30.020000,31.559999,23.097958
2007-10-25,32.380001,30.420000,30.580000,22.380718
2007-10-26,31.850000,31.000000,31.490000,23.046724
2007-10-29,31.000000,29.920000,30.770000,22.519775
2007-10-30,30.980000,30.450001,30.809999,22.549051
2007-10-31,31.670000,30.850000,31.490000,23.046724
2007-11-01,32.080002,30.760000,30.850000,22.578331
2007-11-02,31.280001,29.549999,30.139999,22.058693
2007-11-05,30.070000,29.100000,29.709999,21.743990
2007-11-06,30.280001,29.709999,29.980000,21.941599
2007-11-07,29.690001,29.080000,29.139999,21.326822
2007-11-08,28.910000,26.430000,27.540001,20.155825
2007-11-09,27.290001,26.629999,26.879999,19.672783
2007-11-12,26.990000,25.900000,26.110001,19.109245
2007-11-13,26.990000,26.110001,26.950001,19.724016
2007-11-14,27.709999,26.370001,26.610001,19.475180
2007-11-15,26.940001,25.740000,26.200001,19.175114
2007-11-16,26.200001,24.700001,25.920000,18.970186
2007-11-19,26.240000,25.240000,25.469999,18.640837
2007-11-20,26.270000,24.620001,24.900000,18.223677
2007-11-21,24.900000,23.879999,24.440001,17.887009
2007-11-23,24.809999,24.340000,24.809999,18.157806
2007-11-26,24.780001,23.860001,23.900000,17.491793
2007-11-27,24.770000,23.950001,24.160000,17.682089
2007-11-28,25.639999,24.340000,25.430000,18.611568
2007-11-29,25.469999,24.870001,25.150000,18.406635
2007-11-30,25.490000,24.430000,24.709999,18.084620
2007-12-03,25.000000,24.490000,24.670000,18.055346
2007-12-04,24.889999,24.160000,24.760000,18.121208
2007-12-05,26.010000,24.840000,25.290001,18.509111
2007-12-06,26.170000,25.200001,26.070000,19.079966
2007-12-07,26.660000,26.170000,26.510000,19.401995
2007-12-10,27.030001,26.030001,27.020000,19.775249
2007-12-11,27.450001,26.320000,26.320000,19.262936
2007-12-12,27.260000,25.900000,26.480000,19.380041
2007-12-13,26.700001,25.930000,26.219999,19.189751
2007-12-14,26.040001,25.500000,25.570000,18.714029
2007-12-17,25.670000,25.290001,25.309999,18.523741
2007-12-18,25.719999,24.760000,25.240000,18.472511
2007-12-19,25.370001,24.680000,24.910000,18.230993
2007-12-20,25.230000,24.760000,25.030001,18.318813
2007-12-21,25.639999,25.000000,25.639999,18.765265
2007-12-24,26.299999,25.559999,25.770000,18.860401
2007-12-26,25.760000,25.559999,25.690001,18.801855
2007-12-27,25.620001,25.200001,25.320000,18.531059
2007-12-28,25.620001,24.860001,25.320000,18.531059
2007-12-31,25.190001,24.660000,24.959999,18.267584
2008-01-02,25.219999,24.299999,24.620001,18.018742
2008-01-03,25.370001,24.620001,25.049999,18.333454
2008-01-04,25.270000,24.340000,24.389999,17.850412
2008-01-07,24.000000,22.500000,22.910000,16.767246
2008-01-08,23.360001,22.240000,22.280001,16.306156
2008-01-09,23.400000,22.250000,22.920000,16.774559
2008-01-10,23.230000,22.430000,22.860001,16.730652
2008-01-11,23.440001,22.610001,22.879999,16.745281
2008-01-14,23.790001,23.010000,23.490000,17.191732
2008-01-15,23.389999,22.440001,22.559999,16.511087
2008-01-16,22.959999,22.190001,22.200001,16.247612
2008-01-17,22.830000,21.730000,21.940001,16.057333
2008-01-18,22.500000,21.700001,22.049999,16.137831
2008-01-22,21.580000,20.610001,21.139999,15.471826
2008-01-23,21.139999,19.580000,20.379999,14.915606
2008-01-24,22.670000,20.270000,22.200001,16.247612
2008-01-25,23.250000,22.040001,22.230000,16.269566
2008-01-28,23.070000,22.070000,22.830000,16.708696
2008-01-29,23.230000,22.549999,23.030001,16.855072
2008-01-30,23.889999,22.790001,23.219999,16.994123
2008-01-31,23.719999,22.799999,23.219999,16.994123
2008-02-01,23.930000,22.950001,23.780001,17.403973
2008-02-04,24.030001,23.299999,23.510000,17.206371
2008-02-05,23.110001,22.469999,22.520000,16.481817
2008-02-06,22.770000,21.549999,21.610001,15.815808
2008-02-07,22.260000,20.100000,21.840000,15.984135
2008-02-08,22.709999,21.629999,22.469999,16.445219
2008-02-11,22.690001,21.980000,22.190001,16.240294
2008-02-12,22.410000,21.309999,21.530001,15.757256
2008-02-13,23.389999,21.809999,23.040001,16.862387
2008-02-14,22.660000,21.620001,21.690001,15.874357
2008-02-15,21.770000,21.110001,21.400000,15.662116
2008-02-19,22.150000,21.290001,21.309999,15.596239
2008-02-20,21.629999,21.280001,21.440001,15.691392
2008-02-21,22.059999,21.440001,21.510000,15.742616
2008-02-22,22.100000,21.430000,22.100000,16.174427
2008-02-25,23.090000,22.049999,22.879999,16.745281
2008-02-26,23.540001,22.520000,23.129999,16.928257
2008-02-27,24.000000,22.870001,23.629999,17.294195
2008-02-28,23.559999,22.490000,22.580000,16.525732
2008-02-29,22.240000,21.370001,21.620001,15.823123
2008-03-03,22.959999,21.610001,22.520000,16.481817
2008-03-04,22.549999,21.930000,22.520000,16.481817
2008-03-05,23.000000,22.500000,22.980000,16.818474
2008-03-06,23.160000,22.340000,22.430000,16.415949
2008-03-07,23.340000,22.049999,22.500000,16.467175
2008-03-10,22.719999,21.309999,21.500000,15.735299
2008-03-11,22.240000,21.150000,22.200001,16.247612
2008-03-12,22.270000,21.299999,21.360001,15.632839
2008-03-13,21.870001,20.150000,21.719999,15.896316
2008-03-14,22.180000,20.840000,21.080000,15.427914
2008-03-17,21.090000,20.370001,20.700001,15.149797
2008-03-18,21.209999,20.120001,20.840000,15.252264
2008-03-19,21.090000,19.450001,19.490000,14.264234
2008-03-20,19.750000,19.000000,19.750000,14.454520
2008-03-24,20.940001,19.760000,20.900000,15.296173
2008-03-25,21.490000,20.799999,20.950001,15.332766
2008-03-26,20.910000,20.540001,20.719999,15.164440
2008-03-27,20.559999,19.900000,20.110001,14.717992
2008-03-28,20.600000,20.049999,20.120001,14.725315
2008-03-31,20.410000,19.809999,20.049999,14.674078
2008-04-01,21.080000,20.250000,20.900000,15.296173
2008-04-02,21.889999,20.730000,21.629999,15.830443
2008-04-03,22.200001,21.480000,22.010000,16.108559
2008-04-04,22.950001,21.490000,22.430000,16.415949
2008-04-07,22.570000,21.730000,22.260000,16.291525
2008-04-08,22.309999,21.600000,21.650000,15.845083
2008-04-09,21.660000,21.059999,21.200001,15.515741
2008-04-10,22.250000,21.180000,21.959999,16.071966
2008-04-11,22.219999,21.510000,21.700001,15.881671
2008-04-14,22.110001,21.490000,21.750000,15.918271
2008-04-15,21.750000,21.139999,21.360001,15.632839
2008-04-16,21.879999,21.139999,21.820000,15.969504
2008-04-17,22.110001,21.670000,21.910000,16.035370
2008-04-18,23.160000,22.260000,22.889999,16.752604
2008-04-21,23.379999,22.610001,23.240000,17.008762
2008-04-22,23.170000,21.990000,22.160000,16.218336
2008-04-23,23.080000,22.139999,23.070000,16.884352
2008-04-24,23.840000,22.690001,23.520000,17.213686
2008-04-25,23.700001,22.969999,23.440001,17.155134
2008-04-28,23.910000,23.309999,23.670000,17.323471
2008-04-29,24.070000,23.360001,24.059999,17.608891
2008-04-30,24.580000,23.930000,24.200001,17.711359
2008-05-01,25.020000,24.250000,24.969999,18.274900
2008-05-02,25.340000,24.500000,24.870001,18.201719
2008-05-05,25.360001,24.750000,25.270000,18.494469
2008-05-06,25.969999,25.020000,25.719999,18.823811
2008-05-07,25.980000,25.209999,25.340000,18.545698
2008-05-08,26.469999,25.540001,26.030001,19.050692
2008-05-09,26.549999,25.799999,26.299999,19.248297
2008-05-12,26.430000,25.290001,25.650000,18.772579
2008-05-13,25.870001,24.980000,25.820000,18.896997
2008-05-14,26.920000,25.820000,26.580000,19.453228
2008-05-15,27.160000,26.360001,27.129999,19.855755
2008-05-16,27.430000,26.799999,27.309999,19.987492
2008-05-19,27.490000,26.120001,26.379999,19.306849
2008-05-20,26.440001,25.790001,26.330000,19.270248
2008-05-21,26.770000,25.540001,25.790001,18.875044
2008-05-22,24.860001,23.309999,24.600000,18.004105
2008-05-23,24.309999,23.670000,23.770000,17.396660
2008-05-27,24.000000,23.580000,23.920000,17.506435
2008-05-28,24.120001,23.830000,23.990000,17.557663
2008-05-29,24.629999,23.850000,24.340000,17.813820
2008-05-30,24.559999,24.110001,24.379999,17.843098
2008-06-02,24.360001,23.480000,23.790001,17.411297
2008-06-03,24.610001,23.740000,23.959999,17.535709
2008-06-04,24.030001,22.900000,23.590000,17.264915
2008-06-05,24.400000,23.590000,24.120001,17.652811
2008-06-06,24.350000,23.629999,23.740000,17.374702
2008-06-09,24.070000,23.389999,23.990000,17.557663
2008-06-10,23.980000,23.469999,23.530001,17.221004
2008-06-11,23.650000,23.000000,23.010000,16.840429
2008-06-12,23.530001,23.010000,23.459999,17.169781
2008-06-13,24.120001,23.459999,24.120001,17.652811
2008-06-16,24.190001,23.730000,23.809999,17.425938
2008-06-17,24.150000,23.799999,23.990000,17.557663
2008-06-18,23.910000,23.410000,23.660000,17.316149
2008-06-19,23.990000,23.260000,23.950001,17.528399
2008-06-20,23.860001,23.200001,23.299999,17.052675
2008-06-23,23.559999,22.750000,22.879999,16.745281
2008-06-24,23.270000,22.530001,22.990000,16.825794
2008-06-25,23.270000,22.730000,22.910000,16.767246
2008-06-26,22.870001,21.980000,22.110001,16.181747
2008-06-27,22.330000,21.760000,22.110001,16.181747
2008-06-30,22.219999,21.559999,21.660000,15.852400
2008-07-01,22.080000,21.320000,22.080000,16.159786
2008-07-02,22.320000,21.760000,21.990000,16.093924
2008-07-03,22.280001,21.700001,21.940001,16.057333
2008-07-07,23.440001,22.540001,23.150000,16.942896
2008-07-08,23.549999,22.610001,23.549999,17.235649
2008-07-09,23.820000,22.490000,22.520000,16.481817
2008-07-10,22.780001,21.639999,22.059999,16.145151
2008-07-11,22.370001,21.530001,21.940001,16.057333
2008-07-14,22.500000,21.650000,21.879999,16.013409
2008-07-15,22.520000,21.540001,22.070000,16.152464
2008-07-16,22.709999,21.820000,22.639999,16.569637
2008-07-17,23.510000,22.549999,23.240000,17.008762
2008-07-18,23.719999,22.889999,23.190001,16.972170
2008-07-21,23.590000,22.870001,22.990000,16.825794
2008-07-22,23.559999,22.680000,23.549999,17.235649
2008-07-23,24.670000,23.500000,24.450001,17.894325
2008-07-24,24.350000,23.690001,23.690001,17.338102
2008-07-25,24.730000,23.629999,24.600000,18.004105
2008-07-28,25.250000,24.500000,24.570000,17.982153
2008-07-29,25.740000,24.580000,25.559999,18.706709
2008-07-30,25.990000,25.120001,25.260000,18.487154
2008-07-31,25.930000,25.000000,25.549999,18.699394
2008-08-01,25.549999,24.650000,25.250000,18.479828
2008-08-04,26.000000,25.410000,25.559999,18.706709
2008-08-05,26.040001,25.540001,25.959999,18.999460
2008-08-06,26.150000,25.320000,25.980000,19.014105
2008-08-07,26.410000,25.430000,26.040001,19.058020
2008-08-08,26.500000,25.950001,26.309999,19.255615
2008-08-11,26.780001,25.910000,26.420000,19.336128
2008-08-12,26.660000,26.170000,26.309999,19.255615
2008-08-13,26.160000,25.400000,25.690001,18.801855
2008-08-14,25.230000,24.320000,24.639999,18.033381
2008-08-15,24.910000,24.320000,24.680000,18.062658
2008-08-18,24.940001,24.379999,24.420000,17.872372
2008-08-19,24.660000,24.160000,24.309999,17.791872
2008-08-20,24.490000,23.879999,23.980000,17.550354
2008-08-21,24.150000,23.690001,24.010000,17.572302
2008-08-22,24.240000,23.840000,24.100000,17.638174
2008-08-25,24.590000,23.740000,24.040001,17.594259
2008-08-26,24.270000,23.870001,24.080000,17.623537
2008-08-27,25.650000,24.020000,25.549999,18.699394
2008-08-28,26.020000,25.389999,25.510000,18.670115
2008-08-29,25.549999,25.000000,25.480000,18.648159
2008-09-02,25.930000,24.900000,25.080000,18.355412
2008-09-03,25.219999,24.410000,25.139999,18.399323
2008-09-04,25.090000,24.389999,24.490000,17.923607
2008-09-05,24.629999,24.040001,24.400000,17.857735
2008-09-08,24.809999,23.820000,24.430000,17.879688
2008-09-09,24.610001,23.420000,23.530001,17.221004
2008-09-10,24.040001,23.280001,23.840000,17.447884
2008-09-11,24.030001,23.379999,23.990000,17.557663
2008-09-12,24.480000,23.520000,24.320000,17.799185
2008-09-15,24.370001,23.250000,23.330000,17.074633
2008-09-16,23.940001,22.280001,22.790001,16.679419
2008-09-17,22.750000,21.750000,21.799999,15.954865
2008-09-18,22.000000,19.600000,20.430000,14.952195
2008-09-19,21.600000,19.639999,21.120001,15.457186
2008-09-22,20.620001,18.549999,18.730000,13.708010
2008-09-23,19.320000,17.940001,18.129999,13.268888
2008-09-24,19.160000,18.200001,18.809999,13.766559
2008-09-25,19.420000,18.480000,18.820000,13.773877
2008-09-26,18.850000,18.139999,18.799999,13.759235
2008-09-29,18.830000,16.870001,16.900000,12.368675
2008-09-30,18.260000,17.000000,18.230000,13.342070
2008-10-01,18.139999,17.450001,17.690001,12.946856
2008-10-02,17.629999,16.980000,17.030001,12.463825
2008-10-03,17.309999,15.940000,16.040001,11.739267
2008-10-06,15.780000,13.330000,14.750000,10.795146
2008-10-07,15.010000,12.790000,12.950000,9.477776
2008-10-08,13.620000,12.380000,13.250000,9.697334
2008-10-09,14.100000,13.250000,13.400000,9.807117
2008-10-10,14.190000,12.620000,13.250000,9.697334
2008-10-13,14.950000,13.840000,14.920000,10.919568
2008-10-14,16.049999,14.210000,14.230000,10.414572
2008-10-15,13.720000,12.430000,12.430000,9.097198
2008-10-16,13.740000,12.050000,13.580000,9.938856
2008-10-17,14.050000,12.810000,13.140000,9.616833
2008-10-20,13.990000,12.980000,13.950000,10.209647
2008-10-21,13.900000,13.000000,13.000000,9.514372
2008-10-22,13.380000,12.610000,13.040000,9.543642
2008-10-23,13.100000,11.650000,12.430000,9.097198
2008-10-24,12.540000,11.510000,12.200000,8.928867
2008-10-27,12.570000,11.520000,11.790000,8.628799
2008-10-28,12.970000,11.750000,12.900000,9.441184
2008-10-29,14.190000,12.650000,13.480000,9.865665
2008-10-30,14.170000,13.320000,13.700000,10.026678
2008-10-31,13.830000,13.330000,13.530000,9.902261
2008-11-03,14.390000,13.400000,14.120000,10.334067
2008-11-04,14.270000,13.600000,13.930000,10.195012
2008-11-05,14.060000,13.230000,13.280000,9.719294
2008-11-06,13.510000,12.360000,12.480000,9.133792
2008-11-07,12.890000,12.250000,12.800000,9.367990
2008-11-10,13.120000,12.230000,12.440000,9.104521
2008-11-11,12.270000,11.570000,11.680000,8.548295
2008-11-12,11.620000,10.390000,10.390000,7.604175
2008-11-13,12.140000,10.740000,12.140000,8.884955
2008-11-14,12.780000,11.480000,12.300000,9.002052
2008-11-17,12.460000,11.840000,12.170000,8.906910
2008-11-18,12.990000,12.240000,12.740000,9.324080
2008-11-19,12.950000,11.700000,11.720000,8.577567
2008-11-20,13.030000,11.270000,12.030000,8.804445
2008-11-21,12.530000,11.580000,12.510000,9.155752
2008-11-24,13.250000,12.250000,13.080000,9.572917
2008-11-25,13.240000,12.640000,13.030000,9.536322
2008-11-26,13.450000,12.830000,13.450000,9.843714
2008-11-28,13.560000,13.090000,13.500000,9.880306
2008-12-01,13.220000,12.200000,12.210000,8.936186
2008-12-02,12.920000,12.230000,12.780000,9.353354
2008-12-03,13.200000,12.310000,13.180000,9.646106
2008-12-04,13.000000,11.930000,12.180000,8.914227
2008-12-05,12.930000,11.660000,12.870000,9.419225
2008-12-08,13.910000,12.860000,13.750000,10.063272
2008-12-09,14.340000,13.480000,13.870000,10.151096
2008-12-10,14.110000,13.700000,14.020000,10.260879
2008-12-11,14.240000,13.280000,13.510000,9.887625
2008-12-12,13.620000,13.110000,13.540000,9.909582
2008-12-15,13.770000,13.090000,13.560000,9.924217
2008-12-16,14.600000,13.670000,14.440000,10.568269
2008-12-17,14.270000,13.550000,13.970000,10.224285
2008-12-18,14.050000,13.540000,13.710000,10.034000
2008-12-19,14.020000,13.500000,13.600000,9.953494
2008-12-22,13.690000,12.720000,12.910000,9.448499
2008-12-23,13.370000,12.910000,13.060000,9.558278
2008-12-24,13.410000,12.770000,12.770000,9.346036
2008-12-26,12.950000,12.500000,12.590000,9.214304
2008-12-29,12.950000,12.400000,12.710000,9.302124
2008-12-30,13.430000,12.730000,13.390000,9.799801
2008-12-31,14.230000,13.460000,13.970000,10.224285
2009-01-02,14.830000,13.850000,14.770000,10.809785
2009-01-05,14.820000,14.270000,14.390000,10.531672
2009-01-06,14.760000,13.930000,14.640000,10.714640
2009-01-07,14.490000,13.790000,13.940000,10.202329
2009-01-08,15.150000,13.970000,15.110000,11.058620
2009-01-09,15.100000,14.350000,14.750000,10.795146
2009-01-12,14.460000,13.890000,14.180000,10.377978
2009-01-13,14.330000,13.560000,13.820000,10.114507
2009-01-14,14.120000,13.570000,13.810000,10.107189
2009-01-15,14.450000,13.550000,14.260000,10.436526
2009-01-16,14.990000,14.230000,14.920000,10.919568
2009-01-20,14.780000,13.580000,13.600000,9.953494
2009-01-21,14.100000,13.500000,14.010000,10.253564
2009-01-22,14.610000,13.600000,14.350000,10.502398
2009-01-23,15.690000,13.850000,15.320000,11.212316
2009-01-26,15.910000,14.700000,14.850000,10.868338
2009-01-27,15.530000,14.850000,15.400000,11.270865
2009-01-28,16.320000,15.530000,16.260000,11.900277
2009-01-29,16.280001,15.840000,15.940000,11.666081
2009-01-30,16.260000,14.770000,14.830000,10.853699
2009-02-02,15.370000,14.340000,15.190000,11.117168
2009-02-03,15.390000,14.620000,15.310000,11.205000
2009-02-04,15.700000,14.970000,15.050000,11.014713
2009-02-05,15.420000,14.650000,15.370000,11.248909
2009-02-06,16.260000,15.210000,16.139999,11.812452
2009-02-09,16.740000,15.850000,16.299999,11.929555
2009-02-10,16.299999,14.770000,14.930000,10.926888
2009-02-11,15.500000,14.890000,15.200000,11.124492
2009-02-12,16.700001,14.070000,16.400000,12.002743
2009-02-13,16.480000,15.870000,16.110001,11.790496
2009-02-17,15.920000,15.360000,15.590000,11.409922
2009-02-18,15.840000,15.010000,15.150000,11.087897
2009-02-19,15.350000,14.440000,14.450000,10.575587
2009-02-20,14.710000,14.000000,14.210000,10.399937
2009-02-23,14.290000,13.000000,13.040000,9.543642
2009-02-24,13.780000,13.130000,13.540000,9.909582
2009-02-25,14.060000,13.260000,13.710000,10.034000
2009-02-26,13.950000,13.120000,13.170000,9.638786
2009-02-27,13.860000,12.840000,13.440000,9.836391
2009-03-02,13.500000,12.830000,12.900000,9.441184
2009-03-03,13.620000,12.960000,13.310000,9.741251
2009-03-04,13.790000,13.010000,13.590000,9.946174
2009-03-05,13.620000,13.030000,13.070000,9.565600
2009-03-06,13.400000,12.600000,12.900000,9.441184
2009-03-09,13.200000,12.390000,12.520000,9.163069
2009-03-10,13.880000,12.770000,13.800000,10.099868
2009-03-11,14.700000,13.750000,14.560000,10.656093
2009-03-12,15.040000,14.200000,14.990000,10.970799
2009-03-13,15.310000,14.730000,15.050000,11.014713
2009-03-16,15.100000,14.400000,14.430000,10.560946
2009-03-17,14.850000,14.230000,14.850000,10.868338
2009-03-18,16.400000,14.580000,16.030001,11.731946
2009-03-19,16.190001,15.580000,15.660000,11.461156
2009-03-20,16.000000,14.480000,14.840000,10.861019
2009-03-23,16.080000,14.690000,16.010000,11.717309
2009-03-24,15.960000,15.190000,15.500000,11.344054
2009-03-25,15.900000,14.720000,15.260000,11.168405
2009-03-26,15.860000,15.250000,15.860000,11.607532
2009-03-27,15.630000,15.040000,15.090000,11.043984
2009-03-30,14.890000,14.430000,14.670000,10.736598
2009-03-31,15.160000,14.650000,14.840000,10.861019
2009-04-01,15.480000,14.250000,15.400000,11.270865
2009-04-02,16.030001,15.550000,15.700000,11.490427
2009-04-03,16.129999,15.490000,16.129999,11.805134
2009-04-06,15.970000,15.160000,15.570000,11.395287
2009-04-07,15.480000,14.800000,14.970000,10.956162
2009-04-08,16.790001,15.260000,16.629999,12.171069
2009-04-09,17.070000,16.230000,16.959999,12.412592
2009-04-13,16.900000,16.309999,16.719999,12.236941
2009-04-14,17.510000,16.500000,17.090000,12.507736
2009-04-15,17.490000,16.930000,17.440001,12.763891
2009-04-16,18.110001,17.379999,17.969999,13.151786
2009-04-17,17.980000,17.430000,17.590000,12.873672
2009-04-20,18.100000,17.440001,17.790001,13.020048
2009-04-21,18.400000,17.680000,18.040001,13.203021
2009-04-22,19.360001,17.730000,18.840000,13.788514
2009-04-23,18.709999,18.030001,18.360001,13.437218
2009-04-24,18.690001,18.030001,18.629999,13.634813
2009-04-27,18.469999,17.879999,17.950001,13.137147
2009-04-28,17.650000,17.059999,17.430000,12.756572
2009-04-29,18.350000,17.440001,17.969999,13.151786
2009-04-30,18.350000,17.670000,18.299999,13.393302
2009-05-01,18.680000,17.760000,18.400000,13.466488
2009-05-04,18.900000,18.170000,18.900000,13.832429
2009-05-05,18.900000,18.100000,18.330000,13.415257
2009-05-06,18.629999,17.820000,18.230000,13.342070
2009-05-07,18.389999,17.260000,17.389999,12.727297
2009-05-08,18.040001,17.370001,17.500000,12.807803
2009-05-11,17.280001,16.820000,16.930000,12.390635
2009-05-12,17.330000,16.790001,17.250000,12.624836
2009-05-13,17.260000,16.809999,17.059999,12.485774
2009-05-14,17.639999,16.959999,17.410000,12.741936
2009-05-15,17.920000,17.270000,17.570000,12.859036
2009-05-18,17.700001,17.219999,17.690001,12.946856
2009-05-19,18.480000,17.350000,18.070000,13.224972
2009-05-20,18.280001,17.250000,17.340000,12.690709
2009-05-21,18.190001,16.709999,17.879999,13.085915
2009-05-22,18.709999,17.620001,18.459999,13.510400
2009-05-26,19.990000,18.320000,19.930000,14.586253
2009-05-27,19.870001,19.120001,19.219999,14.066628
2009-05-28,19.430000,18.410000,18.950001,13.869022
2009-05-29,19.500000,18.879999,19.500000,14.271551
2009-06-01,20.950001,19.740000,20.690001,15.142480
2009-06-02,20.160000,19.200001,19.340000,14.154451
2009-06-03,19.180000,18.410000,18.570000,13.590905
2009-06-04,19.090000,18.650000,18.860001,13.803153
2009-06-05,19.129999,18.270000,18.820000,13.773877
2009-06-08,19.180000,18.430000,18.980000,13.890977
2009-06-09,19.700001,19.000000,19.500000,14.271551
2009-06-10,19.650000,18.830000,19.170000,14.030033
2009-06-11,20.230000,19.200001,19.920000,14.578941
2009-06-12,20.160000,19.320000,20.139999,14.739952
2009-06-15,20.139999,19.490000,19.820000,14.505753
2009-06-16,19.980000,19.240000,19.280001,14.110538
2009-06-17,19.610001,18.840000,19.129999,14.000757
2009-06-18,19.209999,18.760000,18.830000,13.781195
2009-06-19,19.570000,18.920000,19.549999,14.308148
2009-06-22,19.540001,18.879999,18.910000,13.839746
2009-06-23,19.049999,18.420000,18.790001,13.751921
2009-06-24,19.440001,18.790001,19.110001,13.986116
2009-06-25,19.500000,18.870001,19.440001,14.227641
2009-06-26,19.660000,19.209999,19.400000,14.198363
2009-06-29,19.930000,19.299999,19.780001,14.476480
2009-06-30,19.889999,19.350000,19.719999,14.432566
2009-07-01,19.950001,19.559999,19.790001,14.483792
2009-07-02,19.559999,18.830000,18.959999,13.876339
2009-07-06,19.150000,18.430000,18.850000,13.795836
2009-07-07,18.950001,18.059999,18.090000,13.239608
2009-07-08,18.530001,17.860001,18.389999,13.459169
2009-07-09,19.150000,18.430000,19.010000,13.912935
2009-07-10,19.340000,18.799999,19.209999,14.059308
2009-07-13,20.080000,18.860001,20.030001,14.659447
2009-07-14,20.129999,19.670000,20.049999,14.674078
2009-07-15,21.020000,20.160000,20.920000,15.310810
2009-07-16,21.500000,20.799999,21.459999,15.706027
2009-07-17,21.750000,21.070000,21.520000,15.749930
2009-07-20,21.730000,21.030001,21.320000,15.603561
2009-07-21,22.510000,21.580000,22.490000,16.459854
2009-07-22,22.799999,22.139999,22.370001,16.372032
2009-07-23,23.389999,22.639999,23.010000,16.840429
2009-07-24,23.030001,22.469999,22.990000,16.825794
2009-07-27,23.290001,22.790001,23.030001,16.855072
2009-07-28,23.600000,22.770000,23.559999,17.242962
2009-07-29,23.459999,22.930000,23.150000,16.942896
2009-07-30,23.879999,22.940001,23.049999,16.869703
2009-07-31,22.950001,22.320000,22.459999,16.437910
2009-08-03,22.850000,22.330000,22.510000,16.474501
2009-08-04,23.209999,22.370001,23.049999,16.869703
2009-08-05,23.270000,22.559999,22.889999,16.752604
2009-08-06,23.299999,22.709999,22.840000,16.716013
2009-08-07,23.299999,22.690001,23.070000,16.884352
2009-08-10,23.340000,22.799999,23.030001,16.855072
2009-08-11,23.309999,22.700001,23.170000,16.957533
2009-08-12,23.959999,23.010000,23.750000,17.382011
2009-08-13,24.190001,23.459999,24.070000,17.616222
2009-08-14,24.000000,23.510000,23.590000,17.264915
2009-08-17,23.280001,22.469999,22.540001,16.496449
2009-08-18,23.059999,22.610001,22.850000,16.723335
2009-08-19,23.389999,22.610001,22.889999,16.752604
2009-08-20,22.350000,21.500000,21.549999,15.771895
2009-08-21,21.990000,21.290001,21.980000,16.086597
2009-08-24,22.080000,21.500000,21.930000,16.050011
2009-08-25,22.420000,21.709999,21.920000,16.042685
2009-08-26,22.350000,21.820000,22.240000,16.276888
2009-08-27,23.120001,22.059999,23.040001,16.862387
2009-08-28,23.940001,23.049999,23.320000,17.067310
2009-08-31,23.350000,22.600000,22.750000,16.650146
2009-09-01,23.209999,22.030001,22.150000,16.211016
2009-09-02,22.639999,22.020000,22.340000,16.350073
2009-09-03,22.520000,22.139999,22.480000,16.452538
2009-09-04,23.360001,22.469999,23.330000,17.074633
2009-09-08,23.830000,23.320000,23.590000,17.264915
2009-09-09,23.959999,23.340000,23.809999,17.425938
2009-09-10,24.740000,23.660000,24.650000,18.040703
2009-09-11,24.709999,24.250000,24.280001,17.769911
2009-09-14,24.549999,24.070000,24.490000,17.923607
2009-09-15,24.930000,24.309999,24.719999,18.091936
2009-09-16,25.090000,24.549999,25.000000,18.296858
2009-09-17,24.980000,24.430000,24.750000,18.113895
2009-09-18,24.910000,24.469999,24.750000,18.113895
2009-09-21,25.889999,25.309999,25.629999,18.757942
2009-09-22,26.150000,25.559999,25.990000,19.021423
2009-09-23,26.950001,25.959999,26.270000,19.226341
2009-09-24,26.450001,25.750000,25.990000,19.021423
2009-09-25,26.110001,25.750000,25.940001,18.984825
2009-09-28,26.790001,25.990000,26.309999,19.255615
2009-09-29,26.570000,26.010000,26.150000,19.138519
2009-09-30,27.030001,25.950001,26.680000,19.526411
2009-10-01,26.780001,25.959999,26.040001,19.058020
2009-10-02,26.160000,25.410000,25.889999,18.948231
2009-10-05,27.080000,26.330000,26.799999,19.614235
2009-10-06,27.080000,26.500000,26.830000,19.636200
2009-10-07,26.959999,25.969999,26.440001,19.350761
2009-10-08,27.910000,26.299999,27.570000,20.177774
2009-10-09,29.100000,27.740000,28.840000,21.107262
2009-10-12,29.020000,28.080000,28.360001,20.755957
2009-10-13,29.180000,28.120001,28.990000,21.217043
2009-10-14,29.629999,29.209999,29.500000,21.590292
2009-10-15,29.490000,28.850000,29.280001,21.429279
2009-10-16,29.170000,28.270000,28.690001,20.997480
2009-10-19,29.139999,28.610001,28.990000,21.217043
2009-10-20,29.100000,28.320000,28.559999,20.902336
2009-10-21,29.160000,28.340000,28.540001,20.887691
2009-10-22,29.180000,28.160000,29.110001,21.304865
2009-10-23,29.350000,28.600000,28.750000,21.041389
2009-10-26,29.469999,28.440001,28.639999,20.960888
2009-10-27,29.070000,27.799999,27.900000,20.419294
2009-10-28,27.990000,26.940001,26.990000,19.753290
2009-10-29,27.940001,27.040001,27.690001,20.265604
2009-10-30,27.870001,26.889999,27.049999,19.797199
2009-11-02,27.840000,27.010000,27.600000,20.199736
2009-11-03,27.900000,27.250000,27.799999,20.346107
2009-11-04,28.219999,27.559999,27.660000,20.243650
2009-11-05,28.980000,27.959999,28.770000,21.056025
2009-11-06,28.940001,28.150000,28.379999,20.770592
2009-11-09,29.900000,28.850000,29.840000,21.839136
2009-11-10,30.139999,29.150000,29.320000,21.458555
2009-11-11,29.780001,29.000000,29.180000,21.356096
2009-11-12,29.309999,28.840000,28.900000,21.151175
2009-11-13,29.950001,29.049999,29.709999,21.743990
2009-11-16,30.200001,29.559999,29.660000,21.707397
2009-11-17,29.790001,29.070000,29.719999,21.751312
2009-11-18,29.680000,28.950001,29.620001,21.678120
2009-11-19,31.250000,30.139999,30.830000,22.563686
2009-11-20,30.620001,30.010000,30.440001,22.278255
2009-11-23,31.299999,30.629999,30.900000,22.614923
2009-11-24,31.090000,30.480000,30.940001,22.644192
2009-11-25,31.500000,30.889999,31.450001,23.017447
2009-11-27,31.049999,30.110001,30.830000,22.563686
2009-11-30,30.920000,30.420000,30.809999,22.549051
2009-12-01,31.799999,30.930000,31.650000,23.163824
2009-12-02,31.850000,31.360001,31.700001,23.200418
2009-12-03,31.860001,31.510000,31.510000,23.061365
2009-12-04,32.799999,31.730000,32.740002,23.961567
2009-12-07,33.290001,32.299999,33.090000,24.217722
2009-12-08,33.500000,32.560001,33.349998,24.408010
2009-12-09,33.820000,33.009998,33.669998,24.642208
2009-12-10,33.820000,32.990002,33.049999,24.188456
2009-12-11,33.500000,32.650002,32.910000,24.085987
2009-12-14,33.520000,32.910000,33.360001,24.415335
2009-12-15,33.580002,33.029999,33.540001,24.547066
2009-12-16,33.990002,33.509998,33.660000,24.634892
2009-12-17,34.000000,33.130001,33.830002,24.759315
2009-12-18,33.540001,32.709999,33.230000,24.320183
2009-12-21,33.980000,33.290001,33.529999,24.539749
2009-12-22,33.740002,33.040001,33.389999,24.437283
2009-12-23,33.889999,33.310001,33.849998,24.773943
2009-12-24,34.180000,33.689999,34.160000,25.000830
2009-12-28,34.389999,33.840000,34.009998,24.891052
2009-12-29,34.040001,33.619999,33.849998,24.773943
2009-12-30,34.570000,33.660000,34.540001,25.278948
2009-12-31,34.990002,34.340000,34.360001,25.147217
2010-01-04,34.869999,34.000000,34.189999,25.022785
2010-01-05,34.349998,33.380001,33.590000,24.583664
2010-01-06,33.990002,33.099998,33.349998,24.408010
2010-01-07,33.529999,32.990002,33.270000,24.349464
2010-01-08,33.590000,32.779999,33.540001,24.547066
2010-01-11,33.750000,32.730000,32.939999,24.107943
2010-01-12,33.020000,32.049999,32.450001,23.749327
2010-01-13,33.869999,32.700001,33.730000,24.686119
2010-01-14,34.250000,33.599998,33.650002,24.627571
2010-01-15,34.000000,32.990002,33.150002,24.261641
2010-01-19,33.840000,33.160000,33.299999,24.371416
2010-01-20,33.070000,31.799999,32.500000,23.785921
2010-01-21,33.040001,31.620001,31.780001,23.258966
2010-01-22,32.110001,30.760000,30.780001,22.527098
2010-01-25,31.420000,30.580000,30.930000,22.636875
2010-01-26,31.540001,30.530001,30.910000,22.622242
2010-01-27,31.209999,30.309999,30.930000,22.636875
2010-01-28,30.920000,29.480000,29.820000,21.824499
2010-01-29,30.280001,28.920000,29.129999,21.319502
2010-02-01,30.160000,29.100000,30.110001,22.036745
2010-02-02,31.129999,30.000000,30.969999,22.666159
2010-02-03,31.160000,30.660000,31.020000,22.702742
2010-02-04,30.950001,29.840000,29.889999,21.875734
2010-02-05,30.469999,29.469999,30.379999,22.234337
2010-02-08,31.070000,30.200001,30.520000,22.336809
2010-02-09,31.180000,30.410000,31.010000,22.695423
2010-02-10,31.100000,30.530001,30.760000,22.512455
2010-02-11,31.629999,30.500000,31.540001,23.083319
2010-02-12,31.610001,30.790001,31.459999,23.024765
2010-02-16,32.320000,31.740000,32.299999,23.639547
2010-02-17,32.310001,31.700001,32.080002,23.478535
2010-02-18,31.700001,30.260000,31.680000,23.185781
2010-02-19,31.860001,31.000000,31.290001,22.900347
2010-02-22,31.510000,30.540001,30.639999,22.424631
2010-02-23,30.549999,29.620001,29.900000,21.883051
2010-02-24,30.350000,29.570000,29.830000,21.831812
2010-02-25,30.160000,29.200001,30.010000,21.963556
2010-02-26,30.290001,29.799999,30.010000,21.963556
2010-03-01,31.520000,30.120001,31.459999,23.024765
2010-03-02,31.690001,30.790001,31.090000,22.753975
2010-03-03,32.009998,30.990000,31.240000,22.863756
2010-03-04,31.420000,31.030001,31.360001,22.951578
2010-03-05,32.230000,31.469999,32.049999,23.456573
2010-03-08,32.889999,32.340000,32.509998,23.793232
2010-03-09,32.860001,32.209999,32.549999,23.822512
2010-03-10,33.310001,32.419998,33.180000,24.283596
2010-03-11,33.340000,32.880001,33.320000,24.386059
2010-03-12,33.689999,32.750000,32.910000,24.085987
2010-03-15,33.299999,32.549999,32.820000,24.020123
2010-03-16,33.230000,32.650002,33.189999,24.290920
2010-03-17,33.400002,32.750000,33.040001,24.181126
2010-03-18,33.369999,32.830002,33.299999,24.371416
2010-03-19,33.580002,32.160000,32.459999,23.756641
2010-03-22,33.169998,32.200001,32.939999,24.107943
2010-03-23,32.980000,32.430000,32.740002,23.961567
2010-03-24,33.279999,32.450001,33.169998,24.276274
2010-03-25,33.509998,32.610001,32.619999,23.873747
2010-03-26,33.110001,32.480000,32.730000,23.954252
2010-03-29,33.189999,32.419998,32.540001,23.815199
2010-03-30,32.720001,32.049999,32.570000,23.837145
2010-03-31,32.840000,32.250000,32.540001,23.815199
2010-04-01,34.669998,33.220001,34.259998,25.074018
2010-04-05,34.910000,34.189999,34.770000,25.447273
2010-04-06,34.880001,34.310001,34.830002,25.491184
2010-04-07,35.590000,34.650002,35.119999,25.703426
2010-04-08,35.000000,34.090000,34.840000,25.498512
2010-04-09,35.529999,34.869999,35.529999,26.003502
2010-04-12,35.529999,34.709999,34.939999,25.571692
2010-04-13,35.029999,34.549999,34.689999,25.388723
2010-04-14,35.970001,34.880001,35.860001,26.245020
2010-04-15,36.000000,35.630001,35.669998,26.105967
2010-04-16,36.090000,35.009998,35.150002,25.725382
2010-04-19,35.389999,34.200001,34.790001,25.461910
2010-04-20,34.840000,34.340000,34.669998,25.374084
2010-04-21,35.310001,34.509998,35.189999,25.754660
2010-04-22,35.500000,34.470001,35.349998,25.871754
2010-04-23,36.279999,35.150002,36.169998,26.471899
2010-04-26,36.490002,35.790001,35.889999,26.266966
2010-04-27,35.900002,34.590000,34.849998,25.505825
2010-04-28,35.560001,34.820000,35.529999,26.003502
2010-04-29,36.250000,35.290001,35.840000,26.230381
2010-04-30,36.000000,34.639999,34.669998,25.374084
2010-05-03,35.130001,34.700001,34.880001,25.527782
2010-05-04,34.490002,33.250000,34.020000,24.898365
2010-05-05,34.189999,33.470001,34.070000,24.934958
2010-05-06,34.299999,30.530001,33.009998,24.159176
2010-05-07,32.950001,30.850000,31.469999,23.032085
2010-05-10,34.000000,32.730000,33.930000,24.832500
2010-05-11,34.080002,33.310001,33.459999,24.488520
2010-05-12,34.099998,33.150002,34.049999,24.920321
2010-05-13,34.349998,33.490002,33.700001,24.664167
2010-05-14,33.939999,32.520000,33.750000,24.700768
2010-05-17,34.250000,33.270000,33.959999,24.854452
2010-05-18,34.590000,33.299999,33.540001,24.547066
2010-05-19,34.009998,33.130001,33.549999,24.554380
2010-05-20,33.250000,32.009998,32.560001,23.829832
2010-05-21,32.970001,31.799999,32.830002,24.027441
2010-05-24,33.000000,31.660000,32.400002,23.712727
2010-05-25,33.169998,31.070000,33.090000,24.217722
2010-05-26,34.060001,32.279999,32.430000,23.734692
2010-05-27,38.650002,35.180000,38.169998,27.935648
2010-05-28,38.549999,37.209999,37.680000,27.577028
2010-06-01,38.619999,37.000000,37.619999,27.533117
2010-06-02,38.980000,37.360001,38.950001,28.506523
2010-06-03,39.410000,38.320000,38.880001,28.455282
2010-06-04,39.400002,37.630001,37.880001,27.723396
2010-06-07,38.919998,36.930000,37.029999,27.101307
2010-06-08,37.540001,36.330002,37.389999,27.364792
2010-06-09,38.959999,37.389999,37.509998,27.452616
2010-06-10,38.730000,37.770000,38.490002,28.169857
2010-06-11,40.090000,37.910000,39.990002,29.267666
2010-06-14,40.830002,39.630001,39.919998,29.216434
2010-06-15,41.450001,39.950001,41.380001,30.284960
2010-06-16,41.380001,40.740002,41.000000,30.006855
2010-06-17,41.790001,40.750000,41.779999,30.577713
2010-06-18,41.840000,41.220001,41.220001,30.167856
2010-06-21,41.869999,40.220001,40.529999,29.662861
2010-06-22,40.900002,39.630001,39.770000,29.106647
2010-06-23,40.410000,39.400002,40.099998,29.348156
2010-06-24,40.340000,39.349998,39.619999,28.996870
2010-06-25,40.080002,38.869999,39.759998,29.099335
2010-06-28,40.430000,39.349998,39.790001,29.121277
2010-06-29,39.240002,37.669998,37.990002,27.803919
2010-06-30,38.259998,37.259998,37.310001,27.306242
2010-07-01,38.290001,36.799999,38.110001,27.891729
2010-07-02,38.150002,36.680000,37.130001,27.174496
2010-07-06,37.849998,36.660000,37.119999,27.167183
2010-07-07,39.660000,37.060001,39.599998,28.982222
2010-07-08,39.990002,38.279999,38.889999,28.462601
2010-07-09,38.980000,38.200001,38.759998,28.367468
2010-07-12,39.480000,38.250000,38.959999,28.513826
2010-07-13,39.799999,38.840000,39.560001,28.952959
2010-07-14,40.950001,39.590000,40.320000,29.509186
2010-07-15,40.849998,40.169998,40.730000,29.809246
2010-07-16,40.900002,40.130001,40.500000,29.640915
2010-07-19,41.169998,40.130001,41.020000,30.021484
2010-07-20,41.410000,39.759998,41.410000,30.306915
2010-07-21,41.000000,39.700001,39.830002,29.150557
2010-07-22,41.990002,40.459999,41.970001,30.716766
2010-07-23,43.169998,41.590000,43.110001,31.551107
2010-07-26,44.180000,42.660000,44.029999,32.224434
2010-07-27,44.250000,43.230000,43.750000,32.019508
2010-07-28,43.860001,42.820000,43.169998,31.595028
2010-07-29,43.630001,41.970001,42.419998,31.046116
2010-07-30,42.529999,41.689999,42.299999,30.958282
2010-08-02,44.169998,42.650002,44.000000,32.202480
2010-08-03,44.240002,43.000000,43.869999,32.107338
2010-08-04,44.889999,44.049999,44.630001,32.663559
2010-08-05,44.450001,43.340000,43.720001,31.997540
2010-08-06,43.270000,42.250000,43.110001,31.551107
2010-08-09,43.549999,42.709999,42.910000,31.404745
2010-08-10,42.919998,40.869999,41.689999,30.511860
2010-08-11,41.340000,40.009998,41.169998,30.131273
2010-08-12,39.799999,37.040001,37.580002,27.503841
2010-08-13,39.070000,37.580002,38.139999,27.913698
2010-08-16,39.090000,37.650002,38.639999,28.279627
2010-08-17,39.459999,38.590000,38.650002,28.286945
2010-08-18,39.529999,38.000000,39.320000,28.777300
2010-08-19,40.939999,38.380001,40.700001,29.787296
2010-08-20,41.279999,40.049999,40.529999,29.662861
2010-08-23,41.680000,40.099998,40.450001,29.604319
2010-08-24,40.070000,39.349998,39.520000,28.923685
2010-08-25,39.660000,38.900002,39.299999,28.762682
2010-08-26,40.009998,39.209999,39.689999,29.048105
2010-08-27,41.650002,39.610001,41.450001,30.336203
2010-08-30,41.799999,40.410000,40.529999,29.662861
2010-08-31,40.669998,39.950001,40.380001,29.553089
2010-09-01,42.250000,40.740002,41.910000,30.672857
2010-09-02,43.209999,41.869999,43.070000,31.521822
2010-09-03,44.330002,43.330002,44.049999,32.239075
2010-09-07,45.000000,43.740002,44.779999,32.773350
2010-09-08,47.000000,44.860001,46.430000,33.980927
2010-09-09,47.889999,46.279999,46.330002,33.907757
2010-09-10,46.770000,45.709999,46.330002,33.907757
2010-09-13,48.220001,46.860001,48.099998,35.203156
2010-09-14,49.080002,47.750000,48.119999,35.217781
2010-09-15,49.560001,47.820000,49.299999,36.081406
2010-09-16,49.459999,48.320000,48.680000,35.627640
2010-09-17,49.150002,48.470001,49.040001,35.891121
2010-09-20,49.869999,49.060001,49.669998,36.352207
2010-09-21,49.779999,47.919998,48.200001,35.276348
2010-09-22,48.540001,47.410000,48.450001,35.459320
2010-09-23,48.939999,47.840000,48.290001,35.342220
2010-09-24,50.889999,49.400002,50.389999,36.879150
2010-09-27,50.290001,49.020000,49.389999,36.147278
2010-09-28,51.400002,49.380001,51.000000,37.325600
2010-09-29,51.299999,50.099998,50.810001,37.186550
2010-09-30,50.099998,48.709999,49.790001,36.440037
2010-10-01,50.099998,48.470001,48.639999,35.598370
2010-10-04,49.900002,48.540001,49.330002,36.103363
2010-10-05,51.270000,49.740002,50.919998,37.267036
2010-10-06,51.099998,47.200001,47.700001,34.910412
2010-10-07,48.650002,46.869999,48.279999,35.334896
2010-10-08,48.860001,47.029999,48.759998,35.686195
2010-10-11,48.889999,47.889999,48.040001,35.159248
2010-10-12,48.880001,46.980000,48.770000,35.693508
2010-10-13,49.770000,49.029999,49.619999,36.315613
2010-10-14,50.849998,49.939999,50.389999,36.879150
2010-10-15,51.029999,49.820000,50.330002,36.835243
2010-10-18,50.349998,49.700001,50.299999,36.813271
2010-10-19,51.770000,49.000000,51.000000,37.325600
2010-10-20,52.410000,51.090000,51.669998,37.815948
2010-10-21,52.369999,50.000000,50.959999,37.296318
2010-10-22,52.419998,50.900002,51.970001,38.035519
2010-10-25,52.709999,51.669998,51.900002,37.984272
2010-10-26,52.700001,51.330002,52.310001,38.284355
2010-10-27,53.660000,52.320000,53.080002,38.847900
2010-10-28,53.439999,52.099998,52.810001,38.650284
2010-10-29,53.599998,52.560001,53.250000,38.972317
2010-11-01,54.049999,52.950001,53.279999,38.994270
2010-11-02,54.189999,53.459999,53.599998,39.228470
2010-11-03,53.970001,52.750000,53.750000,39.338257
2010-11-04,55.459999,54.230000,54.930000,40.201870
2010-11-05,55.759998,54.650002,55.099998,40.326279
2010-11-08,56.000000,54.860001,55.970001,40.963020
2010-11-09,57.209999,55.910000,56.630001,41.446060
2010-11-10,57.959999,56.000000,56.900002,41.643654
2010-11-11,55.880001,54.430000,55.439999,40.575108
2010-11-12,55.500000,52.950001,54.110001,39.601738
2010-11-15,54.930000,53.500000,53.930000,39.469994
2010-11-16,54.770000,52.310001,52.689999,38.562462
2010-11-17,54.779999,48.599998,49.250000,36.044827
2010-11-18,53.570000,51.480000,53.119999,38.877174
2010-11-19,53.500000,51.270000,51.459999,37.662254
2010-11-22,52.779999,50.900002,52.220001,38.218491
2010-11-23,51.959999,50.380001,50.849998,37.215820
2010-11-24,51.610001,50.820000,51.389999,37.611023
2010-11-26,51.139999,50.340000,51.049999,37.362186
2010-11-29,51.150002,50.110001,50.930000,37.274357
2010-11-30,51.150002,50.000000,50.930000,37.274357
2010-12-01,52.290001,51.490002,52.189999,38.196522
2010-12-02,53.990002,51.759998,53.840000,39.404129
2010-12-03,54.570000,53.380001,54.070000,39.572456
2010-12-06,54.070000,52.830002,53.270000,38.986946
2010-12-07,54.330002,53.200001,53.630001,39.250423
2010-12-08,55.209999,53.110001,55.130001,40.348236
2010-12-09,55.369999,54.290001,54.549999,39.923744
2010-12-10,54.869999,53.919998,54.150002,39.631012
2010-12-13,56.549999,54.959999,55.580002,40.677589
2010-12-14,55.509998,52.930000,53.490002,39.147961
2010-12-15,53.889999,52.430000,52.669998,38.547825
2010-12-16,54.259998,52.770000,53.709999,39.308979
2010-12-17,54.060001,53.180000,53.799999,39.374855
2010-12-20,55.490002,54.590000,55.349998,40.509258
2010-12-21,56.000000,55.080002,55.310001,40.479980
2010-12-22,55.400002,54.549999,55.049999,40.289688
2010-12-23,55.099998,54.570000,54.790001,40.099403
2010-12-27,55.290001,54.009998,55.020000,40.267731
2010-12-28,55.230000,54.299999,54.709999,40.040855
2010-12-29,55.119999,54.330002,54.709999,40.040855
2010-12-30,55.070000,54.330002,54.900002,40.179916
2010-12-31,55.040001,54.360001,54.959999,40.223824
2011-01-03,57.509998,55.270000,57.410000,42.016914
2011-01-04,57.779999,56.570000,57.380001,41.994961
2011-01-05,58.119999,56.610001,57.869999,42.353569
2011-01-06,58.639999,57.250000,57.490002,42.075470
2011-01-07,57.750000,56.340000,57.200001,41.863220
2011-01-10,58.430000,56.330002,58.220001,42.609730
2011-01-11,58.799999,57.490002,58.279999,42.653645
2011-01-12,59.709999,58.230000,58.930000,43.129364
2011-01-13,59.029999,58.380001,58.619999,42.902481
2011-01-14,59.650002,58.520000,59.480000,43.531887
2011-01-18,59.790001,58.650002,58.990002,43.173267
2011-01-19,59.040001,57.070000,57.630001,42.177933
2011-01-20,56.799999,55.250000,56.220001,41.145985
2011-01-21,57.150002,55.599998,55.770000,40.816639
2011-01-24,56.049999,54.959999,55.549999,40.655621
2011-01-25,54.970001,53.139999,53.700001,39.301647
2011-01-26,55.400002,53.709999,55.169998,40.377514
2011-01-27,55.970001,54.849998,55.330002,40.494617
2011-01-28,55.849998,53.509998,54.029999,39.543171
2011-01-31,55.099998,53.869999,54.730000,40.055477
2011-02-01,56.799999,54.919998,56.520000,41.365555
2011-02-02,57.709999,56.320000,57.110001,41.797352
2011-02-03,57.610001,56.369999,57.009998,41.724163
2011-02-04,58.130001,57.299999,57.930000,42.397484
2011-02-07,59.480000,58.389999,58.639999,42.917110
2011-02-08,59.560001,58.250000,59.310001,43.407463
2011-02-09,59.990002,58.509998,59.770000,43.744133
2011-02-10,60.630001,59.029999,60.540001,44.307678
2011-02-11,61.020000,59.320000,60.599998,44.351589
2011-02-14,60.700001,59.160000,59.619999,43.634361
2011-02-15,59.509998,58.290001,58.439999,42.770737
2011-02-16,59.189999,58.189999,58.540001,42.843933
2011-02-17,55.099998,52.220001,54.770000,40.084763
2011-02-18,55.250000,52.680000,53.049999,38.825939
2011-02-22,52.360001,51.200001,51.840000,37.940372
2011-02-23,51.520000,49.820000,50.639999,37.062119
2011-02-24,51.040001,50.290001,50.840000,37.208496
2011-02-25,52.740002,51.220001,52.470001,38.401447
2011-02-28,52.639999,51.040001,51.660000,37.808647
2011-03-01,52.130001,50.310001,50.630001,37.054798
2011-03-02,52.060001,50.439999,51.080002,37.384144
2011-03-03,52.830002,51.250000,52.459999,38.394127
2011-03-04,52.680000,51.380001,52.049999,38.094059
2011-03-07,52.330002,50.470001,51.130001,37.420742
2011-03-08,51.950001,50.560001,51.650002,37.801315
2011-03-09,51.799999,50.349998,51.540001,37.720802
2011-03-10,48.750000,46.570000,48.410000,35.430054
2011-03-11,48.439999,47.259998,47.520000,34.778667
2011-03-14,47.799999,46.320000,46.380001,33.944340
2011-03-15,46.799999,44.500000,46.520000,34.046791
2011-03-16,47.439999,45.930000,46.770000,34.229771
2011-03-17,47.759998,46.849998,46.980000,34.383465
2011-03-18,48.700001,47.290001,48.689999,35.634953
2011-03-21,49.290001,48.450001,48.570000,35.547142
2011-03-22,48.840000,47.720001,48.110001,35.210468
2011-03-23,48.259998,47.299999,47.950001,35.093369
2011-03-24,49.040001,47.740002,48.950001,35.825253
2011-03-25,49.410000,47.950001,48.610001,35.576420
2011-03-28,48.820000,47.500000,47.619999,34.851875
2011-03-29,48.730000,47.180000,48.270000,35.327591
2011-03-30,48.639999,47.520000,48.009998,35.137295
2011-03-31,48.860001,47.560001,48.150002,35.239758
2011-04-01,48.970001,48.000000,48.200001,35.276348
2011-04-04,48.369999,45.400002,45.700001,33.446671
2011-04-05,46.369999,45.560001,46.049999,33.702820
2011-04-06,46.959999,46.150002,46.700001,34.178543
2011-04-07,47.250000,46.320000,46.669998,34.156582
2011-04-08,47.160000,46.450001,46.790001,34.244411
2011-04-11,47.160000,46.230000,47.130001,34.493240
2011-04-12,47.880001,46.689999,47.830002,35.005547
2011-04-13,49.070000,47.959999,48.580002,35.554466
2011-04-14,48.849998,47.669998,48.419998,35.437359
2011-04-15,48.990002,48.139999,48.560001,35.539822
2011-04-18,48.340000,47.340000,48.110001,35.210468
2011-04-19,48.099998,47.040001,47.500000,34.764023
2011-04-20,49.279999,48.029999,49.000000,35.861843
2011-04-21,51.360001,49.270000,51.020000,37.340229
2011-04-25,52.880001,51.080002,51.939999,38.013550
2011-04-26,52.880001,51.860001,52.279999,38.262402
2011-04-27,52.680000,51.549999,52.560001,38.467331
2011-04-28,52.639999,51.299999,52.410000,38.357540
2011-04-29,52.750000,51.919998,52.110001,38.137974
2011-05-02,52.599998,51.529999,51.700001,37.837894
2011-05-03,52.279999,51.590000,52.049999,38.094059
2011-05-04,52.200001,51.020000,51.880001,37.969650
2011-05-05,52.660000,51.310001,51.500000,37.691536
2011-05-06,53.630001,51.860001,53.299999,39.008904
2011-05-09,53.630001,52.810001,53.169998,38.913773
2011-05-10,54.369999,53.240002,54.209999,39.674915
2011-05-11,55.180000,53.490002,53.970001,39.499271
2011-05-12,54.980000,53.680000,53.990002,39.513893
2011-05-13,54.740002,53.680000,53.990002,39.513893
2011-05-16,54.080002,52.990002,53.099998,38.862537
2011-05-17,53.299999,51.959999,52.279999,38.262402
2011-05-18,54.029999,52.020000,53.610001,39.235783
2011-05-19,54.470001,53.439999,54.450001,39.850571
2011-05-20,54.480000,53.610001,53.700001,39.301647
2011-05-23,53.099998,52.500000,52.820000,38.657604
2011-05-24,52.869999,51.380001,51.470001,37.669586
2011-05-25,52.290001,51.020000,51.730000,37.859859
2011-05-26,56.490002,52.900002,55.310001,40.479980
2011-05-27,55.459999,54.720001,55.330002,40.494617
2011-05-31,55.880001,54.360001,54.770000,40.084763
2011-06-01,55.080002,53.209999,53.220001,38.950359
2011-06-02,54.090000,52.910000,53.310001,39.016224
2011-06-03,52.990002,51.840000,51.939999,38.013550
2011-06-06,51.689999,50.130001,50.389999,36.879150
2011-06-07,51.660000,50.549999,50.650002,37.069450
2011-06-08,50.770000,49.540001,49.980000,36.579067
2011-06-09,50.349998,49.639999,50.200001,36.740101
2011-06-10,50.270000,48.950001,49.009998,35.869171
2011-06-13,49.119999,48.310001,48.840000,35.744743
2011-06-14,50.139999,49.189999,49.869999,36.498581
2011-06-15,51.849998,49.680000,50.549999,36.996250
2011-06-16,51.209999,49.009998,49.650002,36.337563
2011-06-17,50.810001,49.240002,49.349998,36.118000
2011-06-20,49.919998,49.090000,49.709999,36.381489
2011-06-21,51.160000,49.330002,50.910000,37.259731
2011-06-22,51.500000,50.029999,50.709999,37.113365
2011-06-23,51.310001,49.660000,51.259998,37.515884
2011-06-24,51.070000,49.150002,49.220001,36.022861
2011-06-27,50.630001,49.040001,50.419998,36.901100
2011-06-28,51.230000,50.430000,50.720001,37.120678
2011-06-29,51.029999,49.630001,49.959999,36.564457
2011-06-30,53.299999,50.040001,52.779999,38.628342
2011-07-01,54.570000,53.070000,54.320000,39.755424
2011-07-05,54.320000,53.459999,53.939999,39.477314
2011-07-06,54.250000,53.110001,53.490002,39.147961
2011-07-07,54.180000,53.000000,53.900002,39.448032
2011-07-08,53.669998,52.599998,53.480000,39.140663
2011-07-11,53.939999,52.150002,52.560001,38.467331
2011-07-12,52.700001,51.790001,51.970001,38.035519
2011-07-13,52.750000,51.160000,51.230000,37.493927
2011-07-14,51.700001,49.520000,49.630001,36.322926
2011-07-15,50.779999,49.840000,50.660000,37.076767
2011-07-18,50.860001,49.540001,50.180000,36.725449
2011-07-19,51.990002,50.549999,51.799999,37.911102
2011-07-20,52.090000,50.000000,50.049999,36.630314
2011-07-21,50.580002,48.959999,49.750000,36.410751
2011-07-22,51.529999,49.869999,51.080002,37.384144
2011-07-25,51.040001,49.750000,49.799999,36.447353
2011-07-26,50.509998,49.310001,50.180000,36.725449
2011-07-27,49.740002,47.169998,47.279999,34.603027
2011-07-28,49.099998,46.910000,47.910000,35.064098
2011-07-29,48.320000,46.900002,47.520000,34.778667
2011-08-01,48.240002,45.720001,46.250000,33.849186
2011-08-02,46.060001,44.820000,44.939999,32.890438
2011-08-03,46.150002,44.480000,45.910000,33.600353
2011-08-04,45.310001,43.310001,43.330002,31.712120
2011-08-05,43.650002,40.730000,41.869999,30.643578
2011-08-08,41.169998,39.200001,39.310001,28.769974
2011-08-09,41.759998,39.310001,41.720001,30.533798
2011-08-10,42.770000,40.250000,40.959999,29.977568
2011-08-11,43.310001,40.939999,42.680000,31.236401
2011-08-12,44.130001,42.580002,43.419998,31.777981
2011-08-15,44.990002,43.419998,44.310001,32.429352
2011-08-16,44.099998,42.490002,43.029999,31.492550
2011-08-17,43.470001,41.220001,41.660000,30.489883
2011-08-18,35.919998,33.320000,35.810001,26.208426
2011-08-19,36.869999,34.790001,35.950001,26.310892
2011-08-22,36.990002,35.220001,35.790001,26.193779
2011-08-23,37.880001,35.980000,37.790001,27.657532
2011-08-24,38.130001,36.810001,38.009998,27.818554
2011-08-25,38.290001,36.610001,36.849998,26.969568
2011-08-26,36.910000,35.250000,36.540001,26.742693
2011-08-29,37.549999,36.029999,37.320000,27.313555
2011-08-30,37.680000,36.720001,37.389999,27.364792
2011-08-31,38.299999,37.349998,37.619999,27.533117
2011-09-01,38.250000,37.040001,37.209999,27.233051
2011-09-02,36.849998,35.380001,35.810001,26.208426
2011-09-06,35.400002,34.610001,35.270000,25.813210
2011-09-07,36.470001,35.599998,36.310001,26.574360
2011-09-08,37.299999,36.020000,36.459999,26.684139
2011-09-09,36.580002,35.090000,35.680000,26.113283
2011-09-12,36.360001,34.959999,36.299999,26.567047
2011-09-13,37.020000,36.150002,36.790001,26.925665
2011-09-14,37.320000,36.119999,36.680000,26.845167
2011-09-15,38.349998,37.029999,38.070000,27.862463
2011-09-16,38.689999,37.279999,37.790001,27.657532
2011-09-19,37.599998,35.799999,36.349998,26.603632
2011-09-20,36.930000,35.139999,35.259998,25.805882
2011-09-21,37.330002,34.869999,35.889999,26.266966
2011-09-22,35.380001,34.150002,35.040001,25.644878
2011-09-23,35.470001,34.340000,35.119999,25.703426
2011-09-26,35.830002,34.660000,35.810001,26.208426
2011-09-27,36.930000,35.790001,36.040001,26.376749
2011-09-28,36.180000,34.770000,34.959999,25.586332
2011-09-29,35.779999,34.200001,34.970001,25.593653
2011-09-30,34.700001,33.810001,33.930000,24.832500
2011-10-03,34.889999,33.439999,33.639999,24.620253
2011-10-04,34.919998,33.000000,34.830002,25.491184
2011-10-05,36.580002,34.380001,36.230000,26.515814
2011-10-06,37.610001,36.009998,37.340000,27.328192
2011-10-07,38.220001,37.119999,37.290001,27.291594
2011-10-10,38.889999,37.759998,38.310001,28.038107
2011-10-11,39.349998,37.860001,38.650002,28.286945
2011-10-12,39.189999,38.349998,38.889999,28.462601
2011-10-13,39.110001,38.410000,38.650002,28.286945
2011-10-14,39.689999,38.880001,39.230000,28.711439
2011-10-17,38.990002,37.590000,38.049999,27.847826
2011-10-18,39.930000,37.560001,39.450001,28.872450
2011-10-19,39.570000,38.180000,38.509998,28.184477
2011-10-20,38.630001,36.779999,37.720001,27.606306
2011-10-21,38.990002,37.840000,38.099998,27.884415
2011-10-24,39.599998,38.189999,39.130001,28.638245
2011-10-25,38.990002,38.060001,38.169998,27.935648
2011-10-26,39.009998,37.330002,38.580002,28.235720
2011-10-27,42.480000,39.599998,41.709999,30.526491
2011-10-28,42.009998,41.009998,41.590000,30.438648
2011-10-31,41.900002,40.750000,40.959999,29.977568
2011-11-01,40.459999,38.779999,39.740002,29.084688
2011-11-02,40.750000,39.119999,40.250000,29.457951
2011-11-03,42.080002,39.759998,41.959999,30.709459
2011-11-04,42.860001,41.509998,42.630001,31.199806
2011-11-07,43.060001,42.160000,42.840000,31.353508
2011-11-08,44.490002,43.130001,43.939999,32.158573
2011-11-09,42.889999,41.619999,42.029999,30.760683
2011-11-10,42.849998,41.130001,41.889999,30.658215
2011-11-11,42.779999,42.040001,42.169998,30.863136
2011-11-14,42.509998,41.840000,42.290001,30.950958
2011-11-15,42.480000,41.230000,41.900002,30.665531
2011-11-16,41.849998,40.580002,40.740002,29.816576
2011-11-17,36.889999,35.330002,35.730000,26.149878
2011-11-18,35.919998,34.740002,34.740002,25.425320
2011-11-21,35.040001,33.660000,34.840000,25.498512
2011-11-22,35.299999,34.259998,35.189999,25.754660
2011-11-23,35.070000,34.279999,34.660000,25.366762
2011-11-25,34.770000,34.169998,34.250000,25.066698
2011-11-28,35.740002,34.740002,35.720001,26.142559
2011-11-29,36.040001,35.279999,35.630001,26.076685
2011-11-30,36.910000,36.169998,36.830002,26.954933
2011-12-01,37.220001,36.380001,36.919998,27.020800
2011-12-02,37.459999,36.360001,36.540001,26.742693
2011-12-05,38.250000,37.139999,37.540001,27.474560
2011-12-06,37.889999,36.830002,37.279999,27.284296
2011-12-07,37.919998,36.790001,37.720001,27.606306
2011-12-08,37.740002,36.880001,37.099998,27.152538
2011-12-09,38.240002,36.970001,38.009998,27.818554
2011-12-12,37.580002,36.549999,37.130001,27.174496
2011-12-13,38.970001,37.500000,37.919998,27.752678
2011-12-14,37.889999,36.740002,37.130001,27.174496
2011-12-15,37.660000,36.000000,36.279999,26.552402
2011-12-16,37.130001,35.630001,35.709999,26.135242
2011-12-19,35.939999,35.009998,35.160000,25.732706
2011-12-20,36.240002,35.500000,36.130001,26.442633
2011-12-21,36.000000,34.470001,35.220001,25.776619
2011-12-22,36.419998,35.340000,36.080002,26.406042
2011-12-23,36.740002,36.000000,36.509998,26.720739
2011-12-27,36.770000,36.200001,36.349998,26.603632
2011-12-28,36.459999,35.840000,35.939999,26.303572
2011-12-29,36.380001,35.810001,36.310001,26.574360
2011-12-30,36.869999,36.040001,36.270000,26.545078
2012-01-03,37.439999,36.689999,36.779999,26.918339
2012-01-04,36.009998,35.119999,35.639999,26.084007
2012-01-05,35.480000,34.410000,34.669998,25.374084
2012-01-06,35.529999,34.560001,35.330002,25.857134
2012-01-09,35.660000,34.959999,35.040001,25.644878
2012-01-10,35.830002,35.029999,35.130001,25.710751
2012-01-11,35.250000,34.740002,34.750000,25.432638
2012-01-12,35.040001,34.299999,34.430000,25.198442
2012-01-13,34.290001,33.500000,33.980000,24.869093
2012-01-17,34.220001,33.639999,33.730000,24.686119
2012-01-18,34.750000,33.810001,34.650002,25.359455
2012-01-19,37.669998,35.110001,37.509998,27.452616
2012-01-20,37.660000,36.610001,36.849998,26.969568
2012-01-23,37.590000,36.619999,37.240002,27.255005
2012-01-24,38.000000,36.810001,37.660000,27.562389
2012-01-25,37.869999,37.110001,37.799999,27.664858
2012-01-26,38.299999,37.380001,37.560001,27.489206
2012-01-27,37.830002,37.220001,37.279999,27.284296
2012-01-30,37.529999,36.200001,37.430000,27.394060
2012-01-31,37.849998,37.099998,37.740002,27.620934
2012-02-01,39.730000,37.700001,39.400002,28.835859
2012-02-02,39.680000,39.070000,39.430000,28.857815
2012-02-03,41.150002,39.610001,40.349998,29.531126
2012-02-06,40.380001,39.669998,39.930000,29.223751
2012-02-07,40.080002,39.250000,39.410000,28.843170
2012-02-08,40.000000,39.340000,39.779999,29.113966
2012-02-09,41.279999,39.849998,41.110001,30.087368
2012-02-10,41.000000,39.049999,39.689999,29.048105
2012-02-13,39.689999,38.779999,38.980000,28.528467
2012-02-14,39.180000,38.299999,39.119999,28.630930
2012-02-15,40.250000,39.400002,39.880001,29.187153
2012-02-16,43.099998,41.709999,42.740002,31.280315
2012-02-17,43.169998,41.799999,42.200001,30.885099
2012-02-21,43.360001,42.110001,43.000000,31.470598
2012-02-22,43.500000,42.500000,42.630001,31.199806
2012-02-23,43.439999,42.500000,43.279999,31.675524
2012-02-24,43.959999,42.990002,43.080002,31.529142
2012-02-27,43.639999,42.630001,43.259998,31.660887
2012-02-28,44.139999,43.180000,43.580002,31.895098
2012-02-29,44.000000,42.810001,43.000000,31.470598
2012-03-01,43.419998,42.599998,43.310001,31.697483
2012-03-02,43.830002,43.049999,43.549999,31.873148
2012-03-05,43.500000,42.189999,42.320000,30.972908
2012-03-06,41.889999,40.529999,40.950001,29.970259
2012-03-07,41.790001,40.759998,41.580002,30.431337
2012-03-08,42.080002,41.459999,41.840000,30.621620
2012-03-09,43.180000,42.080002,42.939999,31.426682
2012-03-12,42.939999,42.160000,42.529999,31.126621
2012-03-13,43.590000,42.669998,43.509998,31.843868
2012-03-14,43.759998,42.459999,42.869999,31.375460
2012-03-15,43.490002,42.570000,43.330002,31.712120
2012-03-16,43.599998,42.669998,43.389999,31.756031
2012-03-19,44.639999,43.130001,44.060001,32.246399
2012-03-20,45.900002,43.610001,45.310001,33.161228
2012-03-21,46.340000,45.000000,46.020000,33.680859
2012-03-22,45.900002,44.970001,45.189999,33.073399
2012-03-23,45.750000,44.740002,45.619999,33.388111
2012-03-26,46.450001,45.529999,46.330002,33.907757
2012-03-27,46.520000,46.000000,46.060001,33.710144
2012-03-28,46.349998,45.099998,45.290001,33.146591
2012-03-29,45.250000,44.150002,44.669998,32.692814
2012-03-30,45.000000,44.299999,44.770000,32.766022
2012-04-02,45.230000,44.560001,45.049999,32.970943
2012-04-03,46.799999,45.000000,45.470001,33.278328
2012-04-04,45.220001,44.320000,44.709999,32.722111
2012-04-05,44.740002,43.680000,43.720001,31.997540
2012-04-09,43.290001,42.750000,42.770000,31.302275
2012-04-10,43.130001,41.980000,42.020000,30.753365
2012-04-11,41.750000,40.709999,40.869999,29.911692
2012-04-12,41.250000,40.750000,40.939999,29.962942
2012-04-13,41.130001,40.060001,40.130001,29.370132
2012-04-16,40.830002,39.720001,39.790001,29.121277
2012-04-17,40.669998,39.980000,40.439999,29.597008
2012-04-18,40.380001,39.820000,40.110001,29.355473
2012-04-19,40.259998,39.250000,39.669998,29.033457
2012-04-20,39.939999,38.529999,38.740002,28.352823
2012-04-23,38.869999,38.119999,38.680000,28.308903
2012-04-24,38.810001,38.349998,38.680000,28.308903
2012-04-25,39.349998,38.650002,39.259998,28.733391
2012-04-26,39.450001,39.080002,39.410000,28.843170
2012-04-27,39.500000,38.990002,39.029999,28.565056
2012-04-30,39.080002,38.590000,38.830002,28.418680
2012-05-01,41.049999,38.790001,40.680000,29.772642
2012-05-02,40.299999,39.209999,39.290001,28.755344
2012-05-03,39.500000,38.230000,38.480000,28.162523
2012-05-04,38.599998,37.849998,38.419998,28.118616
2012-05-07,38.790001,37.959999,37.990002,27.803919
2012-05-08,38.029999,37.090000,37.810001,27.672174
2012-05-09,38.049999,37.119999,37.779999,27.650223
2012-05-10,37.680000,35.400002,35.700001,26.127918
2012-05-11,36.509998,35.520000,36.080002,26.406042
2012-05-14,36.139999,35.500000,35.790001,26.193779
2012-05-15,35.980000,35.060001,35.169998,25.740025
2012-05-16,35.939999,34.599998,34.639999,25.352121
2012-05-17,35.009998,34.270000,34.270000,25.081333
2012-05-18,34.330002,32.950001,33.060001,24.195772
2012-05-21,34.009998,32.279999,33.520000,24.532429
2012-05-22,34.000000,32.990002,33.259998,24.342138
2012-05-23,33.110001,31.940001,32.860001,24.049397
2012-05-24,29.580000,27.790001,28.820000,21.092621
2012-05-25,28.980000,28.410000,28.610001,20.938923
2012-05-29,29.889999,28.770000,29.709999,21.743990
2012-05-30,29.680000,29.080000,29.600000,21.663485
2012-05-31,29.990000,29.139999,29.760000,21.780584
2012-06-01,29.700001,29.020000,29.440001,21.546385
2012-06-04,30.379999,29.299999,29.900000,21.883051
2012-06-05,31.299999,29.969999,31.139999,22.790573
2012-06-06,32.299999,31.160000,32.070000,23.471214
2012-06-07,32.400002,31.230000,31.309999,22.914993
2012-06-08,30.820000,30.219999,30.330000,22.197750
2012-06-11,31.100000,29.639999,29.650000,21.700079
2012-06-12,30.290001,29.440001,30.260000,22.146517
2012-06-13,30.549999,29.910000,30.180000,22.087969
2012-06-14,30.260000,29.570000,30.090000,22.022108
2012-06-15,30.870001,29.959999,30.730000,22.490501
2012-06-18,30.920000,30.290001,30.780001,22.527098
2012-06-19,31.059999,30.639999,30.900000,22.614923
2012-06-20,31.330000,30.680000,30.969999,22.666159
2012-06-21,31.129999,29.500000,29.549999,21.626886
2012-06-22,30.240000,29.500000,30.160000,22.073332
2012-06-25,30.170000,29.620001,30.020000,21.970867
2012-06-26,31.330000,29.610001,29.660000,21.707397
2012-06-27,30.639999,29.500000,30.590000,22.388039
2012-06-28,30.570000,29.549999,29.889999,21.875734
2012-06-29,31.830000,30.290001,31.820000,23.288244
2012-07-02,31.790001,30.730000,30.950001,22.651505
2012-07-03,31.160000,30.900000,31.100000,22.761297
2012-07-05,31.290001,30.930000,31.120001,22.775938
2012-07-06,30.870001,29.450001,29.760000,21.780584
2012-07-09,29.799999,29.030001,29.139999,21.326822
2012-07-10,29.590000,28.639999,28.830000,21.099945
2012-07-11,29.600000,28.440001,28.760000,21.048712
2012-07-12,28.639999,28.120001,28.370001,20.763283
2012-07-13,28.809999,28.379999,28.600000,20.931610
2012-07-16,28.870001,28.360001,28.620001,20.946249
2012-07-17,28.850000,28.150000,28.540001,20.887691
2012-07-18,30.820000,28.830000,30.260000,22.146517
2012-07-19,31.360001,30.150000,31.120001,22.775938
2012-07-20,31.940001,30.850000,31.190001,22.827162
2012-07-23,30.830000,29.920000,30.600000,22.395363
2012-07-24,32.180000,30.959999,31.240000,22.863756
2012-07-25,31.930000,31.059999,31.469999,23.032085
2012-07-26,32.389999,31.700001,32.090000,23.485849
2012-07-27,33.200001,32.049999,32.910000,24.085987
2012-07-30,33.189999,32.310001,32.490002,23.778601
2012-07-31,33.080002,32.110001,32.669998,23.910330
2012-08-01,32.869999,31.600000,32.090000,23.485849
2012-08-02,32.639999,31.389999,31.610001,23.134556
2012-08-03,32.990002,32.200001,32.340000,23.668821
2012-08-06,32.650002,32.009998,32.060001,23.463892
2012-08-07,34.189999,32.380001,33.450001,24.481205
2012-08-08,33.330002,32.759998,32.980000,24.137224
2012-08-09,32.919998,32.009998,32.130001,23.515129
2012-08-10,32.779999,31.850000,32.580002,23.844473
2012-08-13,32.860001,31.500000,31.809999,23.280922
2012-08-14,32.060001,31.309999,31.420000,22.995497
2012-08-15,32.369999,31.549999,31.750000,23.237019
2012-08-16,33.369999,31.219999,32.970001,24.129910
2012-08-17,33.610001,32.529999,33.459999,24.488520
2012-08-20,33.430000,32.930000,33.080002,24.210409
2012-08-21,33.349998,32.939999,33.139999,24.254324
2012-08-22,33.459999,32.830002,33.389999,24.437283
2012-08-23,33.740002,33.049999,33.400002,24.444618
2012-08-24,34.919998,33.700001,34.779999,25.454594
2012-08-27,35.130001,34.389999,34.910000,25.549736
2012-08-28,35.119999,34.439999,34.680000,25.381418
2012-08-29,35.049999,33.840000,34.930000,25.564377
2012-08-30,34.650002,33.910000,34.130001,24.978868
2012-08-31,34.860001,34.020000,34.520000,25.264313
2012-09-04,34.840000,34.009998,34.619999,25.337490
2012-09-05,34.860001,34.250000,34.549999,25.286266
2012-09-06,35.590000,34.400002,35.560001,26.025459
2012-09-07,35.980000,35.169998,35.799999,26.201097
2012-09-10,35.919998,35.029999,35.080002,25.674164
2012-09-11,35.470001,35.049999,35.180000,25.747343
2012-09-12,35.439999,34.259998,35.200001,25.761978
2012-09-13,35.450001,34.619999,35.279999,25.820539
2012-09-14,36.410000,35.470001,35.810001,26.208426
2012-09-17,35.880001,35.169998,35.410000,25.915663
2012-09-18,35.590000,35.099998,35.459999,25.952271
2012-09-19,35.910000,35.430000,35.740002,26.157202
2012-09-20,35.700001,35.240002,35.509998,25.988863
2012-09-21,36.310001,35.570000,36.259998,26.537777
2012-09-24,36.160000,35.180000,35.400002,25.908350
2012-09-25,35.779999,34.400002,34.419998,25.191116
2012-09-26,34.430000,32.880001,32.970001,24.129910
2012-09-27,33.430000,33.000000,33.230000,24.320183
2012-09-28,33.290001,32.759998,32.880001,24.064030
2012-10-01,34.040001,32.750000,32.939999,24.107943
2012-10-02,33.110001,32.169998,32.450001,23.749327
2012-10-03,32.619999,31.129999,31.370001,22.958902
2012-10-04,31.430000,30.799999,31.040001,22.717381
2012-10-05,30.950001,30.139999,30.590000,22.388039
2012-10-08,30.840000,30.240000,30.520000,22.336809
2012-10-09,31.219999,30.150000,30.209999,22.109928
2012-10-10,30.080000,29.219999,29.309999,21.451241
2012-10-11,29.799999,29.080000,29.190001,21.363419
2012-10-12,29.379999,28.870001,28.930000,21.173120
2012-10-15,29.240000,28.809999,29.190001,21.363419
2012-10-16,29.889999,29.260000,29.770000,21.787903
2012-10-17,29.959999,29.059999,29.900000,21.883051
2012-10-18,30.430000,29.820000,30.270000,22.153839
2012-10-19,30.389999,29.889999,29.950001,21.919638
2012-10-22,30.059999,29.730000,29.900000,21.883051
2012-10-23,29.270000,28.520000,28.770000,21.056025
2012-10-24,28.840000,28.000000,28.180000,20.624224
2012-10-25,28.530001,28.030001,28.129999,20.587627
2012-10-26,28.410000,27.620001,27.879999,20.404657
2012-10-31,27.990000,26.830000,26.910000,19.694742
2012-11-01,28.290001,27.059999,28.100000,20.565672
2012-11-02,28.709999,27.700001,27.740000,20.302193
2012-11-05,28.100000,27.629999,27.980000,20.477848
2012-11-06,28.209999,27.930000,28.139999,20.594948
2012-11-07,27.950001,27.299999,27.730000,20.294880
2012-11-08,28.059999,27.309999,27.309999,19.987492
2012-11-09,27.670000,27.200001,27.340000,20.009441
2012-11-12,27.660000,26.750000,26.820000,19.628872
2012-11-13,26.760000,26.260000,26.330000,19.270248
2012-11-14,27.500000,26.870001,27.120001,19.848434
2012-11-15,30.799999,29.700001,30.200001,22.102608
2012-11-16,30.360001,29.469999,30.260000,22.146517
2012-11-19,30.910000,30.020000,30.889999,22.607603
2012-11-20,30.889999,30.450001,30.610001,22.402678
2012-11-21,30.780001,30.340000,30.450001,22.285574
2012-11-23,31.170000,30.520000,31.150000,22.797886
2012-11-26,31.389999,30.719999,31.360001,22.951578
2012-11-27,31.660000,31.059999,31.309999,22.914993
2012-11-28,31.469999,30.719999,31.360001,22.951578
2012-11-29,32.259998,31.320000,31.879999,23.332163
2012-11-30,31.950001,31.410000,31.709999,23.207739
2012-12-03,32.230000,31.709999,32.139999,23.522449
2012-12-04,32.380001,32.040001,32.049999,23.456573
2012-12-05,32.980000,31.930000,32.810001,24.012800
2012-12-06,32.939999,32.619999,32.919998,24.093300
2012-12-07,33.459999,32.840000,33.430000,24.466560
2012-12-10,33.950001,33.290001,33.570000,24.569025
2012-12-11,34.150002,33.480000,33.849998,24.773943
2012-12-12,34.000000,33.200001,33.250000,24.334829
2012-12-13,33.509998,32.779999,33.040001,24.181126
2012-12-14,33.299999,32.840000,32.990002,24.144547
2012-12-17,33.330002,32.740002,33.180000,24.283596
2012-12-18,34.299999,33.209999,34.259998,25.074018
2012-12-19,34.810001,34.240002,34.310001,25.110617
2012-12-20,34.419998,33.889999,34.070000,24.934958
2012-12-21,33.900002,33.230000,33.820000,24.751999
2012-12-24,33.799999,33.299999,33.700001,24.664167
2012-12-26,34.000000,33.450001,33.549999,24.554380
2012-12-27,33.549999,32.970001,33.419998,24.459246
2012-12-28,33.320000,32.750000,32.820000,24.020123
2012-12-31,33.709999,32.680000,33.549999,24.554380
2013-01-02,34.500000,33.549999,34.299999,25.103294
2013-01-03,34.820000,33.840000,34.169998,25.008148
2013-01-04,34.250000,33.599998,34.080002,24.942284
2013-01-07,34.230000,33.189999,33.240002,24.327505
2013-01-08,33.110001,31.740000,32.500000,23.785921
2013-01-09,32.810001,31.980000,32.209999,23.573675
2013-01-10,32.700001,32.049999,32.419998,23.727367
2013-01-11,33.250000,32.400002,33.060001,24.195772
2013-01-14,33.400002,32.470001,33.240002,24.327505
2013-01-15,33.549999,32.860001,33.480000,24.503153
2013-01-16,34.360001,33.380001,34.230000,25.052065
2013-01-17,34.630001,34.119999,34.470001,25.227711
2013-01-18,34.459999,33.900002,34.360001,25.147217
2013-01-22,34.880001,34.009998,34.790001,25.461910
2013-01-23,35.000000,34.139999,34.720001,25.410675
2013-01-24,35.619999,34.779999,35.470001,25.959595
2013-01-25,36.189999,35.520000,36.150002,26.457266
2013-01-28,37.020000,36.349998,36.380001,26.625597
2013-01-29,36.950001,35.560001,35.930000,26.296255
2013-01-30,36.709999,35.770000,36.540001,26.742693
2013-01-31,36.779999,36.000000,36.000000,26.347473
2013-02-01,36.669998,36.080002,36.250000,26.530447
2013-02-04,36.520000,35.650002,35.680000,26.113283
2013-02-05,36.279999,35.459999,35.980000,26.332846
2013-02-06,36.310001,35.750000,36.110001,26.427982
2013-02-07,36.000000,35.090000,35.560001,26.025459
2013-02-08,36.180000,35.549999,35.750000,26.164505
2013-02-11,35.849998,35.160000,35.360001,25.879082
2013-02-12,36.099998,35.259998,35.410000,25.915663
2013-02-13,36.189999,34.700001,35.820000,26.215738
2013-02-14,35.919998,34.000000,35.860001,26.245020
2013-02-15,36.610001,35.560001,36.549999,26.750019
2013-02-19,36.610001,36.250000,36.480000,26.698780
2013-02-20,36.570000,35.459999,35.540001,26.010818
2013-02-21,35.790001,34.130001,34.540001,25.278948
2013-02-22,34.919998,34.160000,34.380001,25.161839
2013-02-25,35.000000,33.570000,33.580002,24.576345
2013-02-26,34.160000,33.509998,33.790001,24.730042
2013-02-27,34.650002,33.610001,34.430000,25.198442
2013-02-28,34.500000,33.820000,33.840000,24.766632
2013-03-01,34.240002,33.299999,33.950001,24.847137
2013-03-04,33.950001,33.290001,33.590000,24.583664
2013-03-05,34.549999,33.730000,34.139999,24.986197
2013-03-06,34.770000,34.180000,34.549999,25.286266
2013-03-07,34.950001,33.959999,34.279999,25.088654
2013-03-08,34.669998,34.070000,34.209999,25.037426
2013-03-11,34.689999,34.020000,34.680000,25.381418
2013-03-12,34.430000,33.709999,34.000000,24.883736
2013-03-13,34.270000,33.660000,34.189999,25.022785
2013-03-14,34.560001,34.180000,34.509998,25.256989
2013-03-15,34.830002,34.270000,34.560001,25.293585
2013-03-18,34.299999,33.860001,34.110001,24.964235
2013-03-19,34.250000,33.520000,33.950001,24.847137
2013-03-20,34.430000,33.980000,34.150002,24.993507
2013-03-21,33.970001,33.419998,33.770000,24.715405
2013-03-22,33.910000,33.439999,33.540001,24.547066
2013-03-25,33.730000,33.099998,33.189999,24.290920
2013-03-26,33.540001,33.040001,33.310001,24.378731
2013-03-27,33.950001,32.970001,33.700001,24.664167
2013-03-28,34.220001,33.330002,34.160000,25.000830
2013-04-01,34.400002,33.700001,34.060001,24.927650
2013-04-02,34.950001,34.110001,34.700001,25.396053
2013-04-03,34.900002,34.360001,34.439999,25.205755
2013-04-04,34.610001,34.110001,34.570000,25.300898
2013-04-05,34.150002,33.189999,34.000000,24.883736
2013-04-08,34.049999,33.770000,33.930000,24.832500
2013-04-09,34.540001,34.009998,34.169998,25.008148
2013-04-10,34.220001,33.509998,33.619999,24.605616
2013-04-11,33.610001,33.110001,33.470001,24.495842
2013-04-12,36.160000,33.230000,35.459999,25.952271
2013-04-15,35.830002,34.619999,34.730000,25.417995
2013-04-16,35.970001,34.639999,35.810001,26.208426
2013-04-17,35.520000,34.610001,34.720001,25.410675
2013-04-18,34.959999,33.680000,33.779999,24.722719
2013-04-19,33.430000,32.750000,32.990002,24.144547
2013-04-22,34.169998,33.119999,34.119999,24.971548
2013-04-23,35.380001,34.150002,34.950001,25.579008
2013-04-24,35.250000,34.730000,34.860001,25.513144
2013-04-25,35.590000,34.730000,34.810001,25.476551
2013-04-26,35.099998,34.590000,34.869999,25.520462
2013-04-29,35.119999,34.509998,34.529999,25.271627
2013-04-30,34.910000,34.090000,34.889999,25.535101
2013-05-01,34.860001,33.650002,34.150002,24.993507
2013-05-02,34.299999,33.610001,33.869999,24.788584
2013-05-03,35.070000,34.240002,34.900002,25.542419
2013-05-06,35.830002,34.759998,35.490002,25.974226
2013-05-07,35.750000,35.189999,35.560001,26.025459
2013-05-08,36.259998,35.369999,35.820000,26.215738
2013-05-09,36.070000,35.509998,35.730000,26.149878
2013-05-10,36.240002,35.580002,36.150002,26.457266
2013-05-13,36.980000,35.599998,36.090000,26.413351
2013-05-14,36.310001,35.509998,35.779999,26.186470
2013-05-15,36.500000,35.500000,36.220001,26.508495
2013-05-16,39.150002,36.459999,38.459999,28.147888
2013-05-17,39.080002,37.799999,37.840000,27.694122
2013-05-20,37.570000,37.049999,37.189999,27.218409
2013-05-21,37.169998,36.220001,36.630001,26.808556
2013-05-22,38.939999,36.880001,37.279999,27.284296
2013-05-23,37.500000,36.849998,36.889999,26.998846
2013-05-24,36.840000,36.279999,36.450001,26.676826
2013-05-28,38.250000,36.750000,37.709999,27.598986
2013-05-29,38.000000,37.290001,37.720001,27.606306
2013-05-30,38.119999,37.570000,38.009998,27.818554
2013-05-31,38.110001,37.520000,37.529999,27.467249
2013-06-03,37.770000,37.020000,37.639999,27.547754
2013-06-04,37.740002,37.099998,37.290001,27.291594
2013-06-05,37.779999,37.020000,37.310001,27.306242
2013-06-06,37.639999,37.080002,37.610001,27.525782
2013-06-07,38.160000,37.549999,37.970001,27.789282
2013-06-10,38.220001,37.700001,38.139999,27.913698
2013-06-11,38.570000,37.660000,38.169998,27.935648
2013-06-12,38.799999,38.209999,38.340000,28.060066
2013-06-13,38.540001,37.700001,38.450001,28.140575
2013-06-14,38.560001,37.889999,37.900002,27.738045
2013-06-17,38.919998,38.099998,38.610001,28.257671
2013-06-18,39.509998,38.700001,39.389999,28.828527
2013-06-19,39.470001,38.770000,38.980000,28.528467
2013-06-20,38.849998,38.020000,38.310001,28.038107
2013-06-21,38.490002,37.529999,37.970001,27.789282
2013-06-24,37.869999,37.290001,37.389999,27.364792
2013-06-25,37.750000,37.070000,37.450001,27.408699
2013-06-26,38.070000,37.560001,37.830002,27.686810
2013-06-27,38.270000,37.880001,37.959999,27.781954
2013-06-28,38.119999,37.500000,37.779999,27.650223
2013-07-01,38.340000,37.720001,37.840000,27.694122
2013-07-02,38.470001,37.820000,38.290001,28.023472
2013-07-03,38.590000,38.090000,38.310001,28.038107
2013-07-05,38.959999,38.330002,38.770000,28.374775
2013-07-08,38.990002,38.480000,38.529999,28.199121
2013-07-09,38.830002,38.360001,38.669998,28.412195
2013-07-10,38.970001,38.470001,38.750000,28.470980
2013-07-11,39.279999,38.849998,39.029999,28.676697
2013-07-12,39.410000,39.169998,39.299999,28.875090
2013-07-15,40.480000,39.849998,40.099998,29.462862
2013-07-16,40.200001,39.840000,40.070000,29.440830
2013-07-17,40.720001,40.000000,40.520000,29.771467
2013-07-18,41.389999,40.439999,40.980000,30.109434
2013-07-19,41.470001,40.959999,41.330002,30.366590
2013-07-22,41.549999,40.799999,41.279999,30.329853
2013-07-23,41.590000,40.849998,40.910000,30.058002
2013-07-24,42.110001,41.009998,41.270000,30.322506
2013-07-25,41.669998,41.189999,41.540001,30.520893
2013-07-26,41.419998,40.880001,41.349998,30.381292
2013-07-29,41.299999,40.700001,40.860001,30.021259
2013-07-30,41.330002,40.880001,41.070000,30.175562
2013-07-31,41.590000,41.080002,41.119999,30.212305
2013-08-01,41.709999,41.209999,41.480000,30.476789
2013-08-02,41.590000,41.150002,41.240002,30.300472
2013-08-05,41.770000,41.200001,41.680000,30.623747
2013-08-06,41.900002,41.230000,41.500000,30.491499
2013-08-07,41.980000,41.470001,41.700001,30.638437
2013-08-08,42.529999,42.000000,42.450001,31.189493
2013-08-09,43.130001,42.369999,42.520000,31.240938
2013-08-12,43.049999,42.500000,42.529999,31.248272
2013-08-13,42.759998,42.040001,42.290001,31.071928
2013-08-14,42.490002,41.980000,42.330002,31.101332
2013-08-15,42.150002,40.200001,42.029999,30.880909
2013-08-16,42.410000,41.980000,42.200001,31.005808
2013-08-19,42.410000,41.849998,41.889999,30.778036
2013-08-20,41.880001,41.470001,41.750000,30.675173
2013-08-21,41.930000,41.310001,41.540001,30.520893
2013-08-22,41.939999,41.470001,41.820000,30.726614
2013-08-23,42.060001,41.619999,41.950001,30.822121
2013-08-26,42.230000,40.799999,41.849998,30.748653
2013-08-27,41.680000,41.290001,41.470001,30.469461
2013-08-28,41.689999,41.279999,41.430000,30.440065
2013-08-29,41.799999,41.299999,41.599998,30.564962
2013-08-30,41.820000,41.380001,41.540001,30.520893
2013-09-03,42.130001,41.619999,41.820000,30.726614
2013-09-04,42.430000,41.700001,42.070000,30.910307
2013-09-05,42.320000,41.849998,42.110001,30.939682
2013-09-06,42.369999,41.669998,42.240002,31.035198
2013-09-09,42.980000,42.369999,42.759998,31.417267
2013-09-10,43.310001,42.849998,43.090000,31.659718
2013-09-11,43.689999,43.020000,43.430000,31.909531
2013-09-12,43.820000,43.250000,43.650002,32.071171
2013-09-13,43.830002,43.330002,43.770000,32.159340
2013-09-16,44.009998,43.240002,43.549999,31.997717
2013-09-17,43.980000,43.459999,43.820000,32.196079
2013-09-18,44.250000,43.680000,43.990002,32.320995
2013-09-19,44.650002,44.040001,44.320000,32.563450
2013-09-20,44.119999,43.169998,43.200001,31.740557
2013-09-23,43.619999,42.970001,43.259998,31.784632
2013-09-24,43.450001,42.450001,42.880001,31.505438
2013-09-25,43.200001,42.610001,42.730000,31.395212
2013-09-26,43.380001,42.840000,43.130001,31.689112
2013-09-27,43.040001,42.470001,42.580002,31.285019
2013-09-30,42.790001,42.060001,42.619999,31.314386
2013-10-01,43.130001,42.480000,43.049999,31.630335
2013-10-02,43.150002,42.509998,42.840000,31.476044
2013-10-03,42.860001,42.000000,42.099998,30.932325
2013-10-04,42.369999,42.099998,42.270000,31.057241
2013-10-07,42.220001,41.740002,41.919998,30.800083
2013-10-08,42.250000,41.509998,41.650002,30.601707
2013-10-09,41.759998,41.220001,41.410000,30.425362
2013-10-10,41.790001,41.400002,41.599998,30.564962
2013-10-11,41.660000,41.130001,41.570000,30.542927
2013-10-14,41.939999,41.180000,41.730000,30.660484
2013-10-15,41.439999,40.340000,40.700001,29.903709
2013-10-16,40.880001,40.250000,40.439999,29.712683
2013-10-17,40.700001,39.790001,40.639999,29.970779
2013-10-18,41.540001,40.500000,41.369999,30.509140
2013-10-21,41.720001,41.380001,41.650002,30.715635
2013-10-22,41.150002,40.450001,40.709999,30.022423
2013-10-23,40.450001,38.930000,39.060001,28.805582
2013-10-24,39.439999,39.070000,39.290001,28.975203
2013-10-25,39.599998,39.230000,39.389999,29.048939
2013-10-28,39.930000,39.029999,39.689999,29.270203
2013-10-29,40.220001,39.660000,39.770000,29.329195
2013-10-30,39.980000,38.849998,38.930000,28.709717
2013-10-31,39.250000,38.680000,38.810001,28.621220
2013-11-01,39.279999,38.830002,39.139999,28.864580
2013-11-04,39.029999,38.480000,38.750000,28.576981
2013-11-05,38.750000,38.500000,38.509998,28.399965
2013-11-06,38.889999,38.340000,38.770000,28.591726
2013-11-07,39.619999,38.450001,39.450001,29.093208
2013-11-08,39.930000,39.320000,39.910000,29.432436
2013-11-11,39.970001,39.529999,39.869999,29.402939
2013-11-12,40.439999,39.700001,40.200001,29.646307
2013-11-13,41.299999,39.750000,41.290001,30.450153
2013-11-14,42.689999,40.720001,41.070000,30.287901
2013-11-15,41.500000,40.650002,41.419998,30.546017
2013-11-18,41.580002,40.500000,40.570000,29.919168
2013-11-19,40.910000,40.299999,40.590000,29.933924
2013-11-20,40.790001,40.320000,40.360001,29.764315
2013-11-21,40.669998,39.950001,40.389999,29.786421
2013-11-22,40.680000,40.080002,40.639999,29.970779
2013-11-25,40.919998,40.549999,40.770000,30.066666
2013-11-26,41.029999,40.779999,40.889999,30.155157
2013-11-27,41.270000,40.790001,41.240002,30.413269
2013-11-29,41.340000,40.900002,41.250000,30.420650
2013-12-02,41.240002,40.500000,41.000000,30.236277
2013-12-03,41.160000,40.599998,40.740002,30.044550
2013-12-04,40.889999,39.730000,40.669998,29.992918
2013-12-05,41.459999,40.570000,41.450001,30.568140
2013-12-06,41.950001,41.430000,41.570000,30.656645
2013-12-09,41.840000,41.240002,41.259998,30.428015
2013-12-10,41.799999,41.139999,41.459999,30.575510
2013-12-11,41.459999,39.990002,40.060001,29.543051
2013-12-12,40.110001,39.340000,39.599998,29.203815
2013-12-13,39.919998,39.299999,39.770000,29.329195
2013-12-16,40.189999,39.790001,40.029999,29.520933
2013-12-17,40.119999,39.580002,39.950001,29.461931
2013-12-18,40.060001,39.000000,40.040001,29.528315
2013-12-19,40.650002,39.950001,40.639999,29.970779
2013-12-20,40.930000,40.410000,40.490002,29.860172
2013-12-23,40.680000,40.230000,40.380001,29.779047
2013-12-24,40.540001,40.279999,40.380001,29.779047
2013-12-26,40.660000,40.220001,40.310001,29.727442
2013-12-27,40.810001,40.320000,40.700001,30.015034
2013-12-30,41.090000,40.709999,40.980000,30.221531
2013-12-31,41.439999,41.000000,41.139999,30.339535
2014-01-02,41.009998,40.419998,40.419998,29.808546
2014-01-03,40.619999,40.220001,40.330002,29.742180
2014-01-06,40.610001,40.060001,40.150002,29.609423
2014-01-07,40.830002,40.090000,40.820000,30.216423
2014-01-08,41.060001,40.689999,41.049999,30.386681
2014-01-09,41.139999,40.509998,40.650002,30.090584
2014-01-10,40.799999,40.270000,40.369999,29.883314
2014-01-13,40.490002,39.610001,39.700001,29.387358
2014-01-14,40.380001,39.599998,40.189999,29.750084
2014-01-15,43.509998,40.330002,43.509998,32.207657
2014-01-16,43.840000,43.180000,43.279999,32.037403
2014-01-17,44.720001,42.790001,44.490002,32.933094
2014-01-21,45.520000,44.509998,44.889999,33.229179
2014-01-22,45.700001,44.799999,45.450001,33.643726
2014-01-23,45.959999,44.919998,45.849998,33.939808
2014-01-24,45.720001,43.919998,43.959999,32.540768
2014-01-27,44.439999,43.669998,43.709999,32.355705
2014-01-28,43.990002,43.389999,43.740002,32.377918
2014-01-29,43.610001,42.700001,42.759998,31.652483
2014-01-30,43.279999,42.630001,43.139999,31.933771
2014-01-31,42.840000,41.919998,42.340000,31.341585
2014-02-03,43.639999,41.700001,41.939999,31.045496
2014-02-04,42.480000,41.410000,42.099998,31.163919
2014-02-05,41.950001,40.689999,41.570000,30.771599
2014-02-06,42.090000,41.450001,41.709999,30.875246
2014-02-07,42.990002,41.549999,42.820000,31.696898
2014-02-10,43.560001,42.590000,43.270000,32.030006
2014-02-11,43.930000,43.110001,43.689999,32.340893
2014-02-12,44.279999,42.459999,42.590000,31.526640
2014-02-13,41.250000,39.849998,41.099998,30.423683
2014-02-14,41.340000,40.680000,40.720001,30.142410
2014-02-18,40.900002,40.580002,40.619999,30.068377
2014-02-19,40.900002,40.459999,40.529999,30.001757
2014-02-20,40.669998,39.799999,40.180000,29.742678
2014-02-21,40.169998,39.650002,39.889999,29.527996
2014-02-24,40.270000,39.730000,40.090000,29.676050
2014-02-25,40.310001,39.650002,39.849998,29.498398
2014-02-26,40.430000,39.730000,40.279999,29.816700
2014-02-27,40.700001,40.060001,40.619999,30.068377
2014-02-28,40.889999,40.169998,40.410000,29.912937
2014-03-03,40.650002,39.849998,40.500000,29.979546
2014-03-04,41.029999,40.000000,40.180000,29.742678
2014-03-05,40.320000,39.660000,39.810001,29.468794
2014-03-06,40.080002,38.549999,39.029999,28.891403
2014-03-07,39.220001,37.529999,37.900002,28.054943
2014-03-10,38.029999,37.599998,37.810001,27.988316
2014-03-11,38.020000,37.400002,37.439999,27.714430
2014-03-12,37.889999,36.990002,37.849998,28.017927
2014-03-13,37.619999,36.619999,37.160000,27.507156
2014-03-14,37.810001,36.529999,36.570000,27.070427
2014-03-17,37.500000,36.619999,37.299999,27.610796
2014-03-18,37.630001,37.189999,37.459999,27.729239
2014-03-19,37.630001,37.009998,37.090000,27.455347
2014-03-20,37.540001,36.980000,37.099998,27.462748
2014-03-21,37.990002,37.139999,37.799999,27.980909
2014-03-24,36.980000,36.040001,36.580002,27.077831
2014-03-25,37.169998,36.630001,37.090000,27.455347
2014-03-26,37.599998,36.689999,36.689999,27.159241
2014-03-27,36.990002,36.259998,36.259998,26.840950
2014-03-28,36.810001,36.099998,36.180000,26.781733
2014-03-31,37.110001,36.230000,36.900002,27.314701
2014-04-01,37.200001,36.580002,37.119999,27.477552
2014-04-02,37.709999,37.099998,37.639999,27.862467
2014-04-03,37.810001,37.349998,37.520000,27.773649
2014-04-04,38.299999,37.320000,37.529999,27.781054
2014-04-07,37.619999,36.290001,36.299999,26.870556
2014-04-08,37.049999,36.139999,37.000000,27.502375
2014-04-09,37.700001,36.889999,37.660000,27.992950
2014-04-10,37.950001,36.419998,36.439999,27.086117
2014-04-11,36.500000,35.880001,35.970001,26.736757
2014-04-14,36.820000,36.080002,36.790001,27.346275
2014-04-15,37.310001,36.580002,36.990002,27.494928
2014-04-16,36.889999,35.740002,36.240002,26.937460
2014-04-17,36.240002,35.529999,35.869999,26.662434
2014-04-21,36.189999,35.799999,35.939999,26.714466
2014-04-22,36.279999,35.910000,36.049999,26.796225
2014-04-23,36.070000,35.450001,35.869999,26.662434
2014-04-24,36.480000,35.590000,35.619999,26.476597
2014-04-25,35.590000,34.950001,35.000000,26.015753
2014-04-28,35.400002,34.209999,35.160000,26.134687
2014-04-29,35.630001,35.209999,35.419998,26.327942
2014-04-30,35.720001,35.099998,35.610001,26.469175
2014-05-01,36.279999,35.320000,35.540001,26.417152
2014-05-02,35.900002,35.259998,35.540001,26.417152
2014-05-05,35.869999,35.259998,35.840000,26.640135
2014-05-06,35.669998,34.869999,34.980000,26.000895
2014-05-07,34.599998,33.340000,33.700001,25.049454
2014-05-08,34.209999,33.490002,33.840000,25.153521
2014-05-09,34.240002,33.580002,34.189999,25.413677
2014-05-12,34.049999,33.389999,33.590000,24.967690
2014-05-13,34.880001,33.630001,34.799999,25.867090
2014-05-14,35.000000,34.400002,34.570000,25.696131
2014-05-15,34.779999,33.990002,34.700001,25.792761
2014-05-16,34.860001,33.410000,33.720001,25.064325
2014-05-19,34.380001,33.630001,34.290001,25.488012
2014-05-20,34.250000,33.660000,33.950001,25.235283
2014-05-21,34.630001,34.020000,34.490002,25.636667
2014-05-22,36.669998,34.820000,36.160000,26.877989
2014-05-23,36.439999,35.160000,35.759998,26.580671
2014-05-27,36.639999,35.730000,36.630001,27.227348
2014-05-28,36.980000,36.270000,36.840000,27.383446
2014-05-29,37.169998,36.650002,37.049999,27.539528
2014-05-30,37.110001,36.680000,37.009998,27.509802
2014-06-02,37.689999,36.189999,37.509998,27.881451
2014-06-03,37.410000,36.340000,36.590000,27.197622
2014-06-04,36.500000,36.090000,36.259998,26.952326
2014-06-05,36.349998,35.970001,36.119999,26.848265
2014-06-06,36.400002,35.770000,35.830002,26.632702
2014-06-09,36.099998,35.430000,35.740002,26.565798
2014-06-10,35.880001,35.549999,35.860001,26.655005
2014-06-11,35.990002,35.619999,35.939999,26.714466
2014-06-12,35.770000,35.470001,35.529999,26.409708
2014-06-13,35.919998,35.369999,35.660000,26.506334
2014-06-16,36.040001,35.459999,35.680000,26.521194
2014-06-17,35.830002,35.480000,35.709999,26.543499
2014-06-18,36.580002,35.660000,36.470001,27.108416
2014-06-19,36.590000,35.860001,36.230000,26.930021
2014-06-20,36.500000,35.590000,35.790001,26.602964
2014-06-23,36.099998,35.330002,35.849998,26.647562
2014-06-24,36.970001,35.459999,36.090000,26.825951
2014-06-25,36.169998,35.520000,36.000000,26.759064
2014-06-26,36.040001,35.590000,35.779999,26.595535
2014-06-27,35.820000,35.349998,35.480000,26.372549
2014-06-30,37.189999,36.360001,36.520000,27.145580
2014-07-01,36.709999,36.340000,36.610001,27.212477
2014-07-02,37.110001,36.549999,37.110001,27.584131
2014-07-03,37.910000,37.049999,37.830002,28.119312
2014-07-07,37.830002,37.020000,37.220001,27.665899
2014-07-08,37.209999,36.459999,36.730000,27.423250
2014-07-09,37.130001,36.389999,36.490002,27.244059
2014-07-10,37.009998,36.029999,36.639999,27.356054
2014-07-11,37.130001,36.599998,37.130001,27.721895
2014-07-14,37.290001,36.230000,36.380001,27.161930
2014-07-15,36.840000,36.349998,36.680000,27.385914
2014-07-16,37.000000,36.540001,36.880001,27.535233
2014-07-17,37.070000,36.360001,36.700001,27.400848
2014-07-18,36.939999,36.570000,36.919998,27.565105
2014-07-21,37.240002,36.799999,37.090000,27.692030
2014-07-22,37.820000,37.160000,37.759998,28.192259
2014-07-23,37.990002,37.389999,37.930000,28.319189
2014-07-24,38.209999,37.799999,38.119999,28.461048
2014-07-25,38.180000,37.970001,38.130001,28.468512
2014-07-28,38.580002,37.799999,38.549999,28.782091
2014-07-29,38.779999,38.430000,38.580002,28.804487
2014-07-30,39.299999,38.689999,39.119999,29.207663
2014-07-31,39.060001,38.169998,38.840000,28.998617
2014-08-01,38.799999,38.180000,38.540001,28.774624
2014-08-04,38.919998,38.320000,38.759998,28.938873
2014-08-05,39.330002,38.470001,38.660000,28.864218
2014-08-06,38.990002,38.389999,38.799999,28.968752
2014-08-07,39.360001,38.259998,38.439999,28.699970
2014-08-08,39.060001,38.369999,39.000000,29.118063
2014-08-11,39.450001,38.810001,39.320000,29.356985
2014-08-12,39.430000,38.970001,39.290001,29.334585
2014-08-13,39.490002,39.049999,39.299999,29.342052
2014-08-14,41.480000,39.500000,41.349998,30.872623
2014-08-15,41.680000,40.880001,41.360001,30.880081
2014-08-18,41.619999,40.990002,41.110001,30.693436
2014-08-19,41.250000,40.779999,40.830002,30.484371
2014-08-20,41.139999,40.740002,40.970001,30.588909
2014-08-21,41.150002,40.740002,40.919998,30.551573
2014-08-22,41.150002,40.900002,41.000000,30.611290
2014-08-25,41.590000,41.029999,41.189999,30.753162
2014-08-26,41.689999,41.099998,41.419998,30.924889
2014-08-27,41.689999,41.299999,41.560001,31.029415
2014-08-28,42.070000,41.419998,41.990002,31.350460
2014-08-29,42.169998,41.680000,42.160000,31.477385
2014-09-02,42.330002,41.930000,42.040001,31.387772
2014-09-03,42.290001,41.990002,42.099998,31.432568
2014-09-04,42.450001,41.910000,41.910000,31.290722
2014-09-05,42.230000,41.810001,42.209999,31.514702
2014-09-08,42.200001,41.910000,42.160000,31.477385
2014-09-09,42.419998,41.930000,42.040001,31.387772
2014-09-10,42.500000,42.009998,42.150002,31.469902
2014-09-11,42.480000,42.000000,42.470001,31.708830
2014-09-12,42.509998,42.180000,42.500000,31.731230
2014-09-15,43.119999,42.509998,42.869999,32.007469
2014-09-16,43.099998,42.610001,42.970001,32.082134
2014-09-17,43.250000,42.810001,43.049999,32.141876
2014-09-18,43.650002,43.070000,43.400002,32.403183
2014-09-19,43.750000,42.849998,43.000000,32.104542
2014-09-22,43.250000,42.860001,43.000000,32.104542
2014-09-23,43.389999,42.959999,43.070000,32.156799
2014-09-24,43.480000,42.980000,43.380001,32.388245
2014-09-25,43.320000,42.160000,42.169998,31.484838
2014-09-26,42.509998,41.880001,42.169998,31.484838
2014-09-29,42.529999,41.880001,42.439999,31.686419
2014-09-30,43.090000,42.570000,42.959999,32.074661
2014-10-01,42.680000,41.270000,41.330002,30.857689
2014-10-02,41.549999,40.700001,41.380001,30.895016
2014-10-03,41.860001,41.290001,41.570000,31.036875
2014-10-06,41.680000,40.980000,40.990002,30.603844
2014-10-07,40.869999,39.709999,39.849998,29.752701
2014-10-08,40.310001,39.450001,40.240002,30.168789
2014-10-09,40.520000,39.540001,39.570000,29.666473
2014-10-10,39.889999,38.900002,38.910000,29.171656
2014-10-13,39.090000,38.209999,38.220001,28.654352
2014-10-14,38.849998,38.209999,38.529999,28.886766
2014-10-15,38.950001,37.740002,38.810001,29.096689
2014-10-16,39.320000,37.759998,38.400002,28.789299
2014-10-17,39.369999,38.619999,38.820000,29.104185
2014-10-20,38.599998,37.439999,38.540001,28.894258
2014-10-21,39.349998,38.630001,39.270000,29.441566
2014-10-22,40.250000,39.270000,39.660000,29.733953
2014-10-23,40.680000,39.779999,40.299999,30.213768
2014-10-24,40.740002,39.919998,40.720001,30.528658
2014-10-27,40.950001,40.349998,40.549999,30.401201
2014-10-28,41.500000,40.799999,41.500000,31.113441
2014-10-29,42.090000,41.349998,41.380001,31.023481
2014-10-30,42.209999,41.220001,42.110001,31.570763
2014-10-31,42.860001,42.439999,42.799999,32.088089
2014-11-03,43.450001,42.610001,43.070000,32.290497
2014-11-04,43.430000,42.830002,43.020000,32.253010
2014-11-05,43.240002,42.570000,43.200001,32.387970
2014-11-06,43.669998,42.950001,43.169998,32.365475
2014-11-07,43.240002,42.200001,42.299999,31.713219
2014-11-10,42.470001,41.900002,42.150002,31.600761
2014-11-11,42.439999,41.980000,42.270000,31.690725
2014-11-12,42.480000,42.000000,42.310001,31.720726
2014-11-13,41.910000,40.380001,41.090000,30.806051
2014-11-14,42.570000,41.090000,42.270000,31.690725
2014-11-17,42.320000,41.730000,42.230000,31.660728
2014-11-18,42.200001,41.840000,41.889999,31.405825
2014-11-19,41.970001,41.490002,41.810001,31.345837
2014-11-20,42.230000,41.610001,42.200001,31.638245
2014-11-21,42.599998,42.279999,42.310001,31.720726
2014-11-24,42.660000,42.220001,42.630001,31.960621
2014-11-25,43.169998,42.459999,43.080002,32.298008
2014-11-26,43.119999,42.599998,42.700001,32.013103
2014-11-28,42.900002,42.419998,42.549999,31.900650
2014-12-01,42.270000,41.750000,41.980000,31.473301
2014-12-02,42.250000,41.509998,42.020000,31.503292
2014-12-03,43.169998,42.000000,43.139999,32.342976
2014-12-04,43.299999,42.810001,43.290001,32.455437
2014-12-05,43.580002,43.080002,43.410000,32.545410
2014-12-08,43.279999,42.450001,42.619999,31.953117
2014-12-09,42.930000,42.290001,42.720001,32.028088
2014-12-10,42.849998,41.779999,41.889999,31.405825
2014-12-11,42.590000,41.889999,42.189999,31.630739
2014-12-12,41.759998,40.660000,40.700001,30.513657
2014-12-15,41.290001,40.330002,40.700001,30.513657
2014-12-16,41.139999,40.180000,40.650002,30.476166
2014-12-17,40.980000,40.230000,40.849998,30.626112
2014-12-18,42.770000,41.009998,42.720001,32.028088
2014-12-19,43.459999,42.310001,42.939999,32.193035
2014-12-22,43.049999,42.060001,42.939999,32.193035
2014-12-23,43.320000,42.830002,42.840000,32.118065
2014-12-24,43.099998,42.730000,42.810001,32.095573
2014-12-26,42.910000,42.509998,42.549999,31.900650
2014-12-29,42.529999,41.980000,41.990002,31.480797
2014-12-30,42.209999,41.480000,41.560001,31.158417
2014-12-31,41.810001,41.119999,41.450001,31.075949
2015-01-02,41.790001,41.020000,41.459999,31.083447
2015-01-05,41.369999,39.910000,40.049999,30.026340
2015-01-06,40.330002,39.520000,39.689999,29.756437
2015-01-07,39.869999,39.430000,39.730000,29.910763
2015-01-08,40.889999,39.880001,40.549999,30.528122
2015-01-09,40.889999,40.090000,40.650002,30.603395
2015-01-12,40.860001,39.639999,39.869999,30.016174
2015-01-13,40.419998,38.860001,39.320000,29.602110
2015-01-14,39.139999,38.520000,38.889999,29.278383
2015-01-15,38.900002,38.230000,38.459999,28.954657
2015-01-16,38.779999,38.279999,38.750000,29.172989
2015-01-20,39.099998,38.250000,38.529999,29.007347
2015-01-21,38.709999,38.139999,38.509998,28.992310
2015-01-22,39.680000,38.299999,39.660000,29.858084
2015-01-23,39.740002,39.230000,39.480000,29.722565
2015-01-26,39.189999,38.410000,38.900002,29.285913
2015-01-27,38.770000,37.950001,38.070000,28.661041
2015-01-28,38.770000,37.900002,38.009998,28.615875
2015-01-29,38.470001,37.689999,38.060001,28.653519
2015-01-30,38.360001,37.540001,37.799999,28.457783
2015-02-02,38.349998,37.459999,38.290001,28.826668
2015-02-03,39.290001,38.230000,39.259998,29.556938
2015-02-04,39.340000,38.779999,38.919998,29.300970
2015-02-05,39.139999,38.500000,38.790001,29.203093
2015-02-06,39.369999,38.450001,38.869999,29.263334
2015-02-09,39.090000,38.700001,38.849998,29.248270
2015-02-10,39.459999,38.590000,39.439999,29.692448
2015-02-11,39.900002,39.119999,39.790001,29.955954
2015-02-12,37.279999,35.880001,36.900002,27.780203
2015-02-13,38.410000,36.990002,38.220001,28.773968
2015-02-17,38.189999,37.180000,37.790001,28.450245
2015-02-18,38.230000,37.639999,37.799999,28.457783
2015-02-19,38.060001,37.720001,37.849998,28.495419
2015-02-20,38.320000,37.630001,38.200001,28.758917
2015-02-23,38.509998,37.799999,38.509998,28.992310
2015-02-24,38.740002,38.110001,38.570000,29.037460
2015-02-25,38.779999,38.520000,38.619999,29.075109
2015-02-26,39.139999,38.490002,38.650002,29.097692
2015-02-27,38.930000,38.389999,38.650002,29.097692
2015-03-02,38.930000,38.250000,38.580002,29.044989
2015-03-03,38.560001,37.910000,38.029999,28.630930
2015-03-04,38.139999,37.549999,37.799999,28.457783
2015-03-05,38.599998,37.720001,38.549999,29.022415
2015-03-06,38.759998,38.099998,38.200001,28.758917
2015-03-09,38.490002,38.049999,38.439999,28.939589
2015-03-10,38.259998,37.930000,37.939999,28.563173
2015-03-11,38.110001,37.590000,37.820000,28.472828
2015-03-12,38.860001,37.220001,37.410000,28.164162
2015-03-13,37.439999,36.459999,36.820000,27.719980
2015-03-16,37.169998,36.689999,37.160000,27.975948
2015-03-17,37.400002,36.740002,36.779999,27.689869
2015-03-18,37.560001,36.529999,37.299999,28.081345
2015-03-19,37.419998,36.639999,36.700001,27.629642
2015-03-20,37.500000,36.700001,37.320000,28.096407
2015-03-23,36.840000,36.419998,36.639999,27.584469
2015-03-24,36.790001,35.830002,35.849998,26.989710
2015-03-25,36.090000,35.610001,35.740002,26.906897
2015-03-26,35.680000,35.259998,35.549999,26.763851
2015-03-27,35.639999,34.980000,35.099998,26.425077
2015-03-30,35.439999,35.009998,35.380001,26.635874
2015-03-31,35.700001,35.060001,35.459999,26.696100
2015-04-01,35.430000,34.939999,35.270000,26.553059
2015-04-02,35.930000,35.139999,35.630001,26.824087
2015-04-06,36.139999,35.209999,36.029999,27.125225
2015-04-07,36.160000,35.770000,35.810001,26.959597
2015-04-08,35.919998,35.430000,35.820000,27.091955
2015-04-09,35.919998,35.450001,35.740002,27.031448
2015-04-10,35.779999,35.189999,35.470001,26.827246
2015-04-13,35.680000,35.380001,35.410000,26.781853
2015-04-14,35.980000,35.230000,35.869999,27.129772
2015-04-15,36.750000,35.740002,36.730000,27.780218
2015-04-16,36.660000,36.220001,36.360001,27.500387
2015-04-17,36.549999,35.650002,35.970001,27.205406
2015-04-20,36.430000,35.799999,35.990002,27.220541
2015-04-21,36.209999,35.740002,36.000000,27.228092
2015-04-22,36.299999,35.959999,36.139999,27.333984
2015-04-23,36.419998,35.980000,36.290001,27.447439
2015-04-24,36.360001,35.919998,36.119999,27.318865
2015-04-27,36.590000,35.959999,36.369999,27.507948
2015-04-28,36.669998,36.130001,36.599998,27.681900
2015-04-29,37.070000,36.279999,36.799999,27.833164
2015-04-30,36.959999,36.169998,36.250000,27.417189
2015-05-01,36.790001,36.330002,36.689999,27.749969
2015-05-04,36.980000,36.619999,36.709999,27.765102
2015-05-05,36.660000,35.849998,35.910000,27.160030
2015-05-06,36.029999,35.330002,35.389999,26.766731
2015-05-07,35.770000,35.230000,35.570000,26.902870
2015-05-08,35.880001,35.349998,35.650002,26.963379
2015-05-11,35.439999,34.779999,34.959999,26.441507
2015-05-12,35.049999,34.619999,34.860001,26.365873
2015-05-13,35.380001,34.750000,35.299999,26.698656
2015-05-14,36.060001,35.509998,35.959999,27.197849
2015-05-15,36.099998,35.389999,35.400002,26.774296
2015-05-18,35.480000,34.740002,34.799999,26.320496
2015-05-19,35.540001,34.570000,35.349998,26.736481
2015-05-20,35.680000,35.169998,35.330002,26.721352
2015-05-21,32.130001,30.850000,31.770000,24.028801
2015-05-22,33.259998,31.459999,33.139999,25.064980
2015-05-26,33.139999,32.330002,32.560001,24.626308
2015-05-27,33.099998,32.580002,33.020000,24.974218
2015-05-28,33.349998,32.830002,33.259998,25.155735
2015-05-29,33.419998,32.970001,33.400002,25.261629
2015-06-01,33.400002,32.869999,33.160000,25.080101
2015-06-02,33.580002,32.980000,33.340000,25.216248
2015-06-03,33.830002,33.209999,33.240002,25.140614
2015-06-04,33.869999,32.939999,33.869999,25.617100
2015-06-05,34.000000,33.520000,33.939999,25.670052
2015-06-08,33.980000,32.919998,33.160000,25.080101
2015-06-09,33.389999,32.970001,33.099998,25.034719
2015-06-10,33.919998,33.180000,33.540001,25.367514
2015-06-11,33.959999,33.400002,33.680000,25.473406
2015-06-12,33.610001,33.270000,33.480000,25.322124
2015-06-15,33.610001,32.970001,33.549999,25.375067
2015-06-16,33.730000,33.299999,33.549999,25.375067
2015-06-17,33.919998,33.560001,33.779999,25.549034
2015-06-18,34.070000,33.720001,33.770000,25.541475
2015-06-19,34.000000,33.680000,33.930000,25.662483
2015-06-22,34.480000,33.939999,34.389999,26.010405
2015-06-23,34.720001,34.160000,34.549999,26.131418
2015-06-24,34.509998,33.090000,33.180000,25.095228
2015-06-25,33.279999,32.459999,32.650002,24.694374
2015-06-26,32.840000,32.240002,32.360001,24.475037
2015-06-29,32.369999,31.629999,31.680000,23.960728
2015-06-30,31.990000,31.420000,31.559999,23.869965
2015-07-01,32.279999,31.459999,31.590000,23.892658
2015-07-02,31.719999,31.379999,31.500000,23.824581
2015-07-06,31.490000,31.100000,31.299999,23.673326
2015-07-07,31.629999,30.910000,31.600000,23.900221
2015-07-08,31.620001,30.510000,30.600000,23.276472
2015-07-09,30.990000,30.260000,30.350000,23.086298
2015-07-10,30.920000,30.400000,30.600000,23.276472
2015-07-13,30.969999,30.500000,30.910000,23.512274
2015-07-14,31.100000,30.719999,30.889999,23.497065
2015-07-15,31.400000,30.930000,31.139999,23.687231
2015-07-16,31.370001,31.059999,31.219999,23.748095
2015-07-17,31.209999,30.969999,31.139999,23.687231
2015-07-20,31.290001,30.870001,30.940001,23.535099
2015-07-21,30.920000,30.250000,30.889999,23.497065
2015-07-22,31.250000,30.420000,31.150000,23.694843
2015-07-23,32.180000,31.110001,31.400000,23.885012
2015-07-24,31.620001,31.030001,31.100000,23.656807
2015-07-27,31.030001,30.620001,30.799999,23.428604
2015-07-28,31.110001,30.770000,30.950001,23.542711
2015-07-29,31.170000,30.809999,30.959999,23.550318
2015-07-30,31.639999,30.840000,31.570000,24.014328
2015-07-31,31.620001,31.100000,31.150000,23.694843
2015-08-03,31.450001,30.570000,30.690001,23.344927
2015-08-04,30.760000,30.440001,30.580000,23.261257
2015-08-05,31.240000,30.549999,30.870001,23.481853
2015-08-06,31.000000,30.520000,30.690001,23.344927
2015-08-07,30.889999,30.469999,30.520000,23.215618
2015-08-10,31.680000,30.750000,31.500000,23.961069
2015-08-11,31.360001,30.559999,30.709999,23.360147
2015-08-12,30.990000,30.280001,30.990000,23.573133
2015-08-13,31.059999,30.540001,30.620001,23.291691
2015-08-14,30.799999,30.450001,30.750000,23.390574
2015-08-17,30.559999,30.000000,30.540001,23.230835
2015-08-18,30.730000,29.920000,30.280001,23.033058
2015-08-19,30.270000,29.540001,29.780001,22.652723
2015-08-20,32.290001,30.480000,30.780001,23.413393
2015-08-21,31.190001,30.209999,30.209999,22.979815
2015-08-24,29.870001,28.879999,29.870001,22.721188
2015-08-25,30.510000,29.049999,29.070000,22.112644
2015-08-26,30.639999,29.459999,30.580000,23.261257
2015-08-27,31.440001,30.730000,31.389999,23.877401
2015-08-28,31.840000,31.309999,31.620001,24.052351
2015-08-31,32.040001,31.410000,31.959999,24.310982
2015-09-01,31.280001,30.799999,30.959999,23.550318
2015-09-02,31.450001,30.889999,31.270000,23.786118
2015-09-03,31.690001,31.120001,31.190001,23.725264
2015-09-04,30.950001,30.520000,30.570000,23.253649
2015-09-08,31.549999,30.780001,31.490000,23.953466
2015-09-09,31.950001,31.070000,31.120001,23.672022
2015-09-10,31.639999,30.950001,31.360001,23.854580
2015-09-11,31.590000,31.049999,31.580000,24.021927
2015-09-14,31.620001,31.049999,31.139999,23.687231
2015-09-15,32.220001,31.219999,32.189999,24.485935
2015-09-16,32.480000,31.910000,32.360001,24.615252
2015-09-17,32.730000,32.160000,32.209999,24.501150
2015-09-18,32.119999,31.180000,31.360001,23.854580
2015-09-21,31.719999,31.150000,31.219999,23.748095
2015-09-22,30.389999,29.740000,30.070000,22.873322
2015-09-23,30.180000,29.540001,29.700001,22.591866
2015-09-24,29.889999,29.110001,29.490000,22.432129
2015-09-25,29.700001,29.370001,29.570000,22.492985
2015-09-28,29.660000,29.090000,29.100000,22.135469
2015-09-29,29.730000,28.809999,28.950001,22.021370
2015-09-30,29.730000,28.750000,29.600000,22.515800
2015-10-01,29.750000,28.870001,29.240000,22.241961
2015-10-02,29.930000,28.850000,29.930000,22.766819
2015-10-05,30.950001,30.120001,30.889999,23.497065
2015-10-06,31.580000,30.840000,31.330000,23.831764
2015-10-07,31.770000,31.070000,31.530001,24.122480
2015-10-08,32.279999,31.459999,32.270000,24.688629
2015-10-09,33.200001,32.299999,33.160000,25.369543
2015-10-12,33.660000,32.680000,33.369999,25.530201
2015-10-13,33.869999,32.900002,33.430000,25.576109
2015-10-14,33.950001,33.419998,33.880001,25.920387
2015-10-15,33.779999,33.369999,33.779999,25.843876
2015-10-16,33.830002,33.480000,33.820000,25.874485
2015-10-19,33.919998,33.599998,33.680000,25.767376
2015-10-20,33.840000,33.500000,33.720001,25.797981
2015-10-21,33.849998,33.320000,33.400002,25.553156
2015-10-22,34.400002,33.340000,34.380001,26.302923
2015-10-23,34.810001,34.220001,34.669998,26.524786
2015-10-26,34.029999,33.110001,33.150002,25.361883
2015-10-27,33.540001,32.860001,33.360001,25.522558
2015-10-28,34.080002,33.380001,34.060001,26.058104
2015-10-29,34.070000,33.610001,33.759998,25.828575
2015-10-30,34.090000,33.389999,34.000000,26.012197
2015-11-02,34.389999,33.860001,34.380001,26.302923
2015-11-03,34.730000,34.180000,34.490002,26.387075
2015-11-04,34.529999,33.770000,33.820000,25.874485
2015-11-05,34.599998,33.930000,34.200001,26.165207
2015-11-06,34.439999,33.880001,34.400002,26.318220
2015-11-09,34.380001,33.959999,34.139999,26.119303
2015-11-10,34.029999,33.209999,33.330002,25.499599
2015-11-11,33.509998,32.310001,32.430000,24.811047
2015-11-12,32.439999,31.690001,31.840000,24.359650
2015-11-13,31.870001,30.830000,31.309999,23.954172
2015-11-16,31.650000,31.180000,31.490000,24.091879
2015-11-17,31.940001,31.139999,31.299999,23.946524
2015-11-18,31.469999,30.760000,31.040001,23.747602
2015-11-19,31.480000,30.120001,30.969999,23.694050
2015-11-20,31.250000,30.500000,31.049999,23.755257
2015-11-23,31.590000,30.930000,31.010000,23.724655
2015-11-24,31.100000,30.690001,30.930000,23.663446
2015-11-25,31.010000,30.709999,30.760000,23.533384
2015-11-27,30.900000,30.590000,30.690001,23.479832
2015-11-30,30.980000,30.610001,30.660000,23.456879
2015-12-01,31.000000,30.219999,30.969999,23.694050
2015-12-02,31.129999,30.700001,30.930000,23.663446
2015-12-03,31.030001,30.379999,30.860001,23.609896
2015-12-04,31.309999,30.620001,31.280001,23.931217
2015-12-07,31.639999,31.200001,31.530001,24.122480
2015-12-08,31.389999,31.010000,31.080000,23.778208
2015-12-09,31.180000,30.020000,30.120001,23.043743
2015-12-10,30.500000,29.850000,30.190001,23.097301
2015-12-11,29.709999,28.940001,29.059999,22.232775
2015-12-14,29.370001,28.299999,28.670000,21.934399
2015-12-15,29.010000,28.520000,28.570000,21.857897
2015-12-16,29.280001,28.530001,28.940001,22.140970
2015-12-17,29.059999,28.080000,28.299999,21.651323
2015-12-18,28.270000,27.410000,27.600000,21.115786
2015-12-21,27.840000,27.440001,27.600000,21.115786
2015-12-22,26.799999,25.209999,26.230000,20.067644
2015-12-23,26.910000,26.280001,26.520000,20.289515
2015-12-24,27.160000,26.459999,26.520000,20.289515
2015-12-28,26.770000,26.170000,26.570000,20.327765
2015-12-29,26.969999,26.500000,26.879999,20.564934
2015-12-30,27.010000,26.780001,26.870001,20.557287
2015-12-31,26.870001,26.530001,26.530001,20.297165
2016-01-04,26.240000,25.809999,26.020000,19.906979
2016-01-05,26.180000,25.360001,25.400000,19.432638
2016-01-06,25.100000,24.610001,24.690001,19.024261
2016-01-07,24.459999,23.150000,23.370001,18.007164
2016-01-08,23.570000,22.930000,23.000000,17.722075
2016-01-11,23.209999,22.469999,22.980000,17.706663
2016-01-12,23.299999,22.299999,22.600000,17.413866
2016-01-13,23.309999,22.379999,22.520000,17.352224
2016-01-14,23.430000,22.639999,23.219999,17.891592
2016-01-15,22.510000,21.459999,22.250000,17.144182
2016-01-19,22.580000,21.290001,21.450001,16.527756
2016-01-20,21.559999,20.660000,21.350000,16.450705
2016-01-21,21.809999,21.110001,21.350000,16.450705
2016-01-22,22.139999,21.340000,21.510000,16.573992
2016-01-25,21.580000,21.180000,21.219999,16.350540
2016-01-26,22.070000,21.250000,22.030001,16.974670
2016-01-27,22.240000,21.240000,21.309999,16.419886
2016-01-28,21.620001,21.250000,21.480000,16.550877
2016-01-29,22.379999,21.389999,21.930000,16.897615
2016-02-01,21.900000,21.379999,21.860001,16.843676
2016-02-02,21.959999,21.510000,21.559999,16.612520
2016-02-03,22.360001,21.320000,22.200001,17.105656
2016-02-04,23.150000,21.469999,22.580000,17.398451
2016-02-05,23.080000,22.440001,22.639999,17.444681
2016-02-08,22.590000,22.030001,22.350000,17.221235
2016-02-09,22.639999,22.000000,22.040001,16.982374
2016-02-10,22.870001,22.100000,22.379999,17.244345
2016-02-11,22.040001,21.219999,21.730000,16.743509
2016-02-12,22.059999,20.889999,21.889999,16.866791
2016-02-16,23.139999,21.879999,23.090000,17.791428
2016-02-17,23.660000,23.160000,23.549999,18.145857
2016-02-18,24.330000,22.900000,23.930000,18.438660
2016-02-19,24.799999,23.700001,24.639999,18.985731
2016-02-22,25.459999,24.870001,24.969999,19.240011
2016-02-23,24.889999,24.290001,24.320000,18.739168
2016-02-24,25.049999,23.879999,24.990000,19.255415
2016-02-25,24.969999,24.440001,24.629999,18.978029
2016-02-26,25.559999,24.379999,25.120001,19.355587
2016-02-29,25.139999,24.799999,24.840000,19.139839
2016-03-01,25.790001,24.889999,25.540001,19.679213
2016-03-02,25.850000,25.180000,25.690001,19.794790
2016-03-03,26.170000,25.430000,26.070000,20.087587
2016-03-04,26.370001,25.719999,26.000000,20.033651
2016-03-07,27.250000,25.559999,26.870001,20.704008
2016-03-08,26.730000,25.879999,25.950001,19.995119
2016-03-09,26.570000,26.090000,26.170000,20.164640
2016-03-10,26.590000,25.770000,26.330000,20.287930
2016-03-11,27.070000,26.190001,27.059999,20.850403
2016-03-14,27.080000,26.370001,26.610001,20.503668
2016-03-15,26.540001,25.660000,25.830000,19.902657
2016-03-16,26.370001,25.459999,26.290001,20.257097
2016-03-17,26.760000,26.270000,26.660000,20.542200
2016-03-18,27.510000,26.520000,27.240000,20.989100
2016-03-21,27.000000,26.520000,26.790001,20.642361
2016-03-22,27.270000,26.520000,27.150000,20.919754
2016-03-23,27.200001,26.270000,26.379999,20.326448
2016-03-24,26.440001,25.660000,26.340000,20.295628
2016-03-28,26.750000,26.350000,26.480000,20.403498
2016-03-29,27.299999,26.100000,27.260000,21.004509
2016-03-30,27.500000,26.389999,26.660000,20.542200
2016-03-31,27.299999,26.660000,27.290001,21.027624
2016-04-01,27.190001,26.590000,26.969999,20.781061
2016-04-04,26.889999,26.530001,26.620001,20.511379
2016-04-05,26.830000,26.219999,26.629999,20.519081
2016-04-06,26.600000,25.930000,26.559999,20.604410
2016-04-07,26.530001,25.540001,25.719999,19.952774
2016-04-08,26.400000,25.709999,25.809999,20.022581
2016-04-11,26.570000,25.639999,26.120001,20.263075
2016-04-12,26.299999,25.700001,26.129999,20.270836
2016-04-13,26.700001,26.240000,26.700001,20.713018
2016-04-14,26.290001,25.219999,25.639999,19.890703
2016-04-15,25.639999,25.059999,25.120001,19.487307
2016-04-18,24.830000,24.320000,24.780001,19.223545
2016-04-19,25.120001,24.389999,24.440001,18.959787
2016-04-20,24.379999,23.440001,24.120001,18.711542
2016-04-21,24.299999,24.090000,24.110001,18.703777
2016-04-22,24.690001,24.090000,24.240000,18.804632
2016-04-25,24.600000,24.100000,24.520000,19.021847
2016-04-26,24.760000,24.459999,24.530001,19.029606
2016-04-27,24.750000,24.360001,24.730000,19.184759
2016-04-28,24.690001,24.280001,24.309999,18.858936
2016-04-29,24.170000,23.379999,23.639999,18.339170
2016-05-02,23.790001,23.200001,23.299999,18.075403
2016-05-03,23.160000,22.760000,23.000000,17.842678
2016-05-04,23.030001,22.750000,22.900000,17.765104
2016-05-05,23.100000,22.770000,22.820000,17.703039
2016-05-06,23.240000,22.500000,23.150000,17.959040
2016-05-09,23.209999,22.920000,23.010000,17.850433
2016-05-10,23.469999,23.010000,23.469999,18.207291
2016-05-11,23.600000,23.230000,23.330000,18.098682
2016-05-12,23.540001,22.830000,22.990000,17.834925
2016-05-13,23.340000,22.750000,23.040001,17.873711
2016-05-16,23.500000,22.870001,23.389999,18.145226
2016-05-17,23.889999,23.260000,23.590000,18.300383
2016-05-18,23.950001,23.510000,23.830000,18.486565
2016-05-19,23.780001,23.250000,23.400000,18.152987
2016-05-20,24.270000,23.430000,24.219999,18.789116
2016-05-23,24.730000,24.180000,24.690001,19.153728
2016-05-24,25.320000,24.790001,25.209999,19.557125
2016-05-25,26.309999,25.309999,25.520000,19.797623
2016-05-26,25.120001,23.500000,24.900000,19.316639
2016-05-27,25.639999,24.940001,25.309999,19.634703
2016-05-31,25.690001,25.150000,25.530001,19.805376
2016-06-01,25.230000,24.040001,25.070000,19.448517
2016-06-02,25.370001,24.410000,24.990000,19.386456
2016-06-03,25.040001,24.570000,24.940001,19.347668
2016-06-06,25.150000,24.900000,25.010000,19.401978
2016-06-07,25.200001,24.930000,25.040001,19.425255
2016-06-08,25.330000,25.040001,25.139999,19.502823
2016-06-09,25.129999,24.730000,24.900000,19.316639
2016-06-10,24.840000,24.389999,24.490000,18.998575
2016-06-13,24.809999,24.340000,24.360001,18.897724
2016-06-14,24.570000,24.040001,24.209999,18.781359
2016-06-15,24.709999,24.129999,24.430000,18.952026
2016-06-16,24.580000,24.139999,24.469999,18.983061
2016-06-17,24.969999,24.250000,24.860001,19.285606
2016-06-20,25.480000,25.049999,25.309999,19.634703
2016-06-21,25.410000,25.190001,25.320000,19.642462
2016-06-22,25.580000,25.160000,25.190001,19.541605
2016-06-23,26.030001,25.260000,26.020000,20.185499
2016-06-24,25.290001,24.500000,24.719999,19.176996
2016-06-27,24.500000,22.889999,22.959999,17.811647
2016-06-28,23.459999,22.990000,23.180000,17.982315
2016-06-29,24.600000,23.490000,24.469999,18.983061
2016-06-30,24.620001,24.040001,24.590000,19.076151
2016-07-01,24.860001,24.170000,24.290001,18.843420
2016-07-05,24.200001,23.389999,23.480000,18.215050
2016-07-06,23.629999,23.080000,23.610001,18.315897
2016-07-07,24.170000,23.660000,23.940001,18.571903
2016-07-08,24.590000,24.070000,24.540001,19.037359
2016-07-11,24.879999,24.420000,24.420000,18.944269
2016-07-12,25.320000,24.840000,25.160000,19.518335
2016-07-13,25.680000,25.020000,25.510000,19.789860
2016-07-14,25.730000,25.180000,25.290001,19.766409
2016-07-15,25.459999,25.129999,25.270000,19.750780
2016-07-18,25.549999,25.040001,25.549999,19.969618
2016-07-19,25.840000,24.940001,25.540001,19.961811
2016-07-20,25.940001,25.389999,25.900000,20.243179
2016-07-21,26.100000,25.680000,25.990000,20.313522
2016-07-22,26.490000,25.770000,26.469999,20.688684
2016-07-25,26.580000,26.200001,26.360001,20.602715
2016-07-26,26.660000,26.330000,26.600000,20.790295
2016-07-27,26.950001,26.230000,26.379999,20.618345
2016-07-28,26.500000,26.240000,26.370001,20.610529
2016-07-29,26.490000,25.879999,26.350000,20.594898
2016-08-01,26.780001,25.820000,26.650000,20.829374
2016-08-02,26.760000,25.920000,26.049999,20.360418
2016-08-03,26.280001,25.910000,26.219999,20.493290
2016-08-04,26.480000,26.219999,26.450001,20.673052
2016-08-05,27.129999,26.469999,27.120001,21.196722
2016-08-08,27.450001,27.170000,27.450001,21.454649
2016-08-09,27.690001,27.260000,27.680000,21.634405
2016-08-10,27.780001,27.490000,27.620001,21.587517
2016-08-11,28.450001,27.799999,28.110001,21.970493
2016-08-12,28.459999,27.990000,28.450001,22.236229
2016-08-15,28.870001,28.430000,28.799999,22.509792
2016-08-16,29.000000,28.469999,28.950001,22.627029
2016-08-17,29.000000,28.320000,28.850000,22.548872
2016-08-18,33.900002,31.010000,33.880001,26.480270
2016-08-19,34.750000,33.360001,34.709999,27.128986
2016-08-22,34.980000,34.380001,34.709999,27.128986
2016-08-23,35.259998,34.770000,34.990002,27.347843
2016-08-24,35.470001,34.709999,34.820000,27.214960
2016-08-25,35.349998,34.540001,35.040001,27.386908
2016-08-26,35.490002,34.740002,34.990002,27.347843
2016-08-29,35.389999,35.029999,35.130001,27.457260
2016-08-30,35.230000,34.720001,34.910000,27.285305
2016-08-31,34.990002,34.330002,34.590000,27.035196
2016-09-01,34.990002,34.430000,34.930000,27.300932
2016-09-02,35.200001,34.750000,34.900002,27.277489
2016-09-06,35.070000,34.700001,35.070000,27.410357
2016-09-07,35.680000,35.029999,35.459999,27.715181
2016-09-08,35.470001,34.990002,35.060001,27.402550
2016-09-09,34.970001,34.160000,34.270000,26.785095
2016-09-12,35.189999,33.880001,35.130001,27.457260
2016-09-13,35.259998,34.570000,34.740002,27.152428
2016-09-14,34.970001,34.320000,34.580002,27.027386
2016-09-15,35.389999,34.540001,35.049999,27.394722
2016-09-16,35.090000,34.610001,34.810001,27.207148
2016-09-19,36.070000,34.950001,35.639999,27.855865
2016-09-20,36.090000,34.970001,34.980000,27.340014
2016-09-21,36.049999,35.270000,35.709999,27.910583
2016-09-22,36.099998,35.639999,35.959999,28.105972
2016-09-23,36.049999,35.349998,35.660000,27.871494
2016-09-26,35.799999,34.849998,35.180000,27.496346
2016-09-27,35.939999,35.049999,35.340000,27.621386
2016-09-28,35.590000,34.869999,35.150002,27.472883
2016-09-29,35.400002,34.520000,34.730000,27.144621
2016-09-30,35.939999,34.919998,35.820000,27.996548
2016-10-03,35.630001,34.990002,35.360001,27.637022
2016-10-04,35.639999,34.779999,34.849998,27.238405
2016-10-05,35.340000,34.849998,34.939999,27.458456
2016-10-06,35.080002,34.639999,34.790001,27.340578
2016-10-07,34.939999,34.580002,34.750000,27.309135
2016-10-10,35.090000,34.680000,34.689999,27.261982
2016-10-11,34.810001,33.840000,34.080002,26.782610
2016-10-12,34.250000,33.740002,33.860001,26.609715
2016-10-13,34.040001,33.290001,33.869999,26.617565
2016-10-14,34.220001,33.410000,33.529999,26.350372
2016-10-17,33.799999,33.400002,33.419998,26.263922
2016-10-18,33.860001,33.410000,33.650002,26.444674
2016-10-19,34.189999,33.270000,33.680000,26.468258
2016-10-20,34.070000,33.439999,33.869999,26.617565
2016-10-21,34.070000,33.369999,33.919998,26.656860
2016-10-24,34.150002,33.840000,34.040001,26.751162
2016-10-25,34.040001,33.709999,34.000000,26.719736
2016-10-26,34.189999,33.720001,34.000000,26.719736
2016-10-27,34.570000,33.740002,33.799999,26.562555
2016-10-28,34.150002,33.630001,33.759998,26.531120
2016-10-31,34.180000,33.619999,33.939999,26.672586
2016-11-01,33.980000,32.430000,33.090000,26.004587
2016-11-02,33.520000,32.389999,32.419998,25.478046
2016-11-03,32.630001,32.340000,32.450001,25.501625
2016-11-04,31.510000,30.360001,30.450001,23.929876
2016-11-07,32.130001,30.930000,32.110001,25.234430
2016-11-08,32.590000,31.760000,32.490002,25.533062
2016-11-09,33.650002,31.230000,33.189999,26.083172
2016-11-10,33.970001,32.770000,33.459999,26.295357
2016-11-11,33.919998,33.259998,33.860001,26.609715
2016-11-14,35.099998,33.830002,34.930000,27.450590
2016-11-15,35.310001,34.529999,34.869999,27.403442
2016-11-16,34.990002,34.380001,34.730000,27.293421
2016-11-17,39.000000,36.740002,36.900002,28.998768
2016-11-18,37.349998,36.720001,37.000000,29.077356
2016-11-21,37.430000,36.660000,37.119999,29.171661
2016-11-22,37.430000,36.580002,36.720001,28.857306
2016-11-23,36.799999,36.290001,36.349998,28.566538
2016-11-25,36.630001,36.110001,36.610001,28.770861
2016-11-28,36.759998,36.200001,36.430000,28.629408
2016-11-29,36.860001,36.220001,36.509998,28.692278
2016-11-30,36.889999,36.439999,36.560001,28.731571
2016-12-01,36.860001,35.349998,35.439999,27.851391
2016-12-02,36.090000,35.349998,35.959999,28.260046
2016-12-05,36.310001,35.240002,35.459999,27.867105
2016-12-06,36.099998,35.450001,35.970001,28.267902
2016-12-07,36.500000,34.720001,36.480000,28.668703
2016-12-08,36.810001,36.139999,36.299999,28.527246
2016-12-09,36.740002,36.160000,36.410000,28.613693
2016-12-12,36.459999,35.529999,35.849998,28.173592
2016-12-13,36.619999,35.930000,36.000000,28.291475
2016-12-14,36.740002,35.779999,36.189999,28.440802
2016-12-15,37.119999,36.139999,36.990002,29.069490
2016-12-16,37.310001,36.270000,36.450001,28.645130
2016-12-19,36.770000,36.270000,36.740002,28.873035
2016-12-20,37.110001,36.619999,36.830002,28.943762
2016-12-21,37.250000,36.389999,36.400002,28.605833
2016-12-22,36.880001,36.000000,36.220001,28.464376
2016-12-23,36.529999,36.090000,36.320000,28.542955
2016-12-27,36.740002,36.250000,36.610001,28.770861
2016-12-28,36.810001,35.799999,35.830002,28.157881
2016-12-29,36.119999,35.500000,35.680000,28.039999
2016-12-30,35.959999,35.139999,35.270000,27.717800
2017-01-03,36.189999,35.090000,35.570000,27.953547
2017-01-04,35.950001,35.189999,35.650002,28.166883
2017-01-05,35.830002,35.180000,35.360001,27.937752
2017-01-06,35.709999,35.160000,35.230000,27.835045
2017-01-09,35.470001,35.130001,35.230000,27.835045
2017-01-10,35.720001,35.160000,35.250000,27.850849
2017-01-11,35.880001,35.250000,35.650002,28.166883
2017-01-12,35.880001,35.080002,35.810001,28.293293
2017-01-13,36.110001,35.790001,35.930000,28.388111
2017-01-17,35.970001,35.459999,35.560001,28.095774
2017-01-18,36.000000,35.410000,35.990002,28.435516
2017-01-19,36.189999,35.610001,35.830002,28.309097
2017-01-20,36.500000,35.840000,36.369999,28.735754
2017-01-23,36.490002,35.770000,36.169998,28.577724
2017-01-24,37.660000,36.240002,37.520000,29.644369
2017-01-25,38.500000,37.770000,37.950001,29.984091
2017-01-26,38.130001,37.250000,37.599998,29.707567
2017-01-27,37.869999,37.299999,37.759998,29.833982
2017-01-30,38.970001,37.869999,38.070000,30.078909
2017-01-31,38.419998,37.480000,38.320000,30.276432
2017-02-01,38.700001,37.900002,38.049999,30.063116
2017-02-02,38.360001,37.580002,38.240002,30.213228
2017-02-03,38.509998,38.099998,38.279999,30.244833
2017-02-06,38.630001,38.130001,38.360001,30.308041
2017-02-07,38.869999,38.439999,38.830002,30.679392
2017-02-08,39.000000,38.430000,38.959999,30.782095
2017-02-09,39.599998,38.770000,39.310001,31.058626
2017-02-10,39.720001,38.970001,39.450001,31.169243
2017-02-13,39.840000,39.490002,39.580002,31.271954
2017-02-14,39.900002,39.360001,39.520000,31.224552
2017-02-15,39.500000,38.849998,38.930000,30.758387
2017-02-16,42.180000,40.360001,40.560001,32.046249
2017-02-17,40.980000,40.009998,40.169998,31.738098
2017-02-21,40.680000,40.110001,40.520000,32.014641
2017-02-22,40.770000,40.320000,40.700001,32.156864
2017-02-23,41.110001,40.450001,40.939999,32.346493
2017-02-24,41.049999,40.470001,40.950001,32.354374
2017-02-27,41.380001,40.770000,41.270000,32.607208
2017-02-28,41.959999,41.290001,41.830002,33.049671
2017-03-01,43.139999,41.830002,43.009998,33.981972
2017-03-02,43.139999,42.250000,42.259998,33.389404
2017-03-03,42.830002,42.240002,42.799999,33.816063
2017-03-06,42.700001,42.250000,42.570000,33.634338
2017-03-07,43.080002,42.349998,42.660000,33.705429
2017-03-08,42.830002,42.119999,42.150002,33.302498
2017-03-09,42.250000,41.750000,41.980000,33.168175
2017-03-10,42.400002,41.889999,42.150002,33.302498
2017-03-13,42.389999,41.930000,41.990002,33.176090
2017-03-14,42.160000,41.750000,42.029999,33.207684
2017-03-15,42.439999,41.889999,42.220001,33.357811
2017-03-16,42.439999,42.020000,42.200001,33.341999
2017-03-17,42.430000,42.060001,42.060001,33.231392
2017-03-20,42.310001,41.930000,41.950001,33.144478
2017-03-21,42.090000,40.840000,40.910000,32.322784
2017-03-22,41.070000,40.630001,40.980000,32.378078
2017-03-23,41.290001,40.790001,40.900002,32.314880
2017-03-24,41.599998,40.700001,40.880001,32.299091
2017-03-27,41.110001,40.299999,40.900002,32.314880
2017-03-28,41.360001,40.720001,41.150002,32.512398
2017-03-29,41.610001,40.830002,41.590000,32.860039
2017-03-30,42.029999,41.400002,41.900002,33.104980
2017-03-31,42.049999,41.439999,41.849998,33.065475
2017-04-03,42.070000,41.080002,41.650002,32.907444
2017-04-04,41.709999,41.060001,41.189999,32.543999
2017-04-05,42.340000,40.830002,40.900002,32.464630
2017-04-06,41.270000,40.689999,41.049999,32.583702
2017-04-07,41.090000,40.740002,40.799999,32.385250
2017-04-10,41.000000,40.360001,40.410000,32.075687
2017-04-11,40.660000,40.070000,40.540001,32.178875
2017-04-12,40.720001,39.610001,39.650002,31.472441
2017-04-13,40.080002,39.470001,39.490002,31.345430
2017-04-17,39.849998,39.430000,39.790001,31.583565
2017-04-18,39.880001,39.410000,39.730000,31.535934
2017-04-19,40.310001,39.660000,39.750000,31.551811
2017-04-20,40.400002,39.799999,40.310001,31.996311
2017-04-21,40.349998,39.480000,39.490002,31.345430
2017-04-24,40.299999,39.919998,39.939999,31.702625
2017-04-25,40.189999,39.950001,39.970001,31.726431
2017-04-26,39.900002,39.419998,39.630001,31.456556
2017-04-27,39.860001,39.330002,39.759998,31.559755
2017-04-28,39.939999,39.430000,39.849998,31.631184
2017-05-01,40.270000,39.509998,40.160000,31.877251
2017-05-02,40.320000,39.990002,40.130001,31.853434
2017-05-03,40.099998,39.730000,40.040001,31.781990
2017-05-04,40.330002,39.689999,39.770000,31.567699
2017-05-05,40.169998,39.650002,40.160000,31.877251
2017-05-08,40.220001,39.900002,40.130001,31.853434
2017-05-09,40.599998,40.009998,40.130001,31.853434
2017-05-10,40.549999,40.040001,40.430000,32.091576
2017-05-11,40.430000,39.790001,40.060001,31.797873
2017-05-12,40.049999,39.740002,39.740002,31.543863
2017-05-15,41.509998,40.009998,41.500000,32.940887
2017-05-16,41.799999,41.380001,41.619999,33.036137
2017-05-17,41.270000,40.299999,40.340000,32.020126
2017-05-18,40.840000,39.689999,40.150002,31.869316
2017-05-19,40.540001,39.490002,39.529999,31.377178
2017-05-22,40.099998,39.599998,39.980000,31.734377
2017-05-23,40.220001,39.279999,39.490002,31.345430
2017-05-24,39.869999,39.060001,39.560001,31.400991
2017-05-25,41.290001,39.459999,40.959999,32.512253
2017-05-26,41.189999,40.099998,40.240002,31.940750
2017-05-30,40.820000,40.090000,40.470001,32.123322
2017-05-31,40.880001,40.160000,40.490002,32.139191
2017-06-01,40.250000,39.540001,39.610001,31.440693
2017-06-02,39.750000,39.240002,39.410000,31.281931
2017-06-05,39.700001,38.950001,38.980000,30.940615
2017-06-06,39.230000,38.669998,38.700001,30.718370
2017-06-07,39.570000,38.709999,39.270000,31.170811
2017-06-08,40.119999,39.090000,40.009998,31.758181
2017-06-09,40.400002,39.130001,39.520000,31.369244
2017-06-12,39.660000,38.650002,38.860001,30.845362
2017-06-13,39.369999,38.700001,38.950001,30.916809
2017-06-14,39.009998,37.779999,38.099998,30.242115
2017-06-15,38.099998,37.430000,37.970001,30.138927
2017-06-16,38.110001,37.779999,37.980000,30.146866
2017-06-19,38.490002,38.040001,38.419998,30.496117
2017-06-20,38.650002,38.250000,38.259998,30.369102
2017-06-21,38.860001,38.349998,38.610001,30.646927
2017-06-22,39.360001,38.580002,39.110001,31.043806
2017-06-23,40.070000,39.009998,39.869999,31.647064
2017-06-26,40.520000,39.869999,40.290001,31.980433
2017-06-27,40.349998,39.619999,39.630001,31.456556
2017-06-28,40.590000,39.599998,40.410000,32.075687
2017-06-29,40.380001,39.549999,40.099998,31.829622
2017-06-30,40.380001,39.730000,40.049999,31.789938
2017-07-03,40.500000,39.529999,39.570000,31.408928
2017-07-05,40.250000,39.480000,39.660000,31.640291
2017-07-06,39.389999,38.200001,38.299999,30.555300
2017-07-07,38.830002,38.320000,38.639999,30.826548
2017-07-10,38.910000,38.349998,38.570000,30.770697
2017-07-11,39.110001,38.509998,39.070000,31.169596
2017-07-12,40.189999,39.169998,40.169998,32.047161
2017-07-13,41.500000,40.040001,41.380001,33.012493
2017-07-14,43.900002,42.000000,43.639999,34.815495
2017-07-17,43.759998,43.000000,43.619999,34.799538
2017-07-18,43.880001,43.180000,43.770000,34.919209
2017-07-19,44.529999,43.830002,44.160000,35.230343
2017-07-20,44.689999,44.090000,44.599998,35.581364
2017-07-21,45.240002,44.180000,44.759998,35.709015
2017-07-24,45.230000,44.400002,44.860001,35.788795
2017-07-25,44.939999,44.209999,44.759998,35.709015
2017-07-26,44.869999,44.029999,44.360001,35.389908
2017-07-27,44.970001,43.650002,44.009998,35.110668
2017-07-28,43.860001,43.090000,43.490002,34.695820
2017-07-31,43.820000,43.110001,43.419998,34.639980
2017-08-01,43.830002,43.160000,43.549999,34.743690
2017-08-02,43.790001,43.040001,43.410000,34.631992
2017-08-03,43.340000,42.740002,42.910000,34.233109
2017-08-04,43.110001,42.610001,42.740002,34.097481
2017-08-07,42.880001,42.439999,42.740002,34.097481
2017-08-08,43.160000,42.520000,42.680000,34.049610
2017-08-09,42.610001,42.180000,42.240002,33.698589
2017-08-10,42.230000,41.230000,41.279999,32.932713
2017-08-11,41.849998,41.230000,41.490002,33.100250
2017-08-14,42.529999,41.750000,42.029999,33.531055
2017-08-15,43.049999,41.970001,41.970001,33.483181
2017-08-16,42.549999,42.000000,42.410000,33.834206
2017-08-17,41.490002,39.480000,39.560001,31.560514
2017-08-18,39.869999,39.259998,39.349998,31.392982
2017-08-21,39.869999,38.509998,38.950001,31.073864
2017-08-22,39.209999,38.590000,38.700001,30.874416
2017-08-23,38.950001,38.349998,38.669998,30.850473
2017-08-24,38.930000,38.509998,38.810001,30.962166
2017-08-25,38.990002,38.520000,38.540001,30.746777
2017-08-28,38.810001,38.180000,38.340000,30.587221
2017-08-29,38.320000,37.889999,38.029999,30.339893
2017-08-30,38.259998,37.840000,38.220001,30.491474
2017-08-31,38.700001,38.070000,38.660000,30.842510
2017-09-01,38.900002,38.560001,38.650002,30.834530
2017-09-05,38.740002,37.549999,37.980000,30.300016
2017-09-06,38.970001,37.849998,38.849998,30.994080
2017-09-07,38.900002,38.119999,38.689999,30.866428
2017-09-08,38.840000,38.380001,38.630001,30.818573
2017-09-11,39.560001,38.799999,39.459999,31.480736
2017-09-12,40.240002,39.160000,39.930000,31.855696
2017-09-13,40.540001,39.549999,40.270000,32.126945
2017-09-14,40.689999,39.950001,40.650002,32.430099
2017-09-15,41.060001,40.330002,41.029999,32.733261
2017-09-18,41.160000,40.509998,40.630001,32.414162
2017-09-19,42.320000,41.299999,41.709999,33.275757
2017-09-20,41.910000,41.220001,41.700001,33.267784
2017-09-21,42.040001,41.639999,41.860001,33.395428
2017-09-22,42.599998,41.700001,42.549999,33.945908
2017-09-25,43.090000,42.110001,42.700001,34.065567
2017-09-26,43.820000,42.880001,43.759998,34.911228
2017-09-27,44.470001,43.560001,44.169998,35.238316
2017-09-28,44.049999,43.520000,43.840000,34.975063
2017-09-29,43.980000,43.389999,43.759998,34.911228
2017-10-02,44.099998,43.709999,44.000000,35.102699
2017-10-03,44.520000,43.750000,44.389999,35.413849
2017-10-04,44.540001,44.169998,44.459999,35.469677
2017-10-05,44.570000,44.169998,44.549999,35.702076
2017-10-06,44.630001,44.049999,44.430000,35.605919
2017-10-09,44.820000,44.250000,44.369999,35.557835
2017-10-10,44.520000,43.570000,43.660000,34.988831
2017-10-11,43.939999,43.290001,43.509998,34.868626
2017-10-12,43.590000,42.990002,43.419998,34.796513
2017-10-13,44.220001,43.619999,43.630001,34.964809
2017-10-16,43.939999,43.650002,43.720001,35.036942
2017-10-17,44.110001,43.290001,44.080002,35.325443
2017-10-18,44.639999,44.080002,44.619999,35.758179
2017-10-19,44.509998,43.910000,44.259998,35.469677
2017-10-20,45.029999,44.389999,44.560001,35.710102
2017-10-23,45.139999,44.660000,44.740002,35.854359
2017-10-24,45.029999,44.650002,44.820000,35.918461
2017-10-25,44.660000,43.669998,43.709999,35.028912
2017-10-26,44.680000,43.820000,44.419998,35.597908
2017-10-27,44.520000,43.860001,44.009998,35.269333
2017-10-30,43.950001,43.240002,43.520000,34.876644
2017-10-31,44.570000,43.560001,44.419998,35.597908
2017-11-01,44.900002,44.400002,44.529999,35.686062
2017-11-02,44.610001,43.939999,44.250000,35.461662
2017-11-03,44.490002,43.910000,44.240002,35.453651
2017-11-06,45.119999,44.020000,45.000000,36.062702
2017-11-07,45.070000,44.410000,44.650002,35.782223
2017-11-08,45.500000,44.480000,45.330002,36.327164
2017-11-09,47.200001,45.930000,46.299999,37.104511
2017-11-10,46.700001,46.099998,46.340000,37.136578
2017-11-13,46.619999,45.930000,46.000000,36.864098
2017-11-14,46.139999,45.590000,45.619999,36.559578
2017-11-15,46.090000,45.240002,45.820000,36.719837
2017-11-16,53.889999,51.310001,53.110001,42.562004
2017-11-17,54.720001,52.500000,52.950001,42.433800
2017-11-20,54.810001,52.459999,54.730000,43.860268
2017-11-21,55.500000,54.439999,55.080002,44.140762
2017-11-22,56.099998,54.689999,56.049999,44.918114
2017-11-24,56.549999,56.000000,56.410000,45.206612
2017-11-27,56.320000,55.209999,56.230000,45.062359
2017-11-28,56.910000,56.080002,56.799999,45.519157
2017-11-29,57.180000,56.080002,56.230000,45.062359
2017-11-30,57.750000,56.500000,56.509998,45.286758
2017-12-01,56.509998,54.930000,56.410000,45.206612
2017-12-04,58.110001,55.919998,55.930000,44.821941
2017-12-05,56.560001,55.619999,56.139999,44.990231
2017-12-06,57.279999,55.919998,57.209999,45.847729
2017-12-07,57.820000,56.720001,57.529999,46.104164
2017-12-08,58.630001,57.480000,58.259998,46.689198
2017-12-11,58.990002,58.000000,58.580002,46.945633
2017-12-12,58.820000,57.759998,57.799999,46.320541
2017-12-13,58.320000,57.709999,57.779999,46.304531
2017-12-14,58.160000,57.250000,57.369999,45.975956
2017-12-15,57.880001,57.259998,57.270000,45.895813
2017-12-18,58.130001,57.430000,57.730000,46.264442
2017-12-19,58.130001,57.470001,57.910000,46.408703
2017-12-20,58.439999,56.880001,57.040001,45.711494
2017-12-21,57.169998,56.130001,56.209999,45.046341
2017-12-22,56.490002,56.160000,56.299999,45.118458
2017-12-26,56.299999,55.639999,55.860001,44.765846
2017-12-27,56.189999,55.759998,56.150002,44.998260
2017-12-28,56.450001,55.389999,55.799999,44.717762
2017-12-29,55.939999,55.259998,55.320000,44.333092
2018-01-02,56.080002,55.410000,55.570000,44.533440
2018-01-03,57.320000,55.450001,57.070000,45.735531
2018-01-04,58.070000,56.860001,57.810001,46.491493
2018-01-05,58.990002,57.660000,58.849998,47.327869
2018-01-08,59.740002,58.209999,59.650002,47.971233
2018-01-09,60.570000,59.400002,59.669998,47.987324
2018-01-10,60.660000,59.080002,60.650002,48.775440
2018-01-11,61.860001,60.230000,61.810001,49.708336
2018-01-12,62.799999,61.689999,62.770000,50.480385
2018-01-16,63.439999,61.709999,62.270000,50.078270
2018-01-17,63.970001,62.680000,63.590000,51.139835
2018-01-18,63.849998,62.779999,63.299999,50.906609
2018-01-19,63.730000,62.990002,63.090000,50.737724
2018-01-22,63.529999,62.779999,63.520000,51.083534
2018-01-23,63.930000,63.060001,63.840000,51.340881
2018-01-24,64.059998,62.150002,62.930000,50.609058
2018-01-25,63.689999,62.419998,62.490002,50.255211
2018-01-26,63.410000,62.720001,63.340000,50.938778
2018-01-29,63.490002,62.680000,62.799999,50.504513
2018-01-30,62.700001,61.380001,62.310001,50.110455
2018-01-31,63.220001,61.139999,61.500000,49.459034
2018-02-01,62.369999,61.139999,62.160000,49.989811
2018-02-02,62.000000,60.169998,60.220001,48.429653
2018-02-05,60.160000,56.750000,56.810001,45.687275
2018-02-06,58.430000,53.860001,58.139999,46.756886
2018-02-07,58.720001,57.220001,57.630001,46.346741
2018-02-08,57.889999,55.849998,55.849998,44.915237
2018-02-09,56.849998,54.119999,56.169998,45.172585
2018-02-12,58.340000,56.630001,57.730000,46.427151
2018-02-13,60.139999,58.450001,58.740002,47.239399
2018-02-14,60.990002,58.250000,60.639999,48.767414
2018-02-15,57.740002,52.000000,57.669998,46.378899
2018-02-16,59.000000,56.360001,56.509998,45.446018
2018-02-20,58.849998,55.730000,58.080002,46.708622
2018-02-21,59.880001,58.180000,58.540001,47.078564
2018-02-22,59.520000,58.509998,58.590000,47.118771
2018-02-23,59.630001,58.150002,59.619999,47.947117
2018-02-26,60.630001,59.500000,60.410000,48.582443
2018-02-27,60.990002,60.009998,60.400002,48.574390
2018-02-28,61.549999,60.029999,60.549999,48.695015
2018-03-01,61.570000,59.910000,60.599998,48.735237
2018-03-02,60.900002,59.509998,60.759998,48.863918
2018-03-05,62.619999,60.110001,62.189999,50.013931
2018-03-06,64.430000,62.910000,63.799999,51.308720
2018-03-07,63.750000,62.860001,63.349998,50.946819
2018-03-08,63.910000,63.139999,63.880001,51.373051
2018-03-09,65.320000,63.880001,65.260002,52.482868
2018-03-12,65.440002,64.519997,64.529999,51.895790
2018-03-13,65.519997,64.500000,64.830002,52.137051
2018-03-14,65.580002,64.470001,64.550003,51.911880
2018-03-15,64.660004,63.369999,63.669998,51.204170
2018-03-16,64.220001,63.389999,63.930000,51.413261
2018-03-19,63.889999,62.330002,62.840000,50.536674
2018-03-20,63.820000,62.830002,63.310001,50.914646
2018-03-21,64.550003,62.950001,64.110001,51.558029
2018-03-22,63.610001,61.700001,62.160000,49.989811
2018-03-23,62.810001,61.150002,61.150002,49.177555
2018-03-26,63.340000,61.509998,63.299999,50.906609
2018-03-27,63.889999,60.750000,61.189999,49.209740
2018-03-28,61.599998,59.099998,59.470001,47.826481
2018-03-29,62.009998,59.750000,61.689999,49.611824
2018-04-02,60.849998,58.759998,59.160000,47.577179
2018-04-03,60.990002,59.230000,60.630001,48.759365
2018-04-04,62.310001,60.130001,62.110001,49.949600
2018-04-05,64.339996,61.560001,62.900002,50.748341
2018-04-06,64.989998,61.720001,63.110001,50.917770
2018-04-09,65.080002,63.320000,63.580002,51.296982
2018-04-10,66.389999,64.470001,66.059998,53.297852
2018-04-11,66.790001,65.129997,66.139999,53.362396
2018-04-12,67.930000,66.690002,67.570000,54.516144
2018-04-13,68.790001,66.970001,67.470001,54.435459
2018-04-16,68.769997,67.570000,68.269997,55.080917
2018-04-17,69.750000,68.809998,69.550003,56.113632
2018-04-18,69.680000,68.930000,69.220001,55.847378
2018-04-19,69.410004,68.239998,69.010002,55.677944
2018-04-20,69.190002,68.309998,68.660004,55.395565
2018-04-23,69.300003,68.169998,68.349998,55.145458
2018-04-24,69.610001,67.209999,67.849998,54.742050
2018-04-25,67.970001,66.440002,67.250000,54.257954
2018-04-26,68.419998,67.279999,67.459999,54.427391
2018-04-27,68.139999,66.209999,67.400002,54.378979
2018-04-30,68.400002,66.559998,66.580002,53.717400
2018-05-01,67.910004,66.339996,67.849998,54.742050
2018-05-02,68.300003,66.889999,67.400002,54.378979
2018-05-03,68.010002,66.510002,67.190002,54.209553
2018-05-04,68.629997,66.669998,68.010002,54.871132
2018-05-07,69.309998,67.989998,68.839996,55.540794
2018-05-08,70.150002,68.230003,69.629997,56.178169
2018-05-09,71.419998,69.430000,71.169998,57.420654
2018-05-10,72.080002,71.120003,71.830002,57.953148
2018-05-11,72.809998,71.809998,72.269997,58.308132
2018-05-14,72.849998,70.519997,70.739998,57.073742
2018-05-15,70.989998,70.040001,70.540001,56.912373
2018-05-16,71.320000,70.279999,70.680000,57.025345
2018-05-17,70.889999,69.820000,69.889999,56.387943
2018-05-18,70.339996,69.089996,69.099998,55.750565
2018-05-21,70.050003,68.379997,68.449997,55.226124
2018-05-22,68.650002,66.360001,67.019997,54.072411
2018-05-23,67.769997,66.279999,66.790001,53.886837
2018-05-24,68.199997,63.810001,68.080002,54.927628
2018-05-25,68.400002,66.669998,67.150002,54.177277
2018-05-29,67.849998,66.510002,66.959999,54.023991
2018-05-30,69.290001,67.309998,68.230003,55.048649
2018-05-31,68.790001,67.349998,68.320000,55.121250
2018-06-01,69.889999,67.639999,69.709999,56.242722
2018-06-04,71.440002,69.349998,71.269997,57.501343
2018-06-05,72.930000,71.269997,72.849998,58.776096
2018-06-06,75.010002,72.769997,74.910004,60.438129
2018-06-07,75.400002,73.080002,74.000000,59.703926
2018-06-08,74.690002,73.639999,74.349998,59.986317
2018-06-11,75.660004,74.339996,75.589996,60.986755
2018-06-12,76.680000,75.320000,76.169998,61.454697
2018-06-13,76.559998,75.680000,76.110001,61.406288
2018-06-14,77.750000,76.360001,77.500000,62.527771
2018-06-15,77.839996,76.750000,77.699997,62.689114
2018-06-18,78.470001,76.809998,78.190002,63.084446
2018-06-19,77.989998,76.230003,77.889999,62.842419
2018-06-20,78.709999,77.860001,78.160004,63.060257
2018-06-21,79.150002,77.690002,77.750000,62.729469
2018-06-22,78.699997,76.839996,76.959999,62.092083
2018-06-25,77.080002,75.339996,76.940002,62.075970
2018-06-26,78.250000,77.080002,77.930000,62.874691
2018-06-27,79.059998,76.110001,76.339996,61.591854
2018-06-28,77.610001,76.209999,77.309998,62.374447
2018-06-29,79.750000,77.739998,78.529999,63.358784
2018-07-02,79.570000,77.559998,79.180000,63.883205
2018-07-03,79.900002,77.269997,77.290001,62.358337
2018-07-05,77.989998,76.610001,77.779999,63.080124
2018-07-06,79.019997,77.330002,78.769997,63.883030
2018-07-09,79.650002,78.339996,79.389999,64.385864
2018-07-10,80.029999,78.449997,79.239998,64.264191
2018-07-11,80.029999,78.750000,79.589996,64.548050
2018-07-12,82.129997,80.000000,81.849998,66.380920
2018-07-13,82.870003,81.650002,82.699997,67.070274
2018-07-16,83.110001,81.500000,81.849998,66.380920
2018-07-17,83.139999,81.250000,82.430000,66.851318
2018-07-18,82.730003,81.389999,82.230003,66.689102
2018-07-19,82.879997,81.980003,82.320000,66.762108
2018-07-20,82.489998,81.589996,82.010002,66.510712
2018-07-23,82.230003,81.110001,81.389999,66.007851
2018-07-24,81.919998,78.529999,78.599998,63.745155
2018-07-25,81.470001,78.360001,81.419998,66.032196
2018-07-26,81.830002,80.089996,81.290001,65.926773
2018-07-27,81.610001,78.519997,79.449997,64.434502
2018-07-30,80.089996,77.260002,77.290001,62.682739
2018-07-31,78.300003,76.519997,77.519997,62.869244
2018-08-01,78.989998,77.309998,78.550003,63.704609
2018-08-02,80.690002,78.000000,80.559998,65.334732
2018-08-03,81.750000,80.239998,81.680000,66.243057
2018-08-06,82.129997,80.930000,81.919998,66.437683
2018-08-07,82.870003,81.839996,81.989998,66.494469
2018-08-08,83.599998,81.639999,82.970001,67.289261
2018-08-09,83.309998,82.120003,82.589996,66.981049
2018-08-10,83.330002,81.790001,81.949997,66.462029
2018-08-13,82.730003,80.199997,80.320000,65.140076
2018-08-14,83.029999,80.629997,82.760002,67.118950
2018-08-15,82.980003,81.190002,82.470001,66.883774
2018-08-16,82.500000,78.400002,79.510002,64.483177
2018-08-17,81.470001,78.930000,81.160004,65.821327
2018-08-20,82.580002,81.169998,82.370003,66.802658
2018-08-21,83.370003,81.269997,81.900002,66.421478
2018-08-22,82.779999,81.349998,82.720001,67.086510
2018-08-23,83.949997,82.360001,83.160004,67.443344
2018-08-24,84.290001,83.379997,84.239998,68.319214
2018-08-27,85.610001,84.610001,84.970001,68.911263
2018-08-28,85.970001,84.500000,85.940002,69.697960
2018-08-29,86.870003,85.910004,86.250000,69.949356
2018-08-30,87.440002,85.989998,86.820000,70.411636
2018-08-31,87.379997,86.500000,86.809998,70.403534
2018-09-04,88.070000,86.160004,87.919998,71.303734
2018-09-05,88.080002,83.150002,83.320000,67.573112
2018-09-06,84.669998,83.209999,83.410004,67.646111
2018-09-07,84.169998,81.580002,83.110001,67.402794
2018-09-10,83.849998,82.440002,83.559998,67.767738
2018-09-11,85.150002,83.250000,85.120003,69.032913
2018-09-12,85.440002,83.559998,85.190002,69.089684
2018-09-13,86.430000,85.320000,85.500000,69.341103
2018-09-14,86.290001,84.790001,85.769997,69.560066
2018-09-17,85.820000,83.339996,83.440002,67.670441
2018-09-18,85.589996,83.389999,85.309998,69.186996
2018-09-19,85.389999,83.529999,83.989998,68.116486
2018-09-20,85.660004,83.610001,85.360001,69.227570
2018-09-21,87.150002,85.550003,86.849998,70.435951
2018-09-24,87.650002,86.070000,86.400002,70.071014
2018-09-25,87.000000,85.989998,86.190002,69.900719
2018-09-26,86.779999,85.559998,86.110001,69.835823
2018-09-27,86.980003,85.470001,85.650002,69.462769
2018-09-28,86.370003,84.169998,85.889999,69.657394
2018-10-01,86.800003,85.959999,86.150002,69.868256
2018-10-02,86.309998,85.309998,85.669998,69.478966
2018-10-03,86.489998,84.669998,85.769997,69.560066
2018-10-04,85.440002,83.419998,83.910004,68.370445
2018-10-05,84.529999,81.680000,82.320000,67.074921
2018-10-08,82.379997,79.099998,80.089996,65.257896
2018-10-09,80.940002,79.269997,79.730003,64.964561
2018-10-10,79.389999,75.360001,75.639999,61.632008
2018-10-11,76.809998,73.639999,73.959999,60.263123
2018-10-12,77.260002,75.419998,76.919998,62.674950
2018-10-15,76.730003,75.300003,75.330002,61.379414
2018-10-16,78.129997,75.570000,77.919998,63.489758
2018-10-17,80.410004,77.269997,79.070000,64.426788
2018-10-18,79.430000,77.190002,78.040001,63.587551
2018-10-19,79.050003,76.930000,77.570000,63.204571
2018-10-22,80.589996,77.620003,80.320000,65.445290
2018-10-23,78.110001,74.949997,77.389999,63.057922
2018-10-24,78.139999,74.050003,74.199997,60.458660
2018-10-25,76.809998,74.589996,76.239998,62.120884
2018-10-26,73.760002,70.260002,71.820000,58.519436
2018-10-29,74.680000,70.610001,71.910004,58.592785
2018-10-30,76.660004,71.690002,76.559998,62.381618
2018-10-31,79.779999,77.199997,78.489998,63.954201
2018-11-01,79.599998,77.580002,79.489998,64.769020
2018-11-02,80.360001,78.150002,78.910004,64.296410
2018-11-05,80.400002,78.690002,80.120003,65.282341
2018-11-06,80.910004,79.500000,80.320000,65.445290
2018-11-07,83.309998,81.160004,82.820000,67.482338
2018-11-08,83.949997,82.410004,82.839996,67.498604
2018-11-09,82.559998,80.959999,81.660004,66.537148
2018-11-12,81.900002,78.260002,78.870003,64.263840
2018-11-13,80.190002,78.250000,78.889999,64.280106
2018-11-14,80.879997,77.769997,78.029999,63.579403
2018-11-15,71.300003,67.269997,68.879997,56.123909
2018-11-16,71.910004,67.769997,71.900002,58.584618
2018-11-19,71.470001,66.779999,67.279999,54.820213
2018-11-20,68.290001,64.779999,67.669998,55.137997
2018-11-21,68.089996,65.860001,65.910004,53.703938
2018-11-23,66.989998,65.339996,65.660004,53.500248
2018-11-26,68.169998,65.879997,67.760002,55.211338
2018-11-27,67.650002,66.449997,67.269997,54.812061
2018-11-28,69.860001,67.809998,69.480003,56.612808
2018-11-29,69.190002,67.320000,67.400002,54.917988
2018-11-30,68.160004,66.699997,66.870003,54.486156
2018-12-03,69.959999,67.650002,69.930000,56.979458
2018-12-04,70.269997,66.989998,67.970001,55.382442
2018-12-06,68.500000,66.000000,68.480003,55.797993
2018-12-07,68.059998,63.849998,64.389999,52.465420
2018-12-10,66.220001,63.770000,65.629997,53.475792
2018-12-11,66.099998,63.459999,64.199997,52.310608
2018-12-12,65.980003,64.650002,64.709999,52.726154
2018-12-13,65.050003,62.340000,62.730000,51.112839
2018-12-14,62.669998,61.389999,61.430000,50.053600
2018-12-17,62.169998,59.259998,59.610001,48.570648
2018-12-18,62.400002,60.040001,62.029999,50.542480
2018-12-19,62.610001,58.630001,59.369999,48.375092
2018-12-20,60.009998,56.950001,57.860001,47.144730
2018-12-21,58.889999,56.560001,56.750000,46.240292
2018-12-24,56.779999,54.820000,54.820000,44.667721
2018-12-26,57.889999,54.500000,57.869999,47.152893
2018-12-27,59.430000,56.810001,59.400002,48.399540
2018-12-28,60.029999,58.400002,59.090000,48.146946
2018-12-31,60.250000,58.750000,59.669998,48.619537
2019-01-02,60.700001,57.779999,60.340000,49.165459
2019-01-03,59.230000,57.240002,57.480000,47.147652
2019-01-04,60.139999,58.290001,59.430000,48.747131
2019-01-07,59.950001,58.910000,59.130001,48.501060
2019-01-08,59.759998,57.970001,58.669998,48.123741
2019-01-09,60.439999,58.970001,60.189999,49.370529
2019-01-10,61.520000,59.689999,61.459999,50.412231
2019-01-11,62.000000,60.520000,61.650002,50.568073
2019-01-14,61.459999,60.610001,61.230000,50.223557
2019-01-15,62.639999,61.180000,62.459999,51.232468
2019-01-16,62.200001,59.060001,62.099998,50.937187
2019-01-17,62.540001,61.560001,61.919998,50.789539
2019-01-18,63.279999,62.340000,62.980000,51.659012
2019-01-22,62.880001,61.040001,61.470001,50.420441
2019-01-23,62.939999,60.950001,61.119999,50.133354
2019-01-24,62.299999,60.980000,61.970001,50.830555
2019-01-25,63.820000,62.680000,63.730000,52.274189
2019-01-28,63.360001,62.119999,63.209999,51.847652
2019-01-29,63.869999,62.560001,62.590000,51.339111
2019-01-30,63.669998,62.439999,63.380001,51.987099
2019-01-31,64.040001,63.040001,63.770000,52.306999
2019-02-01,67.209999,63.930000,65.800003,53.972088
2019-02-04,67.190002,65.239998,67.129997,55.063019
2019-02-05,68.019997,66.820000,67.650002,55.489529
2019-02-06,68.339996,67.269997,68.160004,55.907871
2019-02-07,68.099998,66.250000,66.989998,54.948177
2019-02-08,66.519997,64.790001,66.000000,54.136150
2019-02-11,66.860001,65.379997,65.930000,54.078709
2019-02-12,67.519997,66.449997,67.139999,55.071220
2019-02-13,68.440002,67.209999,67.349998,55.243484
2019-02-14,64.029999,61.000000,63.660000,52.216770
2019-02-15,64.820000,63.439999,64.029999,52.520248
2019-02-19,64.410004,63.259998,64.250000,52.700706
2019-02-20,65.910004,64.269997,65.269997,53.537361
2019-02-21,65.550003,64.779999,65.440002,53.676800
2019-02-22,66.540001,65.570000,66.019997,54.152534
2019-02-25,66.949997,65.900002,66.000000,54.136150
2019-02-26,66.879997,65.540001,66.760002,54.759529
2019-02-27,67.019997,66.050003,66.080002,54.201767
2019-02-28,66.199997,65.160004,65.199997,53.479935
2019-03-01,66.570000,65.050003,66.220001,54.316608
2019-03-04,66.860001,63.880001,64.550003,52.946789
2019-03-05,65.000000,64.019997,64.699997,53.069820
2019-03-06,64.980003,63.419998,63.939999,52.446430
2019-03-07,64.209999,62.849998,63.459999,52.052719
2019-03-08,63.279999,62.340000,63.189999,51.831253
2019-03-11,65.519997,63.310001,65.260002,53.529163
2019-03-12,65.510002,64.790001,65.440002,53.676800
2019-03-13,66.180000,65.269997,65.570000,53.783428
2019-03-14,65.870003,65.070000,65.739998,53.922874
2019-03-15,68.120003,65.809998,68.059998,55.825844
2019-03-18,68.400002,66.639999,66.910004,54.882565
2019-03-19,67.510002,66.480003,66.599998,54.628284
2019-03-20,67.680000,66.389999,67.570000,55.423923
2019-03-21,69.970001,67.300003,69.510002,57.015202
2019-03-22,69.419998,66.660004,66.839996,54.825134
2019-03-25,67.040001,65.690002,66.870003,54.849758
2019-03-26,68.290001,66.949997,67.629997,55.473133
2019-03-27,67.959999,66.790001,67.169998,55.095825
2019-03-28,67.980003,66.849998,67.389999,55.276272
2019-03-29,69.430000,67.989998,69.339996,56.875759
2019-04-01,70.589996,69.500000,70.379997,57.728809
2019-04-02,70.930000,69.699997,70.760002,58.040504
2019-04-03,72.570000,70.930000,72.410004,59.393894
2019-04-04,72.220001,70.930000,71.489998,58.965015
2019-04-05,72.400002,71.599998,72.150002,59.509384
2019-04-08,73.029999,71.779999,72.970001,60.185711
2019-04-09,72.940002,72.309998,72.779999,60.028999
2019-04-10,74.400002,72.660004,74.250000,61.241455
2019-04-11,75.699997,74.470001,75.489998,62.264214
2019-04-12,76.209999,75.180000,75.629997,62.379673
2019-04-15,76.820000,75.290001,76.160004,62.816822
2019-04-16,77.709999,76.330002,77.430000,63.864319
2019-04-17,78.349998,77.040001,77.669998,64.062279
2019-04-18,77.959999,76.919998,77.690002,64.078766
2019-04-22,77.610001,76.540001,76.699997,63.262230
2019-04-23,77.110001,75.849998,76.639999,63.212738
2019-04-24,76.849998,73.059998,73.500000,60.622868
2019-04-25,73.860001,71.919998,73.510002,60.631119
2019-04-26,73.080002,71.010002,71.900002,59.303177
2019-04-29,73.260002,71.639999,72.889999,60.119728
2019-04-30,73.160004,71.889999,72.849998,60.086723
2019-05-01,73.690002,71.730003,71.779999,59.204193
2019-05-02,72.779999,71.019997,71.680000,59.121719
2019-05-03,72.370003,71.639999,72.160004,59.517635
2019-05-06,71.190002,70.010002,70.730003,58.338158
2019-05-07,69.839996,68.690002,69.139999,57.026745
2019-05-08,69.800003,68.349998,68.919998,56.845276
2019-05-09,68.900002,67.099998,68.540001,56.531853
2019-05-10,69.180000,66.910004,68.760002,56.713299
2019-05-13,67.620003,65.900002,65.980003,54.420376
2019-05-14,67.940002,66.120003,67.320000,55.525585
2019-05-15,68.070000,66.000000,67.790001,55.913242
2019-05-16,70.279999,67.720001,69.690002,57.480377
2019-05-17,69.949997,68.599998,69.089996,56.985485
2019-05-20,69.300003,67.849998,68.129997,56.193676
2019-05-21,70.370003,68.440002,69.989998,57.727802
2019-05-22,69.180000,66.709999,67.099998,55.344135
2019-05-23,61.689999,58.110001,61.660000,50.857216
2019-05-24,62.779999,61.570000,62.000000,51.137657
2019-05-28,62.470001,60.689999,60.700001,50.065399
2019-05-29,60.849998,59.700001,60.310001,49.743744
2019-05-30,60.930000,59.840000,60.450001,49.859207
2019-05-31,59.810001,58.939999,59.200001,48.828201
2019-06-03,59.130001,58.200001,58.910000,48.589012
2019-06-04,61.230000,59.590000,61.150002,50.436577
2019-06-05,62.230000,60.430000,61.130001,50.420074
2019-06-06,61.410000,60.520000,61.090000,50.387085
2019-06-07,61.630001,60.730000,61.299999,50.560284
2019-06-10,62.889999,61.450001,62.320000,51.401585
2019-06-11,63.150002,62.009998,62.119999,51.236614
2019-06-12,62.119999,61.340000,61.520000,50.741749
2019-06-13,62.549999,61.560001,62.160000,51.269623
2019-06-14,61.900002,60.759998,60.980000,50.296356
2019-06-17,61.250000,60.009998,60.139999,49.603531
2019-06-18,62.110001,60.610001,61.450001,50.684006
2019-06-19,62.000000,61.110001,61.720001,50.906708
2019-06-20,63.450001,62.000000,62.669998,51.690266
2019-06-21,62.660000,60.880001,61.459999,50.692253
2019-06-24,62.150002,61.180000,61.250000,50.519051
2019-06-25,61.730000,60.919998,60.959999,50.279858
2019-06-26,61.730000,60.480000,60.630001,50.007671
2019-06-27,61.820000,60.939999,61.000000,50.312847
2019-06-28,62.160000,61.169998,61.700001,50.890217
2019-07-01,63.549999,62.380001,62.840000,51.830490
2019-07-02,62.990002,61.580002,61.930000,51.079910
2019-07-03,62.520000,61.450001,62.490002,51.944401
2019-07-05,62.450001,61.470001,62.410000,51.877911
2019-07-08,60.540001,59.000000,60.419998,50.223724
2019-07-09,60.330002,59.279999,60.150002,49.999302
2019-07-10,60.880001,59.930000,60.279999,50.107365
2019-07-11,60.820000,59.520000,60.570000,50.348415
2019-07-12,61.509998,60.419998,61.119999,50.805611
2019-07-15,61.509998,60.200001,60.820000,50.556225
2019-07-16,60.869999,58.049999,58.950001,49.001804
2019-07-17,59.700001,59.020000,59.320000,49.309368
2019-07-18,59.840000,58.180000,58.820000,48.893749
2019-07-19,60.180000,58.759998,59.419998,49.392483
2019-07-22,59.919998,58.660000,58.700001,48.793995
2019-07-23,59.650002,58.349998,59.099998,49.126488
2019-07-24,59.450001,58.139999,58.820000,48.893749
2019-07-25,59.529999,58.529999,58.730000,48.818924
2019-07-26,59.410000,58.320000,59.110001,49.134811
2019-07-29,59.509998,57.450001,59.240002,49.242867
2019-07-30,59.610001,58.680000,59.490002,49.450684
2019-07-31,59.840000,57.730000,58.490002,48.619434
2019-08-01,59.689999,57.369999,57.709999,47.971069
2019-08-02,48.000000,44.790001,46.040001,38.270454
2019-08-05,46.470001,44.950001,45.160000,37.538956
2019-08-06,46.299999,45.259998,46.009998,38.245518
2019-08-07,46.450001,45.250000,46.270000,38.461636
2019-08-08,47.930000,46.180000,47.750000,39.691879
2019-08-09,47.590000,46.029999,46.580002,38.719315
2019-08-12,46.400002,45.520000,46.110001,38.328640
2019-08-13,48.029999,45.939999,46.990002,39.060131
2019-08-14,46.310001,44.549999,44.709999,37.164909
2019-08-15,48.049999,45.369999,46.470001,38.627895
2019-08-16,47.020000,46.099998,46.759998,38.868946
2019-08-19,47.799999,46.959999,47.009998,39.076756
2019-08-20,46.970001,45.970001,46.090000,38.312019
2019-08-21,47.340000,46.560001,46.889999,38.977009
2019-08-22,47.320000,46.299999,46.779999,38.885574
2019-08-23,46.860001,45.220001,45.430000,37.763386
2019-08-26,46.849998,46.090000,46.560001,38.702694
2019-08-27,46.990002,46.099998,46.509998,38.661137
2019-08-28,47.380001,46.240002,46.820000,38.918827
2019-08-29,48.200001,47.509998,47.900002,39.816559
2019-08-30,48.889999,47.840000,48.060001,39.949570
2019-09-03,47.810001,46.700001,47.410000,39.409252
2019-09-04,49.220001,48.169998,49.150002,40.855618
2019-09-05,51.869999,49.599998,51.759998,43.025173
2019-09-06,52.270000,51.490002,51.980000,43.208035
2019-09-09,54.900002,52.889999,54.779999,45.535519
2019-09-10,55.049999,53.660000,54.509998,45.311089
2019-09-11,56.240002,54.259998,56.220001,46.732513
2019-09-12,56.660000,55.310001,56.360001,46.848885
2019-09-13,56.849998,55.599998,56.570000,47.023445
2019-09-16,57.009998,56.099998,56.840000,47.247883
2019-09-17,56.840000,55.209999,56.540001,46.998512
2019-09-18,56.520000,54.299999,54.930000,45.660206
2019-09-19,55.439999,54.310001,54.430000,45.244587
2019-09-20,54.799999,53.810001,54.099998,44.970276
2019-09-23,54.869999,53.500000,54.529999,45.327698
2019-09-24,54.599998,52.630001,52.959999,44.022655
2019-09-25,54.049999,52.610001,53.810001,44.729218
2019-09-26,54.130001,52.880001,53.689999,44.629467
2019-09-27,54.650002,53.580002,53.910000,44.812336
2019-09-30,53.169998,52.270000,52.509998,43.648602
2019-10-01,53.540001,51.490002,51.990002,43.216347
2019-10-02,51.680000,50.529999,51.380001,42.709293
2019-10-03,51.520000,50.220001,51.419998,43.145615
2019-10-04,52.090000,51.180000,52.060001,43.682629
2019-10-07,52.900002,51.889999,52.029999,43.657448
2019-10-08,51.419998,50.540001,50.560001,42.424004
2019-10-09,51.840000,50.910000,51.369999,43.103668
2019-10-10,50.529999,48.810001,49.779999,41.769516
2019-10-11,51.910000,50.389999,51.490002,43.204357
2019-10-14,52.380001,51.200001,52.200001,43.800098
2019-10-15,53.110001,51.849998,53.040001,44.504925
2019-10-16,53.639999,52.910000,53.220001,44.655960
2019-10-17,54.040001,53.240002,54.020000,45.327229
2019-10-18,53.980000,53.040001,53.490002,44.882511
2019-10-21,55.430000,53.900002,54.570000,45.788727
2019-10-22,55.590000,54.150002,55.180000,46.300564
2019-10-23,56.119999,55.119999,56.009998,46.997005
2019-10-24,56.470001,54.779999,55.450001,46.527119
2019-10-25,56.400002,55.279999,56.009998,46.997005
2019-10-28,56.639999,55.669998,55.860001,46.871140
2019-10-29,55.930000,55.349998,55.470001,46.543892
2019-10-30,56.410000,55.000000,56.369999,47.299076
2019-10-31,56.360001,55.419998,55.880001,46.887924
2019-11-01,57.110001,55.669998,57.090000,47.903206
2019-11-04,58.689999,57.439999,57.919998,48.599655
2019-11-05,59.709999,57.750000,59.529999,49.950573
2019-11-06,59.700001,57.840000,57.880001,48.566093
2019-11-07,59.500000,58.250000,58.939999,49.455505
2019-11-08,59.490002,58.259998,59.410000,49.849884
2019-11-11,60.200001,58.910000,59.869999,50.235863
2019-11-12,60.240002,59.509998,60.139999,50.462410
2019-11-13,60.939999,59.900002,60.070000,50.403671
2019-11-14,63.000000,59.500000,61.980000,52.006317
2019-11-15,63.070000,61.759998,62.869999,52.753113
2019-11-18,63.790001,62.169998,63.490002,53.273335
2019-11-19,63.930000,62.000000,62.900002,52.778282
2019-11-20,62.869999,61.080002,61.439999,51.553226
2019-11-21,61.849998,60.650002,60.700001,50.932293
2019-11-22,61.279999,60.450001,61.230000,51.377010
2019-11-25,62.980000,61.259998,62.650002,52.568508
2019-11-26,62.590000,60.180000,60.509998,50.772865
2019-11-27,60.919998,60.150002,60.549999,50.806427
2019-11-29,61.070000,60.470001,60.590000,50.839993
2019-12-02,60.740002,59.380001,59.419998,49.858273
2019-12-03,58.680000,57.639999,58.580002,49.153454
2019-12-04,59.630001,58.709999,59.340000,49.791145
2019-12-05,60.450001,59.360001,60.080002,50.412067
2019-12-06,61.500000,60.720001,61.029999,51.209187
2019-12-09,61.369999,60.509998,60.529999,50.789665
2019-12-10,60.919998,60.139999,60.360001,50.647011
2019-12-11,60.720001,60.250000,60.660000,50.898735
2019-12-12,62.810001,60.070000,62.730000,52.635639
2019-12-13,63.299999,61.919998,63.240002,53.063560
2019-12-16,64.489998,63.509998,63.540001,53.315296
2019-12-17,64.000000,63.139999,63.459999,53.248161
2019-12-18,63.919998,62.900002,62.970001,52.837021
2019-12-19,63.709999,62.869999,63.230000,53.055172
2019-12-20,63.689999,61.759998,62.070000,52.081841
2019-12-23,63.299999,62.250000,62.799999,52.694366
2019-12-24,63.250000,62.400002,62.860001,52.744709
2019-12-26,63.279999,62.220001,62.520000,52.459427
2019-12-27,62.770000,61.389999,61.430000,51.544830
2019-12-30,61.779999,60.939999,61.529999,51.628731
2019-12-31,62.279999,61.259998,62.250000,52.232883
2020-01-02,62.820000,61.799999,62.770000,53.078484
2020-01-03,62.490002,61.209999,61.700001,52.173679
2020-01-06,62.009998,61.119999,61.549999,52.046837
2020-01-07,62.200001,61.240002,61.950001,52.385075
2020-01-08,63.380001,61.980000,63.139999,53.391350
2020-01-09,64.169998,62.970001,63.459999,53.661945
2020-01-10,63.709999,62.849998,63.130001,53.382908
2020-01-13,64.470001,63.389999,64.110001,54.211586
2020-01-14,64.279999,63.610001,63.779999,53.932541
2020-01-15,64.540001,63.830002,64.190002,54.279243
2020-01-16,65.379997,64.190002,65.379997,55.285496
2020-01-17,63.810001,61.930000,62.419998,52.782516
2020-01-21,62.599998,60.410000,60.560001,51.209702
2020-01-22,61.270000,60.169998,60.470001,51.133595
2020-01-23,60.619999,59.080002,60.570000,51.218151
2020-01-24,60.910000,59.060001,59.810001,50.575493
2020-01-27,58.889999,57.759998,58.160000,49.180252
2020-01-28,58.400002,56.849998,56.919998,48.131691
2020-01-29,57.130001,55.500000,55.540001,46.964767
2020-01-30,55.689999,54.070000,54.849998,46.381310
2020-01-31,54.689999,53.169998,53.400002,45.155174
2020-02-03,54.799999,53.490002,54.040001,45.696373
2020-02-04,56.439999,55.099998,55.880001,47.252274
2020-02-05,57.970001,56.730000,57.799999,48.875824
2020-02-06,58.459999,57.340000,58.150002,49.171791
2020-02-07,57.900002,57.240002,57.340000,48.486855
2020-02-10,58.099998,56.880001,58.060001,49.095673
2020-02-11,59.820000,58.369999,59.080002,49.958214
2020-02-12,60.959999,59.220001,60.820000,51.429562
2020-02-13,55.599998,53.200001,55.180000,46.660355
2020-02-14,55.340000,53.680000,54.240002,45.865482
2020-02-18,54.139999,52.759998,53.430000,45.180538
2020-02-19,54.169998,53.049999,53.209999,44.994511
2020-02-20,53.799999,52.680000,53.709999,45.417316
2020-02-21,53.349998,51.860001,52.000000,43.971340
2020-02-24,50.730000,49.680000,50.099998,42.364681
2020-02-25,51.000000,48.419998,48.799999,41.265411
2020-02-26,50.290001,48.250000,48.480000,40.994820
2020-02-27,48.660000,46.389999,46.869999,39.633400
2020-02-28,46.840000,44.889999,46.720001,39.506561
2020-03-02,47.619999,45.810001,47.570000,40.225315
2020-03-03,48.189999,45.259998,45.910000,38.821625
2020-03-04,46.419998,45.340000,46.340000,39.185230
2020-03-05,45.380001,43.709999,43.930000,37.147331
2020-03-06,44.150002,41.750000,44.000000,37.206505
2020-03-09,42.570000,39.730000,39.860001,33.705715
2020-03-10,43.509998,40.410000,43.490002,36.775265
2020-03-11,42.360001,39.939999,40.450001,34.204628
2020-03-12,39.000000,35.860001,35.910000,30.365593
2020-03-13,40.799999,36.779999,40.799999,34.500591
2020-03-16,42.330002,36.000000,40.049999,33.866394
2020-03-17,44.240002,39.400002,42.099998,35.599865
2020-03-18,43.029999,38.970001,42.290001,35.760544
2020-03-19,41.730000,37.970001,38.560001,32.606434
2020-03-20,39.880001,36.230000,36.240002,30.644638
2020-03-23,37.549999,34.660000,35.349998,29.892056
2020-03-24,38.900002,36.759998,38.279999,32.369675
2020-03-25,39.410000,36.990002,37.689999,31.870760
2020-03-26,42.570000,37.419998,42.450001,35.895828
2020-03-27,42.099998,39.349998,40.230000,34.018593
2020-03-30,41.660000,39.689999,40.720001,34.432938
2020-03-31,42.529999,40.090000,41.689999,35.253181
2020-04-01,40.970001,38.910000,40.009998,33.832565
2020-04-02,40.700001,38.570000,39.529999,33.832561
2020-04-03,40.480000,37.080002,37.340000,31.958202
2020-04-06,39.900002,38.189999,39.599998,33.892475
2020-04-07,41.910000,39.639999,39.730000,34.003738
2020-04-08,41.290001,39.619999,40.980000,35.073574
2020-04-09,43.820000,41.389999,42.730000,36.571339
2020-04-13,42.720001,41.060001,41.630001,35.629890
2020-04-14,43.470001,42.520000,43.139999,36.922264
2020-04-15,42.349998,40.279999,40.430000,34.602840
2020-04-16,41.419998,39.720001,41.209999,35.270420
2020-04-17,42.860001,41.689999,42.150002,36.074947
2020-04-20,42.049999,40.759998,40.950001,35.047890
2020-04-21,40.910000,38.889999,38.939999,33.327591
2020-04-22,39.980000,39.259998,39.680000,33.960941
2020-04-23,41.570000,39.669998,41.040001,35.124920
2020-04-24,43.200001,41.200001,43.060001,36.853783
2020-04-27,44.110001,42.599998,42.700001,36.545677
2020-04-28,43.740002,42.160000,42.270000,36.177647
2020-04-29,45.139999,42.520000,44.880001,38.411469
2020-04-30,44.340000,43.410000,43.770000,37.461449
2020-05-01,43.160000,41.080002,41.480000,35.501503
2020-05-04,41.700001,40.009998,40.650002,34.791138
2020-05-05,41.990002,41.040001,41.200001,35.261868
2020-05-06,42.689999,41.169998,42.599998,36.460091
2020-05-07,43.570000,42.779999,43.009998,36.810989
2020-05-08,44.980000,43.310001,44.900002,38.428589
2020-05-11,44.540001,42.770000,44.009998,37.666859
2020-05-12,44.500000,43.020000,43.029999,36.828102
2020-05-13,42.869999,40.630001,41.459999,35.484394
2020-05-14,41.919998,39.810001,41.840000,35.809608
2020-05-15,42.410000,40.930000,42.380001,36.271790
2020-05-18,45.090000,43.630001,44.650002,38.214626
2020-05-19,45.630001,44.110001,44.680000,38.240299
2020-05-20,46.139999,45.349998,45.980000,39.352928
2020-05-21,46.419998,44.860001,45.470001,38.916439
2020-05-22,45.259998,44.080002,44.680000,38.240299
2020-05-26,46.340000,44.889999,45.139999,38.633991
2020-05-27,46.450001,44.919998,46.299999,39.626797
2020-05-28,45.910000,44.000000,44.150002,37.786690
2020-05-29,44.740002,43.529999,44.540001,38.120468
2020-06-01,44.130001,42.669998,42.669998,36.519997
2020-06-02,44.529999,42.480000,44.139999,37.778122
2020-06-03,46.090000,44.169998,45.689999,39.104725
2020-06-04,45.930000,44.869999,45.259998,38.736706
2020-06-05,48.299999,46.270000,48.060001,41.133141
2020-06-08,49.650002,48.480000,49.009998,41.946201
2020-06-09,48.599998,46.669998,46.720001,39.986271
2020-06-10,47.029999,45.950001,46.220001,39.558334
2020-06-11,44.980000,41.110001,41.139999,35.210514
2020-06-12,43.040001,41.230000,42.459999,36.340263
2020-06-15,43.470001,41.119999,43.040001,36.836658
2020-06-16,45.220001,43.419998,44.349998,37.957840
2020-06-17,44.700001,42.950001,43.169998,36.947926
2020-06-18,43.189999,42.150002,42.790001,36.622696
2020-06-19,44.090000,42.070000,44.080002,37.726776
2020-06-22,43.580002,41.639999,42.299999,36.203316
2020-06-23,43.639999,42.320000,42.389999,36.280350
2020-06-24,42.220001,40.930000,40.970001,35.065010
2020-06-25,41.840000,39.959999,41.830002,35.801071
2020-06-26,44.430000,42.630001,43.990002,37.649738
2020-06-29,44.400002,43.099998,44.020000,37.675419
2020-06-30,45.049999,43.770000,44.369999,37.974964
2020-07-01,44.660000,43.389999,43.509998,37.238914
2020-07-02,44.459999,43.470001,43.549999,37.273155
2020-07-06,45.139999,43.939999,45.049999,38.556961
2020-07-07,44.750000,42.700001,42.860001,36.682621
2020-07-08,43.790001,42.759998,43.759998,37.452885
2020-07-09,43.639999,42.230000,42.279999,36.587536
2020-07-10,43.139999,41.959999,42.939999,37.158665
2020-07-13,44.369999,43.279999,43.400002,37.556744
2020-07-14,43.750000,42.470001,43.709999,37.824997
2020-07-15,45.060001,43.689999,44.380001,38.404800
2020-07-16,44.520000,43.880001,44.340000,38.370178
2020-07-17,45.110001,44.139999,44.810001,38.776901
2020-07-20,45.330002,43.840000,45.150002,39.071129
2020-07-21,46.419998,45.029999,45.560001,39.425922
2020-07-22,45.680000,44.970001,44.990002,38.932667
2020-07-23,45.720001,44.459999,44.689999,38.673050
2020-07-24,44.669998,43.060001,43.200001,37.383667
2020-07-27,44.340000,42.730000,44.090000,38.153843
2020-07-28,44.119999,42.820000,42.950001,37.167328
2020-07-29,42.889999,41.389999,42.430000,36.717335
2020-07-30,43.290001,41.459999,42.849998,37.080788
2020-07-31,44.410000,42.049999,44.299999,38.335564
2020-08-03,44.290001,42.490002,42.770000,37.011559
2020-08-04,44.119999,42.610001,43.230000,37.409622
2020-08-05,43.680000,42.810001,43.099998,37.297123
2020-08-06,42.869999,41.880001,42.209999,36.526958
2020-08-07,42.849998,41.509998,42.799999,37.037514
2020-08-10,44.320000,42.740002,44.270000,38.309605
2020-08-11,45.360001,43.360001,43.570000,37.703850
2020-08-12,44.009998,42.930000,43.279999,37.452888
2020-08-13,42.980000,41.439999,41.740002,36.120232
2020-08-14,42.040001,41.340000,41.560001,35.964470
2020-08-17,41.860001,40.939999,41.310001,35.748127
2020-08-18,41.369999,40.080002,41.000000,35.479862
2020-08-19,42.250000,40.910000,41.490002,35.903900
2020-08-20,41.500000,40.810001,41.419998,35.843319
2020-08-21,41.750000,40.840000,41.250000,35.696213
2020-08-24,42.660000,41.290001,42.299999,36.604839
2020-08-25,42.939999,41.270000,41.770000,36.146194
2020-08-26,42.520000,41.230000,42.209999,36.526958
2020-08-27,46.619999,43.599998,43.910000,37.998058
2020-08-28,45.869999,43.360001,45.740002,39.581684
2020-08-31,47.500000,45.549999,47.389999,41.009541
2020-09-01,47.389999,46.160000,46.680000,40.395130
2020-09-02,48.470001,46.650002,48.150002,41.667210
2020-09-03,48.330002,46.009998,46.540001,40.273979
2020-09-04,47.500000,45.900002,46.400002,40.152828
2020-09-08,45.990002,45.160000,45.200001,39.114388
2020-09-09,46.759998,45.230000,46.570000,40.299946
2020-09-10,46.959999,44.369999,44.369999,38.396141
2020-09-11,45.070000,43.480000,44.090000,38.153843
2020-09-14,45.669998,44.299999,45.380001,39.270157
2020-09-15,46.090000,45.139999,45.380001,39.270157
2020-09-16,46.529999,45.029999,45.110001,39.036510
2020-09-17,44.240002,42.849998,43.180000,37.366352
2020-09-18,43.520000,42.099998,42.610001,36.873096
2020-09-21,41.810001,40.720001,41.389999,35.817352
2020-09-22,41.980000,41.029999,41.880001,36.241390
2020-09-23,42.610001,41.070000,41.189999,35.644279
2020-09-24,41.759998,40.459999,41.490002,35.903900
2020-09-25,42.060001,41.090000,41.959999,36.310612
2020-09-28,43.610001,42.509998,43.599998,37.729816
2020-09-29,44.270000,43.500000,43.990002,38.067299
2020-09-30,44.720001,43.430000,43.840000,37.937485
2020-10-01,44.369999,42.619999,42.889999,37.115402
2020-10-02,43.509998,42.070000,42.759998,37.002907
2020-10-05,43.650002,43.070000,43.349998,37.513470
2020-10-06,44.590000,43.180000,43.360001,37.522118
2020-10-07,44.740002,43.709999,44.590000,38.586517
2020-10-08,46.290001,44.419998,46.259998,40.467285
2020-10-09,46.689999,45.520000,45.869999,40.126129
2020-10-12,47.189999,45.610001,46.650002,40.808460
2020-10-13,47.779999,46.270000,46.880001,41.009647
2020-10-14,47.560001,46.439999,46.669998,40.825958
2020-10-15,47.099998,45.830002,47.049999,41.158367
2020-10-16,47.660000,46.689999,47.150002,41.245850
2020-10-19,48.939999,47.310001,48.000000,41.989407
2020-10-20,48.430000,47.240002,47.250000,41.333321
2020-10-21,47.459999,46.570000,46.799999,40.939674
2020-10-22,47.060001,46.330002,46.700001,40.852200
2020-10-23,47.459999,46.560001,46.889999,41.018402
2020-10-26,46.689999,44.230000,44.930000,39.303829
2020-10-27,45.060001,43.919998,44.049999,38.534031
2020-10-28,43.389999,41.900002,42.290001,36.994415
2020-10-29,44.349998,42.200001,44.110001,38.586517
2020-10-30,44.090000,43.070000,43.889999,38.394062
2020-11-02,45.000000,43.919998,44.939999,39.312592
2020-11-03,46.580002,45.509998,46.290001,40.493546
2020-11-04,46.270000,44.900002,45.169998,39.513783
2020-11-05,46.889999,45.820000,46.709999,40.860935
2020-11-06,47.340000,46.340000,47.009998,41.123375
2020-11-09,50.099998,48.380001,49.650002,43.432800
2020-11-10,50.490002,49.080002,50.009998,43.747711
2020-11-11,50.490002,48.980000,49.270000,43.100380
2020-11-12,49.410000,46.740002,47.480000,41.534519
2020-11-13,49.959999,47.709999,49.830002,43.590256
2020-11-16,51.610001,50.180000,51.580002,45.121120
2020-11-17,51.660000,50.070000,51.400002,44.963650
2020-11-18,52.459999,51.220001,51.540001,45.086124
2020-11-19,52.040001,50.820000,51.980000,45.471024
2020-11-20,52.540001,51.740002,51.889999,45.392303
2020-11-23,53.700001,52.020000,53.560001,46.853180
2020-11-24,55.730000,54.000000,55.360001,48.427780
2020-11-25,55.259998,53.310001,53.520000,46.818188
2020-11-27,54.029999,53.029999,53.259998,46.590740
2020-11-30,53.369999,52.330002,53.310001,46.634491
2020-12-01,54.430000,52.639999,54.160000,47.378044
2020-12-02,60.430000,56.889999,59.230000,51.813171
2020-12-03,59.599998,57.919998,58.490002,51.165844
2020-12-04,60.080002,58.500000,59.990002,52.478012
2020-12-07,60.889999,59.340000,60.369999,52.810421
2020-12-08,61.180000,59.910000,60.549999,52.967884
2020-12-09,61.689999,60.290001,60.779999,53.169090
2020-12-10,61.509998,59.490002,61.119999,53.466511
2020-12-11,62.189999,60.590000,61.820000,54.078857
2020-12-14,62.990002,61.330002,61.669998,53.947639
2020-12-15,62.810001,61.450001,62.650002,54.804928
2020-12-16,65.040001,63.930000,64.070000,56.047104
2020-12-17,64.339996,63.150002,64.120003,56.090858
2020-12-18,64.930000,63.810001,64.820000,56.703197
2020-12-21,64.620003,63.180000,64.540001,56.458252
2020-12-22,66.680000,65.510002,66.180000,57.892895
2020-12-23,67.629997,66.120003,66.169998,57.884144
2020-12-24,66.269997,65.449997,65.800003,57.560486
2020-12-28,67.379997,65.730003,65.900002,57.647961
2020-12-29,66.269997,64.730003,65.050003,56.904396
2020-12-30,66.519997,65.029999,65.330002,57.149338
2020-12-31,66.389999,65.010002,66.239998,57.945389
2021-01-04,66.720001,64.190002,64.860001,56.738190
2021-01-05,65.650002,64.339996,65.169998,57.009380
2021-01-06,66.510002,64.669998,65.230003,57.061863
2021-01-07,65.970001,64.690002,65.239998,57.493671
2021-01-08,65.820000,64.559998,64.970001,57.255737
2021-01-11,65.680000,64.010002,65.220001,57.476055
2021-01-12,66.559998,65.410004,66.160004,58.304451
2021-01-13,66.139999,64.849998,65.199997,57.458420
2021-01-14,66.180000,65.010002,65.839996,58.022427
2021-01-15,65.919998,64.440002,64.660004,56.982544
2021-01-19,65.349998,63.799999,64.279999,56.647659
2021-01-20,64.930000,64.029999,64.510002,56.850353
2021-01-21,65.279999,63.919998,64.970001,57.255737
2021-01-22,64.930000,63.400002,64.760002,57.070667
2021-01-25,65.660004,64.250000,65.650002,57.855000
2021-01-26,66.260002,64.930000,65.699997,57.899044
2021-01-27,70.639999,65.110001,68.889999,60.710285
2021-01-28,70.000000,67.360001,67.400002,59.397202
2021-01-29,68.080002,65.529999,66.440002,58.551205
2021-02-01,67.440002,66.040001,66.080002,58.233936
2021-02-02,66.900002,64.680000,65.080002,57.352669
2021-02-03,67.199997,65.019997,66.660004,58.745075
2021-02-04,67.000000,65.989998,66.919998,58.974197
2021-02-05,67.879997,66.650002,67.379997,59.379585
2021-02-08,69.750000,67.690002,69.730003,61.450558
2021-02-09,70.400002,69.129997,69.870003,61.573929
2021-02-10,70.309998,68.169998,68.750000,60.586914
2021-02-11,69.839996,68.269997,69.160004,60.948238
2021-02-12,69.910004,68.849998,69.860001,61.565113
2021-02-16,70.070000,68.800003,68.849998,60.675041
2021-02-17,68.940002,67.419998,68.239998,60.137463
2021-02-18,68.739998,67.540001,68.070000,59.987663
2021-02-19,71.680000,69.459999,71.349998,62.878204
2021-02-22,71.570000,69.930000,71.070000,62.631454
2021-02-23,70.769997,67.839996,69.330002,61.098045
2021-02-24,71.570000,68.750000,71.570000,63.072075
2021-02-25,67.949997,61.160000,61.209999,53.942181
2021-02-26,63.950001,61.330002,62.599998,55.167130
2021-03-01,66.150002,62.840000,65.230003,57.484859
2021-03-02,65.389999,63.680000,63.720001,56.154148
2021-03-03,64.730003,63.090000,63.799999,56.224655
2021-03-04,63.990002,60.060001,61.080002,53.827614
2021-03-05,62.299999,58.830002,61.330002,54.047935
2021-03-08,63.160000,61.480000,62.590000,55.158329
2021-03-09,65.650002,63.230000,64.610001,56.938484
2021-03-10,68.040001,66.080002,66.660004,58.745075
2021-03-11,68.870003,67.209999,67.980003,59.908333
2021-03-12,67.940002,66.930000,67.559998,59.538200
2021-03-15,68.870003,67.029999,68.800003,60.630974
2021-03-16,69.639999,68.000000,69.099998,60.895359
2021-03-17,71.260002,68.389999,71.160004,62.710754
2021-03-18,72.029999,69.959999,70.309998,61.961700
2021-03-19,71.500000,69.900002,70.160004,61.829487
2021-03-22,71.050003,69.309998,70.540001,62.164375
2021-03-23,70.760002,67.910004,68.430000,60.304913
2021-03-24,70.059998,68.410004,68.629997,60.481155
2021-03-25,70.559998,67.720001,70.269997,61.926422
2021-03-26,74.839996,70.470001,74.750000,65.874489
2021-03-29,75.580002,71.930000,72.400002,63.803543
2021-03-30,72.220001,71.110001,72.220001,63.644894
2021-03-31,73.639999,72.449997,72.669998,64.041458
2021-04-01,73.730003,72.129997,73.650002,64.905113
2021-04-05,74.949997,72.769997,74.330002,65.504364
2021-04-06,73.919998,72.430000,73.410004,64.693611
2021-04-07,73.940002,72.750000,73.669998,64.922737
2021-04-08,75.139999,72.809998,73.680000,65.357391
2021-04-09,74.110001,73.180000,73.879997,65.534782
2021-04-12,74.570000,73.220001,74.199997,65.818634
2021-04-13,74.529999,73.260002,74.480003,66.067024
2021-04-14,76.620003,74.500000,76.449997,67.814491
2021-04-15,77.660004,76.250000,76.690002,68.027405
2021-04-16,78.769997,76.070000,77.709999,68.932167
2021-04-19,78.239998,76.919998,77.309998,68.577354
2021-04-20,77.239998,75.019997,75.190002,66.696823
2021-04-21,76.000000,74.449997,75.910004,67.335495
2021-04-22,76.220001,74.970001,75.500000,66.971809
2021-04-23,77.290001,75.250000,76.940002,68.249153
2021-04-26,77.589996,76.779999,77.150002,68.435448
2021-04-27,77.480003,76.459999,76.669998,68.009644
2021-04-28,76.970001,75.919998,76.599998,67.947556
2021-04-29,77.910004,76.330002,76.870003,68.187050
2021-04-30,76.680000,74.430000,74.690002,66.253304
2021-05-03,75.480003,73.889999,74.309998,65.916229
2021-05-04,75.419998,73.290001,75.379997,66.865356
2021-05-05,77.050003,74.760002,76.570000,67.920937
2021-05-06,77.949997,76.459999,77.870003,69.074097
2021-05-07,79.690002,77.320000,79.519997,70.537720
2021-05-10,79.519997,78.370003,78.860001,69.952278
2021-05-11,77.860001,76.070000,76.739998,68.071724
2021-05-12,76.709999,73.919998,74.339996,65.942825
2021-05-13,76.980003,74.769997,76.610001,67.956436
2021-05-14,78.760002,75.919998,78.500000,69.632935
2021-05-17,78.970001,77.900002,78.440002,69.579712
2021-05-18,78.910004,77.239998,77.279999,68.550743
2021-05-19,77.730003,75.839996,77.709999,68.932167
2021-05-20,78.650002,76.940002,77.489998,68.737030
2021-05-21,78.970001,77.769997,78.269997,69.428902
2021-05-24,79.820000,78.690002,78.989998,70.067589
2021-05-25,79.680000,78.129997,78.209999,69.375687
2021-05-26,79.459999,78.290001,79.440002,70.466743
2021-05-27,80.660004,78.320000,78.980003,70.058701
2021-05-28,79.000000,77.070000,77.370003,68.630562
2021-06-01,77.379997,76.150002,76.709999,68.045120
2021-06-02,77.260002,76.129997,77.059998,68.355598
2021-06-03,80.449997,76.620003,78.680000,69.792595
2021-06-04,80.760002,77.510002,80.739998,71.619919
2021-06-07,81.620003,80.550003,81.029999,71.877159
2021-06-08,82.139999,80.910004,81.849998,72.604538
2021-06-09,82.279999,81.410004,82.010002,72.746468
2021-06-10,84.190002,83.040001,83.629997,74.183479
2021-06-11,83.769997,82.809998,83.370003,73.952827
2021-06-14,83.230003,82.480003,82.989998,73.615761
2021-06-15,83.889999,82.389999,83.519997,74.085876
2021-06-16,84.169998,82.570000,82.739998,73.393990
2021-06-17,83.330002,80.290001,81.470001,72.267448
2021-06-18,81.000000,77.620003,78.160004,69.331329
2021-06-21,80.099998,78.459999,79.430000,70.457886
2021-06-22,80.959999,78.430000,80.750000,71.628777
2021-06-23,81.629997,80.370003,80.599998,71.495705
2021-06-24,81.349998,80.320000,80.989998,71.841690
2021-06-25,82.650002,81.309998,82.440002,73.127892
2021-06-28,82.910004,82.110001,82.459999,73.145638
2021-06-29,83.440002,82.599998,83.029999,73.651253
2021-06-30,83.000000,81.580002,81.820000,72.577911
2021-07-01,82.349998,81.440002,81.959999,72.702118
2021-07-02,83.050003,81.800003,82.989998,73.615761
2021-07-06,83.180000,81.250000,81.879997,72.631149
2021-07-07,83.199997,81.550003,82.519997,73.198853
2021-07-08,82.029999,79.959999,81.610001,72.832947
2021-07-09,83.000000,82.000000,82.570000,73.689705
2021-07-12,83.150002,82.139999,82.230003,73.386269
2021-07-13,81.830002,79.970001,80.180000,71.556740
2021-07-14,81.279999,79.260002,79.839996,71.253304
2021-07-15,80.139999,78.389999,79.169998,70.655365
2021-07-16,79.660004,77.309998,77.370003,69.048943
2021-07-19,77.320000,75.559998,77.300003,68.986481
2021-07-20,79.099998,77.440002,78.239998,69.825386
2021-07-21,78.989998,77.779999,78.300003,69.878937
2021-07-22,78.949997,76.000000,77.129997,68.834763
2021-07-23,78.019997,77.040001,77.720001,69.361305
2021-07-26,79.480003,77.750000,78.550003,70.102043
2021-07-27,78.269997,76.910004,77.959999,69.575493
2021-07-28,78.610001,77.080002,78.209999,69.798607
2021-07-29,79.580002,78.589996,79.010002,70.512581
2021-07-30,79.980003,78.500000,79.589996,71.030205
2021-08-02,81.190002,79.669998,80.129997,71.512123
2021-08-03,82.040001,79.809998,81.730003,72.940048
2021-08-04,81.820000,80.750000,81.370003,72.618759
2021-08-05,82.209999,81.389999,81.480003,72.716934
2021-08-06,82.480003,81.529999,82.169998,73.332726
2021-08-09,83.010002,81.839996,82.250000,73.404106
2021-08-10,83.000000,82.220001,82.580002,73.698631
2021-08-11,83.500000,81.290001,82.699997,73.805710
2021-08-12,83.169998,82.070000,83.059998,74.126991
2021-08-13,83.339996,82.269997,82.279999,73.430878
2021-08-16,82.199997,81.510002,81.800003,73.002525
2021-08-17,81.459999,79.449997,80.510002,71.851242
2021-08-18,81.190002,79.629997,79.669998,71.101593
2021-08-19,79.440002,78.050003,79.260002,70.735672
2021-08-20,80.730003,79.250000,80.669998,71.994041
2021-08-23,81.410004,80.269997,80.720001,72.038681
2021-08-24,81.209999,79.919998,80.779999,72.092201
2021-08-25,82.589996,80.610001,82.269997,73.421959
2021-08-26,91.290001,85.489998,86.150002,76.884682
2021-08-27,87.080002,85.199997,87.059998,77.696800
2021-08-30,88.709999,86.809998,88.370003,78.865929
2021-08-31,89.099998,87.889999,88.930000,79.365692
2021-09-01,89.879997,88.449997,89.320000,79.713730
2021-09-02,90.110001,88.760002,89.750000,80.097496
2021-09-03,91.529999,89.690002,91.349998,81.525414
2021-09-07,91.550003,89.919998,90.000000,80.320610
2021-09-08,90.040001,88.050003,89.519997,79.892220
2021-09-09,92.199997,89.599998,92.089996,82.185829
2021-09-10,93.389999,91.910004,92.320000,82.391098
2021-09-13,93.000000,90.889999,91.750000,81.882408
2021-09-14,92.680000,91.239998,92.190002,82.275063
2021-09-15,93.300003,91.360001,93.300003,83.265701
2021-09-16,93.680000,92.309998,92.959999,82.962265
2021-09-17,92.519997,89.800003,90.010002,80.329552
2021-09-20,89.889999,87.760002,88.970001,79.401398
2021-09-21,89.559998,88.080002,88.089996,78.616028
2021-09-22,90.480003,88.910004,89.980003,80.302773
2021-09-23,93.269997,90.059998,92.779999,82.801636
2021-09-24,93.790001,92.160004,93.639999,83.569115
2021-09-27,94.330002,93.059998,93.860001,83.765480
2021-09-28,93.699997,91.669998,91.809998,81.935936
2021-09-29,92.540001,90.190002,90.330002,80.615112
2021-09-30,91.739998,89.400002,89.760002,80.106422
2021-10-01,91.300003,89.269997,90.580002,80.838242
2021-10-04,91.099998,89.070000,89.540001,79.910095
2021-10-05,90.779999,88.870003,90.300003,80.588341
2021-10-06,90.250000,87.919998,90.160004,80.463402
2021-10-07,91.940002,90.349998,91.150002,81.800552
2021-10-08,91.870003,90.919998,91.510002,82.123657
2021-10-11,92.309998,91.269997,91.690002,82.285194
2021-10-12,91.669998,90.110001,90.239998,80.983917
2021-10-13,91.120003,90.019997,90.250000,80.992867
2021-10-14,93.349998,91.550003,92.349998,82.877480
2021-10-15,94.690002,92.500000,94.419998,84.735146
2021-10-18,92.139999,89.610001,90.339996,81.073647
2021-10-19,91.709999,90.260002,90.809998,81.495445
2021-10-20,91.370003,89.870003,90.699997,81.396721
2021-10-21,92.779999,90.370003,92.739998,83.227470
2021-10-22,94.230003,92.720001,93.010002,83.469780
2021-10-25,94.019997,92.309998,93.099998,83.550552
2021-10-26,93.669998,89.940002,90.660004,81.360832
2021-10-27,91.220001,88.239998,88.379997,79.314674
2021-10-28,90.230003,88.500000,89.709999,80.508270
2021-10-29,90.239998,88.599998,89.300003,80.140343
2021-11-01,90.870003,89.139999,90.120003,80.876213
2021-11-02,90.989998,89.959999,90.260002,81.001862
2021-11-03,90.510002,88.720001,90.000000,80.768517
2021-11-04,91.900002,89.820000,90.699997,81.396721
2021-11-05,91.910004,90.669998,91.050003,81.710815
2021-11-08,92.650002,91.260002,91.889999,82.464661
2021-11-09,92.790001,90.839996,91.800003,82.383896
2021-11-10,92.089996,91.089996,91.419998,82.042862
2021-11-11,92.610001,91.580002,91.930000,82.500557
2021-11-12,92.190002,89.489998,89.790001,80.580078
2021-11-15,90.529999,87.620003,88.860001,79.745453
2021-11-16,89.080002,88.050003,88.739998,79.637772
2021-11-17,89.870003,87.910004,87.959999,78.937775
2021-11-18,88.290001,84.129997,87.320000,78.363403
2021-11-19,87.730003,85.959999,86.000000,77.178810
2021-11-22,87.620003,85.550003,86.190002,77.349319
2021-11-23,87.220001,85.500000,86.760002,77.860855
2021-11-24,89.959999,86.970001,89.779999,80.571083
2021-11-26,89.180000,87.160004,88.320000,79.260841
2021-11-29,92.010002,88.730003,91.519997,82.132607
2021-11-30,92.349998,88.769997,88.879997,79.763412
2021-12-01,92.620003,84.739998,89.459999,80.283913
2021-12-02,90.980003,87.959999,90.180000,80.930061
2021-12-03,91.410004,88.959999,90.050003,80.813385
2021-12-06,91.000000,88.000000,88.199997,79.153152
2021-12-07,91.010002,88.250000,90.669998,81.369789
2021-12-08,91.139999,89.510002,89.809998,80.598015
2021-12-09,90.580002,88.970001,89.309998,80.149300
2021-12-10,90.379997,88.040001,89.320000,80.158264
2021-12-13,90.839996,87.110001,87.190002,78.246750
2021-12-14,88.089996,86.400002,86.839996,77.932663
2021-12-15,88.809998,86.699997,88.699997,79.601875
2021-12-16,90.279999,88.010002,88.150002,79.108284
2021-12-17,89.089996,87.220001,88.059998,79.027512
2021-12-20,87.690002,86.080002,87.529999,78.551888
2021-12-21,89.930000,87.720001,89.900002,80.678787
2021-12-22,90.230003,89.169998,89.900002,80.678787
2021-12-23,91.300003,90.000000,90.629997,81.333900
2021-12-27,93.370003,90.180000,93.339996,83.765938
2021-12-28,93.750000,92.610001,93.260002,83.694138
2021-12-29,94.129997,93.019997,93.180000,83.622337
2021-12-30,93.379997,91.519997,91.690002,82.285194
2021-12-31,92.599998,91.739998,91.989998,82.554398
2022-01-03,92.830002,91.610001,92.389999,82.913368
2022-01-04,95.230003,92.610001,94.199997,84.537727
2022-01-05,94.739998,92.599998,92.650002,83.146713
2022-01-06,93.779999,91.620003,93.239998,84.130196
2022-01-07,93.900002,92.019997,92.239998,83.227921
2022-01-10,93.300003,90.190002,93.199997,84.094101
2022-01-11,95.089996,93.160004,95.019997,85.736298
2022-01-12,96.610001,94.449997,94.699997,85.447556
2022-01-13,96.309998,94.440002,95.480003,86.151367
2022-01-14,96.820000,94.459999,95.410004,86.088219
2022-01-18,95.459999,92.940002,93.320000,84.202385
2022-01-19,94.400002,89.290001,89.410004,80.674408
2022-01-20,90.870003,87.629997,87.800003,79.221725
2022-01-21,88.080002,83.820000,84.279999,76.045647
2022-01-24,86.620003,82.489998,86.519997,78.066765
2022-01-25,87.320000,83.279999,85.720001,77.344940
2022-01-26,87.720001,83.680000,84.639999,76.370461
2022-01-27,87.260002,83.410004,83.830002,75.639603
2022-01-28,86.419998,83.000000,86.370003,77.931435
2022-01-31,86.889999,85.410004,86.510002,78.057755
2022-02-01,87.580002,85.959999,87.010002,78.508896
2022-02-02,88.949997,86.480003,88.660004,79.997696
2022-02-03,89.680000,87.720001,87.959999,79.366081
2022-02-04,88.459999,86.349998,87.629997,79.068329
2022-02-07,88.080002,87.029999,87.330002,78.797638
2022-02-08,89.279999,87.230003,89.110001,80.403732
2022-02-09,92.059998,89.449997,91.699997,82.740669
2022-02-10,91.989998,89.589996,90.050003,81.251900
2022-02-11,91.080002,88.449997,89.080002,80.376648
2022-02-14,89.559998,86.900002,87.790001,79.212700
2022-02-15,90.550003,89.000000,90.470001,81.630852
2022-02-16,91.870003,89.879997,91.550003,82.605347
2022-02-17,91.980003,90.370003,91.070000,82.172241
2022-02-18,92.400002,90.040001,90.900002,82.018845
2022-02-22,91.139999,85.760002,86.120003,77.705872
2022-02-23,86.980003,83.599998,84.089996,75.874184
2022-02-24,79.360001,72.040001,79.290001,71.543167
2022-02-25,81.699997,79.029999,80.139999,72.310112
2022-02-28,79.150002,76.739998,78.379997,70.722084
2022-03-01,79.110001,76.589996,77.330002,69.774673
2022-03-02,81.800003,78.169998,81.099998,73.176315
2022-03-03,82.360001,80.230003,80.760002,72.869553
2022-03-04,81.250000,79.010002,80.349998,72.499619
2022-03-07,80.160004,78.139999,78.620003,70.938637
2022-03-08,80.389999,78.400002,78.919998,71.209312
2022-03-09,81.690002,80.089996,80.779999,72.887573
2022-03-10,82.849998,80.529999,82.620003,74.547821
2022-03-11,84.370003,82.500000,84.099998,75.883217
2022-03-14,84.500000,79.739998,80.389999,72.535690
2022-03-15,82.489998,80.220001,82.099998,74.078621
2022-03-16,85.410004,82.309998,84.860001,76.568970
2022-03-17,86.449997,83.889999,86.410004,77.967529
2022-03-18,89.900002,85.860001,89.690002,80.927055
2022-03-21,90.199997,87.790001,88.500000,79.853348
2022-03-22,89.699997,85.459999,87.610001,79.050285
2022-03-23,89.339996,86.629997,87.220001,78.698380
2022-03-24,86.400002,84.269997,86.300003,77.868279
2022-03-25,86.660004,85.209999,85.690002,77.317871
2022-03-28,86.260002,84.580002,86.139999,77.723885
2022-03-29,88.389999,86.599998,88.129997,79.519478
2022-03-30,88.529999,86.239998,86.570000,78.111885
2022-03-31,86.290001,82.930000,83.000000,74.890701
2022-04-01,83.669998,80.809998,82.199997,74.168854
2022-04-04,83.900002,82.040001,83.650002,75.477180
2022-04-05,83.750000,81.010002,81.150002,73.221436
2022-04-06,81.000000,79.680000,79.809998,72.012344
2022-04-07,80.790001,78.250000,78.809998,71.558350
2022-04-08,79.250000,77.769997,78.099998,70.913689
2022-04-11,77.879997,76.699997,77.120003,70.023888
2022-04-12,78.739998,76.050003,76.389999,69.361046
2022-04-13,77.620003,76.260002,77.279999,70.169136
2022-04-14,77.800003,75.459999,75.500000,68.552917
2022-04-18,76.500000,75.449997,76.150002,69.143127
2022-04-19,77.500000,75.830002,77.110001,70.014778
2022-04-20,79.900002,77.690002,78.750000,71.503891
2022-04-21,79.690002,77.580002,77.980003,70.804756
2022-04-22,77.720001,75.930000,76.010002,69.016006
2022-04-25,77.440002,74.870003,77.400002,70.278130
2022-04-26,77.290001,75.370003,75.510002,68.562004
2022-04-27,75.379997,73.070000,74.559998,67.699432
2022-04-28,76.059998,74.379997,75.000000,68.098938
2022-04-29,76.120003,73.199997,73.250000,66.509964
2022-05-02,74.199997,72.419998,74.000000,67.190956
2022-05-03,74.489998,73.230003,74.059998,67.245445
2022-05-04,76.730003,73.620003,76.699997,69.642532
2022-05-05,76.230003,72.430000,73.110001,66.382843
2022-05-06,74.180000,72.040001,72.989998,66.273872
2022-05-09,72.389999,70.860001,71.320000,64.757561
2022-05-10,74.110001,71.370003,73.019997,66.301132
2022-05-11,73.690002,69.680000,69.739998,63.322929
2022-05-12,70.730003,68.230003,69.680000,63.268433
2022-05-13,71.440002,69.709999,71.209999,64.657661
2022-05-16,72.040001,70.500000,71.500000,64.920990
2022-05-17,73.980003,72.610001,73.900002,67.100159
2022-05-18,73.300003,70.309998,70.730003,64.221848
2022-05-19,69.790001,66.099998,68.260002,61.979122
2022-05-20,69.019997,64.580002,66.639999,60.508179
2022-05-23,69.239998,66.940002,68.510002,62.206116
2022-05-24,68.459999,65.620003,67.400002,61.198235
2022-05-25,70.269997,67.150002,69.440002,63.050545
2022-05-26,70.889999,68.739998,70.489998,64.003937
2022-05-27,73.059998,71.389999,73.050003,66.328377
2022-05-31,72.790001,71.629997,71.949997,65.329575
2022-06-01,73.699997,71.269997,72.510002,65.838066
2022-06-02,73.669998,70.110001,72.900002,66.192162
2022-06-03,73.089996,71.000000,71.110001,64.566856
2022-06-06,72.410004,70.730003,70.870003,64.348961
2022-06-07,71.559998,69.980003,71.459999,64.884682
2022-06-08,71.410004,69.949997,70.080002,63.631641
2022-06-09,70.150002,67.739998,67.769997,61.534199
2022-06-10,67.629997,66.160004,66.809998,60.662537
2022-06-13,66.389999,64.330002,64.470001,58.537849
2022-06-14,65.339996,63.709999,64.320000,58.401657
2022-06-15,66.389999,64.430000,65.430000,59.409523
2022-06-16,64.209999,62.910000,63.290001,57.466427
2022-06-17,64.730003,62.779999,63.759998,57.893173
2022-06-21,65.830002,64.489998,64.500000,58.565090
2022-06-22,65.519997,63.779999,64.699997,58.746681
2022-06-23,65.389999,64.080002,64.849998,58.882889
2022-06-24,67.730003,65.260002,66.809998,60.662537
2022-06-27,67.980003,66.680000,67.269997,61.080208
2022-06-28,68.089996,65.410004,65.639999,59.600189
2022-06-29,65.870003,64.980003,65.360001,59.345959
2022-06-30,65.779999,64.430000,65.239998,59.237000
2022-07-01,65.110001,61.590000,62.779999,57.003353
2022-07-05,64.250000,61.259998,64.220001,58.310852
2022-07-06,64.489998,62.799999,63.330002,57.502747
2022-07-07,65.139999,63.580002,64.790001,59.296558
2022-07-08,65.330002,64.349998,65.040001,59.525364
2022-07-11,64.879997,63.910000,64.400002,58.939625
2022-07-12,65.440002,63.869999,64.320000,58.866413
2022-07-13,64.620003,63.130001,64.290001,58.838959
2022-07-14,65.220001,63.160000,64.989998,59.479599
2022-07-15,66.059998,64.949997,65.949997,60.358200
2022-07-18,67.370003,65.239998,65.570000,60.010426
2022-07-19,68.500000,66.209999,68.309998,62.518097
2022-07-20,70.169998,68.089996,69.599998,63.698723
2022-07-21,70.580002,69.110001,70.519997,64.540726
2022-07-22,70.730003,68.820000,69.260002,63.387554
2022-07-25,69.389999,68.529999,69.169998,63.305187
2022-07-26,70.680000,68.980003,69.419998,63.533978
2022-07-27,71.080002,69.269997,70.570000,64.586487
2022-07-28,71.940002,70.139999,71.709999,65.629829
2022-07-29,71.769997,70.500000,71.330002,65.282043
2022-08-01,72.059998,70.790001,71.959999,65.858627
2022-08-02,71.970001,70.919998,71.370003,65.318649
2022-08-03,72.650002,71.459999,72.550003,66.398613
2022-08-04,72.570000,71.750000,72.110001,65.995911
2022-08-05,72.779999,71.330002,72.370003,66.233887
2022-08-08,73.050003,71.669998,72.650002,66.490128
2022-08-09,72.550003,70.330002,71.099998,65.071541
2022-08-10,73.750000,72.190002,73.300003,67.085022
2022-08-11,75.110001,73.440002,73.699997,67.451080
2022-08-12,75.150002,73.839996,74.930000,68.576805
2022-08-15,75.660004,74.250000,74.629997,68.302238
2022-08-16,75.379997,74.379997,74.769997,68.430382
2022-08-17,74.330002,72.680000,73.370003,67.149071
2022-08-18,75.650002,73.250000,75.489998,69.089310
2022-08-19,74.610001,73.589996,74.290001,67.991066
2022-08-22,73.519997,72.760002,73.029999,66.837906
2022-08-23,74.080002,72.980003,73.279999,67.066711
2022-08-24,73.980003,72.629997,72.820000,66.645706
2022-08-25,79.089996,77.029999,78.559998,71.899017
2022-08-26,77.800003,74.809998,74.959999,68.604256
2022-08-29,74.580002,72.699997,73.449997,67.222290
2022-08-30,73.599998,72.080002,72.279999,66.151489
2022-08-31,72.720001,71.720001,72.129997,66.014221
2022-09-01,72.279999,70.570000,72.160004,66.041687
2022-09-02,73.250000,71.010002,71.279999,65.236290
2022-09-06,71.940002,70.260002,70.699997,64.705460
2022-09-07,71.360001,70.220001,70.699997,64.705460
2022-09-08,71.419998,69.809998,71.410004,65.355270
2022-09-09,72.739998,71.760002,72.449997,66.307076
2022-09-12,73.650002,72.430000,73.400002,67.176529
2022-09-13,72.849998,70.599998,71.059998,65.034943
2022-09-14,71.559998,69.660004,70.260002,64.302757
2022-09-15,70.230003,68.720001,69.080002,63.222813
2022-09-16,68.879997,67.820000,68.680000,62.856743
2022-09-19,68.220001,66.750000,67.610001,61.877457
2022-09-20,67.059998,65.830002,66.300003,60.678535
2022-09-21,67.110001,65.300003,65.349998,59.809071
2022-09-22,65.190002,64.139999,64.230003,58.784046
2022-09-23,63.680000,62.419998,63.470001,58.088486
2022-09-26,64.120003,62.400002,62.610001,57.301403
2022-09-27,63.630001,62.119999,62.529999,57.228188
2022-09-28,63.840000,62.380001,63.700001,58.298985
2022-09-29,63.000000,62.020000,62.939999,57.603416
2022-09-30,63.570000,61.750000,61.849998,56.605839
2022-10-03,64.320000,62.299999,64.139999,58.701668
2022-10-04,66.709999,65.309998,66.559998,60.916489
2022-10-05,67.599998,65.919998,67.190002,61.493076
2022-10-06,67.139999,65.949997,67.000000,61.778904
2022-10-07,66.279999,65.220001,66.080002,60.930611
2022-10-10,66.570000,63.619999,64.040001,59.049580
2022-10-11,64.000000,61.779999,62.060001,57.223873
2022-10-12,63.400002,62.029999,62.330002,57.472832
2022-10-13,64.339996,60.560001,64.110001,59.114124
2022-10-14,64.629997,62.279999,62.410000,57.546600
2022-10-17,64.269997,62.799999,63.169998,58.247372
2022-10-18,65.080002,62.150002,62.740002,57.850883
2022-10-19,63.320000,61.939999,62.290001,57.435955
2022-10-20,63.689999,62.119999,62.480000,57.611137
2022-10-21,65.820000,62.250000,65.599998,60.488003
2022-10-24,66.540001,65.339996,66.339996,61.170341
2022-10-25,67.940002,65.940002,67.849998,62.562675
2022-10-26,68.760002,66.459999,67.459999,62.203060
2022-10-27,68.980003,67.230003,67.470001,62.212280
2022-10-28,69.449997,67.690002,69.400002,63.991882
2022-10-31,69.750000,68.239998,69.269997,63.872009
2022-11-01,71.339996,69.580002,71.019997,65.485649
2022-11-02,71.320000,68.720001,68.870003,63.503189
2022-11-03,68.190002,66.849998,67.639999,62.369030
2022-11-04,71.000000,67.830002,68.790001,63.429417
2022-11-07,69.739998,68.230003,69.389999,63.982670
2022-11-08,70.519997,69.040001,69.440002,64.028770
2022-11-09,69.110001,67.779999,68.010002,62.710213
2022-11-10,72.099998,70.129997,71.910004,66.306297
2022-11-11,74.040001,71.639999,73.500000,67.772385
2022-11-14,74.209999,72.629997,73.180000,67.477318
2022-11-15,74.970001,73.430000,73.959999,68.196556
2022-11-16,73.639999,72.290001,72.330002,66.693565
2022-11-17,72.919998,70.860001,72.860001,67.182274
2022-11-18,74.029999,72.970001,73.720001,67.975235
2022-11-21,73.500000,72.309998,72.519997,66.868759
2022-11-22,74.010002,72.379997,73.879997,68.122787
2022-11-23,75.139999,73.750000,74.660004,68.841995
2022-11-25,75.190002,74.250000,74.660004,68.841995
2022-11-28,74.320000,72.250000,72.570000,66.914856
2022-11-29,73.330002,71.690002,71.790001,66.195633
2022-11-30,68.139999,64.500000,67.610001,62.341377
2022-12-01,68.500000,65.919998,68.070000,62.765533
2022-12-02,67.339996,65.989998,66.430000,61.253338
2022-12-05,66.260002,64.209999,64.660004,59.621262
2022-12-06,64.449997,62.740002,63.080002,58.164383
2022-12-07,63.310001,62.310001,62.980000,58.072174
2022-12-08,64.150002,63.139999,63.919998,58.938919
2022-12-09,65.570000,63.770000,64.290001,59.280094
2022-12-12,65.320000,64.160004,65.290001,60.202164
2022-12-13,66.989998,64.389999,64.910004,59.851776
2022-12-14,65.529999,63.790001,64.389999,59.372295
2022-12-15,63.590000,61.009998,61.380001,56.596855
2022-12-16,61.529999,59.700001,60.320000,55.619457
2022-12-19,60.730000,58.770000,59.189999,54.577518
2022-12-20,59.740002,58.160000,59.470001,54.835701
2022-12-21,60.470001,59.419998,60.049999,55.370499
2022-12-22,59.419998,58.419998,58.970001,54.374664
2022-12-23,59.119999,58.330002,59.040001,54.439205
2022-12-27,59.700001,58.630001,59.049999,54.448433
2022-12-28,59.160000,58.080002,58.180000,53.646221
2022-12-29,60.369999,58.529999,60.090000,55.407387
2022-12-30,60.080002,59.099998,60.060001,55.379723
2023-01-03,60.889999,59.950001,60.790001,56.052834
2023-01-04,62.779999,61.560001,61.930000,57.104000
2023-01-05,61.709999,60.669998,61.330002,57.011044
2023-01-06,64.070000,61.509998,63.650002,59.167664
2023-01-09,65.120003,63.759998,63.799999,59.307095
2023-01-10,64.500000,62.810001,64.209999,59.688229
2023-01-11,64.720001,63.700001,64.449997,59.911324
2023-01-12,64.589996,63.639999,64.050003,59.539497
2023-01-13,64.940002,63.599998,64.660004,60.106541
2023-01-17,65.480003,64.459999,64.769997,60.208786
2023-01-18,65.809998,64.760002,64.959999,60.385399
2023-01-19,64.980003,63.790001,64.510002,59.967106
2023-01-20,65.540001,63.990002,65.470001,60.859497
2023-01-23,67.529999,65.720001,67.010002,62.291046
2023-01-24,67.489998,66.529999,66.860001,62.151611
2023-01-25,66.650002,65.629997,66.370003,61.696121
2023-01-26,67.290001,65.650002,65.790001,61.156960
2023-01-27,66.480003,65.430000,65.540001,60.924568
2023-01-30,66.260002,65.059998,65.510002,60.896687
2023-01-31,66.260002,64.230003,66.230003,61.565990
2023-02-01,67.480003,65.320000,67.110001,62.384003
2023-02-02,69.750000,67.500000,69.050003,64.187393
2023-02-03,68.860001,67.320000,67.620003,62.858097
2023-02-06,67.089996,65.889999,66.080002,61.426540
2023-02-07,67.519997,65.639999,67.419998,62.672161
2023-02-08,67.160004,66.059998,66.410004,61.733299
2023-02-09,67.260002,65.639999,65.989998,61.342880
2023-02-10,66.790001,65.610001,66.339996,61.668228
2023-02-13,67.730003,65.919998,67.720001,62.951050
2023-02-14,68.239998,66.550003,67.720001,62.951050
2023-02-15,68.730003,67.139999,68.709999,63.871330
2023-02-16,68.680000,67.779999,67.949997,63.164845
2023-02-17,67.690002,66.629997,67.410004,62.662880
2023-02-21,66.949997,65.519997,65.949997,61.305702
2023-02-22,66.580002,65.150002,65.830002,61.194153
2023-02-23,66.370003,63.310001,66.220001,61.556683
2023-02-24,66.449997,64.500000,65.379997,60.775833
2023-02-27,65.970001,64.599998,64.769997,60.208786
2023-02-28,65.339996,64.349998,64.550003,60.004284
2023-03-01,65.050003,64.199997,64.599998,60.050770
2023-03-02,65.309998,63.480000,65.139999,60.552734
2023-03-03,66.070000,65.099998,65.779999,61.147667
2023-03-06,66.389999,65.199997,65.360001,60.757229
2023-03-07,65.300003,63.740002,63.919998,59.418644
2023-03-08,65.019997,63.650002,64.860001,60.292454
2023-03-09,65.250000,63.320000,63.400002,58.935272
2023-03-10,63.160000,61.880001,62.220001,57.838364
2023-03-13,62.400002,61.209999,61.349998,57.029633
2023-03-14,62.750000,60.820000,61.119999,56.815834
2023-03-15,61.080002,59.730000,61.049999,56.750755
2023-03-16,62.130001,60.410000,61.980000,57.615265
2023-03-17,62.470001,61.410000,61.470001,57.141190
2023-03-20,63.220001,61.419998,62.970001,58.535553
2023-03-21,64.199997,63.310001,64.190002,59.669632
2023-03-22,64.160004,61.529999,61.549999,57.215546
2023-03-23,63.049999,60.939999,61.529999,57.196957
2023-03-24,61.470001,59.810001,61.060001,56.760063
2023-03-27,62.090000,61.279999,61.660000,57.317802
2023-03-28,61.619999,60.279999,60.779999,56.499775
2023-03-29,62.250000,61.400002,62.049999,57.680340
2023-03-30,62.730000,61.860001,62.570000,58.163723
2023-03-31,63.910000,62.630001,63.849998,59.353573
2023-04-03,64.440002,63.490002,64.190002,59.669632
2023-04-04,64.370003,62.759998,63.189999,58.740059
2023-04-05,63.009998,62.060001,62.810001,58.852493
2023-04-06,63.459999,62.340000,63.000000,59.030529
2023-04-10,65.750000,63.889999,65.050003,60.951359
2023-04-11,66.800003,65.320000,66.599998,62.403698
2023-04-12,67.190002,66.080002,66.400002,62.216293
2023-04-13,66.970001,66.050003,66.809998,62.600471
2023-04-14,67.360001,65.930000,66.349998,62.169441
2023-04-17,67.730003,66.239998,67.680000,63.415638
2023-04-18,68.250000,67.349998,67.959999,63.677990
2023-04-19,67.070000,65.720001,66.150002,61.982059
2023-04-20,64.830002,62.919998,63.360001,59.367840
2023-04-21,63.520000,62.810001,63.209999,59.227291
2023-04-24,63.450001,62.750000,63.299999,59.311619
2023-04-25,62.959999,61.400002,61.439999,57.568817
2023-04-26,62.470001,60.919998,62.369999,58.440212
2023-04-27,63.480000,62.040001,63.439999,59.442802
2023-04-28,63.720001,62.360001,62.889999,58.927448
2023-05-01,63.820000,62.849998,63.689999,59.677044
2023-05-02,63.820000,61.889999,62.230000,58.309044
2023-05-03,63.490002,62.070000,62.439999,58.505806
2023-05-04,62.630001,61.540001,62.509998,58.571392
2023-05-05,64.059998,63.189999,63.849998,59.826965
2023-05-08,64.129997,63.610001,64.000000,59.967506
2023-05-09,64.190002,63.220001,63.750000,59.733273
2023-05-10,64.430000,62.290001,63.270000,59.283508
2023-05-11,63.340000,62.419998,63.049999,59.077370
2023-05-12,63.619999,62.549999,63.139999,59.161701
2023-05-15,64.790001,63.330002,64.750000,60.670258
2023-05-16,64.839996,63.950001,64.050003,60.014366
2023-05-17,65.660004,63.950001,65.410004,61.288689
2023-05-18,66.739998,65.029999,66.540001,62.347477
2023-05-19,66.879997,65.650002,65.820000,61.672848
2023-05-22,67.370003,65.930000,67.129997,62.900307
2023-05-23,67.580002,66.430000,66.459999,62.272518
2023-05-24,66.389999,65.709999,66.250000,62.075752
2023-05-25,68.820000,66.599998,68.739998,64.408852
2023-05-26,70.239998,68.769997,69.830002,65.430183
2023-05-30,70.620003,69.070000,69.099998,64.746178
2023-05-31,68.199997,66.010002,66.349998,62.169441
2023-06-01,72.779999,70.010002,71.959999,67.425987
2023-06-02,72.160004,70.080002,70.980003,66.507721
2023-06-05,71.099998,69.769997,70.279999,65.851837
2023-06-06,70.480003,69.440002,70.059998,65.645676
2023-06-07,71.510002,70.220001,70.970001,66.498352
2023-06-08,70.959999,69.589996,70.330002,65.898674
2023-06-09,71.220001,69.510002,69.709999,65.317749
2023-06-12,71.449997,69.709999,71.419998,66.919991
2023-06-13,73.529999,71.529999,73.260002,68.644066
2023-06-14,73.940002,72.879997,73.300003,68.681557
2023-06-15,74.089996,72.860001,73.760002,69.112556
2023-06-16,74.589996,73.870003,74.370003,69.684135
2023-06-20,73.889999,72.709999,72.830002,68.241165
2023-06-21,73.370003,72.180000,72.650002,68.072502
2023-06-22,73.440002,72.000000,73.370003,68.747154
2023-06-23,73.650002,72.300003,73.209999,68.597229
2023-06-26,74.320000,73.519997,73.750000,69.103195
2023-06-27,75.290001,73.500000,74.980003,70.255699
2023-06-28,75.540001,74.589996,75.230003,70.489952
2023-06-29,76.250000,75.309998,76.150002,71.351990
2023-06-30,76.879997,76.199997,76.400002,71.586220
2023-07-03,76.809998,75.970001,76.449997,71.633080
2023-07-05,76.660004,75.500000,76.290001,71.483154
2023-07-06,75.889999,74.830002,75.730003,71.426559
2023-07-07,77.160004,75.720001,76.250000,71.917023
2023-07-10,77.860001,75.830002,77.800003,73.378937
2023-07-11,79.290001,78.150002,78.760002,74.284393
2023-07-12,79.449997,77.239998,77.349998,72.954498
2023-07-13,79.029999,77.440002,78.730003,74.256096
2023-07-14,78.589996,77.279999,77.870003,73.444954
2023-07-17,78.430000,77.110001,78.019997,73.586441
2023-07-18,78.940002,77.269997,78.919998,74.435295
2023-07-19,79.610001,78.879997,79.309998,74.803123
2023-07-20,80.139999,78.339996,80.070000,75.519943
2023-07-21,80.529999,79.459999,79.510002,74.991776
2023-07-24,80.360001,78.230003,78.449997,73.992012
2023-07-25,79.379997,78.449997,79.059998,74.567322
2023-07-26,79.879997,77.279999,78.400002,73.944839
2023-07-27,79.500000,78.120003,78.230003,73.784523
2023-07-28,78.820000,76.830002,77.239998,72.850746
2023-07-31,78.300003,77.489998,78.010002,73.576996
2023-08-01,79.089996,77.410004,78.870003,74.388130
2023-08-02,80.019997,78.019997,78.459999,74.001427
2023-08-03,79.709999,77.709999,79.320000,74.812553
2023-08-04,79.459999,77.660004,77.779999,73.360054
2023-08-07,78.559998,77.830002,78.290001,73.841103
2023-08-08,78.120003,77.269997,77.889999,73.463821
2023-08-09,77.820000,76.800003,76.910004,72.539513
2023-08-10,77.769997,76.589996,76.839996,72.473488
2023-08-11,77.370003,76.500000,76.760002,72.398041
2023-08-14,76.910004,76.050003,76.449997,72.105659
2023-08-15,77.169998,76.120003,76.290001,71.954742
2023-08-16,76.570000,75.279999,75.410004,71.124741
2023-08-17,75.949997,74.970001,75.029999,70.766342
2023-08-18,75.980003,74.379997,75.309998,71.030434
2023-08-21,76.629997,75.529999,76.459999,72.115089
2023-08-22,77.110001,76.029999,76.510002,72.162254
2023-08-23,77.220001,75.930000,76.529999,72.181114
2023-08-24,77.339996,74.540001,75.529999,71.237923
2023-08-25,76.570000,74.139999,74.720001,70.473969
2023-08-28,76.139999,75.089996,76.010002,71.690651
2023-08-29,76.820000,75.669998,76.419998,72.077362
2023-08-30,76.550003,75.510002,76.430000,72.086792
2023-08-31,76.900002,76.190002,76.699997,72.341438
2023-09-01,77.970001,77.139999,77.599998,73.190277
2023-09-05,79.940002,78.559998,79.489998,74.972900
2023-09-06,79.959999,78.870003,79.919998,75.378471
2023-09-07,79.190002,78.129997,78.860001,74.378708
2023-09-08,79.559998,78.809998,79.089996,74.595642
2023-09-11,79.730003,77.830002,78.529999,74.067451
2023-09-12,79.019997,77.919998,78.320000,73.869400
2023-09-13,78.489998,77.629997,77.970001,73.539276
2023-09-14,78.660004,77.889999,78.550003,74.086334
2023-09-15,78.580002,77.419998,77.720001,73.303474
2023-09-18,76.550003,75.459999,76.169998,71.841560
2023-09-19,76.709999,75.779999,76.040001,71.718941
2023-09-20,77.070000,75.970001,76.080002,71.756676
2023-09-21,76.470001,75.400002,75.900002,71.586899
2023-09-22,76.669998,75.870003,76.019997,71.700073
2023-09-25,76.459999,75.239998,75.510002,71.219070
2023-09-26,75.699997,74.790001,74.849998,70.596573
2023-09-27,75.800003,74.430000,74.949997,70.690887
2023-09-28,76.720001,75.120003,76.250000,71.917023
2023-09-29,76.839996,75.610001,75.879997,71.568031
2023-10-02,76.190002,75.430000,75.800003,71.492592
2023-10-03,76.220001,74.510002,74.860001,70.606010
2023-10-04,75.580002,74.410004,75.330002,71.049309
2023-10-05,75.870003,74.720001,75.519997,71.704430
2023-10-06,75.919998,75.089996,75.470001,71.656960
2023-10-09,76.360001,75.019997,76.029999,72.188675
2023-10-10,76.599998,75.860001,76.000000,72.160172
2023-10-11,77.110001,75.910004,77.050003,73.157150
2023-10-12,77.510002,75.610001,75.930000,72.093727
2023-10-13,76.730003,74.160004,74.959999,71.172729
2023-10-16,76.129997,74.959999,75.949997,72.112717
2023-10-17,76.989998,75.489998,76.919998,73.033707
2023-10-18,76.680000,75.680000,75.769997,71.941795
2023-10-19,76.180000,74.849998,75.040001,71.248680
2023-10-20,75.190002,73.580002,74.290001,70.536568
2023-10-23,74.129997,71.980003,73.269997,69.568115
2023-10-24,74.820000,73.300003,73.839996,70.109314
2023-10-25,73.910004,72.250000,72.480003,68.818024
2023-10-26,72.940002,71.300003,71.430000,67.821091
2023-10-27,72.620003,71.250000,71.809998,68.181870
2023-10-30,72.440002,70.820000,71.180000,67.583710
2023-10-31,72.989998,71.180000,72.779999,69.102867
2023-11-01,73.360001,72.379997,73.349998,69.644058
2023-11-02,75.129997,73.629997,74.730003,70.954346
2023-11-03,76.440002,74.980003,75.900002,72.065231
2023-11-06,75.970001,75.360001,75.820000,71.989265
2023-11-07,76.339996,75.500000,75.599998,71.780396
2023-11-08,75.809998,74.830002,75.769997,71.941795
2023-11-09,76.470001,75.320000,75.820000,71.989265
2023-11-10,77.250000,75.739998,77.139999,73.242584
2023-11-13,77.070000,76.440002,76.739998,72.862793
2023-11-14,78.870003,77.349998,78.699997,74.723778
2023-11-15,79.629997,78.550003,78.919998,74.932663
2023-11-16,78.129997,76.410004,76.790001,72.910278
2023-11-17,77.980003,76.889999,77.519997,73.603386
2023-11-20,78.330002,77.080002,77.940002,74.002159
2023-11-21,77.879997,77.300003,77.430000,73.517937
2023-11-22,78.629997,77.459999,77.989998,74.049644
2023-11-24,78.360001,77.730003,78.339996,74.381950
2023-11-27,78.620003,77.750000,78.089996,74.144577
2023-11-28,78.690002,77.559998,78.110001,74.163582
2023-11-29,91.349998,86.250000,89.540001,85.016090
2023-11-30,91.599998,88.629997,91.389999,86.772591
2023-12-01,91.779999,89.320000,91.279999,86.668175
2023-12-04,90.959999,89.430000,90.309998,85.747177
2023-12-05,90.849998,90.010002,90.580002,86.003548
2023-12-06,91.389999,89.230003,89.400002,84.883156
2023-12-07,90.489998,88.900002,89.080002,84.579330
2023-12-08,90.220001,88.930000,89.389999,84.873657
2023-12-11,90.599998,89.220001,89.750000,85.215469
2023-12-12,90.139999,88.000000,88.199997,83.743790
2023-12-13,89.690002,87.769997,89.540001,85.016090
2023-12-14,90.199997,88.510002,89.209999,84.702751
2023-12-15,89.150002,87.970001,88.919998,84.427406
2023-12-18,89.989998,88.629997,89.699997,85.168007
2023-12-19,90.660004,89.580002,90.629997,86.051003
2023-12-20,90.690002,88.900002,88.930000,84.436913
2023-12-21,89.629997,88.669998,89.550003,85.025581
2023-12-22,89.989998,89.010002,89.400002,84.883156
2023-12-26,89.660004,89.180000,89.379997,84.864166
2023-12-27,89.669998,88.419998,88.599998,84.123589
2023-12-28,88.760002,88.029999,88.209999,83.753273
2023-12-29,88.540001,87.529999,88.160004,83.705818
2024-01-02,87.309998,86.070000,86.209999,81.854324
2024-01-03,86.989998,85.910004,86.309998,81.949272
2024-01-04,86.599998,85.690002,86.059998,82.188019
2024-01-05,86.500000,85.019997,85.070000,81.242584
2024-01-08,86.019997,83.620003,85.980003,82.111626
2024-01-09,86.320000,85.059998,86.070000,82.197578
2024-01-10,86.930000,86.010002,86.660004,82.761055
2024-01-11,87.419998,85.820000,86.949997,83.037987
2024-01-12,87.550003,86.339996,86.669998,82.770576
2024-01-16,86.220001,84.809998,85.959999,82.092529
2024-01-17,85.760002,84.570000,85.430000,81.586372
2024-01-18,86.500000,85.040001,86.459999,82.570030
2024-01-19,88.070000,86.410004,87.809998,83.859283
2024-01-22,88.940002,88.160004,88.620003,84.632858
2024-01-23,88.910004,87.989998,88.160004,84.193558
2024-01-24,89.489998,88.349998,88.690002,84.699707
2024-01-25,89.330002,88.809998,89.239998,85.224960
2024-01-26,89.269997,87.639999,88.059998,84.098045
2024-01-29,88.510002,87.559998,88.489998,84.508690
2024-01-30,89.750000,88.680000,88.949997,84.948013
2024-01-31,88.650002,87.110001,87.199997,83.276741
2024-02-01,87.669998,86.470001,87.449997,83.515495
2024-02-02,88.379997,86.930000,87.839996,83.887955
2024-02-05,87.680000,86.410004,87.199997,83.276741
2024-02-06,87.889999,86.769997,87.599998,83.658752
2024-02-07,87.980003,86.790001,87.230003,83.305389
2024-02-08,89.489998,87.199997,88.919998,84.919357
2024-02-09,90.339996,88.779999,89.849998,85.807495
2024-02-12,90.949997,89.830002,90.660004,86.581070
2024-02-13,89.099998,86.570000,87.239998,83.314934
2024-02-14,88.260002,87.370003,87.760002,83.811546
2024-02-15,88.580002,86.449997,87.269997,83.343590
2024-02-16,87.510002,85.639999,85.709999,81.853775
2024-02-20,85.930000,84.809998,85.459999,81.615021
2024-02-21,85.050003,83.800003,84.599998,80.793716
2024-02-22,86.589996,85.279999,86.029999,82.159386
2024-02-23,87.580002,85.959999,87.400002,83.467743
2024-02-26,88.120003,87.040001,87.430000,83.496384
2024-02-27,87.940002,86.980003,87.169998,83.248085
2024-02-28,88.379997,86.430000,88.029999,84.069397
2024-02-29,89.660004,88.489998,89.120003,85.110367
2024-03-01,112.480003,104.930000,105.309998,100.571953
2024-03-04,107.510002,102.959999,103.330002,98.681030
2024-03-05,103.699997,101.559998,102.680000,98.060280
2024-03-06,106.370003,102.370003,104.800003,100.084892
2024-03-07,105.790001,103.639999,104.250000,99.559654
2024-03-08,105.800003,103.250000,103.260002,98.614182
2024-03-11,103.360001,101.870003,102.769997,98.146217
2024-03-12,103.959999,101.919998,102.529999,97.917023
2024-03-13,103.199997,101.510002,103.190002,98.547340
2024-03-14,103.209999,101.550003,102.129997,97.535027
2024-03-15,102.419998,101.070000,102.349998,97.745125
2024-03-18,103.059998,101.760002,101.800003,97.219872
2024-03-19,103.410004,100.660004,103.309998,98.661926
2024-03-20,104.449997,102.930000,104.440002,99.741089
2024-03-21,105.540001,104.370003,105.070000,100.342743
2024-03-22,105.279999,104.260002,104.730003,100.018044
2024-03-25,105.580002,104.099998,104.919998,100.199493
2024-03-26,105.779999,104.639999,104.720001,100.008499
2024-03-27,105.550003,104.300003,105.220001,100.486000
2024-03-28,105.769997,104.800003,104.970001,100.247246
2024-04-01,105.489998,104.510002,105.040001,100.314095
2024-04-02,104.750000,103.580002,104.720001,100.008499
2024-04-03,106.889999,104.260002,106.480003,101.689316
2024-04-04,108.820000,104.449997,104.800003,100.557083
2024-04-05,105.459999,104.169998,105.050003,100.796967
2024-04-08,106.070000,104.860001,105.820000,101.535782
2024-04-09,106.900002,103.500000,104.150002,99.933403
2024-04-10,103.419998,102.070000,102.599998,98.446152
2024-04-11,104.959999,102.769997,104.860001,100.614655
2024-04-12,103.989998,101.660004,101.809998,97.688141
2024-04-15,103.620003,101.849998,102.370003,98.225456
2024-04-16,102.790001,101.300003,102.540001,98.388580
2024-04-17,103.330002,100.540001,100.910004,96.824577
2024-04-18,101.889999,99.730003,100.139999,96.085747
2024-04-19,100.739998,97.750000,97.949997,93.984398
2024-04-22,98.760002,97.309998,97.910004,93.946030
2024-04-23,99.849998,97.889999,99.419998,95.394905
2024-04-24,101.330002,99.290001,100.059998,96.008980
2024-04-25,101.480003,98.849998,100.940002,96.853363
2024-04-26,102.050003,100.239998,101.330002,97.227554
2024-04-29,102.750000,101.449997,102.480003,98.331017
2024-04-30,103.230003,101.820000,102.209999,98.071938
2024-05-01,102.629997,100.879997,100.989998,96.901329
2024-05-02,102.400002,100.239998,102.120003,97.985573
2024-05-03,104.730003,103.040001,104.639999,100.403557
2024-05-06,108.099998,105.139999,107.949997,103.579544
2024-05-07,108.809998,106.849998,107.360001,103.013435
2024-05-08,109.519997,106.839996,109.480003,105.047623
2024-05-09,109.730003,107.199997,108.180000,103.800240
2024-05-10,109.110001,107.720001,108.500000,104.107292
2024-05-13,109.290001,107.889999,108.150002,103.771454
2024-05-14,109.470001,108.059998,109.040001,104.625427
2024-05-15,110.900002,109.220001,110.620003,106.141457
2024-05-16,110.809998,109.699997,109.750000,105.306671
2024-05-17,110.820000,109.870003,110.470001,105.997536
2024-05-20,112.480003,110.349998,112.279999,107.734238
2024-05-21,113.120003,111.500000,112.949997,108.377121
2024-05-22,114.220001,113.099998,114.110001,109.490150
2024-05-23,115.949997,113.830002,114.040001,109.422997
2024-05-24,116.010002,114.410004,115.669998,110.987007
2024-05-28,118.360001,115.720001,118.010002,113.232262
2024-05-29,118.059998,116.379997,117.500000,112.742905
2024-05-30,118.680000,116.320000,116.500000,111.783386
2024-05-31,121.480003,116.510002,120.430000,115.554283
2024-06-03,119.160004,115.019997,118.959999,114.143806
2024-06-04,119.720001,117.919998,119.000000,114.182190
2024-06-05,122.300003,119.639999,122.260002,117.310196
2024-06-06,122.220001,120.410004,121.470001,116.552185
2024-06-07,121.529999,120.010002,120.980003,116.082024
2024-06-10,122.910004,120.279999,122.910004,117.933884
2024-06-11,125.779999,122.349998,125.470001,120.390244
2024-06-12,127.970001,125.239998,125.730003,120.639717
2024-06-13,127.629997,125.279999,127.300003,122.146156
2024-06-14,127.160004,125.809998,126.169998,121.061905
2024-06-17,127.300003,123.570000,126.040001,120.937157
2024-06-18,129.649994,126.169998,128.710007,123.499062
2024-06-20,130.869995,126.599998,127.470001,122.309258
2024-06-21,128.509995,125.669998,127.639999,122.472366
2024-06-24,128.339996,126.370003,126.379997,121.263397
2024-06-25,128.070007,126.360001,127.730003,122.558739
2024-06-26,128.509995,126.430000,128.429993,123.230400
2024-06-27,129.360001,128.080002,129.029999,123.806114
2024-06-28,130.179993,128.309998,128.800003,123.585419
2024-07-01,131.020004,128.600006,130.240005,124.967117
2024-07-02,130.649994,128.740005,129.880005,124.621712
2024-07-03,130.570007,128.720001,130.259995,124.986305
2024-07-05,130.050003,128.119995,129.089996,124.360123
2024-07-08,131.050003,129.250000,130.119995,125.352371
2024-07-09,132.940002,129.789993,132.089996,127.250206
2024-07-10,135.009995,132.880005,134.619995,129.687515
2024-07-11,134.970001,131.440002,131.460007,126.643295
2024-07-12,132.039993,130.039993,130.169998,125.400574
2024-07-15,131.399994,129.669998,130.380005,125.602890
2024-07-16,131.639999,128.800003,131.589996,126.768524
2024-07-17,129.779999,126.800003,127.419998,122.751305
2024-07-18,128.559998,125.089996,126.089996,121.470055
2024-07-19,126.910004,125.800003,126.220001,121.595284
2024-07-22,128.889999,127.160004,128.339996,123.637596
2024-07-23,129.339996,127.760002,129.199997,124.466110
2024-07-24,129.039993,125.470001,125.699997,121.094330
2024-07-25,127.470001,123.519997,125.559998,120.959465
2024-07-26,126.900002,125.209999,126.150002,121.527847
2024-07-29,126.940002,124.559998,124.989998,120.410355
2024-07-30,126.500000,121.809998,122.570000,118.079010
2024-07-31,127.209999,123.720001,126.980003,122.327438
2024-08-01,128.119995,121.370003,122.510002,118.021217
2024-08-02,120.580002,117.610001,119.050003,114.688004
2024-08-05,116.029999,113.180000,115.610001,111.374031
2024-08-06,118.860001,115.809998,117.080002,112.790184
2024-08-07,119.879997,115.919998,116.230003,111.971321
2024-08-08,119.379997,116.230003,119.220001,114.851768
2024-08-09,122.809998,118.010002,122.489998,118.001945
2024-08-12,124.029999,122.389999,122.930000,118.425827
2024-08-13,126.540001,123.730003,125.870003,121.258118
2024-08-14,127.739998,126.180000,127.110001,122.452675
2024-08-15,131.580002,128.789993,131.429993,126.614365
2024-08-16,131.440002,129.380005,130.500000,125.718460
2024-08-19,131.949997,129.589996,131.699997,126.874504
2024-08-20,132.100006,131.110001,131.389999,126.575859
2024-08-21,133.860001,131.600006,133.410004,128.521851
2024-08-22,134.369995,131.240005,131.630005,126.807083
2024-08-23,133.550003,132.240005,133.119995,128.242447
2024-08-26,133.750000,131.750000,132.500000,127.645210
2024-08-27,133.300003,130.820007,133.119995,128.242447
2024-08-28,133.649994,130.990005,131.910004,127.076805
2024-08-29,126.110001,119.150002,119.199997,114.832497
2024-08-30,121.110001,118.290001,120.720001,116.296806
2024-09-03,122.739998,118.029999,118.949997,114.591652
2024-09-04,119.250000,116.690002,119.080002,114.716904
2024-09-05,118.529999,115.949997,116.820000,112.539696
2024-09-06,117.570000,113.680000,114.180000,109.996429
2024-09-09,116.230003,114.099998,114.599998,110.401031
2024-09-10,115.300003,113.529999,114.970001,110.757484
2024-09-11,115.849998,112.870003,115.650002,111.412575
2024-09-12,117.279999,114.980003,116.459999,112.192894
2024-09-13,118.120003,116.129997,117.320000,113.021378
2024-09-16,118.070000,116.010002,117.860001,113.541603
2024-09-17,120.320000,118.290001,119.040001,114.678368
2024-09-18,121.269997,118.959999,119.349998,114.976997
2024-09-19,122.010002,119.900002,120.080002,115.680260
2024-09-20,122.269997,119.660004,122.220001,117.741837
2024-09-23,123.160004,121.779999,122.919998,118.416199
2024-09-24,123.739998,121.639999,122.949997,118.445091
2024-09-25,123.400002,121.150002,121.680000,117.221634
2024-09-26,125.040001,123.129997,124.449997,119.890129
2024-09-27,124.690002,121.099998,121.239998,116.797745
2024-09-30,123.680000,121.120003,123.510002,118.984581
2024-10-01,123.730003,120.919998,121.309998,116.865189
2024-10-02,124.180000,121.260002,123.019997,118.512527
2024-10-03,123.449997,121.919998,122.709999,118.213898
2024-10-04,123.910004,122.099998,123.389999,119.374847
2024-10-07,124.739998,122.349998,123.879997,119.848900
2024-10-08,126.660004,124.230003,126.550003,122.432030
2024-10-09,127.500000,125.400002,127.269997,123.128578
2024-10-10,126.949997,124.589996,124.980003,120.913109
2024-10-11,127.360001,125.000000,126.930000,122.799652
2024-10-14,127.800003,126.660004,126.860001,122.731926
2024-10-15,128.250000,125.239998,125.379997,121.300095
2024-10-16,126.519997,125.430000,125.879997,121.783806
2024-10-17,127.750000,126.400002,126.690002,122.567459
2024-10-18,127.370003,125.120003,126.529999,122.412666
2024-10-21,126.980003,124.860001,125.320000,121.242043
2024-10-22,124.120003,118.419998,119.750000,115.853294
2024-10-23,121.199997,118.629997,119.010002,115.137375
2024-10-24,120.080002,118.230003,119.839996,115.940353
2024-10-25,120.699997,119.339996,119.410004,115.524361
2024-10-28,120.820000,119.209999,120.410004,116.491806
2024-10-29,122.330002,120.070000,121.239998,117.294800
2024-10-30,120.620003,117.389999,118.760002,114.895515
2024-10-31,118.209999,115.199997,115.309998,111.557777
2024-11-01,117.660004,115.559998,116.099998,112.322067
2024-11-04,116.669998,115.250000,115.449997,111.693222
2024-11-05,116.860001,115.459999,116.400002,112.612297
2024-11-06,121.500000,118.830002,121.129997,117.188393
2024-11-07,123.059998,120.529999,122.830002,118.833069
2024-11-08,125.019997,123.000000,124.010002,119.974670
2024-11-11,124.290001,121.620003,121.930000,117.962349
2024-11-12,122.550003,120.379997,120.919998,116.985222
2024-11-13,122.029999,119.510002,119.680000,115.785568
2024-11-14,119.110001,116.070000,118.070000,114.227966
2024-11-15,118.239998,116.680000,117.209999,113.395935
2024-11-18,119.860001,117.089996,119.339996,115.456612
2024-11-19,122.290001,118.699997,122.199997,118.223564
2024-11-20,123.519997,121.269997,123.449997,119.432884
2024-11-21,128.039993,123.559998,126.680000,122.557793
2024-11-22,135.449997,120.610001,122.339996,118.359016
2024-11-25,126.300003,123.199997,126.180000,122.074059
2024-11-26,129.960007,126.349998,129.600006,125.382774
2024-11-27,129.080002,122.120003,122.430000,118.446083
2024-11-29,124.199997,122.580002,122.639999,118.649239
2024-12-02,123.980003,121.910004,123.290001,119.278099
2024-12-03,124.860001,122.089996,124.669998,120.613190
2024-12-04,129.750000,125.000000,129.050003,124.850670
2024-12-05,130.240005,128.509995,128.789993,124.599121
2024-12-06,131.300003,128.779999,131.110001,126.843651
2024-12-09,131.000000,127.449997,127.599998,123.447853
2024-12-10,128.529999,120.620003,121.220001,117.275459
2024-12-11,124.959999,121.320000,122.660004,118.668602
2024-12-12,124.290001,121.809998,123.510002,119.490936
2024-12-13,124.330002,121.519997,121.949997,117.981705
2024-12-16,127.199997,122.680000,126.099998,121.996658
2024-12-17,125.360001,121.820000,122.489998,118.504120
2024-12-18,123.550003,117.940002,118.339996,114.489166
2024-12-19,119.489998,116.230003,116.580002,112.786446
2024-12-20,119.820000,115.099998,118.449997,114.595596
2024-12-23,118.699997,117.040001,118.080002,114.237625
2024-12-24,118.860001,117.550003,118.839996,114.972900
2024-12-26,119.250000,117.440002,118.349998,114.498840
2024-12-27,117.750000,115.629997,116.959999,113.154083
2024-12-30,116.830002,114.529999,116.489998,112.699371
2024-12-31,117.570000,114.660004,116.080002,112.302719
2025-01-02,117.330002,114.800003,115.919998,112.147919
2025-01-03,117.080002,115.779999,116.940002,113.644524
2025-01-06,119.510002,117.169998,118.000000,114.674637
2025-01-07,119.300003,116.519997,117.180000,113.877754
2025-01-08,118.129997,115.620003,118.089996,114.762108
2025-01-10,117.570000,115.620003,116.279999,113.003113
2025-01-13,115.080002,112.860001,114.919998,111.681442
2025-01-14,117.949997,115.540001,116.690002,113.401566
2025-01-15,119.730003,118.360001,119.360001,115.996323
2025-01-16,121.559998,119.500000,119.980003,116.598862
2025-01-17,122.750000,120.250000,122.089996,118.649384
2025-01-21,124.300003,122.400002,123.669998,120.184860
2025-01-22,127.190002,124.320000,126.050003,122.497795
2025-01-23,126.300003,124.099998,126.300003,122.740753
2025-01-24,126.620003,124.949997,126.000000,122.449203
2025-01-27,122.059998,118.129997,119.930000,116.550262
2025-01-28,120.690002,117.750000,119.529999,116.161530
2025-01-29,121.209999,119.550003,120.279999,116.890396
2025-01-30,124.070000,121.730003,122.440002,118.989532
2025-01-31,124.610001,121.730003,122.099998,118.659103
2025-02-03,120.769997,117.650002,119.720001,116.346184
2025-02-04,121.730003,119.059998,121.419998,117.998268
2025-02-05,123.889999,121.000000,123.720001,120.233459
2025-02-06,124.739998,123.050003,124.040001,120.544441
2025-02-07,126.260002,122.830002,122.910004,119.446281
2025-02-10,123.089996,116.779999,123.019997,119.553177
2025-02-11,121.300003,119.099998,119.559998,116.190689
2025-02-12,118.860001,116.940002,117.900002,114.577461
2025-02-13,119.750000,116.949997,117.730003,114.412254
2025-02-14,119.169998,117.769997,119.059998,115.704765
2025-02-18,120.739998,118.220001,120.519997,117.123634
2025-02-19,124.720001,120.580002,124.529999,121.020630
2025-02-20,125.489998,121.870003,124.550003,121.040062
2025-02-21,126.959999,123.370003,124.470001,120.962318
2025-02-24,125.349998,121.169998,123.500000,120.019661
2025-02-25,124.129997,121.370003,122.620003,119.164459
2025-02-26,127.779999,123.360001,124.489998,120.981750
2025-02-27,124.709999,117.839996,118.220001,114.888458
2025-02-28,105.260002,97.510002,99.809998,96.997261
2025-03-03,100.680000,95.190002,95.730003,93.032242
2025-03-04,95.680000,92.589996,93.559998,90.923393
2025-03-05,96.070000,92.989998,94.870003,92.196480
2025-03-06,94.089996,91.190002,91.860001,89.271294
2025-03-07,94.379997,91.160004,93.769997,91.127487
2025-03-10,93.029999,90.120003,92.050003,89.455956
2025-03-11,92.970001,90.080002,90.919998,88.357780
2025-03-12,93.150002,90.330002,91.489998,88.911728
2025-03-13,91.919998,89.879997,90.059998,87.522026
2025-03-14,92.900002,90.900002,91.980003,89.387917
2025-03-17,94.320000,91.699997,93.279999,90.651276
2025-03-18,93.570000,91.910004,92.260002,89.660027
2025-03-19,94.720001,92.339996,93.529999,90.894234
2025-03-20,94.110001,92.029999,92.099998,89.504532
2025-03-21,92.970001,90.790001,92.250000,89.650307
2025-03-24,95.250000,93.000000,95.120003,92.439430
2025-03-25,96.099998,93.870003,94.389999,91.730003
2025-03-26,94.790001,92.699997,92.750000,90.136215
2025-03-27,91.860001,90.779999,91.089996,88.522995
2025-03-28,90.830002,88.139999,88.400002,85.908806
2025-03-31,88.639999,86.400002,87.839996,85.364594
2025-04-01,89.669998,88.000000,89.489998,86.968086
2025-04-02,91.220001,88.040001,90.489998,87.939896
2025-04-03,86.889999,81.559998,81.610001,79.310150
2025-04-04,78.820000,74.830002,76.099998,74.429680
2025-04-07,79.599998,71.839996,77.070000,75.378395
2025-04-08,81.070000,74.800003,76.139999,74.468803
2025-04-09,87.459999,75.300003,86.099998,84.210190
2025-04-10,83.739998,79.809998,82.279999,80.474030
2025-04-11,83.650002,80.690002,82.639999,80.826134
2025-04-14,85.129997,81.910004,83.279999,81.452080
2025-04-15,83.970001,81.760002,82.180000,80.376236
2025-04-16,82.209999,80.220001,81.349998,79.564453
2025-04-17,83.330002,81.660004,82.610001,80.796799
2025-04-21,82.199997,80.639999,81.680000,79.887207
2025-04-22,83.019997,81.730003,82.449997,80.640297
2025-04-23,87.570000,84.480003,84.879997,83.016968
2025-04-24,88.339996,85.120003,88.169998,86.234749
2025-04-25,88.500000,86.919998,88.449997,86.508606
2025-04-28,89.099998,87.190002,88.000000,86.068489
2025-04-29,88.680000,87.199997,87.860001,85.931557
2025-04-30,89.949997,86.699997,89.750000,87.780075
2025-05-01,90.750000,89.150002,89.730003,87.760521
2025-05-02,92.550003,90.860001,92.330002,90.303452
2025-05-05,93.660004,91.379997,93.089996,91.046768
2025-05-06,93.529999,91.150002,92.260002,90.234985
2025-05-07,93.089996,91.610001,93.019997,90.978302
2025-05-08,95.349998,92.910004,94.440002,92.367134
2025-05-09,95.209999,93.230003,93.449997,91.398872
2025-05-12,98.540001,97.139999,98.430000,96.269562
2025-05-13,99.800003,98.110001,99.529999,97.345406
2025-05-14,100.440002,99.000000,99.650002,97.462784
2025-05-15,99.839996,98.279999,99.820000,97.629051
2025-05-16,100.959999,99.370003,100.529999,98.323456
2025-05-19,101.949997,99.180000,101.529999,99.301514
2025-05-20,101.699997,100.110001,101.059998,98.841827
2025-05-21,102.169998,99.190002,99.570000,97.384544
2025-05-22,100.519997,98.879997,99.779999,97.589928
2025-05-23,98.500000,96.889999,98.000000,95.848999
2025-05-27,100.480003,99.120003,100.370003,98.166977
2025-05-28,101.129997,99.540001,99.669998,97.482346
2025-05-29,100.220001,98.199997,99.209999,97.032440
2025-05-30,100.989998,94.110001,99.160004,96.983543
2025-06-02,99.110001,96.129997,98.769997,96.602097
2025-06-03,103.720001,98.480003,103.660004,101.384773
2025-06-04,105.010002,103.540001,103.760002,101.482574
2025-06-05,105.000000,103.269997,104.599998,102.304138
2025-06-06,106.980003,104.839996,106.250000,103.917931
2025-06-09,107.089996,102.860001,103.059998,100.797943
2025-06-10,103.589996,102.000000,102.510002,100.260017
2025-06-11,102.989998,101.190002,102.629997,100.377373
2025-06-12,103.699997,101.919998,102.940002,100.680573
2025-06-13,102.010002,99.900002,100.489998,98.284332
2025-06-16,104.279999,101.169998,104.199997,101.912918
2025-06-17,104.639999,102.449997,103.199997,100.934860
2025-06-18,104.239998,102.410004,102.750000,100.494743
2025-06-20,103.930000,101.839996,102.690002,100.436058
2025-06-23,104.360001,101.730003,104.269997,101.981377
2025-06-24,106.220001,103.910004,106.129997,103.800545
2025-06-25,107.000000,105.050003,105.180000,102.871407
2025-06-26,105.750000,103.540001,104.750000,102.450851
2025-06-27,106.459999,103.470001,105.720001,103.399559
2025-06-30,106.970001,105.440002,106.550003,104.211334
2025-07-01,108.099998,105.620003,106.690002,104.348259
2025-07-02,107.680000,104.849998,107.610001,105.248062
2025-07-03,108.250000,106.849998,107.260002,105.415146
2025-07-07,107.910004,105.199997,105.500000,103.685417
2025-07-08,107.160004,105.260002,106.660004,104.825462
2025-07-09,107.070000,105.599998,106.669998,104.835289
2025-07-10,106.889999,105.709999,106.419998,104.589592
2025-07-11,105.970001,104.570000,105.269997,103.459366
2025-07-14,105.389999,102.720001,104.669998,102.869690
2025-07-15,105.830002,103.430000,103.470001,101.690338
2025-07-16,104.480003,102.379997,104.160004,102.368477
2025-07-17,107.260002,104.040001,107.250000,105.405319
2025-07-18,110.320000,107.760002,108.370003,106.506050
2025-07-21,109.059998,106.919998,107.459999,105.611702
2025-07-22,107.970001,104.919998,104.949997,103.144867
2025-07-23,106.500000,105.320000,105.879997,104.058884
2025-07-24,106.349998,104.599998,104.660004,102.859871
2025-07-25,105.339996,104.370003,104.940002,103.135056
2025-07-28,107.129997,105.360001,106.910004,105.071175
2025-07-29,107.919998,105.389999,106.089996,104.265266
2025-07-30,106.500000,104.180000,104.699997,102.899170
2025-07-31,105.919998,103.900002,104.129997,102.338974
2025-08-01,102.839996,100.559998,101.099998,99.361099
2025-08-04,103.320000,101.230003,103.230003,101.454460
2025-08-05,104.029999,101.800003,102.010002,100.255447
2025-08-06,104.260002,102.129997,103.330002,101.552742
2025-08-07,104.610001,102.360001,103.849998,102.063797
2025-08-08,106.489998,103.900002,106.209999,104.383202
2025-08-11,107.279999,105.330002,105.879997,104.058884
2025-08-12,108.050003,106.290001,107.779999,105.926201
2025-08-13,109.510002,107.370003,109.400002,107.518341
2025-08-14,109.849998,108.040001,109.559998,107.675583
2025-08-15,110.010002,108.070000,108.790001,106.918823
2025-08-18,109.389999,108.339996,108.900002,107.026939
2025-08-19,110.099998,108.690002,109.160004,107.282463
2025-08-20,109.230003,105.860001,108.419998,106.555191
2025-08-21,108.650002,107.260002,107.779999,105.926201
2025-08-22,110.860001,107.559998,110.519997,108.619072
2025-08-25,111.540001,109.940002,111.010002,109.100639
2025-08-26,111.260002,109.389999,109.410004,107.528168
2025-08-27,112.459999,109.300003,112.129997,110.201378
2025-08-28,117.419998,108.610001,117.220001,115.203835
2025-08-29,118.239998,112.190002,112.790001,110.850029
2025-09-02,115.599998,110.209999,115.370003,113.385658
2025-09-03,116.589996,115.389999,116.470001,114.466728
2025-09-04,118.989998,115.199997,118.830002,116.786148
2025-09-05,120.459999,117.540001,118.750000,116.707512
2025-09-08,121.330002,118.379997,121.169998,119.085892
2025-09-09,123.250000,120.730003,123.120003,121.002357
2025-09-10,124.620003,122.739998,123.529999,121.405304
2025-09-11,125.629997,122.580002,125.089996,122.938477
2025-09-12,125.260002,123.750000,124.000000,121.867218
2025-09-15,125.820000,123.419998,124.160004,122.024475
2025-09-16,124.559998,122.669998,123.370003,121.248062
2025-09-17,124.760002,122.209999,123.919998,121.788582
2025-09-18,126.540001,123.879997,126.360001,124.186623
2025-09-19,126.660004,124.349998,125.160004,123.007271
2025-09-22,125.209999,123.750000,124.610001,122.466721
2025-09-23,124.779999,122.919998,123.440002,121.316856
2025-09-24,123.589996,122.320000,123.250000,121.130127
2025-09-25,122.000000,119.620003,120.779999,118.702606
2025-09-26,120.949997,119.339996,119.879997,117.818085
2025-09-29,121.150002,118.150002,118.570000,116.530617
2025-09-30,119.389999,116.529999,118.459999,116.422508
2025-10-01,119.180000,117.080002,118.500000,116.461815
2025-10-02,120.660004,118.070000,120.070000,118.004822
2025-10-03,121.370003,118.650002,118.720001,117.185547
2025-10-06,120.540001,117.570000,120.419998,118.863571
2025-10-07,122.320000,117.349998,117.989998,116.464981
2025-10-08,121.959999,118.010002,121.820000,120.245476
2025-10-09,121.500000,118.750000,120.309998,118.754997
2025-10-10,119.000000,112.629997,113.940002,112.467323
2025-10-13,119.389999,115.400002,118.860001,117.323738
2025-10-14,121.730003,116.360001,120.550003,118.991898
2025-10-15,123.660004,120.720001,121.470001,119.900002
2025-10-16,123.000000,118.660004,119.400002,117.856758
2025-10-17,119.989998,118.250000,119.070000,117.531021
2025-10-20,120.370003,117.059998,117.239998,115.724663
2025-10-21,119.650002,116.660004,119.080002,117.540886
2025-10-22,119.580002,115.629997,116.760002,115.250877
2025-10-23,119.059998,117.139999,117.790001,116.267563
2025-10-24,119.260002,116.419998,116.639999,115.132423
2025-10-27,118.250000,116.129997,117.190002,115.675316
2025-10-28,117.160004,114.110001,115.910004,114.411865
2025-10-29,116.250000,113.790001,114.120003,112.644997
2025-10-30,116.290001,113.669998,115.570000,114.076263
2025-10-31,118.559998,115.980003,117.779999,116.257690
2025-11-03,118.290001,116.790001,116.940002,115.428543
2025-11-04,115.559998,113.010002,113.339996,111.875076
2025-11-05,116.320000,113.690002,115.690002,114.194710
2025-11-06,116.070000,113.610001,113.769997,112.299522
2025-11-07,113.550003,110.839996,112.970001,111.509857
2025-11-10,114.739998,110.620003,112.500000,111.045937
2025-11-11,112.120003,109.570000,110.419998,108.992813
2025-11-12,112.800003,110.919998,111.570000,110.127953
2025-11-13,111.779999,109.360001,109.599998,108.183418
2025-11-14,111.239998,107.349998,109.440002,108.025490
2025-11-17,109.339996,106.129997,106.800003,105.419609
2025-11-18,107.739998,106.070000,106.400002,105.024780
2025-11-19,107.260002,106.040001,106.269997,104.896454
2025-11-20,109.089996,102.589996,103.239998,101.905617
2025-11-21,108.320000,103.489998,107.300003,105.913147
2025-11-24,110.660004,107.550003,108.959999,107.551689
2025-11-25,112.570000,107.989998,111.480003,110.039124
2025-11-26,116.519997,106.519997,109.250000,107.837944
2025-11-28,111.910004,109.330002,111.559998,110.118080
2025-12-01,112.559998,109.580002,112.269997,110.818909
2025-12-02,116.540001,112.669998,115.830002,114.332901
2025-12-03,116.339996,113.730003,114.660004,113.178017
2025-12-04,116.540001,114.279999,115.989998,114.490829
2025-12-05,117.750000,115.690002,117.269997,115.754280
2025-12-08,117.750000,116.470001,117.529999,116.010925
2025-12-09,117.930000,115.800003,117.300003,115.783897
2025-12-10,119.620003,117.129997,119.389999,117.846886
2025-12-11,119.680000,116.610001,119.110001,117.570503
2025-12-12,119.720001,114.970001,115.660004,114.165092
2025-12-15,116.769997,113.699997,114.110001,112.635124
2025-12-16,114.589996,112.570000,113.089996,111.628304
2025-12-17,114.730003,110.419998,110.959999,109.525841
2025-12-18,112.699997,107.629997,110.500000,109.071785
2025-12-19,112.790001,110.739998,111.900002,110.453697
2025-12-22,113.120003,110.660004,110.900002,109.466621
2025-12-23,111.550003,109.650002,109.839996,108.420311
2025-12-24,110.480003,109.379997,110.059998,108.637474
2025-12-26,110.639999,109.639999,110.510002,109.081657
2025-12-29,110.610001,109.309998,109.400002,107.986008
2025-12-30,109.379997,108.330002,108.419998,107.018661
2025-12-31,108.470001,107.010002,107.089996,105.705864
2026-01-02,107.959999,105.239998,106.470001,105.606674
2026-01-05,107.669998,104.650002,105.080002,104.227943
2026-01-06,107.059998,104.169998,106.620003,105.755463
2026-01-07,107.050003,103.349998,104.309998,103.464188
2026-01-08,107.220001,103.730003,105.550003,104.694138
2026-01-09,106.089996,104.160004,105.389999,104.535431
2026-01-12,107.449997,104.559998,107.029999,106.162132
2026-01-13,110.419998,107.059998,107.279999,106.410110
2026-01-14,109.250000,106.779999,107.669998,106.796944
2026-01-15,109.989998,108.290001,108.400002,107.521027
2026-01-16,109.349998,103.419998,103.839996,102.998001
2026-01-20,99.519997,93.690002,94.110001,93.346901
2026-01-21,97.739998,94.849998,97.089996,96.302727
2026-01-22,99.580002,97.000000,99.250000,98.445213
2026-01-23,99.150002,96.459999,97.419998,96.630058
2026-01-26,99.440002,97.330002,98.809998,98.008781
2026-01-27,100.150002,97.160004,99.889999,99.080032
2026-01-28,100.580002,98.889999,99.330002,98.524574
2026-01-29,99.769997,97.570000,98.330002,97.532684
2026-01-30,98.320000,95.930000,96.349998,95.568726
2026-02-02,98.250000,95.519997,97.459999,96.669731
2026-02-03,97.330002,94.459999,95.489998,94.715706
2026-02-04,101.000000,95.010002,100.529999,99.714836
2026-02-05,99.910004,98.139999,99.589996,98.782455
2026-02-06,103.580002,100.750000,103.339996,102.502052
2026-02-09,104.690002,101.750000,103.680000,102.839294
2026-02-10,106.150002,102.940002,105.639999,104.783401
2026-02-11,107.050003,104.080002,105.900002,105.041298
2026-02-12,103.650002,97.279999,98.220001,97.423569
2026-02-13,103.209999,98.629997,102.419998,101.589516
2026-02-17,102.800003,100.180000,101.070000,100.250465
2026-02-18,102.070000,98.650002,101.320000,100.498436
2026-02-19,102.300003,100.540001,101.599998,100.776161
2026-02-20,104.750000,101.260002,102.480003,101.649033
2026-02-23,102.260002,99.339996,100.529999,99.714836
2026-02-24,103.169998,99.800003,99.870003,99.060196
2026-02-25,102.440002,99.830002,101.879997,101.053894
2026-02-26,103.239998,99.000000,99.139999,98.336113
2026-02-27,99.610001,96.010002,99.029999,98.226997
2026-03-02,101.419998,96.209999,100.150002,99.337921
2026-03-03,99.459999,95.910004,98.790001,97.988953
2026-03-04,101.050003,98.290001,99.550003,98.742790
2026-03-05,102.989998,98.680000,102.110001,101.282028
2026-03-06,101.269997,98.959999,101.059998,100.240540
2026-03-09,100.730003,97.680000,100.610001,99.794189
2026-03-10,101.180000,96.730003,96.910004,96.124191
2026-03-11,98.529999,96.730003,97.580002,96.788765
2026-03-12,99.669998,96.790001,96.930000,96.144028
2026-03-13,99.360001,97.349998,98.660004,97.860008
2026-03-16,102.709999,99.760002,102.239998,101.410973
2026-03-17,104.010002,101.870003,101.919998,101.093567
2026-03-18,102.089996,100.589996,100.769997,99.952888
2026-03-19,104.959999,100.410004,103.089996,102.254082
2026-03-20,103.190002,100.150002,101.110001,100.290138
2026-03-23,103.260002,100.510002,101.300003,100.478600
2026-03-24,104.589996,100.099998,104.309998,103.464188
2026-03-25,107.410004,104.260002,105.500000,104.644539
2026-03-26,106.489998,104.320000,104.449997,103.603050
2026-03-27,104.389999,101.529999,102.339996,101.510155
2026-03-30,104.230003,100.459999,101.180000,100.359566
2026-03-31,103.150002,99.599998,102.389999,101.559753
2026-04-01,103.959999,100.849998,102.040001,101.212601
2026-04-02,103.629997,100.239998,103.349998,103.037048
2026-04-06,104.000000,100.820000,100.900002,100.594475
2026-04-07,100.209999,95.760002,97.610001,97.314438
2026-04-08,100.610001,98.339996,99.470001,99.168800
2026-04-09,99.150002,94.889999,95.669998,95.380302
2026-04-10,96.580002,95.169998,95.930000,95.639519
2026-04-13,98.570000,95.059998,98.400002,98.102043
2026-04-14,98.900002,97.309998,98.889999,98.590553
2026-04-15,100.739998,98.370003,100.330002,100.026199
2026-04-16,103.919998,100.110001,103.680000,103.366051
2026-04-17,105.699997,103.000000,104.529999,104.213478
2026-04-20,107.080002,104.720001,106.790001,106.466637
2026-04-21,113.779999,106.820000,111.800003,111.461472
2026-04-22,112.849998,110.010002,111.019997,110.683823
2026-04-23,110.870003,106.639999,108.400002,108.071762
2026-04-24,109.459999,106.300003,108.709999,108.380821
2026-04-27,109.180000,107.620003,108.440002,108.111641
2026-04-28,109.480003,107.239998,108.279999,107.952126
2026-04-29,109.720001,107.250000,108.650002,108.321007
2026-04-30,111.849998,107.709999,110.769997,110.434578
2026-05-01,112.309998,110.470001,112.080002,111.740616
2026-05-04,113.370003,110.269997,110.940002,110.604073
2026-05-05,115.370003,111.309998,114.139999,113.794380
2026-05-06,114.019997,110.419998,111.739998,111.401642
2026-05-07,115.010002,110.879997,113.000000,112.657829
2026-05-08,118.220001,112.599998,118.000000,117.642693
2026-05-11,120.040001,117.269997,117.730003,117.373512
2026-05-12,117.680000,113.900002,116.230003,115.878052
2026-05-13,119.870003,115.910004,118.580002,118.220940
2026-05-14,123.470001,118.790001,119.930000,119.566849
2026-05-15,121.449997,117.540001,119.930000,119.566849
2026-05-18,122.099998,118.500000,120.599998,120.234818
2026-05-19,121.669998,117.589996,120.589996,120.224846
2026-05-20,121.489998,118.650002,118.970001,118.609756
2026-05-21,124.220001,118.750000,123.949997,123.574669
2026-05-22,141.750000,122.699997,139.360001,138.938019
2026-05-26,142.419998,136.820007,138.949997,138.529251
2026-05-27,143.649994,138.699997,142.740005,142.307785
2026-05-28,143.580002,137.429993,142.399994,141.968796
2026-05-29,192.830002,172.089996,174.289993,173.762238
2026-06-01,179.949997,170.789993,179.699997,179.155853
2026-06-02,186.529999,173.570007,175.639999,175.108154
2026-06-03,182.860001,175.639999,181.080002,180.531693
2026-06-04,180.000000,174.710007,178.869995,178.328369
2026-06-05,177.619995,166.720001,167.039993,166.534195
2026-06-08,172.050003,165.820007,170.309998,169.794296
2026-06-09,171.910004,160.009995,165.000000,164.500381
2026-06-10,166.110001,160.559998,160.660004,160.173523
2026-06-11,161.610001,157.059998,160.470001,159.984085
2026-06-12,163.059998,156.410004,161.610001,161.120636
2026-06-15,164.149994,159.179993,161.820007,161.330017
2026-06-16,164.000000,157.399994,161.259995,160.771698
2026-06-17,161.770004,154.009995,154.809998,154.341232
2026-06-18,161.169998,153.330002,159.710007,159.226395
2026-06-22,164.660004,157.309998,158.309998,157.830627
2026-06-23,159.199997,152.330002,157.820007,157.342117
2026-06-24,157.559998,151.360001,155.559998,155.088959
2026-06-25,158.000000,152.529999,154.589996,154.121887
2026-06-26,154.710007,149.270004,152.449997,151.988373
2026-06-29,156.050003,151.380005,155.059998,154.590469
2026-06-30,156.149994,151.130005,154.759995,154.291382
2026-07-01,160.289993,153.100006,156.380005,155.906479
2026-07-02,159.779999,153.160004,154.169998,153.703171
2026-07-06,163.899994,155.130005,163.550003,163.054764
2026-07-07,167.720001,163.130005,165.779999,165.278015
2026-07-08,166.710007,161.679993,165.399994,164.899155
2026-07-09,171.970001,164.009995,171.729996,171.209991
2026-07-10,176.970001,168.660004,168.869995,168.869995
2026-07-13,168.529999,160.500000,163.929993,163.929993
2026-07-14,175.669998,164.410004,174.550003,174.550003
2026-07-15,175.690002,156.309998,162.100006,162.100006
2026-07-16,162.080002,156.259995,159.690002,159.690002
2026-07-17,165.360001,157.000000,163.880005,163.880005
2026-07-20,165.000000,160.809998,161.160004,161.160004
2026-07-21,167.570007,163.570007,165.759995,165.759995
2026-07-22,169.160004,165.860001,166.539993,166.539993
2026-07-23,169.020004,163.360001,164.639999,164.639999
2026-07-24,169.179993,163.440002,167.740005,167.740005
2026-07-27,171.100006,165.179993,169.800003,169.800003
2026-07-28,174.919998,163.679993,174.529999,174.529999
2026-07-29,178.289993,171.509995,173.229996,173.229996
2026-07-30,174.500000,170.500000,173.979996,173.979996
2026-07-31,179.809998,174.039993,178.500000,178.500000
2026-08-03,184.380005,176.020004,182.919998,182.919998
2026-08-04,195.699997,184.699997,190.460007,190.460007
2026-08-05,192.460007,186.330002,186.600006,186.600006
2026-08-06,191.949997,180.100006,191.479996,191.479996
2026-08-07,194.179993,186.419998,189.520004,189.520004
2026-08-10,202.270004,193.130005,198.720001,198.720001
2026-08-11,201.000000,194.210007,198.470001,198.470001
2026-08-12,202.320007,198.699997,202.050003,202.050003
2026-08-13,209.059998,202.990005,204.990005,204.990005
2026-08-14,208.089996,201.889999,207.080002,207.080002
2026-08-17,207.850006,202.089996,204.199997,204.199997
2026-08-18,207.960007,200.619995,204.710007,204.710007
2026-08-19,206.199997,194.089996,194.479996,194.479996
2026-08-20,197.330002,192.300003,192.809998,192.809998
2026-08-21,195.250000,192.089996,192.270004,192.270004
2026-08-24,194.990005,185.699997,186.860001,186.860001
2026-08-25,191.479996,185.270004,187.429993,187.429993
2026-08-26,195.050003,187.309998,193.850006,193.850006
2026-08-27,193.850006,187.649994,190.639999,190.639999
2026-08-28,191.880005,186.460007,187.020004,187.020004
2026-08-31,191.000000,184.339996,185.289993,185.289993
2026-09-01,185.300003,178.880005,183.160004,183.160004
2026-09-02,189.210007,180.029999,180.770004,180.770004
2026-09-03,187.449997,161.000000,185.380005,185.380005
2026-09-04,188.830002,180.429993,185.589996,185.589996
2026-09-08,190.210007,182.529999,189.130005,189.130005
2026-09-09,190.789993,184.020004,184.740005,184.740005
2026-09-10,186.160004,182.229996,183.600006,183.600006
2026-09-11,199.619995,185.429993,199.279999,199.279999
2026-09-14,194.789993,188.179993,188.279999,188.279999
2026-09-15,193.800003,188.919998,189.929993,189.929993
2026-09-16,194.440002,186.130005,191.490005,191.490005
2026-09-17,199.149994,192.199997,196.919998,196.919998
2026-09-18,198.509995,193.149994,197.789993,197.789993
2026-09-21,200.839996,195.190002,198.149994,198.149994
2026-09-22,198.979996,190.889999,192.910004,192.910004
2026-09-23,197.889999,192.479996,196.330002,196.330002
2026-09-24,203.910004,192.960007,197.240005,197.240005
2026-09-25,201.389999,196.240005,201.149994,201.149994
2026-09-28,204.839996,199.750000,204.410004,204.410004
2026-09-29,210.039993,200.789993,209.179993,209.179993
2026-09-30,216.809998,209.210007,210.080002,210.080002
2026-10-01,215.210007,208.029999,215.050003,215.050003
