date,high,low,close,adjclose
2012-07-20,10.345000,8.850000,8.855000,8.855000
2012-07-23,9.000000,8.516667,8.585000,8.585000
2012-07-24,9.333333,8.586667,9.250000,9.250000
2012-07-25,9.833333,9.216667,9.825000,9.825000
2012-07-26,10.308333,9.680000,9.980000,9.980000
2012-07-27,10.146667,9.500000,9.500000,9.500000
2012-07-30,9.476667,8.986667,9.166667,9.166667
2012-07-31,9.523333,8.701667,9.523333,9.523333
2012-08-01,9.786667,9.190000,9.363333,9.363333
2012-08-02,10.000000,8.878333,9.183333,9.183333
2012-08-03,9.483333,9.041667,9.131667,9.131667
2012-08-06,9.320000,8.946667,9.130000,9.130000
2012-08-07,9.573333,9.086667,9.466667,9.466667
2012-08-08,10.166667,9.311667,10.155000,10.155000
2012-08-09,10.410000,9.976667,10.221667,10.221667
2012-08-10,10.661667,10.081667,10.220000,10.220000
2012-08-13,10.513333,10.000000,10.453333,10.453333
2012-08-14,10.726667,9.888333,9.966667,9.966667
2012-08-15,10.483333,9.616667,10.455000,10.455000
2012-08-16,11.151667,10.311667,11.083333,11.083333
2012-08-17,11.416667,10.806667,11.215000,11.215000
2012-08-20,11.191667,10.828333,10.911667,10.911667
2012-08-21,11.071667,10.546667,10.720000,10.720000
2012-08-22,10.861667,10.520000,10.541667,10.541667
2012-08-23,10.813333,10.416667,10.690000,10.690000
2012-08-24,10.961667,10.541667,10.795000,10.795000
2012-08-27,10.973333,10.436667,10.615000,10.615000
2012-08-28,10.735000,10.485000,10.650000,10.650000
2012-08-29,10.850000,10.516667,10.788333,10.788333
2012-08-30,11.111667,10.545000,10.571667,10.571667
2012-08-31,10.763333,10.516667,10.730000,10.730000
2012-09-04,11.713333,10.650000,11.701667,11.701667
2012-09-05,12.101667,11.520000,11.666667,11.666667
2012-09-06,12.000000,11.730000,11.901667,11.901667
2012-09-07,12.036667,11.560000,11.790000,11.790000
2012-09-10,12.100000,11.855000,11.958333,11.958333
2012-09-11,11.623333,10.721667,11.100000,11.100000
2012-09-12,11.375000,10.791667,10.810000,10.810000
2012-09-13,11.371667,10.791667,11.330000,11.330000
2012-09-14,11.495000,11.146667,11.165000,11.165000
2012-09-17,11.330000,11.096667,11.318333,11.318333
2012-09-18,11.721667,11.168333,11.530000,11.530000
2012-09-19,11.496667,11.250000,11.333333,11.333333
2012-09-20,11.235000,10.773333,10.841667,10.841667
2012-09-21,10.916667,10.373333,10.670000,10.670000
2012-09-24,10.808333,10.401667,10.776667,10.776667
2012-09-25,11.091667,10.690000,10.695000,10.695000
2012-09-26,10.661667,10.425000,10.541667,10.541667
2012-09-27,10.871667,10.561667,10.845000,10.845000
2012-09-28,10.885000,10.211667,10.261667,10.261667
2012-10-01,10.531667,10.040000,10.100000,10.100000
2012-10-02,10.400000,9.996667,10.333333,10.333333
2012-10-03,11.036667,10.358333,10.976667,10.976667
2012-10-04,10.995000,10.758333,10.960000,10.960000
2012-10-05,10.936667,10.146667,10.333333,10.333333
2012-10-08,10.473333,10.241667,10.345000,10.345000
2012-10-09,10.481667,10.163333,10.326667,10.326667
2012-10-10,10.583333,10.233333,10.240000,10.240000
2012-10-11,10.410000,10.125000,10.160000,10.160000
2012-10-12,10.525000,10.180000,10.493333,10.493333
2012-10-15,10.966667,10.486667,10.925000,10.925000
2012-10-16,10.993333,10.716667,10.928333,10.928333
2012-10-17,11.166667,10.751667,10.916667,10.916667
2012-10-18,10.680000,10.281667,10.316667,10.316667
2012-10-19,10.465000,9.833333,10.003333,10.003333
2012-10-22,10.183333,10.000000,10.000000,10.000000
2012-10-23,10.025000,9.588333,9.958333,9.958333
2012-10-24,10.090000,9.815000,9.958333,9.958333
2012-10-25,10.020000,9.616667,9.675000,9.675000
2012-10-26,9.775000,9.366667,9.383333,9.383333
2012-10-31,9.531667,9.000000,9.163333,9.163333
2012-11-01,9.505000,9.075000,9.365000,9.365000
2012-11-02,9.458333,9.045000,9.100000,9.100000
2012-11-05,9.451667,9.056667,9.300000,9.300000
2012-11-06,9.436667,9.083333,9.236667,9.236667
2012-11-07,9.215000,8.975000,8.983333,8.983333
2012-11-08,9.143333,8.605000,8.660000,8.660000
2012-11-09,8.890000,8.586667,8.666667,8.666667
2012-11-12,8.810000,8.625000,8.716667,8.716667
2012-11-13,8.948333,8.761667,8.865000,8.865000
2012-11-14,9.030000,8.583333,8.731667,8.731667
2012-11-15,8.996667,8.425000,8.566667,8.566667
2012-11-16,8.948333,8.335000,8.875000,8.875000
2012-11-19,9.335000,8.961667,9.335000,9.335000
2012-11-20,9.335000,9.000000,9.070000,9.070000
2012-11-21,9.255000,8.993333,9.241667,9.241667
2012-11-23,9.376667,9.203333,9.235000,9.235000
2012-11-26,9.333333,8.988333,9.313333,9.313333
2012-11-27,9.556667,9.183333,9.340000,9.340000
2012-11-28,9.263333,8.818333,9.096667,9.096667
2012-11-29,9.373333,9.018333,9.311667,9.311667
2012-11-30,9.341667,8.860000,9.070000,9.070000
2012-12-03,9.070000,8.561667,8.610000,8.610000
2012-12-04,8.951667,8.600000,8.941667,8.941667
2012-12-05,9.008333,8.606667,8.683333,8.683333
2012-12-06,9.093333,8.425000,8.550000,8.550000
2012-12-07,8.685000,7.938333,8.551667,8.551667
2012-12-10,8.580000,8.083333,8.136667,8.136667
2012-12-11,8.301667,7.991667,8.148333,8.148333
2012-12-12,8.388333,8.065000,8.208333,8.208333
2012-12-13,8.196667,8.008333,8.160000,8.160000
2012-12-14,8.323333,8.093333,8.298333,8.298333
2012-12-17,8.493333,8.261667,8.335000,8.335000
2012-12-18,8.996667,8.348333,8.660000,8.660000
2012-12-19,8.760000,8.553333,8.681667,8.681667
2012-12-20,8.818333,8.533333,8.630000,8.630000
2012-12-21,9.115000,8.355000,9.110000,9.110000
2012-12-24,9.166667,8.981667,9.130000,9.130000
2012-12-26,9.153333,8.863333,8.881667,8.881667
2012-12-27,8.925000,8.453333,8.811667,8.811667
2012-12-28,8.991667,8.666667,8.771667,8.771667
2012-12-31,8.948333,8.663333,8.920000,8.920000
2013-01-02,9.316667,8.415000,8.538333,8.538333
2013-01-03,8.636667,8.141667,8.225000,8.225000
2013-01-04,8.358333,8.001667,8.041667,8.041667
2013-01-07,8.166667,7.833333,7.871667,7.871667
2013-01-08,8.141667,7.833333,7.938333,7.938333
2013-01-09,8.383333,8.046667,8.330000,8.330000
2013-01-10,8.611667,8.221667,8.433333,8.433333
2013-01-11,8.851667,8.443333,8.801667,8.801667
2013-01-14,8.916667,8.666667,8.725000,8.725000
2013-01-15,9.038333,8.643333,9.011667,9.011667
2013-01-16,9.300000,8.856667,9.125000,9.125000
2013-01-17,9.160000,8.918333,9.081667,9.081667
2013-01-18,9.448333,9.166667,9.226667,9.226667
2013-01-22,9.296667,9.061667,9.208333,9.208333
2013-01-23,9.368333,9.048333,9.316667,9.316667
2013-01-24,9.375000,9.216667,9.336667,9.336667
2013-01-25,9.483333,9.250000,9.453333,9.453333
2013-01-28,9.608333,9.153333,9.573333,9.573333
2013-01-29,9.545000,9.296667,9.470000,9.470000
2013-01-30,9.458333,8.916667,8.988333,8.988333
2013-01-31,9.296667,8.925000,9.226667,9.226667
2013-02-01,9.350000,8.985000,9.068333,9.068333
2013-02-04,9.203333,8.838333,8.891667,8.891667
2013-02-05,9.035000,8.808333,8.971667,8.971667
2013-02-06,9.068333,8.840000,9.023333,9.023333
2013-02-07,9.061667,8.900000,9.026667,9.026667
2013-02-08,9.178333,8.978333,9.176667,9.176667
2013-02-11,9.241667,9.123333,9.161667,9.161667
2013-02-12,9.490000,9.115000,9.451667,9.451667
2013-02-13,9.443333,9.140000,9.193333,9.193333
2013-02-14,9.333333,9.133333,9.288333,9.288333
2013-02-15,9.398333,9.168333,9.200000,9.200000
2013-02-19,9.408333,9.220000,9.250000,9.250000
2013-02-20,9.323333,9.098333,9.133333,9.133333
2013-02-21,9.190000,8.963333,9.103333,9.103333
2013-02-22,9.578333,9.158333,9.548333,9.548333
2013-02-25,9.691667,9.340000,9.538333,9.538333
2013-02-26,9.570000,9.336667,9.498333,9.498333
2013-02-27,9.966667,9.308333,9.653333,9.653333
2013-02-28,10.191667,9.500000,10.188333,10.188333
2013-03-01,10.365000,9.570000,9.758333,9.758333
2013-03-04,9.575000,9.143333,9.333333,9.333333
2013-03-05,9.508333,9.270000,9.473333,9.473333
2013-03-06,9.560000,9.350000,9.396667,9.396667
2013-03-07,9.533333,9.315000,9.398333,9.398333
2013-03-08,9.415000,9.211667,9.325000,9.325000
2013-03-11,9.366667,9.166667,9.291667,9.291667
2013-03-12,9.415000,9.183333,9.343333,9.343333
2013-03-13,9.438333,9.275000,9.400000,9.400000
2013-03-14,9.558333,9.351667,9.430000,9.430000
2013-03-15,9.415000,9.260000,9.381667,9.381667
2013-03-18,9.516667,9.263333,9.351667,9.351667
2013-03-19,9.428333,9.028333,9.330000,9.330000
2013-03-20,9.416667,9.253333,9.321667,9.321667
2013-03-21,9.533333,9.216667,9.273333,9.273333
2013-03-22,9.405000,9.016667,9.086667,9.086667
2013-03-25,9.173333,8.925000,9.090000,9.090000
2013-03-26,9.121667,8.931667,8.996667,8.996667
2013-03-27,9.516667,8.883333,9.420000,9.420000
2013-03-28,9.528333,9.345000,9.433333,9.433333
2013-04-01,9.416667,9.033333,9.223333,9.223333
2013-04-02,9.251667,9.066667,9.146667,9.146667
2013-04-03,9.125000,8.836667,8.941667,8.941667
2013-04-04,8.938333,8.676667,8.838333,8.838333
2013-04-05,8.940000,8.625000,8.835000,8.835000
2013-04-08,8.856667,8.596667,8.633333,8.633333
2013-04-09,8.925000,8.625000,8.825000,8.825000
2013-04-10,9.168333,8.838333,9.118333,9.118333
2013-04-11,9.083333,8.741667,9.026667,9.026667
2013-04-12,9.001667,8.761667,8.858333,8.858333
2013-04-15,8.813333,8.536667,8.618333,8.618333
2013-04-16,8.776667,8.568333,8.758333,8.758333
2013-04-17,8.720000,8.588333,8.656667,8.656667
2013-04-18,8.710000,8.381667,8.583333,8.583333
2013-04-19,8.603333,8.440000,8.451667,8.451667
2013-04-22,8.623333,8.441667,8.563333,8.563333
2013-04-23,8.946667,8.581667,8.851667,8.851667
2013-04-24,9.060000,8.791667,9.001667,9.001667
2013-04-25,9.135000,8.943333,9.026667,9.026667
2013-04-26,8.971667,8.861667,8.935000,8.935000
2013-04-29,9.083333,8.956667,9.011667,9.011667
2013-04-30,9.075000,8.965000,9.016667,9.016667
2013-05-01,9.011667,8.613333,8.613333,8.613333
2013-05-02,8.856667,8.591667,8.800000,8.800000
2013-05-03,9.066667,8.866667,9.065000,9.065000
2013-05-06,9.128333,8.928333,8.980000,8.980000
2013-05-07,9.016667,8.720000,8.786667,8.786667
2013-05-08,8.808333,8.233333,8.276667,8.276667
2013-05-09,8.655000,8.261667,8.285000,8.285000
2013-05-10,8.425000,8.263333,8.288333,8.288333
2013-05-13,8.446667,8.245000,8.380000,8.380000
2013-05-14,8.715000,8.388333,8.710000,8.710000
2013-05-15,8.820000,8.643333,8.771667,8.771667
2013-05-16,9.371667,8.905000,9.015000,9.015000
2013-05-17,9.431667,9.080000,9.405000,9.405000
2013-05-20,9.433333,9.013333,9.045000,9.045000
2013-05-21,9.038333,8.756667,8.771667,8.771667
2013-05-22,8.830000,8.575000,8.701667,8.701667
2013-05-23,8.796667,8.583333,8.685000,8.685000
2013-05-24,8.790000,8.631667,8.730000,8.730000
2013-05-28,8.985000,8.833333,8.963333,8.963333
2013-05-29,9.206667,8.880000,9.126667,9.126667
2013-05-30,9.206667,9.043333,9.065000,9.065000
2013-05-31,8.410000,7.833333,8.086667,8.086667
2013-06-03,8.116667,7.561667,7.638333,7.638333
2013-06-04,7.728333,7.250000,7.343333,7.343333
2013-06-05,7.471667,7.251667,7.401667,7.401667
2013-06-06,7.638333,7.363333,7.500000,7.500000
2013-06-07,7.711667,7.428333,7.700000,7.700000
2013-06-10,7.748333,7.521667,7.743333,7.743333
2013-06-11,7.875000,7.588333,7.796667,7.796667
2013-06-12,7.883333,7.526667,7.598333,7.598333
2013-06-13,7.625000,7.500000,7.535000,7.535000
2013-06-14,7.506667,7.175000,7.186667,7.186667
2013-06-17,7.376667,7.166667,7.191667,7.191667
2013-06-18,7.160000,6.918333,6.933333,6.933333
2013-06-19,7.123333,6.835000,7.010000,7.010000
2013-06-20,7.056667,6.845000,6.976667,6.976667
2013-06-21,7.081667,6.805000,6.841667,6.841667
2013-06-24,6.776667,6.513333,6.593333,6.593333
2013-06-25,6.991667,6.591667,6.928333,6.928333
2013-06-26,7.125000,6.895000,7.013333,7.013333
2013-06-27,7.425000,7.070000,7.396667,7.396667
2013-06-28,7.333333,6.945000,7.026667,7.026667
2013-07-01,7.273333,6.985000,7.036667,7.036667
2013-07-02,7.083333,6.836667,6.858333,6.858333
2013-07-03,7.198333,6.816667,7.150000,7.150000
2013-07-05,7.146667,7.003333,7.048333,7.048333
2013-07-08,7.238333,7.003333,7.140000,7.140000
2013-07-09,7.255000,7.066667,7.181667,7.181667
2013-07-10,7.391667,7.215000,7.370000,7.370000
2013-07-11,7.833333,7.510000,7.795000,7.795000
2013-07-12,7.816667,7.710000,7.738333,7.738333
2013-07-15,7.821667,7.716667,7.801667,7.801667
2013-07-16,7.816667,7.668333,7.751667,7.751667
2013-07-17,7.998333,7.751667,7.890000,7.890000
2013-07-18,8.136667,7.885000,8.115000,8.115000
2013-07-19,8.333333,8.108333,8.301667,8.301667
2013-07-22,8.320000,8.188333,8.258333,8.258333
2013-07-23,8.485000,8.063333,8.090000,8.090000
2013-07-24,8.216667,7.961667,8.090000,8.090000
2013-07-25,8.315000,8.128333,8.310000,8.310000
2013-07-26,8.268333,8.061667,8.215000,8.215000
2013-07-29,8.253333,8.110000,8.123333,8.123333
2013-07-30,8.236667,8.055000,8.128333,8.128333
2013-07-31,8.238333,7.996667,8.156667,8.156667
2013-08-01,8.225000,8.010000,8.193333,8.193333
2013-08-02,8.278333,8.158333,8.218333,8.218333
2013-08-05,8.353333,8.121667,8.340000,8.340000
2013-08-06,8.348333,8.171667,8.231667,8.231667
2013-08-07,8.245000,7.976667,8.010000,8.010000
2013-08-08,8.296667,8.050000,8.251667,8.251667
2013-08-09,8.325000,8.133333,8.191667,8.191667
2013-08-12,8.290000,8.143333,8.205000,8.205000
2013-08-13,8.270000,8.096667,8.185000,8.185000
2013-08-14,8.306667,8.140000,8.305000,8.305000
2013-08-15,8.273333,8.066667,8.128333,8.128333
2013-08-16,8.186667,7.960000,7.970000,7.970000
2013-08-19,8.093333,7.938333,7.990000,7.990000
2013-08-20,8.023333,7.903333,7.978333,7.978333
2013-08-21,8.026667,7.888333,7.945000,7.945000
2013-08-22,8.008333,7.858333,7.960000,7.960000
2013-08-23,8.016667,7.911667,7.950000,7.950000
2013-08-26,8.020000,7.860000,7.935000,7.935000
2013-08-27,8.026667,7.878333,7.891667,7.891667
2013-08-28,7.928333,7.840000,7.883333,7.883333
2013-08-29,8.095000,7.916667,7.955000,7.955000
2013-08-30,8.061667,7.878333,8.003333,8.003333
2013-09-03,7.955000,7.623333,7.751667,7.751667
2013-09-04,7.875000,7.650000,7.668333,7.668333
2013-09-05,7.726667,7.578333,7.586667,7.586667
2013-09-06,7.681667,7.430000,7.466667,7.466667
2013-09-09,7.905000,7.445000,7.806667,7.806667
2013-09-10,8.283333,7.840000,7.990000,7.990000
2013-09-11,7.980000,7.731667,7.746667,7.746667
2013-09-12,7.903333,7.708333,7.878333,7.878333
2013-09-13,7.956667,7.733333,7.951667,7.951667
2013-09-16,8.000000,7.910000,7.913333,7.913333
2013-09-17,8.020000,7.845000,8.010000,8.010000
2013-09-18,8.033333,7.671667,7.923333,7.923333
2013-09-19,8.115000,7.926667,7.996667,7.996667
2013-09-20,8.416667,7.976667,8.165000,8.165000
2013-09-23,8.133333,7.868333,7.910000,7.910000
2013-09-24,7.875000,7.625000,7.765000,7.765000
2013-09-25,7.821667,7.708333,7.715000,7.715000
2013-09-26,7.838333,7.711667,7.768333,7.768333
2013-09-27,7.803333,7.691667,7.760000,7.760000
2013-09-30,7.691667,7.543333,7.636667,7.636667
2013-10-01,7.651667,7.463333,7.510000,7.510000
2013-10-02,7.798333,7.500000,7.755000,7.755000
2013-10-03,7.801667,7.691667,7.778333,7.778333
2013-10-04,8.003333,7.746667,7.986667,7.986667
2013-10-07,8.006667,7.865000,7.971667,7.971667
2013-10-08,7.981667,7.698333,7.720000,7.720000
2013-10-09,7.733333,7.581667,7.611667,7.611667
2013-10-10,7.688333,7.455000,7.555000,7.555000
2013-10-11,7.600000,7.476667,7.593333,7.593333
2013-10-14,7.693333,7.443333,7.583333,7.583333
2013-10-15,7.643333,7.291667,7.321667,7.321667
2013-10-16,7.350000,7.056667,7.195000,7.195000
2013-10-17,7.231667,7.061667,7.211667,7.211667
2013-10-18,7.358333,7.193333,7.208333,7.208333
2013-10-21,7.326667,7.208333,7.325000,7.325000
2013-10-22,7.348333,7.113333,7.228333,7.228333
2013-10-23,7.426667,7.160000,7.320000,7.320000
2013-10-24,7.485000,7.321667,7.450000,7.450000
2013-10-25,7.491667,7.250000,7.308333,7.308333
2013-10-28,7.328333,7.113333,7.120000,7.120000
2013-10-29,7.253333,7.125000,7.250000,7.250000
2013-10-30,7.290000,7.113333,7.175000,7.175000
2013-10-31,7.193333,7.006667,7.026667,7.026667
2013-11-01,7.098333,6.961667,6.988333,6.988333
2013-11-04,7.080000,6.918333,7.073333,7.073333
2013-11-05,7.083333,6.913333,6.921667,6.921667
2013-11-06,7.065000,6.891667,6.968333,6.968333
2013-11-07,7.053333,6.833333,6.881667,6.881667
2013-11-08,6.935000,6.748333,6.831667,6.831667
2013-11-11,7.000000,6.808333,6.978333,6.978333
2013-11-12,7.003333,6.873333,6.880000,6.880000
2013-11-13,6.918333,6.726667,6.908333,6.908333
2013-11-14,7.035000,6.801667,7.033333,7.033333
2013-11-15,7.661667,6.981667,7.618333,7.618333
2013-11-18,7.621667,7.375000,7.408333,7.408333
2013-11-19,7.375000,7.200000,7.318333,7.318333
2013-11-20,7.438333,7.256667,7.330000,7.330000
2013-11-21,7.506667,7.326667,7.486667,7.486667
2013-11-22,7.558333,7.468333,7.550000,7.550000
2013-11-25,7.706667,7.560000,7.683333,7.683333
2013-11-26,8.405000,8.006667,8.248333,8.248333
2013-11-27,8.390000,8.171667,8.311667,8.311667
2013-11-29,8.375000,8.198333,8.325000,8.325000
2013-12-02,8.390000,8.015000,8.248333,8.248333
2013-12-03,8.280000,8.091667,8.141667,8.141667
2013-12-04,8.333333,8.058333,8.330000,8.330000
2013-12-05,8.411667,8.261667,8.310000,8.310000
2013-12-06,8.650000,8.306667,8.628333,8.628333
2013-12-09,8.750000,8.581667,8.698333,8.698333
2013-12-10,8.726667,8.595000,8.666667,8.666667
2013-12-11,8.731667,8.541667,8.605000,8.605000
2013-12-12,8.781667,8.600000,8.681667,8.681667
2013-12-13,9.018333,8.665000,8.990000,8.990000
2013-12-16,9.130000,8.865000,9.121667,9.121667
2013-12-17,9.331667,9.020000,9.306667,9.306667
2013-12-18,9.481667,9.238333,9.446667,9.446667
2013-12-19,9.595000,9.335000,9.583333,9.583333
2013-12-20,9.600000,9.306667,9.410000,9.410000
2013-12-23,9.558333,9.298333,9.423333,9.423333
2013-12-24,9.510000,9.348333,9.475000,9.475000
2013-12-26,9.520000,9.316667,9.366667,9.366667
2013-12-27,9.635000,9.275000,9.633333,9.633333
2013-12-30,9.650000,9.563333,9.581667,9.581667
2013-12-31,9.600000,9.523333,9.578333,9.578333
2014-01-02,9.493333,9.116667,9.276667,9.276667
2014-01-03,9.643333,9.343333,9.573333,9.573333
2014-01-06,9.745000,9.545000,9.640000,9.640000
2014-01-07,10.078333,9.726667,9.998333,9.998333
2014-01-08,10.043333,9.781667,10.008333,10.008333
2014-01-09,10.123333,9.943333,10.106667,10.106667
2014-01-10,10.208333,9.960000,10.108333,10.108333
2014-01-13,10.041667,9.493333,9.845000,9.845000
2014-01-14,10.111667,9.866667,10.103333,10.103333
2014-01-15,10.638333,10.090000,10.483333,10.483333
2014-01-16,10.723333,10.430000,10.611667,10.611667
2014-01-17,10.820000,10.440000,10.480000,10.480000
2014-01-21,10.498333,10.203333,10.245000,10.245000
2014-01-22,10.391667,10.186667,10.336667,10.336667
2014-01-23,10.515000,10.185000,10.296667,10.296667
2014-01-24,10.326667,10.005000,10.066667,10.066667
2014-01-27,10.136667,9.618333,9.950000,9.950000
2014-01-28,10.303333,9.935000,10.240000,10.240000
2014-01-29,10.205000,9.938333,9.946667,9.946667
2014-01-30,10.555000,9.940000,10.353333,10.353333
2014-01-31,10.271667,9.803333,9.908333,9.908333
2014-02-03,10.193333,9.503333,9.618333,9.618333
2014-02-04,10.145000,9.738333,10.031667,10.031667
2014-02-05,10.078333,9.735000,9.991667,9.991667
2014-02-06,11.270000,9.881667,11.156667,11.156667
2014-02-07,11.661667,10.555000,10.960000,10.960000
2014-02-10,11.325000,10.931667,11.293333,11.293333
2014-02-11,11.555000,11.188333,11.481667,11.481667
2014-02-12,11.615000,11.215000,11.461667,11.461667
2014-02-13,12.165000,11.426667,12.078333,12.078333
2014-02-14,12.323333,11.943333,12.133333,12.133333
2014-02-18,12.321667,12.091667,12.276667,12.276667
2014-02-19,12.343333,11.898333,11.983333,11.983333
2014-02-20,12.213333,11.886667,12.190000,12.190000
2014-02-21,12.380000,12.075000,12.270000,12.270000
2014-02-24,13.331667,12.760000,12.796667,12.796667
2014-02-25,12.845000,12.468333,12.491667,12.491667
2014-02-26,12.811667,12.258333,12.676667,12.676667
2014-02-27,12.578333,12.048333,12.081667,12.081667
2014-02-28,12.225000,11.680000,11.858333,11.858333
2014-03-03,11.641667,11.063333,11.300000,11.300000
2014-03-04,11.850000,11.543333,11.771667,11.771667
2014-03-05,11.915000,11.445000,11.566667,11.566667
2014-03-06,11.775000,11.378333,11.575000,11.575000
2014-03-07,13.098333,11.350000,12.853333,12.853333
2014-03-10,13.096667,12.700000,13.043333,13.043333
2014-03-11,13.260000,12.776667,12.860000,12.860000
2014-03-12,12.991667,12.230000,12.986667,12.986667
2014-03-13,13.163333,12.635000,12.740000,12.740000
2014-03-14,13.040000,12.598333,12.798333,12.798333
2014-03-17,13.406667,12.771667,13.085000,13.085000
2014-03-18,13.473333,12.916667,13.303333,13.303333
2014-03-19,13.466667,13.000000,13.110000,13.110000
2014-03-20,13.350000,12.833333,13.086667,13.086667
2014-03-21,13.218333,12.626667,12.760000,12.760000
2014-03-24,12.998333,11.878333,12.188333,12.188333
2014-03-25,12.628333,12.016667,12.115000,12.115000
2014-03-26,12.370000,11.556667,11.563333,11.563333
2014-03-27,12.060000,11.311667,11.875000,11.875000
2014-03-28,11.786667,11.166667,11.626667,11.626667
2014-03-31,11.883333,11.401667,11.433333,11.433333
2014-04-01,11.923333,11.638333,11.826667,11.826667
2014-04-02,12.071667,11.680000,11.840000,11.840000
2014-04-03,11.873333,10.848333,10.880000,10.880000
2014-04-04,11.000000,10.133333,10.510000,10.510000
2014-04-07,10.646667,9.866667,10.038333,10.038333
2014-04-08,10.776667,10.116667,10.581667,10.581667
2014-04-09,11.403333,10.631667,11.355000,11.355000
2014-04-10,11.658333,10.470000,10.633333,10.633333
2014-04-11,10.911667,10.295000,10.716667,10.716667
2014-04-14,11.456667,10.743333,10.990000,10.990000
2014-04-15,11.475000,10.745000,11.393333,11.393333
2014-04-16,11.685000,11.216667,11.640000,11.640000
2014-04-17,11.788333,11.460000,11.660000,11.660000
2014-04-21,11.771667,11.295000,11.396667,11.396667
2014-04-22,12.083333,11.166667,11.865000,11.865000
2014-04-23,11.818333,11.316667,11.508333,11.508333
2014-04-24,11.748333,10.783333,11.335000,11.335000
2014-04-25,11.511667,10.980000,11.026667,11.026667
2014-04-28,11.195000,10.326667,10.720000,10.720000
2014-04-29,10.908333,10.500000,10.726667,10.726667
2014-04-30,10.733333,10.501667,10.596667,10.596667
2014-05-01,11.453333,10.646667,10.878333,10.878333
2014-05-02,11.168333,10.603333,10.846667,10.846667
2014-05-05,11.186667,10.673333,11.170000,11.170000
2014-05-06,11.310000,10.878333,10.951667,10.951667
2014-05-07,10.736667,9.713333,9.998333,9.998333
2014-05-08,10.450000,9.766667,9.935000,9.935000
2014-05-09,10.045000,9.650000,9.751667,9.751667
2014-05-12,10.500000,9.728333,10.370000,10.370000
2014-05-13,10.766667,10.266667,10.313333,10.313333
2014-05-14,10.406667,10.015000,10.021667,10.021667
2014-05-15,10.096667,9.578333,9.935000,9.935000
2014-05-16,10.246667,9.773333,10.220000,10.220000
2014-05-19,10.475000,10.090000,10.446667,10.446667
2014-05-20,10.761667,10.230000,10.503333,10.503333
2014-05-21,10.701667,10.396667,10.586667,10.586667
2014-05-22,11.155000,10.560000,11.106667,11.106667
2014-05-23,11.208333,10.666667,11.165000,11.165000
2014-05-27,11.678333,11.128333,11.601667,11.601667
2014-05-28,11.760000,11.338333,11.585000,11.585000
2014-05-29,13.000000,12.143333,12.195000,12.195000
2014-05-30,12.808333,12.166667,12.485000,12.485000
2014-06-02,12.531667,12.000000,12.281667,12.281667
2014-06-03,12.488333,12.101667,12.376667,12.376667
2014-06-04,12.748333,12.250000,12.556667,12.556667
2014-06-05,13.108333,12.353333,12.833333,12.833333
2014-06-06,13.130000,12.786667,12.996667,12.996667
2014-06-09,13.106667,12.785000,12.900000,12.900000
2014-06-10,13.083333,12.768333,13.023333,13.023333
2014-06-11,13.110000,12.833333,13.033333,13.033333
2014-06-12,13.666667,12.935000,13.085000,13.085000
2014-06-13,13.250000,12.711667,13.133333,13.133333
2014-06-16,13.540000,12.975000,13.438333,13.438333
2014-06-17,13.711667,13.343333,13.443333,13.443333
2014-06-18,13.560000,13.238333,13.416667,13.416667
2014-06-19,13.631667,13.253333,13.366667,13.366667
2014-06-20,13.465000,13.135000,13.373333,13.373333
2014-06-23,13.630000,13.271667,13.361667,13.361667
2014-06-24,13.398333,13.041667,13.128333,13.128333
2014-06-25,13.333333,12.988333,13.291667,13.291667
2014-06-26,13.698333,13.241667,13.480000,13.480000
2014-06-27,13.643333,13.365000,13.535000,13.535000
2014-06-30,14.296667,13.803333,13.975000,13.975000
2014-07-01,14.266667,13.611667,13.710000,13.710000
2014-07-02,13.895000,13.606667,13.645000,13.645000
2014-07-03,13.733333,13.408333,13.703333,13.703333
2014-07-07,13.666667,13.191667,13.261667,13.261667
2014-07-08,13.260000,12.285000,12.560000,12.560000
2014-07-09,12.790000,12.461667,12.693333,12.693333
2014-07-10,12.810000,12.186667,12.785000,12.785000
2014-07-11,13.030000,12.595000,12.820000,12.820000
2014-07-14,12.930000,12.566667,12.703333,12.703333
2014-07-15,12.843333,12.505000,12.663333,12.663333
2014-07-16,13.271667,12.816667,12.931667,12.931667
2014-07-17,13.153333,12.751667,12.876667,12.876667
2014-07-18,13.271667,12.885000,13.201667,13.201667
2014-07-21,13.350000,13.013333,13.338333,13.338333
2014-07-22,13.750000,13.326667,13.625000,13.625000
2014-07-23,13.691667,13.485000,13.581667,13.581667
2014-07-24,14.053333,13.576667,14.021667,14.021667
2014-07-25,14.006667,13.686667,13.840000,13.840000
2014-07-28,13.915000,13.440000,13.685000,13.685000
2014-07-29,13.793333,13.666667,13.683333,13.683333
2014-07-30,14.038333,13.728333,14.035000,14.035000
2014-07-31,13.900000,13.350000,13.476667,13.476667
2014-08-01,13.398333,12.810000,13.111667,13.111667
2014-08-04,13.416667,13.128333,13.373333,13.373333
2014-08-05,13.495000,13.110000,13.293333,13.293333
2014-08-06,13.350000,13.103333,13.221667,13.221667
2014-08-07,13.600000,13.250000,13.326667,13.326667
2014-08-08,13.476667,13.108333,13.365000,13.365000
2014-08-11,13.880000,13.490000,13.653333,13.653333
2014-08-12,13.683333,13.423333,13.543333,13.543333
2014-08-13,14.418333,13.691667,14.131667,14.131667
2014-08-14,14.631667,14.133333,14.248333,14.248333
2014-08-15,14.583333,13.850000,14.105000,14.105000
2014-08-18,14.408333,14.053333,14.263333,14.263333
2014-08-19,14.616667,14.106667,14.231667,14.231667
2014-08-20,14.231667,14.036667,14.161667,14.161667
2014-08-21,14.241667,14.028333,14.156667,14.156667
2014-08-22,14.330000,13.875000,14.168333,14.168333
2014-08-25,14.328333,14.020000,14.095000,14.095000
2014-08-26,14.321667,14.048333,14.265000,14.265000
2014-08-27,14.255000,13.721667,13.735000,13.735000
2014-08-28,13.871667,13.285000,13.710000,13.710000
2014-08-29,14.271667,13.785000,14.165000,14.165000
2014-09-02,15.000000,14.226667,14.956667,14.956667
2014-09-03,15.450000,14.696667,14.895000,14.895000
2014-09-04,15.046667,14.475000,14.543333,14.543333
2014-09-05,14.860000,14.518333,14.840000,14.840000
2014-09-08,15.306667,14.838333,14.996667,14.996667
2014-09-09,15.213333,14.781667,14.880000,14.880000
2014-09-10,16.650000,15.420000,16.458332,16.458332
2014-09-11,17.075001,16.216667,16.748333,16.748333
2014-09-12,16.808332,16.459999,16.663334,16.663334
2014-09-15,16.628332,16.118334,16.245001,16.245001
2014-09-16,16.465000,15.850000,16.388332,16.388332
2014-09-17,16.791668,16.366667,16.434999,16.434999
2014-09-18,16.594999,16.303333,16.491667,16.491667
2014-09-19,16.576668,16.299999,16.546667,16.546667
2014-09-22,16.868334,16.111668,16.321667,16.321667
2014-09-23,16.415001,16.013332,16.238333,16.238333
2014-09-24,16.625000,16.318333,16.523333,16.523333
2014-09-25,16.558332,15.970000,16.049999,16.049999
2014-09-26,16.358334,16.061666,16.325001,16.325001
2014-09-29,16.611668,16.056667,16.546667,16.546667
2014-09-30,16.821667,16.108334,16.350000,16.350000
2014-10-01,16.298332,15.500000,15.898333,15.898333
2014-10-02,16.650000,15.845000,16.363333,16.363333
2014-10-03,17.798332,16.870001,17.450001,17.450001
2014-10-06,17.445000,16.736668,17.041668,17.041668
2014-10-07,17.291668,16.583332,16.631666,16.631666
2014-10-08,17.086666,16.184999,17.040001,17.040001
2014-10-09,17.321667,16.795000,17.121668,17.121668
2014-10-10,17.165001,15.665000,15.726667,15.726667
2014-10-13,15.846667,14.638333,14.901667,14.901667
2014-10-14,15.750000,14.751667,15.708333,15.708333
2014-10-15,16.441668,15.166667,16.238333,16.238333
2014-10-16,16.693333,15.833333,16.313334,16.313334
2014-10-17,17.081667,16.436666,16.555000,16.555000
2014-10-20,17.000000,16.513332,16.813334,16.813334
2014-10-21,17.480000,16.886667,17.446667,17.446667
2014-10-22,17.601667,17.023333,17.096666,17.096666
2014-10-23,18.035000,17.316668,17.908333,17.908333
2014-10-24,18.083332,17.715000,18.010000,18.010000
2014-10-27,17.316668,16.683332,17.278334,17.278334
2014-10-28,17.833332,17.330000,17.568333,17.568333
2014-10-29,17.553333,16.733334,17.260000,17.260000
2014-10-30,17.565001,17.136667,17.488333,17.488333
2014-10-31,17.900000,17.528334,17.616667,17.616667
2014-11-03,17.796667,17.431667,17.660000,17.660000
2014-11-04,17.830000,17.385000,17.785000,17.785000
2014-11-05,17.875000,17.003332,17.086666,17.086666
2014-11-06,17.684999,17.283333,17.684999,17.684999
2014-11-07,17.891666,17.610001,17.836666,17.836666
2014-11-10,18.360001,17.650000,18.170000,18.170000
2014-11-11,18.306667,17.933332,18.049999,18.049999
2014-11-12,18.231667,17.966667,18.148333,18.148333
2014-11-13,18.575001,18.190001,18.266666,18.266666
2014-11-14,18.485001,18.000000,18.463333,18.463333
2014-11-17,18.684999,18.138332,18.225000,18.225000
2014-11-18,18.456667,18.106667,18.166668,18.166668
2014-11-19,18.254999,17.750000,17.888332,17.888332
2014-11-20,18.211666,17.805000,18.173332,18.173332
2014-11-21,18.565001,18.016666,18.155001,18.155001
2014-11-24,18.896667,18.421667,18.876667,18.876667
2014-11-25,20.041668,19.046667,20.031668,20.031668
2014-11-26,20.116667,19.668333,20.100000,20.100000
2014-11-28,20.536667,20.038334,20.500000,20.500000
2014-12-01,20.511667,19.793333,19.951668,19.951668
2014-12-02,20.101667,19.561666,19.616667,19.616667
2014-12-03,19.916668,19.558332,19.763332,19.763332
2014-12-04,20.063334,19.656668,19.715000,19.715000
2014-12-05,19.878332,19.615000,19.813334,19.813334
2014-12-08,20.139999,19.290001,19.476667,19.476667
2014-12-09,19.908333,18.703333,19.806667,19.806667
2014-12-10,19.916668,19.411667,19.523333,19.523333
2014-12-11,20.068333,19.576668,19.818333,19.818333
2014-12-12,19.958332,19.526667,19.678333,19.678333
2014-12-15,20.235001,19.588333,19.680000,19.680000
2014-12-16,19.666668,19.160000,19.440001,19.440001
2014-12-17,20.045000,19.450001,20.004999,20.004999
2014-12-18,20.825001,20.351667,20.573334,20.573334
2014-12-19,20.941668,20.496668,20.726667,20.726667
2014-12-22,21.333332,20.820000,20.953333,20.953333
2014-12-23,21.150000,20.674999,20.870001,20.870001
2014-12-24,21.260000,20.831667,20.998333,20.998333
2014-12-26,21.366667,21.000000,21.238333,21.238333
2014-12-29,21.196667,20.129999,20.481667,20.481667
2014-12-30,20.493334,20.195000,20.299999,20.299999
2014-12-31,20.754999,20.320000,20.428333,20.428333
2015-01-02,20.493334,19.600000,20.236668,20.236668
2015-01-05,20.698334,20.030001,20.621668,20.621668
2015-01-06,20.865000,19.681667,20.308332,20.308332
2015-01-07,21.161667,20.605000,20.921667,20.921667
2015-01-08,21.270000,20.966667,21.201668,21.201668
2015-01-09,21.570000,20.963333,20.969999,20.969999
2015-01-12,21.338333,20.666668,21.213333,21.213333
2015-01-13,21.431667,20.530001,20.791668,20.791668
2015-01-14,21.080000,20.533333,21.049999,21.049999
2015-01-15,21.198334,20.216667,20.346666,20.346666
2015-01-16,20.863333,20.263332,20.834999,20.834999
2015-01-20,20.995001,20.376667,20.743334,20.743334
2015-01-21,21.031668,20.510000,20.891666,20.891666
2015-01-22,20.938334,20.184999,20.613333,20.613333
2015-01-23,21.363333,20.295000,21.135000,21.135000
2015-01-26,21.221666,20.760000,21.155001,21.155001
2015-01-27,21.258333,20.625000,21.000000,21.000000
2015-01-28,21.469999,20.766666,20.908333,20.908333
2015-01-29,21.666668,20.838333,21.548332,21.548332
2015-01-30,21.594999,20.945000,21.065001,21.065001
2015-02-02,21.121668,20.440001,20.851667,20.851667
2015-02-03,20.933332,20.218332,20.588333,20.588333
2015-02-04,21.038334,20.358334,20.946667,20.946667
2015-02-05,21.233334,20.968332,21.184999,21.184999
2015-02-06,21.358334,20.785000,20.936666,20.936666
2015-02-09,21.016666,20.598333,20.838333,20.838333
2015-02-10,21.490000,20.966667,21.405001,21.405001
2015-02-11,22.030001,21.525000,21.953333,21.953333
2015-02-12,22.493334,22.038334,22.168333,22.168333
2015-02-13,22.661667,22.105000,22.545000,22.545000
2015-02-17,23.053333,22.476667,22.815001,22.815001
2015-02-18,22.875000,22.483334,22.813334,22.813334
2015-02-19,23.196667,22.803333,22.985001,22.985001
2015-02-20,23.748333,22.959999,23.601667,23.601667
2015-02-23,23.916668,22.773333,23.033333,23.033333
2015-02-24,23.368334,22.990000,23.101667,23.101667
2015-02-25,23.725000,23.155001,23.676666,23.676666
2015-02-26,24.379999,23.788334,23.841667,23.841667
2015-02-27,24.088333,23.598333,23.703333,23.703333
2015-03-02,24.400000,23.703333,24.330000,24.330000
2015-03-03,24.891666,23.331667,24.816668,24.816668
2015-03-04,24.761667,23.738333,23.918333,23.918333
2015-03-05,24.121668,23.730000,23.856667,23.856667
2015-03-06,24.000000,23.370001,23.455000,23.455000
2015-03-09,23.491667,22.344999,23.121668,23.121668
2015-03-10,23.110001,22.525000,23.091667,23.091667
2015-03-11,23.538334,22.968332,23.426666,23.426666
2015-03-12,23.658333,23.253332,23.556667,23.556667
2015-03-13,23.828333,23.280001,23.556667,23.556667
2015-03-16,24.026667,23.565001,24.021667,24.021667
2015-03-17,24.275000,23.709999,24.153334,24.153334
2015-03-18,24.344999,23.799999,24.193333,24.193333
2015-03-19,24.463333,24.145000,24.365000,24.365000
2015-03-20,24.481667,23.968332,24.013332,24.013332
2015-03-23,24.040001,23.525000,23.553333,23.553333
2015-03-24,23.900000,23.326668,23.379999,23.379999
2015-03-25,23.526667,22.823334,23.103333,23.103333
2015-03-26,23.616667,22.388332,23.575001,23.575001
2015-03-27,24.521667,23.618334,24.406668,24.406668
2015-03-30,25.073334,24.553333,24.768333,24.768333
2015-03-31,24.731667,24.198334,24.346666,24.346666
2015-04-01,24.406668,23.256666,23.588333,23.588333
2015-04-02,23.815001,23.381666,23.635000,23.635000
2015-04-06,23.806667,23.436666,23.606667,23.606667
2015-04-07,24.465000,23.656668,24.138332,24.138332
2015-04-08,24.690001,24.170000,24.545000,24.545000
2015-04-09,24.583332,24.051666,24.341667,24.341667
2015-04-10,24.696667,24.166668,24.661667,24.661667
2015-04-13,24.648333,24.141666,24.191668,24.191668
2015-04-14,24.283333,23.888332,24.090000,24.090000
2015-04-15,24.258333,23.971666,24.118334,24.118334
2015-04-16,24.603333,24.036667,24.465000,24.465000
2015-04-17,24.278334,23.666668,23.750000,23.750000
2015-04-20,24.436666,23.908333,24.418333,24.418333
2015-04-21,25.741667,24.590000,25.728333,25.728333
2015-04-22,25.816668,25.333332,25.645000,25.645000
2015-04-23,26.065001,25.261667,25.796667,25.796667
2015-04-24,26.040001,25.478333,25.639999,25.639999
2015-04-27,26.373333,25.553333,25.638332,25.638332
2015-04-28,25.889999,25.126667,25.546667,25.546667
2015-04-29,25.646667,25.145000,25.336666,25.336666
2015-04-30,25.530001,24.520000,24.620001,24.620001
2015-05-01,25.250000,24.695000,25.136667,25.136667
2015-05-04,25.716667,25.216667,25.461666,25.461666
2015-05-05,25.278334,24.350000,24.504999,24.504999
2015-05-06,24.584999,24.070000,24.299999,24.299999
2015-05-07,25.070000,24.348333,24.901667,24.901667
2015-05-08,25.498333,25.038334,25.183332,25.183332
2015-05-11,25.500000,25.186666,25.303333,25.303333
2015-05-12,25.401667,24.885000,25.278334,25.278334
2015-05-13,25.461666,25.138332,25.246668,25.246668
2015-05-14,25.666668,25.283333,25.618334,25.618334
2015-05-15,25.791668,25.351667,25.786667,25.786667
2015-05-18,26.358334,25.583332,26.288334,26.288334
2015-05-19,26.663334,26.351667,26.388332,26.388332
2015-05-20,26.666668,26.083332,26.420000,26.420000
2015-05-21,26.763332,26.283333,26.690001,26.690001
2015-05-22,27.201668,26.583332,27.145000,27.145000
2015-05-26,27.514999,27.000000,27.306667,27.306667
2015-05-27,27.333332,26.726667,26.775000,26.775000
2015-05-28,28.306667,27.049999,27.728333,27.728333
2015-05-29,28.306667,27.551666,28.248333,28.248333
2015-06-01,28.666668,28.196667,28.416668,28.416668
2015-06-02,28.581667,28.026667,28.083332,28.083332
2015-06-03,28.423332,27.900000,28.198334,28.198334
2015-06-04,28.306667,28.011667,28.125000,28.125000
2015-06-05,28.996668,28.091667,28.931667,28.931667
2015-06-08,29.416668,28.608334,28.803333,28.803333
2015-06-09,28.888332,27.945000,28.663334,28.663334
2015-06-10,29.190001,28.469999,29.111668,29.111668
2015-06-11,29.469999,28.799999,29.105000,29.105000
2015-06-12,29.411667,28.848333,29.308332,29.308332
2015-06-15,29.566668,28.883333,29.473333,29.473333
2015-06-16,29.799999,29.303333,29.450001,29.450001
2015-06-17,30.290001,29.501667,30.106667,30.106667
2015-06-18,30.660000,30.250000,30.480000,30.480000
2015-06-19,30.799999,30.233334,30.680000,30.680000
2015-06-22,30.833332,30.258333,30.673332,30.673332
2015-06-23,30.760000,30.063334,30.321667,30.321667
2015-06-24,30.260000,29.793333,29.856667,29.856667
2015-06-25,30.120001,29.690001,29.803333,29.803333
2015-06-26,29.973333,29.000000,29.209999,29.209999
2015-06-29,29.115000,28.053333,28.641666,28.641666
2015-06-30,29.373333,28.898333,29.116667,29.116667
2015-07-01,29.713333,29.299999,29.356667,29.356667
2015-07-02,29.518333,28.691668,28.983334,28.983334
2015-07-06,29.528334,28.730000,29.219999,29.219999
2015-07-07,29.166668,27.969999,28.584999,28.584999
2015-07-08,29.096666,28.256666,28.746668,28.746668
2015-07-09,29.368334,28.965000,29.135000,29.135000
2015-07-10,30.191668,29.025000,30.133333,30.133333
2015-07-13,30.656668,29.866667,30.188334,30.188334
2015-07-14,31.059999,30.286667,30.708332,30.708332
2015-07-15,30.988333,30.553333,30.856667,30.856667
2015-07-16,31.958332,30.916668,31.676666,31.676666
2015-07-17,32.116669,31.684999,31.875000,31.875000
2015-07-20,31.924999,31.386667,31.671667,31.671667
2015-07-21,32.078335,31.518333,32.011665,32.011665
2015-07-22,32.296665,31.638332,32.066666,32.066666
2015-07-23,33.349998,32.466667,32.848331,32.848331
2015-07-24,33.424999,32.564999,32.813332,32.813332
2015-07-27,32.466667,30.753332,31.048332,31.048332
2015-07-28,31.471666,30.625000,31.138332,31.138332
2015-07-29,31.156668,30.285000,30.608334,30.608334
2015-07-30,31.090000,30.166668,30.865000,30.865000
2015-07-31,31.326668,30.613333,30.971666,30.971666
2015-08-03,31.318333,30.513332,30.818333,30.818333
2015-08-04,31.286667,30.559999,30.916668,30.916668
2015-08-05,31.799999,31.063334,31.711666,31.711666
2015-08-06,31.833332,28.975000,29.081667,29.081667
2015-08-07,29.383333,28.020000,29.253332,29.253332
2015-08-10,30.059999,29.035000,29.493334,29.493334
2015-08-11,29.576668,28.584999,28.988333,28.988333
2015-08-12,29.049999,27.106667,28.500000,28.500000
2015-08-13,29.208332,28.559999,28.793333,28.793333
2015-08-14,29.010000,28.478333,28.923332,28.923332
2015-08-17,29.400000,28.528334,29.295000,29.295000
2015-08-18,29.580000,28.858334,28.941668,28.941668
2015-08-19,29.323334,28.568333,29.020000,29.020000
2015-08-20,28.719999,26.583332,26.770000,26.770000
2015-08-21,27.386667,25.178333,26.498333,26.498333
2015-08-24,26.540001,23.398333,25.834999,25.834999
2015-08-25,27.456667,26.353333,26.400000,26.400000
2015-08-26,28.166668,26.825001,27.991667,27.991667
2015-08-27,28.511667,27.441668,27.963333,27.963333
2015-08-28,28.288334,27.643333,28.000000,28.000000
2015-08-31,28.246668,27.184999,27.370001,27.370001
2015-09-01,27.753332,26.705000,26.975000,26.975000
2015-09-02,27.508333,26.434999,27.264999,27.264999
2015-09-03,27.628332,26.895000,27.006666,27.006666
2015-09-04,27.468332,26.433332,27.065001,27.065001
2015-09-08,27.790001,27.038334,27.745001,27.745001
2015-09-09,28.250000,27.508333,27.528334,27.528334
2015-09-10,29.946667,28.333332,29.566668,29.566668
2015-09-11,29.910000,29.070000,29.565001,29.565001
2015-09-14,29.956667,29.174999,29.923332,29.923332
2015-09-15,30.663334,29.945000,30.531668,30.531668
2015-09-16,30.615000,30.110001,30.424999,30.424999
2015-09-17,31.105000,30.218332,30.713333,30.713333
2015-09-18,31.026667,30.230000,30.830000,30.830000
2015-09-21,31.620001,30.303333,30.900000,30.900000
2015-09-22,30.738333,29.629999,30.014999,30.014999
2015-09-23,30.108334,29.520000,29.883333,29.883333
2015-09-24,30.183332,29.465000,30.128332,30.128332
2015-09-25,30.813334,29.958332,30.135000,30.135000
2015-09-28,30.266666,28.965000,29.283333,29.283333
2015-09-29,29.333332,27.684999,27.968332,27.968332
2015-09-30,28.831667,27.656668,28.666668,28.666668
2015-10-01,28.945000,27.936666,28.610001,28.610001
2015-10-02,29.283333,28.018333,29.201668,29.201668
2015-10-05,29.793333,29.001667,29.540001,29.540001
2015-10-06,29.790001,28.503332,29.020000,29.020000
2015-10-07,29.631666,28.538334,29.163334,29.163334
2015-10-08,29.125000,27.940001,28.264999,28.264999
2015-10-09,28.766666,27.875000,28.646667,28.646667
2015-10-12,28.500000,27.725000,27.968332,27.968332
2015-10-13,28.500000,27.583332,27.855000,27.855000
2015-10-14,27.933332,27.073334,27.386667,27.386667
2015-10-15,28.551666,27.500000,28.443333,28.443333
2015-10-16,28.681667,28.174999,28.629999,28.629999
2015-10-19,28.996668,27.700001,27.993334,27.993334
2015-10-20,28.183332,27.420000,27.676666,27.676666
2015-10-21,27.921667,26.236668,26.635000,26.635000
2015-10-22,27.750000,26.921667,27.690001,27.690001
2015-10-23,27.266666,25.850000,26.533333,26.533333
2015-10-26,26.523333,25.584999,25.684999,25.684999
2015-10-27,26.498333,25.035000,26.433332,26.433332
2015-10-28,27.463333,26.033333,27.308332,27.308332
2015-10-29,27.174999,26.176666,26.316668,26.316668
2015-10-30,27.228333,26.459999,26.833332,26.833332
2015-11-02,27.594999,26.618334,27.355000,27.355000
2015-11-03,28.051666,27.205000,27.879999,27.879999
2015-11-04,28.166668,27.520000,27.735001,27.735001
2015-11-05,27.213333,25.965000,26.655001,26.655001
2015-11-06,27.013332,26.516666,26.969999,26.969999
2015-11-09,27.106667,26.715000,26.868334,26.868334
2015-11-10,26.860001,26.145000,26.215000,26.215000
2015-11-11,26.381666,25.480000,25.963333,25.963333
2015-11-12,26.138332,25.501667,26.116667,26.116667
2015-11-13,26.316668,25.983334,26.106667,26.106667
2015-11-16,26.548332,26.001667,26.458332,26.458332
2015-11-17,27.330000,26.598333,27.195000,27.195000
2015-11-18,27.451668,26.793333,27.278334,27.278334
2015-11-19,28.081667,27.213333,27.898333,27.898333
2015-11-20,28.576668,27.698334,28.495001,28.495001
2015-11-23,28.783333,27.833332,28.670000,28.670000
2015-11-24,30.850000,29.745001,30.475000,30.475000
2015-11-25,30.648333,30.190001,30.368334,30.368334
2015-11-27,31.016666,30.376667,30.985001,30.985001
2015-11-30,31.383333,30.841667,31.223333,31.223333
2015-12-01,31.666668,30.764999,31.490000,31.490000
2015-12-02,32.281666,31.395000,31.798332,31.798332
2015-12-03,32.455002,31.181667,31.270000,31.270000
2015-12-04,32.133331,31.070000,31.945000,31.945000
2015-12-07,32.073334,31.391666,32.008331,32.008331
2015-12-08,32.438332,31.431667,32.256668,32.256668
2015-12-09,32.226665,31.365000,31.680000,31.680000
2015-12-10,32.044998,31.461666,31.665001,31.665001
2015-12-11,31.398333,30.653334,30.838333,30.838333
2015-12-14,30.690001,29.398333,30.615000,30.615000
2015-12-15,31.434999,30.673332,30.958332,30.958332
2015-12-16,31.299999,30.406668,31.213333,31.213333
2015-12-17,31.641666,30.791668,31.094999,31.094999
2015-12-18,31.344999,30.423332,30.481667,30.481667
2015-12-21,30.735001,29.709999,30.351667,30.351667
2015-12-22,30.448334,29.815001,30.275000,30.275000
2015-12-23,30.500000,29.833332,30.216667,30.216667
2015-12-24,30.293333,29.711666,29.788334,29.788334
2015-12-28,29.934999,28.943333,29.440001,29.440001
2015-12-29,29.798332,29.273333,29.628332,29.628332
2015-12-30,30.016666,29.333332,29.465000,29.465000
2015-12-31,29.600000,29.254999,29.356667,29.356667
2016-01-04,28.959999,28.200001,28.586666,28.586666
2016-01-05,28.955000,28.344999,28.426666,28.426666
2016-01-06,28.398333,27.660000,27.885000,27.885000
2016-01-07,28.209999,27.000000,27.346666,27.346666
2016-01-08,27.885000,27.100000,27.123333,27.123333
2016-01-11,27.371668,26.608334,27.003332,27.003332
2016-01-12,27.643333,26.288334,26.898333,26.898333
2016-01-13,27.205000,25.506666,25.666668,25.666668
2016-01-14,27.123333,25.010000,26.520000,26.520000
2016-01-15,26.145000,25.350000,25.803333,25.803333
2016-01-19,26.219999,24.290001,24.873333,24.873333
2016-01-20,24.718332,22.648333,24.483334,24.483334
2016-01-21,25.206667,23.841667,24.100000,24.100000
2016-01-22,24.943333,24.361668,24.750000,24.750000
2016-01-25,24.978333,24.348333,24.428333,24.428333
2016-01-26,25.201668,24.173332,24.711666,24.711666
2016-01-27,24.831667,24.250000,24.391666,24.391666
2016-01-28,24.616667,22.805000,23.296667,23.296667
2016-01-29,25.645000,23.771667,24.915001,24.915001
2016-02-01,25.195000,24.395000,25.091667,25.091667
2016-02-02,24.943333,23.958332,24.338333,24.338333
2016-02-03,24.548332,23.531668,24.125000,24.125000
2016-02-04,24.438334,23.000000,24.215000,24.215000
2016-02-05,23.315001,20.625000,21.251667,21.251667
2016-02-08,20.666668,18.514999,19.281668,19.281668
2016-02-09,20.875000,18.833332,19.676666,19.676666
2016-02-10,21.023333,19.848333,20.070000,20.070000
2016-02-11,20.988333,19.601667,20.728333,20.728333
2016-02-12,20.748333,19.549999,20.623333,20.623333
2016-02-16,21.650000,20.799999,21.290001,21.290001
2016-02-17,22.288334,21.250000,22.111668,22.111668
2016-02-18,21.650000,19.813334,20.510000,20.510000
2016-02-19,21.283333,20.283333,21.193333,21.193333
2016-02-22,22.625000,21.211666,21.690001,21.690001
2016-02-23,21.906668,21.081667,21.251667,21.251667
2016-02-24,21.471666,20.450001,21.323334,21.323334
2016-02-25,23.896667,20.523333,23.381666,23.381666
2016-02-26,25.655001,23.570000,24.598333,24.598333
2016-02-29,24.656668,23.893333,24.131666,24.131666
2016-03-01,24.805000,23.956667,24.773333,24.773333
2016-03-02,24.976667,24.253332,24.686666,24.686666
2016-03-03,25.395000,24.521667,25.336666,25.336666
2016-03-04,25.719999,25.075001,25.161667,25.161667
2016-03-07,25.805000,24.923332,25.740000,25.740000
2016-03-08,25.633333,25.221666,25.438334,25.438334
2016-03-09,25.719999,25.283333,25.525000,25.525000
2016-03-10,25.823334,24.701668,25.125000,25.125000
2016-03-11,26.463333,25.583332,26.303333,26.303333
2016-03-14,26.166668,25.594999,25.828333,25.828333
2016-03-15,26.020000,25.348333,25.555000,25.555000
2016-03-16,25.938334,25.183332,25.785000,25.785000
2016-03-17,25.998333,25.180000,25.615000,25.615000
2016-03-18,26.344999,25.771667,25.955000,25.955000
2016-03-21,26.113333,25.500000,25.816668,25.816668
2016-03-22,26.598333,25.658333,26.405001,26.405001
2016-03-23,26.600000,25.826668,25.831667,25.831667
2016-03-24,26.053333,25.500000,25.955000,25.955000
2016-03-28,26.246668,25.533333,26.031668,26.031668
2016-03-29,26.715000,25.928333,26.549999,26.549999
2016-03-30,27.368334,26.866667,26.998333,26.998333
2016-03-31,27.548332,26.753332,27.190001,27.190001
2016-04-01,27.008333,26.501667,26.853333,26.853333
2016-04-04,27.291668,26.709999,26.931667,26.931667
2016-04-05,26.166668,25.171667,25.320000,25.320000
2016-04-06,26.396667,25.503332,26.370001,26.370001
2016-04-07,25.833332,24.841667,24.933332,24.933332
2016-04-08,25.283333,24.148333,24.641666,24.641666
2016-04-11,24.848333,23.280001,23.406668,23.406668
2016-04-12,23.463333,22.459999,23.173332,23.173332
2016-04-13,23.691668,23.290001,23.680000,23.680000
2016-04-14,23.748333,23.105000,23.451668,23.451668
2016-04-15,23.584999,23.275000,23.443333,23.443333
2016-04-18,23.934999,23.403334,23.590000,23.590000
2016-04-19,23.661667,23.091667,23.379999,23.379999
2016-04-20,23.556667,22.638332,23.385000,23.385000
2016-04-21,24.498333,23.621668,24.408333,24.408333
2016-04-22,24.971666,24.250000,24.753332,24.753332
2016-04-25,25.240000,24.566668,25.084999,25.084999
2016-04-26,25.545000,24.936666,25.133333,25.133333
2016-04-27,26.001667,25.165001,26.001667,26.001667
2016-04-28,26.213333,25.183332,25.240000,25.240000
2016-04-29,25.395000,24.486668,25.145000,25.145000
2016-05-02,25.331667,24.860001,25.313334,25.313334
2016-05-03,25.080000,24.436666,24.501667,24.501667
2016-05-04,24.371668,23.491667,23.678333,23.678333
2016-05-05,23.910000,23.381666,23.448334,23.448334
2016-05-06,23.240000,21.915001,22.690001,22.690001
2016-05-09,23.361668,22.761667,23.208332,23.208332
2016-05-10,23.666668,22.959999,23.406668,23.406668
2016-05-11,23.844999,23.241667,23.248333,23.248333
2016-05-12,22.991667,21.513332,21.588333,21.588333
2016-05-13,21.968332,21.418333,21.828333,21.828333
2016-05-16,22.646667,21.873333,22.456667,22.456667
2016-05-17,22.651667,22.254999,22.344999,22.344999
2016-05-18,22.889999,22.173332,22.791668,22.791668
2016-05-19,23.700001,22.931667,23.201668,23.201668
2016-05-20,23.746668,23.090000,23.626667,23.626667
2016-05-23,24.231667,23.583332,23.995001,23.995001
2016-05-24,24.413334,23.941668,24.351667,24.351667
2016-05-25,24.570000,23.898333,24.281668,24.281668
2016-05-26,24.716667,24.075001,24.696667,24.696667
2016-05-27,22.541668,21.375000,21.643333,21.643333
2016-05-31,21.830000,21.375000,21.743334,21.743334
2016-06-01,22.478333,21.411667,22.411667,22.411667
2016-06-02,23.471666,22.261667,23.455000,23.455000
2016-06-03,23.391666,22.883333,23.273333,23.273333
2016-06-06,23.458332,23.110001,23.266666,23.266666
2016-06-07,23.250000,22.773333,22.876667,22.876667
2016-06-08,22.956667,22.738333,22.828333,22.828333
2016-06-09,22.771667,22.461666,22.473333,22.473333
2016-06-10,22.285000,21.786667,21.876667,21.876667
2016-06-13,22.406668,21.683332,21.951668,21.951668
2016-06-14,22.206667,21.625000,21.706667,21.706667
2016-06-15,22.186666,21.763332,21.844999,21.844999
2016-06-16,21.741667,21.276667,21.660000,21.660000
2016-06-17,21.731667,21.151667,21.383333,21.383333
2016-06-20,21.761667,21.330000,21.360001,21.360001
2016-06-21,21.410000,20.990000,21.145000,21.145000
2016-06-22,21.243334,20.706667,20.758333,20.758333
2016-06-23,21.173332,20.851667,21.108334,21.108334
2016-06-24,20.764999,20.168333,20.296667,20.296667
2016-06-27,20.183332,19.106667,19.459999,19.459999
2016-06-28,20.068333,19.468332,19.736668,19.736668
2016-06-29,20.750000,19.991667,20.533333,20.533333
2016-06-30,20.963333,20.223333,20.440001,20.440001
2016-07-01,20.678333,20.108334,20.178333,20.178333
2016-07-05,20.101667,19.633333,19.813334,19.813334
2016-07-06,20.160000,19.503332,19.995001,19.995001
2016-07-07,20.428333,19.951668,20.271667,20.271667
2016-07-08,21.100000,20.254999,20.990000,20.990000
2016-07-11,21.450001,21.021667,21.336666,21.336666
2016-07-12,21.415001,20.791668,21.148333,21.148333
2016-07-13,21.408333,21.138332,21.223333,21.223333
2016-07-14,21.601667,20.666668,20.771667,20.771667
2016-07-15,20.921667,20.516666,20.611668,20.611668
2016-07-18,20.828333,20.568333,20.671667,20.671667
2016-07-19,21.184999,20.676666,20.910000,20.910000
2016-07-20,21.780001,21.031668,21.584999,21.584999
2016-07-21,21.700001,20.958332,21.100000,21.100000
2016-07-22,21.688334,21.203333,21.581667,21.581667
2016-07-25,22.160000,21.506666,21.920000,21.920000
2016-07-26,22.233334,21.608334,22.160000,22.160000
2016-07-27,22.450001,21.781668,21.844999,21.844999
2016-07-28,22.238333,21.771667,22.111668,22.111668
2016-07-29,22.014999,21.483334,21.815001,21.815001
2016-08-01,21.915001,21.271667,21.413334,21.413334
2016-08-02,21.543333,20.911667,21.398333,21.398333
2016-08-03,21.653334,21.293333,21.601667,21.601667
2016-08-04,22.018333,21.643333,21.906668,21.906668
2016-08-05,21.985001,21.438334,21.963333,21.963333
2016-08-08,22.000000,21.388332,21.400000,21.400000
2016-08-09,21.841667,21.338333,21.806667,21.806667
2016-08-10,21.388332,20.790001,20.844999,20.844999
2016-08-11,21.094999,20.833332,20.911667,20.911667
2016-08-12,21.348333,20.848333,21.196667,21.196667
2016-08-15,21.863333,21.086666,21.833332,21.833332
2016-08-16,22.883333,21.876667,22.600000,22.600000
2016-08-17,23.183332,22.271667,22.683332,22.683332
2016-08-18,22.950001,22.299999,22.848333,22.848333
2016-08-19,22.851667,22.338333,22.790001,22.790001
2016-08-22,23.063334,22.643333,22.923332,22.923332
2016-08-23,23.886667,23.133333,23.684999,23.684999
2016-08-24,23.875000,23.334999,23.395000,23.395000
2016-08-25,23.733334,23.276667,23.398333,23.398333
2016-08-26,23.558332,23.100000,23.446667,23.446667
2016-08-29,23.740000,23.245001,23.581667,23.581667
2016-08-30,24.041668,23.500000,23.908333,23.908333
2016-08-31,22.625000,21.691668,22.195000,22.195000
2016-09-01,23.556667,22.211666,23.443333,23.443333
2016-09-02,24.343332,23.270000,24.196667,24.196667
2016-09-06,24.618334,24.063334,24.161667,24.161667
2016-09-07,24.795000,24.166668,24.555000,24.555000
2016-09-08,24.733334,24.418333,24.496668,24.496668
2016-09-09,24.743334,24.056667,24.068333,24.068333
2016-09-12,24.581667,23.754999,24.525000,24.525000
2016-09-13,24.808332,24.161667,24.510000,24.510000
2016-09-14,25.078333,24.398333,24.721666,24.721666
2016-09-15,25.145000,24.703333,24.748333,24.748333
2016-09-16,24.973333,24.498333,24.850000,24.850000
2016-09-19,25.331667,24.906668,25.123333,25.123333
2016-09-20,25.330000,25.004999,25.011667,25.011667
2016-09-21,25.000000,24.686666,24.936666,24.936666
2016-09-22,25.540001,25.073334,25.430000,25.430000
2016-09-23,25.695000,25.158333,25.203333,25.203333
2016-09-26,25.118334,24.809999,24.973333,24.973333
2016-09-27,25.326668,24.926666,25.316668,25.316668
2016-09-28,25.801666,25.331667,25.760000,25.760000
2016-09-29,26.238333,25.608334,26.013332,26.013332
2016-09-30,26.666668,26.031668,26.555000,26.555000
2016-10-03,26.623333,26.093332,26.513332,26.513332
2016-10-04,26.821667,26.356667,26.670000,26.670000
2016-10-05,27.168333,26.571667,26.891666,26.891666
2016-10-06,26.818333,26.395000,26.600000,26.600000
2016-10-07,26.831667,26.350000,26.653334,26.653334
2016-10-10,26.813334,26.588333,26.623333,26.623333
2016-10-11,26.616667,25.856667,25.913334,25.913334
2016-10-12,25.876667,24.536667,25.703333,25.703333
2016-10-13,25.530001,25.013332,25.226667,25.226667
2016-10-14,25.665001,25.071667,25.081667,25.081667
2016-10-17,25.286667,24.313334,24.333332,24.333332
2016-10-18,24.941668,24.610001,24.743334,24.743334
2016-10-19,24.993334,24.623333,24.693333,24.693333
2016-10-20,24.855000,24.385000,24.756666,24.756666
2016-10-21,25.131666,24.580000,25.028334,25.028334
2016-10-24,25.576668,25.126667,25.254999,25.254999
2016-10-25,25.299999,24.915001,24.969999,24.969999
2016-10-26,25.416668,24.834999,25.241667,25.241667
2016-10-27,25.559999,24.923332,24.941668,24.941668
2016-10-28,25.478333,24.860001,25.264999,25.264999
2016-10-31,25.933332,25.351667,25.638332,25.638332
2016-11-01,25.639999,25.040001,25.301666,25.301666
2016-11-02,25.331667,24.396667,24.469999,24.469999
2016-11-03,24.808332,24.200001,24.266666,24.266666
2016-11-04,25.083332,24.316668,24.666668,24.666668
2016-11-07,25.575001,25.083332,25.405001,25.405001
2016-11-08,25.828333,25.213333,25.488333,25.488333
2016-11-09,26.516666,25.230000,26.503332,26.503332
2016-11-10,27.219999,25.115000,25.318333,25.318333
2016-11-11,26.233334,24.930000,26.001667,26.001667
2016-11-14,26.500000,25.916668,26.075001,26.075001
2016-11-15,26.928333,26.260000,26.575001,26.575001
2016-11-16,27.000000,26.344999,26.738333,26.738333
2016-11-17,27.615000,26.566668,27.358334,27.358334
2016-11-18,27.428333,26.716667,26.891666,26.891666
2016-11-21,27.106667,26.386667,26.843332,26.843332
2016-11-22,24.041668,23.016666,23.288334,23.288334
2016-11-23,23.476667,23.018333,23.281668,23.281668
2016-11-25,23.588333,23.209999,23.584999,23.584999
2016-11-28,23.666668,22.573334,22.709999,22.709999
2016-11-29,22.865000,22.184999,22.263332,22.263332
2016-11-30,22.558332,22.020000,22.395000,22.395000
2016-12-01,22.465000,21.580000,21.603333,21.603333
2016-12-02,21.556667,21.011667,21.110001,21.110001
2016-12-05,21.795000,21.228333,21.491667,21.491667
2016-12-06,21.715000,21.313334,21.558332,21.558332
2016-12-07,21.660000,21.091667,21.561666,21.561666
2016-12-08,21.993334,21.513332,21.773333,21.773333
2016-12-09,21.996668,21.481667,21.678333,21.678333
2016-12-12,21.753332,21.166668,21.298332,21.298332
2016-12-13,21.645000,21.318333,21.540001,21.540001
2016-12-14,21.591667,21.216667,21.368334,21.368334
2016-12-15,21.709999,21.416668,21.501667,21.501667
2016-12-16,21.563334,21.330000,21.553333,21.553333
2016-12-19,21.666668,21.333332,21.406668,21.406668
2016-12-20,21.631666,20.966667,21.053333,21.053333
2016-12-21,21.221666,20.844999,21.018333,21.018333
2016-12-22,21.203333,20.594999,20.843332,20.843332
2016-12-23,21.251667,20.833332,21.233334,21.233334
2016-12-27,21.358334,21.091667,21.181667,21.181667
2016-12-28,21.219999,20.799999,20.828333,20.828333
2016-12-29,21.151667,20.753332,20.855000,20.855000
2016-12-30,21.065001,20.764999,20.841667,20.841667
2017-01-03,21.321667,20.969999,21.156668,21.156668
2017-01-04,21.355000,21.035000,21.333332,21.333332
2017-01-05,22.500000,21.325001,21.995001,21.995001
2017-01-06,22.705000,21.866667,22.508333,22.508333
2017-01-09,22.623333,22.184999,22.286667,22.286667
2017-01-10,22.583332,22.184999,22.446667,22.446667
2017-01-11,23.000000,22.513332,22.916668,22.916668
2017-01-12,22.883333,22.243334,22.726667,22.726667
2017-01-13,23.238333,22.796667,23.080000,23.080000
2017-01-17,23.250000,22.750000,23.075001,23.075001
2017-01-18,23.150000,22.598333,23.126667,23.126667
2017-01-19,23.938334,23.416668,23.653334,23.653334
2017-01-20,23.830000,23.580000,23.684999,23.684999
2017-01-23,23.740000,23.326668,23.473333,23.473333
2017-01-24,24.098333,23.351667,23.996668,23.996668
2017-01-25,24.690001,24.184999,24.353333,24.353333
2017-01-26,24.666668,24.084999,24.258333,24.258333
2017-01-27,24.271667,23.865000,24.196667,24.196667
2017-01-30,24.190001,23.711666,24.146667,24.146667
2017-01-31,24.730000,24.020000,24.593332,24.593332
2017-02-01,24.708332,24.101667,24.348333,24.348333
2017-02-02,24.475000,24.150000,24.261667,24.261667
2017-02-03,25.266666,24.631666,25.170000,25.170000
2017-02-06,25.013332,24.790001,24.940001,24.940001
2017-02-07,25.278334,24.986668,25.025000,25.025000
2017-02-08,25.315001,25.000000,25.315001,25.315001
2017-02-09,25.961666,25.421667,25.915001,25.915001
2017-02-10,26.081667,25.825001,25.881666,25.881666
2017-02-13,26.163334,25.834999,26.038334,26.038334
2017-02-14,26.183332,25.559999,26.151667,26.151667
2017-02-15,26.275000,25.844999,25.891666,25.891666
2017-02-16,25.958332,25.233334,25.488333,25.488333
2017-02-17,25.805000,25.001667,25.793333,25.793333
2017-02-21,26.251667,25.708332,25.966667,25.966667
2017-02-22,26.098333,25.770000,25.895000,25.895000
2017-02-23,25.895000,25.048332,25.456667,25.456667
2017-02-24,25.501667,24.688334,25.501667,25.501667
2017-02-27,25.850000,25.383333,25.658333,25.658333
2017-02-28,25.708332,25.173332,25.316668,25.316668
2017-03-01,25.316668,19.168333,19.201668,19.201668
2017-03-02,19.629999,19.166668,19.415001,19.415001
2017-03-03,19.655001,19.200001,19.258333,19.258333
2017-03-06,19.441668,18.950001,19.108334,19.108334
2017-03-07,19.438334,19.028334,19.041668,19.041668
2017-03-08,19.333332,19.033333,19.091667,19.091667
2017-03-09,19.305000,19.011667,19.174999,19.174999
2017-03-10,19.900000,19.151667,19.813334,19.813334
2017-03-13,19.958332,19.466667,19.613333,19.613333
2017-03-14,19.658333,19.333332,19.440001,19.440001
2017-03-15,19.581667,19.260000,19.491667,19.491667
2017-03-16,19.629999,19.340000,19.496668,19.496668
2017-03-17,19.600000,19.296667,19.301666,19.301666
2017-03-20,19.346666,18.983334,19.145000,19.145000
2017-03-21,19.316668,18.461666,18.516666,18.516666
2017-03-22,18.770000,18.381666,18.620001,18.620001
2017-03-23,18.833332,18.620001,18.648333,18.648333
2017-03-24,18.846666,18.533333,18.628332,18.628332
2017-03-27,18.725000,18.340000,18.633333,18.633333
2017-03-28,18.903334,18.618334,18.811666,18.811666
2017-03-29,19.118334,18.816668,18.905001,18.905001
2017-03-30,19.201668,18.895000,18.916668,18.916668
2017-03-31,19.025000,18.736668,18.780001,18.780001
2017-04-03,18.955000,18.370001,18.503332,18.503332
2017-04-04,18.631666,18.276667,18.303333,18.303333
2017-04-05,18.408333,17.885000,18.001667,18.001667
2017-04-06,18.510000,18.083332,18.480000,18.480000
2017-04-07,18.870001,18.514999,18.700001,18.700001
2017-04-10,18.790001,18.573334,18.735001,18.735001
2017-04-11,18.936666,18.500000,18.911667,18.911667
2017-04-12,19.033333,18.751667,18.896667,18.896667
2017-04-13,19.016666,18.700001,18.701668,18.701668
2017-04-17,18.638332,18.125000,18.311666,18.311666
2017-04-18,18.365000,18.086666,18.181667,18.181667
2017-04-19,18.378332,18.086666,18.193333,18.193333
2017-04-20,18.338333,18.068333,18.139999,18.139999
2017-04-21,18.264999,17.980000,18.091667,18.091667
2017-04-24,18.353333,18.093332,18.303333,18.303333
2017-04-25,18.526667,18.348333,18.400000,18.400000
2017-04-26,18.496668,18.173332,18.211666,18.211666
2017-04-27,18.498333,18.280001,18.325001,18.325001
2017-04-28,18.303333,17.895000,18.068333,18.068333
2017-05-01,18.206667,18.025000,18.070000,18.070000
2017-05-02,18.343332,18.066668,18.318333,18.318333
2017-05-03,18.988333,18.535000,18.856667,18.856667
2017-05-04,19.611668,18.888332,19.273333,19.273333
2017-05-05,19.533333,19.146667,19.385000,19.385000
2017-05-08,19.536667,19.271667,19.471666,19.471666
2017-05-09,19.770000,19.368334,19.716667,19.716667
2017-05-10,19.459999,19.126667,19.305000,19.305000
2017-05-11,19.283333,19.031668,19.191668,19.191668
2017-05-12,19.416668,19.026667,19.410000,19.410000
2017-05-15,20.346666,19.866667,19.934999,19.934999
2017-05-16,20.108334,19.700001,19.778334,19.778334
2017-05-17,19.738333,19.056667,19.078333,19.078333
2017-05-18,19.088333,18.716667,18.951668,18.951668
2017-05-19,19.673332,19.110001,19.416668,19.416668
2017-05-22,19.628332,19.316668,19.518333,19.518333
2017-05-23,19.828333,19.418333,19.686666,19.686666
2017-05-24,19.751667,19.456667,19.661667,19.661667
2017-05-25,19.895000,19.558332,19.606667,19.606667
2017-05-26,19.764999,19.375000,19.680000,19.680000
2017-05-30,19.928333,19.168333,19.500000,19.500000
2017-05-31,19.916668,19.293333,19.764999,19.764999
2017-06-01,23.328333,22.166668,23.165001,23.165001
2017-06-02,23.283333,22.721666,23.018333,23.018333
2017-06-05,23.498333,22.818333,23.420000,23.420000
2017-06-06,23.548332,23.096666,23.190001,23.190001
2017-06-07,23.549999,23.110001,23.338333,23.338333
2017-06-08,23.333332,22.905001,23.203333,23.203333
2017-06-09,23.299999,22.216667,22.340000,22.340000
2017-06-12,22.166668,21.413334,22.166668,22.166668
2017-06-13,22.611668,22.115000,22.458332,22.458332
2017-06-14,22.573334,22.051666,22.313334,22.313334
2017-06-15,22.113333,21.473333,22.006666,22.006666
2017-06-16,22.126667,21.781668,21.931667,21.931667
2017-06-19,22.421667,21.918333,22.356667,22.356667
2017-06-20,22.350000,22.041668,22.055000,22.055000
2017-06-21,22.275000,21.908333,22.156668,22.156668
2017-06-22,22.758333,22.120001,22.676666,22.676666
2017-06-23,23.156668,22.636667,23.068333,23.068333
2017-06-26,23.120001,22.615000,22.851667,22.851667
2017-06-27,23.106667,22.473333,22.496668,22.496668
2017-06-28,22.788334,22.375000,22.698334,22.698334
2017-06-29,22.833332,22.205000,22.450001,22.450001
2017-06-30,22.703333,22.301666,22.301666,22.301666
2017-07-03,22.618334,22.066668,22.155001,22.155001
2017-07-05,22.443333,22.018333,22.305000,22.305000
2017-07-06,22.325001,21.958332,22.106667,22.106667
2017-07-07,23.058332,22.456667,22.691668,22.691668
2017-07-10,23.100000,22.600000,22.928333,22.928333
2017-07-11,23.266666,22.833332,23.143333,23.143333
2017-07-12,23.558332,23.203333,23.231667,23.231667
2017-07-13,23.983334,23.333332,23.500000,23.500000
2017-07-14,23.385000,23.096666,23.160000,23.160000
2017-07-17,23.215000,22.948334,23.110001,23.110001
2017-07-18,23.388332,22.885000,23.238333,23.238333
2017-07-19,23.730000,23.276667,23.461666,23.461666
2017-07-20,23.500000,22.969999,23.251667,23.251667
2017-07-21,23.240000,22.966667,23.120001,23.120001
2017-07-24,23.328333,23.091667,23.241667,23.241667
2017-07-25,23.326668,23.121668,23.243334,23.243334
2017-07-26,23.333332,23.033333,23.121668,23.121668
2017-07-27,23.233334,22.174999,22.503332,22.503332
2017-07-28,22.655001,22.195000,22.283333,22.283333
2017-07-31,22.408333,21.733334,21.963333,21.963333
2017-08-01,22.344999,22.065001,22.180000,22.180000
2017-08-02,22.480000,21.525000,21.891666,21.891666
2017-08-03,22.053333,21.743334,21.958332,21.958332
2017-08-04,22.049999,21.686666,21.745001,21.745001
2017-08-07,21.983334,21.568333,21.830000,21.830000
2017-08-08,21.775000,21.481667,21.606667,21.606667
2017-08-09,21.661667,21.338333,21.648333,21.648333
2017-08-10,21.639999,21.200001,21.286667,21.286667
2017-08-11,21.665001,21.093332,21.473333,21.473333
2017-08-14,21.950001,21.639999,21.823334,21.823334
2017-08-15,22.035000,21.668333,21.905001,21.905001
2017-08-16,22.228333,21.921667,22.155001,22.155001
2017-08-17,22.315001,21.750000,21.760000,21.760000
2017-08-18,21.965000,21.536667,21.711666,21.711666
2017-08-21,21.905001,21.459999,21.844999,21.844999
2017-08-22,22.236668,21.850000,22.076668,22.076668
2017-08-23,21.959999,21.601667,21.740000,21.740000
2017-08-24,22.088333,21.770000,21.956667,21.956667
2017-08-25,21.764999,21.263332,21.438334,21.438334
2017-08-28,21.735001,21.311666,21.546667,21.546667
2017-08-29,21.701668,21.136667,21.680000,21.680000
2017-08-30,22.141666,21.683332,22.133333,22.133333
2017-08-31,22.306667,22.021667,22.115000,22.115000
2017-09-01,24.791668,23.705000,24.445000,24.445000
2017-09-05,24.601667,23.975000,24.004999,24.004999
2017-09-06,24.316668,23.923332,24.121668,24.121668
2017-09-07,24.238333,23.875000,23.945000,23.945000
2017-09-08,24.646667,23.959999,24.004999,24.004999
2017-09-11,24.421667,24.041668,24.146667,24.146667
2017-09-12,24.146667,23.763332,23.926666,23.926666
2017-09-13,24.115000,23.833332,24.023333,24.023333
2017-09-14,23.953333,23.700001,23.750000,23.750000
2017-09-15,23.941668,23.750000,23.908333,23.908333
2017-09-18,24.219999,23.783333,23.905001,23.905001
2017-09-19,24.000000,23.735001,23.811666,23.811666
2017-09-20,23.913334,23.428333,23.625000,23.625000
2017-09-21,23.625000,23.200001,23.343332,23.343332
2017-09-22,23.540001,23.231667,23.376667,23.376667
2017-09-25,23.361668,22.865000,23.040001,23.040001
2017-09-26,23.388332,22.783333,23.328333,23.328333
2017-09-27,23.555000,23.226667,23.320000,23.320000
2017-09-28,23.618334,23.166668,23.448334,23.448334
2017-09-29,24.115000,23.495001,24.016666,24.016666
2017-10-02,24.315001,23.898333,24.100000,24.100000
2017-10-03,24.266666,24.036667,24.058332,24.058332
2017-10-04,24.146667,23.924999,24.008333,24.008333
2017-10-05,24.341667,24.006666,24.250000,24.250000
2017-10-06,24.625000,24.183332,24.561666,24.561666
2017-10-09,24.683332,24.334999,24.403334,24.403334
2017-10-10,25.558332,24.818333,25.086666,25.086666
2017-10-11,25.228333,24.771667,24.833332,24.833332
2017-10-12,24.956667,24.594999,24.706667,24.706667
2017-10-13,25.088333,24.698334,24.985001,24.985001
2017-10-16,25.046667,24.651667,24.834999,24.834999
2017-10-17,24.973333,24.696667,24.903334,24.903334
2017-10-18,25.155001,24.790001,24.948334,24.948334
2017-10-19,24.945000,24.663334,24.888332,24.888332
2017-10-20,25.098333,24.830000,24.934999,24.934999
2017-10-23,24.938334,24.176666,24.705000,24.705000
2017-10-24,24.936666,24.556667,24.873333,24.873333
2017-10-25,24.918333,24.631666,24.758333,24.758333
2017-10-26,24.906668,24.586666,24.799999,24.799999
2017-10-27,24.993334,24.363333,24.443333,24.443333
2017-10-30,24.625000,24.098333,24.594999,24.594999
2017-10-31,24.983334,24.481667,24.533333,24.533333
2017-11-01,24.656668,23.783333,23.998333,23.998333
2017-11-02,23.940001,23.333332,23.871668,23.871668
2017-11-03,24.461666,23.763332,24.393333,24.393333
2017-11-06,24.673332,24.363333,24.661667,24.661667
2017-11-07,24.758333,24.344999,24.448334,24.448334
2017-11-08,24.891666,24.500000,24.743334,24.743334
2017-11-09,24.245001,23.090000,23.166668,23.166668
2017-11-10,23.521667,22.833332,23.391666,23.391666
2017-11-13,23.456667,22.966667,23.111668,23.111668
2017-11-14,23.238333,22.951668,23.135000,23.135000
2017-11-15,23.040001,22.641666,23.035000,23.035000
2017-11-16,23.483334,22.978333,23.116667,23.116667
2017-11-17,23.828333,23.228333,23.786667,23.786667
2017-11-20,24.100000,23.596666,23.754999,23.754999
2017-11-21,26.141666,24.833332,24.900000,24.900000
2017-11-22,25.575001,24.943333,25.231667,25.231667
2017-11-24,25.358334,25.008333,25.106667,25.106667
2017-11-27,25.448334,24.965000,25.111668,25.111668
2017-11-28,25.160000,24.763332,24.850000,24.850000
2017-11-29,24.889999,24.056667,24.150000,24.150000
2017-11-30,24.406668,23.885000,24.291668,24.291668
2017-12-01,24.458332,23.721666,23.961666,23.961666
2017-12-04,24.541668,23.676666,23.815001,23.815001
2017-12-05,23.978333,23.621668,23.803333,23.803333
2017-12-06,23.901667,23.353333,23.561666,23.561666
2017-12-07,24.228333,23.458332,23.805000,23.805000
2017-12-08,24.215000,23.873333,23.981667,23.981667
2017-12-11,24.111668,23.870001,24.026667,24.026667
2017-12-12,24.235001,23.778334,23.915001,23.915001
2017-12-13,24.328333,23.803333,24.145000,24.145000
2017-12-14,24.441668,24.126667,24.238333,24.238333
2017-12-15,24.728333,24.270000,24.543333,24.543333
2017-12-18,24.863333,24.558332,24.708332,24.708332
2017-12-19,24.903334,24.658333,24.823334,24.823334
2017-12-20,24.886667,24.316668,24.570000,24.570000
2017-12-21,24.658333,24.378332,24.434999,24.434999
2017-12-22,24.531668,24.200001,24.358334,24.358334
2017-12-26,24.433332,24.006666,24.365000,24.365000
2017-12-27,24.466667,24.218332,24.459999,24.459999
2017-12-28,24.596666,24.388332,24.478333,24.478333
2017-12-29,24.469999,24.153334,24.156668,24.156668
2018-01-02,24.811666,24.183332,24.758333,24.758333
2018-01-03,24.991667,24.753332,24.946667,24.946667
2018-01-04,25.438334,24.808332,24.876667,24.876667
2018-01-05,25.514999,24.996668,25.495001,25.495001
2018-01-08,25.674999,25.281668,25.608334,25.608334
2018-01-09,25.833332,25.325001,25.381666,25.381666
2018-01-10,25.593332,25.223333,25.510000,25.510000
2018-01-11,25.820000,25.491667,25.693333,25.693333
2018-01-12,25.834999,25.445000,25.586666,25.586666
2018-01-16,25.873333,24.933332,25.266666,25.266666
2018-01-17,25.764999,25.286667,25.705000,25.705000
2018-01-18,26.463333,25.963333,26.303333,26.303333
2018-01-19,26.333332,26.090000,26.203333,26.203333
2018-01-22,25.691668,25.151667,25.645000,25.645000
2018-01-23,26.666668,25.875000,26.588333,26.588333
2018-01-24,26.750000,26.211666,26.379999,26.379999
2018-01-25,26.536667,25.991667,26.213333,26.213333
2018-01-26,26.703333,26.236668,26.618334,26.618334
2018-01-29,26.805000,26.100000,26.120001,26.120001
2018-01-30,26.113333,25.670000,25.738333,25.738333
2018-01-31,26.346666,25.855000,26.311666,26.311666
2018-02-01,26.756666,26.076668,26.601667,26.601667
2018-02-02,26.493334,25.828333,25.863333,25.863333
2018-02-05,26.523333,25.541668,25.590000,25.590000
2018-02-06,26.288334,24.956667,26.093332,26.093332
2018-02-07,26.206667,25.740000,26.001667,26.001667
2018-02-08,26.315001,25.038334,25.219999,25.219999
2018-02-09,25.975000,24.735001,25.645000,25.645000
2018-02-12,26.211666,25.623333,25.875000,25.875000
2018-02-13,26.243334,25.571667,26.148333,26.148333
2018-02-14,26.641666,25.958332,26.395000,26.395000
2018-02-15,26.915001,26.461666,26.764999,26.764999
2018-02-16,27.313334,26.705000,27.013332,27.013332
2018-02-20,27.365000,26.806667,27.153334,27.153334
2018-02-21,27.955000,27.378332,27.400000,27.400000
2018-02-22,27.833332,26.916668,26.996668,26.996668
2018-02-23,27.596666,26.851667,27.590000,27.590000
2018-02-26,28.286667,27.458332,28.219999,28.219999
2018-02-27,29.858334,28.750000,28.873333,28.873333
2018-02-28,29.223333,28.453333,28.895000,28.895000
2018-03-01,29.323334,28.520000,28.906668,28.906668
2018-03-02,29.521667,28.173332,29.461666,29.461666
2018-03-05,30.139999,29.316668,30.045000,30.045000
2018-03-06,30.593332,29.834999,30.536667,30.536667
2018-03-07,31.178333,30.205000,31.045000,31.045000
2018-03-08,31.356667,31.033333,31.275000,31.275000
2018-03-09,31.573334,31.073334,31.418333,31.418333
2018-03-12,31.921667,31.184999,31.621668,31.621668
2018-03-13,31.811666,31.203333,31.373333,31.373333
2018-03-14,31.903334,31.320000,31.408333,31.408333
2018-03-15,31.733334,31.291668,31.501667,31.501667
2018-03-16,31.563334,31.225000,31.243334,31.243334
2018-03-19,31.396667,30.648333,31.020000,31.020000
2018-03-20,31.416668,31.010000,31.309999,31.309999
2018-03-21,31.653334,31.040001,31.328333,31.328333
2018-03-22,31.450001,30.781668,30.805000,30.805000
2018-03-23,30.888332,30.238333,30.293333,30.293333
2018-03-26,31.333332,30.366667,31.241667,31.241667
2018-03-27,31.536667,29.620001,29.906668,29.906668
2018-03-28,30.246668,29.253332,29.483334,29.483334
2018-03-29,30.353333,29.661667,30.253332,30.253332
2018-04-02,30.291668,29.600000,30.023333,30.023333
2018-04-03,30.993334,30.178333,30.728333,30.728333
2018-04-04,31.633333,30.183332,31.540001,31.540001
2018-04-05,32.866669,31.556667,32.733334,32.733334
2018-04-06,32.716667,32.031666,32.306667,32.306667
2018-04-09,32.841667,31.256666,31.320000,31.320000
2018-04-10,31.803333,30.440001,31.136667,31.136667
2018-04-11,31.351667,30.783333,31.165001,31.165001
2018-04-12,31.950001,31.276667,31.746668,31.746668
2018-04-13,31.993334,30.913334,31.230000,31.230000
2018-04-16,31.740000,31.059999,31.503332,31.503332
2018-04-17,32.205002,31.558332,31.983334,31.983334
2018-04-18,32.233334,31.629999,32.078335,32.078335
2018-04-19,32.158333,31.761667,32.003334,32.003334
2018-04-20,32.351665,31.873333,32.011665,32.011665
2018-04-23,32.165001,31.573334,32.044998,32.044998
2018-04-24,32.741669,31.596666,31.878332,31.878332
2018-04-25,31.881666,31.128332,31.758333,31.758333
2018-04-26,32.431667,31.578333,32.285000,32.285000
2018-04-27,32.538334,31.878332,32.078335,32.078335
2018-04-30,32.361668,31.833332,32.084999,32.084999
2018-05-01,32.378334,31.639999,32.353333,32.353333
2018-05-02,33.126667,32.236668,32.781666,32.781666
2018-05-03,32.781666,31.700001,32.236668,32.236668
2018-05-04,32.825001,31.941668,32.560001,32.560001
2018-05-07,33.283333,32.631668,33.090000,33.090000
2018-05-08,33.746666,33.016666,33.633331,33.633331
2018-05-09,34.509998,33.748333,34.435001,34.435001
2018-05-10,34.656666,34.253334,34.314999,34.314999
2018-05-11,34.500000,33.631668,33.718334,33.718334
2018-05-14,34.498333,33.188332,33.349998,33.349998
2018-05-15,33.761665,32.891666,33.706669,33.706669
2018-05-16,33.820000,33.088333,33.296665,33.296665
2018-05-17,33.468334,33.033333,33.336666,33.336666
2018-05-18,33.891666,33.333332,33.625000,33.625000
2018-05-21,34.529999,33.808334,34.450001,34.450001
2018-05-22,34.633331,33.849998,34.055000,34.055000
2018-05-23,34.544998,33.928333,34.503334,34.503334
2018-05-24,35.066666,34.476665,34.858334,34.858334
2018-05-25,35.211666,34.846668,34.881668,34.881668
2018-05-29,35.066666,34.470001,34.641666,34.641666
2018-05-30,35.215000,34.738335,34.945000,34.945000
2018-05-31,35.285000,34.674999,34.681667,34.681667
2018-06-01,35.021667,34.488335,34.865002,34.865002
2018-06-04,35.781666,33.311668,34.681667,34.681667
2018-06-05,34.786667,33.599998,33.976665,33.976665
2018-06-06,34.250000,33.605000,33.830002,33.830002
2018-06-07,34.178333,32.630001,33.083332,33.083332
2018-06-08,33.366669,32.701668,33.221668,33.221668
2018-06-11,33.348331,32.933334,33.118332,33.118332
2018-06-12,34.591667,33.371666,34.570000,34.570000
2018-06-13,35.674999,34.666668,35.508331,35.508331
2018-06-14,36.233334,35.508331,35.926666,35.926666
2018-06-15,35.875000,34.951668,35.766666,35.766666
2018-06-18,35.805000,35.279999,35.306667,35.306667
2018-06-19,35.330002,34.654999,35.161667,35.161667
2018-06-20,36.096668,35.443333,35.906666,35.906666
2018-06-21,36.090000,34.948334,35.450001,35.450001
2018-06-22,35.468334,34.313332,34.598331,34.598331
2018-06-25,34.333332,33.273335,33.723331,33.723331
2018-06-26,34.353333,33.833332,33.980000,33.980000
2018-06-27,34.486668,33.471668,33.520000,33.520000
2018-06-28,34.293331,33.203335,34.153332,34.153332
2018-06-29,34.685001,34.221668,34.244999,34.244999
2018-07-02,34.955002,33.651669,34.906666,34.906666
2018-07-03,35.166668,34.389999,34.946667,34.946667
2018-07-05,35.165001,34.383331,34.744999,34.744999
2018-07-06,35.366669,34.678333,35.193333,35.193333
2018-07-09,35.465000,34.450001,34.816666,34.816666
2018-07-10,35.435001,34.744999,35.116669,35.116669
2018-07-11,35.634998,34.764999,35.465000,35.465000
2018-07-12,36.531666,35.506668,36.386665,36.386665
2018-07-13,36.563332,35.801666,35.991669,35.991669
2018-07-16,36.386665,35.578335,35.726665,35.726665
2018-07-17,36.183334,35.540001,36.096668,36.096668
2018-07-18,36.498333,35.919998,36.036667,36.036667
2018-07-19,36.166668,35.680000,35.763332,35.763332
2018-07-20,36.070000,35.616669,35.676666,35.676666
2018-07-23,35.613335,34.764999,35.273335,35.273335
2018-07-24,35.570000,34.341667,34.793331,34.793331
2018-07-25,35.861668,34.794998,35.790001,35.790001
2018-07-26,36.151669,35.083332,35.895000,35.895000
2018-07-27,35.936668,34.388332,34.661667,34.661667
2018-07-30,34.791668,32.268333,32.610001,32.610001
2018-07-31,33.490002,32.358334,33.043331,33.043331
2018-08-01,33.618332,33.003334,33.363335,33.363335
2018-08-02,34.961666,33.538334,34.810001,34.810001
2018-08-03,34.776669,34.130001,34.493332,34.493332
2018-08-06,35.378334,34.416668,35.235001,35.235001
2018-08-07,35.623333,35.233334,35.400002,35.400002
2018-08-08,35.623333,35.178333,35.355000,35.355000
2018-08-09,35.916668,35.351665,35.516666,35.516666
2018-08-10,35.813332,35.118332,35.436668,35.436668
2018-08-13,35.873333,34.956669,35.091667,35.091667
2018-08-14,35.201668,34.525002,35.133331,35.133331
2018-08-15,35.181667,34.016666,34.138332,34.138332
2018-08-16,35.326668,34.423332,35.083332,35.083332
2018-08-17,35.658333,34.639999,35.514999,35.514999
2018-08-20,35.678333,34.953335,35.436668,35.436668
2018-08-21,35.875000,35.213333,35.381668,35.381668
2018-08-22,36.161667,35.431667,35.931667,35.931667
2018-08-23,36.651669,35.683334,36.118332,36.118332
2018-08-24,37.785000,36.536667,37.571667,37.571667
2018-08-27,37.915001,37.276669,37.791668,37.791668
2018-08-28,38.270000,37.770000,38.203335,38.203335
2018-08-29,38.718334,38.166668,38.538334,38.538334
2018-08-30,38.716667,38.195000,38.373333,38.373333
2018-08-31,38.693333,38.195000,38.525002,38.525002
2018-09-04,38.813332,38.063332,38.171665,38.171665
2018-09-05,38.139999,36.689999,37.038334,37.038334
2018-09-06,37.401669,36.478333,36.728333,36.728333
2018-09-07,39.058334,37.833332,37.935001,37.935001
2018-09-10,39.636665,38.053333,39.353333,39.353333
2018-09-11,39.708332,38.833332,39.020000,39.020000
2018-09-12,39.496666,38.334999,39.371666,39.371666
2018-09-13,39.916668,39.106667,39.349998,39.349998
2018-09-14,39.578335,38.613335,39.103333,39.103333
2018-09-17,39.331669,38.366669,38.666668,38.666668
2018-09-18,39.439999,38.676666,39.008331,39.008331
2018-09-19,39.150002,37.758331,38.169998,38.169998
2018-09-20,38.611668,38.046665,38.334999,38.334999
2018-09-21,38.535000,38.046665,38.253334,38.253334
2018-09-24,38.701668,37.520000,38.443333,38.443333
2018-09-25,38.821667,38.215000,38.279999,38.279999
2018-09-26,38.560001,37.643333,37.691666,37.691666
2018-09-27,38.310001,37.468334,37.628334,37.628334
2018-09-28,38.018333,37.450001,37.543331,37.543331
2018-10-01,38.176666,37.236668,37.468334,37.468334
2018-10-02,37.450001,36.953335,37.123333,37.123333
2018-10-03,37.738335,36.833332,36.883331,36.883331
2018-10-04,37.084999,36.368332,36.553333,36.553333
2018-10-05,36.770000,35.666668,35.951668,35.951668
2018-10-08,36.134998,34.876667,35.396667,35.396667
2018-10-09,35.705002,35.028332,35.386665,35.386665
2018-10-10,35.808334,33.715000,33.730000,33.730000
2018-10-11,34.384998,33.383331,33.861668,33.861668
2018-10-12,35.630001,34.570000,35.325001,35.325001
2018-10-15,35.381668,34.521667,34.866669,34.866669
2018-10-16,34.318333,33.276669,34.166668,34.166668
2018-10-17,34.441666,33.883331,34.341667,34.341667
2018-10-18,34.616669,33.555000,33.759998,33.759998
2018-10-19,34.123333,32.110001,32.251667,32.251667
2018-10-22,32.779999,31.728333,32.398335,32.398335
2018-10-23,33.075001,31.168333,32.846668,32.846668
2018-10-24,33.189999,30.928333,30.958332,30.958332
2018-10-25,31.986668,31.103333,31.770000,31.770000
2018-10-26,31.469999,30.338333,30.901667,30.901667
2018-10-29,31.775000,29.351667,29.831667,29.831667
2018-10-30,29.936666,29.238333,29.610001,29.610001
2018-10-31,31.173332,30.168333,30.506666,30.506666
2018-11-01,31.573334,30.471666,31.459999,31.459999
2018-11-02,31.826668,30.600000,30.706667,30.706667
2018-11-05,31.061666,30.176666,30.465000,30.465000
2018-11-06,31.181667,30.321667,30.633333,30.633333
2018-11-07,31.663334,30.813334,31.558332,31.558332
2018-11-08,32.044998,31.115000,31.406668,31.406668
2018-11-09,31.401667,29.918333,30.514999,30.514999
2018-11-12,30.423332,29.301666,29.558332,29.558332
2018-11-13,29.990000,29.193333,29.466667,29.466667
2018-11-14,30.285000,29.298332,29.463333,29.463333
2018-11-15,29.208332,28.260000,28.728333,28.728333
2018-11-16,28.850000,27.610001,28.268333,28.268333
2018-11-19,28.553333,26.938334,27.240000,27.240000
2018-11-20,28.276667,26.680000,27.625000,27.625000
2018-11-21,28.631666,27.693333,27.823334,27.823334
2018-11-23,28.291668,27.504999,27.733334,27.733334
2018-11-26,28.510000,28.041668,28.386667,28.386667
2018-11-27,28.340000,27.556667,27.764999,27.764999
2018-11-28,29.459999,28.266666,29.423332,29.423332
2018-11-29,29.898333,28.991667,29.341667,29.341667
2018-11-30,32.000000,28.543333,28.825001,28.825001
2018-12-03,29.915001,29.080000,29.885000,29.885000
2018-12-04,29.906668,29.088333,29.541668,29.541668
2018-12-06,30.423332,28.688334,30.296667,30.296667
2018-12-07,30.530001,29.033333,29.181667,29.181667
2018-12-10,29.988333,28.950001,29.873333,29.873333
2018-12-11,31.621668,30.400000,30.736668,30.736668
2018-12-12,32.133331,31.120001,31.586666,31.586666
2018-12-13,31.865000,30.966667,31.355000,31.355000
2018-12-14,31.145000,30.440001,30.671667,30.671667
2018-12-17,30.518333,29.285000,29.434999,29.434999
2018-12-18,29.993334,29.434999,29.536667,29.536667
2018-12-19,30.636667,29.378332,29.831667,29.831667
2018-12-20,30.296667,29.258333,29.906668,29.906668
2018-12-21,30.333332,28.461666,28.885000,28.885000
2018-12-24,28.958332,28.135000,28.325001,28.325001
2018-12-26,30.309999,28.504999,30.275000,30.275000
2018-12-27,30.424999,29.311666,30.378332,30.378332
2018-12-28,31.043333,30.313334,30.688334,30.688334
2018-12-31,31.415001,30.700001,31.391666,31.391666
2019-01-02,31.195000,30.320000,30.535000,30.535000
2019-01-03,30.480000,29.799999,29.950001,29.950001
2019-01-04,31.021667,30.270000,30.731667,30.731667
2019-01-07,31.333332,30.786667,31.225000,31.225000
2019-01-08,31.900000,31.184999,31.738333,31.738333
2019-01-09,32.501667,31.695000,32.185001,32.185001
2019-01-10,32.766666,31.701668,32.666668,32.666668
2019-01-11,33.000000,32.521667,32.661667,32.661667
2019-01-14,32.711666,32.166668,32.488335,32.488335
2019-01-15,33.486668,32.459999,33.361668,33.361668
2019-01-16,33.848331,33.341667,33.549999,33.549999
2019-01-17,34.075001,33.220001,33.883331,33.883331
2019-01-18,34.241669,33.619999,33.883331,33.883331
2019-01-22,34.705002,33.529999,33.833332,33.833332
2019-01-23,34.601665,33.915001,34.286667,34.286667
2019-01-24,35.355000,34.583332,35.078335,35.078335
2019-01-25,35.466667,34.733334,34.953335,34.953335
2019-01-28,34.793331,34.084999,34.601665,34.601665
2019-01-29,34.806667,34.180000,34.461666,34.461666
2019-01-30,35.486668,34.561668,35.476665,35.476665
2019-01-31,36.213333,35.456669,35.803333,35.803333
2019-02-01,36.741669,35.733334,36.711666,36.711666
2019-02-04,36.875000,36.468334,36.693333,36.693333
2019-02-05,36.915001,36.345001,36.488335,36.488335
2019-02-06,36.806667,36.141666,36.758331,36.758331
2019-02-07,36.610001,36.000000,36.575001,36.575001
2019-02-08,37.450001,36.101665,37.436668,37.436668
2019-02-11,37.713333,37.121666,37.310001,37.310001
2019-02-12,37.611668,36.938332,37.408333,37.408333
2019-02-13,37.541668,36.869999,37.026669,37.026669
2019-02-14,37.623333,36.926666,37.526669,37.526669
2019-02-15,37.880001,37.201668,37.794998,37.794998
2019-02-19,38.490002,37.036667,38.316666,38.316666
2019-02-20,38.381668,37.441666,37.773335,37.773335
2019-02-21,37.743332,37.223331,37.696667,37.696667
2019-02-22,38.388332,37.823334,38.349998,38.349998
2019-02-25,39.361668,38.696667,38.980000,38.980000
2019-02-26,39.345001,38.621666,39.258331,39.258331
2019-02-27,43.438332,41.766666,42.480000,42.480000
2019-02-28,42.500000,40.980000,41.044998,41.044998
2019-03-01,41.500000,40.529999,40.911667,40.911667
2019-03-04,41.493332,39.791668,40.423332,40.423332
2019-03-05,40.105000,38.833332,39.056667,39.056667
2019-03-06,39.535000,38.533333,39.073334,39.073334
2019-03-07,39.796665,38.851665,39.086666,39.086666
2019-03-08,39.590000,38.393333,39.105000,39.105000
2019-03-11,40.305000,39.299999,40.146667,40.146667
2019-03-12,40.418331,39.918331,40.036667,40.036667
2019-03-13,40.838333,40.205002,40.458332,40.458332
2019-03-14,40.903332,40.266666,40.459999,40.459999
2019-03-15,40.616669,39.938332,39.953335,39.953335
2019-03-18,40.520000,39.715000,40.168331,40.168331
2019-03-19,40.666668,40.163334,40.416668,40.416668
2019-03-20,41.283333,40.266666,40.970001,40.970001
2019-03-21,41.709999,40.698334,41.631668,41.631668
2019-03-22,41.681667,40.189999,40.393333,40.393333
2019-03-25,40.516666,39.700001,40.305000,40.305000
2019-03-26,41.156666,40.509998,40.700001,40.700001
2019-03-27,40.915001,39.283333,39.908333,39.908333
2019-03-28,40.281666,39.301666,39.731667,39.731667
2019-03-29,40.496666,39.544998,40.480000,40.480000
2019-04-01,41.230000,39.723331,40.235001,40.235001
2019-04-02,40.235001,39.459999,40.033333,40.033333
2019-04-03,40.746666,39.841667,40.368332,40.368332
2019-04-04,40.378334,38.858334,39.511665,39.511665
2019-04-05,40.070000,39.598331,39.808334,39.808334
2019-04-08,39.983334,39.014999,39.813332,39.813332
2019-04-09,40.468334,39.599998,40.128334,40.128334
2019-04-10,40.980000,39.951668,40.419998,40.419998
2019-04-11,41.068333,40.500000,40.988335,40.988335
2019-04-12,41.230000,40.551666,40.776669,40.776669
2019-04-15,41.441666,40.816666,41.369999,41.369999
2019-04-16,41.526669,40.458332,40.746666,40.746666
2019-04-17,41.099998,39.816666,39.904999,39.904999
2019-04-18,39.738335,38.556667,39.243332,39.243332
2019-04-22,39.926666,39.001667,39.880001,39.880001
2019-04-23,40.366669,39.730000,40.181667,40.181667
2019-04-24,40.735001,40.183334,40.518333,40.518333
2019-04-25,41.096668,39.978333,40.910000,40.910000
2019-04-26,41.255001,40.643333,40.973331,40.973331
2019-04-29,41.631668,40.794998,41.533333,41.533333
2019-04-30,41.723331,41.125000,41.471668,41.471668
2019-05-01,41.660000,40.806667,41.064999,41.064999
2019-05-02,41.631668,40.936668,41.121666,41.121666
2019-05-03,41.823334,40.770000,41.794998,41.794998
2019-05-06,41.500000,40.416668,41.306667,41.306667
2019-05-07,41.119999,39.283333,39.701668,39.701668
2019-05-08,40.183334,39.428333,39.750000,39.750000
2019-05-09,39.665001,38.680000,39.638332,39.638332
2019-05-10,39.746666,38.011665,39.158333,39.158333
2019-05-13,38.433334,37.178333,37.416668,37.416668
2019-05-14,38.083332,37.268333,37.808334,37.808334
2019-05-15,37.575001,36.571667,36.625000,36.625000
2019-05-16,37.551666,36.715000,37.471668,37.471668
2019-05-17,37.910000,36.936668,37.603333,37.603333
2019-05-20,37.516666,36.671665,37.281666,37.281666
2019-05-21,38.108334,37.318333,37.956669,37.956669
2019-05-22,38.421665,37.709999,38.000000,38.000000
2019-05-23,37.243332,35.908333,35.965000,35.965000
2019-05-24,36.555000,35.896667,36.043331,36.043331
2019-05-28,36.494999,35.623333,35.746666,35.746666
2019-05-29,36.115002,35.058334,35.886665,35.886665
2019-05-30,34.616669,33.334999,34.049999,34.049999
2019-05-31,33.833332,32.846668,33.356667,33.356667
2019-06-03,33.451668,32.549999,32.783333,32.783333
2019-06-04,33.651669,33.001667,33.618332,33.618332
2019-06-05,34.103333,32.541668,33.201668,33.201668
2019-06-06,33.341667,32.588333,32.923332,32.923332
2019-06-07,33.360001,32.445000,32.590000,32.590000
2019-06-10,33.441666,32.639999,33.154999,33.154999
2019-06-11,33.750000,33.173332,33.465000,33.465000
2019-06-12,34.325001,33.503334,33.841667,33.841667
2019-06-13,34.698334,33.916668,34.244999,34.244999
2019-06-14,34.410000,33.716667,33.881668,33.881668
2019-06-17,34.583332,33.985001,34.166668,34.166668
2019-06-18,35.064999,34.131668,34.224998,34.224998
2019-06-19,34.916668,34.266666,34.853333,34.853333
2019-06-20,35.731667,34.384998,34.439999,34.439999
2019-06-21,34.708332,34.066666,34.081669,34.081669
2019-06-24,34.311668,32.886665,33.084999,33.084999
2019-06-25,33.555000,32.823334,33.090000,33.090000
2019-06-26,33.928333,33.186668,33.263332,33.263332
2019-06-27,34.528332,33.389999,34.148335,34.148335
2019-06-28,34.540001,33.865002,33.959999,33.959999
2019-07-01,35.078335,33.888332,34.271667,34.271667
2019-07-02,34.650002,34.070000,34.126667,34.126667
2019-07-03,35.224998,34.391666,34.825001,34.825001
2019-07-05,35.081669,34.496666,34.903332,34.903332
2019-07-08,35.259998,34.709999,34.971668,34.971668
2019-07-09,35.965000,34.916668,35.889999,35.889999
2019-07-10,36.436668,35.513332,35.779999,35.779999
2019-07-11,36.455002,35.928333,36.276669,36.276669
2019-07-12,36.481667,35.820000,36.156666,36.156666
2019-07-15,36.794998,36.088333,36.610001,36.610001
2019-07-16,37.076668,36.403332,36.645000,36.645000
2019-07-17,37.498333,36.740002,37.273335,37.273335
2019-07-18,37.138332,36.586666,37.051666,37.051666
2019-07-19,37.470001,37.043331,37.043331,37.043331
2019-07-22,37.328335,36.311668,36.931667,36.931667
2019-07-23,37.378334,36.915001,37.325001,37.325001
2019-07-24,37.613335,37.221668,37.503334,37.503334
2019-07-25,37.583332,36.959999,37.233334,37.233334
2019-07-26,38.023335,37.283333,37.838333,37.838333
2019-07-29,37.958332,36.618332,37.608334,37.608334
2019-07-30,38.048332,37.338333,37.963333,37.963333
2019-07-31,38.240002,37.294998,37.756668,37.756668
2019-08-01,38.323334,37.266666,37.564999,37.564999
2019-08-02,37.573334,36.810001,36.926666,36.926666
2019-08-05,36.108334,35.183334,35.755001,35.755001
2019-08-06,36.416668,35.351665,35.685001,35.685001
2019-08-07,35.529999,34.718334,35.330002,35.330002
2019-08-08,36.058334,35.441666,35.841667,35.841667
2019-08-09,36.153332,35.546665,35.865002,35.865002
2019-08-12,36.133331,35.428333,36.049999,36.049999
2019-08-13,37.276669,36.000000,37.076668,37.076668
2019-08-14,36.599998,35.619999,36.095001,36.095001
2019-08-15,36.305000,35.528332,35.768333,35.768333
2019-08-16,36.633331,32.735001,33.211666,33.211666
2019-08-19,33.615002,32.028332,33.005001,33.005001
2019-08-20,33.540001,32.641666,33.279999,33.279999
2019-08-21,34.313332,33.403332,33.961666,33.961666
2019-08-22,34.433334,33.726665,34.093334,34.093334
2019-08-23,34.611668,33.529999,33.595001,33.595001
2019-08-26,34.064999,33.528332,33.941666,33.941666
2019-08-27,34.303333,33.511665,33.680000,33.680000
2019-08-28,33.588333,32.980000,33.033333,33.033333
2019-08-29,33.740002,33.166668,33.358334,33.358334
2019-08-30,34.105000,33.426666,33.936668,33.936668
2019-09-03,33.968334,33.046665,33.188332,33.188332
2019-09-04,33.633331,32.715000,33.415001,33.415001
2019-09-05,36.336666,34.185001,35.341667,35.341667
2019-09-06,36.439999,35.259998,35.986668,35.986668
2019-09-09,36.008331,34.755001,35.196667,35.196667
2019-09-10,35.236668,34.166668,34.473331,34.473331
2019-09-11,35.906666,34.483334,35.735001,35.735001
2019-09-12,36.049999,34.606667,34.873333,34.873333
2019-09-13,35.086666,34.416668,34.724998,34.724998
2019-09-16,36.218334,34.621666,35.966667,35.966667
2019-09-17,35.911667,34.898335,35.448334,35.448334
2019-09-18,35.500000,34.570000,35.031666,35.031666
2019-09-19,35.133331,34.531666,34.814999,34.814999
2019-09-20,35.430000,34.529999,34.708332,34.708332
2019-09-23,35.205002,34.753334,34.951668,34.951668
2019-09-24,35.463333,34.266666,34.578335,34.578335
2019-09-25,35.410000,34.105000,35.226665,35.226665
2019-09-26,35.349998,34.525002,34.798332,34.798332
2019-09-27,34.966667,33.683334,33.733334,33.733334
2019-09-30,34.150002,33.586666,33.971668,33.971668
2019-10-01,34.828335,34.098331,34.166668,34.166668
2019-10-02,34.375000,33.751667,34.235001,34.235001
2019-10-03,34.930000,34.101665,34.743332,34.743332
2019-10-04,35.166668,34.633331,35.095001,35.095001
2019-10-07,35.753334,34.855000,35.468334,35.468334
2019-10-08,35.396667,34.435001,34.490002,34.490002
2019-10-09,34.985001,34.588333,34.901669,34.901669
2019-10-10,35.195000,34.373333,34.883331,34.883331
2019-10-11,35.770000,35.000000,35.070000,35.070000
2019-10-14,35.630001,35.000000,35.591667,35.591667
2019-10-15,35.943333,35.191666,35.430000,35.430000
2019-10-16,35.833332,34.786667,35.490002,35.490002
2019-10-17,35.895000,35.351665,35.711666,35.711666
2019-10-18,35.771667,34.911667,35.435001,35.435001
2019-10-21,35.583332,34.946667,35.378334,35.378334
2019-10-22,36.049999,35.396667,35.568333,35.568333
2019-10-23,36.448334,35.566666,36.200001,36.200001
2019-10-24,36.978333,36.314999,36.928333,36.928333
2019-10-25,37.511665,36.505001,37.441666,37.441666
2019-10-28,38.148335,37.441666,37.991669,37.991669
2019-10-29,37.978333,37.306667,37.431667,37.431667
2019-10-30,37.970001,37.201668,37.830002,37.830002
2019-10-31,37.956669,37.428333,37.898335,37.898335
2019-11-01,38.970001,37.869999,38.928333,38.928333
2019-11-04,39.493332,38.983334,39.003334,39.003334
2019-11-05,39.056667,38.599998,38.919998,38.919998
2019-11-06,39.325001,38.676666,38.781666,38.781666
2019-11-07,39.345001,38.803333,38.976665,38.976665
2019-11-08,39.666668,38.740002,39.488335,39.488335
2019-11-11,39.488335,39.003334,39.334999,39.334999
2019-11-12,40.373333,39.336666,40.191666,40.191666
2019-11-13,41.073334,39.861668,40.538334,40.538334
2019-11-14,40.985001,39.921665,40.918331,40.918331
2019-11-15,41.246666,40.666668,41.166668,41.166668
2019-11-18,41.525002,40.918331,41.431667,41.431667
2019-11-19,41.583332,40.998333,41.363335,41.363335
2019-11-20,41.678333,41.013332,41.311668,41.311668
2019-11-21,41.448334,40.948334,41.123333,41.123333
2019-11-22,41.441666,40.796665,41.145000,41.145000
2019-11-25,41.825001,41.241669,41.713333,41.713333
2019-11-26,38.068333,36.533333,36.728333,36.728333
2019-11-27,37.238335,35.816666,37.044998,37.044998
2019-11-29,37.913334,37.180000,37.869999,37.869999
2019-12-02,37.980000,36.836666,37.451668,37.451668
2019-12-03,38.060001,37.103333,37.834999,37.834999
2019-12-04,38.259998,37.583332,37.603333,37.603333
2019-12-05,38.436668,37.825001,38.145000,38.145000
2019-12-06,38.404999,37.731667,37.731667,37.731667
2019-12-09,37.913334,37.346668,37.643333,37.643333
2019-12-10,38.016666,37.404999,37.548332,37.548332
2019-12-11,37.983334,37.430000,37.828335,37.828335
2019-12-12,38.206669,37.541668,37.814999,37.814999
2019-12-13,38.098331,37.584999,37.831669,37.831669
2019-12-16,38.336666,37.668331,38.281666,38.281666
2019-12-17,38.446667,37.943333,38.445000,38.445000
2019-12-18,38.566666,38.073334,38.236668,38.236668
2019-12-19,38.360001,37.953335,38.183334,38.183334
2019-12-20,38.560001,38.125000,38.334999,38.334999
2019-12-23,38.669998,38.253334,38.555000,38.555000
2019-12-24,38.688332,38.445000,38.631668,38.631668
2019-12-26,39.196667,38.634998,38.923332,38.923332
2019-12-27,39.165001,38.708332,38.878334,38.878334
2019-12-30,38.814999,38.213333,38.571667,38.571667
2019-12-31,38.721668,38.365002,38.541668,38.541668
2020-01-02,39.323334,38.825001,39.235001,39.235001
2020-01-03,39.498333,38.823334,39.471668,39.471668
2020-01-06,40.090000,39.285000,40.043331,40.043331
2020-01-07,40.416668,39.888332,40.273335,40.273335
2020-01-08,39.959999,39.463333,39.761665,39.761665
2020-01-09,40.158333,39.646667,40.011665,40.011665
2020-01-10,40.436668,39.546665,39.645000,39.645000
2020-01-13,40.285000,39.808334,40.153332,40.153332
2020-01-14,40.416668,39.813332,40.000000,40.000000
2020-01-15,40.709999,40.068333,40.116669,40.116669
2020-01-16,40.603333,40.136665,40.543331,40.543331
2020-01-17,40.731667,40.125000,40.345001,40.345001
2020-01-21,40.633331,40.031666,40.538334,40.538334
2020-01-22,40.913334,40.511665,40.621666,40.621666
2020-01-23,40.825001,40.368332,40.816666,40.816666
2020-01-24,41.288334,40.368332,40.483334,40.483334
2020-01-27,39.775002,39.271667,39.641666,39.641666
2020-01-28,40.278332,39.485001,39.853333,39.853333
2020-01-29,40.299999,39.586666,39.591667,39.591667
2020-01-30,39.785000,39.294998,39.666668,39.666668
2020-01-31,39.758331,39.018333,39.130001,39.130001
2020-02-03,39.391666,38.939999,39.328335,39.328335
2020-02-04,40.139999,39.185001,40.031666,40.031666
2020-02-05,40.483334,39.746666,40.276669,40.276669
2020-02-06,41.053333,40.263332,41.011665,41.011665
2020-02-07,41.145000,40.663334,40.970001,40.970001
2020-02-10,41.415001,40.628334,41.253334,41.253334
2020-02-11,41.658333,41.049999,41.138332,41.138332
2020-02-12,41.231667,40.049999,40.786667,40.786667
2020-02-13,41.095001,40.536667,40.935001,40.935001
2020-02-14,41.496666,40.895000,41.208332,41.208332
2020-02-18,41.669998,41.073334,41.536667,41.536667
2020-02-19,41.851665,41.218334,41.451668,41.451668
2020-02-20,41.618332,40.709999,41.523335,41.523335
2020-02-21,41.406666,40.068333,40.500000,40.500000
2020-02-24,39.656666,38.546665,39.555000,39.555000
2020-02-25,33.983334,32.029999,32.826668,32.826668
2020-02-26,33.216667,31.253332,31.596666,31.596666
2020-02-27,32.581669,30.436666,31.260000,31.260000
2020-02-28,31.891666,30.176666,30.770000,30.770000
2020-03-02,31.581667,29.851667,31.548332,31.548332
2020-03-03,31.860001,29.896667,30.340000,30.340000
2020-03-04,31.076668,30.508333,30.981667,30.981667
2020-03-05,30.933332,29.870001,30.174999,30.174999
2020-03-06,29.865000,28.818333,29.361668,29.361668
2020-03-09,28.316668,25.629999,26.463333,26.463333
2020-03-10,28.014999,26.553333,27.911667,27.911667
2020-03-11,27.611668,25.879999,26.254999,26.254999
2020-03-12,24.889999,23.334999,23.424999,23.424999
2020-03-13,25.268333,23.091667,25.261667,25.261667
2020-03-16,23.580000,22.306667,22.861668,22.861668
2020-03-17,24.116667,22.443333,23.593332,23.593332
2020-03-18,23.491667,20.911667,22.096666,22.096666
2020-03-19,24.035000,21.844999,23.184999,23.184999
2020-03-20,25.495001,23.500000,23.921667,23.921667
2020-03-23,25.094999,23.536667,24.360001,24.360001
2020-03-24,27.136667,25.668333,26.786667,26.786667
2020-03-25,28.125000,26.093332,27.668333,27.668333
2020-03-26,28.709999,27.626667,28.000000,28.000000
2020-03-27,27.546667,26.709999,27.090000,27.090000
2020-03-30,28.366667,26.958332,27.745001,27.745001
2020-03-31,28.116667,27.033333,27.326668,27.326668
2020-04-01,28.293333,26.333332,27.309999,27.309999
2020-04-02,28.120001,26.758333,27.590000,27.590000
2020-04-03,27.936666,26.748333,27.110001,27.110001
2020-04-06,28.740000,27.690001,28.556667,28.556667
2020-04-07,29.813334,28.760000,28.801666,28.801666
2020-04-08,29.628332,28.726667,29.360001,29.360001
2020-04-09,30.741667,29.556667,29.646667,29.646667
2020-04-13,30.646667,29.851667,30.493334,30.493334
2020-04-14,31.424999,30.736668,31.321667,31.321667
2020-04-15,31.333332,30.666668,31.058332,31.058332
2020-04-16,31.924999,31.101667,31.715000,31.715000
2020-04-17,32.723331,31.893333,32.238335,32.238335
2020-04-20,32.904999,31.971666,32.381668,32.381668
2020-04-21,32.373333,30.721666,31.084999,31.084999
2020-04-22,32.255001,31.606667,31.976667,31.976667
2020-04-23,32.483334,31.698334,32.014999,32.014999
2020-04-24,32.486668,32.068333,32.241669,32.241669
2020-04-27,33.303333,32.535000,32.813332,32.813332
2020-04-28,33.441666,32.193333,32.258331,32.258331
2020-04-29,33.336666,32.650002,32.950001,32.950001
2020-04-30,33.226665,32.553333,32.751667,32.751667
2020-05-01,32.656666,32.023335,32.446667,32.446667
2020-05-04,32.283333,31.758333,31.973333,31.973333
2020-05-05,33.325001,32.293331,33.035000,33.035000
2020-05-06,34.016666,33.424999,33.538334,33.538334
2020-05-07,35.693333,33.990002,35.521667,35.521667
2020-05-08,35.853333,35.191666,35.660000,35.660000
2020-05-11,36.588333,35.410000,36.376667,36.376667
2020-05-12,36.570000,35.591667,35.695000,35.695000
2020-05-13,36.974998,35.131668,35.956669,35.956669
2020-05-14,36.596668,35.314999,36.595001,36.595001
2020-05-15,37.328335,36.158333,37.138332,37.138332
2020-05-18,38.561668,37.345001,37.689999,37.689999
2020-05-19,38.738335,37.796665,37.858334,37.858334
2020-05-20,39.126667,38.334999,39.080002,39.080002
2020-05-21,39.611668,38.084999,38.250000,38.250000
2020-05-22,40.523335,38.669998,39.654999,39.654999
2020-05-26,40.209999,38.500000,38.528332,38.528332
2020-05-27,38.691666,37.188332,38.631668,38.631668
2020-05-28,38.869999,37.898335,38.231667,38.231667
2020-05-29,39.283333,38.168331,39.211666,39.211666
2020-06-01,39.900002,38.735001,39.718334,39.718334
2020-06-02,39.990002,39.231667,39.976665,39.976665
2020-06-03,40.139999,38.884998,38.901669,38.901669
2020-06-04,38.653332,37.473331,37.781666,37.781666
2020-06-05,38.736668,37.375000,38.564999,38.564999
2020-06-08,39.654999,38.138332,39.631668,39.631668
2020-06-09,39.738335,38.915001,38.926666,38.926666
2020-06-10,39.416668,38.776669,38.779999,38.779999
2020-06-11,38.533333,36.931667,36.986668,36.986668
2020-06-12,38.064999,36.291668,36.974998,36.974998
2020-06-15,37.845001,36.246666,37.716667,37.716667
2020-06-16,38.361668,37.666668,38.116669,38.116669
2020-06-17,38.608334,38.125000,38.206669,38.206669
2020-06-18,38.533333,38.029999,38.388332,38.388332
2020-06-19,39.058334,37.976665,38.455002,38.455002
2020-06-22,39.084999,38.363335,38.813332,38.813332
2020-06-23,38.808334,38.070000,38.218334,38.218334
2020-06-24,38.518333,36.888332,37.233334,37.233334
2020-06-25,37.849998,36.866669,37.816666,37.816666
2020-06-26,37.813332,37.173332,37.564999,37.564999
2020-06-29,38.000000,36.791668,37.848331,37.848331
2020-06-30,38.338333,37.689999,38.278332,38.278332
2020-07-01,38.491669,37.953335,38.226665,38.226665
2020-07-02,38.808334,38.220001,38.421665,38.421665
2020-07-06,39.755001,38.685001,39.318333,39.318333
2020-07-07,39.818333,38.799999,38.845001,38.845001
2020-07-08,40.500000,38.931667,40.470001,40.470001
2020-07-09,41.599998,40.391666,41.430000,41.430000
2020-07-10,41.500000,40.871666,41.493332,41.493332
2020-07-13,42.639999,40.093334,40.176666,40.176666
2020-07-14,40.921665,39.264999,40.888332,40.888332
2020-07-15,41.125000,39.911667,40.083332,40.083332
2020-07-16,39.918331,39.131668,39.563332,39.563332
2020-07-17,40.108334,39.271667,39.968334,39.968334
2020-07-20,42.061668,40.168331,41.933334,41.933334
2020-07-21,42.165001,41.311668,41.553333,41.553333
2020-07-22,42.549999,41.501667,41.726665,41.726665
2020-07-23,42.500000,41.186668,41.416668,41.416668
2020-07-24,40.928333,40.250000,40.628334,40.628334
2020-07-27,41.376667,40.546665,41.276669,41.276669
2020-07-28,41.593334,40.768333,40.801666,40.801666
2020-07-29,41.913334,41.205002,41.424999,41.424999
2020-07-30,42.118332,40.913334,41.965000,41.965000
2020-07-31,42.653332,41.165001,42.653332,42.653332
2020-08-03,42.736668,42.105000,42.404999,42.404999
2020-08-04,42.486668,41.786667,42.485001,42.485001
2020-08-05,44.366669,42.908333,44.016666,44.016666
2020-08-06,44.320000,43.189999,44.313332,44.313332
2020-08-07,44.290001,42.943333,43.541668,43.541668
2020-08-10,43.619999,42.308334,43.038334,43.038334
2020-08-11,43.494999,42.343334,42.538334,42.538334
2020-08-12,43.619999,42.660000,43.303333,43.303333
2020-08-13,43.928333,42.826668,43.593334,43.593334
2020-08-14,43.773335,43.058334,43.185001,43.185001
2020-08-17,44.031666,43.333332,43.743332,43.743332
2020-08-18,44.916668,44.021667,44.293331,44.293331
2020-08-19,45.384998,43.916668,44.913334,44.913334
2020-08-20,45.593334,44.529999,45.419998,45.419998
2020-08-21,45.838333,44.743332,44.888332,44.888332
2020-08-24,45.728333,44.126667,44.511665,44.511665
2020-08-25,44.253334,43.330002,43.498333,43.498333
2020-08-26,44.098331,43.435001,43.906666,43.906666
2020-08-27,43.833332,42.018333,42.561668,42.561668
2020-08-28,43.096668,42.111668,42.445000,42.445000
2020-08-31,43.040001,42.160000,42.901669,42.901669
2020-09-01,43.518333,42.875000,43.083332,43.083332
2020-09-02,43.441666,42.266666,42.910000,42.910000
2020-09-03,42.258331,39.755001,40.368332,40.368332
2020-09-04,40.461666,37.858334,39.275002,39.275002
2020-09-08,39.606667,38.084999,38.988335,38.988335
2020-09-09,40.008331,38.931667,39.733334,39.733334
2020-09-10,40.540001,39.426666,39.493332,39.493332
2020-09-11,40.680000,39.751667,40.490002,40.490002
2020-09-14,41.308334,40.681667,40.955002,40.955002
2020-09-15,41.603333,40.833332,41.346668,41.346668
2020-09-16,41.788334,41.134998,41.145000,41.145000
2020-09-17,40.516666,39.716667,40.238335,40.238335
2020-09-18,40.723331,39.651669,40.266666,40.266666
2020-09-21,40.630001,39.470001,40.435001,40.435001
2020-09-22,41.293331,39.939999,41.083332,41.083332
2020-09-23,41.314999,39.751667,39.855000,39.855000
2020-09-24,40.123333,39.196667,39.665001,39.665001
2020-09-25,40.465000,39.369999,40.356667,40.356667
2020-09-28,41.258331,40.668331,40.990002,40.990002
2020-09-29,41.438332,40.946667,41.081669,41.081669
2020-09-30,41.301666,40.634998,40.791668,40.791668
2020-10-01,42.130001,41.271667,41.755001,41.755001
2020-10-02,41.893333,40.613335,40.860001,40.860001
2020-10-05,41.593334,40.668331,41.445000,41.445000
2020-10-06,42.071667,41.096668,41.206669,41.206669
2020-10-07,42.173332,41.275002,41.826668,41.826668
2020-10-08,42.220001,41.416668,41.584999,41.584999
2020-10-09,42.345001,41.700001,42.086666,42.086666
2020-10-12,42.665001,42.086666,42.183334,42.183334
2020-10-13,42.584999,41.880001,42.424999,42.424999
2020-10-14,43.358334,42.340000,42.683334,42.683334
2020-10-15,42.538334,41.575001,41.970001,41.970001
2020-10-16,42.311668,40.918331,41.060001,41.060001
2020-10-19,41.533333,40.115002,40.389999,40.389999
2020-10-20,40.918331,39.871666,39.880001,39.880001
2020-10-21,39.924999,39.095001,39.308334,39.308334
2020-10-22,39.946667,38.888332,39.599998,39.599998
2020-10-23,39.786667,39.240002,39.423332,39.423332
2020-10-26,39.356667,38.014999,38.603333,38.603333
2020-10-27,39.001667,38.540001,38.590000,38.590000
2020-10-28,38.200001,37.381668,37.654999,37.654999
2020-10-29,38.360001,37.634998,38.128334,38.128334
2020-10-30,38.068333,36.556667,36.865002,36.865002
2020-11-02,37.581669,36.828335,36.974998,36.974998
2020-11-03,38.275002,37.166668,37.986668,37.986668
2020-11-04,39.849998,38.141666,39.196667,39.196667
2020-11-05,40.898335,39.955002,40.703335,40.703335
2020-11-06,41.856667,40.516666,41.671665,41.671665
2020-11-09,43.013332,41.716667,42.021667,42.021667
2020-11-10,41.893333,39.875000,40.453335,40.453335
2020-11-11,42.401669,41.003334,42.133331,42.133331
2020-11-12,42.393333,41.540001,41.993332,41.993332
2020-11-13,43.490002,42.166668,43.116669,43.116669
2020-11-16,46.509998,44.381668,46.416668,46.416668
2020-11-17,49.195000,45.933334,48.951668,48.951668
2020-11-18,48.663334,46.856667,46.856667,46.856667
2020-11-19,48.303333,46.833332,47.919998,47.919998
2020-11-20,49.154999,47.853333,48.668331,48.668331
2020-11-23,49.451668,48.075001,49.340000,49.340000
2020-11-24,49.568333,48.833332,49.528332,49.528332
2020-11-25,49.750000,49.000000,49.548332,49.548332
2020-11-27,49.628334,48.916668,49.218334,49.218334
2020-11-30,49.355000,48.294998,48.986668,48.986668
2020-12-01,49.491669,48.555000,49.138332,49.138332
2020-12-02,48.966667,48.341667,48.871666,48.871666
2020-12-03,49.830002,48.803333,49.438332,49.438332
2020-12-04,51.000000,49.486668,50.715000,50.715000
2020-12-07,50.794998,50.291668,50.481667,50.481667
2020-12-08,52.518333,50.501667,51.703335,51.703335
2020-12-09,51.446667,49.755001,50.358334,50.358334
2020-12-10,51.330002,50.000000,51.311668,51.311668
2020-12-11,51.911667,51.008331,51.654999,51.654999
2020-12-14,52.566666,51.783333,52.380001,52.380001
2020-12-15,53.116669,52.508331,52.908333,52.908333
2020-12-16,54.634998,53.520000,53.888332,53.888332
2020-12-17,55.461666,54.084999,55.233334,55.233334
2020-12-18,59.581669,56.333332,59.255001,59.255001
2020-12-21,59.483334,57.881668,59.336666,59.336666
2020-12-22,62.083332,59.490002,62.009998,62.009998
2020-12-23,62.500000,60.703335,60.803333,60.803333
2020-12-24,61.666668,60.591667,61.189999,61.189999
2020-12-28,61.698334,59.933334,60.246666,60.246666
2020-12-29,60.461666,58.916668,59.366669,59.366669
2020-12-30,60.126667,59.281666,59.298332,59.298332
2020-12-31,59.811668,58.836666,59.231667,59.231667
2021-01-04,59.230000,57.408333,58.610001,58.610001
2021-01-05,58.798332,57.828335,58.358334,58.358334
2021-01-06,58.416668,57.173332,57.546665,57.546665
2021-01-07,60.619999,58.183334,60.518333,60.518333
2021-01-08,61.853333,60.665001,61.091667,61.091667
2021-01-11,61.333332,59.756668,60.799999,60.799999
2021-01-12,62.020000,60.764999,61.746666,61.746666
2021-01-13,62.075001,60.389999,60.966667,60.966667
2021-01-14,61.663334,60.506668,60.526669,60.526669
2021-01-15,62.000000,60.631668,60.811668,60.811668
2021-01-19,61.591667,60.535000,60.674999,60.674999
2021-01-20,61.896667,60.926666,61.758331,61.758331
2021-01-21,62.373333,60.616669,60.936668,60.936668
2021-01-22,61.116669,60.583332,60.770000,60.770000
2021-01-25,61.666668,57.918331,60.130001,60.130001
2021-01-26,61.208332,58.956669,59.043331,59.043331
2021-01-27,58.168331,55.761665,55.861668,55.861668
2021-01-28,59.110001,56.333332,58.853333,58.853333
2021-01-29,59.020000,57.605000,58.458332,58.458332
2021-02-01,60.811668,59.133331,60.226665,60.226665
2021-02-02,65.011665,61.980000,64.559998,64.559998
2021-02-03,64.871666,62.408333,62.930000,62.930000
2021-02-04,64.033333,62.188332,63.748333,63.748333
2021-02-05,64.375000,63.091667,63.308334,63.308334
2021-02-08,65.150002,63.363335,64.233330,64.233330
2021-02-09,65.326668,63.511665,65.161667,65.161667
2021-02-10,66.271667,64.246666,65.368332,65.368332
2021-02-11,66.268333,64.448334,65.184998,65.184998
2021-02-12,65.908333,65.116669,65.853333,65.853333
2021-02-16,66.626663,64.584999,65.540001,65.540001
2021-02-17,65.918335,64.510002,65.903336,65.903336
2021-02-18,65.745003,64.488335,65.088333,65.088333
2021-02-19,67.166664,65.668335,66.150002,66.150002
2021-02-22,65.474998,63.478333,64.058334,64.058334
2021-02-23,64.165001,58.666668,62.976665,62.976665
2021-02-24,63.033333,60.916668,61.601665,61.601665
2021-02-25,61.988335,58.930000,60.006668,60.006668
2021-02-26,60.625000,58.865002,59.718334,59.718334
2021-03-01,61.378334,60.333332,61.231667,61.231667
2021-03-02,61.455002,59.083332,59.110001,59.110001
2021-03-03,59.134998,57.078335,57.293331,57.293331
2021-03-04,57.500000,55.141666,55.939999,55.939999
2021-03-05,56.438332,53.488335,55.788334,55.788334
2021-03-08,57.439999,55.126667,55.246666,55.246666
2021-03-09,57.560001,56.505001,57.070000,57.070000
2021-03-10,58.873333,55.680000,55.781666,55.781666
2021-03-11,57.724998,56.588333,57.395000,57.395000
2021-03-12,57.166668,56.351665,57.088333,57.088333
2021-03-15,57.386665,56.115002,57.381668,57.381668
2021-03-16,58.453335,56.224998,56.666668,56.666668
2021-03-17,57.000000,55.183334,56.153332,56.153332
2021-03-18,55.000000,52.705002,52.924999,52.924999
2021-03-19,53.118332,51.926666,52.808334,52.808334
2021-03-22,54.436668,52.798332,53.906666,53.906666
2021-03-23,54.546665,53.799999,53.933334,53.933334
2021-03-24,54.491669,53.428333,53.500000,53.500000
2021-03-25,54.240002,52.858334,53.913334,53.913334
2021-03-26,54.066666,51.953335,53.285000,53.285000
2021-03-29,53.988335,52.616669,53.371666,53.371666
2021-03-30,53.455002,52.211666,53.001667,53.001667
2021-03-31,54.238335,53.226665,53.676666,53.676666
2021-04-01,55.461666,54.308334,54.674999,54.674999
2021-04-05,56.008331,54.988335,55.171665,55.171665
2021-04-06,56.883331,54.764999,56.230000,56.230000
2021-04-07,56.715000,55.698334,56.428333,56.428333
2021-04-08,57.961666,56.866669,57.208332,57.208332
2021-04-09,58.286667,56.790001,58.251667,58.251667
2021-04-12,60.188332,57.981667,59.226665,59.226665
2021-04-13,60.865002,59.436668,59.983334,59.983334
2021-04-14,61.125000,59.893333,60.163334,60.163334
2021-04-15,62.168331,60.863335,61.730000,61.730000
2021-04-16,61.896667,60.868332,61.108334,61.108334
2021-04-19,61.435001,60.291668,61.160000,61.160000
2021-04-20,61.480000,59.631668,60.000000,60.000000
2021-04-21,60.123333,58.971668,59.435001,59.435001
2021-04-22,59.666668,58.528332,58.801666,58.801666
2021-04-23,59.936668,58.858334,59.736668,59.736668
2021-04-26,60.546665,59.575001,60.244999,60.244999
2021-04-27,60.283333,59.213333,59.746666,59.746666
2021-04-28,60.500000,59.171665,60.026669,60.026669
2021-04-29,60.198334,58.666668,59.191666,59.191666
2021-04-30,59.921665,58.731667,58.898335,58.898335
2021-05-03,59.303333,58.174999,58.180000,58.180000
2021-05-04,57.926666,56.506668,57.599998,57.599998
2021-05-05,58.174999,56.535000,56.863335,56.863335
2021-05-06,56.688332,55.451668,56.240002,56.240002
2021-05-07,57.408333,56.671665,57.056667,57.056667
2021-05-10,57.666668,56.493332,56.889999,56.889999
2021-05-11,57.553333,55.459999,57.238335,57.238335
2021-05-12,56.696667,55.498333,55.848331,55.848331
2021-05-13,56.185001,53.705002,53.980000,53.980000
2021-05-14,56.459999,54.689999,56.136665,56.136665
2021-05-17,56.756668,55.261665,55.966667,55.966667
2021-05-18,57.724998,56.570000,56.681667,56.681667
2021-05-19,56.389999,55.303333,55.930000,55.930000
2021-05-20,57.450001,56.188332,57.098331,57.098331
2021-05-21,61.071667,59.351665,60.408333,60.408333
2021-05-24,61.666668,59.845001,60.753334,60.753334
2021-05-25,61.613335,60.386665,60.846668,60.846668
2021-05-26,62.381668,61.075001,61.294998,61.294998
2021-05-27,61.799999,60.048332,61.209999,61.209999
2021-05-28,61.816666,60.275002,60.541668,60.541668
2021-06-01,61.250000,59.759998,60.058334,60.058334
2021-06-02,60.546665,59.308334,59.611668,59.611668
2021-06-03,59.416668,58.493332,58.521667,58.521667
2021-06-04,59.586666,58.703335,59.558334,59.558334
2021-06-07,59.910000,59.083332,59.395000,59.395000
2021-06-08,60.401669,58.601665,58.889999,58.889999
2021-06-09,59.283333,58.720001,58.731667,58.731667
2021-06-10,60.438332,58.500000,60.408333,60.408333
2021-06-11,61.241669,60.408333,60.973331,60.973331
2021-06-14,61.638332,60.773335,61.258331,61.258331
2021-06-15,61.166668,59.921665,60.139999,60.139999
2021-06-16,61.043331,59.991669,60.583332,60.583332
2021-06-17,62.314999,60.044998,62.011665,62.011665
2021-06-18,63.215000,61.583332,61.951668,61.951668
2021-06-21,61.976665,60.718334,61.823334,61.823334
2021-06-22,62.128334,60.466667,60.900002,60.900002
2021-06-23,61.750000,60.928333,61.398335,61.398335
2021-06-24,62.615002,61.674999,62.099998,62.099998
2021-06-25,63.063332,61.983334,62.595001,62.595001
2021-06-28,64.453331,62.928333,63.078335,63.078335
2021-06-29,63.461666,62.211666,62.611668,62.611668
2021-06-30,62.413334,61.700001,61.841667,61.841667
2021-07-01,62.115002,61.048332,61.781666,61.781666
2021-07-02,62.618332,61.888332,62.136665,62.136665
2021-07-06,65.571671,62.946667,65.316666,65.316666
2021-07-07,65.588333,63.868332,64.498337,64.498337
2021-07-08,64.723335,62.955002,64.418335,64.418335
2021-07-09,65.691666,63.988335,65.040001,65.040001
2021-07-12,65.778336,64.666664,64.754997,64.754997
2021-07-13,65.559998,64.510002,64.666664,64.666664
2021-07-14,65.324997,64.303329,64.383331,64.383331
2021-07-15,65.035004,63.836666,64.639999,64.639999
2021-07-16,65.480003,64.595001,64.716667,64.716667
2021-07-19,65.078331,63.666668,64.906670,64.906670
2021-07-20,67.019997,65.101669,66.831665,66.831665
2021-07-21,66.831665,64.861664,65.303329,65.303329
2021-07-22,66.646667,65.168335,66.393333,66.393333
2021-07-23,67.341667,66.013336,66.936668,66.936668
2021-07-26,66.853333,65.608330,66.498337,66.498337
2021-07-27,66.830002,65.044998,66.251663,66.251663
2021-07-28,67.000000,65.823334,66.576668,66.576668
2021-07-29,67.526665,66.358330,66.500000,66.500000
2021-07-30,67.071671,66.251663,66.508331,66.508331
2021-08-02,67.333336,65.714996,66.720001,66.720001
2021-08-03,67.425003,66.041664,66.388336,66.388336
2021-08-04,67.498337,66.406670,67.221664,67.221664
2021-08-05,67.820000,66.853333,67.273331,67.273331
2021-08-06,66.276665,64.000000,64.393333,64.393333
2021-08-09,65.376663,64.473335,64.746666,64.746666
2021-08-10,65.136665,62.828335,62.833332,62.833332
2021-08-11,62.783333,60.825001,60.913334,60.913334
2021-08-12,62.285000,60.930000,61.500000,61.500000
2021-08-13,62.700001,61.666668,62.340000,62.340000
2021-08-16,62.766666,61.516666,61.720001,61.720001
2021-08-17,61.703335,60.446667,60.961666,60.961666
2021-08-18,61.330002,60.123333,60.393333,60.393333
2021-08-19,60.911667,59.728333,60.483334,60.483334
2021-08-20,61.503334,60.496666,61.243332,61.243332
2021-08-23,62.355000,61.201668,62.095001,62.095001
2021-08-24,74.485001,69.900002,73.644997,73.644997
2021-08-25,74.963333,72.583336,74.508331,74.508331
2021-08-26,76.621666,74.508331,76.239998,76.239998
2021-08-27,77.238335,76.021667,76.879997,76.879997
2021-08-30,77.483330,76.095001,76.468330,76.468330
2021-08-31,77.256668,75.800003,76.839996,76.839996
2021-09-01,77.051666,75.966667,76.716667,76.716667
2021-09-02,77.913330,76.644997,77.091667,77.091667
2021-09-03,78.073334,76.426666,78.036667,78.036667
2021-09-07,78.341667,76.886665,77.106667,77.106667
2021-09-08,77.964996,76.416664,77.621666,77.621666
2021-09-09,78.221664,77.290001,77.750000,77.750000
2021-09-10,79.833336,77.535004,78.316666,78.316666
2021-09-13,80.958336,76.431664,79.353333,79.353333
2021-09-14,82.653336,80.258331,80.805000,80.805000
2021-09-15,80.998337,79.026665,79.989998,79.989998
2021-09-16,80.833336,79.480003,80.813332,80.813332
2021-09-17,80.991669,79.191666,79.394997,79.394997
2021-09-20,79.555000,78.048332,79.065002,79.065002
2021-09-21,79.631668,78.751663,78.838333,78.838333
2021-09-22,79.768333,78.338333,79.328331,79.328331
2021-09-23,80.961670,79.401665,80.525002,80.525002
2021-09-24,81.831665,80.021667,81.745003,81.745003
2021-09-27,81.428329,80.349998,81.006668,81.006668
2021-09-28,80.199997,78.523331,79.391670,79.391670
2021-09-29,80.083336,78.089996,78.845001,78.845001
2021-09-30,80.055000,78.750000,79.833336,79.833336
2021-10-01,81.196671,79.121666,81.084999,81.084999
2021-10-04,80.809998,77.188332,78.256668,78.256668
2021-10-05,79.836670,78.519997,79.264999,79.264999
2021-10-06,81.331665,78.821671,81.021667,81.021667
2021-10-07,83.703331,81.236664,82.279999,82.279999
2021-10-08,83.426666,81.773331,82.131668,82.131668
2021-10-11,83.601669,81.349998,83.301666,83.301666
2021-10-12,85.000000,83.546669,84.206665,84.206665
2021-10-13,84.898331,83.584999,84.081665,84.081665
2021-10-14,85.684998,83.680000,83.830002,83.830002
2021-10-15,85.489998,83.900002,84.641670,84.641670
2021-10-18,85.976669,84.641670,85.861664,85.861664
2021-10-19,86.160004,84.551666,85.415001,85.415001
2021-10-20,86.574997,84.418335,85.320000,85.320000
2021-10-21,85.126663,83.053329,84.666664,84.666664
2021-10-22,85.644997,83.198334,84.021667,84.021667
2021-10-25,85.383331,82.521667,82.961670,82.961670
2021-10-26,83.601669,79.860001,81.091667,81.091667
2021-10-27,83.349998,81.425003,82.143333,82.143333
2021-10-28,83.324997,82.084999,83.065002,83.065002
2021-10-29,85.041664,82.980003,84.848335,84.848335
2021-11-01,85.510002,83.881668,84.718330,84.718330
2021-11-02,85.453331,83.833336,84.743332,84.743332
2021-11-03,84.928329,82.169998,83.160004,83.160004
2021-11-04,84.561668,80.876663,82.305000,82.305000
2021-11-05,83.275002,81.753334,82.296669,82.296669
2021-11-08,86.568336,83.158333,86.216667,86.216667
2021-11-09,87.286667,84.735001,85.386665,85.386665
2021-11-10,85.195000,82.040001,83.198334,83.198334
2021-11-11,84.988335,83.856667,84.646667,84.646667
2021-11-12,86.328331,84.521667,85.863335,85.863335
2021-11-15,86.946671,85.341667,86.343330,86.343330
2021-11-16,87.995003,86.031670,87.523331,87.523331
2021-11-17,88.578331,84.666664,85.626663,85.626663
2021-11-18,87.098335,83.918335,86.665001,86.665001
2021-11-19,90.981667,85.000000,88.389999,88.389999
2021-11-22,93.256668,86.833336,89.993332,89.993332
2021-11-23,90.919998,86.599998,88.836670,88.836670
2021-11-24,91.988335,87.605003,91.620003,91.620003
2021-11-26,91.891670,88.438332,88.873337,88.873337
2021-11-29,92.239998,89.316666,91.863335,91.863335
2021-11-30,92.998337,90.518333,91.156670,91.156670
2021-12-01,92.500000,88.001663,88.026665,88.026665
2021-12-02,91.171669,87.833336,89.216667,89.216667
2021-12-03,90.551666,86.419998,86.809998,86.809998
2021-12-06,86.533333,83.038330,83.536667,83.536667
2021-12-07,88.760002,85.730003,87.238335,87.238335
2021-12-08,88.906670,86.459999,88.438332,88.438332
2021-12-09,89.648331,87.595001,87.921669,87.921669
2021-12-10,89.860001,87.268333,88.641670,88.641670
2021-12-13,90.331665,88.378334,89.153336,89.153336
2021-12-14,88.404999,84.275002,85.416664,85.416664
2021-12-15,90.166664,85.416664,90.048332,90.048332
2021-12-16,90.491669,87.166664,87.285004,87.285004
2021-12-17,88.830002,84.841667,88.356667,88.356667
2021-12-20,88.750000,86.416664,88.264999,88.264999
2021-12-21,89.639999,86.266670,89.605003,89.605003
2021-12-22,92.523331,88.430000,92.459999,92.459999
2021-12-23,94.473335,92.333336,93.629997,93.629997
2021-12-27,95.445000,93.464996,94.723335,94.723335
2021-12-28,95.361664,93.418335,94.118332,94.118332
2021-12-29,94.206665,92.241669,93.933334,93.933334
2021-12-30,94.333336,93.144997,93.570000,93.570000
2021-12-31,94.153336,92.703331,92.793335,92.793335
2022-01-03,93.400002,89.639999,90.701668,90.701668
2022-01-04,90.721664,85.556664,87.333336,87.333336
2022-01-05,86.748337,83.610001,84.143333,84.143333
2022-01-06,90.166664,82.834999,88.818336,88.818336
2022-01-07,91.366669,87.383331,87.581665,87.581665
2022-01-10,87.430000,82.000000,87.101669,87.101669
2022-01-11,88.283333,85.306664,87.675003,87.675003
2022-01-12,89.633331,86.379997,88.669998,88.669998
2022-01-13,89.013336,82.669998,83.099998,83.099998
2022-01-14,83.529999,81.066666,83.184998,83.184998
2022-01-18,86.666664,81.576668,83.728333,83.728333
2022-01-19,87.898331,83.768333,86.601669,86.601669
2022-01-20,89.480003,86.513336,86.611664,86.611664
2022-01-21,86.301666,80.426666,80.605003,80.605003
2022-01-24,84.878334,75.959999,84.035004,84.035004
2022-01-25,83.286667,79.190002,79.245003,79.245003
2022-01-26,83.464996,78.833336,79.373337,79.373337
2022-01-27,84.071671,80.713333,80.870003,80.870003
2022-01-28,83.389999,80.031670,82.695000,82.695000
2022-01-31,86.526665,82.695000,86.233330,86.233330
2022-02-01,86.666664,83.871666,85.476669,85.476669
2022-02-02,86.381668,84.233330,84.900002,84.900002
2022-02-03,84.870003,81.794998,82.068336,82.068336
2022-02-04,86.533333,81.334999,85.916664,85.916664
2022-02-07,86.959999,84.919998,85.163330,85.163330
2022-02-08,86.324997,84.168335,85.541664,85.541664
2022-02-09,89.540001,86.443336,89.081665,89.081665
2022-02-10,89.610001,86.833336,87.958336,87.958336
2022-02-11,89.333336,84.451668,85.025002,85.025002
2022-02-14,87.875000,84.313332,86.836670,86.836670
2022-02-15,89.271667,86.966667,87.733330,87.733330
2022-02-16,88.330002,85.758331,87.735001,87.735001
2022-02-17,87.258331,82.833336,83.190002,83.190002
2022-02-18,83.488335,80.233330,80.361664,80.361664
2022-02-22,81.161667,77.761665,79.251663,79.251663
2022-02-23,85.226669,78.671669,79.601669,79.601669
2022-02-24,90.111664,77.750000,89.989998,89.989998
2022-02-25,95.165001,88.406670,94.958336,94.958336
2022-02-28,99.216667,94.834999,99.041664,99.041664
2022-03-01,99.826668,95.281670,96.125000,96.125000
2022-03-02,97.643333,94.650002,97.010002,97.010002
2022-03-03,98.500000,94.838333,95.568336,95.568336
2022-03-04,96.246666,91.918335,92.918335,92.918335
2022-03-07,93.849998,88.463333,88.918335,88.918335
2022-03-08,90.598335,87.001663,87.525002,87.525002
2022-03-09,93.591667,89.501663,92.485001,92.485001
2022-03-10,93.324997,90.623337,91.974998,91.974998
2022-03-11,93.203331,90.841667,91.004997,91.004997
2022-03-14,90.871666,85.925003,87.551666,87.551666
2022-03-15,90.328331,84.853333,90.010002,90.010002
2022-03-16,92.608330,87.971664,92.320000,92.320000
2022-03-17,94.559998,90.833336,94.026665,94.026665
2022-03-18,96.253334,93.271667,96.169998,96.169998
2022-03-21,96.375000,93.434998,96.199997,96.199997
2022-03-22,101.535004,96.666664,99.570000,99.570000
2022-03-23,103.290001,97.666664,100.673332,100.673332
2022-03-24,103.831665,100.126663,103.693336,103.693336
2022-03-25,104.074997,100.535004,103.733330,103.733330
2022-03-28,104.915001,102.826668,104.208336,104.208336
2022-03-29,103.959999,99.423332,102.751663,102.751663
2022-03-30,104.598335,102.116669,102.625000,102.625000
2022-03-31,105.981667,102.423332,103.751663,103.751663
2022-04-01,105.021667,100.923332,101.851669,101.851669
2022-04-04,104.959999,102.250000,104.683334,104.683334
2022-04-05,105.206665,101.809998,103.523331,103.523331
2022-04-06,102.275002,100.186668,101.133331,101.133331
2022-04-07,103.478333,100.633331,102.745003,102.745003
2022-04-08,102.370003,100.578331,101.371666,101.371666
2022-04-11,103.158333,99.583336,101.816666,101.816666
2022-04-12,104.438332,101.665001,101.981667,101.981667
2022-04-13,105.946671,101.751663,104.834999,104.834999
2022-04-14,105.776665,104.051666,104.463333,104.463333
2022-04-18,104.971664,102.728333,102.964996,102.964996
2022-04-19,105.269997,101.894997,104.760002,104.760002
2022-04-20,106.816666,103.269997,104.361664,104.361664
2022-04-21,106.559998,98.099998,98.666664,98.666664
2022-04-22,99.529999,94.848335,95.263336,95.263336
2022-04-25,100.125000,95.411667,99.955002,99.955002
2022-04-26,99.808334,96.705002,96.798332,96.798332
2022-04-27,98.928329,94.864998,96.470001,96.470001
2022-04-28,99.275002,95.388336,98.123337,98.123337
2022-04-29,98.811668,92.904999,93.546669,93.546669
2022-05-02,95.478333,92.331665,95.324997,95.324997
2022-05-03,95.371666,90.693336,92.989998,92.989998
2022-05-04,93.651665,86.406670,92.211670,92.211670
2022-05-05,92.428329,86.236664,88.273331,88.273331
2022-05-06,88.050003,83.440002,84.144997,84.144997
2022-05-09,82.019997,75.764999,76.584999,76.584999
2022-05-10,82.144997,77.626663,80.673332,80.673332
2022-05-11,83.300003,76.373337,77.778336,77.778336
2022-05-12,81.445000,75.051666,79.751663,79.751663
2022-05-13,83.263336,80.894997,81.834999,81.834999
2022-05-16,84.078331,77.730003,78.029999,78.029999
2022-05-17,81.073334,76.570000,78.878334,78.878334
2022-05-18,79.166664,72.321671,73.099998,73.099998
2022-05-19,74.071671,70.258331,72.728333,72.728333
2022-05-20,82.161667,76.739998,79.779999,79.779999
2022-05-23,84.158333,80.358330,83.378334,83.378334
2022-05-24,82.606667,78.351669,79.523331,79.523331
2022-05-25,85.769997,79.066666,84.251663,84.251663
2022-05-26,84.775002,82.773331,83.681664,83.681664
2022-05-27,86.166664,83.833336,84.466667,84.466667
2022-05-31,84.528336,82.556664,83.796669,83.796669
2022-06-01,87.125000,83.261665,83.621666,83.621666
2022-06-02,86.934998,83.063332,86.223335,86.223335
2022-06-03,86.430000,83.709999,85.430000,85.430000
2022-06-06,86.581665,84.324997,85.669998,85.669998
2022-06-07,88.150002,84.500000,87.833336,87.833336
2022-06-08,89.136665,86.978333,87.480003,87.480003
2022-06-09,88.078331,85.676666,86.025002,86.025002
2022-06-10,84.703331,81.716667,82.536667,82.536667
2022-06-13,80.961670,77.536667,79.621666,79.621666
2022-06-14,81.551666,79.333336,80.271667,80.271667
2022-06-15,82.646667,79.781670,81.169998,81.169998
2022-06-16,79.974998,76.625000,77.718330,77.718330
2022-06-17,80.441666,77.951668,79.226669,79.226669
2022-06-21,83.558334,80.343330,83.226669,83.226669
2022-06-22,84.933334,82.078331,82.386665,82.386665
2022-06-23,84.345001,82.363335,83.845001,83.845001
2022-06-24,85.764999,83.601669,85.118332,85.118332
2022-06-27,85.764999,83.093330,83.646667,83.646667
2022-06-28,84.916664,80.776665,81.985001,81.985001
2022-06-29,82.500000,80.418335,81.966667,81.966667
2022-06-30,83.258331,80.346664,82.323334,82.323334
2022-07-01,85.071671,82.073334,84.708336,84.708336
2022-07-05,87.068336,83.415001,86.856667,86.856667
2022-07-06,87.611664,85.283333,85.826668,85.826668
2022-07-07,87.256668,85.260002,86.208336,86.208336
2022-07-08,87.581665,84.364998,87.370003,87.370003
2022-07-11,86.830002,85.166664,85.985001,85.985001
2022-07-12,87.786667,81.493332,82.096664,82.096664
2022-07-13,83.279999,79.964996,82.235001,82.235001
2022-07-14,81.963333,79.666664,81.666664,81.666664
2022-07-15,85.296669,81.764999,84.826668,84.826668
2022-07-18,86.528336,84.148331,84.306664,84.306664
2022-07-19,85.933334,84.044998,85.599998,85.599998
2022-07-20,85.448334,82.839996,84.033333,84.033333
2022-07-21,85.820000,83.214996,85.723335,85.723335
2022-07-22,87.334999,84.558334,85.195000,85.195000
2022-07-25,85.666664,83.301666,84.211670,84.211670
2022-07-26,83.763336,77.201668,77.536667,77.536667
2022-07-27,80.571671,77.839996,79.680000,79.680000
2022-07-28,82.396667,78.551666,82.035004,82.035004
2022-07-29,83.220001,81.253334,83.183334,83.183334
2022-08-01,85.296669,82.541664,84.610001,84.610001
2022-08-02,86.411667,83.668335,85.114998,85.114998
2022-08-03,88.388336,85.841667,88.178329,88.178329
2022-08-04,85.666664,80.678329,83.616669,83.616669
2022-08-05,83.666664,81.433334,83.561668,83.561668
2022-08-08,85.964996,83.334999,83.511665,83.511665
2022-08-09,84.139999,82.000000,83.394997,83.394997
2022-08-10,87.316666,85.333336,86.973335,86.973335
2022-08-11,89.514999,85.401665,86.084999,86.084999
2022-08-12,88.269997,86.849998,87.813332,87.813332
2022-08-15,88.226669,86.741669,87.961670,87.961670
2022-08-16,87.726669,85.855003,87.425003,87.425003
2022-08-17,86.533333,84.476669,85.751663,85.751663
2022-08-18,86.858330,85.404999,86.308334,86.308334
2022-08-19,86.508331,84.668335,85.584999,85.584999
2022-08-22,85.730003,83.434998,84.675003,84.675003
2022-08-23,95.433334,92.000000,94.918335,94.918335
2022-08-24,95.333336,93.834999,94.135002,94.135002
2022-08-25,96.464996,94.713333,95.930000,95.930000
2022-08-26,96.250000,93.446671,93.448334,93.448334
2022-08-29,94.393333,92.098335,93.165001,93.165001
2022-08-30,94.813332,92.403336,93.279999,93.279999
2022-08-31,95.500000,92.279999,92.801666,92.801666
2022-09-01,92.173332,89.043335,90.858330,90.858330
2022-09-02,92.254997,89.608330,89.866669,89.866669
2022-09-06,89.309998,86.388336,88.423332,88.423332
2022-09-07,90.231667,87.736664,90.000000,90.000000
2022-09-08,91.529999,89.168335,91.208336,91.208336
2022-09-09,94.708336,92.183334,94.128334,94.128334
2022-09-12,95.000000,93.635002,94.680000,94.680000
2022-09-13,92.720001,91.353333,91.480003,91.480003
2022-09-14,91.980003,89.419998,91.029999,91.029999
2022-09-15,90.980003,89.080002,89.809998,89.809998
2022-09-16,88.620003,85.769997,87.044998,87.044998
2022-09-19,87.879997,85.500000,87.675003,87.675003
2022-09-20,88.349998,86.845001,87.510002,87.510002
2022-09-21,88.714996,85.555000,85.559998,85.559998
2022-09-22,85.870003,82.660004,83.089996,83.089996
2022-09-23,82.970001,80.269997,80.785004,80.785004
2022-09-26,83.410004,80.945000,81.584999,81.584999
2022-09-27,83.370003,81.330002,81.830002,81.830002
2022-09-28,83.860001,81.550003,83.400002,83.400002
2022-09-29,83.389999,80.820000,82.790001,82.790001
2022-09-30,83.934998,81.860001,81.894997,81.894997
2022-10-03,85.480003,82.779999,84.845001,84.845001
2022-10-04,87.724998,86.250000,86.919998,86.919998
2022-10-05,88.285004,85.250000,87.824997,87.824997
2022-10-06,89.500000,87.224998,87.375000,87.375000
2022-10-07,86.889999,84.675003,84.955002,84.955002
2022-10-10,85.239998,80.805000,81.570000,81.570000
2022-10-11,80.805000,77.834999,78.684998,78.684998
2022-10-12,78.900002,76.584999,77.654999,77.654999
2022-10-13,79.665001,74.004997,78.945000,78.945000
2022-10-14,80.004997,77.205002,77.415001,77.415001
2022-10-17,80.470001,79.120003,79.269997,79.269997
2022-10-18,83.394997,80.839996,81.684998,81.684998
2022-10-19,81.959999,79.675003,80.055000,80.055000
2022-10-20,81.114998,78.680000,79.285004,79.285004
2022-10-21,81.334999,78.144997,81.014999,81.014999
2022-10-24,81.279999,78.709999,80.669998,80.669998
2022-10-25,83.540001,81.025002,83.095001,83.095001
2022-10-26,84.790001,81.500000,83.364998,83.364998
2022-10-27,85.245003,82.904999,84.070000,84.070000
2022-10-28,85.739998,83.120003,85.540001,85.540001
2022-10-31,86.500000,84.750000,85.794998,85.794998
2022-11-01,88.050003,84.790001,85.385002,85.385002
2022-11-02,85.779999,80.705002,80.889999,80.889999
2022-11-03,77.345001,73.110001,74.849998,74.849998
2022-11-04,75.889999,70.035004,71.105003,71.105003
2022-11-07,72.665001,70.260002,72.224998,72.224998
2022-11-08,77.684998,73.559998,77.084999,77.084999
2022-11-09,77.144997,75.574997,75.785004,75.785004
2022-11-10,83.404999,79.105003,81.730003,81.730003
2022-11-11,84.059998,81.449997,82.660004,82.660004
2022-11-14,82.894997,80.754997,80.864998,80.864998
2022-11-15,83.525002,80.910004,81.190002,81.190002
2022-11-16,80.300003,77.934998,79.544998,79.544998
2022-11-17,78.754997,75.745003,78.279999,78.279999
2022-11-18,86.500000,83.035004,83.739998,83.739998
2022-11-21,86.785004,82.535004,85.309998,85.309998
2022-11-22,86.035004,84.625000,85.834999,85.834999
2022-11-23,87.815002,85.044998,86.550003,86.550003
2022-11-25,87.010002,85.955002,86.385002,86.385002
2022-11-28,86.945000,84.915001,85.695000,85.695000
2022-11-29,86.224998,84.555000,85.254997,85.254997
2022-11-30,85.139999,81.875000,84.949997,84.949997
2022-12-01,89.485001,84.669998,89.199997,89.199997
2022-12-02,88.320000,85.934998,86.345001,86.345001
2022-12-05,86.614998,84.230003,84.995003,84.995003
2022-12-06,85.790001,82.955002,83.345001,83.345001
2022-12-07,84.375000,81.980003,82.345001,82.345001
2022-12-08,82.529999,79.334999,80.389999,80.389999
2022-12-09,80.724998,79.404999,79.449997,79.449997
2022-12-12,80.915001,78.934998,80.889999,80.889999
2022-12-13,84.495003,79.885002,80.375000,80.375000
2022-12-14,81.345001,79.250000,80.114998,80.114998
2022-12-15,79.565002,75.660004,76.294998,76.294998
2022-12-16,76.449997,75.180000,75.500000,75.500000
2022-12-19,76.044998,74.139999,75.260002,75.260002
2022-12-20,75.349998,73.870003,74.639999,74.639999
2022-12-21,74.275002,71.415001,73.709999,73.709999
2022-12-22,72.739998,70.764999,71.574997,71.574997
2022-12-23,71.660004,70.269997,70.635002,70.635002
2022-12-27,70.669998,69.504997,69.605003,69.605003
2022-12-28,69.815002,68.370003,68.665001,68.665001
2022-12-29,70.794998,69.050003,70.099998,70.099998
2022-12-30,69.894997,68.644997,69.769997,69.769997
2023-01-03,71.724998,68.754997,69.224998,69.224998
2023-01-04,70.620003,68.514999,69.269997,69.269997
2023-01-05,68.839996,66.349998,67.555000,67.555000
2023-01-06,68.489998,66.760002,67.425003,67.425003
2023-01-09,69.845001,67.345001,67.540001,67.540001
2023-01-10,68.250000,66.459999,67.095001,67.095001
2023-01-11,68.625000,67.000000,68.355003,68.355003
2023-01-12,68.580002,66.110001,68.300003,68.300003
2023-01-13,69.589996,67.269997,69.430000,69.430000
2023-01-17,71.334999,68.555000,71.000000,71.000000
2023-01-18,72.644997,70.589996,70.839996,70.839996
2023-01-19,71.459999,70.080002,70.355003,70.355003
2023-01-20,73.245003,71.305000,73.050003,73.050003
2023-01-23,75.099998,73.065002,74.669998,74.669998
2023-01-24,76.080002,74.695000,75.570000,75.570000
2023-01-25,76.095001,73.474998,75.889999,75.889999
2023-01-26,79.989998,76.839996,79.555000,79.555000
2023-01-27,80.614998,78.800003,79.889999,79.889999
2023-01-30,79.574997,78.595001,78.815002,78.815002
2023-01-31,79.775002,78.730003,79.320000,79.320000
2023-02-01,80.644997,77.110001,79.860001,79.860001
2023-02-02,82.830002,80.650002,81.275002,81.275002
2023-02-03,81.195000,79.120003,79.860001,79.860001
2023-02-06,80.269997,77.974998,78.114998,78.114998
2023-02-07,80.105003,77.055000,79.849998,79.849998
2023-02-08,84.330002,82.375000,83.070000,83.070000
2023-02-09,84.500000,82.754997,83.065002,83.065002
2023-02-10,83.400002,81.404999,82.625000,82.625000
2023-02-13,83.705002,82.205002,83.154999,83.154999
2023-02-14,85.739998,83.144997,85.070000,85.070000
2023-02-15,88.800003,85.599998,88.629997,88.629997
2023-02-16,87.964996,85.970001,86.010002,86.010002
2023-02-17,85.400002,83.904999,84.639999,84.639999
2023-02-21,84.599998,82.680000,83.445000,83.445000
2023-02-22,94.394997,91.150002,93.875000,93.875000
2023-02-23,94.495003,91.294998,94.370003,94.370003
2023-02-24,93.860001,92.209999,93.315002,93.315002
2023-02-27,96.235001,93.889999,94.254997,94.254997
2023-02-28,95.915001,94.029999,94.184998,94.184998
2023-03-01,94.099998,92.855003,93.470001,93.470001
2023-03-02,95.514999,92.750000,94.925003,94.925003
2023-03-03,96.419998,94.339996,95.794998,95.794998
2023-03-06,95.199997,93.425003,93.955002,93.955002
2023-03-07,94.735001,93.349998,93.599998,93.599998
2023-03-08,94.574997,93.080002,94.190002,94.190002
2023-03-09,94.714996,92.120003,92.209999,92.209999
2023-03-10,93.500000,91.250000,92.855003,92.855003
2023-03-13,94.245003,91.339996,92.949997,92.949997
2023-03-14,94.110001,91.430000,92.239998,92.239998
2023-03-15,92.184998,90.815002,91.900002,91.900002
2023-03-16,95.000000,91.334999,94.885002,94.885002
2023-03-17,95.730003,93.785004,94.559998,94.559998
2023-03-20,95.099998,93.440002,94.714996,94.714996
2023-03-21,97.459999,95.250000,97.245003,97.245003
2023-03-22,97.904999,95.375000,95.445000,95.445000
2023-03-23,98.059998,96.330002,96.945000,96.945000
2023-03-24,96.790001,95.445000,95.775002,95.775002
2023-03-27,97.290001,95.824997,96.264999,96.264999
2023-03-28,96.654999,94.919998,95.379997,95.379997
2023-03-29,96.449997,95.175003,96.095001,96.095001
2023-03-30,97.555000,96.014999,96.785004,96.785004
2023-03-31,100.150002,97.019997,99.870003,99.870003
2023-04-03,99.455002,97.794998,98.165001,98.165001
2023-04-04,99.245003,97.930000,98.279999,98.279999
2023-04-05,98.400002,95.955002,97.089996,97.089996
2023-04-06,96.154999,94.360001,95.964996,95.964996
2023-04-10,96.855003,94.415001,96.309998,96.309998
2023-04-11,96.849998,95.129997,96.404999,96.404999
2023-04-12,98.404999,96.714996,97.639999,97.639999
2023-04-13,99.330002,98.044998,98.934998,98.934998
2023-04-14,99.934998,96.300003,99.720001,99.720001
2023-04-17,101.480003,99.425003,100.580002,100.580002
2023-04-18,101.720001,99.930000,100.000000,100.000000
2023-04-19,99.845001,97.485001,97.660004,97.660004
2023-04-20,96.949997,95.599998,96.135002,96.135002
2023-04-21,97.209999,95.584999,96.625000,96.625000
2023-04-24,97.370003,95.205002,95.974998,95.974998
2023-04-25,94.305000,91.095001,91.285004,91.285004
2023-04-26,92.745003,91.364998,91.894997,91.894997
2023-04-27,93.065002,91.720001,92.559998,92.559998
2023-04-28,91.995003,90.504997,91.230003,91.230003
2023-05-01,92.620003,89.855003,91.650002,91.650002
2023-05-02,91.559998,88.150002,88.445000,88.445000
2023-05-03,90.269997,88.175003,88.830002,88.830002
2023-05-04,90.349998,88.544998,89.504997,89.504997
2023-05-05,92.364998,89.570000,91.964996,91.964996
2023-05-08,96.099998,93.964996,95.760002,95.760002
2023-05-09,98.529999,96.195000,97.919998,97.919998
2023-05-10,100.760002,98.500000,99.699997,99.699997
2023-05-11,100.419998,98.285004,98.589996,98.589996
2023-05-12,99.684998,98.410004,99.650002,99.650002
2023-05-15,99.275002,95.334999,96.500000,96.500000
2023-05-16,96.400002,94.430000,95.714996,95.714996
2023-05-17,96.559998,95.050003,95.760002,95.760002
2023-05-18,95.745003,93.375000,94.860001,94.860001
2023-05-19,96.190002,94.160004,94.330002,94.330002
2023-05-22,96.485001,94.150002,96.055000,96.055000
2023-05-23,96.599998,94.415001,94.870003,94.870003
2023-05-24,103.690002,97.040001,102.154999,102.154999
2023-05-25,104.434998,101.300003,103.989998,103.989998
2023-05-26,108.525002,104.095001,105.849998,105.849998
2023-05-30,109.750000,105.709999,106.239998,106.239998
2023-05-31,108.129997,105.815002,106.695000,106.695000
2023-06-01,109.139999,105.059998,108.394997,108.394997
2023-06-02,109.964996,107.525002,108.620003,108.620003
2023-06-05,115.089996,111.544998,113.394997,113.394997
2023-06-06,113.430000,111.915001,112.360001,112.360001
2023-06-07,112.955002,108.084999,108.125000,108.125000
2023-06-08,111.519997,108.125000,111.410004,111.410004
2023-06-09,112.389999,109.654999,110.050003,110.050003
2023-06-12,114.644997,110.275002,114.570000,114.570000
2023-06-13,117.250000,114.599998,116.815002,116.815002
2023-06-14,119.815002,116.330002,119.279999,119.279999
2023-06-15,122.430000,118.105003,121.900002,121.900002
2023-06-16,123.849998,121.035004,123.264999,123.264999
2023-06-20,122.525002,119.084999,120.800003,120.800003
2023-06-21,121.214996,118.599998,119.459999,119.459999
2023-06-22,124.629997,119.180000,124.574997,124.574997
2023-06-23,124.324997,121.875000,121.970001,121.970001
2023-06-26,125.275002,121.709999,121.900002,121.900002
2023-06-27,126.754997,122.080002,125.794998,125.794998
2023-06-28,127.709999,123.915001,126.705002,126.705002
2023-06-29,127.445000,125.529999,126.665001,126.665001
2023-06-30,128.414993,126.190002,127.754997,127.754997
2023-07-03,127.720001,126.269997,127.320000,127.320000
2023-07-05,129.440002,126.050003,128.940002,128.940002
2023-07-06,127.769997,125.375000,126.699997,126.699997
2023-07-07,126.540001,123.529999,123.794998,123.794998
2023-07-10,125.625000,123.445000,123.735001,123.735001
2023-07-11,125.495003,123.135002,125.114998,125.114998
2023-07-12,125.940002,115.904999,116.320000,116.320000
2023-07-13,121.849998,117.260002,119.504997,119.504997
2023-07-14,121.415001,119.040001,120.629997,120.629997
2023-07-17,125.385002,120.485001,125.025002,125.025002
2023-07-18,125.110001,122.785004,124.169998,124.169998
2023-07-19,125.125000,122.535004,123.000000,123.000000
2023-07-20,123.764999,120.599998,121.025002,121.025002
2023-07-21,123.195000,121.529999,121.910004,121.910004
2023-07-24,122.995003,119.870003,121.665001,121.665001
2023-07-25,123.425003,121.364998,121.455002,121.455002
2023-07-26,124.324997,119.434998,122.504997,122.504997
2023-07-27,124.915001,121.625000,122.639999,122.639999
2023-07-28,124.644997,122.404999,124.220001,124.220001
2023-07-31,126.669998,123.860001,124.980003,124.980003
2023-08-01,127.014999,124.004997,126.584999,126.584999
2023-08-02,124.699997,117.019997,118.084999,118.084999
2023-08-03,119.375000,116.904999,118.724998,118.724998
2023-08-04,112.750000,106.675003,109.160004,109.160004
2023-08-07,109.724998,106.650002,107.620003,107.620003
2023-08-08,106.449997,104.010002,105.739998,105.739998
2023-08-09,106.894997,105.050003,106.735001,106.735001
2023-08-10,109.209999,106.449997,107.029999,107.029999
2023-08-11,110.224998,106.419998,108.980003,108.980003
2023-08-14,110.885002,107.750000,109.669998,109.669998
2023-08-15,109.769997,107.480003,107.830002,107.830002
2023-08-16,108.470001,106.790001,106.985001,106.985001
2023-08-17,106.500000,103.445000,103.785004,103.785004
2023-08-18,105.570000,100.584999,104.845001,104.845001
2023-08-21,123.150002,118.150002,120.404999,120.404999
2023-08-22,121.044998,115.514999,117.279999,117.279999
2023-08-23,118.625000,115.879997,117.830002,117.830002
2023-08-24,119.099998,113.464996,113.724998,113.724998
2023-08-25,116.010002,113.160004,115.379997,115.379997
2023-08-28,116.540001,114.474998,116.209999,116.209999
2023-08-29,117.095001,115.709999,116.959999,116.959999
2023-08-30,119.699997,117.500000,118.949997,118.949997
2023-08-31,121.915001,119.790001,121.650002,121.650002
2023-09-01,122.385002,120.235001,121.360001,121.360001
2023-09-05,122.625000,120.125000,122.535004,122.535004
2023-09-06,122.964996,121.360001,122.605003,122.605003
2023-09-07,123.519997,121.175003,122.720001,122.720001
2023-09-08,124.945000,122.440002,124.370003,124.370003
2023-09-11,127.114998,124.500000,126.570000,126.570000
2023-09-12,126.455002,122.820000,122.864998,122.864998
2023-09-13,123.885002,121.214996,123.144997,123.144997
2023-09-14,124.160004,122.315002,122.910004,122.910004
2023-09-15,122.845001,119.285004,120.099998,120.099998
2023-09-18,121.629997,119.389999,119.945000,119.945000
2023-09-19,119.394997,115.675003,118.084999,118.084999
2023-09-20,119.440002,117.245003,117.650002,117.650002
2023-09-21,116.589996,113.595001,113.720001,113.720001
2023-09-22,115.364998,113.320000,114.254997,114.254997
2023-09-25,113.974998,112.320000,113.264999,113.264999
2023-09-26,113.900002,112.375000,113.394997,113.394997
2023-09-27,116.764999,114.160004,115.949997,115.949997
2023-09-28,118.650002,115.334999,117.589996,117.589996
2023-09-29,119.169998,117.019997,117.220001,117.220001
2023-10-02,119.095001,116.945000,118.385002,118.385002
2023-10-03,118.805000,115.044998,115.855003,115.855003
2023-10-04,118.785004,116.675003,118.220001,118.220001
2023-10-05,118.650002,117.175003,118.389999,118.389999
2023-10-06,124.955002,117.519997,123.345001,123.345001
2023-10-09,128.244995,122.915001,126.389999,126.389999
2023-10-10,129.274994,126.410004,128.389999,128.389999
2023-10-11,130.940002,127.885002,129.604996,129.604996
2023-10-12,132.169998,129.585007,130.309998,130.309998
2023-10-13,132.949997,129.154999,129.699997,129.699997
2023-10-16,132.585007,129.455002,130.759995,130.759995
2023-10-17,132.910004,130.005005,130.869995,130.869995
2023-10-18,132.925003,130.000000,130.669998,130.669998
2023-10-19,132.339996,126.089996,126.565002,126.565002
2023-10-20,126.500000,120.139999,121.550003,121.550003
2023-10-23,124.160004,119.410004,123.084999,123.084999
2023-10-24,126.095001,123.750000,126.035004,126.035004
2023-10-25,127.160004,121.860001,122.394997,122.394997
2023-10-26,123.470001,118.010002,118.595001,118.595001
2023-10-27,121.195000,118.639999,119.394997,119.394997
2023-10-30,121.110001,118.855003,119.275002,119.275002
2023-10-31,122.019997,119.059998,121.510002,121.510002
2023-11-01,123.724998,120.029999,122.430000,122.430000
2023-11-02,126.040001,123.540001,125.180000,125.180000
2023-11-03,123.125000,120.525002,121.764999,121.764999
2023-11-06,123.644997,116.904999,118.500000,118.500000
2023-11-07,121.709999,118.760002,121.040001,121.040001
2023-11-08,122.000000,120.254997,120.540001,120.540001
2023-11-09,123.870003,119.800003,121.294998,121.294998
2023-11-10,126.989998,122.300003,126.754997,126.754997
2023-11-13,128.699997,126.879997,127.820000,127.820000
2023-11-14,130.835007,128.845001,130.585007,130.585007
2023-11-15,132.375000,127.309998,128.089996,128.089996
2023-11-16,122.400002,117.074997,121.150002,121.150002
2023-11-17,126.014999,121.489998,123.794998,123.794998
2023-11-20,130.725006,124.779999,130.285004,130.285004
2023-11-21,132.279999,129.085007,132.014999,132.014999
2023-11-22,134.050003,131.035004,131.570007,131.570007
2023-11-24,133.205002,131.375000,133.039993,133.039993
2023-11-27,134.970001,132.940002,134.544998,134.544998
2023-11-28,139.345001,134.324997,138.914993,138.914993
2023-11-29,146.164993,139.255005,144.455002,144.455002
2023-11-30,148.080002,143.514999,147.544998,147.544998
2023-12-01,148.425003,145.524994,148.080002,148.080002
2023-12-04,147.500000,141.395004,143.304993,143.304993
2023-12-05,146.404999,140.330002,146.389999,146.389999
2023-12-06,148.074997,143.455002,143.600006,143.600006
2023-12-07,147.184998,143.345001,146.804993,146.804993
2023-12-08,149.455002,145.320007,149.210007,149.210007
2023-12-11,150.054993,147.660004,149.940002,149.940002
2023-12-12,153.940002,149.705002,152.789993,152.789993
2023-12-13,158.095001,152.520004,156.929993,156.929993
2023-12-14,159.000000,149.065002,150.220001,150.220001
2023-12-15,154.524994,149.625000,153.649994,153.649994
2023-12-18,154.710007,152.005005,153.789993,153.789993
2023-12-19,155.440002,153.089996,154.304993,154.304993
2023-12-20,154.000000,150.225006,150.490005,150.490005
2023-12-21,152.054993,147.955002,149.699997,149.699997
2023-12-22,150.375000,148.750000,149.104996,149.104996
2023-12-26,150.994995,149.250000,150.410004,150.410004
2023-12-27,150.445007,147.910004,148.750000,148.750000
2023-12-28,148.830002,146.899994,147.789993,147.789993
2023-12-29,148.360001,145.975006,147.440002,147.440002
2024-01-02,146.059998,142.414993,144.460007,144.460007
2024-01-03,144.559998,141.410004,143.235001,143.235001
2024-01-04,143.740005,141.449997,141.649994,141.649994
2024-01-05,143.225006,140.919998,141.464996,141.464996
2024-01-08,145.369995,141.750000,144.750000,144.750000
2024-01-09,150.500000,143.449997,150.210007,150.210007
2024-01-10,158.244995,152.550003,158.044998,158.044998
2024-01-11,162.684998,158.259995,161.744995,161.744995
2024-01-12,165.199997,160.699997,162.619995,162.619995
2024-01-16,166.649994,162.750000,166.024994,166.024994
2024-01-17,166.235001,161.304993,165.029999,165.029999
2024-01-18,169.294998,166.279999,167.884995,167.884995
2024-01-19,170.199997,167.154999,168.869995,168.869995
2024-01-22,175.300003,171.225006,172.824997,172.824997
2024-01-23,173.000000,169.160004,172.089996,172.089996
2024-01-24,173.994995,169.919998,170.119995,170.119995
2024-01-25,172.229996,168.285004,170.095001,170.095001
2024-01-26,172.149994,169.029999,171.220001,171.220001
2024-01-29,172.744995,170.384995,172.625000,172.625000
2024-01-30,173.815002,171.380005,172.945007,172.945007
2024-01-31,171.994995,166.335007,169.255005,169.255005
2024-02-01,170.225006,167.720001,169.985001,169.985001
2024-02-02,173.214996,169.500000,172.529999,172.529999
2024-02-05,172.750000,168.970001,172.240005,172.240005
2024-02-06,173.875000,168.000000,170.744995,170.744995
2024-02-07,183.070007,174.699997,182.250000,182.250000
2024-02-08,185.860001,181.500000,183.509995,183.509995
2024-02-09,190.419998,184.500000,188.449997,188.449997
2024-02-12,188.149994,183.764999,185.985001,185.985001
2024-02-13,187.190002,176.904999,184.130005,184.130005
2024-02-14,187.585007,183.065002,184.164993,184.164993
2024-02-15,184.895004,180.809998,183.440002,183.440002
2024-02-16,185.494995,181.024994,183.205002,183.205002
2024-02-20,184.645004,179.910004,183.044998,183.044998
2024-02-21,137.990005,130.044998,130.985001,130.985001
2024-02-22,138.404999,132.500000,133.910004,133.910004
2024-02-23,142.160004,135.809998,141.044998,141.044998
2024-02-26,156.940002,143.395004,151.389999,151.389999
2024-02-27,163.785004,153.774994,157.375000,157.375000
2024-02-28,158.425003,153.904999,158.074997,158.074997
2024-02-29,160.345001,154.365005,155.274994,155.274994
2024-03-01,155.764999,148.404999,151.199997,151.199997
2024-03-04,151.190002,146.029999,149.720001,149.720001
2024-03-05,148.774994,142.339996,145.565002,145.565002
2024-03-06,150.000000,138.404999,139.429993,139.429993
2024-03-07,144.065002,138.875000,143.244995,143.244995
2024-03-08,144.225006,139.850006,140.100006,140.100006
2024-03-11,143.399994,138.804993,141.664993,141.664993
2024-03-12,143.720001,140.699997,142.365005,142.365005
2024-03-13,146.395004,140.865005,145.059998,145.059998
2024-03-14,146.369995,141.679993,143.789993,143.789993
2024-03-15,143.645004,140.804993,141.080002,141.080002
2024-03-18,143.315002,140.589996,142.619995,142.619995
2024-03-19,142.070007,138.274994,140.289993,140.289993
2024-03-20,141.860001,139.134995,141.024994,141.024994
2024-03-21,145.070007,140.785004,143.815002,143.815002
2024-03-22,145.445007,142.779999,143.389999,143.389999
2024-03-25,143.149994,140.619995,142.535004,142.535004
2024-03-26,144.119995,141.399994,143.345001,143.345001
2024-03-27,145.449997,140.740005,141.130005,141.130005
2024-03-28,142.529999,140.024994,142.065002,142.065002
2024-04-01,142.835007,139.214996,139.710007,139.710007
2024-04-02,137.779999,135.725006,136.699997,136.699997
2024-04-03,136.940002,134.625000,134.770004,134.770004
2024-04-04,136.695007,132.500000,132.600006,132.600006
2024-04-05,134.850006,132.625000,134.505005,134.505005
2024-04-08,134.559998,132.830002,134.289993,134.289993
2024-04-09,139.755005,134.824997,139.565002,139.565002
2024-04-10,141.250000,137.500000,140.500000,140.500000
2024-04-11,142.744995,139.214996,141.929993,141.929993
2024-04-12,141.880005,138.630005,139.535004,139.535004
2024-04-15,139.589996,135.520004,136.074997,136.074997
2024-04-16,138.250000,135.179993,137.509995,137.509995
2024-04-17,140.440002,137.800003,138.664993,138.664993
2024-04-18,142.184998,138.164993,140.570007,140.570007
2024-04-19,142.440002,138.274994,138.854996,138.854996
2024-04-22,141.485001,137.600006,140.839996,140.839996
2024-04-23,147.110001,141.500000,146.744995,146.744995
2024-04-24,147.500000,145.460007,146.910004,146.910004
2024-04-25,145.074997,140.809998,144.395004,144.395004
2024-04-26,147.065002,143.714996,145.710007,145.710007
2024-04-29,151.945007,145.914993,146.705002,146.705002
2024-04-30,147.975006,145.210007,145.445007,145.445007
2024-05-01,146.854996,142.000000,143.669998,143.669998
2024-05-02,147.889999,142.764999,147.660004,147.660004
2024-05-03,148.744995,145.184998,148.104996,148.104996
2024-05-06,150.485001,148.580002,150.285004,150.285004
2024-05-07,154.324997,149.729996,152.759995,152.759995
2024-05-08,152.134995,149.755005,151.505005,151.505005
2024-05-09,150.494995,147.520004,147.835007,147.835007
2024-05-10,150.485001,148.460007,148.735001,148.735001
2024-05-13,152.330002,149.475006,151.125000,151.125000
2024-05-14,151.649994,149.220001,150.770004,150.770004
2024-05-15,156.570007,151.529999,156.160004,156.160004
2024-05-16,158.690002,155.539993,158.389999,158.389999
2024-05-17,159.500000,157.479996,158.925003,158.925003
2024-05-20,162.339996,157.289993,161.884995,161.884995
2024-05-21,159.250000,150.000000,155.830002,155.830002
2024-05-22,156.725006,151.600006,154.289993,154.289993
2024-05-23,157.220001,152.250000,155.720001,155.720001
2024-05-24,161.554993,155.500000,160.800003,160.800003
2024-05-28,160.925003,153.535004,154.005005,154.005005
2024-05-29,155.160004,152.199997,153.449997,153.449997
2024-05-30,152.175003,145.580002,146.589996,146.589996
2024-05-31,149.630005,143.289993,147.455002,147.455002
2024-06-03,148.500000,145.565002,147.240005,147.240005
2024-06-04,147.895004,144.455002,145.044998,145.044998
2024-06-05,148.475006,145.250000,147.705002,147.705002
2024-06-06,150.330002,147.375000,147.964996,147.964996
2024-06-07,151.475006,147.595001,150.949997,150.949997
2024-06-10,154.729996,149.350006,154.524994,154.524994
2024-06-11,157.300003,153.440002,156.475006,156.475006
2024-06-12,160.050003,155.820007,159.895004,159.895004
2024-06-13,162.244995,157.679993,159.830002,159.830002
2024-06-14,161.309998,157.505005,158.654999,158.654999
2024-06-17,160.585007,155.940002,159.794998,159.794998
2024-06-18,160.570007,157.929993,158.509995,158.509995
2024-06-20,160.550003,154.625000,155.520004,155.520004
2024-06-21,160.695007,156.130005,160.164993,160.164993
2024-06-24,163.399994,157.869995,158.339996,158.339996
2024-06-25,163.195007,158.000000,161.339996,161.339996
2024-06-26,163.690002,159.899994,162.630005,162.630005
2024-06-27,172.705002,164.570007,170.410004,170.410004
2024-06-28,172.949997,168.684998,169.505005,169.505005
2024-07-01,171.264999,165.740005,170.449997,170.449997
2024-07-02,171.404999,168.035004,170.220001,170.220001
2024-07-03,171.220001,169.240005,170.600006,170.600006
2024-07-05,172.774994,169.154999,171.044998,171.044998
2024-07-08,170.975006,164.664993,168.820007,168.820007
2024-07-09,169.500000,166.065002,168.089996,168.089996
2024-07-10,169.005005,165.080002,168.529999,168.529999
2024-07-11,170.625000,164.559998,165.520004,165.520004
2024-07-12,169.100006,165.639999,168.250000,168.250000
2024-07-15,171.845001,164.625000,170.455002,170.455002
2024-07-16,170.845001,167.755005,169.250000,169.250000
2024-07-17,167.934998,163.815002,166.070007,166.070007
2024-07-18,165.500000,160.130005,161.940002,161.940002
2024-07-19,168.449997,163.014999,165.445007,165.445007
2024-07-22,169.434998,164.440002,166.850006,166.850006
2024-07-23,170.445007,166.324997,167.779999,167.779999
2024-07-24,168.134995,161.500000,162.119995,162.119995
2024-07-25,164.425003,159.365005,160.065002,160.065002
2024-07-26,164.580002,160.634995,163.404999,163.404999
2024-07-29,164.365005,160.699997,161.029999,161.029999
2024-07-30,163.414993,157.505005,158.755005,158.755005
2024-07-31,163.309998,158.125000,162.365005,162.365005
2024-08-01,162.820007,156.184998,157.809998,157.809998
2024-08-02,154.500000,149.774994,152.800003,152.800003
2024-08-05,150.699997,142.009995,147.089996,147.089996
2024-08-06,152.669998,147.425003,150.964996,150.964996
2024-08-07,157.389999,152.085007,152.104996,152.104996
2024-08-08,158.904999,153.175003,158.684998,158.684998
2024-08-09,166.570007,158.744995,165.740005,165.740005
2024-08-12,166.214996,162.574997,165.550003,165.550003
2024-08-13,168.039993,165.259995,166.615005,166.615005
2024-08-14,172.164993,167.755005,169.955002,169.955002
2024-08-15,172.889999,170.044998,171.634995,171.634995
2024-08-16,170.065002,166.360001,167.054993,167.054993
2024-08-19,172.240005,167.554993,171.679993,171.679993
2024-08-20,187.684998,174.000000,184.005005,184.005005
2024-08-21,184.294998,179.264999,179.875000,179.875000
2024-08-22,179.679993,174.414993,174.740005,174.740005
2024-08-23,177.570007,173.115005,175.375000,175.375000
2024-08-26,177.320007,172.735001,173.559998,173.559998
2024-08-27,175.669998,171.679993,175.095001,175.095001
2024-08-28,176.389999,173.039993,175.220001,175.220001
2024-08-29,183.024994,176.110001,179.104996,179.104996
2024-08-30,181.485001,177.285004,181.360001,181.360001
2024-09-03,182.750000,176.475006,177.535004,177.535004
2024-09-04,174.020004,169.044998,173.074997,173.074997
2024-09-05,172.929993,169.535004,171.869995,171.869995
2024-09-06,173.514999,166.919998,167.910004,167.910004
2024-09-09,172.464996,168.824997,172.024994,172.024994
2024-09-10,174.054993,170.035004,173.789993,173.789993
2024-09-11,173.240005,166.350006,170.884995,170.884995
2024-09-12,173.199997,170.649994,172.580002,172.580002
2024-09-13,176.300003,172.235001,173.449997,173.449997
2024-09-16,174.634995,171.460007,173.054993,173.054993
2024-09-17,173.970001,168.134995,168.964996,168.964996
2024-09-18,168.875000,164.360001,164.875000,164.875000
2024-09-19,169.589996,166.199997,166.800003,166.800003
2024-09-20,170.524994,166.164993,170.059998,170.059998
2024-09-23,172.675003,168.585007,172.085007,172.085007
2024-09-24,172.934998,169.255005,171.759995,171.759995
2024-09-25,172.500000,169.179993,170.255005,170.255005
2024-09-26,172.134995,167.649994,169.365005,169.365005
2024-09-27,169.979996,167.250000,167.875000,167.875000
2024-09-30,171.714996,167.500000,170.899994,170.899994
2024-10-01,170.889999,164.125000,164.645004,164.645004
2024-10-02,168.809998,164.274994,166.065002,166.065002
2024-10-03,168.345001,164.455002,167.970001,167.970001
2024-10-04,171.479996,167.794998,171.179993,171.179993
2024-10-07,172.779999,168.404999,168.970001,168.970001
2024-10-08,178.500000,172.500000,177.565002,177.565002
2024-10-09,181.779999,177.500000,181.434998,181.434998
2024-10-10,184.895004,180.000000,184.699997,184.699997
2024-10-11,189.164993,184.475006,186.600006,186.600006
2024-10-14,188.565002,184.895004,186.955002,186.955002
2024-10-15,188.160004,185.005005,187.220001,187.220001
2024-10-16,187.270004,183.705002,186.615005,186.615005
2024-10-17,189.865005,185.164993,188.074997,188.074997
2024-10-18,188.000000,186.320007,187.414993,187.414993
2024-10-21,192.000000,186.514999,189.205002,189.205002
2024-10-22,189.634995,185.654999,188.050003,188.050003
2024-10-23,187.074997,178.789993,179.095001,179.095001
2024-10-24,183.255005,180.074997,182.289993,182.289993
2024-10-25,186.199997,182.869995,183.220001,183.220001
2024-10-28,184.455002,180.714996,181.175003,181.175003
2024-10-29,183.735001,178.895004,182.695007,182.695007
2024-10-30,183.940002,179.345001,179.755005,179.755005
2024-10-31,184.690002,179.100006,180.164993,180.164993
2024-11-01,182.884995,178.550003,181.320007,181.320007
2024-11-04,181.940002,178.000000,180.559998,180.559998
2024-11-05,184.244995,181.100006,183.145004,183.145004
2024-11-06,193.100006,188.000000,192.589996,192.589996
2024-11-07,193.604996,188.110001,193.500000,193.500000
2024-11-08,196.604996,192.134995,195.699997,195.699997
2024-11-11,200.345001,196.850006,199.050003,199.050003
2024-11-12,199.654999,196.985001,199.009995,199.009995
2024-11-13,204.264999,198.654999,201.179993,201.179993
2024-11-14,201.580002,197.014999,197.195007,197.195007
2024-11-15,196.250000,192.785004,193.500000,193.500000
2024-11-18,196.690002,192.865005,193.414993,193.414993
2024-11-19,194.514999,191.514999,194.029999,194.029999
2024-11-20,197.455002,191.964996,196.445007,196.445007
2024-11-21,202.000000,190.274994,198.850006,198.850006
2024-11-22,197.005005,187.600006,191.679993,191.679993
2024-11-25,198.080002,191.585007,193.190002,193.190002
2024-11-26,198.610001,194.315002,198.199997,198.199997
2024-11-27,196.964996,191.384995,192.184998,192.184998
2024-11-29,194.610001,191.729996,193.910004,193.910004
2024-12-02,196.154999,193.259995,195.085007,195.085007
2024-12-03,197.875000,193.429993,196.294998,196.294998
2024-12-04,203.389999,196.300003,202.289993,202.289993
2024-12-05,203.750000,200.785004,201.514999,201.514999
2024-12-06,204.580002,201.309998,202.949997,202.949997
2024-12-09,205.115005,194.065002,194.470001,194.470001
2024-12-10,198.220001,193.865005,194.880005,194.880005
2024-12-11,199.425003,195.315002,199.210007,199.210007
2024-12-12,201.699997,197.759995,200.104996,200.104996
2024-12-13,201.250000,196.179993,196.559998,196.559998
2024-12-16,203.000000,195.500000,202.500000,202.500000
2024-12-17,207.240005,199.000000,201.240005,201.240005
2024-12-18,202.000000,186.539993,188.759995,188.759995
2024-12-19,195.300003,188.500000,189.360001,189.360001
2024-12-20,192.860001,185.009995,186.779999,186.779999
2024-12-23,189.520004,186.500000,188.220001,188.220001
2024-12-24,189.509995,186.649994,189.509995,189.509995
2024-12-26,189.479996,187.630005,188.500000,188.500000
2024-12-27,187.009995,183.199997,186.179993,186.179993
2024-12-30,185.610001,181.899994,184.199997,184.199997
2024-12-31,185.809998,181.259995,181.960007,181.960007
2025-01-02,184.630005,178.820007,180.740005,180.740005
2025-01-03,184.800003,180.410004,183.250000,183.250000
2025-01-06,182.789993,176.649994,179.500000,179.500000
2025-01-07,178.169998,173.179993,175.509995,175.509995
2025-01-08,173.110001,167.259995,172.830002,172.830002
2025-01-10,175.240005,171.190002,173.419998,173.419998
2025-01-13,170.529999,166.210007,167.820007,167.820007
2025-01-14,170.660004,166.399994,170.580002,170.580002
2025-01-15,175.949997,172.789993,174.190002,174.190002
2025-01-16,178.949997,173.580002,177.169998,177.169998
2025-01-17,181.350006,177.000000,177.110001,177.110001
2025-01-21,186.149994,180.529999,183.509995,183.509995
2025-01-22,188.970001,182.570007,187.699997,187.699997
2025-01-23,187.750000,185.039993,187.320007,187.320007
2025-01-24,190.929993,186.869995,187.699997,187.699997
2025-01-27,192.429993,183.559998,189.300003,189.300003
2025-01-28,197.740005,186.570007,192.940002,192.940002
2025-01-29,193.009995,185.059998,185.419998,185.419998
2025-01-30,189.139999,185.649994,187.419998,187.419998
2025-01-31,189.160004,184.369995,184.419998,184.419998
2025-02-03,184.240005,180.119995,182.789993,182.789993
2025-02-04,184.899994,180.929993,183.399994,183.399994
2025-02-05,187.110001,183.050003,186.850006,186.850006
2025-02-06,188.970001,186.380005,187.369995,187.369995
2025-02-07,197.660004,191.000000,193.940002,193.940002
2025-02-10,198.740005,195.500000,196.399994,196.399994
2025-02-11,199.179993,194.399994,195.490005,195.490005
2025-02-12,197.330002,191.820007,196.729996,196.729996
2025-02-13,202.410004,195.350006,201.880005,201.880005
2025-02-14,201.330002,188.750000,200.029999,200.029999
2025-02-18,208.350006,197.699997,208.279999,208.279999
2025-02-19,208.389999,202.770004,205.190002,205.190002
2025-02-20,203.970001,194.830002,198.809998,198.809998
2025-02-21,199.259995,190.259995,191.029999,191.029999
2025-02-24,193.000000,188.000000,190.389999,190.389999
2025-02-25,189.740005,184.649994,188.009995,188.009995
2025-02-26,192.309998,188.449997,189.550003,189.550003
2025-02-27,193.399994,186.699997,187.500000,187.500000
2025-02-28,191.009995,187.389999,190.429993,190.429993
2025-03-03,193.660004,182.259995,183.679993,183.679993
2025-03-04,186.589996,178.899994,184.380005,184.380005
2025-03-05,185.270004,180.119995,184.279999,184.279999
2025-03-06,184.130005,178.539993,179.330002,179.330002
2025-03-07,182.000000,173.889999,180.929993,180.929993
2025-03-10,177.740005,172.619995,173.830002,173.830002
2025-03-11,182.389999,172.750000,178.929993,178.929993
2025-03-12,184.160004,178.000000,179.479996,179.479996
2025-03-13,178.770004,174.309998,176.320007,176.320007
2025-03-14,183.050003,178.490005,182.339996,182.339996
2025-03-17,186.160004,182.009995,185.000000,185.000000
2025-03-18,184.350006,180.940002,183.100006,183.100006
2025-03-19,189.669998,182.600006,187.539993,187.539993
2025-03-20,188.850006,183.830002,184.009995,184.009995
2025-03-21,183.600006,179.720001,182.320007,182.320007
2025-03-24,186.490005,183.860001,184.789993,184.789993
2025-03-25,190.100006,184.509995,189.949997,189.949997
2025-03-26,191.000000,184.729996,184.960007,184.960007
2025-03-27,183.089996,173.559998,174.440002,174.440002
2025-03-28,174.889999,170.770004,172.759995,172.759995
2025-03-31,171.020004,165.880005,170.639999,170.639999
2025-04-01,171.889999,166.830002,171.309998,171.309998
2025-04-02,174.740005,168.270004,173.179993,173.179993
2025-04-03,168.690002,163.190002,165.169998,165.169998
2025-04-04,160.839996,153.389999,153.570007,153.570007
2025-04-07,159.589996,144.149994,152.440002,152.440002
2025-04-08,161.500000,150.119995,152.529999,152.529999
2025-04-09,174.110001,151.630005,173.020004,173.020004
2025-04-10,170.660004,162.240005,168.270004,168.270004
2025-04-11,168.839996,161.449997,168.339996,168.339996
2025-04-14,173.529999,168.679993,169.979996,169.979996
2025-04-15,174.940002,169.979996,173.550003,173.550003
2025-04-16,173.850006,167.919998,169.759995,169.759995
2025-04-17,171.369995,167.130005,167.690002,167.690002
2025-04-21,165.949997,157.600006,160.050003,160.050003
2025-04-22,165.360001,160.270004,163.630005,163.630005
2025-04-23,172.520004,167.330002,168.320007,168.320007
2025-04-24,176.449997,169.070007,176.039993,176.039993
2025-04-25,179.500000,175.330002,178.979996,178.979996
2025-04-28,182.199997,178.089996,181.539993,181.539993
2025-04-29,187.309998,182.100006,186.649994,186.649994
2025-04-30,187.630005,182.369995,186.929993,186.929993
2025-05-01,189.160004,186.029999,186.270004,186.270004
2025-05-02,191.699997,187.270004,187.699997,187.699997
2025-05-05,190.979996,185.470001,188.130005,188.130005
2025-05-06,190.270004,186.020004,188.690002,188.690002
2025-05-07,189.309998,186.350006,188.139999,188.139999
2025-05-08,188.979996,184.350006,188.529999,188.529999
2025-05-09,189.789993,184.639999,186.929993,186.929993
2025-05-12,193.669998,189.520004,193.500000,193.500000
2025-05-13,195.419998,191.880005,192.000000,192.000000
2025-05-14,192.199997,189.429993,190.899994,190.899994
2025-05-15,194.190002,189.589996,192.899994,192.899994
2025-05-16,193.789993,190.910004,192.979996,192.979996
2025-05-19,194.399994,190.169998,194.300003,194.300003
2025-05-20,194.929993,192.660004,194.479996,194.479996
2025-05-21,185.300003,178.639999,181.259995,181.259995
2025-05-22,187.649994,182.460007,186.139999,186.139999
2025-05-23,187.649994,183.220001,186.750000,186.750000
2025-05-27,189.100006,186.529999,187.460007,187.460007
2025-05-28,189.839996,187.470001,187.800003,187.800003
2025-05-29,189.149994,182.889999,185.820007,185.820007
2025-05-30,192.729996,186.729996,192.419998,192.419998
2025-06-02,195.289993,191.479996,194.860001,194.860001
2025-06-03,198.449997,194.880005,197.119995,197.119995
2025-06-04,197.250000,193.470001,194.070007,194.070007
2025-06-05,199.500000,194.110001,197.110001,197.110001
2025-06-06,200.880005,198.199997,199.600006,199.600006
2025-06-09,199.199997,196.190002,196.330002,196.330002
2025-06-10,197.039993,193.600006,195.949997,195.949997
2025-06-11,197.440002,194.059998,194.389999,194.389999
2025-06-12,199.399994,194.309998,197.669998,197.669998
2025-06-13,199.949997,195.070007,196.270004,196.270004
2025-06-16,199.740005,196.850006,198.110001,198.110001
2025-06-17,202.750000,197.500000,202.050003,202.050003
2025-06-18,202.889999,198.880005,199.779999,199.779999
2025-06-20,201.050003,197.710007,199.240005,199.240005
2025-06-23,203.869995,196.000000,203.320007,203.320007
2025-06-24,204.800003,201.419998,201.690002,201.690002
2025-06-25,204.809998,202.479996,204.300003,204.300003
2025-06-26,206.740005,201.539993,202.339996,202.339996
2025-06-27,203.259995,198.750000,200.570007,200.570007
2025-06-30,204.910004,201.020004,204.639999,204.639999
2025-07-01,204.350006,195.080002,197.580002,197.580002
2025-07-02,197.919998,194.910004,196.970001,196.970001
2025-07-03,202.979996,197.860001,201.820007,201.820007
2025-07-07,202.190002,199.669998,201.419998,201.419998
2025-07-08,204.509995,200.690002,203.990005,203.990005
2025-07-09,206.179993,202.429993,206.059998,206.059998
2025-07-10,205.000000,191.169998,192.070007,192.070007
2025-07-11,193.000000,186.699997,187.389999,187.389999
2025-07-14,191.440002,186.000000,190.720001,190.720001
2025-07-15,193.520004,190.199997,192.250000,192.250000
2025-07-16,193.880005,190.699997,192.589996,192.589996
2025-07-17,197.600006,193.080002,196.279999,196.279999
2025-07-18,197.440002,194.779999,195.779999,195.779999
2025-07-21,203.199997,194.600006,199.880005,199.880005
2025-07-22,201.429993,196.309998,196.729996,196.729996
2025-07-23,199.899994,194.770004,199.220001,199.220001
2025-07-24,201.449997,198.429993,201.160004,201.160004
2025-07-25,205.270004,200.649994,203.270004,203.270004
2025-07-28,204.949997,202.509995,204.500000,204.500000
2025-07-29,210.389999,193.100006,193.839996,193.839996
2025-07-30,186.119995,176.559998,183.029999,183.029999
2025-07-31,183.940002,172.929993,173.600006,173.600006
2025-08-01,176.029999,168.360001,172.880005,172.880005
2025-08-04,174.479996,170.050003,171.000000,171.000000
2025-08-05,171.679993,168.179993,169.089996,169.089996
2025-08-06,173.630005,168.399994,172.889999,172.889999
2025-08-07,173.500000,165.210007,168.100006,168.100006
2025-08-08,170.460007,166.559998,167.059998,167.059998
2025-08-11,170.899994,166.210007,168.169998,168.169998
2025-08-12,175.580002,170.250000,175.399994,175.399994
2025-08-13,180.389999,175.779999,176.860001,176.860001
2025-08-14,177.850006,173.460007,173.550003,173.550003
2025-08-15,177.360001,173.500000,177.089996,177.089996
2025-08-18,178.190002,174.690002,176.169998,176.169998
2025-08-19,189.000000,180.710007,181.559998,181.559998
2025-08-20,187.649994,181.470001,184.429993,184.429993
2025-08-21,184.350006,180.020004,183.320007,183.320007
2025-08-22,187.110001,182.940002,185.880005,185.880005
2025-08-25,186.070007,181.910004,184.550003,184.550003
2025-08-26,186.660004,183.990005,184.229996,184.229996
2025-08-27,188.210007,184.690002,187.610001,187.610001
2025-08-28,191.570007,187.199997,191.020004,191.020004
2025-08-29,192.789993,190.029999,190.520004,190.520004
2025-09-02,191.589996,186.350006,190.520004,190.520004
2025-09-03,192.350006,188.050003,191.529999,191.529999
2025-09-04,194.479996,188.750000,192.350006,192.350006
2025-09-05,196.339996,191.850006,194.460007,194.460007
2025-09-08,197.899994,194.789993,197.380005,197.380005
2025-09-09,198.130005,195.770004,197.550003,197.550003
2025-09-10,202.720001,195.699997,197.330002,197.330002
2025-09-11,200.800003,197.720001,198.330002,198.330002
2025-09-12,199.949997,196.160004,196.289993,196.289993
2025-09-15,202.110001,197.369995,201.279999,201.279999
2025-09-16,202.119995,198.759995,201.339996,201.339996
2025-09-17,204.509995,200.330002,203.119995,203.119995
2025-09-18,207.029999,204.270004,205.679993,205.679993
2025-09-19,209.020004,205.520004,208.190002,208.190002
2025-09-22,209.509995,205.669998,208.179993,208.179993
2025-09-23,208.490005,202.250000,203.250000,203.250000
2025-09-24,205.000000,200.220001,200.699997,200.699997
2025-09-25,203.839996,197.690002,202.210007,202.210007
2025-09-26,203.550003,200.619995,202.369995,202.369995
2025-09-29,204.740005,202.600006,203.960007,203.960007
2025-09-30,206.070007,201.919998,203.619995,203.619995
2025-10-01,207.190002,200.880005,206.800003,206.800003
2025-10-02,209.899994,205.440002,209.300003,209.300003
2025-10-03,212.100006,206.899994,207.190002,207.190002
2025-10-06,213.850006,209.130005,212.580002,212.580002
2025-10-07,214.020004,208.320007,211.039993,211.039993
2025-10-08,217.940002,212.259995,217.789993,217.789993
2025-10-09,217.750000,214.190002,215.169998,215.169998
2025-10-10,217.289993,208.309998,208.550003,208.550003
2025-10-13,214.720001,211.690002,213.279999,213.279999
2025-10-14,210.800003,206.699997,207.559998,207.559998
2025-10-15,210.600006,203.380005,206.699997,206.699997
2025-10-16,210.440002,204.630005,205.509995,205.509995
2025-10-17,208.979996,203.619995,207.889999,207.889999
2025-10-20,212.610001,209.529999,211.820007,211.820007
2025-10-21,215.089996,211.190002,214.399994,214.399994
2025-10-22,215.169998,210.990005,212.419998,212.419998
2025-10-23,216.509995,211.619995,215.020004,215.020004
2025-10-24,218.229996,215.869995,217.110001,217.110001
2025-10-27,221.089996,218.000000,220.289993,220.289993
2025-10-28,223.610001,219.679993,221.380005,221.380005
2025-10-29,219.809998,216.000000,217.160004,217.160004
2025-10-30,221.270004,216.610001,218.270004,218.270004
2025-10-31,221.169998,217.750000,220.240005,220.240005
2025-11-03,220.470001,215.330002,219.229996,219.229996
2025-11-04,218.000000,212.350006,214.520004,214.520004
2025-11-05,215.600006,212.419998,213.179993,213.179993
2025-11-06,213.410004,207.350006,211.369995,211.369995
2025-11-07,212.639999,207.830002,212.289993,212.289993
2025-11-10,216.820007,212.720001,216.539993,216.539993
2025-11-11,218.750000,215.789993,218.270004,218.270004
2025-11-12,220.029999,209.720001,210.039993,210.039993
2025-11-13,211.990005,203.179993,204.770004,204.770004
2025-11-14,206.929993,198.399994,205.250000,205.250000
2025-11-17,207.190002,202.160004,202.899994,202.899994
2025-11-18,203.990005,199.809998,201.000000,201.000000
2025-11-19,202.600006,199.240005,199.899994,199.899994
2025-11-20,199.690002,183.199997,185.070007,185.070007
2025-11-21,186.750000,180.050003,182.899994,182.899994
2025-11-24,186.580002,181.919998,183.889999,183.889999
2025-11-25,186.690002,181.160004,186.270004,186.270004
2025-11-26,187.149994,183.830002,185.350006,185.350006
2025-11-28,190.919998,186.949997,190.130005,190.130005
2025-12-01,189.869995,185.619995,187.729996,187.729996
2025-12-02,192.080002,188.149994,189.880005,189.880005
2025-12-03,194.000000,186.770004,193.630005,193.630005
2025-12-04,196.000000,192.429993,195.679993,195.679993
2025-12-05,199.740005,195.000000,198.839996,198.839996
2025-12-08,199.899994,193.690002,195.350006,195.350006
2025-12-09,196.660004,194.199997,195.000000,195.000000
2025-12-10,195.000000,192.110001,192.960007,192.960007
2025-12-11,192.839996,188.500000,190.360001,190.360001
2025-12-12,193.660004,188.550003,191.690002,191.690002
2025-12-15,191.339996,185.710007,185.880005,185.880005
2025-12-16,188.330002,184.639999,187.089996,187.089996
2025-12-17,188.330002,183.279999,183.440002,183.440002
2025-12-18,186.919998,183.190002,185.880005,185.880005
2025-12-19,188.270004,186.139999,186.880005,186.880005
2025-12-22,190.520004,186.649994,189.490005,189.490005
2025-12-23,189.720001,187.289993,188.119995,188.119995
2025-12-24,187.839996,184.789993,187.220001,187.220001
2025-12-26,188.580002,186.509995,188.449997,188.449997
2025-12-29,189.029999,186.210007,186.850006,186.850006
2025-12-30,187.750000,185.899994,186.850006,186.850006
2025-12-31,186.860001,184.100006,184.199997,184.199997
2026-01-02,184.809998,177.229996,179.369995,179.369995
2026-01-05,185.839996,181.009995,182.119995,182.119995
2026-01-06,186.050003,181.449997,185.860001,185.860001
2026-01-07,196.190002,187.770004,193.899994,193.899994
2026-01-08,193.889999,189.050003,190.800003,190.800003
2026-01-09,192.419998,187.320007,189.020004,189.020004
2026-01-12,189.750000,187.289993,188.880005,188.880005
2026-01-13,193.199997,187.990005,190.850006,190.850006
2026-01-14,192.589996,187.949997,190.929993,190.929993
2026-01-15,194.070007,186.550003,187.729996,187.729996
2026-01-16,189.500000,184.679993,187.660004,187.660004
2026-01-20,188.520004,182.270004,184.059998,184.059998
2026-01-21,185.080002,178.779999,181.470001,181.470001
2026-01-22,183.100006,180.779999,182.270004,182.270004
2026-01-23,184.720001,179.699997,180.179993,180.179993
2026-01-26,185.619995,180.690002,184.220001,184.220001
2026-01-27,189.389999,182.529999,183.500000,183.500000
2026-01-28,186.679993,183.350006,183.740005,183.740005
2026-01-29,182.210007,171.250000,176.199997,176.199997
2026-01-30,178.100006,172.990005,176.970001,176.970001
2026-02-02,177.729996,173.800003,175.419998,175.419998
2026-02-03,174.550003,163.330002,166.240005,166.240005
2026-02-04,167.559998,159.440002,166.720001,166.720001
2026-02-05,166.190002,154.050003,154.770004,154.770004
2026-02-06,159.550003,151.710007,159.320007,159.320007
2026-02-09,166.750000,156.369995,166.000000,166.000000
2026-02-10,168.279999,164.300003,165.509995,165.509995
2026-02-11,168.279999,163.490005,165.300003,165.300003
2026-02-12,167.949997,157.809998,162.809998,162.809998
2026-02-13,170.490005,163.100006,166.949997,166.949997
2026-02-17,166.009995,160.080002,163.500000,163.500000
2026-02-18,155.279999,147.149994,152.350006,152.350006
2026-02-19,152.679993,148.149994,150.990005,150.990005
2026-02-20,158.169998,148.399994,148.699997,148.699997
2026-02-23,148.630005,143.300003,144.139999,144.139999
2026-02-24,147.520004,139.570007,141.669998,141.669998
2026-02-25,145.360001,140.300003,144.839996,144.839996
2026-02-26,151.289993,144.809998,149.399994,149.399994
2026-02-27,148.990005,143.669998,148.919998,148.919998
2026-03-02,151.860001,146.009995,150.149994,150.149994
2026-03-03,156.830002,147.860001,156.089996,156.089996
2026-03-04,160.300003,154.750000,158.559998,158.559998
2026-03-05,164.699997,158.479996,163.160004,163.160004
2026-03-06,165.360001,161.309998,165.050003,165.050003
2026-03-09,167.759995,163.490005,165.100006,165.100006
2026-03-10,167.000000,160.830002,165.580002,165.580002
2026-03-11,169.080002,163.380005,164.929993,164.929993
2026-03-12,168.740005,165.429993,168.119995,168.119995
2026-03-13,171.169998,165.800003,167.020004,167.020004
2026-03-16,168.279999,166.149994,167.449997,167.449997
2026-03-17,172.029999,167.550003,169.190002,169.190002
2026-03-18,171.809998,167.500000,168.910004,168.910004
2026-03-19,171.699997,168.000000,169.740005,169.740005
2026-03-20,169.190002,161.889999,162.949997,162.949997
2026-03-23,166.350006,162.460007,164.050003,164.050003
2026-03-24,162.800003,156.139999,157.210007,157.210007
2026-03-25,160.309998,152.789993,153.220001,153.220001
2026-03-26,159.389999,152.199997,156.360001,156.360001
2026-03-27,149.369995,143.500000,147.020004,147.020004
2026-03-30,159.160004,151.470001,154.350006,154.350006
2026-03-31,161.119995,155.029999,160.320007,160.320007
2026-04-01,161.800003,157.300003,160.669998,160.669998
2026-04-02,163.309998,157.509995,163.210007,163.210007
2026-04-06,164.080002,159.669998,161.949997,161.949997
2026-04-07,170.979996,160.250000,169.869995,169.869995
2026-04-08,179.270004,171.630005,173.779999,173.779999
2026-04-09,174.979996,164.300003,166.990005,166.990005
2026-04-10,167.600006,151.279999,155.729996,155.729996
2026-04-13,162.800003,154.839996,162.509995,162.509995
2026-04-14,165.639999,158.830002,161.589996,161.589996
2026-04-15,165.229996,161.690002,164.110001,164.110001
2026-04-16,170.250000,165.000000,166.970001,166.970001
2026-04-17,170.619995,166.699997,167.850006,167.850006
2026-04-20,170.539993,165.199997,169.559998,169.559998
2026-04-21,177.630005,169.589996,174.960007,174.960007
2026-04-22,181.520004,175.149994,181.199997,181.199997
2026-04-23,175.490005,169.600006,173.210007,173.210007
2026-04-24,179.100006,173.220001,178.539993,178.539993
2026-04-27,184.020004,176.500000,182.899994,182.899994
2026-04-28,186.000000,180.740005,180.990005,180.990005
2026-04-29,182.250000,177.800003,181.539993,181.539993
2026-04-30,180.850006,173.110001,179.320007,179.320007
2026-05-01,183.039993,177.410004,181.080002,181.080002
2026-05-04,187.270004,180.949997,184.559998,184.559998
2026-05-05,186.240005,180.520004,183.979996,183.979996
2026-05-06,184.979996,179.190002,183.679993,183.679993
2026-05-07,199.089996,190.770004,196.529999,196.529999
2026-05-08,208.089996,193.429993,207.880005,207.880005
2026-05-11,214.300003,205.649994,213.660004,213.660004
2026-05-12,216.160004,210.770004,215.600006,215.600006
2026-05-13,228.850006,210.770004,227.789993,227.789993
2026-05-14,239.149994,225.380005,238.210007,238.210007
2026-05-15,245.800003,230.259995,242.830002,242.830002
2026-05-18,248.850006,235.809998,247.550003,247.550003
2026-05-19,248.600006,239.690002,240.130005,240.130005
2026-05-20,250.000000,235.259995,246.660004,246.660004
2026-05-21,253.100006,241.000000,252.919998,252.919998
2026-05-22,261.410004,249.500000,260.579987,260.579987
2026-05-26,259.839996,250.770004,256.750000,256.750000
2026-05-27,251.639999,243.039993,248.470001,248.470001
2026-05-28,259.000000,248.410004,257.769989,257.769989
2026-05-29,283.709991,256.010010,281.690002,281.690002
2026-06-01,302.950012,283.799988,300.480011,300.480011
2026-06-02,299.329987,287.269989,297.179993,297.179993
2026-06-03,288.000000,275.850006,280.429993,280.429993
2026-06-04,280.720001,269.000000,279.250000,279.250000
2026-06-05,280.640015,269.399994,272.049988,272.049988
2026-06-08,273.049988,264.420013,266.329987,266.329987
2026-06-09,266.440002,251.149994,260.519989,260.519989
2026-06-10,266.720001,254.429993,263.220001,263.220001
2026-06-11,279.950012,258.100006,279.529999,279.529999
2026-06-12,281.980011,271.489990,279.619995,279.619995
2026-06-15,285.119995,274.329987,284.540009,284.540009
2026-06-16,283.640015,275.059998,279.899994,279.899994
2026-06-17,284.320007,276.709991,282.130005,282.130005
2026-06-18,288.880005,276.459991,287.779999,287.779999
2026-06-22,295.750000,284.260010,286.399994,286.399994
2026-06-23,292.140015,282.519989,290.920013,290.920013
2026-06-24,291.000000,284.279999,285.260010,285.260010
2026-06-25,295.540009,285.269989,293.089996,293.089996
2026-06-26,306.239990,290.000000,304.200012,304.200012
2026-06-29,332.880005,305.329987,332.000000,332.000000
2026-06-30,342.480011,327.350006,341.019989,341.019989
2026-07-01,358.100006,341.000000,352.040009,352.040009
2026-07-02,357.380005,346.899994,348.059998,348.059998
2026-07-06,368.170013,337.690002,357.529999,357.529999
2026-07-07,363.010010,336.000000,337.040009,337.040009
2026-07-08,336.799988,314.950012,320.589996,320.589996
2026-07-09,338.369995,318.339996,338.309998,338.309998
2026-07-10,340.130005,323.850006,325.910004,325.910004
2026-07-13,331.079987,316.250000,330.299988,330.299988
2026-07-14,353.679993,330.290009,352.890015,352.890015
2026-07-15,362.709991,353.109985,354.019989,354.019989
2026-07-16,360.440002,347.040009,353.989990,353.989990
2026-07-17,368.799988,345.040009,358.679993,358.679993
2026-07-20,366.309998,348.359985,348.660004,348.660004
2026-07-21,352.000000,334.029999,342.149994,342.149994
2026-07-22,344.190002,328.640015,335.279999,335.279999
2026-07-23,336.570007,321.869995,325.630005,325.630005
2026-07-24,330.000000,321.690002,323.790009,323.790009
2026-07-27,331.809998,316.700012,317.320007,317.320007
2026-07-28,323.399994,308.540009,319.000000,319.000000
2026-07-29,322.109985,310.459991,314.149994,314.149994
2026-07-30,326.299988,313.049988,325.679993,325.679993
2026-07-31,333.980011,319.480011,331.829987,331.829987
2026-08-03,347.700012,330.000000,347.130005,347.130005
2026-08-04,367.500000,349.070007,366.339996,366.339996
2026-08-05,376.980011,362.220001,362.660004,362.660004
2026-08-06,361.470001,349.000000,359.489990,359.489990
2026-08-07,370.500000,359.149994,363.859985,363.859985
2026-08-10,385.170013,362.950012,385.040009,385.040009
2026-08-11,387.200012,375.929993,383.799988,383.799988
2026-08-12,389.250000,376.220001,387.010010,387.010010
2026-08-13,398.880005,387.350006,396.000000,396.000000
2026-08-14,397.309998,380.850006,384.269989,384.269989
2026-08-17,386.000000,372.299988,375.760010,375.760010
2026-08-18,378.040009,368.000000,374.140015,374.140015
2026-08-19,376.429993,351.459991,359.760010,359.760010
2026-08-20,360.700012,347.679993,349.559998,349.559998
2026-08-21,360.489990,343.010010,357.869995,357.869995
2026-08-24,357.869995,347.049988,350.899994,350.899994
2026-08-25,353.769989,335.510010,339.899994,339.899994
2026-08-26,342.250000,328.000000,339.309998,339.309998
2026-08-27,387.329987,356.660004,382.850006,382.850006
2026-08-28,378.519989,355.500000,371.589996,371.589996
2026-08-31,383.730011,370.000000,382.130005,382.130005
2026-09-01,375.920013,357.260010,362.089996,362.089996
2026-09-02,350.670013,321.390015,328.480011,328.480011
2026-09-03,333.309998,321.420013,331.940002,331.940002
2026-09-04,339.100006,328.000000,333.260010,333.260010
2026-09-08,339.399994,325.320007,336.980011,336.980011
2026-09-09,339.829987,332.529999,335.100006,335.100006
2026-09-10,344.790009,330.299988,338.489990,338.489990
2026-09-11,341.140015,327.049988,330.649994,330.649994
2026-09-14,378.600006,340.250000,373.940002,373.940002
2026-09-15,380.440002,366.799988,375.089996,375.089996
2026-09-16,381.959991,367.299988,375.649994,375.649994
2026-09-17,383.119995,360.660004,375.059998,375.059998
2026-09-18,376.010010,356.000000,363.579987,363.579987
2026-09-21,374.559998,357.589996,371.760010,371.760010
2026-09-22,377.910004,363.579987,374.570007,374.570007
2026-09-23,393.519989,374.200012,393.299988,393.299988
2026-09-24,396.299988,387.790009,389.920013,389.920013
2026-09-25,388.250000,373.779999,374.739990,374.739990
2026-09-28,394.500000,367.269989,392.089996,392.089996
2026-09-29,391.750000,377.799988,388.410004,388.410004
2026-09-30,404.690002,388.890015,397.309998,397.309998
2026-10-01,398.500000,387.019989,396.250000,396.250000
