date,high,low,close,adjclose
1995-05-09,22.562500,22.250000,22.312500,9.579038
1995-05-10,22.812500,22.312500,22.812500,9.793692
1995-05-11,23.062500,22.750000,22.812500,9.793692
1995-05-12,22.812500,22.187500,22.187500,9.525369
1995-05-15,22.875000,22.125000,22.875000,9.820524
1995-05-16,22.937500,22.625000,22.687500,9.740027
1995-05-17,22.750000,22.562500,22.687500,9.740027
1995-05-18,22.625000,22.062500,22.062500,9.471708
1995-05-19,22.437500,21.750000,22.437500,9.632701
1995-05-22,22.625000,22.250000,22.375000,9.605865
1995-05-23,22.750000,22.312500,22.750000,9.766862
1995-05-24,23.500000,22.750000,23.500000,10.088843
1995-05-25,23.687500,23.187500,23.250000,9.981516
1995-05-26,23.437500,22.875000,23.250000,9.981516
1995-05-30,23.812500,23.437500,23.687500,10.169341
1995-05-31,24.500000,23.625000,24.500000,10.518158
1995-06-01,24.375000,23.750000,24.062500,10.330328
1995-06-02,24.187500,23.562500,23.625000,10.142511
1995-06-05,23.750000,23.125000,23.250000,9.981516
1995-06-06,23.562500,22.937500,23.062500,9.943788
1995-06-07,23.375000,23.000000,23.062500,9.943788
1995-06-08,23.625000,22.937500,23.437500,10.105478
1995-06-09,23.500000,23.125000,23.437500,10.105478
1995-06-12,23.625000,23.312500,23.437500,10.105478
1995-06-13,23.562500,23.250000,23.375000,10.078530
1995-06-14,23.500000,23.312500,23.500000,10.132424
1995-06-15,23.562500,23.187500,23.250000,10.024635
1995-06-16,23.437500,23.250000,23.312500,10.051582
1995-06-19,23.500000,23.250000,23.312500,10.051582
1995-06-20,23.437500,23.250000,23.437500,10.105478
1995-06-21,23.687500,23.250000,23.437500,10.105478
1995-06-22,23.750000,23.437500,23.625000,10.186324
1995-06-23,23.937500,23.500000,23.500000,10.132424
1995-06-26,23.812500,23.312500,23.437500,10.105478
1995-06-27,23.125000,22.687500,22.812500,9.835996
1995-06-28,22.875000,22.250000,22.812500,9.835996
1995-06-29,23.000000,22.500000,22.937500,9.889892
1995-06-30,23.187500,22.687500,22.750000,9.809052
1995-07-03,22.750000,22.500000,22.562500,9.728207
1995-07-05,22.562500,21.937500,21.937500,9.458727
1995-07-06,22.250000,21.937500,22.000000,9.485679
1995-07-07,22.312500,21.812500,21.937500,9.458727
1995-07-10,22.187500,21.937500,22.000000,9.485679
1995-07-11,22.250000,22.000000,22.062500,9.512621
1995-07-12,22.437500,22.062500,22.312500,9.620416
1995-07-13,22.750000,22.312500,22.625000,9.755157
1995-07-14,22.875000,22.562500,22.687500,9.782103
1995-07-17,22.750000,22.500000,22.625000,9.755157
1995-07-18,22.687500,22.437500,22.562500,9.728207
1995-07-19,22.625000,21.625000,22.312500,9.620416
1995-07-20,22.312500,21.812500,21.937500,9.458727
1995-07-21,22.250000,21.750000,22.187500,9.566516
1995-07-24,22.562500,22.125000,22.437500,9.674310
1995-07-25,22.937500,22.187500,22.812500,9.835996
1995-07-26,23.437500,23.062500,23.312500,10.051582
1995-07-27,23.375000,23.000000,23.125000,9.970738
1995-07-28,23.312500,23.125000,23.250000,10.024635
1995-07-31,23.500000,23.125000,23.437500,10.105478
1995-08-01,23.375000,23.125000,23.250000,10.024635
1995-08-02,23.375000,22.937500,23.062500,9.943788
1995-08-03,23.000000,22.625000,22.812500,9.835996
1995-08-04,23.062500,22.687500,23.000000,9.916841
1995-08-07,23.437500,23.000000,23.250000,10.024635
1995-08-08,23.375000,23.125000,23.250000,10.024635
1995-08-09,23.375000,23.125000,23.125000,9.970738
1995-08-10,23.312500,23.000000,23.062500,9.943788
1995-08-11,23.187500,22.937500,23.125000,9.970738
1995-08-14,23.500000,22.937500,23.500000,10.132424
1995-08-15,23.437500,23.062500,23.375000,10.078530
1995-08-16,23.312500,22.687500,22.937500,9.889892
1995-08-17,22.875000,22.437500,22.625000,9.755157
1995-08-18,22.750000,22.500000,22.687500,9.782103
1995-08-21,22.937500,22.562500,22.625000,9.755157
1995-08-22,22.750000,22.562500,22.562500,9.728207
1995-08-23,22.437500,22.125000,22.312500,9.620416
1995-08-24,22.750000,22.312500,22.750000,9.809052
1995-08-25,23.062500,22.687500,22.750000,9.809052
1995-08-28,22.812500,22.500000,22.687500,9.782103
1995-08-29,22.625000,22.375000,22.625000,9.755157
1995-08-30,22.875000,22.562500,22.875000,9.862945
1995-08-31,22.937500,22.625000,22.625000,9.755157
1995-09-01,22.937500,22.562500,22.750000,9.809052
1995-09-05,23.187500,22.750000,23.125000,9.970738
1995-09-06,23.250000,22.937500,23.125000,10.014042
1995-09-07,23.312500,22.812500,23.062500,9.986973
1995-09-08,23.250000,22.812500,22.875000,9.905780
1995-09-11,23.187500,22.812500,23.125000,10.014042
1995-09-12,23.812500,23.125000,23.750000,10.284692
1995-09-13,24.437500,23.875000,24.375000,10.555342
1995-09-14,24.937500,24.437500,24.625000,10.663600
1995-09-15,25.187500,24.500000,24.875000,10.771858
1995-09-18,25.625000,24.875000,25.437500,11.015442
1995-09-19,25.437500,25.062500,25.312500,10.961316
1995-09-20,25.687500,25.187500,25.500000,11.042511
1995-09-21,25.687500,25.125000,25.125000,10.880120
1995-09-22,25.812500,24.937500,25.625000,11.096641
1995-09-25,26.000000,25.437500,25.937500,11.231968
1995-09-26,25.937500,25.437500,25.875000,11.204907
1995-09-27,25.750000,25.250000,25.562500,11.069575
1995-09-28,25.875000,25.187500,25.625000,11.096641
1995-09-29,25.750000,25.437500,25.500000,11.042511
1995-10-02,25.625000,25.312500,25.500000,11.042511
1995-10-03,26.062500,25.500000,26.000000,11.259033
1995-10-04,26.687500,25.937500,26.687500,11.556748
1995-10-05,26.562500,26.125000,26.125000,11.313161
1995-10-06,26.187500,25.875000,26.000000,11.259033
1995-10-09,26.125000,25.562500,25.875000,11.204907
1995-10-10,26.000000,25.500000,25.937500,11.231968
1995-10-11,26.000000,25.687500,25.875000,11.204907
1995-10-12,25.875000,25.625000,25.750000,11.150768
1995-10-13,26.062500,25.375000,25.375000,10.988383
1995-10-16,26.062500,25.437500,26.000000,11.259033
1995-10-17,25.875000,25.500000,25.687500,11.123704
1995-10-18,25.875000,25.187500,25.750000,11.150768
1995-10-19,26.625000,25.687500,26.625000,11.529685
1995-10-20,26.750000,26.312500,26.312500,11.394356
1995-10-23,26.437500,26.062500,26.312500,11.394356
1995-10-24,26.312500,26.125000,26.250000,11.367292
1995-10-25,26.437500,26.125000,26.437500,11.448483
1995-10-26,26.562500,26.062500,26.062500,11.286095
1995-10-27,26.625000,25.937500,26.437500,11.448483
1995-10-30,26.562500,26.187500,26.312500,11.394356
1995-10-31,26.375000,26.125000,26.312500,11.394356
1995-11-01,26.625000,26.187500,26.312500,11.394356
1995-11-02,26.562500,26.250000,26.437500,11.448483
1995-11-03,26.812500,26.375000,26.625000,11.529685
1995-11-06,26.562500,26.000000,26.125000,11.313161
1995-11-07,26.312500,26.000000,26.125000,11.313161
1995-11-08,27.000000,26.125000,27.000000,11.692071
1995-11-09,27.062500,26.375000,26.687500,11.556748
1995-11-10,26.687500,26.437500,26.625000,11.529685
1995-11-13,26.937500,26.437500,26.937500,11.665009
1995-11-14,26.812500,26.437500,26.437500,11.448483
1995-11-15,27.000000,26.437500,27.000000,11.692071
1995-11-16,27.250000,26.812500,27.000000,11.692071
1995-11-17,27.375000,26.937500,27.375000,11.854455
1995-11-20,27.437500,26.937500,27.250000,11.800326
1995-11-21,27.500000,27.062500,27.437500,11.881526
1995-11-22,27.437500,27.000000,27.187500,11.773264
1995-11-24,27.250000,27.062500,27.187500,11.773264
1995-11-27,27.375000,26.875000,26.875000,11.637938
1995-11-28,27.500000,26.812500,27.437500,11.881526
1995-11-29,27.625000,27.312500,27.375000,11.854455
1995-11-30,27.687500,27.437500,27.687500,11.989781
1995-12-01,27.750000,27.375000,27.562500,11.935659
1995-12-04,28.187500,27.500000,28.187500,12.206305
1995-12-05,28.687500,28.000000,28.687500,12.422825
1995-12-06,28.875000,28.500000,28.687500,12.466279
1995-12-07,29.062500,28.437500,29.000000,12.602076
1995-12-08,29.125000,28.875000,28.937500,12.574912
1995-12-11,29.062500,28.812500,28.812500,12.520597
1995-12-12,29.375000,28.750000,28.937500,12.574912
1995-12-13,29.250000,28.812500,28.937500,12.574912
1995-12-14,28.937500,28.750000,28.875000,12.547760
1995-12-15,29.000000,28.750000,28.812500,12.520597
1995-12-18,28.812500,28.375000,28.437500,12.357637
1995-12-19,28.562500,27.875000,28.562500,12.411964
1995-12-20,28.687500,27.375000,27.375000,11.895926
1995-12-21,27.750000,27.062500,27.250000,11.841605
1995-12-22,27.875000,26.812500,27.812500,12.086052
1995-12-26,28.187500,27.750000,27.875000,12.113214
1995-12-27,28.125000,27.750000,28.062500,12.194683
1995-12-28,28.250000,27.875000,28.125000,12.221841
1995-12-29,28.250000,27.812500,27.937500,12.140365
1996-01-02,28.312500,27.562500,27.875000,12.113214
1996-01-03,28.312500,27.875000,27.937500,12.140365
1996-01-04,28.312500,27.687500,27.875000,12.113214
1996-01-05,27.875000,27.562500,27.812500,12.086052
1996-01-08,27.875000,27.625000,27.812500,12.086052
1996-01-09,27.875000,27.500000,27.687500,12.031730
1996-01-10,27.812500,27.250000,27.500000,11.950252
1996-01-11,27.687500,27.250000,27.687500,12.031730
1996-01-12,28.312500,27.687500,28.187500,12.249006
1996-01-15,28.375000,27.937500,28.187500,12.249006
1996-01-16,28.625000,27.937500,28.625000,12.439126
1996-01-17,28.937500,28.250000,28.625000,12.439126
1996-01-18,29.000000,28.375000,28.875000,12.547760
1996-01-19,28.875000,28.312500,28.750000,12.493440
1996-01-22,28.937500,28.687500,28.875000,12.547760
1996-01-23,29.187500,28.812500,29.062500,12.629241
1996-01-24,29.437500,29.125000,29.312500,12.737873
1996-01-25,29.812500,29.125000,29.562500,12.846521
1996-01-26,29.875000,29.250000,29.562500,12.846521
1996-01-29,30.125000,29.437500,30.062500,13.063789
1996-01-30,30.125000,29.812500,29.875000,12.982321
1996-01-31,30.312500,29.687500,29.812500,12.955153
1996-02-01,30.062500,29.562500,30.062500,13.063789
1996-02-02,30.375000,29.625000,29.812500,12.955153
1996-02-05,30.250000,29.687500,30.062500,13.063789
1996-02-06,30.437500,29.750000,30.437500,13.226757
1996-02-07,32.500000,30.375000,32.187500,13.987217
1996-02-08,32.562500,31.750000,31.937500,13.878575
1996-02-09,32.437500,31.562500,32.375000,14.068698
1996-02-12,32.437500,31.625000,32.187500,13.987217
1996-02-13,32.187500,31.625000,31.812500,13.824265
1996-02-14,31.812500,31.187500,31.375000,13.634149
1996-02-15,31.562500,31.187500,31.187500,13.552663
1996-02-16,31.125000,30.750000,30.750000,13.362549
1996-02-20,30.687500,30.250000,30.375000,13.199586
1996-02-21,31.312500,30.375000,31.062500,13.498349
1996-02-22,31.687500,31.062500,31.687500,13.769943
1996-02-23,33.125000,32.312500,32.937500,14.313128
1996-02-26,32.812500,32.437500,32.500000,14.123021
1996-02-27,32.312500,31.687500,32.062500,13.932903
1996-02-28,32.437500,31.562500,31.687500,13.769943
1996-02-29,32.000000,31.312500,31.625000,13.742782
1996-03-01,32.250000,31.687500,32.062500,13.932903
1996-03-04,33.125000,31.937500,33.000000,14.340298
1996-03-05,33.437500,32.625000,33.375000,14.503263
1996-03-06,33.062500,32.125000,32.187500,14.029255
1996-03-07,32.562500,32.000000,32.562500,14.192702
1996-03-08,31.937500,30.625000,31.312500,13.647889
1996-03-11,31.687500,31.000000,31.500000,13.729601
1996-03-12,32.125000,31.125000,32.062500,13.974775
1996-03-13,32.000000,31.500000,31.562500,13.756843
1996-03-14,31.687500,31.187500,31.375000,13.675124
1996-03-15,31.437500,31.062500,31.187500,13.593401
1996-03-18,31.750000,31.250000,31.625000,13.784085
1996-03-19,31.750000,31.375000,31.500000,13.729601
1996-03-20,31.812500,31.312500,31.625000,13.784085
1996-03-21,31.687500,31.437500,31.562500,13.756843
1996-03-22,31.687500,31.437500,31.625000,13.784085
1996-03-25,31.875000,31.625000,31.750000,13.838566
1996-03-26,32.062500,31.562500,31.875000,13.893054
1996-03-27,31.937500,31.625000,31.875000,13.893054
1996-03-28,31.937500,31.687500,31.812500,13.865809
1996-03-29,31.875000,31.500000,31.625000,13.784085
1996-04-01,32.062500,31.750000,32.000000,13.947529
1996-04-02,32.062500,31.812500,32.000000,13.947529
1996-04-03,32.250000,31.687500,32.250000,14.056499
1996-04-04,32.375000,32.062500,32.187500,14.029255
1996-04-08,31.750000,31.187500,31.437500,13.702367
1996-04-09,31.687500,31.125000,31.125000,13.566154
1996-04-10,31.125000,30.062500,30.187500,13.157539
1996-04-11,30.562500,29.500000,30.375000,13.239258
1996-04-12,31.062500,30.562500,31.000000,13.511674
1996-04-15,31.312500,31.000000,31.250000,13.620640
1996-04-16,31.250000,30.812500,30.937500,13.484430
1996-04-17,30.750000,30.375000,30.625000,13.348211
1996-04-18,31.125000,30.437500,30.687500,13.375467
1996-04-19,30.625000,30.250000,30.500000,13.293743
1996-04-22,30.812500,30.375000,30.562500,13.320979
1996-04-23,30.687500,30.250000,30.375000,13.239258
1996-04-24,30.375000,29.500000,29.687500,12.939607
1996-04-25,30.062500,29.375000,29.937500,13.048567
1996-04-26,30.375000,29.937500,29.937500,13.048567
1996-04-29,30.750000,29.812500,30.687500,13.375467
1996-04-30,31.875000,31.250000,31.750000,13.838566
1996-05-01,32.187500,31.812500,32.000000,13.947529
1996-05-02,32.062500,31.375000,31.500000,13.729601
1996-05-03,31.625000,31.062500,31.312500,13.647889
1996-05-06,31.437500,31.000000,31.312500,13.647889
1996-05-07,31.750000,31.187500,31.750000,13.838566
1996-05-08,32.375000,31.375000,32.312500,14.083732
1996-05-09,33.000000,32.187500,32.812500,14.301670
1996-05-10,33.062500,32.625000,32.750000,14.274429
1996-05-13,33.375000,32.625000,33.250000,14.492355
1996-05-14,33.562500,33.062500,33.125000,14.437879
1996-05-15,33.562500,33.125000,33.437500,14.574080
1996-05-16,34.187500,33.250000,34.000000,14.819255
1996-05-17,34.562500,34.250000,34.500000,15.037184
1996-05-20,35.000000,34.437500,34.562500,15.064427
1996-05-21,34.625000,34.062500,34.187500,14.900982
1996-05-22,34.250000,33.625000,34.125000,14.873734
1996-05-23,34.500000,33.687500,33.937500,14.792010
1996-05-24,34.000000,33.312500,33.812500,14.737530
1996-05-28,33.750000,33.187500,33.187500,14.465112
1996-05-29,33.625000,33.000000,33.250000,14.492355
1996-05-30,33.750000,32.750000,33.500000,14.601322
1996-05-31,34.000000,33.000000,33.250000,14.492355
1996-06-03,33.750000,32.875000,33.500000,14.601322
1996-06-04,33.750000,33.000000,33.375000,14.546844
1996-06-05,33.625000,33.125000,33.625000,14.706478
1996-06-06,34.375000,33.625000,33.875000,14.815825
1996-06-07,33.750000,32.750000,33.750000,14.761146
1996-06-10,33.875000,33.500000,33.625000,14.706478
1996-06-11,33.750000,33.250000,33.500000,14.651809
1996-06-12,34.250000,33.375000,33.500000,14.651809
1996-06-13,33.875000,33.375000,33.500000,14.651809
1996-06-14,33.500000,33.125000,33.125000,14.487798
1996-06-17,33.625000,33.125000,33.250000,14.542464
1996-06-18,33.750000,33.000000,33.625000,14.706478
1996-06-19,34.500000,33.625000,34.375000,15.034508
1996-06-20,34.750000,33.875000,34.000000,14.870496
1996-06-21,34.375000,33.875000,34.250000,14.979838
1996-06-24,34.750000,34.000000,34.625000,15.143849
1996-06-25,35.125000,34.625000,35.000000,15.307862
1996-06-26,35.125000,34.750000,35.000000,15.307862
1996-06-27,35.750000,34.750000,35.625000,15.581212
1996-06-28,35.875000,35.250000,35.500000,15.526554
1996-07-01,35.750000,35.250000,35.625000,15.581212
1996-07-02,35.875000,35.125000,35.375000,15.471881
1996-07-03,35.125000,34.375000,34.750000,15.198519
1996-07-05,34.375000,33.250000,34.000000,14.870496
1996-07-08,34.125000,33.500000,33.625000,14.706478
1996-07-09,33.625000,33.375000,33.500000,14.651809
1996-07-10,33.625000,32.625000,33.625000,14.706478
1996-07-11,33.250000,32.625000,32.875000,14.378457
1996-07-12,33.250000,32.875000,33.250000,14.542464
1996-07-15,33.250000,31.875000,32.000000,13.995757
1996-07-16,32.000000,30.125000,31.625000,13.831746
1996-07-17,31.875000,30.875000,31.250000,13.667731
1996-07-18,32.875000,31.625000,32.625000,14.269114
1996-07-19,32.750000,32.000000,32.500000,14.214440
1996-07-22,32.875000,32.000000,32.875000,14.378457
1996-07-23,34.000000,32.750000,33.250000,14.542464
1996-07-24,33.375000,32.250000,32.250000,14.105094
1996-07-25,32.625000,31.625000,31.625000,13.831746
1996-07-26,32.250000,31.375000,31.875000,13.941092
1996-07-29,32.000000,31.500000,31.625000,13.831746
1996-07-30,32.000000,31.250000,32.000000,13.995757
1996-07-31,32.125000,31.500000,31.750000,13.886415
1996-08-01,32.250000,31.250000,32.125000,14.050426
1996-08-02,33.625000,32.500000,33.500000,14.651809
1996-08-05,33.500000,32.750000,33.125000,14.487798
1996-08-06,33.125000,32.625000,33.125000,14.487798
1996-08-07,33.125000,32.125000,32.375000,14.159769
1996-08-08,32.750000,31.375000,31.500000,13.777071
1996-08-09,31.625000,30.000000,30.375000,13.285032
1996-08-12,31.000000,30.625000,30.750000,13.449052
1996-08-13,31.625000,30.625000,31.625000,13.831746
1996-08-14,32.125000,31.500000,31.625000,13.831746
1996-08-15,31.875000,31.250000,31.250000,13.667731
1996-08-16,31.750000,31.250000,31.500000,13.777071
1996-08-19,31.250000,30.250000,30.500000,13.339713
1996-08-20,30.875000,29.875000,30.125000,13.175693
1996-08-21,30.625000,29.250000,30.625000,13.394369
1996-08-22,31.375000,30.125000,31.250000,13.667731
1996-08-23,31.375000,30.875000,31.375000,13.722409
1996-08-26,31.625000,31.250000,31.625000,13.831746
1996-08-27,31.875000,30.625000,31.000000,13.558387
1996-08-28,31.000000,29.500000,30.000000,13.121026
1996-08-29,29.125000,28.375000,28.625000,12.519642
1996-08-30,29.000000,28.375000,28.750000,12.574318
1996-09-03,28.625000,28.000000,28.625000,12.519642
1996-09-04,28.875000,28.625000,28.750000,12.625039
1996-09-05,28.875000,28.125000,28.250000,12.405463
1996-09-06,28.625000,28.125000,28.500000,12.515252
1996-09-09,28.750000,28.500000,28.750000,12.625039
1996-09-10,29.625000,28.625000,29.500000,12.954380
1996-09-11,30.125000,29.250000,29.875000,13.119059
1996-09-12,30.000000,29.625000,29.875000,13.119059
1996-09-13,30.375000,29.625000,29.875000,13.119059
1996-09-16,29.750000,28.250000,28.625000,12.570142
1996-09-17,29.125000,28.250000,29.000000,12.734813
1996-09-18,30.000000,29.125000,29.500000,12.954380
1996-09-19,30.125000,29.625000,30.125000,13.228839
1996-09-20,30.375000,29.875000,30.125000,13.228839
1996-09-23,30.000000,29.500000,29.750000,13.064159
1996-09-24,30.250000,29.500000,30.000000,13.173951
1996-09-25,30.250000,29.750000,30.125000,13.228839
1996-09-26,30.625000,29.875000,30.250000,13.283731
1996-09-27,29.625000,28.125000,28.125000,12.350577
1996-09-30,28.750000,28.125000,28.250000,12.405463
1996-10-01,28.750000,28.125000,28.375000,12.460365
1996-10-02,28.875000,28.500000,28.750000,12.625039
1996-10-03,29.375000,28.625000,29.250000,12.844604
1996-10-04,29.625000,29.125000,29.375000,12.899491
1996-10-07,29.500000,28.875000,28.875000,12.679927
1996-10-08,29.000000,28.625000,28.750000,12.625039
1996-10-09,28.875000,28.375000,28.500000,12.515252
1996-10-10,28.750000,28.250000,28.750000,12.625039
1996-10-11,29.250000,28.625000,29.000000,12.734813
1996-10-14,29.500000,28.875000,29.000000,12.734813
1996-10-15,29.375000,28.500000,28.750000,12.625039
1996-10-16,29.625000,28.250000,29.250000,12.844604
1996-10-17,30.750000,29.500000,30.125000,13.228839
1996-10-18,30.625000,30.000000,30.500000,13.393518
1996-10-21,30.375000,29.500000,30.125000,13.228839
1996-10-22,29.875000,29.375000,29.500000,12.954380
1996-10-23,29.875000,29.250000,29.750000,13.064159
1996-10-24,30.125000,29.500000,29.750000,13.064159
1996-10-25,30.125000,29.500000,30.000000,13.173951
1996-10-28,30.250000,29.750000,30.000000,13.173951
1996-10-29,30.000000,29.500000,29.625000,13.009274
1996-10-30,29.875000,29.500000,29.750000,13.064159
1996-10-31,30.000000,29.625000,29.625000,13.009274
1996-11-01,30.125000,29.750000,30.000000,13.173951
1996-11-04,30.250000,29.875000,29.875000,13.119059
1996-11-05,30.250000,29.750000,30.000000,13.173951
1996-11-06,30.250000,30.000000,30.125000,13.228839
1996-11-07,30.250000,30.000000,30.250000,13.283731
1996-11-08,31.500000,30.125000,31.500000,13.832641
1996-11-11,31.625000,31.250000,31.375000,13.777761
1996-11-12,32.125000,31.375000,31.625000,13.887538
1996-11-13,32.000000,31.625000,32.000000,14.052208
1996-11-14,33.000000,32.000000,32.875000,14.436455
1996-11-15,33.000000,32.250000,32.625000,14.326672
1996-11-18,32.625000,31.625000,31.875000,13.997324
1996-11-19,31.875000,31.375000,31.625000,13.887538
1996-11-20,31.875000,31.375000,31.500000,13.832641
1996-11-21,31.500000,30.125000,30.375000,13.338620
1996-11-22,30.375000,29.500000,30.000000,13.173951
1996-11-25,30.125000,29.500000,30.000000,13.173951
1996-11-26,30.500000,29.750000,29.875000,13.119059
1996-11-27,30.250000,29.750000,30.250000,13.283731
1996-11-29,30.625000,29.875000,30.250000,13.283731
1996-12-02,30.000000,29.500000,30.000000,13.173951
1996-12-03,30.375000,29.750000,29.875000,13.119059
1996-12-04,30.375000,29.625000,30.000000,13.224854
1996-12-05,30.250000,29.625000,29.625000,13.059548
1996-12-06,29.625000,29.125000,29.375000,12.949338
1996-12-09,29.750000,29.375000,29.625000,13.059548
1996-12-10,30.125000,29.625000,29.750000,13.114645
1996-12-11,29.625000,29.000000,29.500000,13.004439
1996-12-12,29.750000,28.875000,28.875000,12.728930
1996-12-13,29.375000,28.500000,29.125000,12.839129
1996-12-16,29.625000,28.875000,29.000000,12.784026
1996-12-17,28.875000,28.625000,28.625000,12.618717
1996-12-18,28.875000,28.625000,28.750000,12.673824
1996-12-19,29.000000,28.500000,28.750000,12.673824
1996-12-20,29.500000,29.000000,29.250000,12.894238
1996-12-23,29.625000,29.250000,29.500000,13.004439
1996-12-24,29.625000,29.250000,29.250000,12.894238
1996-12-26,29.625000,29.250000,29.500000,13.004439
1996-12-27,29.875000,29.375000,29.625000,13.059548
1996-12-30,30.375000,29.875000,29.875000,13.169751
1996-12-31,30.250000,29.250000,29.250000,12.894238
1997-01-02,30.000000,29.250000,29.500000,13.004439
1997-01-03,30.000000,29.625000,29.750000,13.114645
1997-01-06,30.000000,28.875000,29.250000,12.894238
1997-01-07,29.500000,28.875000,29.500000,13.004439
1997-01-08,29.875000,29.375000,29.625000,13.059548
1997-01-09,29.750000,29.125000,29.250000,12.894238
1997-01-10,29.250000,28.625000,29.125000,12.839129
1997-01-13,29.750000,29.000000,29.500000,13.004439
1997-01-14,29.875000,29.500000,29.750000,13.114645
1997-01-15,29.750000,29.500000,29.625000,13.059548
1997-01-16,30.250000,29.500000,30.250000,13.335062
1997-01-17,30.625000,30.125000,30.500000,13.445271
1997-01-20,32.000000,30.625000,31.250000,13.775890
1997-01-21,32.000000,31.125000,31.750000,13.996310
1997-01-22,32.000000,31.500000,32.000000,14.106507
1997-01-23,35.875000,33.875000,35.500000,15.649415
1997-01-24,35.250000,33.750000,33.875000,14.933067
1997-01-27,34.500000,34.000000,34.125000,15.043279
1997-01-28,35.000000,34.000000,34.500000,15.208588
1997-01-29,34.750000,34.125000,34.250000,15.098377
1997-01-30,34.625000,34.125000,34.500000,15.208588
1997-01-31,34.875000,34.375000,34.875000,15.373901
1997-02-03,34.750000,33.875000,34.125000,15.043279
1997-02-04,33.625000,32.625000,32.875000,14.492235
1997-02-05,32.875000,31.500000,31.875000,14.051413
1997-02-06,32.500000,31.750000,32.375000,14.271826
1997-02-07,32.750000,31.750000,32.250000,14.216722
1997-02-10,32.750000,32.125000,32.250000,14.216722
1997-02-11,32.625000,32.250000,32.500000,14.326928
1997-02-12,32.375000,31.750000,32.250000,14.216722
1997-02-13,32.375000,31.875000,31.875000,14.051413
1997-02-14,32.375000,31.750000,32.250000,14.216722
1997-02-18,32.750000,32.000000,32.750000,14.437132
1997-02-19,33.250000,32.500000,32.875000,14.492235
1997-02-20,34.000000,32.875000,33.500000,14.767756
1997-02-21,34.875000,33.750000,34.500000,15.208588
1997-02-24,34.625000,34.000000,34.125000,15.043279
1997-02-25,34.625000,33.875000,33.875000,14.933067
1997-02-26,33.750000,32.500000,33.000000,14.547338
1997-02-27,33.750000,32.875000,33.125000,14.602450
1997-02-28,33.625000,32.875000,33.000000,14.547338
1997-03-03,33.625000,32.750000,33.375000,14.712657
1997-03-04,33.375000,32.125000,32.250000,14.216722
1997-03-05,32.625000,32.000000,32.250000,14.216722
1997-03-06,32.500000,31.875000,31.875000,14.051413
1997-03-07,32.000000,31.625000,31.750000,13.996310
1997-03-10,32.125000,31.750000,32.000000,14.106507
1997-03-11,32.750000,31.750000,32.500000,14.326928
1997-03-12,32.750000,32.000000,32.000000,14.156607
1997-03-13,32.000000,31.375000,31.375000,13.880114
1997-03-14,31.875000,30.875000,31.125000,13.769505
1997-03-17,31.125000,30.750000,30.875000,13.658913
1997-03-18,31.375000,30.750000,31.000000,13.714210
1997-03-19,32.125000,31.125000,32.000000,14.156607
1997-03-20,32.750000,32.000000,32.625000,14.433109
1997-03-21,33.250000,32.375000,32.500000,14.377802
1997-03-24,32.875000,32.250000,32.750000,14.488403
1997-03-25,33.250000,32.500000,33.250000,14.709597
1997-03-26,33.375000,32.500000,33.250000,14.709597
1997-03-27,33.625000,33.000000,33.250000,14.709597
1997-03-31,33.250000,32.000000,32.375000,14.322505
1997-04-01,32.500000,31.625000,31.875000,14.101306
1997-04-02,32.125000,31.500000,31.875000,14.101306
1997-04-03,31.875000,31.250000,31.875000,14.101306
1997-04-04,31.750000,31.125000,31.625000,13.990709
1997-04-07,32.250000,31.625000,32.125000,14.211906
1997-04-08,32.375000,31.875000,32.125000,14.211906
1997-04-09,32.875000,32.125000,32.750000,14.488403
1997-04-10,33.375000,32.750000,33.000000,14.598994
1997-04-11,33.125000,31.875000,31.875000,14.101306
1997-04-14,32.750000,31.875000,32.625000,14.433109
1997-04-15,33.125000,32.500000,32.875000,14.543696
1997-04-16,33.250000,32.500000,32.875000,14.543696
1997-04-17,33.625000,32.750000,33.250000,14.709597
1997-04-18,33.375000,32.875000,33.125000,14.654296
1997-04-21,33.375000,32.500000,32.750000,14.488403
1997-04-22,33.625000,32.250000,33.500000,14.820197
1997-04-23,33.625000,33.125000,33.250000,14.709597
1997-04-24,33.625000,33.000000,33.500000,14.820197
1997-04-25,33.250000,31.875000,32.000000,14.156607
1997-04-28,32.125000,31.000000,31.250000,13.824813
1997-04-29,34.750000,33.625000,34.375000,15.207294
1997-04-30,34.875000,33.500000,34.875000,15.428493
1997-05-01,35.125000,34.500000,34.875000,15.428493
1997-05-02,35.625000,34.750000,35.500000,15.704988
1997-05-05,36.875000,35.125000,36.625000,16.202688
1997-05-06,36.875000,36.250000,36.375000,16.092081
1997-05-07,36.500000,35.875000,36.125000,15.981483
1997-05-08,36.250000,35.250000,35.250000,15.594385
1997-05-09,36.625000,35.500000,36.500000,16.147373
1997-05-12,37.375000,36.375000,36.750000,16.257975
1997-05-13,37.125000,36.625000,36.875000,16.313280
1997-05-14,37.500000,37.000000,37.125000,16.423880
1997-05-15,37.500000,36.875000,37.375000,16.534473
1997-05-16,37.625000,36.750000,36.750000,16.257975
1997-05-19,37.875000,36.625000,37.500000,16.589777
1997-05-20,37.625000,36.750000,37.500000,16.589777
1997-05-21,37.625000,36.125000,36.250000,16.036783
1997-05-22,36.375000,35.375000,35.500000,15.704988
1997-05-23,36.500000,35.500000,36.500000,16.147373
1997-05-27,37.375000,36.000000,37.000000,16.368576
1997-05-28,37.625000,36.625000,37.375000,16.534473
1997-05-29,37.625000,37.250000,37.375000,16.534473
1997-05-30,37.750000,36.750000,36.750000,16.257975
1997-06-02,38.375000,37.500000,37.750000,16.700369
1997-06-03,38.375000,37.500000,38.125000,16.866274
1997-06-04,38.125000,35.625000,36.000000,15.926176
1997-06-05,37.375000,36.375000,36.750000,16.257975
1997-06-06,37.375000,36.875000,37.125000,16.423880
1997-06-09,37.500000,36.750000,37.375000,16.534473
1997-06-10,37.625000,37.125000,37.625000,16.645073
1997-06-11,37.875000,36.875000,37.875000,16.811520
1997-06-12,38.750000,38.000000,38.625000,17.144428
1997-06-13,39.375000,38.250000,39.000000,17.310875
1997-06-16,39.000000,38.375000,38.500000,17.088940
1997-06-17,38.625000,37.875000,38.500000,17.088940
1997-06-18,38.750000,38.125000,38.750000,17.199907
1997-06-19,39.250000,38.250000,38.500000,17.088940
1997-06-20,38.500000,38.125000,38.125000,16.922489
1997-06-23,38.125000,37.000000,37.125000,16.478619
1997-06-24,37.562500,36.625000,37.312500,16.561844
1997-06-25,37.875000,36.812500,37.000000,16.423149
1997-06-26,37.625000,36.875000,37.250000,16.534105
1997-06-27,38.750000,37.250000,37.875000,16.811520
1997-06-30,38.437500,37.500000,37.562500,16.672806
1997-07-01,38.500000,37.562500,38.250000,16.977976
1997-07-02,38.250000,37.750000,38.000000,16.867010
1997-07-03,39.000000,38.312500,38.937500,17.283133
1997-07-07,39.500000,38.750000,39.000000,17.310875
1997-07-08,39.500000,39.000000,39.187500,17.394094
1997-07-09,39.187500,38.000000,38.375000,17.033459
1997-07-10,38.875000,38.187500,38.812500,17.227640
1997-07-11,38.875000,37.125000,37.375000,16.589586
1997-07-14,38.250000,37.437500,37.875000,16.811520
1997-07-15,38.000000,36.812500,37.250000,16.534105
1997-07-16,37.312500,36.250000,36.562500,16.228943
1997-07-17,36.312500,35.250000,35.687500,15.840562
1997-07-18,36.625000,35.125000,36.000000,15.979266
1997-07-21,35.625000,34.812500,35.562500,15.785079
1997-07-22,38.375000,37.187500,38.062500,16.894751
1997-07-23,38.437500,37.000000,37.000000,16.423149
1997-07-24,38.062500,37.000000,37.500000,16.645069
1997-07-25,38.750000,37.375000,38.437500,17.061197
1997-07-28,38.750000,38.250000,38.437500,17.061197
1997-07-29,38.187500,37.562500,37.750000,16.756035
1997-07-30,38.687500,37.687500,38.687500,17.172167
1997-07-31,38.875000,38.250000,38.250000,16.977976
1997-08-01,38.500000,37.000000,38.062500,16.894751
1997-08-04,38.750000,38.000000,38.437500,17.061197
1997-08-05,38.937500,38.125000,38.812500,17.227640
1997-08-06,39.750000,38.187500,39.687500,17.616030
1997-08-07,39.625000,38.937500,39.000000,17.310875
1997-08-08,38.562500,37.250000,37.500000,16.645069
1997-08-11,38.187500,37.250000,38.187500,16.950235
1997-08-12,38.187500,37.250000,37.437500,16.617334
1997-08-13,38.062500,36.562500,36.687500,16.284428
1997-08-14,37.250000,36.062500,36.250000,16.090237
1997-08-15,36.687500,35.562500,35.750000,15.868300
1997-08-18,36.312500,34.875000,36.187500,16.062489
1997-08-19,36.312500,35.812500,36.187500,16.062489
1997-08-20,36.937500,35.687500,36.000000,15.979266
1997-08-21,36.625000,35.750000,36.187500,16.062489
1997-08-22,36.937500,35.312500,36.750000,16.312174
1997-08-25,37.375000,36.250000,36.375000,16.145720
1997-08-26,36.812500,35.937500,36.687500,16.284428
1997-08-27,37.250000,36.312500,37.062500,16.450882
1997-08-28,37.312500,36.000000,36.750000,16.312174
1997-08-29,36.375000,35.500000,36.000000,15.979266
1997-09-02,36.812500,36.000000,36.812500,16.339912
1997-09-03,37.875000,36.812500,37.562500,16.672806
1997-09-04,37.937500,37.375000,37.437500,16.617334
1997-09-05,37.875000,37.500000,37.500000,16.645069
1997-09-08,38.750000,38.000000,38.125000,16.922489
1997-09-09,38.500000,37.750000,38.437500,17.061197
1997-09-10,38.562500,37.750000,37.750000,16.756035
1997-09-11,37.687500,37.000000,37.500000,16.645069
1997-09-12,38.187500,37.312500,38.062500,16.894751
1997-09-15,38.062500,37.500000,37.812500,16.783783
1997-09-16,38.750000,37.500000,38.500000,17.088940
1997-09-17,38.875000,38.000000,38.750000,17.255934
1997-09-18,39.187500,38.000000,38.000000,16.921949
1997-09-19,38.437500,37.812500,38.187500,17.005442
1997-09-22,39.437500,38.000000,38.875000,17.311596
1997-09-23,39.062500,38.375000,38.750000,17.255934
1997-09-24,40.000000,38.562500,39.437500,17.562090
1997-09-25,39.875000,39.250000,39.687500,17.673418
1997-09-26,40.250000,39.625000,40.187500,17.896070
1997-09-29,41.312500,39.812500,41.000000,18.257885
1997-09-30,40.937500,40.000000,40.562500,18.063082
1997-10-01,40.750000,40.000000,40.187500,17.896070
1997-10-02,40.312500,39.750000,39.750000,17.701242
1997-10-03,40.750000,39.437500,39.875000,17.756907
1997-10-06,40.500000,40.125000,40.187500,17.896070
1997-10-07,39.250000,37.875000,38.750000,18.748838
1997-10-08,39.312500,38.625000,39.250000,18.990757
1997-10-09,39.250000,38.687500,39.125000,18.930281
1997-10-10,39.500000,38.875000,39.500000,19.111725
1997-10-13,39.937500,39.125000,39.125000,18.930281
1997-10-14,39.562500,38.312500,38.750000,18.748838
1997-10-15,38.625000,37.250000,37.500000,18.144049
1997-10-16,38.437500,36.375000,37.250000,18.023075
1997-10-17,38.187500,36.625000,37.937500,18.355717
1997-10-20,39.000000,38.000000,38.875000,18.809319
1997-10-21,40.000000,38.750000,40.000000,19.353638
1997-10-22,40.687500,38.375000,38.437500,18.597641
1997-10-23,38.000000,37.062500,37.750000,18.265005
1997-10-24,38.750000,37.250000,37.375000,18.083557
1997-10-27,37.000000,34.125000,34.937500,16.904200
1997-10-28,38.000000,33.375000,37.687500,18.234764
1997-10-29,37.750000,35.812500,36.250000,17.539236
1997-10-30,36.937500,35.750000,35.750000,17.297318
1997-10-31,37.187500,36.312500,36.875000,17.841648
1997-11-03,37.750000,36.875000,37.375000,18.083557
1997-11-04,37.437500,36.812500,37.250000,18.023075
1997-11-05,38.062500,37.062500,37.375000,18.083557
1997-11-06,37.375000,36.750000,36.937500,17.871885
1997-11-07,36.687500,35.687500,36.437500,17.629963
1997-11-10,36.625000,35.500000,35.687500,17.267076
1997-11-11,36.125000,35.375000,35.812500,17.327564
1997-11-12,36.250000,35.250000,35.375000,17.115873
1997-11-13,36.187500,35.375000,35.875000,17.357798
1997-11-14,36.812500,35.875000,36.562500,17.690434
1997-11-17,37.500000,36.750000,37.375000,18.083557
1997-11-18,37.187500,36.125000,36.437500,17.629963
1997-11-19,38.062500,36.250000,37.562500,18.174282
1997-11-20,38.437500,37.687500,37.687500,18.234764
1997-11-21,38.000000,37.312500,38.000000,18.385960
1997-11-24,37.562500,36.875000,37.062500,17.932364
1997-11-25,37.687500,37.062500,37.187500,17.992838
1997-11-26,37.500000,36.812500,36.937500,17.871885
1997-11-28,37.562500,36.875000,36.875000,17.841648
1997-12-01,38.187500,37.250000,37.687500,18.234764
1997-12-02,38.187500,37.062500,37.375000,18.083557
1997-12-03,37.875000,37.312500,37.812500,18.295246
1997-12-04,38.187500,37.187500,37.375000,18.083557
1997-12-05,38.000000,37.125000,37.312500,18.053326
1997-12-08,37.312500,35.875000,36.500000,17.660204
1997-12-09,36.437500,35.562500,35.812500,17.327564
1997-12-10,36.562500,35.187500,35.500000,17.236521
1997-12-11,35.562500,35.125000,35.250000,17.115143
1997-12-12,35.937500,35.062500,35.125000,17.054447
1997-12-15,36.062500,35.437500,36.062500,17.509638
1997-12-16,35.625000,34.750000,35.437500,17.206175
1997-12-17,35.687500,34.812500,34.875000,16.933073
1997-12-18,34.875000,34.312500,34.750000,16.872381
1997-12-19,35.312500,34.125000,34.875000,16.933073
1997-12-22,35.500000,34.875000,35.125000,17.054447
1997-12-23,35.312500,34.125000,34.250000,16.629595
1997-12-24,35.125000,34.250000,34.437500,16.720636
1997-12-26,35.125000,34.500000,34.750000,16.872381
1997-12-29,35.312500,34.812500,34.875000,16.933073
1997-12-30,36.937500,35.062500,36.687500,17.813089
1997-12-31,36.812500,36.250000,36.250000,17.600664
1998-01-02,36.312500,35.562500,36.000000,17.479292
1998-01-05,36.812500,35.625000,36.500000,17.722055
1998-01-06,36.625000,35.000000,35.187500,17.084795
1998-01-07,35.875000,34.812500,35.875000,17.418596
1998-01-08,36.312500,35.812500,35.875000,17.418596
1998-01-09,36.187500,34.500000,34.750000,16.872381
1998-01-12,35.687500,34.187500,35.375000,17.175823
1998-01-13,36.500000,35.375000,36.500000,17.722055
1998-01-14,36.750000,35.875000,36.687500,17.813089
1998-01-15,36.875000,35.875000,35.937500,17.448938
1998-01-16,37.000000,36.250000,36.687500,17.813089
1998-01-20,37.750000,36.500000,37.625000,18.268274
1998-01-21,37.375000,36.687500,37.000000,17.964830
1998-01-22,37.125000,36.500000,36.875000,17.904127
1998-01-23,37.187500,36.125000,36.312500,17.631023
1998-01-26,36.625000,36.125000,36.437500,17.691711
1998-01-27,36.437500,35.562500,36.062500,17.509638
1998-01-28,36.875000,35.750000,36.437500,17.691711
1998-01-29,37.687500,36.437500,36.875000,17.904127
1998-01-30,36.750000,35.937500,36.125000,17.539982
1998-02-02,36.687500,35.750000,36.500000,17.722055
1998-02-03,36.000000,34.312500,35.187500,17.084795
1998-02-04,36.125000,35.000000,35.437500,17.206175
1998-02-05,35.937500,34.937500,35.250000,17.115143
1998-02-06,35.875000,35.250000,35.375000,17.175823
1998-02-09,35.812500,35.375000,35.750000,17.357903
1998-02-10,36.437500,35.562500,35.562500,17.266865
1998-02-11,35.812500,35.437500,35.625000,17.297218
1998-02-12,36.375000,35.562500,36.000000,17.479292
1998-02-13,36.625000,36.000000,36.500000,17.722055
1998-02-17,36.625000,35.687500,35.687500,17.327559
1998-02-18,35.937500,35.250000,35.250000,17.115143
1998-02-19,35.812500,35.437500,35.437500,17.206175
1998-02-20,35.562500,35.000000,35.437500,17.206175
1998-02-23,35.437500,35.000000,35.250000,17.115143
1998-02-24,35.437500,35.000000,35.187500,17.084795
1998-02-25,36.625000,35.187500,36.375000,17.661369
1998-02-26,37.062500,36.187500,36.812500,17.873785
1998-02-27,36.812500,36.437500,36.500000,17.722055
1998-03-02,37.187500,36.562500,37.000000,17.964830
1998-03-03,37.375000,36.625000,37.375000,18.146898
1998-03-04,37.125000,36.875000,37.062500,17.995176
1998-03-05,37.125000,36.250000,36.562500,17.752399
1998-03-06,38.000000,36.562500,38.000000,18.450367
1998-03-09,39.437500,38.375000,39.250000,19.057276
1998-03-10,40.125000,39.437500,40.125000,19.482122
1998-03-11,40.625000,39.562500,40.250000,19.603880
1998-03-12,43.500000,42.000000,43.000000,20.943283
1998-03-13,43.375000,42.625000,42.937500,20.912844
1998-03-16,43.437500,42.187500,43.312500,21.095482
1998-03-17,43.875000,42.312500,43.562500,21.217249
1998-03-18,43.125000,42.375000,42.562500,20.730200
1998-03-19,42.375000,41.687500,41.875000,20.395353
1998-03-20,43.000000,42.062500,43.000000,20.943283
1998-03-23,42.875000,42.125000,42.187500,20.547548
1998-03-24,42.687500,42.125000,42.312500,20.608435
1998-03-25,42.875000,41.937500,42.750000,20.821520
1998-03-26,43.562500,42.750000,43.250000,21.065052
1998-03-27,43.250000,41.937500,42.312500,20.608435
1998-03-30,43.062500,42.125000,42.750000,20.821520
1998-03-31,43.437500,42.312500,42.687500,20.791084
1998-04-01,43.875000,42.375000,43.625000,21.247694
1998-04-02,44.500000,42.937500,44.187500,21.521667
1998-04-03,44.812500,43.750000,44.687500,21.765179
1998-04-06,44.812500,42.937500,42.937500,20.912844
1998-04-07,42.750000,42.062500,42.375000,20.638874
1998-04-08,42.687500,41.875000,42.062500,20.486683
1998-04-09,42.500000,42.000000,42.000000,20.456236
1998-04-13,42.250000,41.125000,41.312500,20.121384
1998-04-14,41.750000,41.000000,41.312500,20.121384
1998-04-15,42.000000,41.062500,41.812500,20.364899
1998-04-16,41.937500,41.375000,41.625000,20.273581
1998-04-17,42.000000,41.312500,41.812500,20.364899
1998-04-20,41.937500,41.437500,41.875000,20.395353
1998-04-21,42.437500,41.125000,42.062500,20.486683
1998-04-22,44.625000,41.750000,43.875000,21.369453
1998-04-23,44.750000,43.500000,44.187500,21.521667
1998-04-24,44.500000,43.125000,43.625000,21.247694
1998-04-27,43.187500,41.625000,43.062500,20.973732
1998-04-28,43.187500,38.750000,39.750000,19.360355
1998-04-29,40.000000,38.375000,39.375000,19.177711
1998-04-30,40.250000,39.500000,39.687500,19.329916
1998-05-01,39.937500,38.687500,39.375000,19.177711
1998-05-04,39.937500,39.062500,39.375000,19.177711
1998-05-05,40.250000,39.125000,40.187500,19.573450
1998-05-06,40.250000,39.062500,39.125000,19.055950
1998-05-07,39.125000,37.812500,37.875000,18.447124
1998-05-08,38.875000,38.000000,38.687500,18.842861
1998-05-11,39.250000,38.375000,38.750000,18.873306
1998-05-12,39.687500,38.687500,39.437500,19.208155
1998-05-13,39.625000,38.750000,38.875000,18.934189
1998-05-14,39.750000,38.750000,39.062500,19.025497
1998-05-15,39.187500,37.500000,37.562500,18.294935
1998-05-18,38.937500,37.375000,37.812500,18.416697
1998-05-19,38.375000,37.812500,37.937500,18.477562
1998-05-20,40.500000,39.250000,40.500000,19.725655
1998-05-21,41.187500,39.937500,40.062500,19.512568
1998-05-22,40.312500,39.875000,39.875000,19.421244
1998-05-26,40.875000,40.000000,40.375000,19.664776
1998-05-27,41.375000,39.937500,41.125000,20.030056
1998-05-28,41.500000,40.312500,40.437500,19.695206
1998-05-29,41.437500,40.312500,40.812500,19.877851
1998-06-01,41.562500,40.562500,41.500000,20.212698
1998-06-02,41.937500,41.187500,41.187500,20.060499
1998-06-03,41.312500,40.687500,40.750000,19.847414
1998-06-04,41.312500,40.375000,40.750000,19.847414
1998-06-05,42.000000,40.812500,42.000000,20.456236
1998-06-08,41.937500,41.250000,41.375000,20.151825
1998-06-09,42.000000,41.125000,42.000000,20.456236
1998-06-10,41.937500,41.125000,41.375000,20.214392
1998-06-11,41.125000,40.062500,40.375000,19.725832
1998-06-12,41.000000,40.187500,40.687500,19.878490
1998-06-15,41.937500,40.250000,41.187500,20.122786
1998-06-16,41.375000,40.250000,41.375000,20.214392
1998-06-17,42.000000,41.375000,41.875000,20.458677
1998-06-18,42.000000,41.500000,41.875000,20.458677
1998-06-19,41.687500,40.312500,40.437500,19.756357
1998-06-22,41.000000,40.500000,40.562500,19.817442
1998-06-23,41.625000,40.750000,41.187500,20.122786
1998-06-24,42.750000,40.875000,42.125000,20.580811
1998-06-25,42.687500,41.250000,41.437500,20.244926
1998-06-26,41.812500,40.875000,41.187500,20.122786
1998-06-29,41.750000,41.250000,41.250000,20.153324
1998-06-30,41.937500,40.937500,41.187500,20.122786
1998-07-01,42.000000,41.375000,42.000000,20.519747
1998-07-02,43.750000,41.750000,43.687500,21.344193
1998-07-06,43.625000,42.875000,43.000000,21.008307
1998-07-07,42.875000,42.250000,42.250000,20.641888
1998-07-08,42.500000,41.937500,42.000000,20.519747
1998-07-09,42.000000,41.312500,41.312500,20.183861
1998-07-10,42.750000,41.125000,42.312500,20.672419
1998-07-13,42.250000,41.312500,41.437500,20.244926
1998-07-14,41.062500,38.750000,39.250000,19.176188
1998-07-15,39.875000,38.000000,38.125000,18.626556
1998-07-16,38.187500,37.000000,37.937500,18.534933
1998-07-17,39.687500,38.812500,39.500000,19.298330
1998-07-20,40.000000,39.375000,39.750000,19.420465
1998-07-21,40.375000,39.812500,40.125000,19.603680
1998-07-22,40.687500,39.250000,39.500000,19.298330
1998-07-23,39.187500,37.000000,37.562500,18.351738
1998-07-24,41.125000,39.437500,39.750000,19.420465
1998-07-27,40.125000,39.500000,40.000000,19.542612
1998-07-28,40.312500,39.250000,39.875000,19.481546
1998-07-29,40.000000,38.125000,38.687500,18.901367
1998-07-30,39.125000,38.375000,39.000000,19.054058
1998-07-31,39.187500,38.375000,38.937500,19.023510
1998-08-03,39.750000,38.250000,39.375000,19.237257
1998-08-04,39.500000,37.375000,37.375000,18.260126
1998-08-05,38.187500,37.000000,37.750000,18.443350
1998-08-06,38.062500,37.500000,37.812500,18.473877
1998-08-07,37.937500,37.312500,37.500000,18.321199
1998-08-10,37.625000,35.375000,35.812500,17.496756
1998-08-11,35.000000,33.750000,34.625000,16.916573
1998-08-12,34.750000,33.937500,34.125000,16.672298
1998-08-13,35.000000,34.062500,34.312500,16.763891
1998-08-14,34.500000,33.500000,33.875000,16.550146
1998-08-17,33.937500,33.125000,33.875000,16.550146
1998-08-18,34.562500,34.000000,34.437500,16.824965
1998-08-19,34.437500,33.750000,33.875000,16.550146
1998-08-20,33.750000,33.125000,33.375000,16.305864
1998-08-21,33.062500,32.062500,32.500000,15.878367
1998-08-24,33.937500,32.125000,33.562500,16.397474
1998-08-25,35.750000,34.187500,35.000000,17.099789
1998-08-26,35.125000,34.000000,34.125000,16.672298
1998-08-27,34.000000,32.062500,32.937500,16.092112
1998-08-28,33.812500,31.375000,31.375000,15.328734
1998-08-31,32.062500,27.562500,27.875000,13.618756
1998-09-01,32.937500,29.062500,32.375000,15.817307
1998-09-02,32.250000,31.000000,31.062500,15.176061
1998-09-03,31.437500,30.250000,30.875000,15.084451
1998-09-04,31.500000,30.500000,30.937500,15.114991
1998-09-08,33.500000,31.062500,31.687500,15.481414
1998-09-09,31.062500,29.812500,29.812500,14.625345
1998-09-10,29.937500,28.000000,28.437500,13.950810
1998-09-11,30.187500,28.625000,29.750000,14.594691
1998-09-14,31.562500,30.312500,31.312500,15.361225
1998-09-15,31.125000,29.937500,30.000000,14.717344
1998-09-16,31.312500,29.937500,31.000000,15.207915
1998-09-17,30.750000,30.062500,30.062500,14.748006
1998-09-18,30.500000,30.062500,30.125000,14.778657
1998-09-21,30.875000,29.937500,30.312500,14.870646
1998-09-22,31.375000,30.812500,31.375000,15.391880
1998-09-23,31.625000,30.437500,30.625000,15.023951
1998-09-24,32.250000,30.375000,31.000000,15.207915
1998-09-25,31.312500,30.062500,30.437500,14.931967
1998-09-28,31.187500,30.562500,31.000000,15.207915
1998-09-29,31.187500,30.375000,30.812500,15.115932
1998-09-30,30.812500,29.437500,29.437500,14.441389
1998-10-01,29.750000,29.000000,29.625000,14.533371
1998-10-02,30.875000,29.687500,30.437500,14.931967
1998-10-05,31.750000,30.500000,31.375000,15.391880
1998-10-06,33.437500,32.187500,33.125000,16.250397
1998-10-07,34.062500,32.875000,33.437500,16.403702
1998-10-08,33.812500,32.000000,33.625000,16.495693
1998-10-09,33.812500,32.000000,32.125000,15.759814
1998-10-12,32.500000,31.375000,31.687500,15.545182
1998-10-13,32.000000,30.187500,32.000000,15.698494
1998-10-14,32.000000,30.062500,30.750000,15.085271
1998-10-15,32.625000,31.062500,31.937500,15.667829
1998-10-16,34.000000,32.125000,33.500000,16.434370
1998-10-19,33.750000,32.656250,33.000000,16.189070
1998-10-20,34.750000,33.000000,33.937500,16.648987
1998-10-21,35.875000,33.937500,35.625000,17.476839
1998-10-22,37.000000,35.312500,36.687500,17.998079
1998-10-23,36.875000,35.250000,35.937500,17.630140
1998-10-26,36.187500,34.875000,35.500000,17.415512
1998-10-27,35.812500,34.187500,34.250000,16.802290
1998-10-28,34.437500,33.250000,33.437500,16.403702
1998-10-29,34.562500,33.375000,34.562500,16.955601
1998-10-30,34.562500,33.625000,33.750000,16.557007
1998-11-02,36.500000,34.187500,35.812500,17.568821
1998-11-03,36.437500,35.750000,35.875000,17.599480
1998-11-04,36.937500,35.375000,35.812500,17.568821
1998-11-05,36.875000,35.375000,36.875000,18.090069
1998-11-06,36.500000,35.812500,36.062500,17.691467
1998-11-09,36.250000,35.812500,35.812500,17.568821
1998-11-10,37.437500,35.875000,37.250000,18.274025
1998-11-11,37.875000,36.687500,36.937500,18.120731
1998-11-12,38.437500,36.937500,38.000000,18.641958
1998-11-13,39.687500,38.500000,39.500000,19.377832
1998-11-16,38.812500,37.562500,38.000000,18.641958
1998-11-17,37.625000,36.937500,36.937500,18.120731
1998-11-18,37.250000,36.687500,37.125000,18.212700
1998-11-19,37.750000,37.000000,37.375000,18.335354
1998-11-20,37.875000,36.750000,37.312500,18.304686
1998-11-23,37.625000,36.562500,37.500000,18.396683
1998-11-24,37.937500,36.875000,37.250000,18.274025
1998-11-25,38.000000,37.062500,37.937500,18.611301
1998-11-27,39.125000,37.937500,39.125000,19.193855
1998-11-30,40.187500,38.187500,38.687500,18.979227
1998-12-01,41.250000,38.687500,40.937500,20.083031
1998-12-02,40.687500,39.500000,39.750000,19.500467
1998-12-03,40.500000,39.312500,39.500000,19.377832
1998-12-04,40.937500,39.312500,39.437500,19.347174
1998-12-07,39.500000,38.750000,39.437500,19.347174
1998-12-08,39.937500,39.000000,39.312500,19.285847
1998-12-09,39.687500,38.687500,39.187500,19.288315
1998-12-10,38.875000,37.687500,38.000000,18.703808
1998-12-11,37.937500,37.187500,37.812500,18.611532
1998-12-14,37.625000,36.625000,37.062500,18.242378
1998-12-15,38.812500,37.187500,38.187500,18.796099
1998-12-16,38.250000,37.562500,37.687500,18.549995
1998-12-17,38.625000,37.687500,38.500000,18.949913
1998-12-18,39.562500,38.312500,39.375000,19.380602
1998-12-21,40.375000,39.375000,39.625000,19.503647
1998-12-22,39.875000,39.062500,39.562500,19.472885
1998-12-23,40.437500,39.625000,40.312500,19.842037
1998-12-24,40.500000,39.875000,40.437500,19.903568
1998-12-28,40.750000,40.062500,40.250000,19.811281
1998-12-29,41.625000,40.000000,41.000000,20.180435
1998-12-30,41.437500,40.000000,40.000000,19.688221
1998-12-31,41.000000,40.250000,40.875000,20.118910
1999-01-04,41.687500,40.187500,40.687500,20.026608
1999-01-05,41.750000,40.062500,40.750000,20.057384
1999-01-06,41.937500,40.625000,41.812500,20.580347
1999-01-07,41.625000,40.375000,40.750000,20.057384
1999-01-08,41.812500,39.625000,41.375000,20.365007
1999-01-11,42.562500,40.750000,40.875000,20.118910
1999-01-12,40.687500,39.750000,40.000000,19.688221
1999-01-13,40.375000,38.625000,40.250000,19.811281
1999-01-14,39.875000,37.812500,38.750000,19.072964
1999-01-15,39.812500,38.625000,39.500000,19.442125
1999-01-19,39.375000,37.500000,37.500000,18.457716
1999-01-20,38.937500,37.687500,38.437500,18.919157
1999-01-21,38.375000,37.625000,37.937500,18.673042
1999-01-22,39.125000,37.500000,38.937500,19.165253
1999-01-25,40.375000,38.875000,40.250000,19.811281
1999-01-26,40.500000,39.062500,39.687500,19.534407
1999-01-27,40.562500,38.937500,40.125000,19.749746
1999-01-28,40.500000,39.500000,39.812500,19.595930
1999-01-29,39.562500,38.437500,39.000000,19.196020
1999-02-01,38.812500,38.125000,38.125000,18.765343
1999-02-02,39.625000,38.250000,38.937500,19.165253
1999-02-03,39.937500,38.187500,38.812500,19.103729
1999-02-04,38.750000,37.625000,38.062500,18.734575
1999-02-05,38.562500,37.500000,37.875000,18.642281
1999-02-08,38.625000,37.250000,38.312500,18.857634
1999-02-09,38.562500,37.000000,37.750000,18.580763
1999-02-10,38.500000,37.500000,38.500000,18.949913
1999-02-11,38.562500,37.625000,37.875000,18.642281
1999-02-12,38.000000,37.062500,37.125000,18.273134
1999-02-16,37.937500,37.187500,37.250000,18.334654
1999-02-17,38.750000,37.187500,37.562500,18.488472
1999-02-18,38.125000,37.375000,37.562500,18.488472
1999-02-19,39.687500,37.375000,39.187500,19.288315
1999-02-22,40.250000,38.812500,39.500000,19.442125
1999-02-23,40.250000,39.375000,39.500000,19.442125
1999-02-24,39.812500,38.250000,39.000000,19.196020
1999-02-25,39.062500,37.812500,38.312500,18.857634
1999-02-26,38.687500,37.187500,37.562500,18.488472
1999-03-01,38.437500,36.875000,38.000000,18.703808
1999-03-02,37.750000,36.875000,36.875000,18.150085
1999-03-03,37.437500,36.187500,37.250000,18.334654
1999-03-04,38.062500,36.875000,37.750000,18.580763
1999-03-05,39.937500,38.500000,39.875000,19.626694
1999-03-08,39.625000,38.312500,39.062500,19.226778
1999-03-09,39.000000,38.125000,38.437500,18.919157
1999-03-10,38.250000,37.625000,38.062500,18.798149
1999-03-11,38.812500,37.750000,38.062500,18.798149
1999-03-12,39.062500,38.250000,38.500000,19.014223
1999-03-15,39.250000,38.250000,38.875000,19.199421
1999-03-16,40.125000,39.000000,39.875000,19.693296
1999-03-17,40.312500,39.562500,40.062500,19.785902
1999-03-18,40.312500,39.562500,40.125000,19.816772
1999-03-19,40.437500,39.812500,39.937500,19.724163
1999-03-22,39.937500,39.125000,39.750000,19.631569
1999-03-23,39.187500,37.687500,38.875000,19.199421
1999-03-24,39.062500,38.250000,38.250000,18.890762
1999-03-25,39.500000,38.375000,39.250000,19.384630
1999-03-26,40.312500,39.187500,40.000000,19.755033
1999-03-29,41.062500,39.937500,40.687500,20.094572
1999-03-30,40.187500,39.562500,39.875000,19.693296
1999-03-31,39.875000,38.500000,39.187500,19.353767
1999-04-01,39.437500,38.500000,38.625000,19.075958
1999-04-05,39.125000,38.250000,38.875000,19.199421
1999-04-06,38.687500,37.812500,38.250000,18.890762
1999-04-07,38.250000,37.375000,37.437500,18.489483
1999-04-08,38.687500,37.375000,38.500000,19.014223
1999-04-09,38.312500,37.812500,38.250000,18.890762
1999-04-12,39.500000,37.875000,39.500000,19.508104
1999-04-13,39.375000,37.937500,38.125000,18.829027
1999-04-14,38.187500,37.750000,38.000000,18.767282
1999-04-15,38.625000,37.000000,37.000000,18.273417
1999-04-16,37.312500,36.312500,36.437500,17.995607
1999-04-19,37.500000,36.375000,36.750000,18.149939
1999-04-20,37.625000,36.750000,37.125000,18.335144
1999-04-21,38.937500,37.312500,38.937500,19.230293
1999-04-22,41.437500,36.500000,36.937500,18.242556
1999-04-23,37.500000,36.125000,36.250000,17.903008
1999-04-26,37.125000,36.312500,36.750000,18.149939
1999-04-27,37.937500,37.000000,37.812500,18.674690
1999-04-28,37.875000,37.375000,37.562500,18.551214
1999-04-29,38.062500,36.625000,36.937500,18.242556
1999-04-30,37.375000,36.625000,36.937500,18.242556
1999-05-03,37.500000,36.625000,37.437500,18.489483
1999-05-04,37.187500,36.687500,37.062500,18.304283
1999-05-05,37.437500,36.812500,37.250000,18.396875
1999-05-06,37.062500,36.437500,36.687500,18.119070
1999-05-07,36.750000,36.312500,36.750000,18.149939
1999-05-10,36.125000,35.125000,35.250000,17.409126
1999-05-11,35.187500,34.062500,34.625000,17.100454
1999-05-12,35.750000,34.250000,35.500000,17.532589
1999-05-13,37.437500,35.250000,37.125000,18.335144
1999-05-14,38.437500,36.750000,38.187500,18.859886
1999-05-17,38.000000,37.375000,37.625000,18.582085
1999-05-18,38.125000,37.062500,37.750000,18.643818
1999-05-19,37.750000,37.000000,37.500000,18.520351
1999-05-20,37.750000,37.062500,37.625000,18.582085
1999-05-21,38.562500,37.437500,38.312500,18.921627
1999-05-24,38.500000,37.500000,37.812500,18.674690
1999-05-25,38.687500,37.500000,37.500000,18.520351
1999-05-26,37.812500,36.187500,36.750000,18.149939
1999-05-27,36.875000,35.750000,36.000000,17.779531
1999-05-28,36.375000,35.500000,35.500000,17.532589
1999-06-01,36.625000,35.875000,36.375000,17.964735
1999-06-02,36.625000,36.062500,36.250000,17.903008
1999-06-03,36.375000,36.000000,36.000000,17.779531
1999-06-04,36.437500,36.125000,36.312500,17.933872
1999-06-07,36.312500,36.062500,36.187500,17.872135
1999-06-08,36.000000,35.562500,35.687500,17.625195
1999-06-09,35.875000,35.125000,35.187500,17.444244
1999-06-10,35.312500,35.000000,35.125000,17.413263
1999-06-11,36.312500,35.375000,35.375000,17.537203
1999-06-14,35.812500,35.000000,35.187500,17.444244
1999-06-15,36.187500,35.125000,35.625000,17.661139
1999-06-16,36.250000,35.750000,35.750000,17.723112
1999-06-17,36.312500,35.312500,36.312500,18.001968
1999-06-18,36.187500,35.750000,36.000000,17.847046
1999-06-21,35.875000,35.125000,35.125000,17.413263
1999-06-22,36.687500,35.187500,36.062500,17.878038
1999-06-23,36.312500,35.500000,35.812500,17.754086
1999-06-24,35.750000,35.125000,35.375000,17.537203
1999-06-25,36.625000,35.125000,35.750000,17.723112
1999-06-28,37.562500,35.937500,36.812500,18.249842
1999-06-29,38.500000,37.375000,38.000000,18.838549
1999-06-30,38.937500,37.000000,38.687500,19.179369
1999-07-01,38.937500,37.562500,37.812500,18.745588
1999-07-02,37.937500,37.437500,37.625000,18.652643
1999-07-06,38.187500,37.312500,37.625000,18.652643
1999-07-07,38.312500,37.750000,38.250000,18.962496
1999-07-08,38.687500,37.937500,38.562500,19.117409
1999-07-09,38.687500,38.000000,38.500000,19.086432
1999-07-12,38.750000,38.500000,38.750000,19.210358
1999-07-13,39.312500,38.437500,39.062500,19.365286
1999-07-14,38.812500,38.125000,38.437500,19.055437
1999-07-15,38.750000,38.312500,38.625000,19.148388
1999-07-16,39.250000,38.125000,39.250000,19.458235
1999-07-19,39.562500,38.125000,38.562500,19.117409
1999-07-20,38.937500,38.187500,38.875000,19.272326
1999-07-21,41.500000,39.562500,40.312500,19.984972
1999-07-22,40.562500,39.500000,39.812500,19.737089
1999-07-23,40.375000,39.375000,39.375000,19.520210
1999-07-26,40.062500,39.500000,39.625000,19.644138
1999-07-27,39.937500,39.375000,39.750000,19.706106
1999-07-28,39.937500,39.437500,39.875000,19.768082
1999-07-29,39.687500,38.937500,39.062500,19.365286
1999-07-30,39.375000,38.937500,38.937500,19.303314
1999-08-02,39.250000,38.375000,38.562500,19.117409
1999-08-03,38.687500,38.187500,38.312500,18.993467
1999-08-04,38.937500,38.000000,38.187500,18.931496
1999-08-05,38.625000,38.000000,38.000000,18.838549
1999-08-06,37.750000,36.750000,37.062500,18.373775
1999-08-09,38.562500,37.187500,38.437500,19.055437
1999-08-10,39.187500,38.000000,38.937500,19.303314
1999-08-11,39.250000,38.000000,38.312500,18.993467
1999-08-12,38.937500,38.312500,38.500000,19.086432
1999-08-13,38.875000,37.937500,38.062500,18.869535
1999-08-16,38.500000,37.937500,38.500000,19.086432
1999-08-17,38.437500,36.687500,37.250000,18.466736
1999-08-18,36.687500,35.500000,35.750000,17.723112
1999-08-19,35.750000,35.000000,35.375000,17.537203
1999-08-20,35.625000,35.312500,35.562500,17.630161
1999-08-23,35.812500,35.000000,35.125000,17.413263
1999-08-24,35.187500,34.187500,34.437500,17.072435
1999-08-25,35.875000,34.687500,35.750000,17.723112
1999-08-26,35.625000,35.125000,35.437500,17.568180
1999-08-27,35.687500,35.187500,35.312500,17.506216
1999-08-30,35.000000,34.000000,34.250000,16.979475
1999-08-31,34.312500,33.812500,34.125000,16.917515
1999-09-01,34.187500,33.500000,33.875000,16.793577
1999-09-02,33.937500,33.375000,33.562500,16.638649
1999-09-03,34.875000,34.250000,34.625000,17.165386
1999-09-07,34.812500,33.500000,33.687500,16.700621
1999-09-08,33.875000,32.937500,33.500000,16.674492
1999-09-09,34.000000,33.000000,34.000000,16.923370
1999-09-10,34.000000,33.000000,33.312500,16.581158
1999-09-13,33.187500,32.687500,33.000000,16.425615
1999-09-14,32.687500,32.000000,32.500000,16.176744
1999-09-15,33.625000,32.937500,33.500000,16.674492
1999-09-16,34.062500,33.125000,33.187500,16.518942
1999-09-17,34.062500,33.312500,33.625000,16.736704
1999-09-20,33.937500,33.562500,33.937500,16.892254
1999-09-21,34.062500,32.812500,33.000000,16.425615
1999-09-22,33.000000,32.250000,32.750000,16.301174
1999-09-23,32.562500,31.500000,31.625000,15.741213
1999-09-24,32.375000,30.875000,31.937500,15.896761
1999-09-27,32.625000,32.187500,32.500000,16.176744
1999-09-28,32.250000,31.625000,31.812500,15.834547
1999-09-29,32.062500,30.750000,31.000000,15.430127
1999-09-30,31.250000,30.250000,30.500000,15.181252
1999-10-01,31.375000,30.125000,31.375000,15.616780
1999-10-04,31.812500,30.812500,31.812500,15.834547
1999-10-05,32.312500,31.187500,31.437500,15.647884
1999-10-06,33.437500,32.125000,33.187500,16.518942
1999-10-07,33.500000,32.812500,33.125000,16.487841
1999-10-08,34.812500,33.187500,34.375000,17.110008
1999-10-11,34.875000,34.187500,34.687500,17.265564
1999-10-12,34.812500,34.062500,34.375000,17.110008
1999-10-13,34.562500,33.375000,33.375000,16.612276
1999-10-14,34.000000,33.375000,33.562500,16.705593
1999-10-15,32.812500,32.187500,32.187500,16.021196
1999-10-18,33.062500,32.000000,32.875000,16.363398
1999-10-19,33.875000,33.250000,33.875000,16.861147
1999-10-20,34.375000,33.125000,33.125000,16.487841
1999-10-21,33.375000,32.937500,33.312500,16.581158
1999-10-22,34.312500,33.375000,34.125000,16.985575
1999-10-25,34.687500,33.750000,34.250000,17.047785
1999-10-26,34.500000,33.750000,33.875000,16.861147
1999-10-27,34.125000,33.187500,34.062500,16.954464
1999-10-28,34.750000,34.250000,34.687500,17.265564
1999-10-29,35.125000,34.500000,34.687500,17.265564
1999-11-01,34.562500,33.562500,33.562500,16.705593
1999-11-02,34.312500,33.562500,33.687500,16.767811
1999-11-03,34.312500,33.750000,34.250000,17.047785
1999-11-04,34.562500,32.062500,33.000000,16.425615
1999-11-05,34.062500,33.000000,33.812500,16.830029
1999-11-08,33.937500,33.500000,33.687500,16.767811
1999-11-09,33.750000,32.750000,32.750000,16.301174
1999-11-10,33.062500,32.562500,32.687500,16.270067
1999-11-11,32.812500,32.437500,32.750000,16.301174
1999-11-12,33.125000,32.562500,33.125000,16.487841
1999-11-15,33.125000,32.187500,32.562500,16.207851
1999-11-16,33.750000,32.437500,33.750000,16.798927
1999-11-17,34.625000,33.500000,34.125000,16.985575
1999-11-18,34.625000,34.000000,34.562500,17.203341
1999-11-19,35.125000,34.125000,34.500000,17.172234
1999-11-22,36.625000,34.750000,36.312500,18.074402
1999-11-23,37.125000,35.875000,36.062500,17.949963
1999-11-24,35.937500,35.000000,35.187500,17.514433
1999-11-26,35.375000,34.812500,34.875000,17.358894
1999-11-29,34.937500,34.062500,34.687500,17.265564
1999-11-30,34.937500,34.187500,34.562500,17.203341
1999-12-01,34.812500,34.250000,34.484375,17.164454
1999-12-02,37.000000,34.125000,36.687500,18.261049
1999-12-03,37.750000,36.312500,37.125000,18.478811
1999-12-06,37.437500,36.312500,36.875000,18.354383
1999-12-07,37.312500,36.625000,36.937500,18.385498
1999-12-08,37.437500,36.562500,37.015625,18.491962
1999-12-09,37.250000,35.750000,35.937500,17.953358
1999-12-10,36.937500,36.375000,36.937500,18.452938
1999-12-13,37.437500,35.000000,35.312500,17.641134
1999-12-14,35.625000,34.750000,35.125000,17.547464
1999-12-15,35.062500,34.437500,34.687500,17.328896
1999-12-16,34.562500,33.812500,34.000000,16.985443
1999-12-17,35.125000,34.500000,35.000000,17.485012
1999-12-20,36.000000,34.750000,35.406250,17.687960
1999-12-21,35.437500,34.562500,34.875000,17.422573
1999-12-22,35.375000,34.812500,35.062500,17.516235
1999-12-23,36.000000,35.125000,35.437500,17.703573
1999-12-27,36.437500,35.187500,36.437500,18.203148
1999-12-28,37.125000,36.125000,36.625000,18.296816
1999-12-29,36.750000,35.562500,35.562500,17.766022
1999-12-30,36.125000,35.500000,35.500000,17.734806
1999-12-31,35.687500,35.250000,35.250000,17.609907
2000-01-03,37.375000,35.000000,36.875000,18.421721
2000-01-04,37.562500,35.750000,35.937500,17.953358
2000-01-05,36.312500,34.875000,35.062500,17.516235
2000-01-06,36.875000,34.500000,36.625000,18.296816
2000-01-07,38.625000,36.687500,37.625000,18.796385
2000-01-10,38.187500,36.625000,36.875000,18.421721
2000-01-11,37.625000,36.625000,36.750000,18.359257
2000-01-12,37.250000,36.312500,36.312500,18.140699
2000-01-13,36.625000,35.937500,35.937500,17.953358
2000-01-14,36.812500,35.937500,36.187500,18.078253
2000-01-18,37.000000,35.562500,36.250000,18.109474
2000-01-19,36.875000,35.937500,36.437500,18.203148
2000-01-20,36.437500,36.000000,36.125000,18.047020
2000-01-21,36.437500,35.750000,36.125000,18.047020
2000-01-24,36.375000,34.812500,35.312500,17.641134
2000-01-25,35.375000,33.875000,34.312500,17.141552
2000-01-26,34.937500,33.750000,33.937500,16.954218
2000-01-27,34.312500,33.250000,33.812500,16.891764
2000-01-28,34.000000,33.187500,33.250000,16.610760
2000-01-31,34.375000,33.250000,34.125000,17.047890
2000-02-01,34.312500,33.687500,34.000000,16.985443
2000-02-02,33.937500,32.937500,33.000000,16.485867
2000-02-03,33.375000,32.625000,33.062500,16.517092
2000-02-04,34.125000,32.625000,32.750000,16.360973
2000-02-07,33.187500,32.250000,32.375000,16.173643
2000-02-08,33.750000,33.000000,33.312500,16.641983
2000-02-09,35.125000,33.750000,34.000000,16.985443
2000-02-10,34.875000,34.062500,34.625000,17.297684
2000-02-11,35.125000,34.000000,34.375000,17.172787
2000-02-14,34.500000,33.937500,34.062500,17.016665
2000-02-15,34.875000,34.000000,34.187500,17.079103
2000-02-16,34.812500,33.937500,34.000000,16.985443
2000-02-17,34.812500,34.250000,34.312500,17.141552
2000-02-18,34.750000,33.937500,34.250000,17.110325
2000-02-22,34.875000,34.125000,34.687500,17.328896
2000-02-23,34.750000,34.000000,34.187500,17.079103
2000-02-24,34.375000,33.187500,34.000000,16.985443
2000-02-25,34.375000,32.687500,32.750000,16.360973
2000-02-28,33.875000,32.750000,33.250000,16.610760
2000-02-29,33.062500,32.125000,32.125000,16.048744
2000-03-01,32.937500,31.875000,32.562500,16.267303
2000-03-02,32.875000,31.562500,31.562500,15.767735
2000-03-03,32.500000,31.312500,31.625000,15.798954
2000-03-06,31.437500,30.687500,31.000000,15.486719
2000-03-07,31.500000,29.687500,30.625000,15.299378
2000-03-08,31.500000,30.062500,30.500000,15.304406
2000-03-09,31.750000,30.625000,31.375000,15.743470
2000-03-10,31.375000,30.500000,30.750000,15.429852
2000-03-13,31.187500,30.125000,31.125000,15.618017
2000-03-14,30.750000,30.125000,30.687500,15.398489
2000-03-15,33.187500,30.312500,33.187500,16.652943
2000-03-16,34.187500,32.250000,34.062500,17.092001
2000-03-17,33.937500,32.812500,33.000000,16.558867
2000-03-20,33.625000,32.250000,33.250000,16.684313
2000-03-21,34.312500,32.625000,34.312500,17.217453
2000-03-22,34.375000,32.750000,33.500000,16.809752
2000-03-23,34.000000,32.750000,33.500000,16.809752
2000-03-24,33.500000,32.562500,32.937500,16.527508
2000-03-27,32.937500,31.562500,32.359375,16.237406
2000-03-28,33.125000,31.562500,32.500000,16.307974
2000-03-29,33.687500,32.375000,33.250000,16.684313
2000-03-30,35.937500,33.812500,35.937500,18.032850
2000-03-31,36.062500,34.562500,34.875000,17.499718
2000-04-03,36.375000,34.625000,36.125000,18.126944
2000-04-04,37.250000,35.437500,36.437500,18.283743
2000-04-05,37.375000,36.500000,36.750000,18.440552
2000-04-06,37.312500,36.125000,36.812500,18.471910
2000-04-07,36.562500,35.312500,36.000000,18.064217
2000-04-10,36.937500,35.875000,36.250000,18.189659
2000-04-11,37.187500,36.062500,37.062500,18.597361
2000-04-12,37.875000,36.250000,37.250000,18.691446
2000-04-13,36.937500,36.250000,36.437500,18.283743
2000-04-14,36.687500,35.500000,36.437500,18.283743
2000-04-17,36.625000,34.625000,36.625000,18.377831
2000-04-18,36.250000,35.000000,35.937500,18.032850
2000-04-19,36.375000,34.812500,35.312500,17.719240
2000-04-20,37.500000,35.937500,37.187500,18.660074
2000-04-24,38.312500,36.625000,37.875000,19.005060
2000-04-25,37.750000,37.000000,37.437500,18.785530
2000-04-26,38.125000,37.125000,37.750000,18.942320
2000-04-27,37.562500,36.750000,37.437500,18.785530
2000-04-28,36.875000,36.187500,36.687500,18.409195
2000-05-01,37.250000,36.125000,37.000000,18.565992
2000-05-02,37.687500,36.187500,37.500000,18.816896
2000-05-03,37.812500,37.062500,37.562500,18.848255
2000-05-04,37.687500,36.625000,36.687500,18.409195
2000-05-05,37.687500,36.250000,37.500000,18.816896
2000-05-08,37.937500,37.375000,37.937500,19.036423
2000-05-09,38.375000,37.312500,37.687500,18.910986
2000-05-10,39.312500,38.000000,39.187500,19.663645
2000-05-11,40.000000,38.000000,40.000000,20.071339
2000-05-12,39.500000,38.562500,39.500000,19.820459
2000-05-15,39.875000,38.750000,39.375000,19.757730
2000-05-16,39.750000,38.625000,39.125000,19.632292
2000-05-17,39.312500,38.375000,39.000000,19.569567
2000-05-18,39.875000,39.000000,39.515625,19.828300
2000-05-19,39.625000,39.000000,39.250000,19.695011
2000-05-22,40.125000,38.562500,39.750000,19.945904
2000-05-23,39.562500,38.812500,39.437500,19.789099
2000-05-24,40.812500,39.812500,40.750000,20.447687
2000-05-25,40.000000,38.875000,39.937500,20.039988
2000-05-26,41.000000,39.500000,41.000000,20.573149
2000-05-30,41.000000,39.812500,41.000000,20.573149
2000-05-31,41.125000,40.562500,40.687500,20.416323
2000-06-01,41.250000,39.812500,40.062500,20.102715
2000-06-02,40.750000,39.812500,40.312500,20.228153
2000-06-05,40.125000,39.312500,39.500000,19.820459
2000-06-06,41.187500,39.625000,41.000000,20.573149
2000-06-07,41.812500,40.375000,41.312500,20.800972
2000-06-08,42.437500,41.000000,42.437500,21.367409
2000-06-09,42.500000,41.062500,41.250000,20.769499
2000-06-12,42.437500,41.500000,41.968750,21.131392
2000-06-13,43.000000,42.250000,42.812500,21.556217
2000-06-14,43.750000,42.687500,43.500000,21.902380
2000-06-15,43.937500,42.875000,43.375000,21.839437
2000-06-16,43.937500,43.625000,43.750000,22.028255
2000-06-19,44.125000,43.562500,43.687500,21.996778
2000-06-20,43.125000,41.125000,41.125000,20.706554
2000-06-21,42.562500,40.875000,42.250000,21.273006
2000-06-22,42.750000,41.562500,41.937500,21.115654
2000-06-23,42.187500,41.375000,42.062500,21.178602
2000-06-26,43.750000,42.375000,43.562500,21.933851
2000-06-27,44.062500,42.812500,43.437500,21.870913
2000-06-28,43.875000,42.187500,43.406250,21.855179
2000-06-29,43.500000,42.562500,42.750000,21.524748
2000-06-30,44.546875,41.625000,44.437500,22.374420
2000-07-03,44.000000,42.875000,43.000000,21.650625
2000-07-05,43.812500,42.750000,43.375000,21.839437
2000-07-06,44.187500,43.000000,43.875000,22.091196
2000-07-07,43.000000,42.062500,42.437500,21.367409
2000-07-10,41.687500,40.500000,40.937500,20.612158
2000-07-11,41.000000,40.250000,40.625000,20.454819
2000-07-12,40.687500,39.687500,39.750000,20.014246
2000-07-13,41.687500,39.812500,40.375000,20.328920
2000-07-14,42.062500,40.125000,41.687500,20.989784
2000-07-17,43.187500,41.312500,42.875000,21.587694
2000-07-18,43.625000,42.687500,43.000000,21.650625
2000-07-19,44.312500,43.125000,43.375000,21.839437
2000-07-20,44.375000,43.687500,43.750000,22.028255
2000-07-21,44.375000,43.750000,44.250000,22.280003
2000-07-24,44.187500,43.562500,43.625000,21.965321
2000-07-25,44.875000,43.437500,44.125000,22.217068
2000-07-26,44.625000,43.812500,43.812500,22.059725
2000-07-27,44.625000,43.812500,44.312500,22.311476
2000-07-28,45.250000,44.125000,44.750000,22.531761
2000-07-31,46.250000,43.750000,45.812500,23.066730
2000-08-01,46.187500,45.000000,45.875000,23.098196
2000-08-02,45.875000,44.875000,45.625000,22.972317
2000-08-03,45.875000,45.000000,45.125000,22.720577
2000-08-04,45.500000,44.750000,45.062500,22.689102
2000-08-07,45.000000,44.562500,44.625000,22.468819
2000-08-08,45.437500,44.250000,44.437500,22.374420
2000-08-09,44.687500,43.875000,44.000000,22.154137
2000-08-10,45.250000,44.000000,45.062500,22.689102
2000-08-11,46.312500,45.187500,45.812500,23.066730
2000-08-14,47.062500,45.750000,47.000000,23.664639
2000-08-15,46.750000,45.937500,45.937500,23.129665
2000-08-16,44.500000,42.625000,44.000000,22.154137
2000-08-17,44.062500,43.062500,43.484375,21.894510
2000-08-18,44.250000,43.062500,43.875000,22.091196
2000-08-21,44.437500,44.062500,44.312500,22.311476
2000-08-22,44.187500,43.062500,43.250000,21.776501
2000-08-23,43.687500,43.062500,43.343750,21.823706
2000-08-24,44.062500,43.250000,43.500000,21.902380
2000-08-25,43.437500,42.562500,42.750000,21.524748
2000-08-28,44.000000,42.750000,43.312500,21.807966
2000-08-29,43.125000,42.500000,42.500000,21.398878
2000-08-30,42.750000,41.687500,41.937500,21.115654
2000-08-31,42.812500,41.187500,42.640625,21.469675
2000-09-01,42.562500,42.062500,42.312500,21.304474
2000-09-05,43.375000,41.750000,42.750000,21.524748
2000-09-06,42.500000,41.312500,41.937500,21.185041
2000-09-07,43.625000,42.000000,43.187500,21.816483
2000-09-08,43.250000,42.250000,42.562500,21.500763
2000-09-11,43.437500,42.062500,42.750000,21.595480
2000-09-12,44.250000,42.750000,43.875000,22.163773
2000-09-13,44.812500,43.687500,44.687500,22.574217
2000-09-14,44.312500,43.125000,44.125000,22.290054
2000-09-15,44.750000,43.375000,43.750000,22.100628
2000-09-18,44.250000,43.437500,44.000000,22.226921
2000-09-19,44.375000,43.375000,43.890625,22.171673
2000-09-20,43.375000,41.625000,41.625000,21.027163
2000-09-21,43.937500,42.062500,43.375000,21.911196
2000-09-22,45.875000,44.500000,45.375000,22.921509
2000-09-25,45.312500,44.187500,44.812500,22.637354
2000-09-26,45.125000,44.000000,44.437500,22.447924
2000-09-27,45.937500,44.437500,45.500000,22.984653
2000-09-28,45.875000,45.000000,45.250000,22.858366
2000-09-29,47.125000,45.437500,46.000000,23.237240
2000-10-02,47.750000,46.375000,47.375000,23.931826
2000-10-03,48.437500,45.500000,46.000000,23.237240
2000-10-04,45.687500,44.437500,45.125000,22.795223
2000-10-05,46.062500,45.125000,45.812500,23.142521
2000-10-06,46.625000,45.625000,46.375000,23.426674
2000-10-09,47.562500,46.562500,47.062500,23.773962
2000-10-10,48.000000,46.812500,47.375000,23.931826
2000-10-11,48.000000,46.312500,46.812500,23.647678
2000-10-12,47.875000,46.125000,47.875000,24.184420
2000-10-13,46.750000,44.375000,45.500000,22.984653
2000-10-16,47.125000,45.625000,46.625000,23.552959
2000-10-17,47.437500,46.562500,47.125000,23.805538
2000-10-18,48.062500,45.812500,47.937500,24.215979
2000-10-19,47.937500,45.187500,47.812500,24.152840
2000-10-20,47.437500,45.437500,46.562500,23.521383
2000-10-23,47.437500,46.125000,46.750000,23.616100
2000-10-24,46.562500,45.562500,46.125000,23.300383
2000-10-25,48.500000,46.562500,48.500000,24.500132
2000-10-26,47.437500,46.125000,47.000000,23.742388
2000-10-27,48.125000,46.500000,48.125000,24.310692
2000-10-30,49.250000,47.187500,49.125000,24.815855
2000-10-31,48.687500,47.125000,48.437500,24.468567
2000-11-01,48.937500,47.812500,48.000000,24.247543
2000-11-02,48.500000,46.125000,47.062500,23.773962
2000-11-03,45.937500,44.750000,45.812500,23.142521
2000-11-06,47.812500,45.750000,47.500000,23.994974
2000-11-07,47.437500,46.625000,47.125000,23.805538
2000-11-08,47.625000,46.812500,47.375000,23.931826
2000-11-09,49.312500,47.437500,49.000000,24.752701
2000-11-10,49.437500,47.500000,48.812500,24.657986
2000-11-13,49.312500,48.000000,48.187500,24.342257
2000-11-14,48.187500,47.375000,47.812500,24.152840
2000-11-15,47.437500,45.812500,46.562500,23.521383
2000-11-16,47.250000,44.312500,44.312500,22.384794
2000-11-17,44.625000,43.750000,43.937500,22.195343
2000-11-20,45.437500,44.062500,45.000000,22.732065
2000-11-21,46.937500,45.312500,46.500000,23.489826
2000-11-22,45.625000,43.562500,44.750000,22.605783
2000-11-24,44.875000,44.437500,44.500000,22.479506
2000-11-27,45.312500,43.312500,44.375000,22.416361
2000-11-28,45.625000,44.250000,45.125000,22.795223
2000-11-29,45.812500,44.937500,45.375000,22.921509
2000-11-30,46.312500,44.312500,45.375000,22.921509
2000-12-01,45.875000,41.500000,42.375000,21.406040
2000-12-04,45.000000,41.875000,43.812500,22.132208
2000-12-05,44.375000,43.250000,44.187500,22.321638
2000-12-06,45.437500,43.937500,45.312500,22.962702
2000-12-07,47.750000,44.375000,46.937500,23.786182
2000-12-08,47.875000,46.687500,47.437500,24.039564
2000-12-11,47.437500,46.750000,47.062500,23.849533
2000-12-12,47.625000,46.687500,47.375000,24.007896
2000-12-13,48.687500,47.312500,48.437500,24.546339
2000-12-14,49.937500,47.875000,49.750000,25.211447
2000-12-15,49.687500,48.500000,48.812500,24.736364
2000-12-18,49.437500,47.750000,49.312500,24.989744
2000-12-19,49.750000,49.000000,49.187500,24.926414
2000-12-20,49.625000,47.812500,48.875000,24.768044
2000-12-21,49.750000,48.500000,48.750000,24.704685
2000-12-22,49.000000,47.562500,48.625000,24.641344
2000-12-26,49.250000,48.250000,48.875000,24.768044
2000-12-27,49.500000,48.687500,48.875000,24.768044
2000-12-28,48.875000,47.875000,48.750000,24.704685
2000-12-29,49.562500,48.562500,49.562500,25.116430
2001-01-02,49.500000,48.750000,49.375000,25.021418
2001-01-03,49.375000,46.375000,46.500000,23.564474
2001-01-04,46.500000,43.250000,44.375000,22.487608
2001-01-05,45.937500,44.375000,45.312500,22.962702
2001-01-08,46.500000,45.250000,46.062500,23.342766
2001-01-09,47.187500,45.937500,46.750000,23.691162
2001-01-10,46.812500,45.750000,46.000000,23.311089
2001-01-11,46.500000,45.375000,46.062500,23.342766
2001-01-12,46.125000,45.375000,45.687500,23.152731
2001-01-16,46.125000,45.375000,45.937500,23.279415
2001-01-17,46.250000,45.125000,45.375000,22.994373
2001-01-18,45.750000,45.000000,45.000000,22.804337
2001-01-19,44.875000,43.625000,43.812500,22.202557
2001-01-22,44.062500,43.000000,43.812500,22.202557
2001-01-23,44.312500,42.625000,43.187500,21.885828
2001-01-24,43.625000,42.250000,42.750000,21.664114
2001-01-25,43.937500,42.250000,43.750000,22.170879
2001-01-26,44.875000,43.750000,44.062500,22.329243
2001-01-29,44.500000,43.529999,43.650002,22.120211
2001-01-30,44.709999,43.200001,44.520000,22.561087
2001-01-31,44.849998,43.529999,44.070000,22.333042
2001-02-01,44.070000,42.750000,43.669998,22.130341
2001-02-02,45.000000,43.200001,44.990002,22.799271
2001-02-05,45.250000,44.250000,44.970001,22.789129
2001-02-06,45.650002,44.900002,45.259998,22.936094
2001-02-07,47.480000,45.349998,46.990002,23.812794
2001-02-08,47.000000,46.250000,46.849998,23.741837
2001-02-09,47.200001,46.020000,46.200001,23.412432
2001-02-12,47.099998,46.049999,46.950001,23.792521
2001-02-13,47.169998,46.009998,47.150002,23.893875
2001-02-14,47.349998,46.340000,46.700001,23.665844
2001-02-15,46.849998,46.250000,46.849998,23.741837
2001-02-16,47.439999,46.860001,47.320000,23.980019
2001-02-20,48.790001,47.419998,48.500000,24.578011
2001-02-21,47.740002,46.900002,47.250000,23.944548
2001-02-22,47.080002,45.799999,46.549999,23.589813
2001-02-23,47.009998,45.400002,46.380001,23.503668
2001-02-26,46.419998,45.540001,46.279999,23.452991
2001-02-27,46.639999,45.660000,46.060001,23.341501
2001-02-28,46.470001,45.500000,46.080002,23.351633
2001-03-01,46.150002,45.080002,45.810001,23.214821
2001-03-02,45.860001,44.700001,44.849998,22.728315
2001-03-05,45.840000,45.020000,45.619999,23.118515
2001-03-06,47.000000,45.130001,45.810001,23.214821
2001-03-07,47.099998,45.750000,46.020000,23.392723
2001-03-08,46.930000,45.900002,46.900002,23.840040
2001-03-09,46.900002,46.150002,46.400002,23.585888
2001-03-12,46.450001,45.400002,45.549999,23.153816
2001-03-13,45.400002,44.060001,44.849998,22.797987
2001-03-14,45.200001,43.400002,44.270000,22.503166
2001-03-15,44.509998,42.500000,44.029999,22.381166
2001-03-16,43.500000,42.750000,42.990002,21.852514
2001-03-19,42.990002,42.180000,42.680000,21.694942
2001-03-20,42.799999,41.270000,41.619999,21.156122
2001-03-21,42.250000,40.250000,42.009998,21.354364
2001-03-22,42.700001,41.330002,42.599998,21.654270
2001-03-23,44.049999,41.509998,43.849998,22.289677
2001-03-26,44.130001,42.950001,43.799999,22.264261
2001-03-27,44.099998,42.880001,44.040001,22.386253
2001-03-28,43.950001,42.250000,43.080002,21.898270
2001-03-29,43.700001,41.500000,43.250000,21.984674
2001-03-30,43.950001,42.700001,43.950001,22.340502
2001-04-02,44.950001,43.689999,44.049999,22.391327
2001-04-03,44.000000,42.750000,43.080002,21.898270
2001-04-04,44.000000,42.500000,43.900002,22.315094
2001-04-05,44.740002,43.650002,44.099998,22.416758
2001-04-06,43.750000,42.000000,42.000000,21.349291
2001-04-09,42.990002,41.270000,41.500000,21.095116
2001-04-10,42.500000,41.599998,42.150002,21.425541
2001-04-11,42.020000,40.900002,41.389999,21.039219
2001-04-12,41.970001,41.349998,41.910000,21.303541
2001-04-16,43.000000,41.779999,42.200001,21.450960
2001-04-17,42.599998,42.020000,42.270000,21.486540
2001-04-18,43.200001,41.860001,42.060001,21.379799
2001-04-19,42.500000,41.900002,42.470001,21.588196
2001-04-20,42.049999,41.090000,41.259998,20.973129
2001-04-23,42.439999,41.799999,42.270000,21.486540
2001-04-24,43.450001,42.599998,43.150002,21.933859
2001-04-25,44.439999,43.400002,44.070000,22.401503
2001-04-26,44.910000,44.160000,44.900002,22.823406
2001-04-27,44.959999,44.000000,44.099998,22.416758
2001-04-30,44.650002,43.700001,43.810001,22.269335
2001-05-01,44.970001,43.650002,44.650002,22.696323
2001-05-02,44.750000,44.099998,44.310001,22.523508
2001-05-03,44.730000,43.590000,44.240002,22.487917
2001-05-04,44.700001,44.000000,44.680000,22.711573
2001-05-07,44.980000,44.310001,44.939999,22.843746
2001-05-08,45.980000,44.630001,44.990002,22.869160
2001-05-09,46.000000,44.919998,45.540001,23.148727
2001-05-10,46.610001,45.299999,46.470001,23.621464
2001-05-11,46.610001,45.599998,46.169998,23.468966
2001-05-14,46.400002,45.900002,46.150002,23.458807
2001-05-15,46.150002,44.599998,45.000000,22.874241
2001-05-16,45.599998,44.509998,45.259998,23.006403
2001-05-17,45.490002,44.349998,44.930000,22.838657
2001-05-18,45.029999,44.419998,44.980000,22.864077
2001-05-21,44.990002,44.250000,44.930000,22.838657
2001-05-22,45.000000,43.880001,43.980000,22.355759
2001-05-23,45.000000,43.849998,44.750000,22.747175
2001-05-24,45.000000,44.299999,44.970001,22.858990
2001-05-25,45.240002,44.549999,44.810001,22.777662
2001-05-29,45.150002,44.599998,44.919998,22.833569
2001-05-30,45.700001,44.900002,45.590000,23.174139
2001-05-31,45.750000,44.590000,44.759998,22.752251
2001-06-01,44.950001,44.500000,44.810001,22.777662
2001-06-04,45.049999,44.529999,44.919998,22.833569
2001-06-05,45.680000,44.799999,45.599998,23.179235
2001-06-06,45.340000,44.450001,44.599998,22.743229
2001-06-07,44.860001,44.000000,44.310001,22.595348
2001-06-08,44.689999,44.139999,44.500000,22.692240
2001-06-11,44.400002,43.910000,44.020000,22.447458
2001-06-12,44.320000,43.360001,44.220001,22.549458
2001-06-13,44.389999,43.720001,44.320000,22.600454
2001-06-14,44.160000,43.599998,43.779999,22.325071
2001-06-15,43.700001,43.080002,43.259998,22.059916
2001-06-18,43.619999,43.119999,43.360001,22.110912
2001-06-19,43.939999,43.200001,43.709999,22.289389
2001-06-20,44.240002,43.619999,44.060001,22.467869
2001-06-21,45.419998,44.049999,45.169998,23.033895
2001-06-22,45.700001,45.000000,45.320000,23.110390
2001-06-25,45.490002,44.200001,44.880001,22.886019
2001-06-26,44.980000,44.270000,44.830002,22.860519
2001-06-27,45.680000,44.360001,45.369999,23.135889
2001-06-28,45.820000,45.080002,45.590000,23.248056
2001-06-29,45.230000,43.549999,44.200001,22.539265
2001-07-02,45.400002,44.299999,45.189999,23.044094
2001-07-03,45.650002,44.549999,45.619999,23.263365
2001-07-05,45.500000,44.880001,44.970001,22.931900
2001-07-06,45.139999,44.750000,44.889999,22.891121
2001-07-09,45.250000,44.799999,45.230000,23.064489
2001-07-10,45.430000,45.119999,45.230000,23.064489
2001-07-11,45.400002,45.020000,45.090000,22.993097
2001-07-12,45.599998,44.930000,45.549999,23.227667
2001-07-13,45.900002,45.250000,45.439999,23.171577
2001-07-16,46.650002,45.500000,45.990002,23.452053
2001-07-17,46.299999,45.639999,46.150002,23.533642
2001-07-18,46.990002,46.209999,46.990002,23.961985
2001-07-19,47.650002,46.099998,46.470001,23.696817
2001-07-20,46.360001,45.529999,46.240002,23.579538
2001-07-23,46.180000,44.900002,45.049999,22.972696
2001-07-24,44.939999,44.389999,44.619999,22.753437
2001-07-25,45.959999,44.599998,45.799999,23.355162
2001-07-26,45.919998,45.099998,45.730000,23.319460
2001-07-27,46.180000,45.389999,45.669998,23.288864
2001-07-30,46.200001,45.630001,46.099998,23.508137
2001-07-31,46.930000,46.119999,46.630001,23.778402
2001-08-01,46.639999,43.599998,43.689999,22.279181
2001-08-02,44.950001,44.220001,44.450001,22.666744
2001-08-03,44.790001,43.910000,44.439999,22.661646
2001-08-06,44.650002,43.779999,44.000000,22.437267
2001-08-07,44.549999,43.939999,44.490002,22.687140
2001-08-08,45.110001,44.299999,44.630001,22.758526
2001-08-09,45.500000,44.799999,45.330002,23.115490
2001-08-10,45.889999,45.250000,45.660000,23.283766
2001-08-13,45.910000,44.980000,45.049999,22.972696
2001-08-14,45.770000,45.340000,45.549999,23.227667
2001-08-15,45.750000,44.500000,45.560001,23.232765
2001-08-16,46.040001,45.400002,45.950001,23.431643
2001-08-17,45.950001,45.419998,45.680000,23.293966
2001-08-20,46.599998,45.700001,46.509998,23.717207
2001-08-21,46.540001,45.730000,46.049999,23.482645
2001-08-22,47.000000,45.959999,46.930000,23.931385
2001-08-23,47.500000,46.459999,47.250000,24.094576
2001-08-24,47.570000,46.959999,47.099998,24.018064
2001-08-27,47.000000,46.580002,46.880001,23.905886
2001-08-28,47.090000,46.570000,46.610001,23.768211
2001-08-29,46.990002,46.509998,46.990002,23.961985
2001-08-30,47.709999,46.950001,47.279999,24.109863
2001-08-31,47.529999,46.790001,47.000000,23.967081
2001-09-04,47.939999,47.020000,47.299999,24.120066
2001-09-05,47.889999,46.830002,47.799999,24.449986
2001-09-06,47.580002,46.919998,47.099998,24.091934
2001-09-07,47.990002,46.759998,47.400002,24.245386
2001-09-10,47.500000,46.549999,46.900002,23.989634
2001-09-17,47.990002,46.259998,47.900002,24.501133
2001-09-18,49.799999,48.000000,49.500000,25.319544
2001-09-19,49.590000,48.369999,49.590000,25.365576
2001-09-20,49.279999,48.049999,48.759998,24.941034
2001-09-21,48.000000,45.759998,47.000000,24.040779
2001-09-24,47.540001,46.750000,47.400002,24.245386
2001-09-25,48.099998,47.009998,48.000000,24.552288
2001-09-26,48.240002,47.160000,48.169998,24.639252
2001-09-27,48.970001,47.919998,48.889999,25.007521
2001-09-28,49.240002,48.049999,48.500000,24.808046
2001-10-01,49.080002,48.590000,48.939999,25.033100
2001-10-02,49.349998,48.750000,49.349998,25.242805
2001-10-03,49.200001,48.650002,49.080002,25.104713
2001-10-04,49.240002,48.610001,48.650002,24.884766
2001-10-05,48.900002,48.060001,48.849998,24.987064
2001-10-08,49.200001,48.400002,48.619999,24.869423
2001-10-09,49.209999,48.430000,48.930000,25.027983
2001-10-10,49.950001,48.459999,49.889999,25.519035
2001-10-11,50.000000,48.860001,49.000000,25.063803
2001-10-12,48.500000,47.139999,47.779999,24.439751
2001-10-15,48.000000,47.320000,47.900002,24.501133
2001-10-16,48.049999,47.099998,47.919998,24.511358
2001-10-17,48.570000,47.500000,48.160000,24.634130
2001-10-18,48.490002,47.270000,47.549999,24.322113
2001-10-19,47.529999,46.869999,47.320000,24.204462
2001-10-22,47.950001,47.150002,47.700001,24.398842
2001-10-23,48.099998,47.520000,47.900002,24.501133
2001-10-24,48.349998,47.959999,48.250000,24.680166
2001-10-25,48.470001,47.709999,48.400002,24.756893
2001-10-26,48.939999,48.060001,48.700001,24.910343
2001-10-29,48.930000,48.080002,48.150002,24.629005
2001-10-30,48.759998,48.020000,48.750000,24.935919
2001-10-31,48.950001,48.250000,48.709999,24.915453
2001-11-01,48.619999,47.750000,48.490002,24.802933
2001-11-02,49.049999,48.020000,49.000000,25.063803
2001-11-05,49.049999,48.049999,48.610001,24.864298
2001-11-06,48.900002,47.740002,48.740002,24.930792
2001-11-07,48.959999,48.310001,48.869999,24.997284
2001-11-08,49.500000,48.599998,49.029999,25.079140
2001-11-09,49.349998,48.660000,49.200001,25.166088
2001-11-12,49.349998,48.650002,49.020000,25.074018
2001-11-13,49.470001,48.799999,49.439999,25.288849
2001-11-14,50.430000,49.240002,50.279999,25.718513
2001-11-15,50.459999,49.750000,50.220001,25.687838
2001-11-16,50.320000,49.630001,49.759998,25.452547
2001-11-19,50.150002,49.099998,49.919998,25.534367
2001-11-20,50.000000,49.459999,49.680000,25.411623
2001-11-21,49.619999,49.000000,49.330002,25.232586
2001-11-23,49.520000,49.020000,49.400002,25.268398
2001-11-26,49.500000,48.349998,48.990002,25.058674
2001-11-27,48.959999,48.160000,48.439999,24.777346
2001-11-28,48.700001,48.020000,48.450001,24.782467
2001-11-29,49.349998,48.049999,48.529999,24.823387
2001-11-30,48.799999,48.200001,48.630001,24.874538
2001-12-03,48.959999,48.340000,48.779999,24.951265
2001-12-04,49.040001,48.320000,48.470001,24.792696
2001-12-05,48.700001,47.750000,48.299999,24.779863
2001-12-06,47.849998,46.980000,47.480000,24.359179
2001-12-07,47.599998,47.000000,47.599998,24.420746
2001-12-10,47.590000,46.900002,46.980000,24.102655
2001-12-11,47.150002,46.450001,46.599998,23.907690
2001-12-12,47.500000,46.630001,47.090000,24.159092
2001-12-13,47.990002,46.750000,47.230000,24.230913
2001-12-14,47.869999,47.020000,47.490002,24.364302
2001-12-17,47.799999,46.910000,47.400002,24.318130
2001-12-18,47.560001,46.959999,47.380001,24.307871
2001-12-19,49.610001,48.599998,49.380001,25.333958
2001-12-20,49.669998,48.860001,49.099998,25.190310
2001-12-21,49.799999,48.650002,49.119999,25.200562
2001-12-24,49.299999,48.660000,49.250000,25.267252
2001-12-26,49.740002,48.900002,49.450001,25.369852
2001-12-27,49.599998,49.099998,49.400002,25.344223
2001-12-28,49.650002,48.900002,49.049999,25.164644
2001-12-31,49.450001,48.689999,48.689999,24.979956
2002-01-02,49.299999,47.950001,49.150002,25.215960
2002-01-03,49.369999,48.400002,48.790001,25.031258
2002-01-04,48.980000,48.020000,48.360001,24.810637
2002-01-07,48.349998,47.750000,48.080002,24.666996
2002-01-08,48.349998,47.639999,47.799999,24.523348
2002-01-09,48.060001,47.509998,47.610001,24.425861
2002-01-10,48.389999,47.720001,48.150002,24.702911
2002-01-11,48.610001,48.220001,48.450001,24.856829
2002-01-14,48.990002,48.169998,48.270000,24.764471
2002-01-15,48.889999,48.349998,48.619999,24.944042
2002-01-16,49.099998,48.580002,48.630001,24.949175
2002-01-17,48.980000,48.299999,48.610001,24.938913
2002-01-18,49.450001,48.500000,49.110001,25.195442
2002-01-22,49.570000,49.119999,49.419998,25.354473
2002-01-23,49.840000,49.119999,49.410000,25.349350
2002-01-24,49.860001,49.250000,49.599998,25.446817
2002-01-25,49.689999,48.759998,49.119999,25.200562
2002-01-28,49.250000,48.270000,48.630001,24.949175
2002-01-29,48.860001,47.430000,47.549999,24.395090
2002-01-30,48.900002,47.849998,48.669998,24.969700
2002-01-31,50.119999,48.970001,50.090000,25.698221
2002-02-01,50.119999,49.509998,50.119999,25.713610
2002-02-04,50.490002,49.610001,50.299999,25.805941
2002-02-05,51.090000,49.919998,50.810001,26.067600
2002-02-06,49.549999,48.189999,49.099998,25.190310
2002-02-07,49.340000,48.330002,48.599998,24.933779
2002-02-08,48.650002,47.599998,48.570000,24.918400
2002-02-11,49.060001,48.509998,48.919998,25.097954
2002-02-12,49.150002,48.770000,49.020000,25.149256
2002-02-13,49.700001,48.880001,49.619999,25.457081
2002-02-14,49.849998,49.000000,49.410000,25.349350
2002-02-15,50.080002,49.090000,49.880001,25.590483
2002-02-19,49.730000,49.150002,49.470001,25.380123
2002-02-20,50.000000,48.400002,49.919998,25.610996
2002-02-21,49.880001,49.230000,49.480000,25.385265
2002-02-22,50.599998,49.700001,50.200001,25.754650
2002-02-25,50.880001,49.959999,50.630001,25.975252
2002-02-26,51.090000,50.200001,50.430000,25.872631
2002-02-27,51.200001,50.209999,50.619999,25.970125
2002-02-28,50.939999,50.349998,50.500000,25.908552
2002-03-01,51.430000,50.500000,51.250000,26.293331
2002-03-04,51.470001,50.320000,50.990002,26.159950
2002-03-05,50.700001,49.700001,50.389999,25.852106
2002-03-06,50.369999,49.529999,49.880001,25.664328
2002-03-07,50.130001,48.869999,49.480000,25.458513
2002-03-08,50.340000,49.180000,49.529999,25.484234
2002-03-11,49.709999,49.250000,49.500000,25.468803
2002-03-12,49.959999,49.250000,49.930000,25.690044
2002-03-13,50.259998,49.480000,49.570000,25.504827
2002-03-14,50.509998,49.730000,50.119999,25.787813
2002-03-15,51.049999,50.400002,50.869999,26.173697
2002-03-18,51.189999,50.299999,50.709999,26.091383
2002-03-19,51.480000,50.549999,51.240002,26.364086
2002-03-20,51.250000,50.549999,50.549999,26.009052
2002-03-21,50.599998,50.110001,50.410000,25.937027
2002-03-22,51.110001,50.160000,50.900002,26.189135
2002-03-25,51.840000,51.070000,51.279999,26.384649
2002-03-26,51.990002,50.900002,51.950001,26.729380
2002-03-27,51.889999,51.049999,51.049999,26.266312
2002-03-28,51.700001,50.849998,51.500000,26.497866
2002-04-01,51.700001,50.900002,51.430000,26.461838
2002-04-02,51.500000,50.500000,50.619999,26.045067
2002-04-03,50.730000,49.880001,49.970001,25.710629
2002-04-04,50.630001,50.150002,50.430000,25.947306
2002-04-05,50.759998,50.349998,50.610001,26.039917
2002-04-08,51.119999,50.320000,50.810001,26.142826
2002-04-09,51.490002,50.529999,51.430000,26.461838
2002-04-10,52.419998,51.320000,52.290001,26.904327
2002-04-11,52.500000,51.689999,51.860001,26.683067
2002-04-12,52.299999,51.250000,51.900002,26.703657
2002-04-15,51.900002,51.110001,51.220001,26.353785
2002-04-16,52.169998,51.250000,51.959999,26.734526
2002-04-17,52.389999,51.709999,51.910000,26.708803
2002-04-18,52.200001,51.200001,51.810001,26.657345
2002-04-19,53.160000,52.029999,53.119999,27.331375
2002-04-22,53.240002,52.610001,52.830002,27.182159
2002-04-23,53.040001,52.020000,52.200001,26.858017
2002-04-24,53.500000,52.349998,52.930000,27.233622
2002-04-25,52.950001,52.220001,52.450001,26.986645
2002-04-26,52.930000,51.840000,52.230000,26.873447
2002-04-29,52.700001,51.750000,52.310001,26.914608
2002-04-30,53.049999,51.860001,51.900002,26.703657
2002-05-01,53.009998,51.700001,52.919998,27.228460
2002-05-02,53.230000,52.349998,53.070000,27.305645
2002-05-03,52.799999,52.080002,52.500000,27.012363
2002-05-06,53.000000,51.799999,52.000000,26.755110
2002-05-07,52.250000,51.590000,51.830002,26.667639
2002-05-08,52.110001,51.410000,51.619999,26.559591
2002-05-09,52.590000,51.599998,52.060001,26.785980
2002-05-10,52.849998,52.000000,52.400002,26.960924
2002-05-13,52.599998,51.650002,52.560001,27.043242
2002-05-14,52.900002,52.150002,52.750000,27.140999
2002-05-15,52.880001,51.919998,52.200001,26.858017
2002-05-16,52.610001,52.029999,52.549999,27.038099
2002-05-17,52.700001,51.709999,52.139999,26.827143
2002-05-20,52.240002,51.349998,51.549999,26.523567
2002-05-21,51.799999,50.900002,51.060001,26.271467
2002-05-22,51.750000,51.169998,51.630001,26.564730
2002-05-23,51.619999,50.669998,51.180000,26.333200
2002-05-24,51.110001,50.029999,50.230000,25.844408
2002-05-28,51.230000,50.709999,50.900002,26.189135
2002-05-29,51.439999,50.930000,50.930000,26.204575
2002-05-30,51.459999,50.250000,50.930000,26.204575
2002-05-31,52.200001,51.360001,51.980000,26.744812
2002-06-03,52.090000,51.040001,51.150002,26.317764
2002-06-04,51.900002,50.820000,51.790001,26.647064
2002-06-05,52.180000,51.459999,52.040001,26.853466
2002-06-06,52.040001,50.759998,50.889999,26.260054
2002-06-07,51.490002,50.480000,51.299999,26.471611
2002-06-10,51.490002,50.919998,51.250000,26.445803
2002-06-11,51.480000,50.700001,50.919998,26.275526
2002-06-12,51.950001,50.509998,51.650002,26.652218
2002-06-13,51.700001,50.810001,51.230000,26.435493
2002-06-14,51.000000,50.189999,50.900002,26.265207
2002-06-17,51.750000,51.099998,51.740002,26.698668
2002-06-18,51.860001,51.070000,51.250000,26.445803
2002-06-19,51.990002,50.669998,51.880001,26.770897
2002-06-20,52.000000,51.119999,51.250000,26.445803
2002-06-21,51.080002,50.000000,50.599998,26.110403
2002-06-24,51.099998,50.110001,50.450001,26.032997
2002-06-25,51.099998,48.770000,49.029999,25.300262
2002-06-26,49.490002,47.209999,49.250000,25.413773
2002-06-27,49.200001,48.000000,48.599998,25.078369
2002-06-28,49.490002,48.200001,48.200001,24.871975
2002-07-01,49.099998,48.150002,49.020000,25.295092
2002-07-02,49.130001,47.750000,47.750000,24.639757
2002-07-03,48.000000,46.450001,47.480000,24.500435
2002-07-05,48.099998,46.650002,48.099998,24.820356
2002-07-08,48.970001,48.130001,48.849998,25.207376
2002-07-09,48.220001,45.000000,45.270000,23.360041
2002-07-10,46.130001,44.419998,44.610001,23.019472
2002-07-11,44.000000,41.209999,43.400002,22.395098
2002-07-12,43.450001,41.000000,42.099998,21.724272
2002-07-15,42.250000,39.540001,42.250000,21.801678
2002-07-16,42.000000,40.209999,40.500000,20.898642
2002-07-17,42.919998,41.250000,42.380001,21.868757
2002-07-18,42.700001,40.119999,40.299999,20.795424
2002-07-19,40.299999,35.250000,36.200001,18.679779
2002-07-22,36.750000,35.009998,35.500000,18.318571
2002-07-23,36.349998,35.299999,35.970001,18.561083
2002-07-24,40.049999,35.599998,39.549999,20.408424
2002-07-25,40.689999,38.880001,40.419998,20.857359
2002-07-26,40.400002,39.299999,40.200001,20.743834
2002-07-29,42.590000,40.349998,42.540001,21.951321
2002-07-30,42.290001,41.250000,41.740002,21.538504
2002-07-31,43.000000,41.849998,42.939999,22.157717
2002-08-01,43.389999,42.270000,42.500000,21.930668
2002-08-02,43.500000,42.360001,42.950001,22.162884
2002-08-05,42.709999,40.869999,40.939999,21.125689
2002-08-06,42.200001,40.250000,40.520000,20.908958
2002-08-07,42.000000,40.099998,41.919998,21.631376
2002-08-08,42.900002,41.520000,42.450001,21.904875
2002-08-09,44.250000,42.150002,43.799999,22.601484
2002-08-12,44.599998,43.000000,44.299999,22.859491
2002-08-13,44.930000,43.849998,43.910000,22.658260
2002-08-14,45.209999,43.459999,45.009998,23.225872
2002-08-15,45.000000,44.060001,44.500000,22.962704
2002-08-16,44.990002,44.099998,44.389999,22.905945
2002-08-19,44.419998,43.790001,43.919998,22.663412
2002-08-20,44.049999,43.169998,43.610001,22.503456
2002-08-21,44.000000,42.869999,43.590000,22.493124
2002-08-22,44.250000,43.049999,43.730000,22.565371
2002-08-23,43.750000,43.040001,43.150002,22.266085
2002-08-26,43.480000,42.150002,42.529999,21.946154
2002-08-27,42.830002,41.250000,41.299999,21.311457
2002-08-28,40.450001,39.580002,39.930000,20.604517
2002-08-29,39.980000,38.849998,39.000000,20.124620
2002-08-30,40.250000,38.980000,39.549999,20.408424
2002-09-03,39.549999,38.270000,38.419998,19.825329
2002-09-04,39.180000,37.700001,37.790001,19.576672
2002-09-05,37.490002,37.009998,37.099998,19.219227
2002-09-06,38.270000,37.279999,37.990002,19.680275
2002-09-09,39.200001,37.799999,38.669998,20.032547
2002-09-10,40.209999,38.849998,39.930000,20.685280
2002-09-11,40.090000,39.299999,39.490002,20.457342
2002-09-12,40.290001,39.180000,39.369999,20.395170
2002-09-13,40.930000,39.720001,40.150002,20.799244
2002-09-16,41.099998,39.820000,40.950001,21.213671
2002-09-17,41.400002,39.220001,39.250000,20.333004
2002-09-18,38.740002,37.950001,38.049999,19.711349
2002-09-19,37.790001,34.000000,37.150002,19.245129
2002-09-20,37.869999,37.150002,37.500000,19.426441
2002-09-23,37.840000,36.750000,37.200001,19.271025
2002-09-24,37.240002,36.299999,36.770000,19.048273
2002-09-25,37.599998,36.349998,37.000000,19.167421
2002-09-26,37.799999,36.549999,37.400002,19.374643
2002-09-27,37.900002,36.580002,36.689999,19.006840
2002-09-30,37.150002,35.599998,36.950001,19.141525
2002-10-01,38.000000,36.650002,37.700001,19.530048
2002-10-02,38.799999,37.520000,37.750000,19.555946
2002-10-03,38.439999,37.049999,37.220001,19.281397
2002-10-04,38.080002,37.000000,37.000000,19.167421
2002-10-07,37.750000,35.590000,35.779999,18.535408
2002-10-08,41.320000,38.500000,41.099998,21.291378
2002-10-09,41.880001,40.259998,41.610001,21.555586
2002-10-10,42.000000,40.599998,41.570000,21.534847
2002-10-11,43.000000,40.990002,42.669998,22.104689
2002-10-14,43.200001,42.160000,42.970001,22.260111
2002-10-15,43.820000,42.549999,43.320000,22.441420
2002-10-16,43.750000,42.299999,43.549999,22.560575
2002-10-17,44.340000,43.320000,43.740002,22.658995
2002-10-18,44.160000,43.099998,43.799999,22.690069
2002-10-21,45.000000,43.299999,44.900002,23.259932
2002-10-22,44.830002,44.250000,44.709999,23.161507
2002-10-23,44.900002,44.000000,44.590000,23.099327
2002-10-24,45.160000,44.320000,44.580002,23.094149
2002-10-25,45.049999,43.750000,44.189999,22.892120
2002-10-28,44.500000,42.619999,43.110001,22.332640
2002-10-29,44.000000,42.549999,43.660000,22.617546
2002-10-30,44.250000,43.209999,43.779999,22.679724
2002-10-31,44.099998,43.189999,44.099998,22.845495
2002-11-01,44.799999,43.560001,44.299999,22.949089
2002-11-04,44.230000,43.080002,43.430000,22.498411
2002-11-05,44.270000,43.660000,44.000000,22.793692
2002-11-06,44.099998,42.820000,43.529999,22.550217
2002-11-07,44.090000,43.150002,43.480000,22.524319
2002-11-08,44.150002,43.250000,43.779999,22.679724
2002-11-11,43.810001,42.900002,43.250000,22.405169
2002-11-12,43.599998,42.009998,42.450001,21.990728
2002-11-13,44.200001,42.500000,43.410000,22.488049
2002-11-14,44.299999,43.160000,44.250000,22.923203
2002-11-15,44.990002,43.570000,44.910000,23.265106
2002-11-18,45.119999,44.060001,44.279999,22.938736
2002-11-19,45.299999,44.470001,44.900002,23.259932
2002-11-20,43.980000,43.250000,43.750000,22.664179
2002-11-21,43.650002,41.700001,42.189999,21.856050
2002-11-22,42.700001,41.570000,42.029999,21.773149
2002-11-25,42.369999,41.299999,41.480000,21.488224
2002-11-26,41.980000,41.459999,41.480000,21.488224
2002-11-27,42.549999,40.799999,42.279999,21.902660
2002-11-29,42.520000,42.090000,42.480000,22.006266
2002-12-02,42.980000,41.820000,42.209999,21.866398
2002-12-03,43.099998,42.049999,42.900002,22.223848
2002-12-04,43.900002,42.939999,43.369999,22.546160
2002-12-05,43.570000,42.869999,43.230000,22.473377
2002-12-06,43.970001,43.009998,43.970001,22.858057
2002-12-09,43.970001,43.150002,43.209999,22.462984
2002-12-10,43.900002,42.860001,43.750000,22.743696
2002-12-11,43.490002,42.959999,43.150002,22.431805
2002-12-12,43.349998,42.599998,43.180000,22.447382
2002-12-13,43.189999,41.470001,41.849998,21.755980
2002-12-16,42.490002,41.599998,42.400002,22.041891
2002-12-17,42.480000,41.049999,41.180000,21.407679
2002-12-18,41.549999,40.650002,40.849998,21.236122
2002-12-19,41.099998,40.310001,40.470001,21.038580
2002-12-20,41.419998,40.700001,41.259998,21.449263
2002-12-23,42.310001,41.189999,41.740002,21.698799
2002-12-24,42.040001,41.299999,42.000000,21.833960
2002-12-26,42.700001,42.009998,42.410000,22.047094
2002-12-27,42.580002,41.520000,41.669998,21.662397
2002-12-30,42.360001,41.520000,42.049999,21.859947
2002-12-31,42.400002,41.299999,42.220001,21.948332
2003-01-02,43.200001,42.119999,43.099998,22.405804
2003-01-03,43.490002,42.779999,43.400002,22.561754
2003-01-06,43.680000,42.790001,42.959999,22.333014
2003-01-07,42.810001,42.000000,42.180000,21.927544
2003-01-08,42.959999,42.400002,42.700001,22.197865
2003-01-09,43.290001,42.500000,43.139999,22.426594
2003-01-10,43.090000,42.610001,42.860001,22.281029
2003-01-13,43.500000,42.529999,43.240002,22.478579
2003-01-14,43.470001,42.700001,43.450001,22.587744
2003-01-15,43.849998,42.880001,42.939999,22.322620
2003-01-16,44.000000,43.189999,43.730000,22.733305
2003-01-17,43.970001,43.419998,43.650002,22.691721
2003-01-21,44.060001,43.250000,43.349998,22.535763
2003-01-22,43.810001,42.669998,42.799999,22.249847
2003-01-23,42.240002,41.389999,41.930000,21.797569
2003-01-24,42.200001,40.570000,41.060001,21.345295
2003-01-27,41.000000,40.009998,40.549999,21.080158
2003-01-28,40.730000,39.650002,40.529999,21.069773
2003-01-29,40.799999,39.250000,40.509998,21.059372
2003-01-30,40.520000,38.580002,38.709999,20.123625
2003-01-31,40.549999,38.820000,40.480000,21.043772
2003-02-03,41.099998,40.279999,40.740002,21.178930
2003-02-04,41.279999,40.430000,41.200001,21.418074
2003-02-05,41.900002,40.849998,41.080002,21.355690
2003-02-06,40.799999,39.400002,40.220001,20.908615
2003-02-07,40.320000,38.959999,39.009998,20.279585
2003-02-10,39.450001,38.799999,39.250000,20.404354
2003-02-11,39.750000,38.080002,38.389999,19.957264
2003-02-12,39.230000,38.299999,38.410000,19.967672
2003-02-13,39.110001,38.020000,38.900002,20.222399
2003-02-14,39.919998,39.270000,39.860001,20.721470
2003-02-18,40.500000,39.860001,40.240002,20.919010
2003-02-19,40.240002,39.869999,40.049999,20.820234
2003-02-20,40.150002,39.349998,39.360001,20.461533
2003-02-21,39.919998,39.189999,39.400002,20.482327
2003-02-24,39.419998,38.590000,38.830002,20.186005
2003-02-25,38.980000,37.849998,38.840000,20.191214
2003-02-26,38.939999,38.029999,38.240002,19.879299
2003-02-27,38.580002,37.900002,38.220001,19.868906
2003-02-28,38.490002,38.099998,38.320000,19.920885
2003-03-03,38.650002,38.020000,38.110001,19.811726
2003-03-04,38.299999,37.799999,38.049999,19.780525
2003-03-05,38.049999,36.240002,37.299999,19.390638
2003-03-06,37.860001,37.020000,37.650002,19.572584
2003-03-07,38.500000,37.020000,38.500000,20.014463
2003-03-10,38.400002,37.610001,37.770000,19.634962
2003-03-11,38.430000,37.599998,37.700001,19.598579
2003-03-12,37.860001,37.099998,37.730000,19.692516
2003-03-13,38.990002,37.970001,38.860001,20.282310
2003-03-14,39.650002,38.759998,39.000000,20.355379
2003-03-17,40.549999,38.750000,40.400002,21.086082
2003-03-18,40.400002,39.520000,40.209999,20.986923
2003-03-19,40.520000,39.810001,40.459999,21.117397
2003-03-20,40.450001,39.689999,40.150002,20.955599
2003-03-21,41.500000,40.150002,41.500000,21.660208
2003-03-24,41.060001,39.889999,40.080002,20.919062
2003-03-25,40.250000,39.730000,40.099998,20.929508
2003-03-26,40.230000,39.680000,39.820000,20.783365
2003-03-27,40.740002,39.500000,40.290001,21.028667
2003-03-28,40.230000,39.619999,39.900002,20.825117
2003-03-31,40.480000,39.139999,40.000000,20.877317
2003-04-01,40.340000,39.860001,39.980000,20.866869
2003-04-02,40.240002,39.700001,39.700001,20.720734
2003-04-03,39.549999,38.070000,38.169998,19.922173
2003-04-04,38.700001,38.060001,38.639999,20.167479
2003-04-07,39.580002,38.799999,38.919998,20.313622
2003-04-08,39.400002,38.950001,39.230000,20.475420
2003-04-09,40.320000,39.220001,39.389999,20.558929
2003-04-10,39.950001,39.439999,39.790001,20.767700
2003-04-11,40.580002,40.110001,40.270000,21.018229
2003-04-14,41.000000,40.000000,40.970001,21.383581
2003-04-15,41.000000,40.110001,40.570000,21.174807
2003-04-16,40.750000,39.389999,39.900002,20.825117
2003-04-17,42.580002,40.750000,42.540001,22.203018
2003-04-21,42.689999,41.700001,41.840000,21.837664
2003-04-22,42.720001,41.400002,42.299999,22.077747
2003-04-23,43.000000,42.610001,43.000000,22.443110
2003-04-24,43.580002,42.750000,43.330002,22.615353
2003-04-25,43.480000,42.389999,42.650002,22.260431
2003-04-28,43.529999,42.799999,43.450001,22.677967
2003-04-29,43.610001,42.790001,43.439999,22.672768
2003-04-30,43.619999,42.779999,43.279999,22.589254
2003-05-01,43.860001,42.619999,43.759998,22.839767
2003-05-02,43.689999,43.200001,43.430000,22.667530
2003-05-05,43.500000,42.820000,43.279999,22.589254
2003-05-06,43.889999,43.060001,43.389999,22.646662
2003-05-07,43.849998,43.160000,43.310001,22.604904
2003-05-08,43.580002,42.880001,43.099998,22.495306
2003-05-09,43.790001,43.000000,43.689999,22.803232
2003-05-12,44.009998,43.520000,43.680000,22.798023
2003-05-13,43.730000,43.099998,43.470001,22.688427
2003-05-14,43.540001,42.959999,43.369999,22.636227
2003-05-15,43.959999,43.410000,43.770000,22.845003
2003-05-16,44.230000,43.299999,43.299999,22.599689
2003-05-19,43.380001,42.709999,42.980000,22.432661
2003-05-20,43.099998,42.380001,43.000000,22.443110
2003-05-21,43.439999,42.910000,43.299999,22.599689
2003-05-22,44.029999,43.000000,43.730000,22.824121
2003-05-23,43.799999,43.349998,43.560001,22.735380
2003-05-27,44.250000,43.299999,44.180000,23.058994
2003-05-28,44.310001,43.400002,43.549999,22.730171
2003-05-29,44.220001,43.520000,43.740002,22.829332
2003-05-30,44.599998,43.869999,44.200001,23.069437
2003-06-02,44.790001,43.750000,44.099998,23.017231
2003-06-03,44.480000,43.950001,44.230000,23.085081
2003-06-04,45.110001,44.000000,44.869999,23.419125
2003-06-05,44.849998,44.220001,44.520000,23.236450
2003-06-06,44.630001,44.029999,44.299999,23.121620
2003-06-09,44.450001,43.810001,44.020000,22.975470
2003-06-10,44.480000,43.869999,44.380001,23.163382
2003-06-11,44.430000,44.000000,44.430000,23.273386
2003-06-12,44.700001,43.959999,44.599998,23.362429
2003-06-13,44.939999,44.470001,44.740002,23.435760
2003-06-16,45.500000,44.580002,45.500000,23.833864
2003-06-17,45.419998,44.759998,44.880001,23.509098
2003-06-18,45.299999,44.459999,44.959999,23.551004
2003-06-19,45.279999,44.470001,44.610001,23.367670
2003-06-20,44.889999,44.169998,44.430000,23.273386
2003-06-23,44.450001,43.790001,44.169998,23.137178
2003-06-24,44.119999,43.650002,43.939999,23.016699
2003-06-25,44.419998,43.419998,43.549999,22.812414
2003-06-26,44.160000,43.099998,44.160000,23.131958
2003-06-27,44.549999,43.799999,43.840000,22.964333
2003-06-30,44.500000,43.459999,44.500000,23.310041
2003-07-01,44.590000,43.759998,44.389999,23.252422
2003-07-02,44.680000,44.160000,44.459999,23.289083
2003-07-03,44.560001,43.770000,44.029999,23.063845
2003-07-07,44.660000,44.150002,44.369999,23.241945
2003-07-08,45.250000,44.369999,45.119999,23.634817
2003-07-09,45.220001,44.240002,44.549999,23.336239
2003-07-10,46.990002,45.000000,46.950001,24.593403
2003-07-11,47.630001,46.689999,47.419998,24.839592
2003-07-14,47.560001,46.950001,47.070000,24.656263
2003-07-15,47.500000,46.840000,47.490002,24.876274
2003-07-16,47.830002,47.029999,47.750000,25.012470
2003-07-17,47.980000,46.660000,46.779999,24.504358
2003-07-18,47.419998,46.810001,47.320000,24.787210
2003-07-21,47.349998,46.900002,47.060001,24.651024
2003-07-22,47.259998,46.410000,47.049999,24.645794
2003-07-23,47.270000,46.709999,47.009998,24.624838
2003-07-24,47.580002,46.570000,46.669998,24.446741
2003-07-25,47.169998,46.029999,47.130001,24.687698
2003-07-28,47.150002,46.200001,46.380001,24.294825
2003-07-29,46.680000,45.689999,46.000000,24.095779
2003-07-30,47.369999,46.000000,46.349998,24.279106
2003-07-31,46.930000,45.799999,46.070000,24.132444
2003-08-01,45.980000,45.250000,45.349998,23.755293
2003-08-04,45.299999,44.500000,45.060001,23.603384
2003-08-05,45.470001,44.500000,44.639999,23.383362
2003-08-06,45.000000,44.349998,44.759998,23.446238
2003-08-07,44.990002,44.400002,44.990002,23.566713
2003-08-08,45.799999,44.849998,45.459999,23.812902
2003-08-11,45.599998,44.970001,45.209999,23.681961
2003-08-12,45.650002,44.980000,45.599998,23.886234
2003-08-13,45.799999,44.849998,44.970001,23.556234
2003-08-14,45.119999,44.430000,45.000000,23.571951
2003-08-15,45.240002,44.759998,45.240002,23.697666
2003-08-18,45.299999,44.720001,45.299999,23.729109
2003-08-19,45.299999,44.480000,44.700001,23.414816
2003-08-20,44.730000,44.119999,44.200001,23.152906
2003-08-21,44.410000,43.709999,44.020000,23.058598
2003-08-22,44.169998,43.450001,43.520000,22.796698
2003-08-25,43.730000,43.349998,43.709999,22.896227
2003-08-26,44.180000,43.349998,44.070000,23.084805
2003-08-27,44.330002,43.900002,44.029999,23.063845
2003-08-28,44.820000,43.779999,44.770000,23.451475
2003-08-29,44.980000,44.070000,44.540001,23.331005
2003-09-02,45.070000,44.250000,44.939999,23.540533
2003-09-03,45.299999,44.560001,44.959999,23.551004
2003-09-04,44.990002,44.590000,44.770000,23.451475
2003-09-05,44.869999,44.099998,44.330002,23.220984
2003-09-08,44.910000,44.110001,44.830002,23.482908
2003-09-09,45.060001,44.520000,44.549999,23.336239
2003-09-10,44.939999,44.400002,44.720001,23.509726
2003-09-11,44.980000,44.599998,44.720001,23.509726
2003-09-12,45.290001,44.660000,45.180000,23.751556
2003-09-15,45.310001,44.709999,45.150002,23.735777
2003-09-16,45.880001,44.910000,45.830002,24.093248
2003-09-17,45.799999,45.360001,45.380001,23.856699
2003-09-18,45.759998,45.419998,45.720001,24.035446
2003-09-19,45.849998,45.529999,45.759998,24.056459
2003-09-22,45.700001,45.060001,45.299999,23.814632
2003-09-23,45.700001,44.950001,45.689999,24.019655
2003-09-24,45.869999,45.169998,45.290001,23.809380
2003-09-25,45.810001,45.230000,45.509998,23.925028
2003-09-26,45.810001,45.279999,45.630001,23.988108
2003-09-29,46.520000,45.189999,46.220001,24.298279
2003-09-30,46.250000,45.580002,45.830002,24.093248
2003-10-01,46.689999,46.189999,46.680000,24.540123
2003-10-02,47.060001,46.400002,46.910000,24.661028
2003-10-03,47.810001,46.910000,47.200001,24.813478
2003-10-06,47.680000,47.250000,47.500000,24.971189
2003-10-07,48.880001,46.830002,47.400002,24.918623
2003-10-08,47.889999,47.459999,47.799999,25.128904
2003-10-09,48.480000,47.610001,47.980000,25.223530
2003-10-10,48.110001,47.700001,48.000000,25.234055
2003-10-13,48.490002,48.000000,48.330002,25.407532
2003-10-14,48.500000,48.099998,48.490002,25.491652
2003-10-15,48.480000,47.669998,47.910000,25.186737
2003-10-16,48.080002,47.619999,48.020000,25.244570
2003-10-17,48.180000,47.599998,47.880001,25.170959
2003-10-20,48.150002,47.849998,48.150002,25.312916
2003-10-21,48.279999,47.830002,47.869999,25.165703
2003-10-22,47.939999,47.360001,47.720001,25.086840
2003-10-23,48.020000,47.369999,48.020000,25.244570
2003-10-24,47.980000,47.459999,47.980000,25.223530
2003-10-27,48.000000,47.470001,47.570000,25.007999
2003-10-28,48.500000,47.410000,48.500000,25.496899
2003-10-29,48.590000,47.849998,48.130001,25.302372
2003-10-30,48.150002,47.349998,48.009998,25.239298
2003-10-31,48.240002,47.349998,47.820000,25.139420
2003-11-03,48.029999,47.599998,47.820000,25.139420
2003-11-04,47.910000,47.630001,47.750000,25.102623
2003-11-05,47.799999,46.759998,47.380001,24.908115
2003-11-06,47.990002,46.689999,47.970001,25.218277
2003-11-07,47.939999,47.259998,47.490002,24.965937
2003-11-10,47.509998,47.099998,47.410000,24.923876
2003-11-11,47.970001,47.290001,47.930000,25.197243
2003-11-12,48.230000,47.709999,48.060001,25.265593
2003-11-13,47.950001,47.250000,47.500000,24.971189
2003-11-14,47.750000,47.000000,47.330002,24.881830
2003-11-17,47.900002,46.900002,47.669998,25.060560
2003-11-18,48.000000,47.200001,47.200001,24.813478
2003-11-19,47.990002,47.200001,47.939999,25.202503
2003-11-20,47.939999,47.209999,47.270000,24.850281
2003-11-21,47.619999,47.250000,47.509998,24.976440
2003-11-24,48.240002,47.299999,48.000000,25.234055
2003-11-25,48.000000,47.549999,47.750000,25.102623
2003-11-26,48.240002,47.299999,47.959999,25.213017
2003-11-28,48.200001,47.799999,48.119999,25.297121
2003-12-01,48.869999,47.900002,48.709999,25.607306
2003-12-02,48.450001,47.900002,48.139999,25.307632
2003-12-03,48.270000,47.650002,47.700001,25.076338
2003-12-04,48.330002,47.610001,48.150002,25.312916
2003-12-05,48.500000,48.150002,48.500000,25.496899
2003-12-08,48.740002,48.080002,48.259998,25.370745
2003-12-09,47.990002,47.340000,47.400002,24.918623
2003-12-10,47.349998,46.750000,46.900002,24.739271
2003-12-11,47.169998,46.619999,46.880001,24.728741
2003-12-12,47.099998,46.599998,46.880001,24.728741
2003-12-15,47.580002,46.939999,47.369999,24.987194
2003-12-16,47.680000,47.180000,47.400002,25.003033
2003-12-17,47.439999,47.020000,47.150002,24.871141
2003-12-18,47.389999,46.770000,47.139999,24.865860
2003-12-19,47.340000,46.919998,47.169998,24.881697
2003-12-22,47.240002,46.669998,46.990002,24.786755
2003-12-23,47.049999,46.310001,46.480000,24.517717
2003-12-24,46.450001,46.110001,46.189999,24.364759
2003-12-26,46.540001,46.299999,46.470001,24.512457
2003-12-29,46.799999,46.200001,46.759998,24.665430
2003-12-30,46.700001,46.299999,46.619999,24.591581
2003-12-31,46.959999,46.480000,46.619999,24.591581
2004-01-02,47.200001,46.250000,46.459999,24.507174
2004-01-05,47.360001,46.759998,47.250000,24.923895
2004-01-06,48.009998,47.299999,47.549999,25.082138
2004-01-07,47.549999,46.689999,46.939999,24.760380
2004-01-08,46.939999,45.779999,46.009998,24.269796
2004-01-09,46.230000,45.400002,45.770000,24.143206
2004-01-12,46.180000,45.750000,45.830002,24.174856
2004-01-13,45.950001,45.360001,45.639999,24.074633
2004-01-14,45.790001,45.500000,45.740002,24.127386
2004-01-15,45.990002,45.430000,45.500000,24.000797
2004-01-16,45.680000,45.299999,45.389999,23.942768
2004-01-20,46.180000,45.500000,46.049999,24.290907
2004-01-21,46.240002,45.799999,46.189999,24.364759
2004-01-22,46.619999,46.110001,46.540001,24.549379
2004-01-23,46.720001,46.099998,46.549999,24.554665
2004-01-26,46.900002,46.130001,46.790001,24.681250
2004-01-27,47.029999,46.410000,46.450001,24.501913
2004-01-28,47.400002,46.130001,46.250000,24.396414
2004-01-29,47.139999,46.369999,47.020000,24.802565
2004-01-30,47.400002,46.799999,47.259998,24.929165
2004-02-02,48.169998,47.070000,47.939999,25.287859
2004-02-03,48.200001,47.650002,47.650002,25.134899
2004-02-04,48.169998,47.349998,47.599998,25.108522
2004-02-05,48.650002,47.270000,48.549999,25.609629
2004-02-06,50.580002,48.900002,50.209999,26.485262
2004-02-09,50.209999,49.720001,49.939999,26.342844
2004-02-10,51.250000,50.130001,50.790001,26.791206
2004-02-11,51.200001,50.400002,51.099998,26.954731
2004-02-12,50.980000,50.650002,50.919998,26.859798
2004-02-13,50.730000,50.040001,50.520000,26.648788
2004-02-17,51.110001,50.439999,51.000000,26.901979
2004-02-18,51.490002,50.759998,51.270000,27.044403
2004-02-19,51.830002,51.150002,51.330002,27.076057
2004-02-20,51.820000,51.400002,51.750000,27.297588
2004-02-23,52.110001,51.480000,52.090000,27.476942
2004-02-24,52.419998,51.709999,52.099998,27.482225
2004-02-25,52.209999,51.790001,52.099998,27.482225
2004-02-26,51.980000,51.689999,51.740002,27.292320
2004-02-27,52.139999,51.430000,51.900002,27.376720
2004-03-01,52.330002,51.810001,52.160000,27.513865
2004-03-02,52.500000,51.849998,52.299999,27.587725
2004-03-03,52.480000,51.950001,52.430000,27.656286
2004-03-04,52.349998,52.119999,52.290001,27.582445
2004-03-05,52.439999,51.939999,52.220001,27.545515
2004-03-08,52.450001,52.009998,52.279999,27.577166
2004-03-09,52.840000,52.009998,52.750000,27.825096
2004-03-10,53.000000,52.040001,52.240002,27.639917
2004-03-11,52.490002,51.590000,51.700001,27.354204
2004-03-12,51.570000,50.540001,51.549999,27.274836
2004-03-15,51.770000,51.230000,51.349998,27.169008
2004-03-16,51.500000,50.619999,51.200001,27.089653
2004-03-17,51.599998,51.099998,51.419998,27.206049
2004-03-18,51.730000,51.090000,51.419998,27.206049
2004-03-19,51.279999,50.880001,50.930000,26.946781
2004-03-22,50.950001,50.279999,50.790001,26.872719
2004-03-23,51.160000,50.759998,50.959999,26.962666
2004-03-24,51.250000,50.560001,50.790001,26.872719
2004-03-25,51.299999,50.610001,51.220001,27.100237
2004-03-26,51.250000,50.939999,51.060001,27.015575
2004-03-29,52.209999,51.540001,52.209999,27.624027
2004-03-30,54.000000,53.139999,53.279999,28.190161
2004-03-31,53.990002,53.049999,53.849998,28.491758
2004-04-01,54.369999,53.689999,54.150002,28.650484
2004-04-02,54.500000,53.810001,53.849998,28.491758
2004-04-05,54.480000,53.619999,54.480000,28.825073
2004-04-06,54.820000,54.200001,54.709999,28.946772
2004-04-07,54.970001,54.650002,54.840000,29.015545
2004-04-08,55.000000,54.389999,54.740002,28.962648
2004-04-12,55.110001,54.669998,55.009998,29.105490
2004-04-13,55.200001,54.560001,54.750000,28.967928
2004-04-14,54.910000,54.290001,54.910000,29.052599
2004-04-15,55.480000,54.500000,54.810001,28.999689
2004-04-16,55.250000,54.660000,54.790001,28.989101
2004-04-19,55.240002,54.619999,55.070000,29.137257
2004-04-20,55.060001,54.200001,54.209999,28.682213
2004-04-21,54.889999,53.849998,54.669998,28.925615
2004-04-22,55.000000,54.290001,54.889999,29.042002
2004-04-23,55.240002,54.650002,54.950001,29.073759
2004-04-26,55.099998,54.590000,54.689999,28.936205
2004-04-27,55.240002,54.509998,54.639999,28.909739
2004-04-28,54.599998,53.889999,53.889999,28.512899
2004-04-29,54.680000,53.599998,54.110001,28.629311
2004-04-30,55.139999,54.220001,54.490002,28.830376
2004-05-03,54.939999,54.419998,54.869999,29.031429
2004-05-04,54.869999,54.119999,54.389999,28.777460
2004-05-05,54.860001,54.259998,54.520000,28.846239
2004-05-06,54.990002,54.500000,54.849998,29.020849
2004-05-07,55.029999,54.290001,54.360001,28.761578
2004-05-10,54.750000,53.369999,53.799999,28.465298
2004-05-11,54.000000,52.939999,53.779999,28.454718
2004-05-12,53.709999,52.810001,53.639999,28.380640
2004-05-13,53.500000,52.630001,53.150002,28.121378
2004-05-14,53.900002,53.000000,53.750000,28.438843
2004-05-17,53.790001,52.900002,53.520000,28.317148
2004-05-18,53.770000,53.200001,53.250000,28.174299
2004-05-19,53.330002,52.830002,52.900002,27.989101
2004-05-20,53.970001,52.650002,53.799999,28.465298
2004-05-21,54.080002,53.220001,53.459999,28.285400
2004-05-24,53.980000,53.160000,53.419998,28.264236
2004-05-25,54.000000,53.000000,53.820000,28.475870
2004-05-26,53.950001,52.740002,53.299999,28.200756
2004-05-27,53.750000,53.000000,53.529999,28.322437
2004-05-28,53.700001,53.290001,53.369999,28.237789
2004-06-01,53.490002,52.950001,53.459999,28.285400
2004-06-02,54.439999,53.299999,54.259998,28.708679
2004-06-03,54.500000,53.970001,53.970001,28.555246
2004-06-04,54.680000,53.889999,54.340000,28.750998
2004-06-07,54.700001,54.320000,54.669998,28.925615
2004-06-08,54.980000,54.470001,54.950001,29.073759
2004-06-09,54.860001,54.439999,54.599998,29.009995
2004-06-10,55.020000,54.500000,54.950001,29.195951
2004-06-14,54.959999,54.500000,54.660000,29.041870
2004-06-15,55.200001,54.660000,55.180000,29.318153
2004-06-16,55.340000,54.939999,55.220001,29.339413
2004-06-17,55.169998,54.869999,54.939999,29.190643
2004-06-18,55.200001,54.759998,55.000000,29.222517
2004-06-21,55.220001,54.799999,54.900002,29.169397
2004-06-22,55.709999,54.610001,55.549999,29.514748
2004-06-23,55.590000,55.060001,55.490002,29.482878
2004-06-24,55.349998,55.020000,55.130001,29.291597
2004-06-25,55.349998,54.000000,54.000000,28.691202
2004-06-28,54.490002,53.910000,54.169998,28.781519
2004-06-29,54.200001,53.470001,53.700001,28.531811
2004-06-30,53.980000,53.410000,53.880001,28.627455
2004-07-01,54.340000,53.400002,53.549999,28.452103
2004-07-02,53.650002,52.900002,53.240002,28.287397
2004-07-06,53.799999,52.880001,53.500000,28.425541
2004-07-07,53.570000,53.130001,53.360001,28.351166
2004-07-08,53.750000,53.119999,53.180000,28.255522
2004-07-09,53.230000,52.720001,53.049999,28.186445
2004-07-12,53.209999,52.529999,53.070000,28.197081
2004-07-13,53.200001,52.700001,53.180000,28.255522
2004-07-14,53.869999,53.080002,53.410000,28.377724
2004-07-15,53.139999,51.689999,51.919998,27.586069
2004-07-16,52.380001,51.790001,52.299999,27.787964
2004-07-19,52.349998,52.020000,52.139999,27.702948
2004-07-20,51.950001,51.500000,51.660000,27.447920
2004-07-21,51.759998,51.049999,51.119999,27.161003
2004-07-22,50.990002,50.369999,50.529999,26.847530
2004-07-23,51.139999,49.369999,50.869999,27.028183
2004-07-26,51.660000,50.869999,51.549999,27.389475
2004-07-27,51.720001,50.849998,51.000000,27.097242
2004-07-28,51.360001,50.400002,51.189999,27.198198
2004-07-29,51.189999,49.849998,49.900002,26.512808
2004-07-30,50.049999,49.500000,50.000000,26.565929
2004-08-02,51.169998,49.770000,51.080002,27.139750
2004-08-03,51.400002,51.000000,51.200001,27.203518
2004-08-04,52.250000,50.790001,51.959999,27.607315
2004-08-05,51.939999,51.340000,51.509998,27.368233
2004-08-06,51.680000,50.810001,50.849998,27.017559
2004-08-09,51.000000,50.560001,50.799999,26.990988
2004-08-10,51.099998,50.400002,51.090000,27.145073
2004-08-11,51.799999,50.930000,51.770000,27.506363
2004-08-12,51.650002,50.799999,51.130001,27.166313
2004-08-13,51.119999,50.570000,50.889999,27.038790
2004-08-16,50.900002,50.009998,50.880001,27.033480
2004-08-17,50.840000,50.000000,50.320000,26.735950
2004-08-18,50.419998,49.950001,50.270000,26.709389
2004-08-19,50.299999,50.000000,50.180000,26.661562
2004-08-20,50.400002,49.720001,49.990002,26.560621
2004-08-23,50.119999,49.770000,49.880001,26.502165
2004-08-24,50.029999,49.119999,49.369999,26.231203
2004-08-25,49.380001,48.410000,49.000000,26.034616
2004-08-26,49.770000,49.160000,49.410000,26.252439
2004-08-27,49.529999,49.189999,49.270000,26.178064
2004-08-30,49.709999,49.150002,49.369999,26.231203
2004-08-31,50.020000,49.349998,50.000000,26.565929
2004-09-01,50.130001,49.419998,49.740002,26.427786
2004-09-02,50.720001,50.299999,50.619999,26.895340
2004-09-03,51.080002,50.549999,50.840000,27.012234
2004-09-07,51.200001,50.599998,51.049999,27.123819
2004-09-08,50.790001,49.650002,49.700001,26.526049
2004-09-09,50.630001,50.150002,50.299999,26.846277
2004-09-10,50.419998,49.919998,50.330002,26.862291
2004-09-13,50.700001,50.230000,50.680000,27.049084
2004-09-14,51.070000,50.400002,50.529999,26.969032
2004-09-15,49.950001,49.240002,49.500000,26.419302
2004-09-16,49.580002,48.799999,48.970001,26.136429
2004-09-17,49.849998,49.060001,49.700001,26.526049
2004-09-20,49.799999,49.150002,49.160000,26.237820
2004-09-21,49.209999,48.830002,48.939999,26.120415
2004-09-22,49.060001,48.520000,48.689999,25.986977
2004-09-23,48.849998,48.330002,48.520000,25.896261
2004-09-24,48.660000,48.139999,48.320000,25.789497
2004-09-27,48.369999,47.369999,48.029999,25.634712
2004-09-28,48.599998,48.099998,48.099998,25.672083
2004-09-29,48.139999,47.520000,48.099998,25.672083
2004-09-30,49.599998,48.540001,48.650002,25.965631
2004-10-01,50.160000,49.160000,50.080002,26.728855
2004-10-04,50.669998,49.580002,49.740002,26.547396
2004-10-05,50.389999,49.299999,49.349998,26.339245
2004-10-06,49.630001,49.150002,49.299999,26.312561
2004-10-07,49.330002,48.820000,49.009998,26.157787
2004-10-08,49.230000,48.709999,48.799999,26.045692
2004-10-11,48.980000,48.509998,48.730000,26.008347
2004-10-12,48.759998,48.279999,48.290001,25.773495
2004-10-13,48.509998,47.650002,48.049999,25.645393
2004-10-14,48.290001,47.810001,47.849998,25.538658
2004-10-15,48.470001,48.000000,48.299999,25.778814
2004-10-18,49.889999,48.750000,48.990002,26.147110
2004-10-19,49.580002,49.060001,49.200001,26.259182
2004-10-20,49.400002,48.549999,48.830002,26.061708
2004-10-21,49.090000,48.349998,48.860001,26.077715
2004-10-22,49.230000,48.439999,48.480000,25.874899
2004-10-25,48.380001,48.000000,48.230000,25.741478
2004-10-26,48.480000,47.910000,48.450001,25.858879
2004-10-27,49.709999,48.150002,49.650002,26.499357
2004-10-28,49.950001,49.330002,49.540001,26.440649
2004-10-29,49.820000,49.290001,49.580002,26.461990
2004-11-01,49.889999,49.070000,49.299999,26.312561
2004-11-02,50.259998,48.410000,49.639999,26.494017
2004-11-03,50.560001,49.900002,50.139999,26.760891
2004-11-04,51.250000,49.860001,51.209999,27.331968
2004-11-05,51.660000,51.099998,51.200001,27.326637
2004-11-08,51.230000,50.639999,50.869999,27.150507
2004-11-09,51.139999,50.720001,51.020000,27.230560
2004-11-10,51.630001,50.790001,51.320000,27.390675
2004-11-11,51.660000,50.849998,51.540001,27.508091
2004-11-12,52.490002,51.270000,52.220001,27.871031
2004-11-15,52.279999,51.720001,51.930000,27.716242
2004-11-16,51.980000,51.000000,51.250000,27.353319
2004-11-17,51.840000,50.689999,51.290001,27.374649
2004-11-18,51.599998,51.139999,51.230000,27.342636
2004-11-19,51.580002,50.790001,50.849998,27.139843
2004-11-22,51.480000,50.970001,51.220001,27.337303
2004-11-23,51.450001,50.779999,51.360001,27.412029
2004-11-24,51.599998,51.150002,51.250000,27.353319
2004-11-26,51.549999,51.080002,51.270000,27.363987
2004-11-29,51.240002,50.110001,50.450001,26.926325
2004-11-30,50.130001,49.820000,49.910000,26.638124
2004-12-01,50.860001,50.000000,50.820000,27.123819
2004-12-02,51.750000,50.580002,51.450001,27.460064
2004-12-03,51.980000,50.959999,51.090000,27.267921
2004-12-06,50.970001,50.500000,50.770000,27.097126
2004-12-07,51.150002,50.360001,50.490002,26.947693
2004-12-08,51.349998,50.509998,51.090000,27.392704
2004-12-09,51.740002,50.849998,51.590000,27.660789
2004-12-10,51.700001,50.820000,51.220001,27.462404
2004-12-13,51.720001,50.910000,51.709999,27.725126
2004-12-14,52.250000,51.400002,51.770000,27.757301
2004-12-15,52.900002,51.669998,52.740002,28.277378
2004-12-16,53.000000,52.090000,52.320000,28.052191
2004-12-17,52.900002,52.000000,52.009998,27.885979
2004-12-20,52.400002,51.700001,51.720001,27.730495
2004-12-21,52.200001,51.400002,52.099998,27.934240
2004-12-22,52.299999,51.820000,52.169998,27.971764
2004-12-23,52.410000,51.849998,51.939999,27.848436
2004-12-27,52.330002,51.790001,51.990002,27.875257
2004-12-28,52.490002,51.930000,52.490002,28.143333
2004-12-29,52.450001,52.009998,52.250000,28.014648
2004-12-30,52.700001,52.090000,52.250000,28.014648
2004-12-31,52.630001,52.139999,52.200001,27.987850
2005-01-03,52.500000,51.900002,51.939999,27.848436
2005-01-04,52.459999,51.340000,51.570000,27.650066
2005-01-05,52.150002,51.590000,51.630001,27.682234
2005-01-06,52.189999,51.389999,52.000000,27.880617
2005-01-07,52.730000,52.000000,52.450001,28.121887
2005-01-10,53.990002,52.349998,53.759998,28.824253
2005-01-11,53.799999,53.180000,53.470001,28.668776
2005-01-12,53.650002,53.000000,53.610001,28.743845
2005-01-13,53.570000,52.529999,52.919998,28.373884
2005-01-14,53.020000,52.619999,52.830002,28.325636
2005-01-18,53.619999,52.419998,53.490002,28.679501
2005-01-19,54.419998,53.500000,54.029999,28.969032
2005-01-20,54.220001,53.270000,53.549999,28.711668
2005-01-21,53.959999,53.400002,53.570000,28.722393
2005-01-24,53.709999,53.029999,53.310001,28.583000
2005-01-25,53.759998,53.279999,53.389999,28.625893
2005-01-26,53.930000,53.299999,53.410000,28.636608
2005-01-27,53.570000,53.200001,53.459999,28.663424
2005-01-28,53.410000,52.590000,53.220001,28.534746
2005-01-31,53.970001,53.459999,53.700001,28.792088
2005-02-01,54.029999,53.119999,53.880001,28.888611
2005-02-02,54.240002,53.650002,54.139999,29.028013
2005-02-03,54.730000,54.169998,54.330002,29.129881
2005-02-04,55.400002,54.000000,55.310001,29.655312
2005-02-07,55.000000,54.310001,54.700001,29.328243
2005-02-08,55.709999,54.459999,55.500000,29.757200
2005-02-09,55.500000,54.750000,54.990002,29.483761
2005-02-10,55.360001,54.790001,55.160000,29.574898
2005-02-11,55.549999,54.770000,55.099998,29.542721
2005-02-14,55.240002,54.660000,54.799999,29.381884
2005-02-15,54.860001,54.299999,54.639999,29.296089
2005-02-16,55.000000,54.310001,54.540001,29.242470
2005-02-17,54.639999,53.500000,53.730000,28.808197
2005-02-18,54.410000,53.590000,54.200001,29.060167
2005-02-22,54.240002,53.119999,53.180000,28.513292
2005-02-23,53.630001,52.849998,53.430000,28.647327
2005-02-24,53.660000,53.000000,53.650002,28.765299
2005-02-25,54.139999,53.180000,53.970001,28.936863
2005-02-28,54.200001,53.529999,53.860001,28.877888
2005-03-01,54.240002,53.759998,54.060001,28.985113
2005-03-02,54.180000,53.599998,54.009998,28.958300
2005-03-03,54.240002,53.650002,54.029999,28.969032
2005-03-04,54.200001,53.759998,53.959999,28.931505
2005-03-07,54.349998,53.880001,54.209999,29.065536
2005-03-08,54.299999,53.689999,53.840000,28.867163
2005-03-09,53.689999,52.619999,52.970001,28.522551
2005-03-10,53.419998,52.959999,53.150002,28.619473
2005-03-11,53.250000,52.500000,52.700001,28.377148
2005-03-14,53.029999,52.570000,52.730000,28.393314
2005-03-15,52.990002,52.459999,52.509998,28.274841
2005-03-16,52.459999,51.750000,52.150002,28.080997
2005-03-17,53.150002,51.849998,52.299999,28.161766
2005-03-18,52.720001,52.200001,52.619999,28.334087
2005-03-21,52.900002,52.310001,52.560001,28.301769
2005-03-22,52.980000,52.080002,52.099998,28.054071
2005-03-23,52.320000,51.910000,52.009998,28.005610
2005-03-24,52.380001,51.779999,51.919998,27.957150
2005-03-28,52.580002,52.009998,52.349998,28.188692
2005-03-29,52.709999,52.169998,52.290001,28.156382
2005-03-30,53.450001,52.349998,53.360001,28.732552
2005-03-31,53.400002,52.919998,53.029999,28.554848
2005-04-01,53.299999,52.509998,52.759998,28.409466
2005-04-04,52.950001,52.520000,52.740002,28.398691
2005-04-05,53.110001,52.700001,53.000000,28.538692
2005-04-06,53.290001,52.860001,52.900002,28.484846
2005-04-07,53.509998,52.919998,53.419998,28.764847
2005-04-08,53.650002,53.070000,53.080002,28.581772
2005-04-11,53.450001,53.029999,53.099998,28.592541
2005-04-12,53.919998,52.849998,53.639999,28.883318
2005-04-13,54.090000,53.580002,53.630001,28.877939
2005-04-14,55.310001,53.630001,55.139999,29.691011
2005-04-15,55.419998,54.759998,54.830002,29.524086
2005-04-18,54.660000,54.220001,54.490002,29.341009
2005-04-19,54.689999,54.189999,54.500000,29.346395
2005-04-20,54.529999,54.000000,54.160000,29.163309
2005-04-21,54.709999,54.150002,54.709999,29.459467
2005-04-22,54.959999,54.090000,54.470001,29.330231
2005-04-25,55.209999,54.509998,55.139999,29.691011
2005-04-26,55.340000,54.889999,55.200001,29.723316
2005-04-27,55.450001,55.000000,55.240002,29.744860
2005-04-28,55.250000,54.549999,55.099998,29.669468
2005-04-29,55.700001,54.869999,55.639999,29.960247
2005-05-02,55.959999,55.349998,55.910000,30.105637
2005-05-03,56.189999,55.650002,55.919998,30.111021
2005-05-04,56.680000,55.840000,56.619999,30.487932
2005-05-05,56.740002,56.040001,56.439999,30.391010
2005-05-06,56.799999,56.009998,56.040001,30.175625
2005-05-09,56.369999,55.880001,56.369999,30.353323
2005-05-10,56.689999,56.049999,56.369999,30.353323
2005-05-11,56.939999,56.299999,56.930000,30.654852
2005-05-12,57.000000,56.610001,56.680000,30.520248
2005-05-13,56.869999,56.250000,56.430000,30.385635
2005-05-16,56.770000,56.470001,56.660000,30.509480
2005-05-17,56.459999,55.980000,56.290001,30.310246
2005-05-18,56.840000,56.270000,56.689999,30.525631
2005-05-19,57.110001,56.599998,57.029999,30.708712
2005-05-20,57.200001,56.770000,57.119999,30.757164
2005-05-23,57.099998,56.599998,56.740002,30.552565
2005-05-24,56.939999,56.360001,56.770000,30.568710
2005-05-25,57.060001,56.520000,57.000000,30.692560
2005-05-26,57.200001,56.820000,57.009998,30.697952
2005-05-27,56.840000,56.410000,56.599998,30.477177
2005-05-31,56.689999,56.259998,56.259998,30.294088
2005-06-01,56.990002,56.110001,56.820000,30.595634
2005-06-02,57.040001,56.570000,56.900002,30.638731
2005-06-03,56.820000,55.830002,56.009998,30.159472
2005-06-06,56.200001,55.630001,55.770000,30.030235
2005-06-07,56.209999,55.820000,55.900002,30.100248
2005-06-08,55.939999,55.240002,55.480000,30.013685
2005-06-09,55.650002,55.160000,55.500000,30.024517
2005-06-10,55.549999,55.139999,55.520000,30.035339
2005-06-13,55.750000,55.200001,55.570000,30.062384
2005-06-14,55.650002,55.340000,55.549999,30.051558
2005-06-15,55.820000,55.340000,55.799999,30.186798
2005-06-16,56.099998,55.509998,56.040001,30.316624
2005-06-17,56.730000,55.740002,55.759998,30.165157
2005-06-20,56.070000,55.349998,56.000000,30.294994
2005-06-21,56.000000,55.599998,55.869999,30.224674
2005-06-22,55.990002,55.080002,55.220001,29.873043
2005-06-23,55.250000,54.610001,54.869999,29.683695
2005-06-24,55.060001,54.259998,54.270000,29.359097
2005-06-27,54.349998,53.750000,54.279999,29.364506
2005-06-28,55.169998,54.130001,54.830002,29.662041
2005-06-29,55.000000,54.360001,54.430000,29.445650
2005-06-30,54.430000,53.779999,53.930000,29.175171
2005-07-01,53.639999,52.860001,53.509998,28.947947
2005-07-05,53.810001,53.389999,53.549999,28.969606
2005-07-06,53.360001,52.560001,52.580002,28.444843
2005-07-07,52.950001,52.070000,52.779999,28.553038
2005-07-08,53.709999,52.650002,53.529999,28.958776
2005-07-11,54.400002,53.580002,53.849998,29.131893
2005-07-12,55.180000,54.400002,54.599998,29.537613
2005-07-13,55.090000,54.599998,54.869999,29.683695
2005-07-14,55.750000,55.099998,55.439999,29.992052
2005-07-15,55.790001,55.279999,55.450001,29.997456
2005-07-18,55.430000,54.630001,54.639999,29.559258
2005-07-19,55.700001,54.439999,55.540001,30.046143
2005-07-20,55.090000,53.900002,54.599998,29.537613
2005-07-21,55.000000,54.369999,54.680000,29.580894
2005-07-22,54.919998,54.250000,54.830002,29.662041
2005-07-25,55.070000,54.230000,54.570000,29.521391
2005-07-26,54.900002,54.410000,54.470001,29.467289
2005-07-27,54.939999,54.299999,54.750000,29.618771
2005-07-28,55.169998,54.750000,54.930000,29.716146
2005-07-29,55.160000,54.520000,54.529999,29.499752
2005-08-01,54.980000,53.950001,54.610001,29.543030
2005-08-02,54.950001,54.439999,54.840000,29.667454
2005-08-03,54.849998,54.439999,54.689999,29.586315
2005-08-04,54.930000,54.439999,54.700001,29.591719
2005-08-05,54.630001,54.099998,54.389999,29.424015
2005-08-08,54.580002,53.750000,53.900002,29.158945
2005-08-09,54.410000,53.799999,54.250000,29.348284
2005-08-10,54.950001,54.330002,54.380001,29.418598
2005-08-11,54.720001,54.200001,54.709999,29.597122
2005-08-12,54.830002,54.430000,54.610001,29.543030
2005-08-15,55.090000,54.410000,54.950001,29.726974
2005-08-16,55.240002,54.669998,54.790001,29.640404
2005-08-17,54.919998,54.400002,54.730000,29.607965
2005-08-18,54.889999,54.340000,54.580002,29.526798
2005-08-19,55.070000,54.619999,54.939999,29.721569
2005-08-22,55.630001,54.849998,55.049999,29.781052
2005-08-23,55.299999,54.869999,54.910000,29.705334
2005-08-24,55.099998,54.250000,54.320000,29.386164
2005-08-25,54.900002,54.299999,54.509998,29.488935
2005-08-26,54.419998,54.000000,54.310001,29.380745
2005-08-29,55.000000,53.959999,54.810001,29.651239
2005-08-30,54.889999,54.060001,54.799999,29.645824
2005-08-31,54.950001,53.930000,54.849998,29.672867
2005-09-01,55.299999,54.549999,54.950001,29.726974
2005-09-02,55.259998,54.599998,54.650002,29.564676
2005-09-06,55.389999,54.900002,55.189999,29.856800
2005-09-07,55.549999,54.930000,55.450001,30.139446
2005-09-08,55.480000,54.869999,55.110001,29.954641
2005-09-09,55.470001,54.910000,55.230000,30.019869
2005-09-12,55.549999,55.049999,55.430000,30.128582
2005-09-13,55.759998,54.880001,55.459999,30.144882
2005-09-14,55.799999,55.220001,55.349998,30.085091
2005-09-15,55.970001,55.349998,55.689999,30.269894
2005-09-16,56.049999,55.610001,56.000000,30.438400
2005-09-19,55.799999,55.200001,55.430000,30.128582
2005-09-20,55.580002,54.790001,54.799999,29.786139
2005-09-21,54.470001,54.000000,54.020000,29.362186
2005-09-22,54.209999,53.549999,54.150002,29.432844
2005-09-23,54.709999,54.009998,54.509998,29.628517
2005-09-26,55.099998,54.099998,54.349998,29.541540
2005-09-27,55.389999,54.490002,55.110001,29.954641
2005-09-28,55.500000,55.020000,55.060001,29.927460
2005-09-29,57.029999,55.849998,56.500000,30.710163
2005-09-30,56.939999,56.490002,56.709999,30.824305
2005-10-03,56.990002,56.360001,56.509998,30.715597
2005-10-04,57.349998,56.509998,56.529999,30.726477
2005-10-05,57.619999,56.599998,57.250000,31.117834
2005-10-06,58.150002,57.230000,57.959999,31.503740
2005-10-07,58.130001,57.000000,57.470001,31.237400
2005-10-10,57.720001,57.049999,57.299999,31.144999
2005-10-11,57.580002,56.860001,57.130001,31.052601
2005-10-12,57.759998,56.900002,57.709999,31.367857
2005-10-13,58.000000,57.200001,57.470001,31.237400
2005-10-14,57.820000,57.180000,57.509998,31.259138
2005-10-17,57.790001,57.169998,57.759998,31.395025
2005-10-18,58.660000,57.459999,58.320000,31.699408
2005-10-19,58.180000,57.480000,58.130001,31.596144
2005-10-20,58.599998,57.580002,57.669998,31.346115
2005-10-21,57.810001,57.160000,57.590000,31.302633
2005-10-24,57.980000,57.439999,57.959999,31.503740
2005-10-25,58.189999,57.500000,58.000000,31.525488
2005-10-26,58.139999,57.540001,57.549999,31.280884
2005-10-27,58.650002,57.520000,58.270000,31.672243
2005-10-28,58.950001,58.299999,58.830002,31.976620
2005-10-31,59.389999,58.779999,59.080002,32.112495
2005-11-01,59.240002,58.509998,58.560001,31.829853
2005-11-02,59.009998,58.650002,58.970001,32.052719
2005-11-03,59.200001,58.810001,59.049999,32.096191
2005-11-04,59.060001,58.020000,58.599998,31.851603
2005-11-07,58.779999,58.290001,58.560001,31.829853
2005-11-08,58.419998,57.720001,58.299999,31.688543
2005-11-09,58.599998,58.080002,58.299999,31.688543
2005-11-10,59.049999,58.270000,58.889999,32.009235
2005-11-11,59.020000,58.509998,58.700001,31.905951
2005-11-14,58.709999,58.360001,58.599998,31.851603
2005-11-15,58.869999,58.450001,58.700001,31.905951
2005-11-16,58.840000,58.580002,58.680000,31.895092
2005-11-17,58.700001,57.939999,58.240002,31.655930
2005-11-18,58.720001,58.009998,58.520000,31.808126
2005-11-21,58.619999,58.250000,58.400002,31.742907
2005-11-22,59.500000,58.490002,59.369999,32.270123
2005-11-23,59.770000,59.169998,59.599998,32.395134
2005-11-25,60.000000,59.790001,59.900002,32.558220
2005-11-28,60.090000,59.590000,59.619999,32.406010
2005-11-29,60.099998,59.720001,59.770000,32.487549
2005-11-30,60.090000,59.139999,59.200001,32.177734
2005-12-01,59.970001,59.439999,59.860001,32.536472
2005-12-02,60.049999,59.439999,59.900002,32.558220
2005-12-05,59.970001,59.610001,59.860001,32.536472
2005-12-06,60.340000,59.709999,59.709999,32.454941
2005-12-07,59.490002,59.000000,59.220001,32.329372
2005-12-08,59.520000,58.830002,59.070000,32.247482
2005-12-09,59.419998,58.910000,59.000000,32.209278
2005-12-12,59.750000,59.150002,59.310001,32.378506
2005-12-13,59.400002,58.689999,58.970001,32.192894
2005-12-14,59.770000,58.970001,59.250000,32.345745
2005-12-15,59.599998,59.020000,59.599998,32.536804
2005-12-16,60.250000,59.750000,59.820000,32.656918
2005-12-19,59.660000,59.310001,59.540001,32.504086
2005-12-20,59.900002,59.099998,59.169998,32.302074
2005-12-21,59.669998,59.009998,59.240002,32.340294
2005-12-22,59.540001,58.959999,59.220001,32.329372
2005-12-23,59.650002,58.930000,59.209999,32.323914
2005-12-27,59.599998,58.930000,59.189999,32.313004
2005-12-28,59.549999,59.020000,59.330002,32.389435
2005-12-29,59.549999,59.259998,59.540001,32.504086
2005-12-30,59.540001,59.020000,59.080002,32.252930
2006-01-03,59.919998,58.930000,59.759998,32.624172
2006-01-04,59.970001,59.349998,59.730000,32.607796
2006-01-05,59.880001,59.189999,59.380001,32.416721
2006-01-06,59.740002,59.240002,59.599998,32.536804
2006-01-09,59.610001,59.200001,59.299999,32.373070
2006-01-10,59.389999,58.830002,59.099998,32.263863
2006-01-11,59.500000,58.570000,58.860001,32.132851
2006-01-12,58.950001,58.430000,58.840000,32.121906
2006-01-13,59.139999,58.610001,58.700001,32.045490
2006-01-17,58.639999,58.139999,58.430000,31.898102
2006-01-18,58.770000,58.040001,58.389999,31.876255
2006-01-19,58.450001,57.919998,58.330002,31.843500
2006-01-20,58.279999,57.240002,57.279999,31.270288
2006-01-23,57.830002,57.220001,57.500000,31.390398
2006-01-24,58.389999,57.549999,58.040001,31.685192
2006-01-25,58.189999,57.410000,57.639999,31.466818
2006-01-26,57.959999,57.349998,57.400002,31.335793
2006-01-27,58.279999,56.000000,58.200001,31.772537
2006-01-30,58.299999,57.570000,57.639999,31.466818
2006-01-31,57.599998,56.950001,57.180000,31.215710
2006-02-01,57.299999,56.799999,57.270000,31.264828
2006-02-02,57.610001,57.000000,57.450001,31.363098
2006-02-03,57.590000,57.099998,57.340000,31.303043
2006-02-06,57.580002,56.770000,56.770000,30.991869
2006-02-07,57.279999,56.529999,56.860001,31.040997
2006-02-08,57.709999,56.950001,57.279999,31.270288
2006-02-09,58.080002,57.060001,57.709999,31.505035
2006-02-10,58.150002,57.299999,57.930000,31.625134
2006-02-13,57.840000,57.340000,57.599998,31.444992
2006-02-14,58.090000,57.320000,57.950001,31.636051
2006-02-15,58.049999,57.310001,57.880001,31.597855
2006-02-16,58.700001,57.580002,58.700001,32.045490
2006-02-17,59.119999,58.540001,58.919998,32.165592
2006-02-21,59.099998,58.720001,58.840000,32.121906
2006-02-22,59.169998,58.750000,59.000000,32.209278
2006-02-23,59.900002,58.599998,59.660000,32.569580
2006-02-24,59.700001,59.250000,59.540001,32.504086
2006-02-27,59.900002,59.500000,59.509998,32.487690
2006-02-28,59.430000,58.980000,59.110001,32.269314
2006-03-01,59.470001,58.970001,59.250000,32.345745
2006-03-02,59.400002,58.950001,59.279999,32.362122
2006-03-03,59.630001,59.020000,59.480000,32.471317
2006-03-06,59.689999,59.320000,59.680000,32.580486
2006-03-07,59.830002,59.459999,59.759998,32.624172
2006-03-08,59.930000,59.560001,59.820000,32.799633
2006-03-09,60.150002,59.680000,60.000000,32.898331
2006-03-10,60.389999,59.910000,60.340000,33.084747
2006-03-13,60.549999,59.900002,60.490002,33.167004
2006-03-14,60.500000,60.099998,60.430000,33.134102
2006-03-15,60.189999,59.590000,60.060001,32.931225
2006-03-16,60.200001,59.700001,59.900002,32.843498
2006-03-17,60.110001,59.730000,60.060001,32.931225
2006-03-20,60.130001,59.500000,59.860001,32.821556
2006-03-21,59.889999,59.320000,59.529999,32.640610
2006-03-22,59.900002,59.349998,59.820000,32.799633
2006-03-23,59.639999,58.980000,59.130001,32.421299
2006-03-24,59.540001,58.840000,59.340000,32.536438
2006-03-27,59.169998,58.849998,58.990002,32.344528
2006-03-28,58.810001,58.389999,58.439999,32.042946
2006-03-29,58.810001,58.130001,58.410000,32.026512
2006-03-30,58.590000,58.040001,58.110001,31.862022
2006-03-31,58.500000,57.740002,57.790001,31.686567
2006-04-03,58.240002,57.689999,57.849998,31.719469
2006-04-04,57.919998,57.619999,57.810001,31.697533
2006-04-05,58.020000,57.580002,57.889999,31.741409
2006-04-06,58.279999,57.549999,58.020000,31.812687
2006-04-07,58.380001,57.730000,57.799999,31.692064
2006-04-10,58.349998,57.759998,58.090000,31.851055
2006-04-11,58.209999,57.529999,57.810001,31.697533
2006-04-12,57.990002,57.790001,57.880001,31.735920
2006-04-13,58.119999,57.680000,57.869999,31.730436
2006-04-17,57.799999,57.310001,57.389999,31.467251
2006-04-18,58.290001,57.549999,58.080002,31.845573
2006-04-19,58.650002,57.950001,58.080002,31.845573
2006-04-20,58.209999,57.299999,57.299999,31.417902
2006-04-21,57.610001,57.090000,57.200001,31.363064
2006-04-24,57.560001,56.509998,57.270000,31.401445
2006-04-25,57.840000,57.009998,57.500000,31.527561
2006-04-26,58.029999,57.720001,57.860001,31.724970
2006-04-27,58.310001,56.950001,58.080002,31.845573
2006-04-28,58.349998,57.910000,58.240002,31.933298
2006-05-01,58.720001,57.980000,58.169998,31.894918
2006-05-02,58.169998,57.750000,57.950001,31.774313
2006-05-03,58.450001,57.689999,58.450001,32.048450
2006-05-04,58.990002,58.470001,58.740002,32.207458
2006-05-05,59.310001,58.799999,59.180000,32.448711
2006-05-08,59.250000,58.750000,58.900002,32.295189
2006-05-09,58.820000,58.419998,58.709999,32.191010
2006-05-10,59.009998,58.419998,58.840000,32.262276
2006-05-11,58.810001,58.169998,58.349998,31.993618
2006-05-12,58.680000,57.910000,58.639999,32.152622
2006-05-15,59.849998,58.509998,59.709999,32.739319
2006-05-16,60.000000,59.450001,59.660000,32.711899
2006-05-17,60.000000,59.160000,59.650002,32.706417
2006-05-18,59.470001,58.599998,58.689999,32.180031
2006-05-19,58.910000,58.099998,58.599998,32.130703
2006-05-22,59.580002,58.349998,59.270000,32.498066
2006-05-23,60.130001,59.549999,59.730000,32.750271
2006-05-24,60.520000,59.360001,60.360001,33.095707
2006-05-25,60.619999,60.110001,60.560001,33.205364
2006-05-26,60.770000,60.360001,60.660000,33.260216
2006-05-30,60.650002,60.209999,60.419998,33.128605
2006-05-31,60.520000,60.020000,60.459999,33.150547
2006-06-01,61.189999,60.340000,61.099998,33.501465
2006-06-02,61.000000,60.220001,60.669998,33.265694
2006-06-05,60.500000,59.660000,59.750000,32.761257
2006-06-06,60.520000,59.750000,60.520000,33.183434
2006-06-07,60.790001,60.299999,60.299999,33.227528
2006-06-08,60.520000,59.869999,60.130001,33.133850
2006-06-09,60.299999,59.700001,59.930000,33.023640
2006-06-12,60.099998,59.560001,59.720001,32.907932
2006-06-13,59.840000,58.919998,58.990002,32.505680
2006-06-14,59.080002,58.549999,58.860001,32.434032
2006-06-15,59.080002,58.619999,59.080002,32.555264
2006-06-16,59.849998,59.380001,59.700001,32.896896
2006-06-19,60.080002,59.110001,59.310001,32.681995
2006-06-20,59.860001,59.110001,59.290001,32.670979
2006-06-21,59.939999,59.310001,59.610001,32.847305
2006-06-22,60.369999,59.320000,60.020000,33.073235
2006-06-23,60.029999,59.450001,59.490002,32.781178
2006-06-26,59.610001,59.070000,59.509998,32.792198
2006-06-27,59.590000,58.650002,59.110001,32.571785
2006-06-28,59.369999,58.770000,58.910000,32.461578
2006-06-29,59.590000,59.070000,59.500000,32.786697
2006-06-30,60.500000,59.549999,60.040001,33.084255
2006-07-03,60.730000,60.200001,60.270000,33.210979
2006-07-05,60.720001,60.099998,60.270000,33.210979
2006-07-06,60.669998,60.070000,60.360001,33.260571
2006-07-07,60.720001,60.230000,60.459999,33.315693
2006-07-10,61.020000,60.610001,60.950001,33.585705
2006-07-11,61.599998,60.779999,61.590000,33.938362
2006-07-12,62.000000,61.049999,61.099998,33.668354
2006-07-13,62.340000,61.599998,62.070000,34.202866
2006-07-14,62.099998,61.509998,61.799999,34.054085
2006-07-17,62.349998,61.340000,62.279999,34.318577
2006-07-18,63.250000,62.279999,63.209999,34.831039
2006-07-19,63.549999,62.529999,62.669998,34.533482
2006-07-20,63.090000,62.480000,62.480000,34.428783
2006-07-21,63.040001,62.310001,62.759998,34.583084
2006-07-24,63.400002,62.709999,63.349998,34.908176
2006-07-25,63.540001,62.540001,62.720001,34.561047
2006-07-26,63.980000,62.820000,63.630001,35.062469
2006-07-27,63.849998,62.410000,62.490002,34.434307
2006-07-28,63.340000,62.730000,63.130001,34.786968
2006-07-31,63.560001,62.869999,63.380001,34.924721
2006-08-01,63.730000,62.849998,63.169998,34.809006
2006-08-02,63.240002,62.369999,63.200001,34.825527
2006-08-03,63.389999,62.830002,62.840000,34.627163
2006-08-04,63.369999,62.549999,63.169998,34.809006
2006-08-07,63.240002,62.730000,63.160000,34.803478
2006-08-08,63.810001,63.330002,63.619999,35.056969
2006-08-09,63.939999,62.840000,62.840000,34.627163
2006-08-10,63.480000,62.810001,63.200001,34.825527
2006-08-11,63.470001,62.959999,63.330002,34.897175
2006-08-14,63.959999,63.299999,63.950001,35.238800
2006-08-15,64.000000,63.419998,63.590000,35.040432
2006-08-16,63.580002,63.130001,63.290001,34.875118
2006-08-17,63.290001,62.419998,62.660000,34.527985
2006-08-18,63.099998,62.310001,63.009998,34.720829
2006-08-21,63.480000,63.000000,63.299999,34.880646
2006-08-22,63.830002,63.200001,63.740002,35.123100
2006-08-23,64.139999,63.310001,64.070000,35.304939
2006-08-24,64.559998,63.849998,64.139999,35.343510
2006-08-25,64.379997,63.730000,64.180000,35.365559
2006-08-28,65.070000,63.869999,65.000000,35.817387
2006-08-29,65.900002,64.860001,65.809998,36.263729
2006-08-30,65.989998,65.449997,65.639999,36.170067
2006-08-31,65.730003,65.269997,65.279999,35.971695
2006-09-01,65.750000,65.190002,65.410004,36.043339
2006-09-05,65.410004,65.180000,65.199997,35.927608
2006-09-06,65.099998,64.779999,64.930000,35.944202
2006-09-07,64.629997,64.099998,64.220001,35.551174
2006-09-08,65.029999,64.300003,64.730003,35.833492
2006-09-11,64.879997,64.370003,64.720001,35.827972
2006-09-12,65.199997,64.489998,65.199997,36.093681
2006-09-13,64.849998,64.419998,64.639999,35.783680
2006-09-14,64.870003,64.500000,64.550003,35.733837
2006-09-15,65.120003,64.650002,65.029999,35.999561
2006-09-18,65.470001,64.339996,64.480003,35.695103
2006-09-19,64.870003,64.250000,64.769997,35.855648
2006-09-20,65.389999,64.760002,65.120003,36.049400
2006-09-21,65.440002,64.410004,64.610001,35.767075
2006-09-22,64.589996,64.050003,64.279999,35.584377
2006-09-25,65.419998,64.430000,65.070000,36.021713
2006-09-26,65.489998,65.040001,65.430000,36.221001
2006-09-27,65.989998,65.160004,65.910004,36.486736
2006-09-28,65.870003,65.199997,65.300003,36.149052
2006-09-29,65.419998,65.050003,65.260002,36.126904
2006-10-02,65.300003,64.169998,64.330002,35.612064
2006-10-03,65.040001,64.050003,64.660004,35.794754
2006-10-04,65.199997,64.449997,64.910004,35.933144
2006-10-05,64.900002,64.099998,64.779999,35.861183
2006-10-06,64.779999,64.169998,64.419998,35.661884
2006-10-09,64.500000,63.470001,63.720001,35.274368
2006-10-10,63.840000,63.139999,63.410000,35.102768
2006-10-11,64.129997,62.619999,63.860001,35.351871
2006-10-12,63.500000,62.160000,62.849998,34.792759
2006-10-13,62.630001,61.950001,62.450001,34.571335
2006-10-16,62.820000,62.259998,62.680000,34.698639
2006-10-17,62.750000,62.240002,62.369999,34.527039
2006-10-18,63.250000,62.360001,63.189999,34.980991
2006-10-19,63.250000,62.470001,62.820000,34.776157
2006-10-20,63.189999,62.419998,62.810001,34.770630
2006-10-23,63.599998,62.619999,63.180000,34.975441
2006-10-24,63.480000,62.700001,63.200001,34.986515
2006-10-25,63.900002,62.939999,63.639999,35.230095
2006-10-26,63.980000,63.400002,63.820000,35.329750
2006-10-27,63.759998,63.380001,63.540001,35.174736
2006-10-30,63.799999,63.330002,63.529999,35.169205
2006-10-31,63.740002,63.060001,63.439999,35.119373
2006-11-01,63.650002,63.279999,63.349998,35.069557
2006-11-02,63.470001,63.049999,63.209999,34.992046
2006-11-03,63.419998,62.959999,63.240002,35.008659
2006-11-06,63.380001,63.049999,63.279999,35.030807
2006-11-07,63.540001,63.090000,63.400002,35.097237
2006-11-08,63.750000,63.250000,63.529999,35.169205
2006-11-09,63.500000,62.540001,62.689999,34.704193
2006-11-10,62.799999,62.470001,62.549999,34.626678
2006-11-13,62.439999,61.160000,61.410000,33.995594
2006-11-14,62.080002,61.279999,61.939999,34.289001
2006-11-15,61.970001,61.150002,61.240002,33.901497
2006-11-16,62.110001,61.439999,61.799999,34.211483
2006-11-17,62.380001,61.779999,62.279999,34.477222
2006-11-20,62.740002,62.029999,62.500000,34.598999
2006-11-21,62.900002,62.400002,62.560001,34.632210
2006-11-22,62.720001,62.299999,62.540001,34.621155
2006-11-24,62.730000,62.000000,62.340000,34.510437
2006-11-27,62.270000,61.419998,61.500000,34.045410
2006-11-28,61.919998,61.209999,61.820000,34.222576
2006-11-29,62.520000,61.650002,62.470001,34.582405
2006-11-30,62.500000,61.900002,61.970001,34.305603
2006-12-01,62.110001,61.459999,61.959999,34.300060
2006-12-04,63.169998,62.080002,62.880001,34.809368
2006-12-05,64.169998,62.900002,64.169998,35.523495
2006-12-06,64.000000,63.400002,63.709999,35.434505
2006-12-07,63.910000,63.230000,63.419998,35.273212
2006-12-08,63.770000,63.000000,63.270000,35.189789
2006-12-11,63.380001,62.520000,62.759998,34.906124
2006-12-12,63.099998,62.400002,62.849998,34.956181
2006-12-13,63.310001,62.490002,62.759998,34.906124
2006-12-14,62.860001,62.389999,62.500000,34.761532
2006-12-15,63.349998,62.049999,62.869999,34.967319
2006-12-18,63.340000,62.740002,63.070000,35.078541
2006-12-19,63.540001,62.750000,63.279999,35.195354
2006-12-20,63.509998,63.090000,63.299999,35.206470
2006-12-21,63.500000,63.040001,63.389999,35.256527
2006-12-22,63.730000,62.950001,63.099998,35.095222
2006-12-26,63.240002,62.570000,62.840000,34.950611
2006-12-27,63.150002,62.590000,62.889999,34.978424
2006-12-28,63.360001,62.759998,63.250000,35.178661
2006-12-29,63.400002,62.549999,62.549999,34.789322
2007-01-03,63.349998,62.450001,62.720001,34.883873
2007-01-04,63.250000,62.500000,63.150002,35.123035
2007-01-05,63.220001,62.700001,62.950001,35.011803
2007-01-08,63.270000,62.860001,63.090000,35.089661
2007-01-09,63.470001,63.009998,63.349998,35.234276
2007-01-10,64.290001,62.290001,64.150002,35.679237
2007-01-11,65.059998,64.199997,64.949997,36.124180
2007-01-12,65.250000,64.589996,64.699997,35.985123
2007-01-16,64.989998,64.500000,64.849998,36.068546
2007-01-17,65.000000,64.559998,65.000000,36.151989
2007-01-18,65.540001,64.220001,64.919998,36.107487
2007-01-19,65.010002,64.669998,64.820000,36.051861
2007-01-22,65.129997,64.540001,64.809998,36.046295
2007-01-23,65.110001,64.650002,64.839996,36.063007
2007-01-24,65.199997,64.500000,65.199997,36.263210
2007-01-25,65.070000,64.330002,64.419998,35.829395
2007-01-26,64.809998,64.400002,64.449997,35.846073
2007-01-29,64.849998,64.400002,64.599998,35.929508
2007-01-30,65.209999,64.400002,65.089996,36.202026
2007-01-31,65.360001,64.879997,65.239998,36.285465
2007-02-01,65.389999,64.680000,65.379997,36.363323
2007-02-02,65.300003,64.639999,65.040001,36.174210
2007-02-05,65.000000,64.440002,64.830002,36.057426
2007-02-06,64.940002,64.360001,64.389999,35.812710
2007-02-07,64.699997,64.220001,64.500000,35.873878
2007-02-08,64.110001,62.799999,63.310001,35.212025
2007-02-09,64.150002,62.560001,63.910000,35.545727
2007-02-12,64.000000,63.560001,63.720001,35.440071
2007-02-13,64.139999,63.410000,63.810001,35.490120
2007-02-14,63.959999,63.349998,63.349998,35.234276
2007-02-15,64.519997,63.250000,64.080002,35.640270
2007-02-16,64.949997,64.129997,64.620003,35.940624
2007-02-20,64.760002,64.230003,64.610001,35.935062
2007-02-21,65.209999,64.400002,65.019997,36.163101
2007-02-22,65.000000,64.230003,64.660004,35.962891
2007-02-23,64.680000,64.230003,64.580002,35.918388
2007-02-26,64.910004,64.379997,64.489998,35.868328
2007-02-27,65.000000,62.500000,62.759998,34.906124
2007-02-28,63.459999,62.509998,63.150002,35.123035
2007-03-01,63.720001,62.500000,63.430000,35.278759
2007-03-02,63.660000,62.840000,62.930000,35.000671
2007-03-05,63.200001,62.759998,62.770000,34.911697
2007-03-06,63.320000,62.889999,63.259998,35.184223
2007-03-07,63.169998,62.610001,62.750000,35.066875
2007-03-08,63.240002,62.570000,63.049999,35.234516
2007-03-09,63.150002,62.619999,62.880001,35.139503
2007-03-12,63.320000,62.700001,63.169998,35.301579
2007-03-13,63.700001,62.009998,62.160000,34.737152
2007-03-14,63.000000,61.889999,62.689999,35.033333
2007-03-15,63.439999,62.610001,62.990002,35.200974
2007-03-16,63.770000,62.279999,62.570000,34.966278
2007-03-19,63.200001,62.750000,62.840000,35.117153
2007-03-20,63.509998,62.660000,63.400002,35.430111
2007-03-21,64.300003,63.180000,64.180000,35.865990
2007-03-22,64.330002,63.500000,64.110001,35.826881
2007-03-23,64.160004,63.759998,64.089996,35.815704
2007-03-26,64.040001,63.320000,63.889999,35.703922
2007-03-27,63.500000,62.869999,62.950001,35.178638
2007-03-28,63.330002,62.669998,62.889999,35.145096
2007-03-29,63.669998,62.570000,63.590000,35.536274
2007-03-30,64.000000,62.900002,63.560001,35.519527
2007-04-02,63.700001,63.119999,63.389999,35.424515
2007-04-03,63.799999,63.270000,63.400002,35.430111
2007-04-04,63.840000,63.340000,63.730000,35.614517
2007-04-05,63.830002,63.430000,63.680000,35.586578
2007-04-09,63.750000,62.959999,62.990002,35.200974
2007-04-10,63.459999,62.869999,63.410000,35.435703
2007-04-11,63.419998,63.000000,63.209999,35.323940
2007-04-12,64.309998,63.650002,64.160004,35.854832
2007-04-13,64.589996,64.000000,64.400002,35.988926
2007-04-16,64.690002,64.309998,64.559998,36.078354
2007-04-17,66.010002,64.440002,65.800003,36.771309
2007-04-18,65.980003,65.519997,65.919998,36.838360
2007-04-19,66.029999,65.550003,66.029999,36.899834
2007-04-20,66.820000,66.250000,66.650002,37.246326
2007-04-23,66.959999,66.550003,66.589996,37.212795
2007-04-24,66.860001,66.129997,66.410004,37.112186
2007-04-25,67.239998,66.300003,66.980003,37.430740
2007-04-26,67.400002,66.309998,66.410004,37.112186
2007-04-27,66.570000,65.779999,66.290001,37.045139
2007-04-30,66.720001,66.070000,66.089996,36.933380
2007-05-01,66.510002,65.970001,66.400002,37.106613
2007-05-02,67.099998,66.510002,67.019997,37.453094
2007-05-03,67.720001,67.050003,67.309998,37.615154
2007-05-04,67.599998,67.220001,67.419998,37.676617
2007-05-07,67.690002,67.300003,67.480003,37.710148
2007-05-08,67.599998,67.099998,67.150002,37.525734
2007-05-09,67.489998,67.040001,67.169998,37.536915
2007-05-10,67.169998,66.320000,66.349998,37.078667
2007-05-11,66.849998,66.190002,66.800003,37.330151
2007-05-14,67.000000,66.449997,66.790001,37.324547
2007-05-15,67.589996,66.900002,67.449997,37.693398
2007-05-16,68.800003,67.269997,68.639999,38.358387
2007-05-17,68.709999,68.129997,68.489998,38.274567
2007-05-18,69.639999,68.690002,69.480003,38.827808
2007-05-21,69.410004,68.389999,69.029999,38.576332
2007-05-22,69.000000,68.370003,68.669998,38.375168
2007-05-23,68.919998,68.540001,68.690002,38.386356
2007-05-24,69.059998,68.370003,68.449997,38.252216
2007-05-25,69.000000,68.379997,68.820000,38.458981
2007-05-29,69.000000,68.330002,68.480003,38.268997
2007-05-30,68.760002,68.059998,68.570000,38.319283
2007-05-31,68.910004,68.260002,68.330002,38.185146
2007-06-01,68.959999,68.349998,68.699997,38.391933
2007-06-04,68.699997,68.000000,68.309998,38.173985
2007-06-05,68.360001,67.589996,67.620003,37.788399
2007-06-06,67.500000,67.000000,67.059998,37.684422
2007-06-07,67.160004,66.290001,66.349998,37.285446
2007-06-08,66.639999,65.830002,66.610001,37.431534
2007-06-11,66.610001,65.980003,66.040001,37.111225
2007-06-12,66.639999,65.769997,66.029999,37.105614
2007-06-13,66.419998,65.540001,66.389999,37.307919
2007-06-14,67.089996,66.349998,66.889999,37.588902
2007-06-15,67.760002,66.660004,66.680000,37.470886
2007-06-18,66.900002,66.540001,66.589996,37.420315
2007-06-19,66.389999,65.519997,65.800003,36.976376
2007-06-20,66.419998,65.519997,65.519997,36.819016
2007-06-21,66.070000,65.500000,65.879997,37.021320
2007-06-22,65.980003,64.709999,64.860001,36.448151
2007-06-25,65.199997,64.330002,64.650002,36.330135
2007-06-26,65.199997,64.510002,64.660004,36.335739
2007-06-27,65.540001,64.250000,65.169998,36.622334
2007-06-28,65.709999,64.699997,65.250000,36.667290
2007-06-29,65.610001,64.360001,64.849998,36.442513
2007-07-02,66.000000,65.000000,65.300003,36.695408
2007-07-03,65.709999,65.040001,65.589996,36.858360
2007-07-05,66.510002,65.680000,65.910004,37.038193
2007-07-06,66.419998,65.650002,66.220001,37.212383
2007-07-09,66.440002,66.000000,66.050003,37.116859
2007-07-10,66.550003,65.839996,65.870003,37.015705
2007-07-11,66.209999,65.470001,66.110001,37.150570
2007-07-12,67.000000,66.000000,66.940002,37.617001
2007-07-13,67.000000,66.260002,66.849998,37.566402
2007-07-16,67.250000,66.559998,66.989998,37.645084
2007-07-17,67.250000,66.250000,66.400002,37.313534
2007-07-18,66.550003,65.599998,66.129997,37.161812
2007-07-19,66.519997,65.250000,65.470001,36.790932
2007-07-20,65.199997,64.250000,64.669998,36.341362
2007-07-23,66.870003,64.750000,66.589996,37.420315
2007-07-24,66.900002,65.610001,66.260002,37.234863
2007-07-25,68.959999,66.820000,68.320000,38.392483
2007-07-26,68.250000,66.400002,66.839996,37.560795
2007-07-27,67.279999,65.629997,65.660004,36.897694
2007-07-30,68.900002,65.129997,65.900002,37.032570
2007-07-31,66.500000,65.559998,65.620003,36.875221
2007-08-01,66.739998,65.099998,66.430000,37.330379
2007-08-02,67.220001,66.250000,66.809998,37.543930
2007-08-03,67.589996,66.430000,66.470001,37.352875
2007-08-06,68.550003,66.750000,68.510002,38.499256
2007-08-07,69.830002,67.949997,69.160004,38.864555
2007-08-08,70.169998,68.510002,69.940002,39.302845
2007-08-09,70.250000,68.500000,68.500000,38.493618
2007-08-10,68.629997,67.199997,67.949997,38.184578
2007-08-13,68.669998,67.199997,68.080002,38.257618
2007-08-14,68.550003,66.830002,67.160004,37.740620
2007-08-15,68.519997,66.800003,67.339996,37.841763
2007-08-16,68.570000,66.500000,68.370003,38.420578
2007-08-17,69.820000,68.279999,69.379997,38.988136
2007-08-20,69.650002,68.150002,68.610001,38.555450
2007-08-21,68.820000,68.099998,68.449997,38.465530
2007-08-22,68.900002,67.800003,68.800003,38.662220
2007-08-23,69.019997,67.440002,67.910004,38.162090
2007-08-24,68.389999,67.830002,68.220001,38.336292
2007-08-27,68.389999,67.750000,68.099998,38.268864
2007-08-28,68.180000,67.339996,67.510002,37.937298
2007-08-29,68.290001,67.339996,68.190002,38.319450
2007-08-30,68.260002,67.610001,67.860001,38.133991
2007-08-31,68.730003,67.500000,68.029999,38.229519
2007-09-04,68.900002,68.169998,68.610001,38.555450
2007-09-05,68.220001,66.629997,67.940002,38.388775
2007-09-06,69.050003,67.320000,68.559998,38.739082
2007-09-07,68.620003,67.680000,67.980003,38.411381
2007-09-10,68.839996,68.019997,68.459999,38.682587
2007-09-11,69.989998,69.019997,69.870003,39.479286
2007-09-12,69.970001,69.370003,69.580002,39.315441
2007-09-13,70.480003,69.599998,69.879997,39.484928
2007-09-14,70.269997,69.400002,69.559998,39.304138
2007-09-17,70.059998,69.120003,69.800003,39.439732
2007-09-18,71.099998,69.709999,70.879997,40.049980
2007-09-19,71.349998,70.080002,71.110001,40.179935
2007-09-20,71.449997,70.830002,71.029999,40.134724
2007-09-21,71.989998,71.029999,71.440002,40.366398
2007-09-24,71.900002,70.949997,71.250000,40.259037
2007-09-25,71.730003,70.750000,71.220001,40.242085
2007-09-26,72.540001,71.330002,72.230003,40.812790
2007-09-27,72.849998,72.230003,72.620003,41.033154
2007-09-28,73.290001,72.500000,73.260002,41.394772
2007-10-01,74.239998,73.500000,74.010002,41.818550
2007-10-02,74.250000,73.339996,73.760002,41.677288
2007-10-03,73.699997,73.199997,73.470001,41.513416
2007-10-04,73.879997,73.010002,73.870003,41.739437
2007-10-05,74.190002,73.239998,73.739998,41.665985
2007-10-08,73.949997,73.400002,73.910004,41.762062
2007-10-09,73.690002,72.930000,73.209999,41.366512
2007-10-10,74.190002,73.099998,73.599998,41.586887
2007-10-11,74.099998,70.820000,71.769997,40.552856
2007-10-12,72.470001,71.400002,71.779999,40.558521
2007-10-15,71.970001,70.790001,71.349998,40.315536
2007-10-16,72.050003,71.050003,71.870003,40.609371
2007-10-17,72.790001,71.610001,72.110001,40.744976
2007-10-18,72.440002,71.709999,71.879997,40.615009
2007-10-19,71.849998,70.349998,70.400002,39.778763
2007-10-22,71.220001,69.980003,71.169998,40.213829
2007-10-23,71.580002,70.709999,71.529999,40.417263
2007-10-24,71.900002,70.940002,71.800003,40.569836
2007-10-25,72.370003,71.620003,71.980003,40.671528
2007-10-26,72.459999,71.500000,72.339996,40.874928
2007-10-29,73.870003,72.169998,73.699997,41.643402
2007-10-30,74.320000,73.099998,73.839996,41.722481
2007-10-31,74.300003,72.849998,73.720001,41.654686
2007-11-01,73.900002,72.389999,72.389999,40.903187
2007-11-02,73.629997,72.370003,72.980003,41.236549
2007-11-05,73.559998,72.620003,72.760002,41.112267
2007-11-06,73.889999,72.760002,73.489998,41.524723
2007-11-07,73.320000,72.190002,72.339996,40.874928
2007-11-08,73.750000,72.000000,73.500000,41.530396
2007-11-09,74.230003,72.809998,73.480003,41.519081
2007-11-12,73.690002,72.500000,72.570000,41.004902
2007-11-13,73.419998,72.099998,73.339996,41.439980
2007-11-14,74.959999,72.860001,74.059998,41.846813
2007-11-15,74.860001,73.379997,73.580002,41.575600
2007-11-16,74.389999,73.160004,74.150002,41.897659
2007-11-19,75.400002,73.550003,75.080002,42.423157
2007-11-20,75.580002,73.970001,74.839996,42.287529
2007-11-21,76.290001,74.419998,75.040001,42.400536
2007-11-23,75.690002,74.760002,75.510002,42.666107
2007-11-26,76.410004,74.510002,74.690002,42.202805
2007-11-27,76.129997,74.440002,75.919998,42.897778
2007-11-28,77.410004,75.470001,77.160004,43.598427
2007-11-29,77.070000,76.089996,76.540001,43.248096
2007-11-30,77.180000,76.040001,77.180000,43.609726
2007-12-03,77.510002,76.370003,76.580002,43.270687
2007-12-04,77.000000,76.239998,76.650002,43.310246
2007-12-05,76.790001,75.620003,76.269997,43.307423
2007-12-06,77.169998,76.040001,77.029999,43.738945
2007-12-07,77.750000,76.910004,77.000000,43.721931
2007-12-10,77.570000,76.910004,77.279999,43.880901
2007-12-11,78.089996,76.339996,76.480003,43.426659
2007-12-12,78.570000,77.199997,78.089996,44.340843
2007-12-13,78.779999,77.529999,78.690002,44.681526
2007-12-14,79.000000,78.370003,78.459999,44.550926
2007-12-17,78.889999,77.199997,77.370003,43.932007
2007-12-18,78.080002,76.519997,77.019997,43.733257
2007-12-19,77.389999,76.320000,76.790001,43.602669
2007-12-20,77.220001,76.110001,76.489998,43.432331
2007-12-21,77.879997,76.769997,77.349998,43.920677
2007-12-24,78.000000,77.010002,77.709999,44.125076
2007-12-26,77.980003,76.919998,77.279999,43.880901
2007-12-27,77.860001,76.589996,76.699997,43.551579
2007-12-28,77.320000,76.570000,77.029999,43.738945
2007-12-31,76.930000,75.750000,75.900002,43.097328
2008-01-02,76.410004,74.709999,75.290001,42.750957
2008-01-03,76.839996,75.290001,75.779999,43.029167
2008-01-04,76.400002,75.290001,75.550003,42.898571
2008-01-07,77.440002,75.699997,77.320000,43.903625
2008-01-08,78.989998,77.169998,77.940002,44.255672
2008-01-09,79.320000,77.980003,78.739998,44.709923
2008-01-10,79.790001,78.220001,79.570000,45.181217
2008-01-11,79.169998,76.690002,77.779999,44.164806
2008-01-14,78.389999,76.650002,76.919998,43.676476
2008-01-15,76.550003,74.709999,74.830002,42.489769
2008-01-16,74.849998,73.279999,73.540001,41.757286
2008-01-17,73.699997,71.839996,72.099998,40.939617
2008-01-18,73.160004,70.949997,71.459999,40.576214
2008-01-22,70.000000,67.370003,69.440002,39.429218
2008-01-23,70.919998,67.709999,70.500000,40.031105
2008-01-24,70.669998,69.550003,69.730003,39.593884
2008-01-25,70.480003,68.699997,68.919998,39.133949
2008-01-28,70.309998,68.610001,70.269997,39.900509
2008-01-29,70.570000,68.300003,68.629997,38.969292
2008-01-30,68.760002,67.199997,67.389999,38.265213
2008-01-31,68.489998,66.300003,68.050003,38.639957
2008-02-01,69.080002,67.980003,68.830002,39.082855
2008-02-04,69.339996,68.529999,69.220001,39.304302
2008-02-05,68.639999,67.410004,67.949997,38.583191
2008-02-06,68.379997,66.320000,66.730003,37.890446
2008-02-07,70.529999,67.800003,70.410004,39.979996
2008-02-08,70.559998,69.500000,69.809998,39.639317
2008-02-11,71.199997,69.300003,70.959999,40.292305
2008-02-12,72.239998,70.959999,71.959999,40.860119
2008-02-13,72.750000,71.419998,71.629997,40.672733
2008-02-14,72.139999,71.199997,71.570000,40.638660
2008-02-15,71.769997,71.169998,71.730003,40.729519
2008-02-19,72.500000,71.089996,71.139999,40.394512
2008-02-20,71.959999,70.099998,71.120003,40.383152
2008-02-21,71.680000,70.830002,71.080002,40.360451
2008-02-22,71.489998,70.540001,71.379997,40.530792
2008-02-25,71.930000,70.959999,71.589996,40.650017
2008-02-26,71.559998,70.910004,71.330002,40.502396
2008-02-27,71.720001,71.010002,71.199997,40.428577
2008-02-28,71.209999,70.349998,71.059998,40.349091
2008-02-29,70.669998,69.349998,69.559998,39.497368
2008-03-03,70.250000,69.169998,70.169998,39.843742
2008-03-04,70.360001,69.320000,70.040001,39.769924
2008-03-05,70.720001,69.000000,70.279999,40.120998
2008-03-06,70.900002,69.959999,70.120003,40.029678
2008-03-07,70.309998,69.290001,69.589996,39.727093
2008-03-10,69.790001,68.830002,69.019997,39.401699
2008-03-11,70.430000,68.980003,69.949997,39.932606
2008-03-12,70.320000,69.400002,69.559998,39.709961
2008-03-13,69.739998,68.260002,69.239998,39.527287
2008-03-14,69.750000,68.029999,68.449997,39.076294
2008-03-17,70.050003,67.949997,69.150002,39.475910
2008-03-18,70.360001,69.169998,70.019997,39.972576
2008-03-19,71.500000,69.730003,70.180000,40.063911
2008-03-20,71.419998,70.000000,71.190002,40.640495
2008-03-24,71.919998,70.860001,71.449997,40.788921
2008-03-25,72.209999,71.190002,71.540001,40.840305
2008-03-26,71.750000,71.059998,71.160004,40.623383
2008-03-27,71.900002,70.940002,71.190002,40.640495
2008-03-28,72.000000,71.400002,71.559998,40.851707
2008-03-31,72.349998,71.279999,72.199997,41.217079
2008-04-01,72.169998,71.040001,72.129997,41.177105
2008-04-02,71.930000,71.239998,71.419998,40.771782
2008-04-03,71.900002,71.059998,71.400002,40.760391
2008-04-04,72.120003,71.300003,71.529999,40.834610
2008-04-07,72.059998,71.150002,71.860001,41.022991
2008-04-08,71.690002,71.129997,71.279999,40.691875
2008-04-09,71.330002,70.620003,70.970001,40.514904
2008-04-10,72.080002,70.739998,71.699997,40.931633
2008-04-11,71.830002,71.110001,71.400002,40.760391
2008-04-14,71.870003,70.919998,70.949997,40.503490
2008-04-15,71.459999,70.779999,71.220001,40.657616
2008-04-16,71.680000,70.389999,71.110001,40.594826
2008-04-17,71.279999,70.370003,70.769997,40.400734
2008-04-18,71.589996,69.860001,70.599998,40.303677
2008-04-21,70.769997,69.830002,69.900002,39.904068
2008-04-22,69.849998,68.629997,69.099998,39.447376
2008-04-23,69.970001,68.790001,69.190002,39.498756
2008-04-24,69.589996,68.000000,68.000000,38.819408
2008-04-25,68.349998,67.209999,67.620003,38.602482
2008-04-28,68.699997,67.290001,68.160004,38.910744
2008-04-29,68.500000,67.779999,68.199997,38.933590
2008-04-30,69.389999,67.809998,68.529999,39.121960
2008-05-01,68.750000,68.029999,68.500000,39.104843
2008-05-02,69.820000,68.769997,69.099998,39.447376
2008-05-05,69.720001,68.320000,68.570000,39.144802
2008-05-06,68.720001,67.870003,68.570000,39.144802
2008-05-07,69.120003,67.839996,68.010002,38.825108
2008-05-08,68.419998,67.239998,67.540001,38.556820
2008-05-09,67.910004,66.809998,67.510002,38.539684
2008-05-12,67.709999,66.959999,67.349998,38.448341
2008-05-13,67.680000,66.849998,67.250000,38.391262
2008-05-14,67.980003,67.040001,67.099998,38.305637
2008-05-15,68.339996,67.120003,68.070000,38.859375
2008-05-16,68.440002,67.760002,67.870003,38.745197
2008-05-19,68.120003,67.500000,68.029999,38.836533
2008-05-20,67.959999,67.220001,67.459999,38.511147
2008-05-21,68.209999,67.160004,67.269997,38.402664
2008-05-22,68.669998,67.500000,68.379997,39.036350
2008-05-23,68.379997,67.879997,68.260002,38.967838
2008-05-27,69.099998,68.050003,69.010002,39.395996
2008-05-28,69.000000,67.800003,67.930000,38.779442
2008-05-29,69.040001,67.930000,68.830002,39.293221
2008-05-30,68.900002,68.029999,68.300003,38.990669
2008-06-02,68.220001,67.070000,67.550003,38.562519
2008-06-03,67.750000,66.730003,67.050003,38.277073
2008-06-04,67.050003,66.419998,66.669998,38.302925
2008-06-05,67.349998,66.470001,67.290001,38.659142
2008-06-06,67.040001,65.449997,65.519997,37.642239
2008-06-09,65.919998,64.690002,65.370003,37.556061
2008-06-10,68.269997,65.290001,67.580002,38.825752
2008-06-11,68.050003,67.220001,67.489998,38.774040
2008-06-12,68.230003,67.300003,67.949997,39.038334
2008-06-13,68.199997,66.730003,67.540001,38.802776
2008-06-16,67.760002,65.250000,66.040001,37.940994
2008-06-17,66.570000,65.540001,65.870003,37.843323
2008-06-18,65.830002,65.019997,65.059998,37.377960
2008-06-19,66.230003,64.949997,65.889999,37.854828
2008-06-20,66.110001,64.910004,65.080002,37.389446
2008-06-23,65.309998,64.370003,64.629997,37.130924
2008-06-24,64.779999,63.310001,64.019997,36.780472
2008-06-25,65.919998,64.129997,65.519997,37.642239
2008-06-26,65.669998,64.680000,64.769997,37.211357
2008-06-27,65.370003,63.830002,63.930000,36.728764
2008-06-30,64.769997,63.400002,63.590000,36.533405
2008-07-01,64.529999,63.279999,64.400002,36.998787
2008-07-02,65.989998,64.449997,65.760002,37.780113
2008-07-03,66.910004,65.709999,66.769997,38.360386
2008-07-07,67.000000,66.089996,66.620003,38.274223
2008-07-08,66.800003,65.589996,65.830002,37.820347
2008-07-09,66.160004,65.089996,65.349998,37.544559
2008-07-10,65.739998,64.769997,65.589996,37.682465
2008-07-11,65.349998,63.939999,64.660004,37.148155
2008-07-14,65.519997,64.309998,64.910004,37.291790
2008-07-15,65.849998,64.129997,65.570000,37.670975
2008-07-16,66.129997,65.050003,66.089996,37.969704
2008-07-17,66.489998,64.349998,65.529999,37.647980
2008-07-18,65.739998,64.809998,65.410004,37.579056
2008-07-21,65.800003,64.260002,64.449997,37.027523
2008-07-22,66.360001,64.120003,66.190002,38.027168
2008-07-23,67.860001,65.510002,67.720001,38.906174
2008-07-24,68.019997,66.940002,67.400002,38.722313
2008-07-25,67.940002,66.730003,67.220001,38.618904
2008-07-28,67.300003,66.290001,66.709999,38.325909
2008-07-29,67.250000,66.540001,66.980003,38.481037
2008-07-30,67.629997,66.570000,66.910004,38.440819
2008-07-31,67.430000,66.419998,66.559998,38.239731
2008-08-01,67.400002,66.360001,66.629997,38.279949
2008-08-04,67.949997,66.629997,67.669998,38.877460
2008-08-05,68.790001,67.570000,68.519997,39.365780
2008-08-06,68.540001,67.959999,68.540001,39.377270
2008-08-07,68.500000,67.800003,67.949997,39.038334
2008-08-08,69.459999,67.849998,69.349998,39.842621
2008-08-11,69.480003,68.760002,69.269997,39.796669
2008-08-12,69.849998,68.949997,69.620003,39.997749
2008-08-13,70.129997,69.209999,69.739998,40.066685
2008-08-14,70.830002,69.129997,69.940002,40.181595
2008-08-15,70.430000,69.769997,70.199997,40.330986
2008-08-18,70.650002,69.550003,69.809998,40.106907
2008-08-19,70.489998,69.230003,70.099998,40.273514
2008-08-20,70.370003,69.400002,69.849998,40.129887
2008-08-21,69.660004,68.650002,69.389999,39.865604
2008-08-22,70.199997,69.389999,69.900002,40.158611
2008-08-25,69.900002,68.750000,69.050003,39.670277
2008-08-26,69.309998,68.459999,68.699997,39.469200
2008-08-27,69.209999,68.260002,69.199997,39.756451
2008-08-28,69.459999,68.879997,69.190002,39.750725
2008-08-29,69.480003,68.430000,68.480003,39.342808
2008-09-02,70.550003,68.860001,69.459999,39.905834
2008-09-03,69.300003,68.480003,69.190002,39.995430
2008-09-04,69.830002,68.300003,68.389999,39.532982
2008-09-05,69.150002,68.139999,68.919998,39.839355
2008-09-08,70.529999,69.220001,70.339996,40.660183
2008-09-09,71.379997,69.970001,71.000000,41.041714
2008-09-10,71.989998,70.419998,71.830002,41.521477
2008-09-11,72.690002,71.029999,72.620003,41.978168
2008-09-12,73.199997,72.059998,73.150002,42.284515
2008-09-15,73.559998,72.080002,72.349998,41.822075
2008-09-16,73.199997,71.410004,72.980003,42.186249
2008-09-17,73.500000,71.529999,71.680000,41.434788
2008-09-18,74.269997,71.529999,73.230003,42.330750
2008-09-19,75.250000,72.320000,73.190002,42.307632
2008-09-22,73.190002,70.809998,71.080002,41.087952
2008-09-23,72.330002,70.570000,70.750000,40.897190
2008-09-24,71.120003,69.510002,70.099998,40.521454
2008-09-25,71.989998,70.290001,71.300003,41.215103
2008-09-26,72.129997,70.300003,71.709999,41.452133
2008-09-29,72.279999,68.809998,69.660004,40.267113
2008-09-30,71.690002,69.879997,71.269997,41.197769
2008-10-01,72.169998,70.660004,71.639999,41.411655
2008-10-02,72.239998,70.769997,70.910004,40.989677
2008-10-03,71.599998,68.660004,69.000000,39.885586
2008-10-06,69.269997,64.750000,66.639999,38.521397
2008-10-07,67.849998,64.690002,65.120003,37.642761
2008-10-08,65.779999,62.770000,63.610001,36.769878
2008-10-09,64.449997,59.509998,59.520000,34.405663
2008-10-10,62.779999,53.209999,57.799999,33.411423
2008-10-13,62.240002,58.549999,61.770000,35.706291
2008-10-14,58.700001,53.259998,54.400002,31.446026
2008-10-15,54.720001,50.650002,51.250000,29.625179
2008-10-16,53.250000,50.660000,53.080002,30.683022
2008-10-17,55.480000,51.750000,53.880001,31.145449
2008-10-20,56.759998,53.849998,56.759998,32.810246
2008-10-21,56.630001,54.700001,55.000000,31.792868
2008-10-22,54.860001,52.389999,53.639999,31.006706
2008-10-23,54.619999,51.060001,53.480000,30.914236
2008-10-24,53.009998,50.410000,51.759998,29.919973
2008-10-27,53.770000,50.720001,51.490002,29.763914
2008-10-28,56.500000,52.160000,55.830002,32.272655
2008-10-29,57.480000,54.220001,55.000000,31.792868
2008-10-30,57.680000,55.820000,57.080002,32.995216
2008-10-31,57.990002,56.250000,57.009998,32.954746
2008-11-03,57.860001,56.500000,57.470001,33.220654
2008-11-04,59.230000,57.740002,58.340000,33.723560
2008-11-05,59.049999,56.650002,57.009998,32.954746
2008-11-06,57.400002,54.099998,54.849998,31.706171
2008-11-07,56.169998,54.240002,55.360001,32.000954
2008-11-10,56.389999,53.750000,54.610001,31.567430
2008-11-11,56.119999,53.470001,55.080002,31.839102
2008-11-12,55.060001,52.919998,53.099998,30.694572
2008-11-13,55.689999,52.009998,55.590000,32.133923
2008-11-14,56.130001,52.110001,53.520000,30.937353
2008-11-17,54.790001,52.599998,52.970001,30.619417
2008-11-18,53.880001,51.110001,53.139999,30.717695
2008-11-19,54.400002,51.799999,52.099998,30.116518
2008-11-20,53.950001,50.000000,50.290001,29.070240
2008-11-21,54.779999,49.740002,54.590000,31.555883
2008-11-24,55.990002,52.919998,55.660000,32.174377
2008-11-25,56.860001,52.639999,54.000000,31.214811
2008-11-26,55.029999,52.529999,54.930000,31.752398
2008-11-28,56.810001,55.009998,56.700001,32.775562
2008-12-01,56.400002,53.540001,53.639999,31.006706
2008-12-02,54.840000,53.110001,54.450001,31.474939
2008-12-03,54.230000,52.480000,54.080002,31.506989
2008-12-04,54.509998,51.820000,52.330002,30.487425
2008-12-05,54.509998,51.369999,53.369999,31.093353
2008-12-08,54.500000,52.860001,53.599998,31.227331
2008-12-09,53.630001,51.959999,52.270000,30.452480
2008-12-10,53.470001,52.270000,53.009998,30.883591
2008-12-11,54.000000,52.430000,52.709999,30.708826
2008-12-12,52.340000,51.009998,52.029999,30.312656
2008-12-15,52.869999,51.119999,52.419998,30.539873
2008-12-16,54.419998,52.509998,54.209999,31.582714
2008-12-17,54.910000,53.259998,54.330002,31.652636
2008-12-18,55.380001,54.380001,54.709999,31.874022
2008-12-19,55.490002,53.830002,54.090000,31.512796
2008-12-22,54.849998,52.959999,53.750000,31.314722
2008-12-23,55.240002,53.660000,54.169998,31.559406
2008-12-24,54.840000,54.070000,54.540001,31.774982
2008-12-26,55.119999,54.270000,54.560001,31.786638
2008-12-29,55.070000,53.419998,54.070000,31.501158
2008-12-30,55.020000,54.090000,54.880001,31.973066
2008-12-31,55.570000,54.610001,54.770000,31.908968
2009-01-02,56.139999,54.720001,55.970001,32.608082
2009-01-05,55.900002,55.099998,55.599998,32.392536
2009-01-06,56.930000,55.000000,55.700001,32.450798
2009-01-07,55.340000,53.680000,53.889999,31.396292
2009-01-08,54.070000,52.799999,53.250000,31.023420
2009-01-09,53.799999,52.400002,52.570000,30.627258
2009-01-12,52.660000,51.070000,51.389999,29.939793
2009-01-13,52.459999,51.200001,52.230000,30.429180
2009-01-14,51.919998,50.330002,51.099998,29.770840
2009-01-15,51.099998,43.779999,50.529999,29.438744
2009-01-16,51.689999,50.759998,51.369999,29.928139
2009-01-20,52.090000,50.330002,50.430000,29.380505
2009-01-21,51.049999,49.619999,50.439999,29.386324
2009-01-22,50.560001,49.240002,50.349998,29.333881
2009-01-23,50.730000,49.099998,50.619999,29.491192
2009-01-26,51.599998,50.000000,51.419998,29.957266
2009-01-27,52.279999,51.389999,51.639999,30.085438
2009-01-28,52.250000,51.360001,52.040001,30.318480
2009-01-29,52.400002,51.419998,51.680000,30.108744
2009-01-30,51.880001,49.980000,50.230000,29.263979
2009-02-02,50.400002,49.040001,50.130001,29.205717
2009-02-03,51.740002,49.770000,51.520000,30.015530
2009-02-04,52.220001,51.000000,51.490002,29.998055
2009-02-05,52.669998,50.590000,52.349998,30.499079
2009-02-06,53.639999,52.150002,53.529999,31.186558
2009-02-09,53.259998,50.779999,51.430000,29.963097
2009-02-10,51.430000,49.220001,49.529999,28.856159
2009-02-11,50.919998,49.580002,50.610001,29.485363
2009-02-12,52.169998,50.000000,52.000000,30.295174
2009-02-13,53.459999,51.080002,52.570000,30.627258
2009-02-17,52.110001,50.500000,51.820000,30.190306
2009-02-18,52.270000,51.130001,51.529999,30.021362
2009-02-19,52.549999,51.000000,52.200001,30.411701
2009-02-20,52.049999,50.970001,51.450001,29.974735
2009-02-23,51.849998,50.029999,50.160000,29.223194
2009-02-24,51.830002,50.110001,51.680000,30.108744
2009-02-25,51.849998,50.520000,50.720001,29.549458
2009-02-26,51.360001,49.330002,49.419998,28.792068
2009-02-27,49.630001,48.139999,48.139999,28.046337
2009-03-02,47.939999,46.759998,46.849998,27.294792
2009-03-03,49.049999,47.279999,48.470001,28.238598
2009-03-04,48.939999,47.000000,47.599998,27.977043
2009-03-05,47.110001,45.389999,45.970001,27.019014
2009-03-06,47.250000,45.980000,47.099998,27.683180
2009-03-09,47.180000,45.630001,45.810001,26.924973
2009-03-10,46.669998,45.849998,46.599998,27.389296
2009-03-11,47.639999,46.560001,47.419998,27.871246
2009-03-12,48.410000,47.070000,48.290001,28.382597
2009-03-13,48.810001,47.930000,48.619999,28.576553
2009-03-16,49.779999,48.660000,48.730000,28.641212
2009-03-17,49.270000,48.020000,49.250000,28.946835
2009-03-18,49.910000,48.209999,49.470001,29.076145
2009-03-19,49.889999,48.700001,48.990002,28.794029
2009-03-20,50.410000,49.240002,50.020000,29.399401
2009-03-23,51.630001,50.230000,51.630001,30.345697
2009-03-24,51.959999,51.119999,51.529999,30.286915
2009-03-25,52.790001,51.669998,52.470001,30.839420
2009-03-26,53.200001,52.000000,53.160000,31.244955
2009-03-27,53.099998,52.119999,52.389999,30.792398
2009-03-30,52.619999,51.279999,51.790001,30.439745
2009-03-31,52.500000,51.480000,51.480000,30.257534
2009-04-01,52.430000,51.000000,52.220001,30.692465
2009-04-02,53.529999,52.509998,52.860001,31.068634
2009-04-03,53.369999,52.250000,52.689999,30.968718
2009-04-06,53.040001,52.250000,52.669998,30.956953
2009-04-07,52.639999,52.029999,52.250000,30.710102
2009-04-08,52.529999,51.849998,52.279999,30.727736
2009-04-09,53.090000,51.860001,52.099998,30.621943
2009-04-13,56.950001,51.290001,51.490002,30.263405
2009-04-14,51.340000,50.279999,50.560001,29.716812
2009-04-15,52.099998,50.240002,52.040001,30.586664
2009-04-16,52.240002,51.160000,51.959999,30.539650
2009-04-17,52.470001,51.700001,52.130001,30.639574
2009-04-20,51.590000,49.520000,49.860001,29.305382
2009-04-21,50.549999,48.500000,49.349998,29.005617
2009-04-22,50.200001,47.880001,47.980000,28.200403
2009-04-23,48.459999,47.500000,47.889999,28.147486
2009-04-24,48.919998,47.930000,48.520000,28.517778
2009-04-27,49.500000,48.169998,49.110001,28.864550
2009-04-28,50.270000,48.709999,50.040001,29.411169
2009-04-29,51.220001,50.160000,50.450001,29.652157
2009-04-30,51.000000,49.520000,49.759998,29.246584
2009-05-01,49.889999,48.830002,49.790001,29.264229
2009-05-04,50.169998,48.869999,49.099998,28.858685
2009-05-05,49.950001,49.119999,49.730000,29.228962
2009-05-06,50.299999,49.189999,49.720001,29.223089
2009-05-07,50.060001,49.240002,49.490002,29.087908
2009-05-08,49.939999,49.090000,49.750000,29.240725
2009-05-11,50.040001,49.279999,49.580002,29.140781
2009-05-12,49.799999,48.820000,49.270000,28.958603
2009-05-13,49.880001,49.139999,49.660000,29.187815
2009-05-14,51.160000,49.509998,50.869999,29.899002
2009-05-15,50.820000,50.029999,50.320000,29.575748
2009-05-18,51.230000,50.349998,51.169998,30.075331
2009-05-19,52.099998,51.099998,51.610001,30.333939
2009-05-20,52.500000,51.540001,52.060001,30.598429
2009-05-21,51.869999,50.990002,51.490002,30.263405
2009-05-22,51.950001,51.200001,51.570000,30.310423
2009-05-26,51.689999,50.910000,51.279999,30.139982
2009-05-27,51.500000,49.820000,50.009998,29.393522
2009-05-28,51.299999,50.160000,51.020000,29.987171
2009-05-29,52.139999,50.849998,52.049999,30.592546
2009-06-01,53.389999,52.250000,53.130001,31.227320
2009-06-02,55.730000,53.150002,55.369999,32.543880
2009-06-03,54.900002,53.889999,54.270000,32.158714
2009-06-04,54.900002,53.799999,54.820000,32.484638
2009-06-05,55.490002,54.500000,54.880001,32.520180
2009-06-08,54.990002,53.549999,54.150002,32.087608
2009-06-09,54.340000,53.209999,53.480000,31.690590
2009-06-10,54.110001,52.990002,53.360001,31.619488
2009-06-11,53.980000,52.930000,52.970001,31.388380
2009-06-12,53.849998,52.599998,53.650002,31.791328
2009-06-15,53.540001,52.779999,52.880001,31.335051
2009-06-16,53.299999,52.200001,52.340000,31.015060
2009-06-17,53.830002,52.110001,52.970001,31.388380
2009-06-18,54.730000,52.880001,54.490002,32.289093
2009-06-19,55.049999,53.689999,53.910000,31.945408
2009-06-22,53.889999,53.180000,53.490002,31.696522
2009-06-23,53.840000,52.799999,53.009998,31.412079
2009-06-24,53.830002,52.700001,53.049999,31.435793
2009-06-25,54.380001,52.560001,53.990002,31.992804
2009-06-26,54.900002,53.500000,54.700001,32.413532
2009-06-29,55.500000,54.610001,54.840000,32.496483
2009-06-30,55.450001,54.720001,54.959999,32.567577
2009-07-01,56.689999,55.119999,56.520000,33.492001
2009-07-02,56.820000,55.770000,56.349998,33.391266
2009-07-06,57.169998,56.080002,57.130001,33.853489
2009-07-07,57.459999,55.919998,56.000000,33.183868
2009-07-08,56.130001,54.520000,54.849998,32.502399
2009-07-09,55.340000,54.400002,54.680000,32.401684
2009-07-10,54.880001,54.299999,54.709999,32.419445
2009-07-13,55.860001,54.619999,55.669998,32.988323
2009-07-14,56.119999,55.380001,56.090000,33.237194
2009-07-15,57.310001,56.299999,57.279999,33.942352
2009-07-16,57.700001,56.830002,57.259998,33.930519
2009-07-17,57.259998,56.459999,56.660000,33.574966
2009-07-20,56.889999,55.360001,56.080002,33.231258
2009-07-21,56.689999,55.450001,56.400002,33.420883
2009-07-22,56.400002,55.369999,55.889999,33.118675
2009-07-23,56.840000,55.619999,56.500000,33.480164
2009-07-24,56.759998,55.720001,56.410000,33.426815
2009-07-27,56.720001,55.970001,56.340000,33.385349
2009-07-28,56.660000,55.700001,55.970001,33.166100
2009-07-29,56.400002,55.750000,56.330002,33.379421
2009-07-30,57.630001,56.540001,56.599998,33.539394
2009-07-31,57.290001,56.480000,56.750000,33.628292
2009-08-03,56.980000,55.959999,56.200001,33.302383
2009-08-04,59.639999,57.500000,59.060001,34.997124
2009-08-05,59.500000,58.290001,58.389999,34.600117
2009-08-06,58.810001,57.689999,57.830002,34.268272
2009-08-07,58.209999,57.549999,57.740002,34.214947
2009-08-10,57.790001,56.939999,57.410000,34.019386
2009-08-11,57.549999,56.889999,56.910000,33.723103
2009-08-12,57.549999,56.340000,56.680000,33.586819
2009-08-13,56.910000,56.029999,56.490002,33.474239
2009-08-14,57.060001,56.080002,56.560001,33.515724
2009-08-17,56.779999,55.860001,56.180000,33.290539
2009-08-18,56.759998,55.919998,56.240002,33.326088
2009-08-19,56.709999,56.000000,56.450001,33.450527
2009-08-20,57.160000,56.200001,56.840000,33.681633
2009-08-21,57.730000,56.799999,57.490002,34.066803
2009-08-24,57.779999,57.060001,57.450001,34.043098
2009-08-25,57.799999,57.070000,57.290001,33.948284
2009-08-26,58.189999,57.130001,57.880001,34.297901
2009-08-27,58.099998,57.500000,57.759998,34.226784
2009-08-28,58.000000,56.610001,56.759998,33.634216
2009-08-31,56.980000,56.380001,56.669998,33.580887
2009-09-01,57.299999,55.930000,56.250000,33.332012
2009-09-02,56.619999,55.689999,56.349998,33.660545
2009-09-03,56.799999,56.000000,56.639999,33.833782
2009-09-04,57.700001,56.330002,57.540001,34.371395
2009-09-08,58.340000,57.330002,58.279999,34.813435
2009-09-09,58.340000,57.860001,58.040001,34.670082
2009-09-10,58.049999,57.540001,57.860001,34.562553
2009-09-11,58.919998,57.740002,58.810001,35.130028
2009-09-14,58.889999,58.209999,58.700001,35.064320
2009-09-15,58.740002,57.910000,58.290001,34.819405
2009-09-16,58.470001,57.669998,58.340000,34.849274
2009-09-17,58.990002,58.220001,58.799999,35.124046
2009-09-18,60.000000,58.959999,59.860001,35.757240
2009-09-21,59.660000,58.810001,59.020000,35.255459
2009-09-22,59.200001,58.299999,58.580002,34.992641
2009-09-23,59.080002,58.340000,58.470001,34.926937
2009-09-24,58.820000,58.240002,58.540001,34.968750
2009-09-25,59.130001,58.320000,58.680000,35.052364
2009-09-28,59.490002,58.619999,59.029999,35.261429
2009-09-29,59.310001,58.000000,58.509998,34.950821
2009-09-30,58.860001,58.009998,58.660000,35.040432
2009-10-01,58.990002,58.270000,58.459999,34.920948
2009-10-02,61.240002,58.930000,60.900002,36.378479
2009-10-05,61.240002,60.139999,60.849998,36.348606
2009-10-06,61.270000,60.419998,60.869999,36.360569
2009-10-07,61.380001,60.450001,61.169998,36.539761
2009-10-08,61.240002,59.799999,60.389999,36.073826
2009-10-09,60.700001,59.810001,60.590000,36.193306
2009-10-12,61.360001,60.250000,60.919998,36.390423
2009-10-13,61.000000,60.520000,60.599998,36.199276
2009-10-14,61.680000,60.700001,61.619999,36.808582
2009-10-15,62.750000,61.389999,62.680000,37.441765
2009-10-16,62.680000,62.110001,62.290001,37.208801
2009-10-19,62.570000,61.900002,62.049999,37.065430
2009-10-20,62.049999,61.119999,61.580002,36.784691
2009-10-21,62.340000,61.230000,61.840000,36.939995
2009-10-22,61.900002,60.869999,61.500000,36.736897
2009-10-23,61.669998,60.580002,61.029999,36.456142
2009-10-26,61.500000,60.209999,60.470001,36.121635
2009-10-27,61.349998,60.099998,61.000000,36.438217
2009-10-28,61.520000,60.750000,60.990002,36.432247
2009-10-29,61.459999,60.570000,61.389999,36.671192
2009-10-30,61.639999,60.369999,60.549999,36.169407
2009-11-02,61.070000,60.160000,60.599998,36.199276
2009-11-03,60.389999,59.619999,60.060001,35.876709
2009-11-04,60.959999,59.790001,60.380001,36.067867
2009-11-05,61.410000,60.419998,61.230000,36.575611
2009-11-06,61.759998,60.790001,61.759998,36.892197
2009-11-09,62.320000,61.430000,62.279999,37.202820
2009-11-10,62.939999,61.930000,62.080002,37.083363
2009-11-11,62.680000,62.080002,62.599998,37.393974
2009-11-12,62.750000,61.099998,61.270000,36.599514
2009-11-13,62.130001,61.349998,61.939999,36.999722
2009-11-16,62.490002,61.939999,62.430000,37.292431
2009-11-17,62.630001,62.029999,62.599998,37.393974
2009-11-18,62.509998,61.810001,62.299999,37.214775
2009-11-19,62.099998,61.349998,61.880001,36.963879
2009-11-20,62.310001,61.430000,62.080002,37.083363
2009-11-23,62.990002,62.259998,62.490002,37.328270
2009-11-24,62.650002,62.130001,62.500000,37.334236
2009-11-25,63.270000,62.490002,63.189999,37.746410
2009-11-27,62.549999,61.750000,62.299999,37.214775
2009-11-30,62.830002,62.150002,62.220001,37.166992
2009-12-01,63.930000,62.490002,63.869999,38.152611
2009-12-02,63.740002,63.169998,63.650002,38.290974
2009-12-03,63.590000,62.669998,62.759998,37.755562
2009-12-04,64.000000,63.080002,63.849998,38.411285
2009-12-07,64.480003,63.560001,64.230003,38.639889
2009-12-08,64.089996,63.150002,63.480000,38.188713
2009-12-09,62.389999,60.759998,61.799999,37.178043
2009-12-10,62.630001,61.669998,61.840000,37.202103
2009-12-11,62.380001,61.180000,61.270000,36.859207
2009-12-14,61.770000,60.860001,60.980000,36.684734
2009-12-15,61.389999,60.400002,60.990002,36.690765
2009-12-16,61.689999,60.619999,60.680000,36.504265
2009-12-17,60.639999,60.040001,60.040001,36.119251
2009-12-18,59.919998,58.770000,59.480000,35.782356
2009-12-21,60.730000,59.599998,60.480000,36.383945
2009-12-22,60.790001,60.250000,60.630001,36.474182
2009-12-23,60.869999,60.250000,60.680000,36.504265
2009-12-24,60.959999,60.400002,60.959999,36.672699
2009-12-28,61.250000,60.869999,61.160000,36.793022
2009-12-29,61.590000,61.099998,61.099998,36.756931
2009-12-30,61.450001,60.869999,61.310001,36.883266
2009-12-31,61.439999,60.759998,60.799999,36.576443
2010-01-04,61.520000,60.639999,61.240002,36.841148
2010-01-05,62.099998,60.900002,61.980000,37.286308
2010-01-06,62.470001,61.230000,61.360001,36.913345
2010-01-07,61.380001,60.529999,60.970001,36.678711
2010-01-08,60.820000,60.270000,60.770000,36.558395
2010-01-11,60.810001,60.099998,60.700001,36.516304
2010-01-12,61.680000,60.500000,61.549999,37.027637
2010-01-13,62.340000,61.410000,62.049999,37.328442
2010-01-14,62.919998,61.759998,62.799999,37.779625
2010-01-15,62.910000,61.820000,62.290001,37.472816
2010-01-19,62.410000,61.970001,62.330002,37.496876
2010-01-20,62.150002,61.439999,61.950001,37.268295
2010-01-21,62.160000,60.740002,60.939999,36.660679
2010-01-22,61.240002,60.310001,60.389999,36.329792
2010-01-25,60.700001,60.080002,60.230000,36.233551
2010-01-26,60.529999,59.820000,60.250000,36.245575
2010-01-27,60.389999,59.599998,60.290001,36.269638
2010-01-28,60.500000,59.500000,59.740002,35.938766
2010-01-29,60.360001,59.119999,59.619999,35.866577
2010-02-01,60.750000,59.520000,60.700001,36.516304
2010-02-02,61.279999,60.340000,61.150002,36.787010
2010-02-03,61.400002,60.560001,61.290001,36.871231
2010-02-04,60.930000,59.619999,59.639999,35.878605
2010-02-05,59.790001,58.950001,59.509998,35.800404
2010-02-08,59.660000,58.750000,58.959999,35.469524
2010-02-09,60.480000,59.290001,60.049999,36.125267
2010-02-10,60.669998,59.509998,60.380001,36.323792
2010-02-11,61.700001,60.500000,61.189999,36.811073
2010-02-12,61.220001,60.490002,60.919998,36.648632
2010-02-16,61.450001,60.500000,61.310001,36.883266
2010-02-17,62.200001,61.250000,62.110001,37.364540
2010-02-18,62.720001,61.970001,62.529999,37.617203
2010-02-19,62.919998,61.980000,62.660000,37.695404
2010-02-22,62.869999,62.099998,62.410000,37.545006
2010-02-23,62.480000,61.700001,61.779999,37.166000
2010-02-24,62.160000,61.580002,62.080002,37.346485
2010-02-25,62.340000,61.020000,62.299999,37.478848
2010-02-26,62.590000,61.910000,62.470001,37.581093
2010-03-01,63.580002,62.470001,63.430000,38.158623
2010-03-02,64.000000,63.419998,63.799999,38.381203
2010-03-03,64.269997,63.799999,63.980000,38.762897
2010-03-04,64.500000,63.959999,64.110001,38.841663
2010-03-05,64.480003,63.910000,64.370003,38.999187
2010-03-08,64.459999,63.799999,64.150002,38.865891
2010-03-09,64.650002,63.799999,64.360001,38.993134
2010-03-10,64.589996,64.010002,64.430000,39.035530
2010-03-11,65.000000,63.900002,64.970001,39.362709
2010-03-12,65.250000,64.680000,65.099998,39.441471
2010-03-15,66.260002,65.400002,66.150002,40.077618
2010-03-16,66.300003,65.830002,66.070000,40.029148
2010-03-17,66.580002,66.019997,66.570000,40.332096
2010-03-18,66.730003,66.160004,66.519997,40.301804
2010-03-19,66.980003,66.260002,66.559998,40.326015
2010-03-22,66.559998,66.150002,66.309998,40.174553
2010-03-23,67.000000,66.239998,66.860001,40.507778
2010-03-24,67.000000,66.250000,66.260002,40.144283
2010-03-25,67.000000,66.349998,66.550003,40.319958
2010-03-26,66.809998,66.339996,66.589996,40.344189
2010-03-29,66.870003,66.300003,66.550003,40.319958
2010-03-30,67.000000,66.360001,66.769997,40.453247
2010-03-31,66.709999,66.059998,66.160004,40.083672
2010-04-01,66.680000,66.250000,66.680000,40.398724
2010-04-05,66.680000,65.830002,65.980003,39.974617
2010-04-06,66.629997,65.790001,66.389999,40.223022
2010-04-07,66.519997,65.750000,65.989998,39.980686
2010-04-08,66.190002,65.620003,65.970001,39.968567
2010-04-09,66.430000,65.860001,66.360001,40.204842
2010-04-12,66.669998,66.260002,66.320000,40.180626
2010-04-13,66.500000,66.019997,66.389999,40.223022
2010-04-14,66.300003,65.830002,66.290001,40.162441
2010-04-15,66.500000,65.800003,66.269997,40.150314
2010-04-16,66.650002,65.959999,66.139999,40.071556
2010-04-19,66.389999,65.699997,66.120003,40.059456
2010-04-20,66.400002,65.720001,65.900002,39.926151
2010-04-21,66.309998,65.610001,65.980003,39.974617
2010-04-22,65.790001,64.500000,64.760002,39.235477
2010-04-23,64.849998,64.169998,64.709999,39.205181
2010-04-26,65.440002,64.610001,65.019997,39.392998
2010-04-27,65.199997,64.070000,64.230003,38.914371
2010-04-28,64.820000,63.599998,64.750000,39.229420
2010-04-29,65.500000,64.830002,65.199997,39.502041
2010-04-30,65.980003,65.180000,65.220001,39.514164
2010-05-03,66.000000,64.889999,65.690002,39.798927
2010-05-04,65.980003,65.050003,65.430000,39.641411
2010-05-05,65.949997,65.019997,65.199997,39.502041
2010-05-06,66.199997,61.910000,64.699997,39.199127
2010-05-07,65.040001,63.660000,64.570000,39.120350
2010-05-10,66.489998,65.660004,66.410004,40.235146
2010-05-11,67.000000,66.019997,66.550003,40.319958
2010-05-12,67.610001,66.809998,66.940002,40.556244
2010-05-13,67.080002,66.459999,66.480003,40.277557
2010-05-14,66.599998,65.769997,66.070000,40.029148
2010-05-17,66.959999,66.070000,66.750000,40.441120
2010-05-18,67.300003,66.400002,66.529999,40.307850
2010-05-19,66.379997,65.500000,66.040001,40.010975
2010-05-20,65.230003,63.860001,63.860001,38.690208
2010-05-21,63.639999,62.139999,63.580002,38.520557
2010-05-24,64.010002,62.599998,63.320000,38.363037
2010-05-25,62.919998,61.650002,62.889999,38.102509
2010-05-26,63.060001,61.040001,61.230000,37.096802
2010-05-27,62.930000,61.520000,62.900002,38.108582
2010-05-28,63.459999,62.730000,62.889999,38.102509
2010-06-01,63.590000,61.900002,62.759998,38.023766
2010-06-02,63.459999,61.830002,63.459999,38.744179
2010-06-03,63.650002,63.000000,63.369999,38.689228
2010-06-04,62.459999,61.290001,61.439999,37.510906
2010-06-07,62.560001,61.290001,61.730000,37.687977
2010-06-08,62.799999,61.400002,62.650002,38.249657
2010-06-09,63.070000,62.330002,62.490002,38.151962
2010-06-10,63.900002,63.029999,63.840000,38.976185
2010-06-11,63.560001,62.939999,63.560001,38.805237
2010-06-14,64.230003,63.240002,63.849998,38.982273
2010-06-15,64.290001,63.840000,64.239998,39.220383
2010-06-16,64.050003,63.560001,63.910000,39.018917
2010-06-17,64.559998,63.750000,64.489998,39.373028
2010-06-18,64.669998,64.029999,64.080002,39.122704
2010-06-21,64.790001,63.740002,64.019997,39.086071
2010-06-22,64.250000,63.180000,63.299999,38.646484
2010-06-23,63.220001,62.310001,62.730000,38.298500
2010-06-24,62.990002,62.250000,62.400002,38.097012
2010-06-25,62.490002,60.770000,60.770000,37.101856
2010-06-28,62.169998,61.000000,61.959999,37.828381
2010-06-29,61.770000,60.889999,61.230000,37.382710
2010-06-30,61.730000,60.500000,60.950001,37.211742
2010-07-01,61.660000,60.320000,61.520000,37.559742
2010-07-02,62.150002,61.380001,61.529999,37.565849
2010-07-06,61.889999,60.950001,61.639999,37.633022
2010-07-07,63.080002,61.270000,62.930000,38.420597
2010-07-08,64.000000,62.910000,64.000000,39.073872
2010-07-09,64.110001,63.299999,63.500000,38.768612
2010-07-12,63.750000,63.049999,63.740002,38.915127
2010-07-13,64.260002,63.349998,63.430000,38.725864
2010-07-14,63.700001,63.060001,63.560001,38.805237
2010-07-15,63.709999,62.990002,63.160000,38.561012
2010-07-16,63.529999,62.240002,62.450001,38.127544
2010-07-19,62.520000,62.000000,62.049999,37.883331
2010-07-20,64.870003,61.709999,64.730003,39.519554
2010-07-21,64.980003,63.669998,63.950001,39.043335
2010-07-22,64.860001,64.000000,64.209999,39.202072
2010-07-23,64.750000,64.050003,64.449997,39.348606
2010-07-26,65.029999,64.190002,64.980003,39.672192
2010-07-27,65.790001,64.709999,65.690002,40.105663
2010-07-28,65.690002,65.000000,65.199997,39.806488
2010-07-29,65.589996,64.709999,64.889999,39.617233
2010-07-30,65.180000,64.309998,64.910004,39.629440
2010-08-02,65.470001,64.879997,65.269997,39.849239
2010-08-03,65.919998,65.000000,65.769997,40.154495
2010-08-04,66.349998,65.370003,66.169998,40.398724
2010-08-05,65.870003,65.059998,65.580002,40.038498
2010-08-06,65.970001,65.129997,65.900002,40.233871
2010-08-09,66.599998,65.930000,66.419998,40.551346
2010-08-10,66.830002,66.000000,66.529999,40.618507
2010-08-11,66.070000,65.449997,65.449997,39.959133
2010-08-12,65.349998,64.779999,65.180000,39.794285
2010-08-13,65.709999,64.860001,65.559998,40.026287
2010-08-16,65.500000,64.800003,65.430000,39.946938
2010-08-17,66.000000,65.220001,65.550003,40.020191
2010-08-18,65.839996,65.250000,65.519997,40.001858
2010-08-19,65.519997,64.260002,64.660004,39.476830
2010-08-20,65.279999,64.300003,64.800003,39.562294
2010-08-23,65.400002,64.779999,64.820000,39.574493
2010-08-24,65.239998,64.209999,64.779999,39.550072
2010-08-25,64.849998,64.199997,64.570000,39.421856
2010-08-26,64.820000,63.849998,64.129997,39.153236
2010-08-27,64.470001,63.380001,64.120003,39.147137
2010-08-30,64.430000,63.599998,63.599998,38.829647
2010-08-31,64.339996,63.180000,64.180000,39.183754
2010-09-01,65.050003,64.519997,64.889999,39.915764
2010-09-02,65.309998,64.519997,64.970001,39.964977
2010-09-03,65.709999,65.110001,65.570000,40.334045
2010-09-07,66.010002,65.099998,65.480003,40.278698
2010-09-08,65.699997,65.260002,65.430000,40.247929
2010-09-09,66.209999,65.419998,66.099998,40.660080
2010-09-10,66.500000,65.860001,66.410004,40.850758
2010-09-13,66.519997,65.849998,66.250000,40.752342
2010-09-14,66.360001,65.930000,65.980003,40.586250
2010-09-15,66.540001,65.760002,66.500000,40.906116
2010-09-16,66.660004,66.169998,66.610001,40.973797
2010-09-17,66.900002,66.099998,66.120003,40.672375
2010-09-20,66.980003,66.050003,66.889999,41.146015
2010-09-21,66.910004,65.930000,66.459999,40.881523
2010-09-22,66.900002,66.309998,66.660004,41.004547
2010-09-23,66.190002,65.660004,65.790001,40.469383
2010-09-24,66.410004,65.830002,66.129997,40.678535
2010-09-27,66.760002,66.059998,66.370003,40.826160
2010-09-28,66.910004,65.809998,66.779999,41.078362
2010-09-29,67.000000,66.230003,66.750000,41.059902
2010-09-30,67.309998,66.250000,66.440002,40.869209
2010-10-01,67.000000,66.279999,67.000000,41.213684
2010-10-04,66.989998,66.519997,66.870003,41.133720
2010-10-05,67.820000,66.910004,67.760002,41.681187
2010-10-06,68.110001,67.400002,68.110001,41.896492
2010-10-07,66.699997,65.180000,66.099998,40.660080
2010-10-08,66.150002,65.269997,65.750000,40.444778
2010-10-11,65.760002,65.300003,65.519997,40.303291
2010-10-12,66.470001,65.000000,66.080002,40.647778
2010-10-13,66.800003,66.199997,66.400002,40.844604
2010-10-14,66.839996,66.449997,66.639999,40.992260
2010-10-15,67.000000,66.459999,66.680000,41.016846
2010-10-18,67.019997,66.480003,66.500000,40.906116
2010-10-19,66.220001,64.949997,65.410004,40.235645
2010-10-20,65.820000,64.870003,64.970001,39.964977
2010-10-21,65.470001,64.820000,65.180000,40.094154
2010-10-22,65.500000,64.849998,65.010002,39.989571
2010-10-25,65.330002,64.879997,65.050003,40.014191
2010-10-26,64.989998,64.550003,64.790001,39.854252
2010-10-27,64.510002,63.779999,64.269997,39.534374
2010-10-28,65.120003,64.349998,65.010002,39.989571
2010-10-29,65.300003,64.860001,65.300003,40.167957
2010-11-01,65.889999,65.139999,65.550003,40.321754
2010-11-02,66.099998,65.660004,65.800003,40.475540
2010-11-03,65.750000,64.580002,65.199997,40.106449
2010-11-04,65.830002,64.500000,65.349998,40.198715
2010-11-05,65.349998,64.760002,65.080002,40.032639
2010-11-08,65.309998,64.750000,65.110001,40.051086
2010-11-09,65.419998,64.800003,65.300003,40.167957
2010-11-10,65.389999,64.620003,65.250000,40.137222
2010-11-11,65.220001,64.699997,64.900002,39.921921
2010-11-12,64.900002,64.370003,64.639999,39.761982
2010-11-15,64.970001,64.360001,64.419998,39.626656
2010-11-16,65.000000,63.830002,64.040001,39.392902
2010-11-17,64.239998,63.720001,63.939999,39.331387
2010-11-18,64.989998,63.610001,64.769997,39.841942
2010-11-19,64.709999,64.269997,64.709999,39.805046
2010-11-22,64.849998,64.169998,64.699997,39.798878
2010-11-23,64.239998,63.590000,63.889999,39.300621
2010-11-24,64.410004,63.900002,64.330002,39.571293
2010-11-26,64.339996,63.869999,63.900002,39.306797
2010-11-29,64.139999,63.430000,64.010002,39.374454
2010-11-30,64.860001,63.770000,64.629997,39.755821
2010-12-01,65.720001,64.589996,65.629997,40.673035
2010-12-02,65.559998,64.760002,65.199997,40.406544
2010-12-03,65.629997,65.029999,65.169998,40.387943
2010-12-06,65.169998,64.680000,64.730003,40.115280
2010-12-07,65.070000,64.610001,64.680000,40.084278
2010-12-08,64.879997,64.470001,64.629997,40.053303
2010-12-09,64.790001,64.279999,64.720001,40.109089
2010-12-10,65.000000,64.589996,64.900002,40.220627
2010-12-13,65.720001,64.800003,65.529999,40.611057
2010-12-14,65.870003,65.330002,65.589996,40.648243
2010-12-15,65.480003,65.099998,65.239998,40.431328
2010-12-16,65.790001,65.190002,65.750000,40.747414
2010-12-17,66.000000,65.459999,65.970001,40.883743
2010-12-20,66.349998,65.750000,66.309998,41.094452
2010-12-21,66.510002,65.120003,65.400002,40.530491
2010-12-22,65.720001,65.209999,65.680000,40.704025
2010-12-23,65.919998,65.510002,65.690002,40.710236
2010-12-27,65.709999,65.410004,65.419998,40.542896
2010-12-28,65.529999,65.180000,65.279999,40.456116
2010-12-29,65.769997,65.330002,65.330002,40.487122
2010-12-30,65.620003,65.089996,65.120003,40.356964
2010-12-31,65.550003,65.029999,65.330002,40.487122
2011-01-03,66.089996,65.599998,65.750000,40.747414
2011-01-04,66.190002,65.120003,65.410004,40.536690
2011-01-05,66.879997,65.559998,66.589996,41.267971
2011-01-06,66.949997,66.379997,66.839996,41.422913
2011-01-07,66.820000,66.250000,66.389999,41.144028
2011-01-10,66.320000,65.839996,66.050003,40.933327
2011-01-11,66.750000,66.010002,66.330002,41.106853
2011-01-12,67.070000,66.550003,66.730003,41.354744
2011-01-13,67.459999,66.650002,66.910004,41.466293
2011-01-14,67.160004,66.570000,66.779999,41.385731
2011-01-18,67.150002,66.400002,66.570000,41.255585
2011-01-19,66.690002,65.690002,65.900002,40.840374
2011-01-20,66.330002,65.809998,65.900002,40.840374
2011-01-21,66.320000,65.669998,65.870003,40.821785
2011-01-24,66.180000,65.599998,66.180000,41.013889
2011-01-25,66.250000,65.750000,65.769997,40.759811
2011-01-26,66.040001,65.519997,65.860001,40.815559
2011-01-27,65.949997,65.449997,65.559998,40.629665
2011-01-28,65.839996,64.120003,64.400002,39.910770
2011-01-31,64.680000,64.089996,64.309998,39.854984
2011-02-01,65.139999,64.300003,65.050003,40.313583
2011-02-02,64.860001,64.040001,64.650002,40.065704
2011-02-03,64.680000,64.010002,64.180000,39.774414
2011-02-04,64.279999,63.660000,63.840000,39.563709
2011-02-07,63.980000,63.259998,63.680000,39.464558
2011-02-08,64.269997,63.509998,64.169998,39.768215
2011-02-09,64.760002,63.970001,64.419998,39.923153
2011-02-10,64.190002,62.939999,63.360001,39.266232
2011-02-11,64.019997,62.560001,63.869999,39.582310
2011-02-14,64.330002,63.169998,63.340000,39.253849
2011-02-15,64.449997,63.060001,64.349998,39.879776
2011-02-16,64.480003,63.840000,63.959999,39.638081
2011-02-17,64.709999,63.220001,64.699997,40.096687
2011-02-18,64.510002,63.200001,63.410000,39.297215
2011-02-22,63.529999,62.570000,63.150002,39.136105
2011-02-23,63.770000,62.900002,62.930000,38.999767
2011-02-24,63.200001,62.709999,63.029999,39.061729
2011-02-25,63.889999,62.889999,63.599998,39.414986
2011-02-28,63.959999,63.369999,63.419998,39.303421
2011-03-01,63.950001,63.189999,63.209999,39.173294
2011-03-02,62.990002,62.540001,62.939999,39.304417
2011-03-03,63.980000,63.000000,63.750000,39.810238
2011-03-04,63.869999,63.029999,63.400002,39.591686
2011-03-07,63.590000,63.200001,63.470001,39.635399
2011-03-08,63.900002,63.310001,63.790001,39.835236
2011-03-09,64.830002,63.560001,64.650002,40.372265
2011-03-10,64.860001,64.120003,64.430000,40.234879
2011-03-11,64.889999,64.330002,64.650002,40.372265
2011-03-14,64.430000,63.590000,64.139999,40.053787
2011-03-15,63.639999,62.700001,63.009998,39.348133
2011-03-16,62.919998,62.049999,62.310001,38.910995
2011-03-17,63.259998,62.560001,63.080002,39.391850
2011-03-18,63.610001,62.900002,63.240002,39.491764
2011-03-21,64.300003,63.500000,64.099998,40.028812
2011-03-22,64.050003,63.830002,63.939999,39.928898
2011-03-23,64.360001,63.750000,64.199997,40.091248
2011-03-24,64.480003,64.169998,64.199997,40.091248
2011-03-25,64.470001,63.950001,63.980000,39.953869
2011-03-28,64.760002,63.980000,64.339996,40.178680
2011-03-29,64.610001,64.029999,64.160004,40.066273
2011-03-30,65.330002,64.430000,65.050003,40.622066
2011-03-31,65.230003,64.349998,64.410004,40.222404
2011-04-01,65.419998,64.470001,65.220001,40.728222
2011-04-04,65.120003,64.860001,65.089996,40.647030
2011-04-05,65.690002,64.919998,65.580002,40.953041
2011-04-06,65.879997,65.510002,65.750000,41.059200
2011-04-07,66.040001,65.550003,65.919998,41.165356
2011-04-08,66.000000,65.349998,65.730003,41.046703
2011-04-11,66.349998,65.669998,66.040001,41.240299
2011-04-12,66.709999,65.559998,66.570000,41.571259
2011-04-13,66.830002,66.320000,66.449997,41.496319
2011-04-14,66.870003,66.120003,66.699997,41.652431
2011-04-15,67.139999,66.440002,67.110001,41.908474
2011-04-18,67.330002,66.440002,67.150002,41.933449
2011-04-19,67.250000,66.500000,66.809998,41.721138
2011-04-20,67.489998,66.980003,67.330002,42.045868
2011-04-21,67.529999,67.050003,67.410004,42.095829
2011-04-25,67.269997,66.839996,67.029999,41.858524
2011-04-26,67.849998,66.849998,67.709999,42.283157
2011-04-27,68.250000,67.660004,67.930000,42.420551
2011-04-28,69.919998,67.870003,69.720001,43.538361
2011-04-29,69.940002,68.650002,68.889999,43.020042
2011-05-02,69.480003,69.029999,69.309998,43.282330
2011-05-03,69.589996,68.879997,69.589996,43.457172
2011-05-04,69.930000,69.300003,69.830002,43.607059
2011-05-05,69.690002,68.459999,68.830002,42.982578
2011-05-06,69.949997,69.180000,69.269997,43.257339
2011-05-09,69.980003,69.480003,69.820000,43.600811
2011-05-10,70.120003,69.809998,70.029999,43.731949
2011-05-11,70.779999,69.800003,70.199997,43.838100
2011-05-12,71.050003,69.959999,70.959999,44.312714
2011-05-13,71.269997,70.220001,70.559998,44.062916
2011-05-16,71.089996,70.300003,70.720001,44.162811
2011-05-17,71.459999,70.320000,71.110001,44.406380
2011-05-18,71.330002,70.750000,71.269997,44.506310
2011-05-19,71.889999,71.169998,71.779999,44.824776
2011-05-20,71.839996,71.220001,71.300003,44.525040
2011-05-23,71.339996,70.779999,71.040001,44.362663
2011-05-24,71.220001,70.660004,70.980003,44.325203
2011-05-25,70.870003,70.239998,70.449997,43.994228
2011-05-26,70.589996,69.849998,70.419998,43.975502
2011-05-27,71.029999,70.279999,70.400002,43.962997
2011-05-31,71.120003,70.610001,71.120003,44.412613
2011-06-01,70.870003,70.279999,70.290001,44.214493
2011-06-02,70.389999,69.320000,69.510002,43.723839
2011-06-03,69.349998,68.709999,68.970001,43.384178
2011-06-06,69.449997,68.779999,68.889999,43.333839
2011-06-07,69.300003,68.839996,68.930000,43.358994
2011-06-08,69.000000,68.410004,68.839996,43.302380
2011-06-09,69.949997,68.750000,69.510002,43.723839
2011-06-10,69.419998,68.580002,68.690002,43.208019
2011-06-13,69.320000,68.620003,69.059998,43.440773
2011-06-14,69.779999,69.250000,69.570000,43.761581
2011-06-15,69.570000,68.239998,68.480003,43.075928
2011-06-16,69.209999,68.529999,68.889999,43.333839
2011-06-17,69.489998,68.559998,68.720001,43.226898
2011-06-20,69.260002,68.629997,68.980003,43.390461
2011-06-21,69.339996,68.800003,68.930000,43.358994
2011-06-22,69.150002,68.750000,68.779999,43.264645
2011-06-23,68.540001,67.459999,67.980003,42.761429
2011-06-24,68.660004,67.949997,68.449997,43.057060
2011-06-27,69.330002,68.529999,69.050003,43.434479
2011-06-28,69.779999,69.180000,69.620003,43.793030
2011-06-29,70.260002,69.750000,69.959999,44.006893
2011-06-30,70.489998,69.919998,70.430000,44.302547
2011-07-01,70.360001,69.610001,70.190002,44.151562
2011-07-05,70.449997,69.660004,69.769997,43.887375
2011-07-06,70.209999,69.750000,70.169998,44.138996
2011-07-07,70.750000,70.250000,70.519997,44.359150
2011-07-08,70.389999,69.459999,69.930000,43.988037
2011-07-11,69.480003,68.919998,69.300003,43.591755
2011-07-12,69.540001,68.860001,69.010002,43.409336
2011-07-13,69.470001,68.629997,68.889999,43.333839
2011-07-14,69.080002,68.440002,68.599998,43.151428
2011-07-15,68.529999,68.000000,68.529999,43.107380
2011-07-18,68.610001,67.379997,68.000000,42.774010
2011-07-19,68.730003,67.750000,68.540001,43.113686
2011-07-20,68.870003,68.279999,68.489998,43.082226
2011-07-21,67.309998,64.790001,66.169998,41.622883
2011-07-22,66.250000,65.239998,65.760002,41.364975
2011-07-25,65.379997,64.269997,64.370003,40.490620
2011-07-26,64.650002,64.010002,64.070000,40.301918
2011-07-27,64.440002,63.790001,63.860001,40.169823
2011-07-28,64.400002,63.880001,63.889999,40.188683
2011-07-29,64.209999,63.549999,64.040001,40.283043
2011-08-01,64.430000,63.450001,63.860001,40.169823
2011-08-02,63.759998,63.180000,63.180000,39.742092
2011-08-03,64.589996,63.180000,64.480003,40.559830
2011-08-04,65.089996,63.200001,63.349998,39.848999
2011-08-05,65.480003,63.480000,64.669998,40.679329
2011-08-08,64.910004,62.880001,62.970001,39.609985
2011-08-09,63.889999,60.610001,63.090000,39.685471
2011-08-10,62.889999,60.099998,60.320000,37.943058
2011-08-11,63.590000,60.410000,62.869999,39.547081
2011-08-12,63.570000,62.560001,63.180000,39.742092
2011-08-15,63.750000,63.169998,63.570000,39.987419
2011-08-16,64.059998,62.849998,63.759998,40.106911
2011-08-17,64.779999,63.680000,64.620003,40.647873
2011-08-18,64.559998,62.500000,63.090000,39.685471
2011-08-19,63.150002,61.849998,62.070000,39.043861
2011-08-22,62.790001,61.770000,61.919998,38.949505
2011-08-23,63.480000,62.099998,63.480000,39.930786
2011-08-24,63.750000,63.029999,63.700001,40.069180
2011-08-25,63.919998,62.750000,63.020000,39.641438
2011-08-26,63.520000,62.000000,63.160000,39.729500
2011-08-29,64.209999,63.540001,64.160004,40.358528
2011-08-30,64.910004,63.650002,64.519997,40.584980
2011-08-31,64.750000,64.010002,64.430000,40.854473
2011-09-01,64.879997,64.099998,64.150002,40.676907
2011-09-02,64.110001,63.180000,63.299999,40.137943
2011-09-06,62.580002,61.520000,62.450001,39.598976
2011-09-07,62.990002,61.180000,61.619999,39.072666
2011-09-08,61.490002,61.099998,61.340000,38.895130
2011-09-09,61.200001,59.680000,59.990002,38.039101
2011-09-12,60.240002,59.250000,60.139999,38.134220
2011-09-13,60.930000,60.119999,60.540001,38.387863
2011-09-14,62.160000,60.279999,61.580002,39.047318
2011-09-15,63.590000,60.980000,63.220001,40.087215
2011-09-16,63.060001,61.580002,62.049999,39.345345
2011-09-19,61.189999,60.000000,60.560001,38.400539
2011-09-20,61.380001,60.290001,60.389999,38.292744
2011-09-21,62.009998,60.740002,60.790001,38.546368
2011-09-22,61.189999,59.590000,60.919998,38.628796
2011-09-23,60.790001,59.650002,60.340000,38.261032
2011-09-26,62.040001,60.730000,61.889999,39.243877
2011-09-27,63.130001,62.230000,62.430000,39.586296
2011-09-28,63.310001,61.860001,61.970001,39.294601
2011-09-29,63.119999,61.950001,62.580002,39.681396
2011-09-30,62.990002,61.849998,61.900002,39.250210
2011-10-03,62.200001,60.240002,60.290001,38.229332
2011-10-04,60.560001,58.500000,60.450001,38.330788
2011-10-05,60.340000,59.330002,60.290001,38.229332
2011-10-06,60.610001,59.480000,60.570000,38.406879
2011-10-07,61.560001,60.599998,61.020000,38.692219
2011-10-10,61.930000,61.369999,61.869999,39.231197
2011-10-11,61.820000,60.509998,60.950001,38.647827
2011-10-12,63.619999,62.000000,62.700001,39.757496
2011-10-13,62.490002,62.009998,62.360001,39.541901
2011-10-14,62.750000,61.790001,62.240002,39.465801
2011-10-17,62.619999,61.799999,61.889999,39.243877
2011-10-18,62.810001,61.669998,62.410000,39.573612
2011-10-19,62.759998,62.020000,62.110001,39.383369
2011-10-20,62.459999,61.889999,62.119999,39.389721
2011-10-21,62.880001,62.000000,62.279999,39.491169
2011-10-24,62.500000,61.750000,62.099998,39.377045
2011-10-25,62.570000,61.709999,61.820000,39.199497
2011-10-26,62.160000,61.500000,62.009998,39.319973
2011-10-27,63.060001,62.169998,62.880001,39.871628
2011-10-28,63.470001,62.759998,63.200001,40.074532
2011-10-31,63.580002,62.590000,62.950001,39.916012
2011-11-01,62.599998,61.889999,62.230000,39.459469
2011-11-02,62.790001,62.150002,62.410000,39.573612
2011-11-03,62.849998,62.130001,62.799999,39.820908
2011-11-04,62.529999,61.669998,61.990002,39.307285
2011-11-07,62.540001,61.560001,62.500000,39.630676
2011-11-08,63.750000,62.320000,63.660000,40.366219
2011-11-09,63.130001,62.070000,62.279999,39.491169
2011-11-10,63.259998,62.290001,62.959999,39.922359
2011-11-11,63.500000,63.110001,63.279999,40.125256
2011-11-14,63.230000,62.500000,62.799999,39.820908
2011-11-15,64.919998,63.090000,64.500000,40.898838
2011-11-16,66.650002,64.279999,65.089996,41.272964
2011-11-17,65.089996,63.200001,64.089996,40.638870
2011-11-18,64.139999,63.040001,63.889999,40.512054
2011-11-21,63.740002,63.049999,63.150002,40.042831
2011-11-22,63.540001,62.880001,63.180000,40.061855
2011-11-23,62.959999,62.250000,62.400002,39.567265
2011-11-25,62.910000,62.400002,62.490002,39.624332
2011-11-28,63.549999,62.580002,62.990002,39.941387
2011-11-29,64.010002,63.000000,63.660000,40.366219
2011-11-30,64.610001,63.669998,64.000000,40.912785
2011-12-01,64.470001,63.830002,64.089996,40.970318
2011-12-02,64.699997,64.150002,64.279999,41.091785
2011-12-05,64.769997,64.089996,64.400002,41.168484
2011-12-06,65.040001,64.150002,64.650002,41.328316
2011-12-07,65.169998,64.230003,64.910004,41.494518
2011-12-08,65.139999,64.220001,64.330002,41.123753
2011-12-09,65.400002,64.419998,65.190002,41.673515
2011-12-12,65.239998,63.889999,64.660004,41.334713
2011-12-13,65.239998,64.139999,64.279999,41.091785
2011-12-14,64.669998,63.930000,63.980000,40.899998
2011-12-15,65.099998,63.939999,64.849998,41.456150
2011-12-16,65.400002,64.620003,64.709999,41.366669
2011-12-19,65.169998,64.199997,64.370003,41.149323
2011-12-20,65.709999,64.620003,65.529999,41.890865
2011-12-21,66.250000,65.220001,66.040001,42.216877
2011-12-22,66.419998,65.919998,66.040001,42.216877
2011-12-23,66.690002,66.120003,66.570000,42.555698
2011-12-27,66.779999,66.320000,66.379997,42.434223
2011-12-28,66.500000,65.839996,65.910004,42.133785
2011-12-29,66.629997,65.959999,66.540001,42.536518
2011-12-30,66.690002,66.239998,66.349998,42.415043
2012-01-03,67.190002,66.360001,66.400002,42.447025
2012-01-04,66.839996,66.120003,66.739998,42.664364
2012-01-05,66.669998,66.120003,66.220001,42.331959
2012-01-06,66.269997,65.290001,65.389999,41.801353
2012-01-09,65.830002,65.010002,65.730003,42.018711
2012-01-10,66.050003,65.470001,65.660004,41.973961
2012-01-11,65.169998,64.129997,65.010002,41.558445
2012-01-12,65.180000,64.470001,64.620003,41.309135
2012-01-13,64.720001,64.300003,64.400002,41.168484
2012-01-17,65.089996,64.599998,64.650002,41.328316
2012-01-18,65.080002,64.510002,64.849998,41.456150
2012-01-19,66.050003,64.949997,65.910004,42.133785
2012-01-20,66.410004,65.570000,66.279999,42.370300
2012-01-23,66.150002,65.389999,66.099998,42.255245
2012-01-24,66.320000,65.940002,66.199997,42.319168
2012-01-25,66.800003,65.669998,66.699997,42.638779
2012-01-26,66.959999,66.349998,66.519997,42.523739
2012-01-27,66.419998,65.669998,65.809998,42.069847
2012-01-30,65.599998,65.160004,65.410004,41.814140
2012-01-31,65.690002,65.279999,65.669998,41.980350
2012-02-01,66.500000,65.860001,66.379997,42.434223
2012-02-02,66.699997,66.199997,66.400002,42.447025
2012-02-03,66.900002,66.300003,66.660004,42.613228
2012-02-06,66.760002,66.129997,66.519997,42.523739
2012-02-07,66.980003,66.139999,66.760002,42.677151
2012-02-08,66.919998,66.470001,66.739998,42.664364
2012-02-09,64.900002,63.810001,64.269997,41.085400
2012-02-10,64.190002,63.630001,63.950001,40.880821
2012-02-13,64.190002,63.380001,63.689999,40.714607
2012-02-14,63.980000,63.290001,63.520000,40.605942
2012-02-15,63.599998,62.919998,63.070000,40.318272
2012-02-16,63.299999,62.730000,62.730000,40.100925
2012-02-17,62.759998,62.330002,62.680000,40.068966
2012-02-21,63.389999,62.970001,63.139999,40.363018
2012-02-22,63.290001,63.000000,63.099998,40.337452
2012-02-23,63.240002,62.830002,63.130001,40.356628
2012-02-24,63.520000,63.150002,63.310001,40.471691
2012-02-27,63.750000,63.049999,63.320000,40.478092
2012-02-28,63.689999,63.029999,63.320000,40.478092
2012-02-29,63.130001,62.810001,62.939999,40.565105
2012-03-01,63.049999,62.439999,62.549999,40.313740
2012-03-02,62.680000,62.400002,62.520000,40.294403
2012-03-05,62.980000,62.430000,62.790001,40.468414
2012-03-06,62.820000,62.220001,62.279999,40.139725
2012-03-07,62.740002,62.150002,62.619999,40.358849
2012-03-08,63.119999,62.730000,62.950001,40.571545
2012-03-09,63.320000,62.900002,63.150002,40.700451
2012-03-12,64.050003,63.009998,63.939999,41.209606
2012-03-13,64.570000,64.110001,64.339996,41.467407
2012-03-14,64.629997,63.950001,64.059998,41.286961
2012-03-15,64.339996,63.799999,64.169998,41.357838
2012-03-16,64.500000,64.180000,64.470001,41.551189
2012-03-19,64.879997,64.269997,64.730003,41.718761
2012-03-20,65.559998,64.330002,65.279999,42.073242
2012-03-21,65.580002,65.050003,65.360001,42.124790
2012-03-22,65.559998,65.029999,65.389999,42.144127
2012-03-23,65.760002,65.279999,65.300003,42.086143
2012-03-26,65.800003,65.449997,65.779999,42.395493
2012-03-27,66.190002,65.610001,66.010002,42.543713
2012-03-28,66.029999,65.599998,65.930000,42.492176
2012-03-29,66.019997,65.529999,66.019997,42.550159
2012-03-30,66.500000,66.040001,66.349998,42.762852
2012-04-02,66.750000,66.209999,66.739998,43.014214
2012-04-03,66.820000,66.330002,66.559998,42.898197
2012-04-04,66.519997,66.139999,66.339996,42.756413
2012-04-05,66.209999,65.699997,66.150002,42.633961
2012-04-09,65.690002,65.250000,65.349998,42.118347
2012-04-10,65.349998,64.790001,64.849998,41.796085
2012-04-11,65.419998,64.959999,65.150002,41.989449
2012-04-12,65.500000,64.639999,65.379997,42.137684
2012-04-13,65.500000,65.059998,65.059998,41.931431
2012-04-16,66.389999,65.129997,65.989998,42.530838
2012-04-17,66.650002,66.019997,66.400002,42.795090
2012-04-18,66.309998,66.050003,66.209999,42.672623
2012-04-19,66.360001,66.000000,66.150002,42.633961
2012-04-20,66.739998,66.099998,66.629997,42.943314
2012-04-23,66.449997,66.029999,66.180000,42.653294
2012-04-24,66.839996,66.269997,66.510002,42.865993
2012-04-25,66.860001,66.500000,66.669998,42.969105
2012-04-26,66.769997,66.220001,66.370003,42.775753
2012-04-27,66.690002,66.089996,66.099998,42.601738
2012-04-30,66.250000,65.769997,66.000000,42.537270
2012-05-01,66.739998,65.769997,66.489998,42.853092
2012-05-02,66.919998,66.410004,66.830002,43.072224
2012-05-03,67.000000,66.720001,66.910004,43.123787
2012-05-04,66.900002,65.870003,65.900002,42.472824
2012-05-07,66.970001,66.269997,66.620003,42.936871
2012-05-08,66.699997,66.169998,66.519997,42.872437
2012-05-09,66.339996,65.680000,65.940002,42.498623
2012-05-10,67.190002,66.169998,66.790001,43.046440
2012-05-11,67.250000,66.599998,66.800003,43.052895
2012-05-14,67.449997,66.320000,67.150002,43.278454
2012-05-15,68.599998,66.910004,67.849998,43.729618
2012-05-16,69.070000,68.239998,68.750000,44.309685
2012-05-17,69.180000,68.570000,68.769997,44.322544
2012-05-18,68.449997,67.559998,68.120003,43.903633
2012-05-21,68.220001,67.650002,67.980003,43.813408
2012-05-22,68.500000,67.820000,68.080002,43.877842
2012-05-23,68.400002,67.379997,68.000000,43.826283
2012-05-24,68.900002,67.900002,68.809998,44.348347
2012-05-25,69.099998,68.309998,68.639999,44.238770
2012-05-29,69.339996,68.440002,69.330002,44.683472
2012-05-30,68.599998,68.050003,68.220001,44.311947
2012-05-31,68.589996,67.669998,67.849998,44.071594
2012-06-01,67.610001,66.870003,67.510002,43.850773
2012-06-04,67.650002,67.050003,67.480003,43.831284
2012-06-05,67.430000,66.660004,67.000000,43.519497
2012-06-06,67.660004,67.040001,67.489998,43.837761
2012-06-07,67.980003,67.190002,67.680000,43.961178
2012-06-08,68.410004,67.599998,68.309998,44.370392
2012-06-11,68.820000,68.029999,68.050003,44.201519
2012-06-12,68.500000,68.040001,68.400002,44.428856
2012-06-13,68.879997,68.160004,68.550003,44.526295
2012-06-14,69.660004,68.580002,69.269997,44.993958
2012-06-15,69.739998,69.199997,69.480003,45.130344
2012-06-18,69.750000,69.400002,69.599998,45.208302
2012-06-19,69.739998,69.209999,69.309998,45.019951
2012-06-20,69.239998,68.290001,68.910004,44.760139
2012-06-21,69.500000,68.459999,68.500000,44.493816
2012-06-22,69.050003,68.639999,68.699997,44.623711
2012-06-25,68.739998,68.099998,68.610001,44.565273
2012-06-26,69.129997,68.300003,68.940002,44.779617
2012-06-27,69.919998,68.949997,69.750000,45.305725
2012-06-28,69.820000,69.110001,69.599998,45.208302
2012-06-29,70.660004,69.809998,70.660004,45.896851
2012-07-02,70.790001,70.000000,70.760002,45.961784
2012-07-03,70.889999,70.419998,70.760002,45.961784
2012-07-05,70.550003,70.059998,70.169998,45.578556
2012-07-06,70.489998,69.610001,70.220001,45.611012
2012-07-09,70.430000,69.690002,69.989998,45.461643
2012-07-10,70.290001,69.720001,69.870003,45.383682
2012-07-11,70.279999,69.599998,70.129997,45.552559
2012-07-12,70.120003,69.739998,69.849998,45.370705
2012-07-13,70.500000,69.849998,70.410004,45.734447
2012-07-16,70.550003,70.160004,70.349998,45.695461
2012-07-17,70.839996,69.570000,70.330002,45.682487
2012-07-18,70.440002,69.800003,70.379997,45.714962
2012-07-19,70.470001,70.099998,70.419998,45.740944
2012-07-20,70.320000,69.660004,69.959999,45.442154
2012-07-23,69.900002,68.940002,69.339996,45.039425
2012-07-24,69.139999,68.459999,68.790001,44.682167
2012-07-25,70.449997,69.040001,70.300003,45.662998
2012-07-26,71.500000,70.669998,71.220001,46.260571
2012-07-27,72.430000,70.510002,72.260002,46.936096
2012-07-30,72.940002,71.849998,72.750000,47.254368
2012-07-31,72.849998,72.250000,72.730003,47.241383
2012-08-01,72.910004,71.089996,72.400002,47.027031
2012-08-02,72.260002,71.449997,71.800003,46.637310
2012-08-03,72.900002,72.190002,72.870003,47.332321
2012-08-06,72.949997,72.459999,72.480003,47.078979
2012-08-07,72.760002,72.199997,72.290001,46.955563
2012-08-08,72.699997,72.050003,72.570000,47.137451
2012-08-09,72.500000,71.959999,72.139999,46.858150
2012-08-10,72.160004,71.690002,72.129997,46.851650
2012-08-13,72.160004,71.779999,71.989998,46.760735
2012-08-14,72.300003,71.669998,72.239998,46.923111
2012-08-15,72.680000,71.879997,72.620003,47.169949
2012-08-16,73.610001,72.400002,73.580002,47.793510
2012-08-17,73.650002,73.120003,73.389999,47.670086
2012-08-20,73.489998,72.879997,73.330002,47.631123
2012-08-21,73.480003,73.000000,73.010002,47.423260
2012-08-22,73.080002,72.459999,72.889999,47.345325
2012-08-23,72.989998,72.500000,72.660004,47.195915
2012-08-24,73.260002,72.580002,73.059998,47.455723
2012-08-27,73.660004,72.930000,73.169998,47.527180
2012-08-28,73.349998,72.900002,73.120003,47.494713
2012-08-29,73.239998,72.730003,72.779999,47.273869
2012-08-30,72.580002,72.080002,72.180000,46.884144
2012-08-31,72.760002,72.190002,72.430000,47.046524
2012-09-04,72.680000,71.970001,72.480003,47.078979
2012-09-05,72.089996,71.360001,71.540001,46.815933
2012-09-06,72.339996,71.820000,72.150002,47.215115
2012-09-07,72.500000,72.000000,72.099998,47.182396
2012-09-10,72.089996,71.760002,71.839996,47.012245
2012-09-11,71.980003,71.459999,71.580002,46.842091
2012-09-12,71.720001,69.959999,70.059998,45.847401
2012-09-13,71.070000,70.000000,70.879997,46.384022
2012-09-14,71.029999,70.260002,70.459999,46.109165
2012-09-17,70.860001,70.220001,70.389999,46.063362
2012-09-18,70.910004,70.320000,70.730003,46.285866
2012-09-19,71.180000,70.500000,70.849998,46.364391
2012-09-20,71.580002,70.760002,71.239998,46.619602
2012-09-21,71.500000,70.470001,70.550003,46.168079
2012-09-24,70.870003,70.410004,70.699997,46.266239
2012-09-25,71.029999,70.260002,70.349998,46.037182
2012-09-26,70.989998,70.410004,70.419998,46.083019
2012-09-27,70.839996,70.279999,70.639999,46.226963
2012-09-28,70.800003,70.349998,70.769997,46.312046
2012-10-01,71.230003,70.529999,70.650002,46.233517
2012-10-02,71.059998,70.250000,70.620003,46.213879
2012-10-03,70.959999,70.489998,70.699997,46.266239
2012-10-04,71.059998,70.699997,70.870003,46.377487
2012-10-05,71.389999,70.900002,71.099998,46.527981
2012-10-08,71.410004,70.860001,71.190002,46.586903
2012-10-09,71.470001,71.080002,71.110001,46.534546
2012-10-10,71.370003,70.089996,70.290001,45.997944
2012-10-11,70.839996,69.820000,69.820000,45.690357
2012-10-12,70.669998,69.940002,70.050003,45.840870
2012-10-15,70.389999,69.750000,70.339996,46.030651
2012-10-16,70.889999,70.239998,70.300003,46.004482
2012-10-17,70.930000,69.949997,70.099998,45.873581
2012-10-18,70.910004,70.080002,70.760002,46.305492
2012-10-19,70.900002,69.610001,69.879997,45.729603
2012-10-22,69.879997,69.010002,69.599998,45.546394
2012-10-23,69.260002,68.360001,68.519997,44.839630
2012-10-24,69.029999,68.230003,68.400002,44.761112
2012-10-25,69.089996,68.529999,68.889999,45.081772
2012-10-26,69.190002,68.680000,68.980003,45.140671
2012-10-31,69.680000,68.970001,69.239998,45.310814
2012-11-01,69.669998,69.120003,69.440002,45.441689
2012-11-02,69.769997,68.930000,69.050003,45.186474
2012-11-05,69.080002,68.320000,69.000000,45.153759
2012-11-06,69.610001,68.760002,69.349998,45.382782
2012-11-07,69.400002,68.540001,68.989998,45.147224
2012-11-08,69.300003,68.599998,68.790001,45.016312
2012-11-09,69.150002,68.559998,68.849998,45.055592
2012-11-12,68.970001,68.570000,68.610001,44.898537
2012-11-13,69.169998,68.510002,68.580002,44.878899
2012-11-14,68.709999,68.040001,68.169998,44.610592
2012-11-15,68.309998,67.720001,68.190002,44.623680
2012-11-16,68.500000,67.790001,68.309998,44.702217
2012-11-19,68.800003,68.160004,68.779999,45.009785
2012-11-20,68.930000,68.320000,68.910004,45.094849
2012-11-21,69.400002,68.680000,69.309998,45.356628
2012-11-23,70.360001,69.500000,70.190002,45.932476
2012-11-26,70.050003,69.599998,70.000000,45.808147
2012-11-27,70.419998,69.690002,70.110001,45.880135
2012-11-28,70.589996,69.809998,70.349998,46.037182
2012-11-29,70.639999,70.169998,70.309998,46.011013
2012-11-30,70.349998,69.739998,70.209999,45.945564
2012-12-03,70.410004,69.800003,69.870003,45.723080
2012-12-04,70.019997,69.650002,69.860001,45.716534
2012-12-05,70.089996,69.300003,69.709999,45.971745
2012-12-06,70.019997,69.750000,70.019997,46.176189
2012-12-07,70.269997,69.849998,70.260002,46.334473
2012-12-10,70.330002,70.000000,70.209999,46.301472
2012-12-11,70.889999,70.089996,70.419998,46.439995
2012-12-12,70.750000,70.160004,70.239998,46.321278
2012-12-13,70.459999,70.099998,70.209999,46.301472
2012-12-14,70.449997,70.010002,70.160004,46.268501
2012-12-17,70.580002,70.099998,70.370003,46.406994
2012-12-18,70.769997,70.000000,70.529999,46.512505
2012-12-19,70.650002,69.849998,69.879997,46.083855
2012-12-20,70.250000,69.669998,70.110001,46.235531
2012-12-21,70.089996,69.230003,69.629997,45.918999
2012-12-24,69.599998,69.010002,69.430000,45.787098
2012-12-26,69.430000,68.580002,68.839996,45.398006
2012-12-27,68.930000,68.180000,68.669998,45.285896
2012-12-28,68.690002,68.010002,68.019997,44.857239
2012-12-31,68.449997,67.389999,68.430000,45.127621
2013-01-02,69.480003,68.639999,69.330002,45.721146
2013-01-03,69.480003,69.050003,69.360001,45.740925
2013-01-04,69.629997,69.099998,69.459999,45.806885
2013-01-07,69.690002,69.160004,69.449997,45.800274
2013-01-08,69.699997,69.250000,69.660004,45.938782
2013-01-09,70.040001,69.570000,70.010002,46.169601
2013-01-10,70.919998,70.160004,70.809998,46.697170
2013-01-11,70.889999,70.559998,70.879997,46.743320
2013-01-14,71.419998,70.769997,71.290001,47.013725
2013-01-15,71.739998,70.870003,71.599998,47.218166
2013-01-16,71.800003,71.260002,71.480003,47.139008
2013-01-17,72.470001,71.300003,72.430000,47.765499
2013-01-18,72.540001,72.129997,72.480003,47.798462
2013-01-22,72.449997,72.019997,72.199997,47.613842
2013-01-23,72.290001,71.739998,71.809998,47.356636
2013-01-24,72.379997,71.910004,72.230003,47.633621
2013-01-25,72.550003,72.230003,72.489998,47.805077
2013-01-28,72.669998,72.300003,72.610001,47.884216
2013-01-29,72.949997,72.459999,72.940002,48.101837
2013-01-30,73.459999,72.839996,73.209999,48.279900
2013-01-31,73.370003,72.680000,72.849998,48.042477
2013-02-01,73.110001,72.570000,72.669998,47.923775
2013-02-04,72.669998,72.400002,72.449997,47.778706
2013-02-05,73.160004,72.629997,73.150002,48.240322
2013-02-06,73.120003,72.739998,72.769997,47.989735
2013-02-07,73.029999,72.459999,72.809998,48.016125
2013-02-08,72.870003,72.470001,72.599998,47.877613
2013-02-11,72.639999,72.199997,72.360001,47.719353
2013-02-12,72.449997,72.059998,72.169998,47.594044
2013-02-13,72.370003,70.980003,71.500000,47.152214
2013-02-14,73.199997,71.500000,72.279999,47.666595
2013-02-15,73.720001,72.470001,73.680000,48.589851
2013-02-19,75.589996,73.480003,75.500000,49.790081
2013-02-20,75.860001,75.290001,75.419998,49.737320
2013-02-21,75.440002,74.720001,75.360001,49.697773
2013-02-22,75.580002,75.139999,75.570000,49.836243
2013-02-25,76.330002,75.089996,75.190002,49.585659
2013-02-26,75.769997,75.000000,75.620003,49.869228
2013-02-27,75.589996,74.529999,75.480003,50.132931
2013-02-28,75.949997,75.440002,75.769997,50.325516
2013-03-01,75.949997,75.370003,75.930000,50.431801
2013-03-04,76.620003,75.540001,76.599998,50.876804
2013-03-05,77.070000,76.489998,76.900002,51.076046
2013-03-06,77.089996,76.620003,76.800003,51.009644
2013-03-07,77.169998,76.669998,77.139999,51.235458
2013-03-08,77.410004,76.650002,77.199997,51.275314
2013-03-11,77.389999,76.790001,76.849998,51.042847
2013-03-12,77.180000,76.690002,76.889999,51.069424
2013-03-13,77.099998,76.650002,76.949997,51.109280
2013-03-14,77.220001,76.860001,77.190002,51.268673
2013-03-15,77.150002,76.699997,77.040001,51.169029
2013-03-18,76.989998,76.599998,76.680000,50.929924
2013-03-19,76.949997,76.500000,76.669998,50.923294
2013-03-20,77.070000,76.070000,76.320000,50.690815
2013-03-21,76.750000,76.000000,76.150002,50.577911
2013-03-22,79.269997,76.660004,78.639999,52.231747
2013-03-25,78.639999,77.599998,77.830002,51.693748
2013-03-26,78.940002,77.790001,78.919998,52.417721
2013-03-27,78.650002,77.910004,78.290001,51.999283
2013-03-28,79.129997,78.070000,79.110001,52.543915
2013-04-01,79.230003,78.760002,79.099998,52.537281
2013-04-02,79.879997,79.269997,79.739998,52.962341
2013-04-03,79.879997,78.800003,78.959999,52.444286
2013-04-04,79.570000,78.300003,79.529999,52.822876
2013-04-05,79.080002,78.400002,78.589996,52.198521
2013-04-08,79.510002,78.250000,79.500000,52.802956
2013-04-09,79.720001,79.150002,79.209999,52.610321
2013-04-10,80.099998,79.260002,80.059998,53.174885
2013-04-11,80.480003,79.800003,79.959999,53.108467
2013-04-12,80.040001,78.739998,79.989998,53.128387
2013-04-15,80.019997,78.910004,78.919998,52.417721
2013-04-16,80.029999,79.089996,80.000000,53.135048
2013-04-17,80.150002,78.769997,78.849998,52.371216
2013-04-18,83.449997,80.110001,81.250000,53.965267
2013-04-19,83.269997,81.870003,82.769997,54.974846
2013-04-22,83.629997,82.050003,83.379997,55.379982
2013-04-23,84.320000,83.500000,84.099998,55.858219
2013-04-24,84.290001,82.220001,82.339996,54.689236
2013-04-25,83.089996,82.180000,82.820000,55.008045
2013-04-26,82.989998,82.300003,82.510002,54.802151
2013-04-29,82.919998,82.419998,82.650002,54.895130
2013-04-30,82.639999,82.019997,82.470001,54.775570
2013-05-01,82.839996,82.080002,82.209999,54.602882
2013-05-02,82.930000,82.080002,82.559998,54.835350
2013-05-03,83.250000,82.459999,82.830002,55.014687
2013-05-06,82.699997,82.220001,82.500000,54.795506
2013-05-07,83.339996,82.370003,83.339996,55.353424
2013-05-08,83.650002,82.809998,83.250000,55.293648
2013-05-09,83.580002,82.599998,82.849998,55.027981
2013-05-10,83.250000,82.580002,83.000000,55.127602
2013-05-13,83.349998,82.519997,83.029999,55.147541
2013-05-14,83.519997,82.919998,83.500000,55.459698
2013-05-15,84.449997,83.239998,84.250000,55.957844
2013-05-16,84.779999,83.669998,83.739998,55.619110
2013-05-17,84.040001,83.110001,83.800003,55.658958
2013-05-20,83.839996,82.470001,82.589996,54.855270
2013-05-21,82.930000,82.120003,82.629997,54.881851
2013-05-22,84.269997,82.580002,82.970001,55.107685
2013-05-23,82.730003,81.510002,82.120003,54.543114
2013-05-24,82.779999,81.550003,82.580002,54.848637
2013-05-28,83.480003,82.169998,82.430000,54.749008
2013-05-29,82.230003,80.919998,81.120003,53.878925
2013-05-30,81.489998,80.699997,81.220001,53.945354
2013-05-31,81.610001,80.720001,80.769997,53.646454
2013-06-03,81.489998,79.730003,81.400002,54.064896
2013-06-04,82.059998,81.019997,81.629997,54.217648
2013-06-05,81.529999,80.720001,81.199997,54.309967
2013-06-06,81.660004,80.709999,81.660004,54.617630
2013-06-07,82.510002,81.489998,82.510002,55.186150
2013-06-10,83.059998,82.110001,82.849998,55.413555
2013-06-11,82.809998,81.820000,82.529999,55.199501
2013-06-12,83.190002,82.040001,82.110001,54.918617
2013-06-13,82.239998,81.250000,81.980003,54.831669
2013-06-14,83.000000,81.989998,82.129997,54.931992
2013-06-17,82.930000,82.089996,82.550003,55.212910
2013-06-18,82.690002,82.000000,82.570000,55.226276
2013-06-19,82.669998,80.889999,80.889999,54.102612
2013-06-20,80.879997,78.769997,78.910004,52.778320
2013-06-21,80.419998,79.220001,80.129997,53.594311
2013-06-24,80.750000,78.199997,80.129997,53.594311
2013-06-25,80.550003,79.669998,80.040001,53.534111
2013-06-26,81.570000,80.620003,81.300003,54.376858
2013-06-27,82.540001,81.519997,81.739998,54.671131
2013-06-28,82.269997,81.599998,81.790001,54.704575
2013-07-01,82.500000,81.760002,82.040001,54.871777
2013-07-02,82.230003,81.320000,81.680000,54.631001
2013-07-03,81.440002,80.320000,80.730003,53.995602
2013-07-05,81.279999,80.290001,80.800003,54.042404
2013-07-08,81.839996,81.070000,81.779999,54.697884
2013-07-09,82.870003,81.959999,82.769997,55.360062
2013-07-10,83.419998,82.669998,82.989998,55.507179
2013-07-11,84.629997,83.650002,84.550003,56.550587
2013-07-12,84.519997,83.839996,84.320000,56.396744
2013-07-15,84.919998,84.330002,84.720001,56.664288
2013-07-16,84.300003,83.309998,84.019997,56.196091
2013-07-17,85.510002,83.930000,85.239998,57.012077
2013-07-18,87.059998,85.300003,86.800003,58.055492
2013-07-19,86.839996,85.870003,86.410004,57.794640
2013-07-22,86.940002,86.029999,86.400002,57.787960
2013-07-23,86.430000,85.970001,86.199997,57.654175
2013-07-24,86.699997,85.639999,85.639999,57.279629
2013-07-25,85.800003,85.279999,85.550003,57.219437
2013-07-26,85.339996,84.360001,85.309998,57.058926
2013-07-29,85.599998,84.959999,85.250000,57.018784
2013-07-30,85.989998,85.110001,85.110001,56.925140
2013-07-31,85.660004,83.430000,83.540001,55.875057
2013-08-01,84.400002,83.870003,84.199997,56.316502
2013-08-02,84.339996,83.400002,84.290001,56.376694
2013-08-05,84.639999,83.769997,84.480003,56.503784
2013-08-06,85.430000,84.120003,85.050003,56.885021
2013-08-07,84.989998,84.360001,84.760002,56.691051
2013-08-08,85.089996,84.440002,84.680000,56.637547
2013-08-09,84.769997,84.180000,84.339996,56.410103
2013-08-12,84.029999,83.529999,83.809998,56.055664
2013-08-13,84.099998,83.260002,83.389999,55.774723
2013-08-14,83.540001,82.730003,82.750000,55.346680
2013-08-15,82.279999,80.830002,80.910004,54.116009
2013-08-16,80.750000,79.940002,80.180000,53.627747
2013-08-19,81.050003,79.820000,80.879997,54.095917
2013-08-20,80.959999,80.260002,80.290001,53.701324
2013-08-21,80.160004,79.010002,79.080002,52.892029
2013-08-22,79.690002,78.709999,79.250000,53.005730
2013-08-23,79.980003,79.269997,79.849998,53.407036
2013-08-26,80.099998,79.669998,79.690002,53.300014
2013-08-27,79.389999,78.610001,79.059998,52.878647
2013-08-28,79.680000,78.940002,79.370003,53.085983
2013-08-29,79.739998,79.050003,79.330002,53.059223
2013-08-30,79.839996,79.230003,79.730003,53.326759
2013-09-03,80.790001,80.040001,80.199997,53.641125
2013-09-04,79.709999,79.000000,79.529999,53.572426
2013-09-05,79.709999,78.800003,79.070000,53.262535
2013-09-06,79.680000,78.320000,79.260002,53.390549
2013-09-09,79.480003,78.790001,79.379997,53.471378
2013-09-10,79.800003,79.029999,79.430000,53.505047
2013-09-11,79.900002,79.139999,79.849998,53.787975
2013-09-12,80.050003,79.559998,79.870003,53.801449
2013-09-13,80.400002,79.900002,80.320000,54.104568
2013-09-16,81.220001,80.610001,81.019997,54.576096
2013-09-17,81.839996,80.970001,81.660004,55.007217
2013-09-18,82.930000,81.250000,82.879997,55.829025
2013-09-19,82.940002,81.339996,81.820000,55.114975
2013-09-20,82.000000,81.480003,81.739998,55.061092
2013-09-23,81.580002,80.949997,81.019997,54.576096
2013-09-24,81.230003,80.459999,80.540001,54.252762
2013-09-25,81.160004,80.080002,80.209999,54.030457
2013-09-26,80.570000,79.849998,80.540001,54.252762
2013-09-27,80.680000,79.900002,80.199997,54.023731
2013-09-30,79.919998,79.250000,79.500000,53.552200
2013-10-01,79.820000,79.019997,79.820000,53.767750
2013-10-02,79.580002,78.669998,79.559998,53.592625
2013-10-03,79.910004,79.290001,79.440002,53.511791
2013-10-04,79.930000,79.129997,79.620003,53.633053
2013-10-07,79.589996,78.959999,79.059998,53.255821
2013-10-08,79.349998,78.860001,78.930000,53.168247
2013-10-09,80.190002,78.870003,79.500000,53.552200
2013-10-10,80.690002,79.809998,80.690002,54.353813
2013-10-11,81.089996,80.449997,80.830002,54.448120
2013-10-14,81.120003,80.339996,81.089996,54.623260
2013-10-15,81.529999,80.400002,80.599998,54.293190
2013-10-16,82.400002,81.379997,82.269997,55.418102
2013-10-17,82.620003,81.629997,82.580002,55.626926
2013-10-18,83.010002,82.230003,83.010002,55.916580
2013-10-21,82.970001,82.190002,82.370003,55.485447
2013-10-22,83.730003,82.300003,83.440002,56.206242
2013-10-23,83.440002,82.790001,83.330002,56.132149
2013-10-24,83.410004,82.540001,82.540001,55.599987
2013-10-25,83.370003,82.440002,83.349998,56.145618
2013-10-28,84.709999,83.230003,84.610001,56.994354
2013-10-29,85.500000,84.500000,85.489998,57.587158
2013-10-30,85.489998,84.610001,84.720001,57.068466
2013-10-31,84.900002,84.089996,84.089996,56.644073
2013-11-01,84.690002,83.839996,84.559998,56.960690
2013-11-04,84.989998,84.139999,84.370003,56.832703
2013-11-05,84.910004,83.830002,84.620003,57.001118
2013-11-06,86.730003,84.669998,86.680000,58.388729
2013-11-07,86.680000,85.089996,85.300003,57.459160
2013-11-08,85.879997,84.320000,85.849998,57.829632
2013-11-11,86.120003,85.260002,85.449997,57.560215
2013-11-12,85.680000,85.029999,85.639999,57.688194
2013-11-13,86.010002,85.190002,85.949997,57.896999
2013-11-14,86.629997,85.879997,86.389999,58.193378
2013-11-15,86.580002,85.559998,86.029999,57.950905
2013-11-18,86.180000,85.400002,85.860001,57.836380
2013-11-19,85.809998,84.930000,85.290001,57.452408
2013-11-20,86.089996,84.980003,85.129997,57.344646
2013-11-21,85.919998,85.220001,85.620003,57.674725
2013-11-22,85.800003,85.110001,85.739998,57.755566
2013-11-25,86.120003,85.239998,85.370003,57.506329
2013-11-26,85.750000,84.379997,84.389999,56.846172
2013-11-27,84.599998,84.070000,84.419998,56.866383
2013-11-29,84.879997,84.199997,84.459999,56.893314
2013-12-02,84.519997,83.540001,83.699997,56.381355
2013-12-03,83.959999,83.330002,83.800003,56.448753
2013-12-04,83.019997,82.110001,82.650002,56.054020
2013-12-05,82.589996,81.889999,81.900002,55.545383
2013-12-06,83.250000,82.239998,83.150002,56.393116
2013-12-09,83.199997,82.360001,82.690002,56.081161
2013-12-10,82.809998,82.110001,82.400002,55.884464
2013-12-11,83.070000,82.320000,82.669998,56.067566
2013-12-12,82.650002,80.970001,81.279999,55.124886
2013-12-13,81.839996,80.849998,80.930000,54.887508
2013-12-16,81.300003,80.599998,81.000000,54.934982
2013-12-17,81.250000,80.349998,80.459999,54.568741
2013-12-18,81.610001,79.959999,81.419998,55.219826
2013-12-19,81.790001,81.019997,81.660004,55.382595
2013-12-20,82.099998,81.470001,81.809998,55.484333
2013-12-23,82.379997,81.449997,81.860001,55.518242
2013-12-24,82.209999,81.800003,82.040001,55.640316
2013-12-26,82.449997,82.010002,82.449997,55.918407
2013-12-27,83.110001,82.459999,82.709999,56.094723
2013-12-30,83.089996,82.680000,82.910004,56.230370
2013-12-31,83.330002,82.540001,82.940002,56.250706
2014-01-02,82.989998,81.820000,82.099998,55.680996
2014-01-03,82.870003,82.120003,82.239998,55.775963
2014-01-06,82.610001,82.080002,82.279999,55.803085
2014-01-07,83.989998,82.610001,83.480003,56.616932
2014-01-08,83.620003,82.809998,83.239998,56.454166
2014-01-09,83.389999,82.370003,82.849998,56.189663
2014-01-10,83.639999,82.750000,83.500000,56.630497
2014-01-13,83.570000,82.320000,82.370003,55.864098
2014-01-14,82.860001,82.260002,82.370003,55.864098
2014-01-15,83.199997,82.279999,82.889999,56.216801
2014-01-16,83.169998,82.300003,82.860001,56.196449
2014-01-17,82.980003,82.040001,82.199997,55.748837
2014-01-21,83.070000,82.150002,82.919998,56.237137
2014-01-22,83.000000,82.470001,82.849998,56.189663
2014-01-23,82.849998,81.870003,82.430000,55.904819
2014-01-24,82.629997,81.430000,81.430000,55.226604
2014-01-27,82.769997,81.419998,82.059998,55.653881
2014-01-28,82.669998,81.709999,82.320000,55.830200
2014-01-29,81.870003,80.099998,80.220001,54.405968
2014-01-30,81.360001,80.550003,81.080002,54.989246
2014-01-31,80.820000,79.900002,80.360001,54.500935
2014-02-03,80.510002,78.519997,78.570000,53.286930
2014-02-04,79.169998,78.279999,78.820000,53.456455
2014-02-05,79.620003,78.440002,79.419998,53.863415
2014-02-06,80.199997,78.849998,79.389999,53.843067
2014-02-07,80.260002,79.260002,80.220001,54.405968
2014-02-10,80.720001,80.160004,80.599998,54.663696
2014-02-11,81.330002,80.330002,81.250000,55.104530
2014-02-12,81.849998,80.980003,81.489998,55.267315
2014-02-13,80.870003,78.360001,79.690002,54.046524
2014-02-14,79.820000,78.059998,78.089996,52.961391
2014-02-18,78.629997,77.779999,78.180000,53.022434
2014-02-19,78.430000,77.010002,77.099998,52.289955
2014-02-20,78.870003,77.370003,78.010002,52.907120
2014-02-21,78.910004,77.900002,78.220001,53.049557
2014-02-24,79.589996,78.309998,78.879997,53.497177
2014-02-25,79.750000,78.930000,79.230003,53.734539
2014-02-26,79.879997,78.570000,78.650002,53.341190
2014-02-27,79.459999,78.400002,79.070000,53.626015
2014-02-28,80.400002,78.849998,80.070000,54.304241
2014-03-03,79.709999,79.099998,79.519997,53.931221
2014-03-04,80.930000,79.800003,80.849998,54.833241
2014-03-05,81.470001,80.309998,81.110001,55.398788
2014-03-06,81.440002,80.959999,81.330002,55.549042
2014-03-07,81.629997,81.029999,81.559998,55.706131
2014-03-10,81.830002,81.209999,81.730003,55.822247
2014-03-11,82.980003,81.790001,82.809998,56.559879
2014-03-12,82.550003,81.860001,82.150002,56.109104
2014-03-13,82.709999,81.629997,81.800003,55.870052
2014-03-14,82.190002,80.860001,81.000000,55.323662
2014-03-17,82.139999,81.290001,82.050003,56.040813
2014-03-18,82.220001,81.589996,81.949997,55.972519
2014-03-19,81.989998,81.190002,81.370003,55.576351
2014-03-20,81.910004,81.250000,81.860001,55.911037
2014-03-21,82.570000,81.500000,82.139999,56.102268
2014-03-24,82.570000,81.529999,81.889999,55.931519
2014-03-25,82.500000,81.900002,82.400002,56.279850
2014-03-26,83.739998,82.489998,82.870003,56.600887
2014-03-27,83.209999,82.500000,82.540001,56.375477
2014-03-28,83.209999,82.699997,82.949997,56.655502
2014-03-31,83.800003,83.169998,83.500000,57.031166
2014-04-01,83.269997,82.730003,82.879997,56.607723
2014-04-02,82.949997,82.440002,82.730003,56.505257
2014-04-03,83.099998,82.599998,82.910004,56.628212
2014-04-04,83.180000,82.580002,82.589996,56.409626
2014-04-07,84.230003,82.300003,83.910004,57.311218
2014-04-08,84.000000,83.150002,83.470001,57.010654
2014-04-09,84.000000,83.279999,83.910004,57.311218
2014-04-10,84.820000,83.599998,83.620003,57.113125
2014-04-11,84.220001,81.989998,83.150002,56.792103
2014-04-14,83.910004,83.050003,83.550003,57.065338
2014-04-15,84.040001,83.540001,83.959999,57.345367
2014-04-16,84.980003,84.370003,84.769997,57.898582
2014-04-17,85.940002,84.489998,85.550003,58.431339
2014-04-21,85.949997,85.010002,85.910004,58.677238
2014-04-22,85.830002,85.139999,85.139999,58.151310
2014-04-23,85.699997,85.059998,85.410004,58.335716
2014-04-24,85.669998,85.000000,85.519997,58.410858
2014-04-25,85.790001,85.110001,85.250000,58.226429
2014-04-28,87.000000,85.449997,86.820000,59.298752
2014-04-29,86.940002,85.760002,85.760002,58.574745
2014-04-30,86.070000,85.430000,85.889999,58.663574
2014-05-01,86.129997,84.949997,85.570000,58.445004
2014-05-02,85.860001,85.099998,85.519997,58.410858
2014-05-05,86.080002,85.139999,85.910004,58.677238
2014-05-06,85.980003,85.320000,85.370003,58.308380
2014-05-07,87.120003,85.309998,86.800003,59.285099
2014-05-08,87.089996,86.419998,86.660004,59.189484
2014-05-09,87.250000,86.419998,87.169998,59.537804
2014-05-12,87.680000,86.629997,86.930000,59.373886
2014-05-13,87.440002,86.809998,87.230003,59.578789
2014-05-14,87.440002,86.779999,86.839996,59.312408
2014-05-15,86.900002,85.690002,85.739998,58.561115
2014-05-16,86.620003,85.570000,86.540001,59.107502
2014-05-19,86.199997,85.449997,86.099998,58.807007
2014-05-20,86.239998,85.360001,85.650002,58.499657
2014-05-21,86.150002,85.529999,86.099998,58.807007
2014-05-22,86.099998,85.400002,85.580002,58.451817
2014-05-23,86.050003,85.360001,85.830002,58.622601
2014-05-27,86.629997,85.650002,86.529999,59.100685
2014-05-28,87.160004,86.339996,87.070000,59.469513
2014-05-29,87.839996,86.879997,87.730003,59.920288
2014-05-30,88.480003,87.410004,88.330002,60.330082
2014-06-02,88.389999,87.760002,87.870003,60.015934
2014-06-03,88.239998,87.309998,88.220001,60.254963
2014-06-04,88.050003,87.339996,87.430000,60.162075
2014-06-05,87.919998,87.220001,87.760002,60.389145
2014-06-06,88.070000,87.529999,87.910004,60.492386
2014-06-09,88.330002,87.820000,88.000000,60.554295
2014-06-10,88.720001,87.669998,88.419998,60.843281
2014-06-11,88.500000,87.739998,87.779999,60.402885
2014-06-12,87.709999,86.949997,87.220001,60.017567
2014-06-13,87.360001,86.820000,87.190002,59.996922
2014-06-16,87.739998,86.709999,87.550003,60.244652
2014-06-17,87.970001,87.070000,87.279999,60.058823
2014-06-18,88.970001,87.110001,88.900002,61.173595
2014-06-19,90.099998,88.919998,90.099998,61.999348
2014-06-20,90.239998,89.099998,89.099998,61.311226
2014-06-23,89.260002,87.739998,88.389999,60.822651
2014-06-24,88.570000,87.839996,88.050003,60.588715
2014-06-25,88.720001,87.900002,88.580002,60.953392
2014-06-26,89.139999,87.989998,88.610001,60.974049
2014-06-27,88.919998,88.360001,88.760002,61.077271
2014-06-30,89.500000,88.349998,89.339996,61.476360
2014-07-01,89.279999,88.830002,89.129997,61.331863
2014-07-02,89.690002,89.010002,89.669998,61.703461
2014-07-03,90.139999,89.529999,90.019997,61.944286
2014-07-07,89.940002,89.480003,89.860001,61.834202
2014-07-08,90.080002,89.480003,89.730003,61.744732
2014-07-09,90.099998,89.620003,89.769997,61.772232
2014-07-10,90.220001,89.150002,90.099998,61.999348
2014-07-11,90.209999,89.449997,89.849998,61.827309
2014-07-14,91.389999,90.070000,91.080002,62.673702
2014-07-15,90.949997,90.180000,90.339996,62.164482
2014-07-16,90.879997,90.059998,90.500000,62.274586
2014-07-17,90.669998,89.970001,89.989998,61.923630
2014-07-18,90.279999,89.690002,90.089996,61.992455
2014-07-21,90.139999,89.379997,89.910004,61.868626
2014-07-22,89.639999,89.010002,89.169998,61.359413
2014-07-23,93.089996,90.760002,90.820000,62.494793
2014-07-24,92.339996,91.360001,91.910004,63.244835
2014-07-25,92.150002,91.290001,91.550003,62.997105
2014-07-28,91.800003,90.639999,90.970001,62.598011
2014-07-29,90.970001,90.139999,90.139999,62.026859
2014-07-30,90.550003,88.720001,88.910004,61.180508
2014-07-31,88.910004,88.070000,88.099998,60.623127
2014-08-01,88.930000,87.459999,88.110001,60.629997
2014-08-04,89.720001,88.129997,89.690002,61.717209
2014-08-05,89.680000,88.889999,89.199997,61.380032
2014-08-06,90.760002,88.430000,90.510002,62.281452
2014-08-07,90.849998,89.540001,89.900002,61.861713
2014-08-08,90.349998,89.510002,90.290001,62.130081
2014-08-11,91.860001,90.699997,91.790001,63.162270
2014-08-12,91.889999,91.019997,91.209999,62.763165
2014-08-13,91.870003,91.080002,91.739998,63.127838
2014-08-14,92.080002,91.459999,91.790001,63.162270
2014-08-15,92.750000,91.290001,91.849998,63.203545
2014-08-18,92.519997,92.000000,92.150002,63.409988
2014-08-19,92.360001,91.779999,91.860001,63.210434
2014-08-20,92.440002,91.519997,92.230003,63.465023
2014-08-21,93.190002,92.010002,92.050003,63.341183
2014-08-22,92.589996,91.599998,91.599998,63.031494
2014-08-25,93.449997,92.580002,93.190002,64.125626
2014-08-26,93.510002,92.559998,92.599998,63.719627
2014-08-27,92.720001,92.059998,92.230003,63.465023
2014-08-28,92.699997,91.809998,92.580002,63.705879
2014-08-29,92.910004,92.010002,92.489998,63.643940
2014-09-02,93.139999,92.379997,92.480003,63.637051
2014-09-03,92.760002,91.809998,92.750000,64.278114
2014-09-04,93.150002,91.769997,91.849998,63.654373
2014-09-05,91.849998,91.389999,91.750000,63.585087
2014-09-08,92.250000,91.389999,91.860001,63.661335
2014-09-09,91.790001,91.300003,91.419998,63.356403
2014-09-10,91.919998,91.529999,91.790001,63.612785
2014-09-11,91.949997,91.480003,91.650002,63.515770
2014-09-12,91.800003,90.580002,90.870003,62.975239
2014-09-15,91.309998,90.779999,91.199997,63.203903
2014-09-16,93.089996,90.949997,92.570000,64.153366
2014-09-17,93.309998,92.050003,92.849998,64.347382
2014-09-18,93.500000,92.699997,93.370003,64.707787
2014-09-19,94.209999,93.419998,93.790001,64.998878
2014-09-22,93.779999,93.290001,93.580002,64.853348
2014-09-23,93.580002,92.839996,92.930000,64.402840
2014-09-24,94.040001,93.080002,93.500000,64.797874
2014-09-25,93.430000,92.480003,92.669998,64.222664
2014-09-26,93.330002,92.440002,93.129997,64.541443
2014-09-29,93.389999,92.510002,93.150002,64.555321
2014-09-30,93.430000,92.919998,93.089996,64.513741
2014-10-01,93.220001,92.419998,92.650002,64.208809
2014-10-02,92.919998,92.330002,92.580002,64.160316
2014-10-03,93.529999,92.650002,93.500000,64.797874
2014-10-06,93.650002,92.790001,93.370003,64.707787
2014-10-07,93.540001,92.900002,93.099998,64.520676
2014-10-08,93.940002,92.760002,93.940002,65.102814
2014-10-09,96.220001,93.559998,93.570000,64.846390
2014-10-10,95.900002,93.660004,94.650002,65.594856
2014-10-13,95.449997,93.830002,93.940002,65.102814
2014-10-14,94.519997,92.589996,93.010002,64.458305
2014-10-15,92.559998,90.760002,91.769997,63.598930
2014-10-16,91.029999,89.820000,90.790001,62.919807
2014-10-17,92.000000,90.550003,91.510002,63.418755
2014-10-20,93.720001,91.589996,93.550003,64.832504
2014-10-21,93.959999,92.169998,93.730003,64.957275
2014-10-22,95.019997,93.639999,94.459999,65.463188
2014-10-23,95.320000,93.500000,93.760002,64.978073
2014-10-24,94.790001,93.550003,94.599998,65.560211
2014-10-27,95.239998,94.309998,94.620003,65.574074
2014-10-28,95.260002,94.300003,95.260002,66.017601
2014-10-29,95.500000,94.070000,94.690002,65.622597
2014-10-30,96.099998,94.150002,95.650002,66.287888
2014-10-31,96.739998,95.580002,96.169998,66.648270
2014-11-03,96.430000,95.610001,95.830002,66.412621
2014-11-04,96.839996,95.989998,96.730003,67.036346
2014-11-05,97.860001,96.370003,96.889999,67.147224
2014-11-06,97.199997,96.510002,96.809998,67.091789
2014-11-07,96.809998,95.500000,96.800003,67.084869
2014-11-10,96.989998,96.160004,96.970001,67.202682
2014-11-11,97.379997,96.639999,96.699997,67.015541
2014-11-12,97.389999,96.220001,97.160004,67.334343
2014-11-13,98.959999,96.529999,98.540001,68.290726
2014-11-14,98.550003,97.360001,97.720001,67.722450
2014-11-17,98.550003,96.849998,98.419998,68.207550
2014-11-18,98.500000,97.860001,97.940002,67.874901
2014-11-19,98.440002,97.750000,98.410004,68.200615
2014-11-20,98.620003,97.870003,98.059998,67.958076
2014-11-21,99.129997,98.239998,98.889999,68.533287
2014-11-24,99.250000,98.489998,98.680000,68.387749
2014-11-25,99.190002,98.500000,98.930000,68.561005
2014-11-26,99.639999,99.010002,99.349998,68.852104
2014-11-28,100.699997,99.519997,100.099998,69.371841
2014-12-01,100.150002,98.489998,99.669998,69.073837
2014-12-02,100.570000,99.610001,100.389999,69.572838
2014-12-03,99.699997,98.180000,98.320000,68.585747
2014-12-04,98.279999,97.400002,97.750000,68.188126
2014-12-05,97.930000,97.199997,97.760002,68.195099
2014-12-08,98.110001,97.500000,97.779999,68.209045
2014-12-09,97.750000,96.209999,97.129997,67.755646
2014-12-10,97.599998,96.070000,96.180000,67.092949
2014-12-11,97.000000,96.010002,96.290001,67.169662
2014-12-12,96.769997,94.709999,94.739998,66.088425
2014-12-15,95.720001,93.860001,94.139999,65.669891
2014-12-16,94.970001,92.529999,92.589996,64.588631
2014-12-17,94.099998,92.430000,93.720001,65.376907
2014-12-18,95.410004,93.739998,95.360001,66.520943
2014-12-19,96.199997,95.209999,95.440002,66.576744
2014-12-22,96.660004,95.470001,96.620003,67.399864
2014-12-23,97.500000,96.860001,97.360001,67.916084
2014-12-24,97.889999,97.050003,97.089996,67.727715
2014-12-26,97.570000,96.970001,97.050003,67.699852
2014-12-29,97.099998,96.019997,96.730003,67.476601
2014-12-30,96.779999,95.919998,95.959999,66.939453
2014-12-31,95.980003,94.540001,94.559998,65.962868
2015-01-02,95.339996,94.050003,94.440002,65.879166
2015-01-05,95.050003,93.720001,93.730003,65.383873
2015-01-06,94.620003,92.940002,93.019997,64.888588
2015-01-07,96.230003,94.430000,95.739998,66.786011
2015-01-08,97.910004,96.680000,97.480003,67.999794
2015-01-09,97.669998,96.589996,96.820000,67.539383
2015-01-12,97.339996,96.190002,96.419998,67.260353
2015-01-13,97.489998,95.820000,96.349998,67.211533
2015-01-14,96.800003,95.459999,96.669998,67.434746
2015-01-15,97.320000,96.379997,96.669998,67.434746
2015-01-16,97.430000,96.339996,97.290001,67.867264
2015-01-20,98.330002,96.830002,97.510002,68.020706
2015-01-21,98.220001,96.599998,97.400002,67.943970
2015-01-22,99.000000,97.040001,98.900002,68.990341
2015-01-23,98.989998,98.099998,98.529999,68.732239
2015-01-26,98.949997,97.669998,98.690002,68.843864
2015-01-27,98.050003,95.250000,96.720001,67.469612
2015-01-28,97.769997,95.660004,95.720001,66.772041
2015-01-29,96.480003,94.870003,96.029999,66.988319
2015-01-30,95.330002,93.559998,93.779999,65.418755
2015-02-02,95.440002,93.599998,95.330002,66.500015
2015-02-03,96.559998,95.580002,96.199997,67.106880
2015-02-04,97.269997,96.029999,96.599998,67.385918
2015-02-05,97.230003,96.410004,96.610001,67.392914
2015-02-06,97.059998,96.349998,96.709999,67.462646
2015-02-09,96.910004,95.589996,95.970001,66.946449
2015-02-10,98.099998,96.379997,97.989998,68.355591
2015-02-11,100.760002,99.199997,100.400002,70.036720
2015-02-12,100.500000,99.379997,100.269997,69.946022
2015-02-13,100.150002,98.940002,99.129997,69.150780
2015-02-17,98.709999,98.000000,98.360001,68.613647
2015-02-18,99.489998,98.160004,99.330002,69.290283
2015-02-19,99.599998,98.529999,98.720001,68.864769
2015-02-20,99.070000,97.830002,99.059998,69.101952
2015-02-23,99.480003,98.739998,99.449997,69.374016
2015-02-24,99.970001,99.139999,99.580002,69.464706
2015-02-25,99.820000,98.910004,99.500000,69.408905
2015-02-26,99.360001,98.980003,99.070000,69.108932
2015-02-27,99.370003,98.970001,98.980003,69.046135
2015-03-02,99.300003,98.730003,99.000000,69.060112
2015-03-03,98.949997,98.120003,98.400002,68.641556
2015-03-04,97.849998,97.120003,97.360001,68.371201
2015-03-05,97.830002,97.209999,97.230003,68.279884
2015-03-06,97.150002,95.940002,96.169998,67.535530
2015-03-09,96.500000,95.970001,96.040001,67.444206
2015-03-10,95.599998,94.430000,94.430000,66.313606
2015-03-11,94.629997,93.449997,93.629997,65.751778
2015-03-12,95.760002,93.839996,95.709999,67.212456
2015-03-13,95.589996,93.940002,94.320000,66.236351
2015-03-16,95.529999,94.480003,95.449997,67.029869
2015-03-17,95.290001,94.059998,94.129997,66.102928
2015-03-18,95.050003,92.239998,94.639999,66.461052
2015-03-19,94.580002,93.699997,94.099998,66.081871
2015-03-20,95.480003,94.099998,95.339996,66.952652
2015-03-23,96.120003,95.339996,95.849998,67.310791
2015-03-24,97.160004,95.809998,95.860001,67.317818
2015-03-25,96.440002,95.230003,95.260002,66.896469
2015-03-26,95.980003,94.790001,95.629997,67.156311
2015-03-27,96.160004,95.180000,95.949997,67.381012
2015-03-30,96.680000,95.550003,96.519997,67.781296
2015-03-31,96.589996,95.620003,95.620003,67.149277
2015-04-01,95.279999,94.169998,95.089996,66.777092
2015-04-02,95.930000,94.779999,95.690002,67.198448
2015-04-06,97.089996,95.529999,96.480003,67.753220
2015-04-07,96.870003,96.190002,96.209999,67.563606
2015-04-08,96.599998,95.690002,96.029999,67.437218
2015-04-09,96.629997,95.639999,96.349998,67.661926
2015-04-10,96.519997,96.150002,96.199997,67.556580
2015-04-13,96.279999,95.480003,95.529999,67.086044
2015-04-14,96.800003,95.389999,96.489998,67.760223
2015-04-15,97.300003,96.500000,96.629997,67.858559
2015-04-16,96.919998,96.209999,96.449997,67.732140
2015-04-17,96.120003,95.360001,95.809998,67.282707
2015-04-20,96.940002,96.239998,96.500000,67.767258
2015-04-21,97.559998,96.540001,96.779999,67.963890
2015-04-22,97.639999,96.680000,97.279999,68.315018
2015-04-23,97.440002,95.449997,95.730003,67.226517
2015-04-24,95.709999,94.510002,95.169998,66.833260
2015-04-27,95.269997,94.459999,94.489998,66.355736
2015-04-28,94.769997,94.019997,94.419998,66.306572
2015-04-29,94.470001,93.260002,94.379997,66.278458
2015-04-30,95.330002,93.760002,95.120003,66.798149
2015-05-01,95.620003,94.760002,95.559998,67.107109
2015-05-04,96.250000,95.260002,95.949997,67.381012
2015-05-05,96.169998,95.239998,95.419998,67.008820
2015-05-06,95.970001,94.949997,95.480003,67.050964
2015-05-07,95.669998,94.949997,95.150002,66.819237
2015-05-08,96.610001,95.550003,96.550003,67.802361
2015-05-11,97.099998,96.120003,96.349998,67.661926
2015-05-12,96.379997,95.000000,96.199997,67.556580
2015-05-13,96.959999,96.169998,96.410004,67.704063
2015-05-14,98.000000,96.739998,98.000000,68.820648
2015-05-15,98.440002,97.750000,98.220001,68.975121
2015-05-18,98.330002,97.669998,98.050003,68.855743
2015-05-19,98.339996,97.570000,97.949997,68.785522
2015-05-20,98.330002,97.680000,97.690002,68.602951
2015-05-21,97.790001,96.900002,97.199997,68.258827
2015-05-22,97.209999,96.230003,96.260002,67.598694
2015-05-26,96.279999,95.500000,95.790001,67.268654
2015-05-27,96.580002,95.709999,96.379997,67.683006
2015-05-28,97.389999,95.930000,97.059998,68.160500
2015-05-29,97.239998,95.940002,96.430000,67.718094
2015-06-01,96.589996,95.639999,95.970001,67.395073
2015-06-02,96.349998,95.370003,96.050003,67.451248
2015-06-03,96.000000,95.150002,95.300003,67.417992
2015-06-04,95.620003,94.120003,94.139999,66.597382
2015-06-05,93.980003,92.900002,93.050003,65.826286
2015-06-08,93.410004,92.739998,92.839996,65.677719
2015-06-09,93.320000,92.720001,93.070000,65.840416
2015-06-10,94.080002,93.129997,93.690002,66.279037
2015-06-11,94.290001,93.889999,94.089996,66.561996
2015-06-12,94.070000,93.440002,93.739998,66.314384
2015-06-15,93.419998,92.540001,92.639999,65.536240
2015-06-16,93.709999,92.580002,93.550003,66.179977
2015-06-17,94.269997,93.250000,94.050003,66.533707
2015-06-18,95.519997,94.120003,95.230003,67.368469
2015-06-19,95.309998,94.720001,94.860001,67.106750
2015-06-22,95.879997,95.000000,95.599998,67.630234
2015-06-23,95.739998,95.139999,95.599998,67.630234
2015-06-24,95.769997,95.260002,95.290001,67.410919
2015-06-25,95.989998,94.830002,94.830002,67.085518
2015-06-26,95.449997,94.830002,94.910004,67.142113
2015-06-29,94.760002,93.620003,93.690002,66.279037
2015-06-30,94.699997,93.260002,93.339996,66.031418
2015-07-01,94.570000,93.550003,94.519997,66.866180
2015-07-02,94.980003,94.209999,94.660004,66.965240
2015-07-06,94.919998,94.010002,94.400002,66.781326
2015-07-07,96.660004,94.540001,96.400002,68.196152
2015-07-08,96.279999,95.510002,95.610001,67.637291
2015-07-09,97.349998,94.080002,94.589996,66.915718
2015-07-10,96.269997,95.010002,95.550003,67.594849
2015-07-13,97.489998,96.160004,97.220001,68.776276
2015-07-14,97.480003,96.730003,97.129997,68.712585
2015-07-15,97.339996,96.320000,96.349998,68.160797
2015-07-16,97.339996,96.870003,96.900002,68.549889
2015-07-17,96.820000,96.050003,96.779999,68.464989
2015-07-20,97.480003,96.800003,97.309998,68.839912
2015-07-21,97.480003,96.839996,96.930000,68.571114
2015-07-22,97.480003,96.800003,97.169998,68.740883
2015-07-23,97.370003,96.459999,96.870003,68.528671
2015-07-24,96.889999,96.089996,96.180000,68.040520
2015-07-27,96.419998,95.330002,95.660004,67.672676
2015-07-28,96.230003,95.639999,96.110001,67.991020
2015-07-29,96.769997,96.050003,96.529999,68.288147
2015-07-30,96.879997,96.150002,96.629997,68.358879
2015-07-31,97.169998,96.199997,96.349998,68.160797
2015-08-03,97.480003,96.169998,97.449997,68.938957
2015-08-04,98.000000,97.180000,97.809998,69.193634
2015-08-05,99.349998,97.889999,99.190002,70.169891
2015-08-06,100.610001,99.099998,99.150002,70.141586
2015-08-07,99.449997,98.720001,99.099998,70.106224
2015-08-10,99.699997,98.889999,99.089996,70.099144
2015-08-11,98.750000,98.150002,98.620003,69.766670
2015-08-12,98.430000,97.000000,98.379997,69.596878
2015-08-13,99.230003,98.029999,98.790001,69.886925
2015-08-14,99.269997,98.699997,99.230003,70.198196
2015-08-17,100.089996,98.750000,99.860001,70.643860
2015-08-18,100.419998,99.500000,99.769997,70.580185
2015-08-19,99.680000,98.639999,98.989998,70.028412
2015-08-20,98.599998,97.980003,97.980003,69.313911
2015-08-21,97.599998,96.099998,96.250000,68.090050
2015-08-24,92.330002,76.480003,91.830002,64.963203
2015-08-25,94.139999,89.550003,89.639999,63.413963
2015-08-26,92.629997,89.690002,92.489998,65.430138
2015-08-27,93.989998,91.860001,93.599998,66.215378
2015-08-28,93.839996,92.779999,93.529999,66.165848
2015-08-31,93.330002,92.639999,92.930000,65.741394
2015-09-01,92.160004,90.879997,91.330002,64.609505
2015-09-02,92.160004,90.870003,91.639999,65.331696
2015-09-03,92.750000,91.879997,92.129997,65.681007
2015-09-04,91.540001,90.639999,90.919998,64.818375
2015-09-08,92.400002,91.580002,92.370003,65.852119
2015-09-09,93.080002,90.500000,90.830002,64.754219
2015-09-10,91.699997,90.430000,91.059998,64.918175
2015-09-11,91.639999,90.690002,91.620003,65.317436
2015-09-14,91.639999,90.989998,91.199997,65.017990
2015-09-15,92.339996,91.150002,92.059998,65.631111
2015-09-16,93.320000,92.150002,93.070000,66.351143
2015-09-17,94.370003,92.610001,93.370003,66.565018
2015-09-18,93.629997,91.790001,93.050003,66.336906
2015-09-21,94.269997,93.230003,93.709999,66.807396
2015-09-22,93.080002,91.949997,92.370003,65.852119
2015-09-23,92.699997,91.860001,92.400002,65.873520
2015-09-24,92.860001,91.449997,92.470001,65.923431
2015-09-25,94.180000,92.669998,93.470001,66.636330
2015-09-28,93.650002,92.199997,92.470001,65.923431
2015-09-29,93.360001,92.309998,93.040001,66.329765
2015-09-30,94.400002,93.529999,94.300003,67.228065
2015-10-01,94.500000,93.129997,93.849998,66.907211
2015-10-02,94.220001,92.529999,94.160004,67.128242
2015-10-05,95.980003,94.589996,95.809998,68.304543
2015-10-06,98.000000,96.730003,97.070000,69.202835
2015-10-07,98.989998,97.080002,98.519997,70.236534
2015-10-08,99.010002,97.599998,98.970001,70.557358
2015-10-09,99.620003,98.809998,99.470001,70.913834
2015-10-12,100.099998,98.690002,99.139999,70.678543
2015-10-13,99.160004,97.889999,97.919998,69.808823
2015-10-14,98.209999,97.410004,97.489998,69.502258
2015-10-15,98.489998,97.430000,98.279999,70.065453
2015-10-16,99.809998,98.300003,99.699997,71.077774
2015-10-19,100.269997,99.519997,100.180000,71.419975
2015-10-20,100.389999,99.669998,100.269997,71.484138
2015-10-21,100.900002,99.739998,100.250000,71.469925
2015-10-22,103.379997,100.330002,103.080002,73.487427
2015-10-23,103.440002,101.930000,102.430000,73.024063
2015-10-26,102.809998,101.849998,102.540001,73.102470
2015-10-27,103.199997,102.010002,102.940002,73.387634
2015-10-28,103.199997,101.480003,102.739998,73.245049
2015-10-29,103.099998,101.900002,102.800003,73.287827
2015-10-30,103.239998,102.190002,102.190002,72.852951
2015-11-02,102.580002,101.099998,101.400002,72.289742
2015-11-03,101.209999,99.830002,100.919998,71.947540
2015-11-04,101.339996,100.400002,100.620003,71.733688
2015-11-05,100.940002,100.190002,100.610001,71.726540
2015-11-06,100.290001,99.150002,99.720001,71.092049
2015-11-09,99.599998,98.230003,98.879997,70.493210
2015-11-10,99.220001,98.379997,98.830002,70.457565
2015-11-11,99.959999,99.089996,99.430000,70.885300
2015-11-12,99.330002,98.339996,98.370003,70.129631
2015-11-13,98.949997,97.809998,98.040001,69.894333
2015-11-16,99.660004,97.650002,99.559998,70.977974
2015-11-17,99.879997,98.559998,98.830002,70.457565
2015-11-18,100.379997,98.910004,100.269997,71.484138
2015-11-19,101.370003,100.500000,100.930000,71.954674
2015-11-20,102.150002,100.000000,100.099998,71.362968
2015-11-23,101.690002,100.239998,100.849998,71.897652
2015-11-24,101.000000,100.000000,100.629997,71.740807
2015-11-25,100.940002,100.449997,100.500000,71.648117
2015-11-27,100.989998,100.089996,100.739998,71.819221
2015-11-30,100.970001,100.129997,100.160004,71.405739
2015-12-01,101.120003,100.110001,101.059998,72.047363
2015-12-02,100.379997,99.360001,99.480003,71.417747
2015-12-03,99.989998,98.760002,99.089996,71.137756
2015-12-04,101.370003,98.540001,101.059998,72.552032
2015-12-07,101.510002,100.120003,100.669998,72.272095
2015-12-08,100.809998,99.629997,100.169998,71.913094
2015-12-09,100.959999,98.989998,99.129997,71.166473
2015-12-10,99.599998,98.449997,98.900002,71.001350
2015-12-11,98.790001,97.540001,97.779999,70.197311
2015-12-14,98.620003,96.809998,97.949997,70.319344
2015-12-15,99.669998,98.199997,99.389999,71.353172
2015-12-16,101.330002,99.650002,101.080002,72.566414
2015-12-17,101.110001,100.169998,100.199997,71.934624
2015-12-18,99.760002,97.879997,97.900002,70.283463
2015-12-21,98.639999,97.769997,98.620003,70.800346
2015-12-22,100.070000,98.629997,99.800003,71.647469
2015-12-23,100.760002,100.019997,100.639999,72.250526
2015-12-24,100.970001,100.110001,100.540001,72.178741
2015-12-28,100.790001,100.139999,100.680000,72.279251
2015-12-29,101.699997,100.769997,101.449997,72.832024
2015-12-30,101.540001,100.980003,101.150002,72.616676
2015-12-31,100.910004,99.809998,99.919998,71.733643
2016-01-04,99.000000,97.800003,98.769997,70.908051
2016-01-05,99.849998,98.709999,99.449997,71.396217
2016-01-06,99.760002,98.120003,99.480003,71.417747
2016-01-07,98.980003,97.209999,97.570000,70.046555
2016-01-08,98.629997,96.940002,97.209999,69.788109
2016-01-11,97.919998,96.870003,97.440002,69.953232
2016-01-12,98.410004,97.139999,97.620003,70.082436
2016-01-13,97.940002,96.349998,96.500000,69.278366
2016-01-14,97.080002,95.660004,95.809998,68.783035
2016-01-15,94.559998,93.300003,93.930000,67.433350
2016-01-19,96.099998,94.459999,95.769997,68.754311
2016-01-20,95.419998,93.300003,93.769997,67.318466
2016-01-21,94.669998,93.250000,94.470001,67.821030
2016-01-22,96.290001,94.120003,95.849998,68.811707
2016-01-25,96.830002,95.529999,95.940002,68.876343
2016-01-26,97.220001,95.769997,96.320000,69.149155
2016-01-27,97.279999,95.559998,95.940002,68.876343
2016-01-28,97.900002,96.080002,97.449997,69.960381
2016-01-29,99.300003,97.580002,99.300003,71.288521
2016-02-01,99.400002,97.519997,99.029999,71.094658
2016-02-02,98.680000,98.000000,98.209999,70.506042
2016-02-03,99.029999,97.599998,98.720001,70.872131
2016-02-04,98.900002,97.000000,97.389999,69.917320
2016-02-05,97.709999,96.800003,97.320000,69.867065
2016-02-08,97.889999,96.400002,97.519997,70.010658
2016-02-09,98.790001,96.440002,98.279999,70.556282
2016-02-10,98.730003,97.519997,97.620003,70.082436
2016-02-11,97.940002,96.089996,96.900002,69.565529
2016-02-12,98.589996,96.150002,98.489998,70.707031
2016-02-16,99.300003,98.099998,98.599998,70.785995
2016-02-17,99.889999,98.800003,99.550003,71.468010
2016-02-18,99.970001,98.970001,99.620003,71.518227
2016-02-19,100.190002,98.459999,99.580002,71.489540
2016-02-22,100.559998,99.580002,99.870003,71.697716
2016-02-23,100.000000,99.379997,99.540001,71.460831
2016-02-24,99.750000,98.400002,99.680000,71.561348
2016-02-25,100.699997,99.830002,100.669998,72.272095
2016-02-26,100.540001,97.839996,98.360001,70.613693
2016-02-29,99.019997,97.790001,97.820000,70.226028
2016-03-01,99.139999,98.050003,99.089996,71.137756
2016-03-02,98.360001,97.540001,98.330002,71.096542
2016-03-03,99.230003,98.019997,99.160004,71.696671
2016-03-04,100.000000,98.570000,100.000000,72.304047
2016-03-07,99.599998,98.970001,99.250000,71.761749
2016-03-08,100.120003,98.750000,99.739998,72.116051
2016-03-09,100.580002,99.739998,100.199997,72.448616
2016-03-10,100.879997,100.019997,100.779999,72.868011
2016-03-11,101.410004,100.589996,101.309998,73.251221
2016-03-14,101.449997,100.620003,100.650002,72.773987
2016-03-15,101.570000,100.250000,101.150002,73.135513
2016-03-16,101.339996,100.010002,100.830002,72.904160
2016-03-17,102.120003,100.790001,101.870003,73.656120
2016-03-18,101.940002,101.010002,101.290001,73.236748
2016-03-21,102.120003,100.320000,101.540001,73.417503
2016-03-22,101.510002,100.430000,100.769997,72.860786
2016-03-23,101.760002,100.529999,100.809998,72.889679
2016-03-24,100.919998,100.150002,100.680000,72.795692
2016-03-28,101.610001,100.820000,100.980003,73.012627
2016-03-29,101.639999,100.760002,101.370003,73.294609
2016-03-30,102.889999,101.410004,102.690002,74.249001
2016-03-31,103.449997,102.300003,102.480003,74.097168
2016-04-01,103.889999,101.949997,103.779999,75.037132
2016-04-04,103.949997,102.769997,103.820000,75.066055
2016-04-05,103.930000,102.870003,103.099998,74.545456
2016-04-06,103.989998,102.870003,103.919998,75.138351
2016-04-07,103.970001,103.029999,103.599998,74.906975
2016-04-08,105.250000,103.900002,105.080002,75.977074
2016-04-11,105.769997,104.160004,104.300003,75.413109
2016-04-12,105.120003,104.120003,104.910004,75.854156
2016-04-13,105.349998,103.760002,104.120003,75.282967
2016-04-14,104.089996,102.709999,103.160004,74.588837
2016-04-15,103.809998,103.010002,103.769997,75.029877
2016-04-18,104.589996,103.500000,103.720001,74.993729
2016-04-19,104.610001,103.760002,104.320000,75.427567
2016-04-20,104.349998,102.389999,102.440002,74.068230
2016-04-21,102.339996,100.419998,100.989998,73.019852
2016-04-22,102.059998,100.940002,101.980003,73.735649
2016-04-25,102.830002,101.610001,102.800003,74.328575
2016-04-26,103.400002,102.190002,102.599998,74.183945
2016-04-27,103.360001,101.910004,102.629997,74.205627
2016-04-28,103.150002,102.160004,102.970001,74.451454
2016-04-29,103.169998,102.400002,102.959999,74.444191
2016-05-02,103.870003,102.639999,103.430000,74.784058
2016-05-03,103.930000,103.000000,103.559998,74.878059
2016-05-04,104.440002,103.129997,104.019997,75.210632
2016-05-05,104.879997,103.599998,104.209999,75.348007
2016-05-06,104.970001,103.680000,104.959999,75.890320
2016-05-09,105.730003,104.910004,105.279999,76.121689
2016-05-10,106.629997,105.330002,106.570000,77.054405
2016-05-11,106.940002,105.629997,105.720001,76.439819
2016-05-12,106.400002,105.580002,106.099998,76.714584
2016-05-13,106.099998,103.540001,104.180000,75.326332
2016-05-16,104.650002,103.629997,104.129997,75.290199
2016-05-17,104.379997,102.010002,102.370003,74.017624
2016-05-18,102.000000,100.269997,100.910004,72.962006
2016-05-19,101.440002,100.300003,101.330002,73.265694
2016-05-20,101.790001,100.000000,100.099998,72.376328
2016-05-23,100.769997,100.000000,100.419998,72.607697
2016-05-24,101.379997,100.690002,101.089996,73.092155
2016-05-25,101.599998,100.959999,101.089996,73.092155
2016-05-26,101.959999,101.010002,101.900002,73.677803
2016-05-27,102.379997,101.599998,101.959999,73.721191
2016-05-31,102.370003,100.820000,101.169998,73.150017
2016-06-01,101.599998,100.300003,101.570000,73.989883
2016-06-02,102.010002,101.169998,102.000000,74.303169
2016-06-03,102.830002,101.919998,102.529999,74.689232
2016-06-06,103.059998,102.230003,102.699997,74.813065
2016-06-07,103.180000,102.279999,102.489998,74.660080
2016-06-08,103.349998,102.169998,103.180000,75.162720
2016-06-09,103.820000,102.540001,103.660004,75.512367
2016-06-10,103.489998,102.779999,103.309998,75.257423
2016-06-13,103.690002,102.980003,103.059998,75.075287
2016-06-14,103.290001,101.739998,103.230003,75.199150
2016-06-15,103.570000,102.750000,102.860001,74.929619
2016-06-16,103.930000,102.510002,103.849998,75.650795
2016-06-17,103.860001,102.400002,103.410004,75.330276
2016-06-20,104.680000,103.349998,103.370003,75.301147
2016-06-21,104.410004,103.760002,104.080002,75.818352
2016-06-22,104.489998,103.629997,103.739998,75.570648
2016-06-23,104.500000,103.910004,104.440002,76.080582
2016-06-24,103.449997,101.800003,101.980003,74.288567
2016-06-27,102.339996,101.300003,102.129997,74.397835
2016-06-28,102.339996,101.500000,102.139999,74.405113
2016-06-29,103.330002,102.459999,103.120003,75.119034
2016-06-30,106.000000,103.529999,105.940002,77.173271
2016-07-01,106.400002,105.379997,105.629997,76.947464
2016-07-05,106.980003,105.629997,106.419998,77.522957
2016-07-06,106.730003,105.629997,105.919998,77.158714
2016-07-07,109.000000,107.070000,107.489998,78.302391
2016-07-08,108.500000,107.320000,108.269997,78.870590
2016-07-11,109.129997,107.769997,108.910004,79.336815
2016-07-12,109.110001,108.370003,108.790001,79.249390
2016-07-13,110.059998,108.889999,109.910004,80.065277
2016-07-14,110.940002,109.760002,109.959999,80.101685
2016-07-15,110.489998,108.970001,109.660004,79.883163
2016-07-18,109.699997,108.839996,109.209999,79.555344
2016-07-19,109.559998,108.709999,109.529999,79.788483
2016-07-20,109.910004,108.680000,108.919998,79.344078
2016-07-21,108.870003,108.110001,108.580002,79.096436
2016-07-22,109.410004,108.779999,109.190002,79.540787
2016-07-25,109.279999,108.379997,109.019997,79.416962
2016-07-26,109.230003,108.029999,108.199997,78.819588
2016-07-27,108.040001,106.690002,107.480003,78.295105
2016-07-28,108.379997,107.169998,108.129997,78.768608
2016-07-29,109.110001,108.120003,108.919998,79.344078
2016-08-01,109.089996,108.339996,108.930000,79.351379
2016-08-02,109.250000,108.279999,108.720001,79.198395
2016-08-03,108.980003,107.680000,108.040001,78.703049
2016-08-04,108.550003,107.980003,108.419998,78.979881
2016-08-05,109.360001,108.370003,108.660004,79.154694
2016-08-08,108.620003,107.669998,108.139999,78.775909
2016-08-09,108.750000,108.059998,108.279999,78.877876
2016-08-10,108.959999,108.449997,108.820000,79.271255
2016-08-11,109.180000,108.449997,108.480003,79.023567
2016-08-12,108.940002,108.370003,108.589996,79.103714
2016-08-15,108.989998,108.639999,108.720001,79.198395
2016-08-16,108.690002,107.910004,108.000000,78.673927
2016-08-17,108.529999,107.599998,108.470001,79.016281
2016-08-18,108.820000,108.199997,108.279999,78.877876
2016-08-19,108.260002,107.540001,108.169998,78.797768
2016-08-22,108.209999,107.769997,107.959999,78.644775
2016-08-23,108.550003,107.699997,107.879997,78.586479
2016-08-24,108.290001,107.550003,108.110001,78.754044
2016-08-25,108.379997,107.790001,107.879997,78.586479
2016-08-26,108.500000,107.330002,107.449997,78.273262
2016-08-29,108.010002,107.400002,107.989998,78.666626
2016-08-30,108.059998,107.029999,107.209999,78.098434
2016-08-31,106.879997,106.260002,106.750000,78.313385
2016-09-01,107.339996,106.290001,107.290001,78.709541
2016-09-02,108.250000,107.500000,107.870003,79.135025
2016-09-06,108.120003,107.400002,107.919998,79.171684
2016-09-07,107.970001,106.779999,107.209999,78.650848
2016-09-08,107.339996,106.489998,106.879997,78.408745
2016-09-09,106.190002,104.050003,104.050003,76.332619
2016-09-12,106.220001,104.300003,106.019997,77.777847
2016-09-13,105.949997,104.290001,104.589996,76.728767
2016-09-14,105.639999,104.599998,105.050003,77.066231
2016-09-15,105.720001,104.699997,105.480003,77.381699
2016-09-16,105.500000,104.580002,105.279999,77.234962
2016-09-19,106.120003,104.919998,105.669998,77.521072
2016-09-20,106.709999,105.959999,106.300003,77.983261
2016-09-21,107.370003,105.879997,107.129997,78.592178
2016-09-22,107.940002,107.309998,107.820000,79.098335
2016-09-23,107.989998,107.040001,107.339996,78.746223
2016-09-26,107.379997,106.870003,107.029999,78.518768
2016-09-27,107.870003,106.730003,107.489998,78.856247
2016-09-28,107.910004,106.860001,107.379997,78.775551
2016-09-29,109.709999,107.709999,107.760002,79.054329
2016-09-30,109.239998,108.370003,108.769997,79.795296
2016-10-03,108.830002,107.470001,108.250000,79.413788
2016-10-04,108.370003,106.580002,107.099998,78.570145
2016-10-05,107.489998,105.690002,106.010002,77.770508
2016-10-06,106.529999,105.459999,106.400002,78.056618
2016-10-07,106.919998,105.650002,105.989998,77.755829
2016-10-10,106.620003,105.820000,106.220001,77.924561
2016-10-11,106.209999,105.000000,105.570000,77.447708
2016-10-12,106.160004,105.500000,106.080002,77.821877
2016-10-13,106.169998,105.290001,105.919998,77.704475
2016-10-14,107.059998,105.779999,106.830002,78.372070
2016-10-17,107.070000,106.559998,106.849998,78.386749
2016-10-18,108.180000,106.940002,106.949997,78.460114
2016-10-19,107.010002,106.080002,106.260002,77.953903
2016-10-20,106.320000,105.580002,105.870003,77.667793
2016-10-21,106.010002,105.269997,105.620003,77.484390
2016-10-24,107.900002,106.120003,107.309998,78.724205
2016-10-25,107.629997,106.809998,107.230003,78.665489
2016-10-26,107.949997,106.949997,107.070000,78.548141
2016-10-27,107.540001,106.300003,106.629997,78.225357
2016-10-28,107.529999,106.519997,107.070000,78.548141
2016-10-31,107.430000,106.919998,107.199997,78.643501
2016-11-01,107.300003,106.120003,106.709999,78.284035
2016-11-02,107.440002,106.610001,106.709999,78.284035
2016-11-03,107.139999,106.519997,106.629997,78.225357
2016-11-04,106.970001,105.809998,105.809998,77.623787
2016-11-07,107.199997,106.379997,106.959999,78.467430
2016-11-08,108.930000,106.970001,108.720001,79.758583
2016-11-09,107.349998,105.000000,107.250000,78.680153
2016-11-10,106.889999,102.400002,103.250000,75.745750
2016-11-11,103.769997,102.570000,103.190002,75.701691
2016-11-14,103.339996,100.449997,101.389999,74.381180
2016-11-15,102.050003,100.820000,101.849998,74.718658
2016-11-16,102.900002,101.470001,101.709999,74.615967
2016-11-17,101.930000,101.180000,101.620003,74.549919
2016-11-18,101.800003,101.180000,101.309998,74.322525
2016-11-21,102.320000,101.309998,102.260002,75.019455
2016-11-22,103.000000,102.440002,102.889999,75.481606
2016-11-23,102.889999,101.459999,101.529999,74.483902
2016-11-25,102.910004,101.739998,102.169998,74.953423
2016-11-28,103.250000,101.900002,102.790001,75.408257
2016-11-29,103.050003,102.300003,102.540001,75.224854
2016-11-30,101.919998,100.099998,100.099998,73.978111
2016-12-01,100.050003,98.500000,99.029999,73.187325
2016-12-02,100.639999,99.400002,100.599998,74.347618
2016-12-05,100.910004,100.120003,100.709999,74.428909
2016-12-06,101.610001,100.809998,101.550003,75.049706
2016-12-07,102.930000,101.160004,102.809998,75.980881
2016-12-08,102.610001,102.000000,102.150002,75.493149
2016-12-09,104.050003,102.040001,103.570000,76.542564
2016-12-12,104.870003,103.669998,104.720001,77.392441
2016-12-13,106.010002,104.680000,105.629997,78.064987
2016-12-14,106.529999,104.209999,104.470001,77.207718
2016-12-15,105.570000,104.230003,105.300003,77.821114
2016-12-16,105.919998,105.129997,105.870003,78.242386
2016-12-19,105.870003,105.129997,105.410004,77.902412
2016-12-20,105.040001,104.370003,104.900002,77.525497
2016-12-21,105.690002,104.690002,104.699997,77.377678
2016-12-22,105.449997,104.250000,105.349998,77.858055
2016-12-23,105.250000,104.629997,105.089996,77.665894
2016-12-27,105.320000,104.989998,105.129997,77.695465
2016-12-28,105.099998,104.519997,104.620003,77.318558
2016-12-29,105.099998,104.480003,104.989998,77.591995
2016-12-30,105.150002,104.330002,104.629997,77.325951
2017-01-03,105.089996,104.209999,104.650002,77.340736
2017-01-04,105.629997,104.790001,104.849998,77.488533
2017-01-05,105.120003,104.190002,104.709999,77.385063
2017-01-06,105.160004,104.120003,104.559998,77.274208
2017-01-09,104.260002,103.250000,103.459999,76.461273
2017-01-10,103.320000,101.750000,101.970001,75.360115
2017-01-11,102.360001,101.410004,101.809998,75.241852
2017-01-12,102.519997,101.580002,101.839996,75.264023
2017-01-13,102.110001,101.220001,101.550003,75.049706
2017-01-17,102.320000,101.059998,102.190002,75.522690
2017-01-18,103.000000,102.320000,102.739998,75.929161
2017-01-19,103.000000,102.169998,102.360001,75.648338
2017-01-20,103.320000,102.440002,103.239998,76.298676
2017-01-23,104.220001,102.830002,104.010002,76.867737
2017-01-24,104.930000,103.779999,104.709999,77.385063
2017-01-25,105.190002,104.540001,104.610001,77.311157
2017-01-26,104.730003,104.070000,104.139999,76.963814
2017-01-27,104.410004,103.430000,103.480003,76.476059
2017-01-30,103.720001,103.000000,103.690002,76.631264
2017-01-31,104.169998,103.209999,103.779999,76.697762
2017-02-01,103.779999,102.980003,103.010002,76.128708
2017-02-02,104.389999,103.290001,104.029999,76.882553
2017-02-03,105.769997,104.059998,105.110001,77.680687
2017-02-06,105.239998,104.529999,104.570000,77.281616
2017-02-07,105.900002,104.629997,105.610001,78.050247
2017-02-08,106.230003,105.250000,105.690002,78.109352
2017-02-09,106.489998,105.019997,105.970001,78.316284
2017-02-10,106.349998,105.589996,106.099998,78.412338
2017-02-13,106.690002,105.879997,106.519997,78.722748
2017-02-14,107.000000,105.669998,106.919998,79.018372
2017-02-15,107.250000,104.769997,106.730003,78.877945
2017-02-16,108.180000,106.320000,108.120003,79.905205
2017-02-17,108.300003,107.209999,108.150002,79.927383
2017-02-21,109.500000,107.949997,109.360001,80.821617
2017-02-22,109.779999,109.169998,109.410004,80.858582
2017-02-23,110.000000,109.120003,109.540001,80.954643
2017-02-24,109.919998,109.330002,109.830002,81.168968
2017-02-27,109.879997,109.230003,109.269997,80.755104
2017-02-28,110.599998,109.050003,110.379997,81.575439
2017-03-01,110.320000,109.169998,109.730003,81.652061
2017-03-02,110.320000,109.430000,110.110001,81.934853
2017-03-03,110.669998,109.650002,110.559998,82.269722
2017-03-06,110.190002,109.430000,109.629997,81.577690
2017-03-07,109.769997,109.000000,109.320000,81.346985
2017-03-08,109.330002,108.470001,109.300003,81.332115
2017-03-09,109.610001,108.910004,109.019997,81.123756
2017-03-10,109.709999,109.279999,109.589996,81.547897
2017-03-13,109.800003,109.029999,109.410004,81.413986
2017-03-14,109.730003,109.120003,109.339996,81.361900
2017-03-15,111.230003,109.500000,111.110001,82.678986
2017-03-16,111.199997,110.529999,111.139999,82.701294
2017-03-17,111.519997,110.930000,111.389999,82.887299
2017-03-20,111.440002,110.809998,111.150002,82.708733
2017-03-21,112.309998,111.470001,111.769997,83.170097
2017-03-22,112.379997,111.570000,112.019997,83.356102
2017-03-23,112.330002,111.669998,111.779999,83.177528
2017-03-24,112.250000,111.790001,112.120003,83.430542
2017-03-27,112.290001,111.570000,111.830002,83.214752
2017-03-28,112.760002,111.639999,112.449997,83.676071
2017-03-29,112.540001,111.970001,112.430000,83.661201
2017-03-30,112.550003,112.000000,112.180000,83.475174
2017-03-31,112.470001,111.830002,111.860001,83.237061
2017-04-03,112.360001,111.459999,111.860001,83.237061
2017-04-04,112.220001,111.629997,112.080002,83.400757
2017-04-05,112.589996,111.690002,111.940002,83.296608
2017-04-06,112.279999,111.419998,111.580002,83.028709
2017-04-07,111.959999,111.440002,111.610001,83.051041
2017-04-10,112.150002,111.410004,112.019997,83.356102
2017-04-11,112.080002,111.349998,111.730003,83.140327
2017-04-12,113.769997,111.900002,113.610001,84.539253
2017-04-13,113.379997,112.650002,112.680000,83.847252
2017-04-17,113.320000,112.680000,113.320000,84.323479
2017-04-18,114.610001,113.400002,114.279999,85.037819
2017-04-19,114.489998,113.480003,113.620003,84.546722
2017-04-20,113.970001,113.389999,113.589996,84.524391
2017-04-21,113.800003,113.269997,113.430000,84.405334
2017-04-24,114.480003,113.910004,114.320000,85.067574
2017-04-25,114.570000,114.000000,114.160004,84.948540
2017-04-26,113.760002,111.339996,113.330002,84.330910
2017-04-27,113.440002,112.510002,112.639999,83.817474
2017-04-28,113.430000,112.190002,113.279999,84.293709
2017-05-01,113.110001,112.269997,112.279999,83.549599
2017-05-02,112.889999,112.070000,112.290001,83.557014
2017-05-03,112.709999,111.699997,111.790001,83.184982
2017-05-04,113.000000,111.809998,112.959999,84.055588
2017-05-05,113.279999,112.739998,113.220001,84.249054
2017-05-08,113.430000,112.779999,113.220001,84.249054
2017-05-09,113.410004,112.550003,112.720001,83.877007
2017-05-10,112.870003,112.480003,112.839996,83.966309
2017-05-11,113.089996,112.529999,113.040001,84.115120
2017-05-12,113.300003,112.720001,112.910004,84.018394
2017-05-15,114.000000,112.769997,113.940002,84.784813
2017-05-16,114.660004,113.589996,113.790001,84.673203
2017-05-17,114.290001,113.320000,113.739998,84.636002
2017-05-18,114.279999,113.290001,114.029999,84.851791
2017-05-19,114.500000,113.459999,113.690002,84.598801
2017-05-22,115.000000,113.690002,114.699997,85.350365
2017-05-23,115.440002,114.709999,115.050003,85.610809
2017-05-24,116.330002,115.120003,116.059998,86.362350
2017-05-25,117.680000,116.150002,117.529999,87.456200
2017-05-26,118.000000,117.199997,117.910004,87.738983
2017-05-30,118.120003,117.500000,118.010002,87.813408
2017-05-31,117.940002,116.870003,116.870003,87.562386
2017-06-01,117.260002,116.059998,117.230003,87.832138
2017-06-02,117.699997,117.040001,117.669998,88.161781
2017-06-05,117.970001,117.050003,117.879997,88.319092
2017-06-06,117.940002,117.459999,117.699997,88.184250
2017-06-07,117.570000,116.820000,117.050003,87.697296
2017-06-08,117.080002,115.589996,115.889999,86.828163
2017-06-09,116.129997,115.360001,115.940002,86.865616
2017-06-12,116.620003,115.940002,116.230003,87.082901
2017-06-13,116.589996,115.470001,116.320000,87.150337
2017-06-14,118.059998,116.830002,117.370003,87.937035
2017-06-15,117.480003,116.510002,117.209999,87.817116
2017-06-16,117.400002,116.300003,116.860001,87.554916
2017-06-19,117.290001,116.230003,117.290001,87.877060
2017-06-20,118.139999,117.180000,117.949997,88.371552
2017-06-21,118.239998,117.239998,117.419998,87.974457
2017-06-22,117.410004,116.050003,116.150002,87.022934
2017-06-23,117.370003,116.089996,116.959999,87.629822
2017-06-26,117.830002,117.059998,117.120003,87.749710
2017-06-27,117.379997,115.940002,115.940002,86.865616
2017-06-28,116.870003,116.199997,116.379997,87.195274
2017-06-29,116.199997,114.889999,115.180000,86.296181
2017-06-30,116.110001,115.300003,115.489998,86.528442
2017-07-03,116.000000,115.339996,115.440002,86.491005
2017-07-05,115.550003,114.879997,115.300003,86.386108
2017-07-06,115.419998,114.849998,115.129997,86.258736
2017-07-07,115.660004,114.830002,115.510002,86.543465
2017-07-10,116.000000,114.199997,114.269997,85.614410
2017-07-11,113.980003,112.250000,113.739998,85.217293
2017-07-12,114.980003,114.279999,114.769997,85.988998
2017-07-13,115.040001,113.919998,114.019997,85.427101
2017-07-14,115.120003,114.250000,114.930000,86.108879
2017-07-17,115.160004,114.839996,114.930000,86.108879
2017-07-18,115.150002,114.389999,115.010002,86.168846
2017-07-19,115.349998,114.629997,115.339996,86.416069
2017-07-20,116.059998,115.110001,115.510002,86.543465
2017-07-21,116.669998,115.379997,116.629997,87.382591
2017-07-24,116.669998,116.089996,116.129997,87.007957
2017-07-25,116.779999,116.139999,116.449997,87.247696
2017-07-26,117.419998,116.150002,117.190002,87.802139
2017-07-27,118.059998,116.620003,117.339996,87.914536
2017-07-28,117.470001,116.199997,116.610001,87.367584
2017-07-31,116.860001,116.180000,116.610001,87.367584
2017-08-01,116.779999,115.900002,115.919998,86.850616
2017-08-02,115.980003,115.139999,115.610001,86.618385
2017-08-03,116.660004,115.680000,116.300003,87.135330
2017-08-04,116.489998,115.870003,116.370003,87.187767
2017-08-07,117.220001,116.379997,116.959999,87.629822
2017-08-08,116.949997,116.370003,116.709999,87.442513
2017-08-09,116.699997,115.959999,116.629997,87.382591
2017-08-10,116.839996,116.080002,116.379997,87.195274
2017-08-11,117.250000,116.349998,116.510002,87.292686
2017-08-14,118.180000,117.010002,117.839996,88.289124
2017-08-15,119.150002,117.849998,118.970001,89.135765
2017-08-16,119.360001,118.820000,119.099998,89.233170
2017-08-17,119.389999,118.250000,118.389999,88.701241
2017-08-18,118.430000,117.400002,117.599998,88.109344
2017-08-21,118.459999,117.550003,118.260002,88.603806
2017-08-22,118.699997,117.650002,117.919998,88.349075
2017-08-23,118.120003,117.230003,117.290001,87.877060
2017-08-24,117.300003,116.029999,116.220001,87.075394
2017-08-25,116.900002,115.800003,115.849998,86.798180
2017-08-28,116.290001,115.080002,115.540001,86.565903
2017-08-29,116.099998,115.510002,115.839996,86.790703
2017-08-30,115.419998,114.910004,115.150002,86.877472
2017-08-31,115.839996,114.930000,115.730003,87.315048
2017-09-01,116.089996,115.150002,115.839996,87.398026
2017-09-05,116.059998,115.410004,115.870003,87.420677
2017-09-06,116.470001,115.639999,116.349998,87.782806
2017-09-07,117.290001,116.389999,116.989998,88.265671
2017-09-08,116.480003,114.570000,115.040001,86.794456
2017-09-11,115.889999,114.760002,115.690002,87.284866
2017-09-12,115.949997,114.860001,115.000000,86.764290
2017-09-13,115.169998,114.000000,114.449997,86.349319
2017-09-14,114.550003,113.699997,114.190002,86.153168
2017-09-15,114.980003,114.110001,114.849998,86.651131
2017-09-18,115.230003,114.680000,114.989998,86.756744
2017-09-19,115.120003,114.360001,114.489998,86.379494
2017-09-20,114.650002,112.739998,113.580002,85.692924
2017-09-21,113.820000,112.540001,112.800003,85.104446
2017-09-22,112.870003,111.809998,111.849998,84.387688
2017-09-25,112.139999,111.419998,111.940002,84.455589
2017-09-26,112.300003,111.730003,111.809998,84.357529
2017-09-27,111.879997,110.339996,111.099998,83.821838
2017-09-28,112.730003,111.190002,111.639999,84.229248
2017-09-29,112.029999,111.209999,111.430000,84.070816
2017-10-02,110.519997,108.959999,109.120003,82.327995
2017-10-03,109.650002,108.889999,109.129997,82.335526
2017-10-04,110.160004,106.190002,109.339996,82.493973
2017-10-05,110.989998,109.550003,110.449997,83.331429
2017-10-06,110.669998,109.919998,110.400002,83.293724
2017-10-09,110.930000,109.790001,110.010002,82.999474
2017-10-10,110.860001,110.279999,110.779999,83.580429
2017-10-11,111.809998,110.769997,111.510002,84.131157
2017-10-12,112.510002,111.379997,112.449997,84.840393
2017-10-13,112.980003,112.180000,112.620003,84.968643
2017-10-16,113.629997,112.690002,113.570000,85.685371
2017-10-17,113.559998,111.660004,112.190002,84.644218
2017-10-18,112.440002,111.779999,111.949997,84.463150
2017-10-19,112.790001,111.599998,112.669998,85.006386
2017-10-20,113.019997,111.379997,111.610001,84.206619
2017-10-23,112.449997,111.400002,111.690002,84.266975
2017-10-24,111.870003,110.279999,110.750000,83.557770
2017-10-25,110.529999,109.180000,110.070000,83.044746
2017-10-26,111.239998,110.410004,110.730003,83.542694
2017-10-27,110.849998,109.930000,110.599998,83.444626
2017-10-30,110.370003,109.360001,109.650002,82.727852
2017-10-31,110.769997,109.949997,110.230003,83.165451
2017-11-01,110.680000,109.610001,110.129997,83.090012
2017-11-02,110.180000,109.540001,110.050003,83.029648
2017-11-03,110.650002,110.000000,110.220001,83.157906
2017-11-06,110.000000,109.190002,109.260002,82.433617
2017-11-07,110.580002,109.150002,110.470001,83.346527
2017-11-08,112.040001,110.500000,112.000000,84.500862
2017-11-09,112.440002,111.019997,111.480003,84.108536
2017-11-10,112.980003,111.309998,112.750000,85.066711
2017-11-13,114.190002,112.639999,114.040001,86.039993
2017-11-14,116.190002,113.589996,115.760002,87.337677
2017-11-15,115.930000,114.309998,115.099998,86.839729
2017-11-16,115.839996,114.940002,115.230003,86.937813
2017-11-17,115.139999,114.529999,114.680000,86.522842
2017-11-20,115.849998,114.709999,114.910004,86.696388
2017-11-21,116.330002,114.970001,116.050003,87.556496
2017-11-22,116.000000,114.279999,115.080002,86.824631
2017-11-24,116.300003,115.430000,115.900002,87.443314
2017-11-27,116.400002,115.660004,115.849998,87.405586
2017-11-28,116.830002,115.300003,116.769997,88.099724
2017-11-29,117.379997,116.290001,116.839996,88.152504
2017-11-30,117.209999,116.080002,116.519997,88.520966
2017-12-01,116.849998,115.040001,116.779999,88.718506
2017-12-04,118.199997,116.620003,117.459999,89.235092
2017-12-05,117.940002,117.180000,117.589996,89.333839
2017-12-06,118.910004,117.639999,118.900002,90.329079
2017-12-07,118.639999,116.550003,116.730003,88.680511
2017-12-08,116.599998,115.900002,116.570000,88.558952
2017-12-11,117.440002,115.559998,117.389999,89.181915
2017-12-12,118.370003,117.120003,117.400002,89.189529
2017-12-13,118.209999,117.480003,117.800003,89.493401
2017-12-14,118.599998,117.730003,118.019997,89.660538
2017-12-15,119.360001,118.449997,119.220001,90.572182
2017-12-18,119.739998,118.000000,118.050003,89.683304
2017-12-19,119.389999,118.230003,118.610001,90.108757
2017-12-20,119.120003,117.559998,119.019997,90.420235
2017-12-21,119.570000,117.839996,118.260002,89.842842
2017-12-22,118.750000,118.169998,118.599998,90.101158
2017-12-26,119.239998,118.410004,118.889999,90.321472
2017-12-27,119.400002,118.800003,119.300003,90.632965
2017-12-28,119.529999,119.050003,119.349998,90.670929
2017-12-29,120.570000,119.419998,119.919998,91.103981
2018-01-02,120.180000,117.930000,118.059998,89.690918
2018-01-03,118.470001,117.639999,117.750000,89.455414
2018-01-04,119.110001,117.599998,118.330002,89.896049
2018-01-05,119.089996,118.250000,118.669998,90.154343
2018-01-08,118.739998,117.669998,117.989998,89.637718
2018-01-09,118.980003,117.949997,118.080002,89.706100
2018-01-10,118.360001,116.699997,117.480003,89.250305
2018-01-11,117.849998,116.379997,116.879997,88.794479
2018-01-12,118.010002,116.849998,117.379997,89.174332
2018-01-16,118.349998,117.029999,117.860001,89.538979
2018-01-17,120.169998,118.209999,119.180000,90.541786
2018-01-18,119.620003,118.650002,119.050003,90.443016
2018-01-19,120.680000,118.639999,120.169998,91.293877
2018-01-22,121.849998,120.000000,121.510002,92.311913
2018-01-23,122.510002,120.849998,121.300003,92.152359
2018-01-24,121.480003,120.820000,121.139999,92.030807
2018-01-25,121.449997,120.360001,120.900002,91.848480
2018-01-26,121.839996,120.610001,121.760002,92.501823
2018-01-29,122.160004,119.650002,119.669998,90.914078
2018-01-30,121.199997,119.500000,119.889999,91.081184
2018-01-31,120.750000,119.510002,120.300003,91.392662
2018-02-01,121.010002,119.279999,120.300003,91.392662
2018-02-02,120.279999,118.400002,118.669998,90.154343
2018-02-05,119.660004,114.410004,114.459999,86.955978
2018-02-06,113.949997,110.150002,113.559998,86.272232
2018-02-07,115.769997,112.750000,113.500000,86.226654
2018-02-08,113.720001,110.089996,110.150002,83.681633
2018-02-09,111.989998,108.879997,111.180000,84.464149
2018-02-12,112.750000,111.059998,111.930000,85.033928
2018-02-13,112.669998,110.680000,112.139999,85.193451
2018-02-14,111.900002,108.760002,109.110001,82.891563
2018-02-15,111.040001,108.720001,110.970001,84.304611
2018-02-16,111.699997,109.760002,111.059998,84.372978
2018-02-20,110.980003,109.339996,109.480003,83.172630
2018-02-21,109.839996,107.940002,108.000000,82.048271
2018-02-22,109.970001,108.019997,109.260002,83.005508
2018-02-23,110.050003,108.570000,109.680000,83.324600
2018-02-26,111.169998,110.029999,110.940002,84.281807
2018-02-27,112.080002,110.709999,110.889999,84.243828
2018-02-28,111.650002,109.680000,109.730003,83.362572
2018-03-01,109.879997,107.239998,108.120003,82.746490
2018-03-02,109.320000,107.900002,109.040001,83.450569
2018-03-05,109.599998,108.019997,109.430000,83.749046
2018-03-06,109.620003,108.440002,109.580002,83.863853
2018-03-07,110.059998,108.610001,109.839996,84.062836
2018-03-08,112.129997,109.580002,112.080002,85.777161
2018-03-09,112.570000,111.639999,112.540001,86.129196
2018-03-12,113.089996,112.080002,112.750000,86.289902
2018-03-13,113.900002,112.720001,113.599998,86.940437
2018-03-14,113.769997,112.230003,112.610001,86.182762
2018-03-15,113.250000,111.660004,111.989998,85.708282
2018-03-16,113.199997,111.580002,111.639999,85.440422
2018-03-19,111.989998,110.050003,110.360001,84.460800
2018-03-20,111.300003,109.830002,109.900002,84.108765
2018-03-21,110.080002,108.529999,108.739998,83.220970
2018-03-22,109.669998,107.800003,107.940002,82.608727
2018-03-23,108.739998,105.940002,106.150002,81.238785
2018-03-26,107.470001,106.089996,106.809998,81.743919
2018-03-27,108.540001,106.510002,107.639999,82.379120
2018-03-28,110.110001,108.000000,109.180000,83.557709
2018-03-29,110.660004,108.970001,109.150002,83.534775
2018-04-02,109.220001,106.440002,107.050003,81.927589
2018-04-03,108.529999,106.589996,108.190002,82.800072
2018-04-04,110.730003,107.239998,110.180000,84.323021
2018-04-05,111.180000,109.750000,110.570000,84.621529
2018-04-06,110.980003,108.769997,109.300003,83.649559
2018-04-09,110.449997,108.779999,109.379997,83.710770
2018-04-10,110.199997,108.919998,109.400002,83.726112
2018-04-11,109.470001,108.419998,108.680000,83.175072
2018-04-12,109.510002,108.269997,108.309998,82.891884
2018-04-13,109.459999,108.519997,109.260002,83.618950
2018-04-16,110.639999,109.519997,109.919998,84.124031
2018-04-17,109.080002,107.980003,108.870003,83.320480
2018-04-18,109.360001,106.459999,106.980003,81.874016
2018-04-19,106.940002,105.080002,105.570000,80.794922
2018-04-20,105.599998,102.269997,102.480003,78.430084
2018-04-23,102.800003,101.839996,102.580002,78.506592
2018-04-24,102.849998,100.970001,101.440002,77.634148
2018-04-25,102.360001,100.849998,101.150002,77.412201
2018-04-26,104.080002,101.150002,103.260002,79.027016
2018-04-27,102.989998,101.650002,101.709999,77.840759
2018-04-30,102.389999,100.580002,100.940002,77.251472
2018-05-01,100.930000,98.570000,99.129997,75.866257
2018-05-02,99.360001,97.029999,97.230003,74.412140
2018-05-03,98.089996,96.699997,97.599998,74.695297
2018-05-04,99.769997,97.500000,98.989998,75.759087
2018-05-07,99.309998,98.070000,98.230003,75.177467
2018-05-08,97.989998,96.430000,96.790001,74.075409
2018-05-09,97.519997,95.940002,96.160004,73.593269
2018-05-10,97.739998,96.400002,97.269997,74.442734
2018-05-11,98.260002,96.879997,97.430000,74.565201
2018-05-14,97.730003,96.730003,97.150002,74.350914
2018-05-15,97.239998,96.360001,96.800003,74.083061
2018-05-16,97.550003,96.550003,97.190002,74.381531
2018-05-17,97.989998,97.150002,97.919998,74.940224
2018-05-18,98.449997,97.320000,97.510002,74.626434
2018-05-21,99.980003,98.059998,99.510002,76.157066
2018-05-22,100.459999,99.430000,99.930000,76.478500
2018-05-23,100.599998,99.610001,100.449997,76.876465
2018-05-24,100.580002,99.760002,100.180000,76.669830
2018-05-25,101.110001,99.900002,100.309998,76.769310
2018-05-29,101.290001,100.000000,101.099998,77.373932
2018-05-30,102.239998,101.089996,101.830002,77.932602
2018-05-31,101.300003,99.660004,100.250000,77.429008
2018-06-01,100.930000,99.650002,100.250000,77.429008
2018-06-04,101.089996,100.029999,100.120003,77.328651
2018-06-05,100.959999,99.879997,100.209999,77.398125
2018-06-06,100.860001,99.820000,100.830002,77.877014
2018-06-07,101.510002,100.330002,101.160004,78.131889
2018-06-08,102.610001,101.180000,102.489998,79.159119
2018-06-11,103.410004,102.269997,103.209999,79.715218
2018-06-12,104.550003,102.820000,104.480003,80.696114
2018-06-13,105.599998,104.160004,105.269997,81.306282
2018-06-14,105.360001,104.430000,105.129997,81.198151
2018-06-15,107.750000,104.820000,107.610001,83.113617
2018-06-18,107.209999,104.830002,105.379997,81.391251
2018-06-19,106.680000,105.220001,105.959999,81.839226
2018-06-20,106.110001,105.360001,105.809998,81.723358
2018-06-21,107.430000,106.300003,107.239998,82.827835
2018-06-22,108.669998,107.139999,108.370003,83.700600
2018-06-25,109.589996,107.709999,108.989998,84.179436
2018-06-26,109.169998,107.470001,108.050003,83.453438
2018-06-27,108.959999,107.620003,108.269997,83.623383
2018-06-28,109.300003,108.300003,108.680000,83.940041
2018-06-29,109.500000,107.800003,108.870003,84.086792
2018-07-02,110.000000,108.309998,109.529999,84.596542
2018-07-03,109.570000,108.059998,108.800003,84.032722
2018-07-05,109.620003,108.000000,109.550003,84.611977
2018-07-06,110.019997,108.970001,109.559998,84.619720
2018-07-09,109.300003,107.519997,107.760002,83.229446
2018-07-10,113.000000,109.680000,112.889999,87.191666
2018-07-11,112.940002,112.099998,112.540001,86.921341
2018-07-12,112.709999,110.970001,111.529999,86.141251
2018-07-13,112.790001,111.620003,112.690002,87.037186
2018-07-16,113.120003,111.750000,112.959999,87.245712
2018-07-17,115.029999,113.470001,114.879997,88.728653
2018-07-18,115.000000,113.889999,114.830002,88.690041
2018-07-19,116.589996,114.750000,115.769997,89.416039
2018-07-20,116.790001,115.220001,116.010002,89.601410
2018-07-23,115.980003,113.580002,114.389999,88.350197
2018-07-24,114.919998,113.849998,114.739998,88.620522
2018-07-25,115.669998,114.500000,115.209999,88.983528
2018-07-26,116.900002,114.879997,115.000000,88.821342
2018-07-27,115.349998,114.029999,114.279999,88.265244
2018-07-30,114.589996,113.669998,114.180000,88.188019
2018-07-31,115.489998,114.110001,115.000000,88.821342
2018-08-01,114.529999,113.230003,113.610001,87.747757
2018-08-02,114.930000,113.089996,114.690002,88.581879
2018-08-03,116.699997,114.370003,116.300003,89.825409
2018-08-06,118.440002,116.900002,117.379997,90.659561
2018-08-07,116.449997,113.529999,114.220001,88.218895
2018-08-08,114.849998,113.470001,113.489998,87.655075
2018-08-09,114.120003,113.379997,113.699997,87.817276
2018-08-10,113.970001,112.570000,112.870003,87.176231
2018-08-13,113.139999,112.010002,113.019997,87.292068
2018-08-14,113.489998,112.110001,113.099998,87.353867
2018-08-15,113.739998,112.250000,113.449997,87.624184
2018-08-16,114.730003,113.370003,114.250000,88.242050
2018-08-17,115.089996,114.000000,114.959999,88.790451
2018-08-20,115.849998,114.599998,114.839996,88.697746
2018-08-21,115.250000,113.650002,113.720001,87.832726
2018-08-22,113.820000,111.959999,112.239998,86.689629
2018-08-23,112.230003,111.510002,111.930000,86.450195
2018-08-24,112.529999,111.800003,112.150002,86.620125
2018-08-27,112.769997,111.830002,112.410004,86.820930
2018-08-28,112.449997,110.889999,111.169998,85.863190
2018-08-29,112.120003,111.220001,112.050003,86.542885
2018-08-30,112.230003,111.550003,111.959999,86.473351
2018-08-31,112.580002,111.260002,112.010002,86.511993
2018-09-04,112.089996,110.449997,111.000000,85.731895
2018-09-05,113.169998,110.699997,113.120003,87.369308
2018-09-06,113.529999,111.440002,113.500000,88.387909
2018-09-07,113.500000,111.510002,112.739998,87.796089
2018-09-10,113.989998,112.699997,113.570000,88.442429
2018-09-11,113.750000,111.849998,113.330002,88.255501
2018-09-12,114.230003,113.040001,113.849998,88.660469
2018-09-13,115.010002,113.690002,114.989998,89.548271
2018-09-14,114.889999,113.720001,114.570000,89.221161
2018-09-17,115.449997,114.220001,115.400002,89.867508
2018-09-18,115.480003,113.690002,113.980003,88.761696
2018-09-19,114.239998,113.459999,113.769997,88.598145
2018-09-20,115.510002,114.110001,115.220001,89.727348
2018-09-21,115.519997,114.839996,114.910004,89.485947
2018-09-24,114.720001,112.199997,112.269997,87.430046
2018-09-25,112.750000,111.760002,111.970001,87.196404
2018-09-26,112.860001,111.309998,111.500000,86.830391
2018-09-27,112.400002,110.910004,111.050003,86.480003
2018-09-28,112.050003,110.910004,111.800003,87.064041
2018-10-01,112.480003,110.669998,110.709999,86.215202
2018-10-02,111.110001,107.699997,108.720001,84.665489
2018-10-03,109.709999,107.169998,107.519997,83.731010
2018-10-04,107.400002,105.800003,106.610001,83.022339
2018-10-05,107.010002,105.980003,106.489998,82.928879
2018-10-08,108.339996,106.309998,108.190002,84.252762
2018-10-09,108.940002,107.519997,108.120003,84.198242
2018-10-10,109.349998,107.199997,107.339996,83.590813
2018-10-11,108.480003,104.900002,105.059998,81.815262
2018-10-12,105.760002,104.529999,105.279999,81.986595
2018-10-15,106.650002,105.169998,105.629997,82.259148
2018-10-16,107.690002,105.839996,107.389999,83.629761
2018-10-17,108.779999,107.190002,108.309998,84.346214
2018-10-18,109.349998,107.550003,107.930000,84.050278
2018-10-19,110.599998,108.489998,110.290001,85.888123
2018-10-22,110.889999,109.239998,109.400002,85.195053
2018-10-23,110.529999,108.320000,110.129997,85.763519
2018-10-24,114.160004,109.949997,112.959999,87.967407
2018-10-25,113.269997,111.419998,112.849998,87.881737
2018-10-26,112.059998,109.690002,110.449997,86.012711
2018-10-29,113.309998,111.139999,112.889999,87.912857
2018-10-30,114.230003,112.599998,113.769997,88.598145
2018-10-31,113.489998,111.190002,112.379997,87.515701
2018-11-01,113.139999,110.980003,111.510002,86.838188
2018-11-02,112.099998,109.629997,111.169998,86.573418
2018-11-05,114.440002,111.279999,114.389999,89.080986
2018-11-06,115.349998,113.860001,115.209999,89.719566
2018-11-07,115.769997,114.440002,115.610001,90.031075
2018-11-08,116.500000,115.250000,116.059998,90.381485
2018-11-09,117.709999,116.080002,117.480003,91.487328
2018-11-12,118.320000,116.709999,116.970001,91.090157
2018-11-13,117.750000,116.209999,117.139999,91.222557
2018-11-14,117.480003,116.269997,116.650002,90.840958
2018-11-15,116.989998,115.599998,116.800003,90.957771
2018-11-16,118.480003,116.839996,118.349998,92.164833
2018-11-19,119.519997,117.970001,119.010002,92.678802
2018-11-20,120.279999,115.779999,116.000000,90.334785
2018-11-21,116.889999,114.919998,115.279999,89.774071
2018-11-23,116.570000,114.779999,115.410004,89.875305
2018-11-26,116.430000,114.989998,115.860001,90.225761
2018-11-27,116.529999,114.900002,116.440002,90.677429
2018-11-28,118.519997,115.570000,118.500000,92.281631
2018-11-29,118.870003,117.440002,118.269997,92.102539
2018-11-30,122.000000,118.129997,121.940002,94.960533
2018-12-03,120.910004,117.510002,118.980003,92.655457
2018-12-04,120.610001,117.449997,117.800003,91.736534
2018-12-06,117.379997,114.099998,116.839996,91.711411
2018-12-07,116.980003,115.379997,115.820000,90.910774
2018-12-10,116.620003,114.459999,116.190002,91.201210
2018-12-11,118.190002,116.680000,117.290001,92.064613
2018-12-12,118.589996,116.410004,117.000000,91.836990
2018-12-13,118.889999,117.110001,118.349998,92.896645
2018-12-14,117.550003,113.669998,113.949997,89.442940
2018-12-17,115.070000,112.199997,112.870003,88.595230
2018-12-18,113.529999,110.750000,111.839996,87.786743
2018-12-19,113.190002,109.629997,110.040001,86.373871
2018-12-20,111.930000,109.199997,110.209999,86.507301
2018-12-21,114.160004,108.809998,109.419998,85.887215
2018-12-24,111.089996,105.959999,106.029999,83.226295
2018-12-26,108.440002,105.029999,108.330002,85.031631
2018-12-27,109.470001,106.029999,109.419998,85.887215
2018-12-28,111.099998,109.220001,110.360001,86.625046
2018-12-31,111.089996,109.320000,110.480003,86.719254
2019-01-02,110.019997,108.230003,109.279999,85.777321
2019-01-03,110.150002,108.050003,108.260002,84.976707
2019-01-04,110.599998,108.239998,110.480003,86.719254
2019-01-07,110.379997,108.650002,109.529999,85.973579
2019-01-08,110.800003,109.419998,110.580002,86.797729
2019-01-09,110.870003,107.489998,107.489998,84.372292
2019-01-10,108.339996,107.360001,108.150002,84.890366
2019-01-11,108.500000,107.639999,108.160004,84.898193
2019-01-14,107.959999,106.959999,107.320000,84.238861
2019-01-15,109.070000,106.730003,108.989998,85.549690
2019-01-16,109.050003,107.699997,108.339996,85.039490
2019-01-17,109.470001,108.089996,109.220001,85.730225
2019-01-18,110.300003,109.169998,110.070000,86.397423
2019-01-22,110.230003,108.779999,109.910004,86.271820
2019-01-23,110.790001,109.510002,110.730003,86.915489
2019-01-24,110.309998,108.410004,109.500000,85.950005
2019-01-25,110.589996,109.040001,109.349998,85.832275
2019-01-28,109.599998,108.000000,108.820000,85.416283
2019-01-29,109.620003,108.510002,109.000000,85.557541
2019-01-30,111.239998,108.540001,110.820000,86.986107
2019-01-31,112.900002,110.209999,112.669998,88.438248
2019-02-01,113.279999,111.449997,112.190002,88.061485
2019-02-04,113.400002,111.849998,113.089996,88.767883
2019-02-05,113.540001,112.489998,112.900002,88.618767
2019-02-06,113.580002,112.300003,113.050003,88.736519
2019-02-07,113.160004,112.160004,113.089996,88.767883
2019-02-08,113.040001,111.930000,113.019997,88.712975
2019-02-11,113.580002,112.639999,112.970001,88.673691
2019-02-12,114.500000,112.220001,113.790001,89.317375
2019-02-13,114.730003,113.629997,114.120003,89.576408
2019-02-14,113.000000,111.879997,112.589996,88.375435
2019-02-15,116.279999,114.110001,115.910004,90.981422
2019-02-19,116.970001,115.199997,115.930000,90.997124
2019-02-20,116.639999,115.410004,115.830002,90.918617
2019-02-21,116.930000,115.470001,116.099998,91.130562
2019-02-22,116.769997,115.589996,116.760002,91.648613
2019-02-25,117.300003,115.709999,116.059998,91.099152
2019-02-26,116.500000,115.430000,115.970001,91.028519
2019-02-27,115.699997,114.410004,115.370003,90.557571
2019-02-28,116.220001,114.209999,115.639999,91.505531
2019-03-01,116.370003,115.230003,116.180000,91.932831
2019-03-04,116.930000,115.500000,116.169998,91.924942
2019-03-05,116.820000,115.660004,116.029999,91.814156
2019-03-06,116.830002,115.580002,116.660004,92.312637
2019-03-07,117.330002,115.699997,116.099998,91.869537
2019-03-08,116.260002,114.260002,115.230003,91.181107
2019-03-11,116.709999,114.980003,116.589996,92.257271
2019-03-12,117.209999,116.010002,116.570000,92.241440
2019-03-13,117.559998,116.459999,116.580002,92.249359
2019-03-14,116.980003,115.449997,115.500000,91.394760
2019-03-15,116.529999,115.370003,115.660004,91.521362
2019-03-18,117.389999,116.050003,117.269997,92.795334
2019-03-19,118.750000,117.250000,118.089996,93.444206
2019-03-20,119.480003,117.349998,118.320000,93.626198
2019-03-21,119.669998,118.010002,119.440002,94.512466
2019-03-22,121.290001,119.449997,120.720001,95.525307
2019-03-25,121.290001,120.080002,120.849998,95.628174
2019-03-26,122.160004,121.260002,122.019997,96.553993
2019-03-27,123.190002,121.190002,121.889999,96.451141
2019-03-28,122.470001,121.589996,121.839996,96.411552
2019-03-29,122.760002,121.269997,122.550003,96.973396
2019-04-01,122.889999,121.589996,122.000000,96.538177
2019-04-02,122.260002,121.559998,121.680000,96.284950
2019-04-03,122.230003,120.739998,121.559998,96.190010
2019-04-04,122.129997,121.169998,121.470001,96.118813
2019-04-05,121.669998,120.820000,121.620003,96.237473
2019-04-08,122.040001,121.209999,122.000000,96.538177
2019-04-09,122.199997,120.849998,122.169998,96.672699
2019-04-10,122.699997,121.660004,122.040001,96.569832
2019-04-11,122.750000,121.169998,121.669998,96.277054
2019-04-12,122.330002,121.150002,122.230003,96.720169
2019-04-15,124.000000,122.360001,123.660004,97.851723
2019-04-16,123.820000,121.889999,122.410004,96.862610
2019-04-17,127.110001,123.839996,127.010002,100.502571
2019-04-18,128.259995,126.730003,127.089996,100.565865
2019-04-22,127.239998,125.879997,126.440002,100.051537
2019-04-23,127.540001,126.120003,127.089996,100.565865
2019-04-24,127.980003,126.669998,126.919998,100.431358
2019-04-25,126.400002,125.180000,126.129997,99.806229
2019-04-26,127.250000,126.120003,126.400002,100.019890
2019-04-29,126.959999,126.019997,126.690002,100.249352
2019-04-30,128.389999,126.339996,128.050003,101.325508
2019-05-01,128.000000,127.010002,127.239998,100.684570
2019-05-02,127.550003,126.169998,126.830002,100.360153
2019-05-03,128.179993,126.919998,127.669998,101.024841
2019-05-06,127.629997,126.760002,127.269997,100.708305
2019-05-07,126.949997,125.180000,125.980003,99.687546
2019-05-08,126.739998,124.949997,126.019997,99.719177
2019-05-09,126.540001,124.849998,126.050003,99.742928
2019-05-10,128.279999,125.620003,128.009995,101.293854
2019-05-13,127.940002,126.629997,127.160004,100.621277
2019-05-14,128.509995,127.290001,127.410004,100.819092
2019-05-15,129.869995,127.099998,129.350006,102.354225
2019-05-16,130.750000,128.759995,130.270004,103.082214
2019-05-17,130.869995,129.649994,130.509995,103.272118
2019-05-20,130.449997,129.550003,129.990005,102.860657
2019-05-21,130.580002,128.850006,129.050003,102.116783
2019-05-22,130.639999,128.949997,130.070007,102.923950
2019-05-23,130.899994,129.509995,129.970001,102.844803
2019-05-24,130.479996,128.960007,129.500000,102.472900
2019-05-28,129.899994,127.360001,127.629997,100.993195
2019-05-29,128.309998,126.839996,128.169998,101.420479
2019-05-30,128.910004,127.779999,128.610001,101.768654
2019-05-31,128.449997,126.989998,128.000000,101.285973
2019-06-03,129.160004,127.489998,128.979996,102.061432
2019-06-04,129.809998,128.020004,129.070007,102.132652
2019-06-05,131.600006,128.860001,131.389999,103.968437
2019-06-06,132.270004,130.559998,131.979996,105.199951
2019-06-07,134.710007,132.589996,133.470001,106.387634
2019-06-10,133.679993,132.360001,133.589996,106.483276
2019-06-11,134.339996,132.690002,133.199997,106.172401
2019-06-12,134.440002,132.660004,133.139999,106.124550
2019-06-13,133.789993,131.850006,132.940002,105.965164
2019-06-14,133.539993,132.559998,132.729996,105.797775
2019-06-17,133.240005,131.889999,132.520004,105.630386
2019-06-18,134.419998,131.860001,132.059998,105.263733
2019-06-19,133.289993,131.330002,132.850006,105.893440
2019-06-20,134.449997,133.339996,134.160004,106.937645
2019-06-21,134.559998,133.630005,133.960007,106.778206
2019-06-24,135.240005,133.940002,134.139999,106.921677
2019-06-25,134.479996,133.539993,133.809998,106.658623
2019-06-26,133.770004,132.300003,132.320007,105.471001
2019-06-27,132.440002,131.380005,131.690002,104.968826
2019-06-28,132.410004,130.759995,131.130005,104.522430
2019-07-01,132.289993,131.070007,131.869995,105.112282
2019-07-02,132.649994,131.350006,132.429993,105.558640
2019-07-03,134.089996,132.770004,133.990005,106.802124
2019-07-05,133.490005,131.550003,133.020004,106.028915
2019-07-08,133.389999,132.039993,132.559998,105.662254
2019-07-09,133.399994,130.720001,131.740005,105.008675
2019-07-10,134.460007,131.869995,134.410004,107.136894
2019-07-11,134.740005,133.350006,134.350006,107.089073
2019-07-12,134.429993,132.610001,133.279999,106.236160
2019-07-15,134.160004,132.550003,134.149994,106.929611
2019-07-16,135.240005,133.050003,133.800003,106.650688
2019-07-17,134.279999,132.470001,132.779999,105.837616
2019-07-18,133.199997,131.520004,132.880005,105.917328
2019-07-19,133.190002,130.009995,130.089996,103.693451
2019-07-22,130.809998,129.630005,130.279999,103.844902
2019-07-23,132.240005,130.410004,130.740005,104.211563
2019-07-24,131.199997,128.619995,129.210007,102.992035
2019-07-25,129.529999,128.389999,128.990005,102.816658
2019-07-26,131.419998,128.710007,131.220001,104.594185
2019-07-29,132.059998,131.179993,131.529999,104.841263
2019-07-30,132.080002,130.229996,130.479996,104.004311
2019-07-31,130.479996,126.239998,127.809998,101.876099
2019-08-01,129.399994,126.769997,127.139999,101.342056
2019-08-02,128.820007,126.500000,127.919998,101.963760
2019-08-05,129.149994,123.879997,124.400002,99.158020
2019-08-06,127.000000,124.379997,126.449997,100.792030
2019-08-07,128.339996,124.629997,127.779999,101.852188
2019-08-08,129.750000,127.000000,129.470001,103.199272
2019-08-09,129.740005,127.320000,128.600006,102.505806
2019-08-12,129.149994,127.870003,128.350006,102.306511
2019-08-13,130.380005,127.940002,129.929993,103.565918
2019-08-14,130.529999,128.800003,129.119995,102.920273
2019-08-15,131.220001,129.399994,130.720001,104.195618
2019-08-16,132.320007,130.639999,131.759995,105.024582
2019-08-19,132.850006,131.940002,132.570007,105.670235
2019-08-20,133.100006,131.929993,132.059998,105.263733
2019-08-21,133.639999,131.619995,132.339996,105.486931
2019-08-22,132.929993,131.320007,132.660004,105.741974
2019-08-23,133.350006,129.539993,130.270004,103.836952
2019-08-26,133.750000,130.589996,133.740005,106.602844
2019-08-27,135.360001,133.679993,134.759995,107.415863
2019-08-28,135.339996,134.279999,135.190002,107.758621
2019-08-29,136.440002,134.520004,136.020004,108.420181
2019-08-30,137.110001,135.759995,136.729996,108.986130
2019-09-03,137.669998,135.880005,137.460007,109.567970
2019-09-04,139.179993,137.250000,139.149994,110.915085
2019-09-05,138.800003,135.550003,135.979996,109.137337
2019-09-06,137.419998,136.020004,137.369995,110.252968
2019-09-09,136.679993,135.429993,136.399994,109.474411
2019-09-10,136.509995,134.679993,135.860001,109.041016
2019-09-11,136.789993,134.880005,136.360001,109.442329
2019-09-12,138.289993,136.740005,137.289993,110.188751
2019-09-13,136.949997,135.679993,136.440002,109.506546
2019-09-16,136.500000,134.380005,134.880005,108.254486
2019-09-17,136.309998,134.509995,135.699997,108.912628
2019-09-18,136.000000,134.100006,135.500000,108.752090
2019-09-19,135.839996,135.080002,135.479996,108.736038
2019-09-20,135.759995,134.479996,134.710007,108.118042
2019-09-23,135.750000,134.960007,135.440002,108.703957
2019-09-24,136.449997,134.580002,135.360001,108.639725
2019-09-25,135.660004,134.509995,135.089996,108.423027
2019-09-26,136.330002,135.009995,135.720001,108.928650
2019-09-27,136.240005,134.669998,135.600006,108.832344
2019-09-30,137.729996,135.869995,137.100006,110.036232
2019-10-01,137.940002,136.089996,137.369995,110.252968
2019-10-02,137.380005,133.490005,133.940002,107.500023
2019-10-03,139.750000,136.500000,137.929993,110.702415
2019-10-04,140.449997,137.619995,140.279999,112.588516
2019-10-07,139.610001,137.970001,138.339996,111.031456
2019-10-08,138.449997,137.080002,137.240005,110.148621
2019-10-09,138.169998,136.830002,137.850006,110.638222
2019-10-10,138.250000,136.639999,137.889999,110.670303
2019-10-11,138.699997,137.089996,137.639999,110.469643
2019-10-14,138.300003,137.240005,137.449997,110.317154
2019-10-15,137.949997,136.160004,136.330002,109.418236
2019-10-16,136.490005,135.580002,136.419998,109.490471
2019-10-17,137.619995,136.600006,136.960007,109.923889
2019-10-18,137.369995,136.229996,136.250000,109.354034
2019-10-21,136.740005,135.660004,136.119995,109.249702
2019-10-22,137.350006,136.309998,136.660004,109.683113
2019-10-23,137.500000,136.610001,137.449997,110.317154
2019-10-24,138.110001,136.789993,137.889999,110.670303
2019-10-25,137.919998,136.229996,136.639999,109.667061
2019-10-28,137.550003,136.149994,136.570007,109.610863
2019-10-29,137.119995,135.940002,136.080002,109.217613
2019-10-30,137.289993,135.410004,136.899994,109.875732
2019-10-31,137.529999,136.100006,137.169998,110.092438
2019-11-01,138.339996,136.699997,136.929993,109.899796
2019-11-04,137.100006,134.729996,135.160004,108.479218
2019-11-05,135.100006,132.600006,134.009995,107.556206
2019-11-06,134.880005,133.550003,134.440002,107.901329
2019-11-07,134.500000,133.119995,133.320007,107.002441
2019-11-08,134.130005,132.570007,133.130005,106.849930
2019-11-11,133.029999,131.970001,132.389999,106.256027
2019-11-12,132.679993,131.589996,131.979996,105.926949
2019-11-13,133.570007,132.009995,133.289993,106.978325
2019-11-14,133.910004,132.729996,133.330002,107.010452
2019-11-15,133.919998,132.800003,133.809998,107.395691
2019-11-18,135.690002,133.910004,134.059998,107.596352
2019-11-19,135.059998,134.070007,134.570007,108.005692
2019-11-20,135.199997,133.399994,133.740005,107.339539
2019-11-21,134.210007,133.089996,133.910004,107.475975
2019-11-22,134.529999,133.020004,134.070007,107.604370
2019-11-25,134.779999,133.210007,133.830002,107.411736
2019-11-26,135.869995,133.869995,135.699997,108.912628
2019-11-27,136.520004,135.330002,135.910004,109.081146
2019-11-29,136.419998,135.259995,135.830002,109.016930
2019-12-02,136.649994,134.440002,135.880005,109.057083
2019-12-03,136.660004,134.320007,135.460007,108.720009
2019-12-04,137.369995,134.539993,137.300003,110.196785
2019-12-05,136.539993,135.270004,136.339996,110.192703
2019-12-06,137.690002,136.339996,137.360001,111.017105
2019-12-09,138.039993,137.000000,137.160004,110.855469
2019-12-10,137.610001,136.169998,136.270004,110.136147
2019-12-11,137.539993,136.320007,137.100006,110.806992
2019-12-12,137.899994,136.750000,137.179993,110.871613
2019-12-13,138.250000,136.190002,137.940002,111.485878
2019-12-16,137.520004,136.160004,137.059998,110.774628
2019-12-17,137.440002,135.690002,136.169998,110.055321
2019-12-18,137.300003,135.630005,135.970001,109.893692
2019-12-19,136.740005,135.949997,136.470001,110.297783
2019-12-20,138.130005,135.160004,137.919998,111.469711
2019-12-23,138.130005,136.839996,137.039993,110.758484
2019-12-24,137.380005,136.270004,136.889999,110.637253
2019-12-26,137.339996,136.100006,136.690002,110.475594
2019-12-27,137.580002,136.630005,137.539993,111.162567
2019-12-30,137.970001,136.479996,136.809998,110.572617
2019-12-31,137.259995,136.029999,136.669998,110.459457
2020-01-02,137.229996,135.139999,135.820007,109.772469
2020-01-03,136.789993,135.130005,135.630005,109.618896
2020-01-06,136.320007,135.199997,136.149994,110.039154
2020-01-07,136.070007,133.949997,134.009995,108.309578
2020-01-08,135.360001,134.070007,134.699997,108.867233
2020-01-09,135.380005,134.529999,134.789993,108.939987
2020-01-10,135.419998,134.389999,134.529999,108.729828
2020-01-13,136.589996,134.630005,136.529999,110.346291
2020-01-14,136.940002,135.699997,136.850006,110.604912
2020-01-15,139.250000,136.800003,139.199997,112.504227
2020-01-16,140.160004,138.600006,139.610001,112.835609
2020-01-17,141.320007,139.899994,141.259995,114.169144
2020-01-21,142.119995,140.339996,141.860001,114.654114
2020-01-22,143.570007,141.720001,143.380005,115.882599
2020-01-23,143.850006,142.369995,143.649994,116.100838
2020-01-24,144.149994,142.449997,142.919998,115.510818
2020-01-27,143.360001,141.050003,142.139999,114.880394
2020-01-28,142.919998,141.759995,142.440002,115.122910
2020-01-29,142.449997,141.169998,141.729996,114.549019
2020-01-30,143.960007,141.520004,143.830002,116.246284
2020-01-31,144.649994,141.570007,142.020004,114.783424
2020-02-03,143.070007,141.839996,142.509995,115.179459
2020-02-04,144.059998,142.100006,143.220001,115.753273
2020-02-05,144.589996,143.429993,144.300003,116.626183
2020-02-06,145.300003,144.070007,144.330002,116.650436
2020-02-07,145.720001,143.830002,145.369995,117.490936
2020-02-10,146.419998,145.130005,145.660004,117.725357
2020-02-11,146.360001,144.869995,146.080002,118.064789
2020-02-12,146.740005,145.350006,146.080002,118.064789
2020-02-13,147.130005,143.520004,146.470001,118.379990
2020-02-14,147.149994,145.940002,146.990005,118.800255
2020-02-18,147.199997,145.399994,145.600006,117.676849
2020-02-19,146.479996,145.490005,145.529999,117.620270
2020-02-20,145.800003,143.949997,145.160004,117.321236
2020-02-21,145.919998,144.809998,145.850006,117.878876
2020-02-24,147.149994,142.559998,142.639999,115.284531
2020-02-25,144.380005,140.570007,141.100006,114.039871
2020-02-26,143.750000,141.160004,141.979996,114.751091
2020-02-27,143.139999,136.309998,136.369995,110.216965
2020-02-28,133.750000,128.350006,132.029999,106.709312
2020-03-02,137.770004,131.720001,137.580002,111.194908
2020-03-03,139.669998,134.740005,135.580002,109.578514
2020-03-04,142.710007,136.009995,142.389999,115.082466
2020-03-05,141.419998,136.669998,138.100006,112.368881
2020-03-06,138.169998,131.449997,137.259995,111.685318
2020-03-09,133.350006,128.179993,130.160004,105.908257
2020-03-10,134.570007,126.860001,134.139999,109.146683
2020-03-11,132.539993,127.629997,129.750000,105.574661
2020-03-12,125.000000,113.589996,115.339996,93.849564
2020-03-13,127.589996,115.070000,127.449997,103.703171
2020-03-16,123.820000,112.000000,113.089996,92.018753
2020-03-17,127.860001,116.389999,127.720001,103.922882
2020-03-18,127.720001,113.769997,120.919998,98.389870
2020-03-19,122.089996,116.059998,117.339996,95.476913
2020-03-20,118.449997,101.419998,103.930000,84.565483
2020-03-23,112.870003,102.870003,105.180000,85.582588
2020-03-24,114.430000,109.370003,113.839996,92.629005
2020-03-25,116.360001,111.040001,112.500000,91.538704
2020-03-26,121.800003,112.580002,120.260002,97.852859
2020-03-27,124.650002,117.989998,120.459999,98.015579
2020-03-30,125.839996,121.510002,125.480003,102.100227
2020-03-31,125.699997,119.529999,120.099998,97.722664
2020-04-01,122.300003,115.669998,118.120003,96.111572
2020-04-02,125.180000,116.480003,123.860001,100.782104
2020-04-03,125.370003,122.440002,124.589996,101.376068
2020-04-06,132.130005,125.290001,131.160004,106.721916
2020-04-07,135.080002,130.289993,130.479996,106.168640
2020-04-08,133.289993,129.130005,132.610001,107.901779
2020-04-09,135.080002,131.509995,133.630005,108.731705
2020-04-13,133.350006,129.429993,130.889999,106.502235
2020-04-14,138.630005,132.350006,138.399994,112.612946
2020-04-15,137.559998,133.699997,135.029999,109.870857
2020-04-16,136.970001,133.850006,135.639999,110.367210
2020-04-17,138.000000,134.910004,137.550003,111.921310
2020-04-20,137.380005,134.509995,134.550003,109.480301
2020-04-21,132.940002,130.589996,130.940002,106.542931
2020-04-22,133.669998,131.220001,132.619995,107.909889
2020-04-23,134.139999,130.029999,130.259995,105.989609
2020-04-24,134.820007,130.649994,134.360001,109.325661
2020-04-27,135.210007,133.889999,134.460007,109.407074
2020-04-28,137.679993,134.660004,136.320007,110.920486
2020-04-29,136.979996,132.899994,133.360001,108.512016
2020-04-30,133.169998,130.419998,132.289993,107.641357
2020-05-01,132.229996,129.520004,130.139999,105.891968
2020-05-04,131.350006,129.320007,130.919998,106.526657
2020-05-05,133.330002,130.770004,131.669998,107.136909
2020-05-06,132.229996,130.690002,130.779999,106.412735
2020-05-07,132.000000,130.119995,131.550003,107.039261
2020-05-08,135.160004,132.460007,134.229996,109.219902
2020-05-11,136.199997,133.169998,134.380005,109.341972
2020-05-12,136.380005,132.860001,132.940002,108.170258
2020-05-13,134.470001,131.449997,132.960007,108.186562
2020-05-14,133.559998,130.149994,133.080002,108.284172
2020-05-15,137.660004,132.789993,135.949997,110.619431
2020-05-18,137.990005,135.059998,135.520004,110.269554
2020-05-19,134.759995,131.399994,131.729996,107.185722
2020-05-20,132.679993,130.339996,131.259995,106.803284
2020-05-21,131.440002,129.610001,130.210007,105.948952
2020-05-22,130.630005,129.169998,130.479996,106.168640
2020-05-26,132.050003,129.399994,129.750000,105.574661
2020-05-27,130.839996,128.580002,130.809998,106.437134
2020-05-28,132.729996,130.110001,132.289993,107.641357
2020-05-29,132.240005,130.320007,131.550003,107.039261
2020-06-01,133.949997,131.190002,132.990005,108.210976
2020-06-02,133.809998,131.119995,132.630005,107.918030
2020-06-03,134.279999,132.600006,132.820007,108.072617
2020-06-04,133.559998,130.179993,130.570007,107.066505
2020-06-05,133.520004,130.770004,132.440002,108.599892
2020-06-08,132.470001,131.240005,132.210007,108.411285
2020-06-09,133.149994,131.050003,132.970001,109.034485
2020-06-10,135.160004,133.169998,134.130005,109.985672
2020-06-11,135.139999,127.459999,127.839996,104.827911
2020-06-12,129.929993,127.430000,129.000000,105.779152
2020-06-15,130.960007,126.529999,130.479996,106.992714
2020-06-16,133.059998,130.119995,131.669998,107.968498
2020-06-17,133.039993,131.490005,131.759995,108.042290
2020-06-18,133.130005,130.630005,132.779999,108.878693
2020-06-19,134.820007,131.220001,131.279999,107.648689
2020-06-22,131.759995,129.949997,131.050003,107.460083
2020-06-23,132.679993,130.979996,131.360001,107.714302
2020-06-24,131.070007,128.679993,129.559998,106.238312
2020-06-25,131.729996,128.050003,131.410004,107.755310
2020-06-26,132.369995,128.059998,128.929993,105.721687
2020-06-29,131.399994,129.429993,131.080002,107.484718
2020-06-30,132.820007,130.850006,132.259995,108.452293
2020-07-01,133.619995,131.940002,132.360001,108.534286
2020-07-02,134.169998,132.539993,132.850006,108.936073
2020-07-06,133.949997,132.309998,133.300003,109.305084
2020-07-07,134.619995,132.169998,133.570007,109.526474
2020-07-08,134.690002,133.160004,134.220001,110.059456
2020-07-09,133.940002,131.729996,132.710007,108.821297
2020-07-10,134.889999,131.279999,134.460007,110.256287
2020-07-13,138.070007,134.470001,134.910004,110.625282
2020-07-14,136.949997,134.250000,135.520004,111.125458
2020-07-15,136.190002,133.250000,133.690002,109.624901
2020-07-16,134.360001,133.050003,133.880005,109.780685
2020-07-17,135.059998,133.550003,134.660004,110.420273
2020-07-20,134.610001,132.179993,133.110001,109.149284
2020-07-21,136.410004,133.789993,134.429993,110.231659
2020-07-22,136.250000,133.679993,136.009995,111.527245
2020-07-23,137.250000,135.490005,137.080002,112.404655
2020-07-24,138.639999,135.389999,136.059998,111.568260
2020-07-27,137.759995,134.850006,137.669998,112.888412
2020-07-28,138.589996,137.089996,137.380005,112.650642
2020-07-29,139.000000,137.039993,137.929993,113.101639
2020-07-30,138.220001,136.479996,137.690002,112.904861
2020-07-31,137.699997,135.199997,137.660004,112.880241
2020-08-03,137.500000,136.000000,136.699997,112.093071
2020-08-04,137.589996,136.020004,137.470001,112.724472
2020-08-05,138.149994,135.770004,136.250000,111.724045
2020-08-06,136.289993,135.270004,135.860001,111.404266
2020-08-07,136.759995,135.369995,136.740005,112.125885
2020-08-10,136.880005,135.380005,135.979996,111.502670
2020-08-11,137.449997,134.619995,135.119995,110.797470
2020-08-12,138.679993,135.250000,137.800003,112.995041
2020-08-13,138.610001,137.100006,138.100006,113.241074
2020-08-14,138.169998,137.199997,137.559998,112.798248
2020-08-17,138.889999,137.050003,137.919998,113.093452
2020-08-18,138.610001,137.039993,138.110001,113.249237
2020-08-19,138.789993,136.100006,136.449997,111.888069
2020-08-20,137.149994,135.630005,136.720001,112.109467
2020-08-21,136.660004,135.250000,136.460007,111.896263
2020-08-24,137.679993,136.110001,137.639999,112.863869
2020-08-25,138.380005,136.699997,137.300003,112.585068
2020-08-26,138.660004,136.380005,138.470001,113.544449
2020-08-27,139.929993,137.910004,138.399994,113.487038
2020-08-28,139.960007,137.240005,139.940002,114.749832
2020-08-31,141.020004,139.000000,140.059998,114.848221
2020-09-01,140.479996,138.509995,139.190002,114.134842
2020-09-02,143.820007,139.350006,143.289993,117.496841
2020-09-03,144.039993,138.119995,139.369995,115.104195
2020-09-04,140.309998,136.940002,138.759995,114.600410
2020-09-08,138.630005,134.410004,135.550003,111.949295
2020-09-09,138.460007,135.399994,137.110001,113.237686
2020-09-10,137.550003,133.880005,134.759995,111.296860
2020-09-11,136.380005,134.229996,135.809998,112.164040
2020-09-14,137.500000,135.800003,136.669998,112.874321
2020-09-15,137.240005,135.410004,135.619995,112.007126
2020-09-16,136.600006,134.779999,134.979996,111.478554
2020-09-17,134.550003,131.690002,133.199997,110.008469
2020-09-18,134.789993,130.009995,131.470001,108.579681
2020-09-21,131.309998,129.360001,131.240005,108.389748
2020-09-22,132.889999,130.449997,132.149994,109.141304
2020-09-23,132.820007,129.850006,131.000000,108.191521
2020-09-24,132.309998,129.919998,131.580002,108.670540
2020-09-25,133.830002,130.509995,133.550003,110.297546
2020-09-28,138.580002,135.669998,137.970001,113.947975
2020-09-29,139.539993,137.130005,137.160004,113.279007
2020-09-30,139.190002,136.899994,138.600006,114.468285
2020-10-01,140.850006,137.490005,140.800003,116.285225
2020-10-02,139.910004,136.199997,138.059998,114.022278
2020-10-05,138.380005,136.979996,137.929993,113.914948
2020-10-06,138.820007,135.149994,135.699997,112.073212
2020-10-07,137.520004,135.759995,137.009995,113.155121
2020-10-08,138.130005,136.759995,137.850006,113.848877
2020-10-09,139.259995,137.899994,138.440002,114.336136
2020-10-12,143.490005,139.779999,142.130005,117.383675
2020-10-13,144.000000,141.910004,143.539993,118.548180
2020-10-14,144.110001,141.630005,142.520004,117.705780
2020-10-15,141.970001,140.619995,141.429993,116.805565
2020-10-16,142.820007,141.130005,141.729996,117.053314
2020-10-19,142.529999,139.250000,139.679993,115.360252
2020-10-20,141.220001,139.410004,139.710007,115.385002
2020-10-21,140.479996,139.100006,139.600006,115.294189
2020-10-22,140.199997,139.009995,139.610001,115.302406
2020-10-23,140.529999,139.039993,139.559998,115.261169
2020-10-26,139.080002,136.410004,138.059998,114.022278
2020-10-27,139.889999,138.300003,139.119995,114.897751
2020-10-28,137.710007,133.940002,134.169998,110.809578
2020-10-29,135.630005,132.259995,133.990005,110.660927
2020-10-30,133.839996,131.710007,133.289993,110.082794
2020-11-02,136.229996,133.779999,135.149994,111.618935
2020-11-03,138.600006,136.279999,137.039993,113.179893
2020-11-04,141.699997,137.660004,137.860001,113.857124
2020-11-05,140.270004,137.470001,138.050003,114.014069
2020-11-06,139.770004,137.330002,138.380005,114.286591
2020-11-09,143.649994,138.169998,138.449997,114.344398
2020-11-10,142.440002,136.190002,141.720001,117.045059
2020-11-11,144.240005,141.610001,143.899994,118.845459
2020-11-12,144.740005,142.759995,143.839996,118.795914
2020-11-13,144.889999,143.270004,144.710007,119.514465
2020-11-16,146.259995,144.690002,145.759995,120.381653
2020-11-17,146.100006,144.110001,145.240005,119.952171
2020-11-18,146.570007,143.300003,143.380005,118.416008
2020-11-19,143.699997,142.339996,143.320007,118.366478
2020-11-20,144.639999,143.000000,143.419998,118.449059
2020-11-23,143.649994,141.880005,143.020004,118.118713
2020-11-24,144.360001,142.820007,144.029999,118.952873
2020-11-25,144.919998,143.699997,144.160004,119.060219
2020-11-27,145.279999,144.179993,144.600006,119.423599
2020-11-30,144.630005,142.880005,144.229996,119.118034
2020-12-01,146.630005,144.500000,146.070007,120.637703
2020-12-02,146.940002,143.889999,144.619995,119.440147
2020-12-03,144.960007,143.020004,144.449997,120.149666
2020-12-04,145.979996,143.850006,145.850006,121.314133
2020-12-07,146.559998,144.619995,145.369995,120.914841
2020-12-08,146.160004,144.289993,145.520004,121.039619
2020-12-09,146.100006,144.279999,145.690002,121.181046
2020-12-10,146.289993,144.419998,144.669998,120.332603
2020-12-11,145.100006,143.410004,144.970001,120.582138
2020-12-14,146.470001,144.050003,144.229996,119.966637
2020-12-15,145.270004,143.889999,144.770004,120.415810
2020-12-16,145.470001,143.899994,144.889999,120.515587
2020-12-17,146.199997,145.179993,145.710007,121.197678
2020-12-18,147.100006,145.500000,146.929993,122.212402
2020-12-21,145.660004,143.470001,145.399994,120.939812
2020-12-22,145.000000,143.479996,144.020004,119.791969
2020-12-23,145.600006,144.070007,144.410004,120.116364
2020-12-24,145.110001,144.139999,145.059998,120.657036
2020-12-28,147.600006,145.539993,146.910004,122.195778
2020-12-29,148.770004,146.839996,147.419998,122.619987
2020-12-30,147.990005,147.009995,147.309998,122.528496
2020-12-31,148.460007,146.639999,148.300003,123.351959
2021-01-04,147.779999,141.940002,144.270004,119.999901
2021-01-05,145.179993,142.899994,144.699997,120.357620
2021-01-06,143.600006,141.589996,142.929993,118.885300
2021-01-07,143.149994,141.149994,142.470001,118.502731
2021-01-08,144.399994,141.660004,144.179993,119.925041
2021-01-11,144.309998,141.690002,142.089996,118.186653
2021-01-12,142.000000,139.449997,141.429993,117.637688
2021-01-13,143.240005,141.000000,142.589996,118.602539
2021-01-14,142.440002,141.070007,141.759995,117.912155
2021-01-15,142.600006,140.529999,141.389999,117.604385
2021-01-19,142.580002,141.440002,142.059998,118.161705
2021-01-20,141.779999,139.919998,141.330002,117.554504
2021-01-21,140.789993,138.740005,139.610001,116.123833
2021-01-22,139.539993,138.229996,138.589996,115.275429
2021-01-25,140.330002,137.580002,140.179993,116.597954
2021-01-26,142.089996,139.750000,141.800003,117.945427
2021-01-27,142.330002,137.550003,138.039993,114.817970
2021-01-28,140.789993,137.759995,139.190002,115.774521
2021-01-29,138.460007,136.009995,136.570007,113.595268
2021-02-01,137.960007,135.899994,136.979996,113.936279
2021-02-02,139.529999,136.600006,138.380005,115.100777
2021-02-03,138.949997,137.070007,138.020004,114.801323
2021-02-04,139.759995,137.750000,139.679993,116.182098
2021-02-05,142.119995,139.729996,140.960007,117.246735
2021-02-08,141.809998,139.500000,140.399994,116.780952
2021-02-09,141.149994,139.490005,139.600006,116.115555
2021-02-10,141.119995,136.759995,137.699997,114.535149
2021-02-11,138.210007,134.339996,134.970001,112.264435
2021-02-12,135.600006,133.449997,133.869995,111.349472
2021-02-16,134.809998,133.399994,134.380005,111.773674
2021-02-17,135.070007,133.860001,134.460007,111.840218
2021-02-18,135.699997,133.910004,135.369995,112.597115
2021-02-19,135.119995,132.289993,132.509995,110.218277
2021-02-22,132.600006,130.759995,131.990005,109.785744
2021-02-23,134.339996,131.300003,132.779999,110.442841
2021-02-24,132.289993,131.199997,132.089996,109.868912
2021-02-25,132.089996,129.800003,130.000000,108.130516
2021-02-26,130.869995,128.570007,129.190002,107.456772
2021-03-01,131.970001,130.339996,130.619995,108.646194
2021-03-02,132.029999,130.380005,131.070007,109.020531
2021-03-03,130.529999,128.979996,129.139999,107.415199
2021-03-04,131.750000,128.320007,128.830002,108.012962
2021-03-05,133.410004,129.190002,133.029999,111.534317
2021-03-08,134.179993,131.990005,132.130005,110.779747
2021-03-09,133.910004,132.000000,132.250000,110.880363
2021-03-10,134.470001,130.539993,133.580002,111.995468
2021-03-11,134.580002,133.100006,133.220001,111.693611
2021-03-12,133.789993,132.639999,133.039993,111.542694
2021-03-15,133.630005,131.970001,133.029999,111.534317
2021-03-16,134.580002,132.750000,134.009995,112.355949
2021-03-17,134.559998,133.380005,133.619995,112.028976
2021-03-18,133.080002,131.410004,132.529999,111.115097
2021-03-19,135.009995,132.179993,134.500000,112.766800
2021-03-22,138.199997,135.089996,137.800003,115.533546
2021-03-23,140.169998,138.179993,139.460007,116.925323
2021-03-24,140.110001,138.779999,138.809998,116.380348
2021-03-25,140.250000,138.339996,139.630005,117.067902
2021-03-26,143.000000,139.130005,142.699997,119.641777
2021-03-29,144.960007,142.419998,144.809998,121.410843
2021-03-30,144.750000,142.119995,142.539993,119.507652
2021-03-31,143.330002,141.169998,141.449997,118.593735
2021-04-01,142.300003,140.110001,141.279999,118.451233
2021-04-05,144.339996,141.320007,143.160004,120.027496
2021-04-06,144.199997,142.559998,143.669998,120.455048
2021-04-07,144.100006,143.020004,143.410004,120.237045
2021-04-08,144.160004,142.050003,142.539993,119.507652
2021-04-09,143.139999,141.610001,142.570007,119.532784
2021-04-12,143.470001,142.050003,143.020004,119.910080
2021-04-13,143.970001,141.869995,143.050003,119.935257
2021-04-14,142.720001,141.240005,142.110001,119.147125
2021-04-15,143.100006,141.419998,142.309998,119.314812
2021-04-16,144.320007,142.460007,144.160004,120.865883
2021-04-19,145.600006,143.259995,144.750000,121.360558
2021-04-20,146.649994,143.929993,145.710007,122.165428
2021-04-21,147.800003,146.210007,146.979996,123.230148
2021-04-22,146.649994,145.380005,146.070007,122.467262
2021-04-23,146.339996,145.059998,145.830002,122.266037
2021-04-26,145.770004,142.979996,143.360001,120.195145
2021-04-27,143.179993,142.130005,142.889999,119.801056
2021-04-28,143.690002,141.729996,141.830002,118.912399
2021-04-29,144.429993,141.970001,143.940002,120.681412
2021-04-30,144.240005,142.500000,144.160004,120.865883
2021-05-03,146.779999,144.100006,145.789993,122.232483
2021-05-04,146.770004,143.490005,143.960007,120.698181
2021-05-05,144.570007,143.500000,143.889999,120.639511
2021-05-06,145.960007,144.009995,145.559998,122.039619
2021-05-07,146.000000,144.570007,145.559998,122.039619
2021-05-10,147.990005,146.110001,146.720001,123.012238
2021-05-11,147.639999,145.020004,145.649994,122.115082
2021-05-12,145.740005,143.850006,144.229996,120.924576
2021-05-13,147.119995,143.580002,146.369995,122.718773
2021-05-14,147.899994,146.419998,146.589996,122.903206
2021-05-17,147.399994,145.710007,146.169998,122.551094
2021-05-18,146.949997,145.320007,145.509995,121.997742
2021-05-19,145.630005,144.080002,145.429993,121.930664
2021-05-20,147.729996,145.110001,147.229996,123.439789
2021-05-21,148.309998,146.520004,147.100006,123.330811
2021-05-24,148.350006,147.009995,147.850006,123.959641
2021-05-25,148.369995,147.009995,148.300003,124.336906
2021-05-26,148.669998,147.679993,148.300003,124.336906
2021-05-27,148.770004,146.440002,146.509995,122.836113
2021-05-28,148.500000,147.240005,147.940002,124.035080
2021-06-01,148.850006,147.089996,147.630005,123.775185
2021-06-02,148.529999,147.229996,148.220001,124.269844
2021-06-03,147.759995,146.160004,147.669998,124.713226
2021-06-04,148.589996,147.470001,147.839996,124.856789
2021-06-07,148.250000,146.710007,147.750000,124.780807
2021-06-08,147.869995,145.919998,146.369995,123.615318
2021-06-09,147.589996,146.020004,146.100006,123.387306
2021-06-10,148.009995,146.130005,147.600006,124.654099
2021-06-11,148.119995,146.789993,147.690002,124.730125
2021-06-14,148.630005,146.789993,148.570007,125.473312
2021-06-15,149.169998,148.070007,148.580002,125.481781
2021-06-16,149.270004,146.750000,147.100006,124.231827
2021-06-17,149.000000,146.910004,148.520004,125.431091
2021-06-18,147.979996,145.229996,145.419998,122.812988
2021-06-21,146.740005,145.449997,146.559998,123.775780
2021-06-22,147.500000,146.289993,146.779999,123.961571
2021-06-23,146.130005,144.830002,144.850006,122.331642
2021-06-24,145.940002,144.610001,145.669998,123.024147
2021-06-25,146.789993,145.240005,146.410004,123.649132
2021-06-28,147.589996,146.619995,147.039993,124.181160
2021-06-29,147.699997,146.399994,146.940002,124.096725
2021-06-30,148.309998,147.199997,148.169998,125.135529
2021-07-01,149.080002,147.940002,148.199997,125.160820
2021-07-02,149.779999,148.559998,148.910004,125.760445
2021-07-06,149.419998,147.770004,149.130005,125.946243
2021-07-07,150.699997,149.000000,149.789993,126.503654
2021-07-08,150.669998,149.190002,149.860001,126.562805
2021-07-09,150.309998,149.169998,149.479996,126.241814
2021-07-12,149.789993,148.779999,149.509995,126.267166
2021-07-13,153.910004,150.750000,152.960007,129.180832
2021-07-14,155.139999,152.800003,154.539993,130.515198
2021-07-15,155.360001,153.259995,155.250000,131.114838
2021-07-16,156.839996,155.110001,155.820007,131.596207
2021-07-19,157.539993,154.759995,155.800003,131.579330
2021-07-20,157.330002,155.559998,155.820007,131.596207
2021-07-21,156.119995,154.570007,155.240005,131.106415
2021-07-22,155.759995,153.970001,155.190002,131.064178
2021-07-23,157.789993,155.240005,157.179993,132.744797
2021-07-26,157.470001,156.029999,157.070007,132.651901
2021-07-27,158.660004,157.029999,157.940002,133.386673
2021-07-28,157.960007,155.910004,156.490005,132.162094
2021-07-29,157.429993,156.199997,156.809998,132.432327
2021-07-30,157.600006,156.619995,156.949997,132.550568
2021-08-02,157.110001,155.509995,156.320007,132.018494
2021-08-03,157.149994,156.309998,156.669998,132.314117
2021-08-04,156.660004,153.869995,154.050003,130.101395
2021-08-05,155.190002,153.869995,154.309998,130.320969
2021-08-06,154.759995,153.639999,154.330002,130.337860
2021-08-09,154.789993,153.710007,154.350006,130.354782
2021-08-10,155.309998,153.809998,154.429993,130.422287
2021-08-11,156.020004,154.470001,155.039993,130.937485
2021-08-12,155.300003,154.600006,155.070007,130.962799
2021-08-13,156.669998,154.899994,156.520004,132.187439
2021-08-16,158.119995,156.729996,158.050003,133.479553
2021-08-17,158.449997,157.240005,157.899994,133.352859
2021-08-18,158.199997,156.199997,156.279999,131.984711
2021-08-19,159.419998,155.779999,158.910004,134.205872
2021-08-20,159.630005,158.250000,158.350006,133.732941
2021-08-23,158.520004,157.320007,157.850006,133.310684
2021-08-24,157.750000,155.679993,155.889999,131.655304
2021-08-25,155.669998,154.160004,155.199997,131.072617
2021-08-26,155.669998,154.089996,154.630005,130.591202
2021-08-27,155.410004,154.210007,154.940002,130.852997
2021-08-30,156.169998,155.009995,156.000000,131.748245
2021-08-31,156.470001,155.339996,156.389999,132.077621
2021-09-01,158.190002,156.509995,157.910004,133.361313
2021-09-02,157.289993,155.869995,156.949997,133.459091
2021-09-03,157.419998,155.899994,157.089996,133.578156
2021-09-07,156.759995,153.679993,154.529999,131.401306
2021-09-08,156.750000,154.300003,156.720001,133.263535
2021-09-09,156.970001,155.399994,155.729996,132.421738
2021-09-10,156.250000,155.009995,155.460007,132.192108
2021-09-13,157.399994,155.389999,155.759995,132.447189
2021-09-14,156.669998,154.820007,155.149994,131.928497
2021-09-15,156.380005,154.779999,156.020004,132.668289
2021-09-16,156.119995,153.809998,155.559998,132.277130
2021-09-17,155.500000,153.830002,154.130005,131.061188
2021-09-20,154.949997,152.419998,153.610001,130.619019
2021-09-21,156.119995,152.970001,153.539993,130.559464
2021-09-22,155.089996,153.449997,154.009995,130.959137
2021-09-23,154.929993,153.539993,154.130005,131.061188
2021-09-24,154.619995,153.550003,154.199997,131.120667
2021-09-27,154.149994,152.389999,152.720001,129.862183
2021-09-28,152.500000,150.100006,151.050003,128.442184
2021-09-29,153.169998,150.690002,152.300003,129.505051
2021-09-30,153.429993,150.369995,150.410004,127.897957
2021-10-01,151.610001,149.520004,150.949997,128.357132
2021-10-04,153.000000,149.479996,150.199997,127.719398
2021-10-05,152.389999,150.070007,151.089996,128.476166
2021-10-06,155.160004,149.960007,154.960007,131.766953
2021-10-07,157.750000,155.520004,156.389999,132.982956
2021-10-08,156.710007,155.490005,156.029999,132.676804
2021-10-11,157.229996,155.660004,156.240005,132.855316
2021-10-12,157.850006,156.210007,156.929993,133.442093
2021-10-13,158.050003,156.020004,157.990005,134.343430
2021-10-14,159.490005,158.610001,159.259995,135.423370
2021-10-15,159.660004,157.509995,158.809998,135.040680
2021-10-18,158.699997,156.800003,158.089996,134.428467
2021-10-19,160.160004,157.539993,160.100006,136.137680
2021-10-20,161.880005,159.679993,161.309998,137.166504
2021-10-21,161.429993,158.979996,159.179993,135.355362
2021-10-22,160.470001,159.470001,159.970001,136.027100
2021-10-25,159.949997,158.789993,159.220001,135.389359
2021-10-26,161.399994,159.100006,161.169998,137.047470
2021-10-27,161.839996,159.559998,160.610001,136.571304
2021-10-28,161.729996,160.470001,161.619995,137.430145
2021-10-29,162.259995,160.910004,161.600006,137.413132
2021-11-01,161.500000,160.179993,161.259995,137.124023
2021-11-02,162.809998,160.940002,162.740005,138.382538
2021-11-03,164.389999,162.149994,164.300003,139.709030
2021-11-04,164.559998,163.350006,164.309998,139.717514
2021-11-05,166.429993,164.520004,166.000000,141.154587
2021-11-08,166.100006,161.149994,162.429993,138.118896
2021-11-09,163.860001,162.000000,163.509995,139.037277
2021-11-10,165.000000,163.029999,164.039993,139.487900
2021-11-11,163.979996,162.550003,162.690002,138.339996
2021-11-12,163.929993,162.080002,162.649994,138.306000
2021-11-15,163.880005,162.490005,163.800003,139.283844
2021-11-16,164.990005,163.229996,163.309998,138.867172
2021-11-17,163.669998,162.080002,163.369995,138.918198
2021-11-18,163.520004,161.750000,163.419998,138.960754
2021-11-19,165.029999,163.440002,163.809998,139.292343
2021-11-22,166.800003,163.179993,164.149994,139.581451
2021-11-23,165.720001,163.309998,165.250000,140.516815
2021-11-24,165.500000,162.580002,163.740005,139.232880
2021-11-26,163.660004,160.889999,161.139999,137.021957
2021-11-29,164.580002,161.139999,164.139999,139.572983
2021-11-30,164.000000,158.389999,159.779999,135.865570
2021-12-01,163.250000,160.050003,160.160004,136.188690
2021-12-02,161.690002,159.830002,160.619995,137.502747
2021-12-03,164.880005,161.339996,164.710007,141.004074
2021-12-06,167.289993,165.789993,166.419998,142.467926
2021-12-07,166.960007,165.660004,166.229996,142.305328
2021-12-08,166.690002,164.029999,166.520004,142.553528
2021-12-09,166.880005,164.850006,166.309998,142.373779
2021-12-10,169.119995,166.899994,168.970001,144.650970
2021-12-13,171.259995,168.050003,169.809998,145.370056
2021-12-14,170.389999,168.300003,169.389999,145.010529
2021-12-15,171.779999,169.460007,171.570007,146.876740
2021-12-16,173.559998,171.020004,171.820007,147.090759
2021-12-17,172.380005,168.050003,168.300003,144.077393
2021-12-20,169.500000,166.750000,169.419998,145.036194
2021-12-21,169.600006,167.779999,168.919998,144.608139
2021-12-22,169.990005,168.270004,169.970001,145.507019
2021-12-23,170.630005,169.250000,169.779999,145.344376
2021-12-27,171.559998,169.770004,171.470001,146.791153
2021-12-28,172.789993,171.199997,172.360001,147.553055
2021-12-29,173.460007,171.929993,172.970001,148.075272
2021-12-30,173.619995,172.229996,172.669998,147.818436
2021-12-31,174.020004,172.110001,173.710007,148.708725
2022-01-03,173.190002,170.570007,172.979996,148.083801
2022-01-04,174.449997,172.199997,173.229996,148.297867
2022-01-05,175.360001,173.229996,173.820007,148.802887
2022-01-06,175.600006,173.229996,173.860001,148.837143
2022-01-07,174.690002,172.610001,174.080002,149.025497
2022-01-10,175.839996,173.619995,174.169998,149.102554
2022-01-11,174.229996,171.619995,174.089996,149.034042
2022-01-12,174.330002,172.949997,173.899994,148.871414
2022-01-13,174.690002,173.240005,174.179993,149.111084
2022-01-14,175.940002,173.399994,175.639999,150.360962
2022-01-18,174.759995,173.149994,173.960007,148.922791
2022-01-19,175.960007,173.570007,175.210007,149.992905
2022-01-20,176.880005,173.839996,173.940002,148.905640
2022-01-21,177.240005,174.110001,174.220001,149.145309
2022-01-24,176.500000,168.960007,173.330002,148.383453
2022-01-25,172.479996,169.740005,171.339996,146.679855
2022-01-26,171.809998,166.449997,169.529999,145.130341
2022-01-27,173.279999,168.779999,169.369995,144.993393
2022-01-28,172.729996,167.210007,172.669998,147.818436
2022-01-31,174.110001,170.589996,173.520004,148.546082
2022-02-01,173.429993,169.559998,172.339996,147.535950
2022-02-02,175.639999,172.570007,175.470001,150.215454
2022-02-03,176.660004,173.830002,175.369995,150.129822
2022-02-04,174.889999,171.190002,172.490005,147.664368
2022-02-07,172.990005,171.210007,171.809998,147.082184
2022-02-08,172.639999,170.309998,172.020004,147.261993
2022-02-09,172.779999,171.009995,171.940002,147.193481
2022-02-10,171.449997,167.300003,168.369995,144.137329
2022-02-11,170.309998,167.690002,168.580002,144.317093
2022-02-14,169.679993,165.100006,166.699997,142.707687
2022-02-15,168.250000,165.259995,165.960007,142.074188
2022-02-16,167.199997,164.539993,166.300003,142.365219
2022-02-17,167.949997,165.000000,166.750000,142.750488
2022-02-18,168.240005,166.220001,167.710007,143.572327
2022-02-22,168.940002,166.229996,168.350006,144.120193
2022-02-23,169.119995,166.520004,166.690002,142.699112
2022-02-24,166.339996,160.289993,163.789993,140.216492
2022-02-25,168.460007,164.259995,168.380005,144.145874
2022-02-28,165.210007,161.410004,163.740005,140.173706
2022-03-01,164.399994,161.300003,162.270004,138.915253
2022-03-02,165.820007,162.490005,164.520004,140.841446
2022-03-03,165.190002,162.800003,163.270004,140.690628
2022-03-04,166.500000,160.919998,165.750000,142.827637
2022-03-07,165.149994,162.130005,162.449997,139.984039
2022-03-08,163.970001,157.690002,157.869995,136.037415
2022-03-09,160.059998,156.399994,157.399994,135.632401
2022-03-10,156.250000,153.369995,154.509995,133.142075
2022-03-11,156.889999,153.479996,153.729996,132.469986
2022-03-14,157.800003,154.500000,155.889999,134.331223
2022-03-15,159.500000,156.830002,159.000000,137.011108
2022-03-16,159.990005,157.039993,159.699997,137.614319
2022-03-17,161.630005,159.300003,160.940002,138.682846
2022-03-18,162.929993,160.059998,162.789993,140.277008
2022-03-21,163.809998,161.070007,162.559998,140.078796
2022-03-22,164.770004,162.229996,164.339996,141.612656
2022-03-23,165.279999,162.630005,163.479996,140.871567
2022-03-24,164.729996,163.270004,164.470001,141.724670
2022-03-25,165.899994,164.429993,165.240005,142.388199
2022-03-28,165.770004,163.710007,165.729996,142.810440
2022-03-29,168.580002,166.369995,168.190002,144.930237
2022-03-30,168.240005,166.119995,167.960007,144.732040
2022-03-31,169.300003,167.270004,167.380005,144.232254
2022-04-01,169.929993,167.369995,169.759995,146.283081
2022-04-04,169.389999,167.449997,169.320007,145.903931
2022-04-05,171.380005,168.320007,169.500000,146.059082
2022-04-06,172.699997,169.490005,172.389999,148.549423
2022-04-07,173.279999,170.779999,172.550003,148.687256
2022-04-08,173.690002,171.589996,173.130005,149.187057
2022-04-11,174.970001,172.320007,172.600006,148.730377
2022-04-12,174.649994,172.630005,173.300003,149.333527
2022-04-13,173.820007,171.729996,173.000000,149.075027
2022-04-14,174.259995,171.759995,171.899994,148.127151
2022-04-18,172.309998,169.960007,170.419998,146.851822
2022-04-19,173.169998,169.839996,172.899994,148.988831
2022-04-20,175.970001,173.720001,175.470001,151.203430
2022-04-21,177.240005,174.649994,174.839996,150.660583
2022-04-22,175.270004,171.940002,172.149994,148.342575
2022-04-25,173.919998,171.000000,173.740005,149.712662
2022-04-26,175.350006,172.729996,173.300003,149.333527
2022-04-27,176.690002,173.190002,174.850006,150.669174
2022-04-28,177.619995,173.820007,177.500000,152.952682
2022-04-29,177.410004,171.410004,171.710007,147.963425
2022-05-02,173.460007,165.270004,167.759995,144.559662
2022-05-03,169.309998,166.580002,167.990005,144.757858
2022-05-04,174.119995,167.610001,173.860001,149.816086
2022-05-05,173.320007,169.080002,170.389999,146.825974
2022-05-06,170.800003,168.720001,170.410004,146.843216
2022-05-09,172.889999,168.759995,171.699997,147.954758
2022-05-10,174.539993,170.750000,171.490005,147.773834
2022-05-11,172.410004,169.919998,170.660004,147.058624
2022-05-12,171.990005,168.160004,170.399994,146.834564
2022-05-13,174.160004,169.460007,173.720001,149.695450
2022-05-16,176.300003,173.419998,175.470001,151.203430
2022-05-17,175.679993,172.580002,174.460007,150.333130
2022-05-18,173.869995,162.919998,163.649994,141.018082
2022-05-19,162.779999,159.669998,161.199997,138.906921
2022-05-20,163.059998,159.619995,162.210007,139.777191
2022-05-23,166.949997,163.570007,165.600006,142.698410
2022-05-24,168.259995,165.160004,167.820007,144.611404
2022-05-25,169.490005,166.960007,168.970001,145.602356
2022-05-26,171.089996,168.960007,170.110001,146.584641
2022-05-27,171.809998,170.199997,171.770004,148.015121
2022-05-31,170.979996,165.369995,167.750000,144.551071
2022-06-01,168.380005,163.820007,166.490005,143.465317
2022-06-02,166.750000,162.649994,166.679993,144.628036
2022-06-03,166.589996,164.360001,164.850006,143.040115
2022-06-06,167.619995,164.729996,165.539993,143.638870
2022-06-07,166.860001,164.220001,166.559998,144.523926
2022-06-08,166.809998,165.110001,165.729996,143.803711
2022-06-09,166.929993,162.669998,162.779999,141.243988
2022-06-10,163.919998,159.449997,162.520004,141.018433
2022-06-13,162.869995,159.059998,159.740005,138.606201
2022-06-14,160.050003,154.860001,156.119995,135.465134
2022-06-15,159.839996,155.929993,157.789993,136.914200
2022-06-16,158.460007,155.110001,157.029999,136.254745
2022-06-17,158.990005,156.169998,157.059998,136.280762
2022-06-21,160.960007,157.350006,160.710007,139.447876
2022-06-22,162.990005,159.559998,162.029999,140.593246
2022-06-23,165.139999,163.149994,164.100006,142.389374
2022-06-24,166.190002,163.940002,166.130005,144.150833
2022-06-27,167.130005,165.339996,166.350006,144.341705
2022-06-28,168.449997,163.850006,164.009995,142.311264
2022-06-29,167.559998,165.350006,166.729996,144.671402
2022-06-30,167.580002,165.630005,166.660004,144.610703
2022-07-01,169.520004,165.759995,169.389999,146.979477
2022-07-05,169.389999,165.330002,169.009995,146.649765
2022-07-06,171.949997,169.479996,170.699997,148.116150
2022-07-07,171.039993,169.380005,170.360001,147.821167
2022-07-08,172.699997,170.550003,171.880005,149.140076
2022-07-11,172.800003,170.020004,170.470001,147.916611
2022-07-12,173.320007,168.869995,169.500000,147.074951
2022-07-13,171.440002,167.979996,170.100006,147.595566
2022-07-14,171.160004,167.699997,170.979996,148.359146
2022-07-15,172.919998,170.020004,171.119995,148.480606
2022-07-18,171.240005,167.850006,168.259995,145.998993
2022-07-19,170.750000,168.630005,170.059998,147.560867
2022-07-20,170.570007,167.460007,168.259995,145.998993
2022-07-21,169.410004,167.559998,168.509995,146.215927
2022-07-22,170.570007,168.490005,169.610001,147.170364
2022-07-25,170.860001,169.039993,169.850006,147.378632
2022-07-26,171.990005,169.240005,171.830002,149.096664
2022-07-27,171.949997,169.059998,171.589996,148.888412
2022-07-28,175.119995,171.190002,174.839996,151.708466
2022-07-29,175.479996,173.389999,174.960007,151.812576
2022-08-01,177.690002,174.550003,176.949997,153.539276
2022-08-02,177.149994,175.220001,175.490005,152.272461
2022-08-03,177.059998,174.240005,176.830002,153.435196
2022-08-04,176.740005,174.580002,175.869995,152.602173
2022-08-05,174.699997,172.399994,174.550003,151.456818
2022-08-08,175.970001,173.320007,173.850006,150.849411
2022-08-09,175.229996,173.960007,174.500000,151.413406
2022-08-10,176.429993,174.720001,175.940002,152.662933
2022-08-11,177.119995,174.669998,175.039993,151.881989
2022-08-12,177.380005,175.380005,177.330002,153.869019
2022-08-15,179.360001,176.800003,179.279999,155.561035
2022-08-16,180.699997,178.639999,180.320007,156.463470
2022-08-17,181.070007,179.720001,180.220001,156.376678
2022-08-18,180.929993,179.940002,180.399994,156.532852
2022-08-19,181.009995,179.320007,180.169998,156.333298
2022-08-22,180.470001,178.020004,178.449997,154.840851
2022-08-23,178.860001,177.289993,178.369995,154.771408
2022-08-24,179.500000,178.110001,179.259995,155.543686
2022-08-25,179.350006,177.389999,179.270004,155.552368
2022-08-26,179.979996,174.669998,175.039993,151.881989
2022-08-29,175.289993,173.210007,174.490005,151.404770
2022-08-30,174.690002,172.330002,172.990005,150.103210
2022-08-31,174.410004,172.199997,172.270004,149.478485
2022-09-01,172.979996,170.240005,172.850006,150.989700
2022-09-02,174.970001,169.889999,170.660004,149.076660
2022-09-06,172.589996,169.130005,169.509995,148.072098
2022-09-07,173.779999,169.929993,173.250000,151.339081
2022-09-08,173.429993,170.559998,172.669998,150.832428
2022-09-09,174.550003,171.669998,173.220001,151.312881
2022-09-12,174.440002,172.750000,173.899994,151.906891
2022-09-13,172.830002,166.949997,167.410004,146.237701
2022-09-14,169.190002,167.570007,168.679993,147.347061
2022-09-15,168.559998,165.339996,165.880005,144.901169
2022-09-16,167.169998,165.250000,166.970001,145.853317
2022-09-19,168.809998,166.500000,168.729996,147.390717
2022-09-20,169.149994,166.860001,168.919998,147.556686
2022-09-21,172.029999,168.339996,168.440002,147.137405
2022-09-22,169.889999,168.050003,168.600006,147.277161
2022-09-23,168.750000,166.529999,168.520004,147.207306
2022-09-26,170.009995,167.529999,168.449997,147.146179
2022-09-27,170.000000,165.240005,166.009995,145.014755
2022-09-28,169.619995,165.240005,168.669998,147.338287
2022-09-29,169.139999,165.000000,166.610001,145.538834
2022-09-30,168.240005,163.009995,163.259995,142.612518
2022-10-03,165.690002,163.020004,165.250000,144.350861
2022-10-04,168.729996,165.550003,167.110001,145.975616
2022-10-05,167.089996,163.729996,166.000000,145.005997
2022-10-06,166.020004,162.500000,162.800003,142.210739
2022-10-07,163.009995,160.979996,161.610001,141.171188
2022-10-10,163.039993,161.190002,161.820007,141.354630
2022-10-11,164.270004,161.559998,162.589996,142.027237
2022-10-12,170.699997,166.600006,169.389999,147.967255
2022-10-13,175.039993,166.820007,174.610001,152.527084
2022-10-14,176.259995,169.990005,170.190002,148.666077
2022-10-17,173.589996,171.070007,172.729996,150.884827
2022-10-18,176.910004,173.410004,175.059998,152.920181
2022-10-19,175.839996,172.330002,173.360001,151.435150
2022-10-20,174.360001,171.110001,171.460007,149.775482
2022-10-21,173.690002,170.580002,173.059998,151.173065
2022-10-24,177.979996,174.669998,177.679993,155.208847
2022-10-25,178.869995,176.610001,178.270004,155.724213
2022-10-26,180.899994,178.320007,179.070007,156.423050
2022-10-27,180.929993,178.570007,178.880005,156.257065
2022-10-28,182.929993,179.479996,182.229996,159.183380
2022-10-31,182.979996,180.539993,181.580002,158.615601
2022-11-01,182.809998,179.889999,180.759995,157.899307
2022-11-02,183.580002,178.169998,178.240005,155.698013
2022-11-03,178.899994,176.529999,177.779999,155.296173
2022-11-04,179.789993,176.529999,178.779999,156.169724
2022-11-07,180.619995,178.830002,180.210007,157.418869
2022-11-08,182.110001,178.800003,180.710007,157.855637
2022-11-09,181.070007,178.399994,178.550003,155.968781
2022-11-10,182.919998,178.559998,181.699997,158.720413
2022-11-11,181.690002,175.440002,178.050003,155.532059
2022-11-14,179.179993,176.500000,176.729996,154.378967
2022-11-15,178.699997,175.419998,177.190002,154.780853
2022-11-16,179.630005,177.720001,178.330002,155.776627
2022-11-17,180.160004,177.429993,180.029999,157.261612
2022-11-18,181.839996,180.020004,181.330002,158.397217
2022-11-21,185.130005,182.089996,184.820007,161.445816
2022-11-22,186.619995,184.369995,184.839996,161.463333
2022-11-23,186.080002,184.500000,185.080002,161.672943
2022-11-25,185.000000,183.940002,184.110001,160.825623
2022-11-28,185.490005,183.509995,183.889999,160.633423
2022-11-29,183.419998,181.020004,182.589996,159.497864
2022-11-30,185.699997,180.240005,185.509995,162.048584
2022-12-01,186.330002,184.160004,185.899994,163.402191
2022-12-02,186.309998,183.839996,185.690002,163.217621
2022-12-05,183.940002,182.320007,183.119995,160.958633
2022-12-06,184.289993,180.699997,181.630005,159.648987
2022-12-07,182.449997,180.690002,182.179993,160.132370
2022-12-08,183.979996,181.259995,183.779999,161.538742
2022-12-09,184.210007,183.050003,183.100006,160.941040
2022-12-12,184.179993,182.360001,183.970001,161.705780
2022-12-13,186.839996,182.940002,183.869995,161.617844
2022-12-14,185.880005,182.130005,183.360001,161.169601
2022-12-15,182.710007,178.389999,180.250000,158.435974
2022-12-16,181.190002,178.479996,180.339996,158.515091
2022-12-19,183.470001,180.350006,181.339996,159.394043
2022-12-20,182.250000,180.639999,181.229996,159.297363
2022-12-21,183.679993,181.399994,182.500000,160.413666
2022-12-22,182.050003,178.919998,181.089996,159.174316
2022-12-23,182.550003,180.449997,182.259995,160.202713
2022-12-27,183.610001,182.270004,183.070007,160.914688
2022-12-28,184.539993,181.639999,181.750000,159.754425
2022-12-29,182.860001,181.889999,181.979996,159.956604
2022-12-30,181.960007,179.289993,180.660004,158.796310
2023-01-03,180.750000,176.570007,179.410004,157.697632
2023-01-04,180.539993,177.550003,178.970001,157.310867
2023-01-05,178.770004,176.860001,177.100006,155.667191
2023-01-06,181.830002,178.800003,181.100006,159.183090
2023-01-09,182.770004,178.809998,179.330002,157.627319
2023-01-10,179.529999,177.089996,177.850006,156.326401
2023-01-11,179.710007,175.679993,178.050003,156.502228
2023-01-12,178.369995,175.320007,175.779999,154.506912
2023-01-13,175.729996,174.169998,175.240005,154.032288
2023-01-17,177.550003,175.490005,176.059998,154.753036
2023-01-18,175.740005,171.330002,171.619995,150.850388
2023-01-19,172.169998,169.479996,169.630005,149.101212
2023-01-20,169.889999,167.460007,169.880005,149.320953
2023-01-23,170.759995,168.720001,169.119995,148.652924
2023-01-24,170.869995,168.449997,170.690002,150.032913
2023-01-25,171.979996,169.339996,171.929993,151.122849
2023-01-26,171.669998,170.039993,170.220001,149.619812
2023-01-27,170.229996,168.580002,169.619995,149.092392
2023-01-30,171.460007,169.139999,169.479996,148.969345
2023-01-31,171.070007,169.320007,171.020004,150.322983
2023-02-01,172.320007,169.509995,171.559998,150.797638
2023-02-02,170.559998,168.509995,169.970001,149.400024
2023-02-03,171.289993,167.050003,169.119995,148.652924
2023-02-06,172.380005,169.589996,171.820007,151.026138
2023-02-07,172.029999,169.259995,171.559998,150.797638
2023-02-08,171.330002,170.240005,171.160004,150.446030
2023-02-09,176.490005,172.039993,172.779999,151.869995
2023-02-10,176.589996,172.649994,176.199997,154.876083
2023-02-13,178.229996,176.039993,177.770004,156.256119
2023-02-14,177.250000,174.789993,175.770004,154.498138
2023-02-15,176.050003,174.589996,176.009995,154.709106
2023-02-16,176.899994,174.539993,175.509995,154.269608
2023-02-17,176.419998,174.830002,176.279999,154.946426
2023-02-21,177.410004,174.669998,176.179993,154.858505
2023-02-22,177.429993,175.770004,176.119995,154.805771
2023-02-23,176.990005,174.990005,176.309998,154.972763
2023-02-24,176.330002,174.289993,175.960007,154.665146
2023-02-27,177.250000,175.649994,175.910004,154.621185
2023-02-28,175.059998,173.199997,173.529999,152.529251
2023-03-01,172.460007,169.119995,171.330002,150.595459
2023-03-02,173.759995,169.779999,173.320007,153.374115
2023-03-03,173.449997,171.330002,173.149994,153.223663
2023-03-06,173.660004,172.220001,173.500000,153.533417
2023-03-07,174.259995,171.869995,172.639999,152.772354
2023-03-08,173.360001,171.779999,173.110001,153.188293
2023-03-09,174.360001,171.199997,171.800003,152.029022
2023-03-10,174.240005,170.960007,172.029999,152.232559
2023-03-13,177.229996,172.610001,173.710007,153.719254
2023-03-14,173.809998,171.570007,173.529999,153.559952
2023-03-15,176.660004,173.190002,176.630005,156.303177
2023-03-16,177.000000,175.320007,176.509995,156.197006
2023-03-17,176.690002,174.229996,175.130005,154.975845
2023-03-20,177.679993,175.509995,177.589996,157.152710
2023-03-21,178.169998,176.279999,178.009995,157.524384
2023-03-22,179.369995,176.419998,176.509995,156.197006
2023-03-23,177.220001,175.020004,175.649994,155.435974
2023-03-24,179.339996,176.389999,179.089996,158.480087
2023-03-27,180.649994,179.309998,179.490005,158.834076
2023-03-28,180.460007,179.330002,179.429993,158.780960
2023-03-29,180.910004,179.990005,180.669998,159.878265
2023-03-30,181.330002,180.080002,180.830002,160.019867
2023-03-31,182.490005,181.320007,182.300003,161.320679
2023-04-03,182.759995,180.399994,182.500000,161.497665
2023-04-04,183.360001,181.100006,181.850006,160.922501
2023-04-05,184.960007,183.059998,183.639999,162.506470
2023-04-06,184.740005,183.100006,184.360001,163.143631
2023-04-10,183.899994,181.690002,183.199997,162.117065
2023-04-11,183.880005,182.759995,182.919998,161.869308
2023-04-12,183.779999,182.250000,182.559998,161.550766
2023-04-13,184.610001,182.110001,184.380005,163.161331
2023-04-14,184.020004,182.919998,183.509995,162.391418
2023-04-17,184.750000,183.479996,184.449997,163.223251
2023-04-18,185.220001,183.740005,184.830002,163.559525
2023-04-19,185.320007,184.259995,184.720001,163.462173
2023-04-20,186.039993,184.199997,185.330002,164.001999
2023-04-21,186.380005,185.130005,185.410004,164.072784
2023-04-24,186.570007,185.020004,185.500000,164.152420
2023-04-25,190.179993,186.240005,189.710007,167.877914
2023-04-26,189.419998,187.869995,188.539993,166.842560
2023-04-27,189.949997,187.509995,189.690002,167.860229
2023-04-28,191.619995,189.639999,190.889999,168.922119
2023-05-01,192.330002,190.279999,191.679993,169.621231
2023-05-02,192.500000,189.750000,192.250000,170.125641
2023-05-03,193.250000,191.779999,192.179993,170.063675
2023-05-04,193.949997,192.160004,193.380005,171.125580
2023-05-05,194.479996,192.389999,194.270004,171.913177
2023-05-08,194.000000,192.649994,193.350006,171.099030
2023-05-09,194.669998,192.710007,194.139999,171.798126
2023-05-10,195.580002,192.669998,194.270004,171.913177
2023-05-11,195.520004,193.000000,195.339996,172.860031
2023-05-12,196.220001,194.949997,196.119995,173.550278
2023-05-15,196.880005,194.000000,194.270004,171.913177
2023-05-16,194.479996,192.539993,193.429993,171.169815
2023-05-17,193.589996,190.839996,192.059998,169.957489
2023-05-18,191.710007,190.410004,191.559998,169.515030
2023-05-19,192.860001,191.100006,191.839996,169.762787
2023-05-22,191.389999,186.410004,186.639999,165.161224
2023-05-23,186.630005,184.589996,186.070007,164.656815
2023-05-24,186.740005,184.369995,184.889999,163.612640
2023-05-25,184.220001,181.949997,183.800003,162.648087
2023-05-26,184.250000,182.399994,183.580002,162.453415
2023-05-30,183.089996,180.699997,181.610001,160.710068
2023-05-31,184.619995,181.460007,182.350006,161.364929
2023-06-01,182.690002,180.800003,182.190002,162.349579
2023-06-02,184.289993,181.699997,184.059998,164.015945
2023-06-05,186.169998,183.610001,184.190002,164.131821
2023-06-06,185.119995,180.429993,181.559998,161.788193
2023-06-07,181.740005,179.699997,180.110001,160.496094
2023-06-08,182.300003,179.330002,182.100006,162.269394
2023-06-09,182.830002,181.000000,182.350006,162.492188
2023-06-12,182.729996,180.690002,181.899994,162.091171
2023-06-13,182.190002,181.080002,181.539993,161.770370
2023-06-14,183.649994,181.440002,183.169998,163.222885
2023-06-15,186.169998,183.520004,185.710007,165.486267
2023-06-16,187.589996,185.699997,186.039993,165.780304
2023-06-20,187.869995,185.240005,185.309998,165.129837
2023-06-21,186.880005,184.190002,185.429993,165.236771
2023-06-22,187.580002,185.869995,187.350006,166.947693
2023-06-23,188.000000,185.949997,186.070007,165.807068
2023-06-26,186.429993,184.119995,184.889999,164.755585
2023-06-27,186.610001,183.960007,186.220001,165.940735
2023-06-28,186.740005,183.380005,183.699997,163.695175
2023-06-29,183.889999,181.389999,183.880005,163.855560
2023-06-30,185.520004,183.880005,185.220001,165.049652
2023-07-03,185.639999,183.470001,185.600006,165.388260
2023-07-05,186.690002,184.970001,186.580002,166.261505
2023-07-06,186.750000,184.889999,186.600006,166.279388
2023-07-07,185.880005,183.029999,183.080002,163.142670
2023-07-10,185.910004,183.779999,184.300003,164.229843
2023-07-11,184.729996,182.419998,183.979996,163.944672
2023-07-12,184.610001,182.979996,183.169998,163.222885
2023-07-13,188.059998,183.259995,187.529999,167.108063
2023-07-14,188.630005,187.089996,188.210007,167.714020
2023-07-17,187.009995,185.419998,185.630005,165.414978
2023-07-18,186.820007,183.820007,184.449997,164.363495
2023-07-19,186.600006,184.419998,186.259995,165.976364
2023-07-20,189.990005,186.809998,189.300003,168.685303
2023-07-21,191.470001,189.300003,190.160004,169.451675
2023-07-24,191.429993,190.139999,190.919998,170.128876
2023-07-25,192.009995,190.059998,191.360001,170.521027
2023-07-26,192.380005,190.059998,191.600006,170.734848
2023-07-27,192.289993,188.399994,188.529999,167.999176
2023-07-28,191.369995,189.789993,190.309998,169.585312
2023-07-31,189.589996,186.850006,187.460007,167.045715
2023-08-01,188.600006,186.399994,186.820007,166.475388
2023-08-02,189.970001,186.399994,188.309998,167.803116
2023-08-03,189.220001,186.970001,187.119995,166.742706
2023-08-04,188.009995,184.350006,184.600006,164.497131
2023-08-07,187.210007,185.100006,186.889999,166.537766
2023-08-08,187.479996,184.029999,184.440002,164.354568
2023-08-09,185.000000,182.630005,183.979996,163.944672
2023-08-10,185.589996,183.529999,183.750000,163.739731
2023-08-11,184.279999,183.279999,184.039993,163.998123
2023-08-14,184.860001,183.130005,183.619995,163.623856
2023-08-15,183.460007,181.130005,181.350006,161.601089
2023-08-16,182.949997,180.949997,181.210007,161.476318
2023-08-17,181.410004,178.320007,178.449997,159.016907
2023-08-18,179.550003,177.270004,178.179993,158.776276
2023-08-21,177.960007,176.229996,177.050003,157.769348
2023-08-22,176.820007,175.309998,175.699997,156.566376
2023-08-23,178.279999,176.369995,178.119995,158.722794
2023-08-24,180.440002,177.100006,177.179993,157.885193
2023-08-25,179.710007,177.839996,179.419998,159.881256
2023-08-28,181.179993,179.339996,180.250000,160.620850
2023-08-29,181.220001,179.020004,180.929993,161.226791
2023-08-30,182.259995,180.720001,181.080002,161.360458
2023-08-31,179.630005,177.860001,177.919998,159.659973
2023-09-01,178.809998,174.639999,175.320007,157.326813
2023-09-05,175.880005,173.649994,174.160004,156.285843
2023-09-06,174.990005,173.479996,174.729996,156.797348
2023-09-07,177.059998,175.210007,176.399994,158.295929
2023-09-08,177.149994,175.610001,176.270004,158.179306
2023-09-11,179.429993,176.830002,178.929993,160.566299
2023-09-12,178.919998,177.800003,178.270004,159.974014
2023-09-13,180.139999,178.210007,179.679993,161.239349
2023-09-14,181.690002,179.330002,181.229996,162.630234
2023-09-15,181.820007,179.610001,179.839996,161.382919
2023-09-18,181.000000,178.429993,179.380005,160.970123
2023-09-19,179.130005,177.300003,178.320007,160.018906
2023-09-20,179.419998,177.559998,178.380005,160.072754
2023-09-21,178.330002,175.130005,175.380005,157.380646
2023-09-22,176.389999,174.369995,175.270004,157.281937
2023-09-25,175.440002,173.179993,174.330002,156.438416
2023-09-26,173.720001,171.639999,172.520004,154.814178
2023-09-27,172.690002,169.029999,169.570007,152.166916
2023-09-28,170.179993,168.179993,169.500000,152.104095
2023-09-29,170.839996,168.039993,169.440002,152.050262
2023-10-02,169.490005,167.320007,169.169998,151.807968
2023-10-03,170.000000,167.029999,167.699997,150.488815
2023-10-04,169.130005,167.059998,168.910004,151.574661
2023-10-05,168.809998,159.869995,160.100006,143.668854
2023-10-06,160.919998,155.830002,160.289993,143.839325
2023-10-09,161.419998,158.639999,161.360001,144.799515
2023-10-10,165.179993,162.029999,164.399994,147.527542
2023-10-11,165.440002,161.600006,162.619995,145.930206
2023-10-12,162.649994,157.429993,158.080002,141.856155
2023-10-13,160.240005,157.949997,160.000000,143.579086
2023-10-16,161.949997,159.800003,161.080002,144.548248
2023-10-17,161.630005,159.160004,160.369995,143.911118
2023-10-18,163.399994,160.869995,162.029999,145.400772
2023-10-19,162.720001,160.410004,160.559998,144.081604
2023-10-20,162.229996,159.710007,160.000000,143.579086
2023-10-23,161.600006,159.059998,160.080002,143.650879
2023-10-24,162.850006,159.679993,162.190002,145.544327
2023-10-25,163.500000,161.470001,162.350006,145.687897
2023-10-26,163.360001,161.300003,161.410004,144.844391
2023-10-27,162.139999,158.889999,159.619995,143.238068
2023-10-30,162.580002,160.740005,162.279999,145.625107
2023-10-31,163.350006,161.660004,163.279999,146.522446
2023-11-01,165.429993,162.759995,164.869995,147.949295
2023-11-02,167.160004,164.669998,166.830002,149.708130
2023-11-03,168.809998,166.690002,166.789993,149.672226
2023-11-06,167.500000,165.210007,166.699997,149.591476
2023-11-07,167.710007,166.119995,167.179993,150.022202
2023-11-08,168.339996,166.660004,167.389999,150.210632
2023-11-09,167.860001,165.809998,166.160004,149.106903
2023-11-10,167.779999,164.860001,166.919998,149.788910
2023-11-13,168.779999,166.460007,167.770004,150.551666
2023-11-14,168.440002,166.889999,168.110001,150.856750
2023-11-15,168.789993,166.270004,167.250000,150.085022
2023-11-16,170.000000,166.399994,167.710007,150.497833
2023-11-17,168.250000,165.770004,166.759995,149.645325
2023-11-20,166.770004,165.720001,166.520004,149.429947
2023-11-21,167.860001,165.919998,167.800003,150.578568
2023-11-22,169.570007,168.300003,169.220001,151.852829
2023-11-24,170.020004,168.949997,169.369995,151.987457
2023-11-27,169.699997,168.089996,168.320007,151.045212
2023-11-28,169.759995,168.020004,168.860001,151.529800
2023-11-29,169.119995,166.649994,167.160004,150.004242
2023-11-30,168.360001,164.820007,168.289993,152.169861
2023-12-01,168.850006,167.380005,168.690002,152.531540
2023-12-04,169.919998,168.190002,169.139999,152.938416
2023-12-05,169.570007,167.710007,167.940002,151.853363
2023-12-06,168.320007,166.729996,167.509995,151.464569
2023-12-07,168.300003,166.699997,167.460007,151.419373
2023-12-08,167.119995,165.270004,165.679993,149.809860
2023-12-11,168.130005,166.460007,167.820007,151.744873
2023-12-12,169.279999,167.710007,168.470001,152.332626
2023-12-13,172.050003,168.119995,172.009995,155.533493
2023-12-14,171.970001,167.940002,168.250000,152.133667
2023-12-15,168.509995,166.449997,167.000000,151.003418
2023-12-18,170.250000,167.410004,168.910004,152.730453
2023-12-19,168.830002,167.309998,167.949997,151.862411
2023-12-20,167.470001,165.669998,165.690002,149.818924
2023-12-21,167.100006,165.389999,166.970001,150.976303
2023-12-22,168.169998,166.860001,167.679993,151.618271
2023-12-26,169.419998,167.250000,168.860001,152.685242
2023-12-27,169.490005,168.360001,169.399994,153.173523
2023-12-28,169.539993,168.699997,169.389999,153.164490
2023-12-29,170.070007,169.169998,169.839996,153.571350
2024-01-02,172.990005,169.190002,172.910004,156.347305
2024-01-03,175.199997,172.699997,172.949997,156.383484
2024-01-04,173.529999,170.580002,171.470001,155.045258
2024-01-05,171.570007,167.559998,168.940002,152.757584
2024-01-08,169.729996,167.789993,169.110001,152.911331
2024-01-09,167.889999,165.929993,167.169998,151.157120
2024-01-10,167.960007,166.199997,166.919998,150.931091
2024-01-11,167.139999,164.820007,166.130005,150.216766
2024-01-12,167.380005,165.570007,167.270004,151.247559
2024-01-16,167.520004,165.190002,166.169998,150.252914
2024-01-17,166.729996,165.440002,166.440002,150.497055
2024-01-18,167.279999,164.990005,167.169998,151.157120
2024-01-19,167.240005,165.570007,165.779999,149.900269
2024-01-22,166.710007,165.020004,165.110001,149.294449
2024-01-23,167.929993,164.360001,167.639999,151.582092
2024-01-24,167.740005,165.520004,165.600006,149.737534
2024-01-25,166.600006,164.940002,166.559998,150.605545
2024-01-26,168.029999,166.600006,167.860001,151.781036
2024-01-29,168.699997,167.389999,168.149994,152.043243
2024-01-30,169.699997,167.320007,169.619995,153.372437
2024-01-31,170.380005,167.880005,168.529999,152.386841
2024-02-01,171.800003,167.169998,171.699997,155.253220
2024-02-02,171.960007,170.100006,170.970001,154.593109
2024-02-05,171.580002,169.050003,170.919998,154.547943
2024-02-06,171.830002,169.940002,171.419998,155.000031
2024-02-07,172.899994,171.380005,171.470001,155.045258
2024-02-08,174.100006,171.410004,173.850006,157.197266
2024-02-09,171.389999,166.970001,167.669998,151.609207
2024-02-12,171.070007,167.199997,170.610001,154.267639
2024-02-13,171.449997,167.240005,168.880005,152.703308
2024-02-14,168.639999,166.059998,167.520004,151.473618
2024-02-15,168.369995,166.679993,167.860001,151.781036
2024-02-16,167.410004,165.679993,166.320007,150.388535
2024-02-20,169.520004,167.190002,168.649994,152.495361
2024-02-21,170.179993,167.860001,168.830002,152.658127
2024-02-22,168.830002,166.100006,168.250000,152.133667
2024-02-23,170.250000,167.800003,169.600006,153.354370
2024-02-26,169.419998,167.710007,168.259995,152.142731
2024-02-27,168.220001,167.350006,168.160004,152.052322
2024-02-28,168.500000,166.449997,167.029999,151.030518
2024-02-29,166.679993,164.910004,165.339996,150.643326
2024-03-01,165.000000,163.250000,164.589996,149.959976
2024-03-04,165.649994,163.600006,165.369995,150.670624
2024-03-05,165.500000,161.809998,162.039993,147.636612
2024-03-06,163.990005,162.039993,163.000000,148.511307
2024-03-07,163.899994,162.500000,163.110001,148.611526
2024-03-08,164.199997,162.089996,163.050003,148.556854
2024-03-11,165.419998,163.309998,164.729996,150.087540
2024-03-12,165.419998,163.960007,164.539993,149.914413
2024-03-13,166.139999,164.740005,165.300003,150.606888
2024-03-14,166.259995,164.199997,164.779999,150.133087
2024-03-15,165.380005,163.639999,164.660004,150.023773
2024-03-18,172.179993,166.949997,171.259995,156.037079
2024-03-19,172.649994,171.000000,171.800003,156.529099
2024-03-20,173.100006,171.119995,171.860001,156.583786
2024-03-21,173.419998,171.050003,172.449997,157.121292
2024-03-22,173.100006,171.759995,172.020004,156.729553
2024-03-25,173.089996,172.110001,172.600006,157.257965
2024-03-26,172.970001,171.820007,172.729996,157.376434
2024-03-27,174.690002,173.050003,173.570007,158.141785
2024-03-28,175.809998,174.369995,175.009995,159.453796
2024-04-01,176.229996,172.649994,172.979996,157.604202
2024-04-02,173.869995,171.360001,171.440002,156.201111
2024-04-03,170.919998,168.699997,169.679993,154.597534
2024-04-04,171.779999,169.330002,169.649994,154.570221
2024-04-05,169.970001,168.070007,169.139999,154.105545
2024-04-08,170.050003,168.740005,169.580002,154.506424
2024-04-09,170.720001,168.729996,170.610001,155.444916
2024-04-10,169.630005,167.770004,168.949997,153.932404
2024-04-11,169.869995,167.770004,168.360001,153.394867
2024-04-12,168.509995,167.320007,168.100006,153.157974
2024-04-15,169.350006,166.029999,166.949997,152.110184
2024-04-16,168.509995,166.889999,167.500000,152.611313
2024-04-17,169.699997,168.210007,169.479996,154.415314
2024-04-18,172.679993,170.100006,172.270004,156.957352
2024-04-19,174.270004,171.800003,174.130005,158.651978
2024-04-22,177.199997,174.029999,176.460007,160.774887
2024-04-23,174.880005,170.139999,171.220001,156.000671
2024-04-24,178.089996,167.649994,177.410004,161.640442
2024-04-25,180.630005,175.820007,176.679993,160.975327
2024-04-26,178.570007,174.339996,175.580002,159.973114
2024-04-29,176.320007,175.020004,176.139999,160.483337
2024-04-30,176.470001,174.839996,175.910004,160.273773
2024-05-01,176.229996,173.660004,175.149994,159.581329
2024-05-02,176.320007,174.550003,175.449997,159.854660
2024-05-03,176.490005,175.000000,176.149994,160.492432
2024-05-06,176.759995,175.130005,175.820007,160.191772
2024-05-07,178.149994,176.509995,178.020004,162.196228
2024-05-08,178.880005,177.190002,177.410004,161.640442
2024-05-09,178.429993,177.089996,178.059998,162.232681
2024-05-10,180.160004,177.610001,179.789993,163.808884
2024-05-13,181.350006,179.850006,180.899994,164.820221
2024-05-14,181.279999,178.600006,179.869995,163.881790
2024-05-15,180.399994,179.000000,179.460007,163.508255
2024-05-16,183.410004,179.460007,183.110001,166.833786
2024-05-17,182.960007,181.830002,182.190002,165.995544
2024-05-20,182.130005,179.910004,180.309998,164.282623
2024-05-21,181.580002,179.800003,181.080002,164.984238
2024-05-22,182.130005,179.979996,182.089996,165.904434
2024-05-23,181.889999,179.039993,179.270004,163.335129
2024-05-24,179.419998,177.869995,177.990005,162.168915
2024-05-28,176.279999,171.899994,173.380005,157.968689
2024-05-29,173.179993,170.720001,171.149994,155.936874
2024-05-30,171.710007,170.399994,170.479996,155.326431
2024-05-31,172.970001,169.520004,172.899994,157.531296
2024-06-03,172.899994,171.029999,171.229996,156.009750
2024-06-04,174.389999,170.820007,173.889999,158.433319
2024-06-05,173.970001,171.960007,173.490005,158.068863
2024-06-06,174.399994,172.679993,173.199997,157.804657
2024-06-07,172.509995,170.750000,171.039993,157.065430
2024-06-10,170.369995,165.619995,165.899994,152.345367
2024-06-11,165.460007,163.509995,165.070007,151.583206
2024-06-12,165.330002,162.440002,163.830002,150.444519
2024-06-13,163.559998,161.539993,163.330002,149.985382
2024-06-14,164.389999,162.529999,163.809998,150.426147
2024-06-17,166.410004,162.789993,166.139999,152.565765
2024-06-18,167.070007,165.250000,166.479996,152.877991
2024-06-20,167.639999,165.729996,166.679993,153.061661
2024-06-21,169.070007,166.449997,167.279999,153.612640
2024-06-24,169.610001,167.089996,168.080002,154.347275
2024-06-25,168.960007,167.250000,167.350006,153.676910
2024-06-26,167.009995,164.850006,166.740005,153.116760
2024-06-27,167.250000,165.270004,166.259995,152.675980
2024-06-28,166.220001,164.619995,164.929993,151.454651
2024-07-01,166.059998,162.580002,162.889999,149.581299
2024-07-02,164.470001,162.320007,163.580002,150.214951
2024-07-03,164.130005,161.960007,162.600006,149.315018
2024-07-05,164.520004,162.470001,164.389999,150.958755
2024-07-08,163.750000,161.919998,162.119995,148.874237
2024-07-09,162.559998,161.500000,161.899994,148.672195
2024-07-10,163.770004,160.660004,163.589996,150.224121
2024-07-11,164.889999,158.029999,163.949997,150.554688
2024-07-12,168.029999,164.960007,166.380005,152.786194
2024-07-15,166.300003,163.649994,163.860001,150.472076
2024-07-16,165.039993,162.839996,164.759995,151.298538
2024-07-17,170.070007,165.889999,169.889999,156.009384
2024-07-18,172.669998,168.389999,170.369995,156.450180
2024-07-19,170.490005,168.470001,169.360001,155.522690
2024-07-22,169.710007,167.350006,167.660004,153.961594
2024-07-23,168.360001,166.179993,166.279999,152.694366
2024-07-24,168.669998,164.949997,168.169998,154.429932
2024-07-25,173.490005,168.860001,171.020004,157.047089
2024-07-26,172.759995,170.729996,172.750000,158.635712
2024-07-29,173.490005,170.850006,173.210007,159.058151
2024-07-30,173.449997,171.550003,173.179993,159.030563
2024-07-31,174.690002,172.259995,172.669998,158.562271
2024-08-01,175.559998,172.500000,174.960007,160.665146
2024-08-02,179.949997,173.839996,178.039993,163.493515
2024-08-05,180.910004,173.160004,174.039993,159.820312
2024-08-06,176.210007,172.360001,172.490005,158.396988
2024-08-07,174.389999,171.330002,171.789993,157.754150
2024-08-08,173.000000,169.809998,172.369995,158.286758
2024-08-09,172.779999,170.389999,172.389999,158.305145
2024-08-12,172.869995,170.710007,171.419998,157.414368
2024-08-13,172.419998,170.220001,172.369995,158.286758
2024-08-14,174.339996,171.929993,173.710007,159.517303
2024-08-15,174.300003,171.830002,172.520004,158.424530
2024-08-16,172.779999,171.110001,172.619995,158.516342
2024-08-19,173.979996,172.440002,173.820007,159.618286
2024-08-20,176.029999,172.500000,175.850006,161.482452
2024-08-21,176.820007,174.619995,175.210007,160.894730
2024-08-22,176.080002,174.699997,175.740005,161.381424
2024-08-23,176.679993,173.669998,175.869995,161.500793
2024-08-26,176.839996,175.729996,175.970001,161.592651
2024-08-27,176.880005,174.520004,175.300003,160.977371
2024-08-28,175.740005,173.350006,173.919998,159.710144
2024-08-29,173.960007,171.910004,172.089996,158.029633
2024-08-30,173.559998,171.250000,172.880005,158.755112
2024-09-03,177.889999,171.880005,177.539993,163.034348
2024-09-04,179.649994,176.289993,178.520004,163.934296
2024-09-05,179.729996,177.520004,179.300003,164.650574
2024-09-06,178.580002,177.000000,177.339996,164.090775
2024-09-09,178.789993,175.860001,178.190002,164.877258
2024-09-10,179.100006,177.639999,177.809998,164.525635
2024-09-11,177.750000,174.429993,175.779999,162.647308
2024-09-12,177.690002,173.949997,177.250000,164.007477
2024-09-13,177.960007,176.369995,177.360001,164.109253
2024-09-16,179.429993,176.350006,177.210007,163.970490
2024-09-17,178.089996,176.300003,176.869995,163.655869
2024-09-18,178.059998,174.429993,175.210007,162.119904
2024-09-19,176.220001,174.149994,174.660004,161.610992
2024-09-20,173.770004,170.220001,171.179993,158.390976
2024-09-23,173.940002,170.729996,172.110001,159.251511
2024-09-24,171.600006,169.500000,169.919998,157.225128
2024-09-25,170.770004,168.759995,169.399994,156.743988
2024-09-26,171.000000,168.679993,169.690002,157.012299
2024-09-27,171.649994,169.679993,170.000000,157.299149
2024-09-30,171.740005,169.580002,170.050003,157.345398
2024-10-01,171.940002,169.770004,171.380005,158.576065
2024-10-02,171.740005,168.520004,169.550003,156.882736
2024-10-03,169.110001,167.169998,168.529999,155.938950
2024-10-04,168.500000,166.820007,167.970001,155.420792
2024-10-07,167.929993,166.460007,167.210007,154.717590
2024-10-08,170.649994,166.850006,170.419998,157.687775
2024-10-09,173.279999,169.100006,172.539993,159.649368
2024-10-10,173.059998,171.220001,172.990005,160.065750
2024-10-11,175.179993,172.869995,174.809998,161.749786
2024-10-14,176.270004,174.440002,176.100006,162.943420
2024-10-15,177.389999,175.119995,175.899994,162.758347
2024-10-16,175.330002,173.630005,174.479996,161.444412
2024-10-17,175.470001,173.699997,174.669998,161.620239
2024-10-18,175.330002,172.119995,175.059998,161.981079
2024-10-21,177.500000,174.350006,175.009995,161.934845
2024-10-22,174.949997,173.509995,174.369995,161.342651
2024-10-23,173.839996,172.470001,172.949997,160.028748
2024-10-24,173.539993,171.699997,172.160004,159.297760
2024-10-25,174.000000,171.600006,171.789993,158.955399
2024-10-28,172.979996,169.729996,169.839996,157.151077
2024-10-29,169.199997,166.970001,167.500000,154.985901
2024-10-30,167.639999,166.080002,166.210007,153.792282
2024-10-31,167.500000,165.809998,166.080002,153.672012
2024-11-01,166.250000,165.210007,165.589996,153.218613
2024-11-04,166.649994,165.190002,166.339996,153.912552
2024-11-05,167.960007,165.669998,167.850006,155.309753
2024-11-06,167.410004,163.600006,164.710007,152.404358
2024-11-07,164.899994,163.470001,164.000000,151.747406
2024-11-08,165.820007,163.649994,165.110001,152.774475
2024-11-11,166.149994,163.979996,164.259995,151.987961
2024-11-12,165.000000,163.149994,164.339996,152.062012
2024-11-13,164.800003,162.369995,164.740005,152.432129
2024-11-14,166.889999,163.830002,165.149994,152.811493
2024-11-15,164.380005,158.050003,158.619995,146.769348
2024-11-18,159.850006,157.759995,158.330002,146.501022
2024-11-19,157.869995,155.850006,156.720001,145.011307
2024-11-20,159.110001,156.199997,158.740005,146.880386
2024-11-21,160.500000,157.949997,160.339996,148.360840
2024-11-22,162.059998,159.889999,162.000000,149.896835
2024-11-25,163.589996,162.000000,163.050003,150.868378
2024-11-26,163.679993,161.899994,162.160004,150.044876
2024-11-27,165.130005,161.679993,162.720001,150.563049
2024-11-29,163.589996,160.949997,163.449997,151.238480
2024-12-02,163.649994,161.759995,163.050003,150.868378
2024-12-03,163.050003,161.419998,161.699997,149.619247
2024-12-04,161.029999,159.410004,160.179993,148.212799
2024-12-05,161.009995,158.830002,160.490005,148.499664
2024-12-06,160.800003,157.690002,157.789993,147.244537
2024-12-09,161.500000,157.139999,159.470001,148.812241
2024-12-10,160.419998,157.350006,159.839996,149.157516
2024-12-11,160.509995,156.259995,156.770004,146.292694
2024-12-12,159.399994,157.970001,158.899994,148.280334
2024-12-13,159.570007,157.059998,157.970001,147.412491
2024-12-16,158.820007,155.880005,156.020004,145.592834
2024-12-17,158.500000,155.240005,156.139999,145.704803
2024-12-18,155.830002,154.110001,154.429993,144.109070
2024-12-19,154.080002,151.410004,151.470001,141.346909
2024-12-20,153.490005,150.509995,152.789993,142.578690
2024-12-23,152.410004,149.710007,151.289993,141.178955
2024-12-24,152.830002,150.410004,152.809998,142.597336
2024-12-26,153.179993,152.240005,152.440002,142.252075
2024-12-27,153.470001,151.259995,152.889999,142.671997
2024-12-30,153.089996,151.089996,151.720001,141.580200
2024-12-31,153.149994,150.940002,152.059998,141.897461
2025-01-02,153.660004,149.889999,150.210007,140.171127
2025-01-03,150.960007,149.559998,149.649994,139.648529
2025-01-06,149.949997,146.100006,146.270004,136.494431
2025-01-07,147.970001,145.339996,145.399994,135.682571
2025-01-08,146.669998,144.559998,146.539993,136.746368
2025-01-10,145.570007,141.509995,142.639999,133.107040
2025-01-13,145.139999,142.139999,144.500000,134.842728
2025-01-14,145.139999,143.559998,144.949997,135.262634
2025-01-15,146.199997,144.169998,144.779999,135.104004
2025-01-16,146.789993,143.690002,146.539993,136.746368
2025-01-17,148.619995,147.169998,148.250000,138.342102
2025-01-21,149.779999,147.770004,148.550003,138.622070
2025-01-22,149.449997,147.789993,148.089996,138.192795
2025-01-23,148.940002,146.610001,148.619995,138.687363
2025-01-24,149.309998,148.130005,149.119995,139.153976
2025-01-27,155.470001,150.899994,154.610001,144.277054
2025-01-28,154.610001,150.119995,150.250000,140.208435
2025-01-29,152.000000,150.229996,150.369995,140.320419
2025-01-30,153.080002,150.630005,151.899994,141.748184
2025-01-31,151.690002,150.270004,150.690002,140.619049
2025-02-03,151.130005,148.830002,150.270004,140.227112
2025-02-04,147.750000,143.000000,143.490005,133.900253
2025-02-05,145.789993,142.699997,145.660004,135.925201
2025-02-06,146.899994,143.960007,145.350006,135.635910
2025-02-07,145.149994,143.899994,144.580002,134.917374
2025-02-10,144.520004,143.009995,144.350006,134.702759
2025-02-11,145.720001,143.399994,145.639999,135.906555
2025-02-12,144.779999,143.029999,143.990005,134.366821
2025-02-13,144.940002,143.600006,144.580002,134.917374
2025-02-14,146.169998,143.330002,143.389999,133.806900
2025-02-18,144.149994,141.600006,144.100006,134.469452
2025-02-19,145.929993,144.149994,145.809998,136.065170
2025-02-20,149.190002,145.000000,149.100006,139.135330
2025-02-21,154.550003,148.899994,153.500000,143.241257
2025-02-24,156.320007,152.119995,153.850006,143.567841
2025-02-25,158.460007,154.000000,156.419998,145.966064
2025-02-26,155.610001,151.139999,151.509995,141.384247
2025-02-27,152.690002,149.929993,152.020004,141.860153
2025-02-28,155.100006,152.350006,153.470001,143.213242
2025-03-03,156.149994,150.500000,155.990005,145.564819
2025-03-04,160.149994,153.960007,154.190002,143.885132
2025-03-05,155.339996,152.729996,153.880005,143.595856
2025-03-06,154.970001,152.529999,154.610001,144.277054
2025-03-07,157.589996,152.770004,154.440002,145.392639
2025-03-10,160.080002,155.369995,156.250000,147.096588
2025-03-11,156.050003,151.809998,152.330002,143.406250
2025-03-12,149.529999,146.509995,148.169998,139.489944
2025-03-13,150.479996,148.059998,148.339996,139.649979
2025-03-14,149.160004,147.080002,148.589996,139.885330
2025-03-17,151.669998,149.130005,151.339996,142.474228
2025-03-18,151.300003,148.750000,148.990005,140.261917
2025-03-19,148.880005,146.789993,148.110001,139.433456
2025-03-20,148.070007,146.639999,147.149994,138.529694
2025-03-21,147.699997,144.750000,145.449997,136.929276
2025-03-24,146.720001,144.830002,146.449997,137.870697
2025-03-25,146.300003,144.830002,145.539993,137.014008
2025-03-26,149.330002,145.750000,148.639999,139.932388
2025-03-27,150.410004,149.089996,149.669998,140.902054
2025-03-28,151.380005,147.110001,149.270004,140.525513
2025-03-31,152.589996,149.750000,149.940002,141.156250
2025-04-01,150.789993,148.669998,149.669998,140.902054
2025-04-02,150.500000,148.070007,149.119995,140.384277
2025-04-03,154.050003,150.860001,151.369995,142.502472
2025-04-04,154.919998,146.440002,146.610001,138.021347
2025-04-07,146.100006,140.669998,143.190002,134.801682
2025-04-08,145.399994,139.149994,140.300003,132.080978
2025-04-09,145.949997,138.330002,145.589996,137.061081
2025-04-10,147.139999,142.919998,144.139999,135.696030
2025-04-11,145.289993,142.119995,144.429993,135.969025
2025-04-14,147.179993,143.500000,146.750000,138.153137
2025-04-15,145.979996,142.630005,142.839996,134.472168
2025-04-16,144.399994,139.770004,140.089996,131.883286
2025-04-17,143.570007,140.070007,142.839996,134.472168
2025-04-21,142.830002,140.570007,141.729996,133.427200
2025-04-22,144.279999,141.949997,143.460007,135.055878
2025-04-23,144.009995,140.850006,142.259995,133.926163
2025-04-24,141.850006,134.529999,135.309998,127.383308
2025-04-25,135.610001,131.800003,133.380005,125.566368
2025-04-28,135.410004,133.100006,133.759995,125.924110
2025-04-29,134.460007,131.520004,134.309998,126.441879
2025-04-30,136.179993,133.100006,135.580002,127.637474
2025-05-01,134.809998,133.240005,133.550003,125.726395
2025-05-02,134.399994,133.149994,133.750000,125.914680
2025-05-05,134.039993,131.699997,131.990005,124.257797
2025-05-06,131.899994,130.160004,130.740005,123.081032
2025-05-07,132.669998,130.270004,131.919998,124.191902
2025-05-08,132.979996,131.259995,131.429993,123.730583
2025-05-09,131.649994,130.179993,130.440002,122.798599
2025-05-12,132.330002,130.059998,131.679993,123.965950
2025-05-13,131.639999,129.750000,130.309998,122.676208
2025-05-14,130.169998,127.870003,128.449997,120.925171
2025-05-15,131.550003,128.809998,131.500000,123.796509
2025-05-16,132.259995,130.649994,131.979996,124.248383
2025-05-19,132.259995,131.110001,131.789993,124.069511
2025-05-20,132.169998,131.350006,131.800003,124.078926
2025-05-21,131.899994,130.059998,130.149994,122.525581
2025-05-22,130.699997,128.820007,130.119995,122.497322
2025-05-23,129.759995,127.750000,129.339996,121.763031
2025-05-27,131.460007,129.130005,131.369995,123.674110
2025-05-28,132.190002,130.470001,130.669998,123.015114
2025-05-29,132.070007,130.250000,131.919998,124.191902
2025-05-30,132.720001,131.289993,131.449997,123.749420
2025-06-02,131.029999,129.070007,130.910004,123.241058
2025-06-03,132.210007,129.809998,131.850006,124.125999
2025-06-04,132.740005,131.100006,131.740005,124.022446
2025-06-05,131.410004,130.210007,131.110001,123.429352
2025-06-06,130.669998,129.339996,130.029999,123.755798
2025-06-09,130.649994,129.179993,129.960007,123.689171
2025-06-10,132.119995,129.460007,131.830002,125.468941
2025-06-11,131.970001,129.789993,129.899994,123.632065
2025-06-12,132.330002,129.710007,132.300003,125.916267
2025-06-13,133.059998,130.589996,130.850006,124.536247
2025-06-16,132.089996,130.229996,131.410004,125.069214
2025-06-17,131.690002,129.130005,129.289993,123.051491
2025-06-18,129.679993,128.589996,129.070007,122.842133
2025-06-20,130.419998,128.899994,129.070007,122.842133
2025-06-23,129.500000,127.820000,129.089996,122.861145
2025-06-24,131.210007,129.050003,131.050003,124.726578
2025-06-25,130.589996,127.629997,128.020004,121.842789
2025-06-26,129.160004,127.599998,128.220001,122.033127
2025-06-27,131.339996,128.110001,131.039993,124.717049
2025-06-30,132.360001,130.589996,132.039993,125.668800
2025-07-01,136.389999,132.470001,135.259995,128.733429
2025-07-02,137.000000,134.880005,136.479996,129.894562
2025-07-03,136.830002,135.240005,135.380005,128.847656
2025-07-07,135.720001,133.679993,134.449997,127.962502
2025-07-08,135.669998,133.279999,135.039993,128.524048
2025-07-09,135.380005,132.960007,134.479996,127.991051
2025-07-10,136.679993,133.630005,136.080002,129.513870
2025-07-11,135.389999,133.809998,135.259995,128.733429
2025-07-14,135.880005,133.860001,135.570007,129.028488
2025-07-15,135.509995,133.750000,133.809998,127.353378
2025-07-16,135.509995,133.750000,135.350006,128.819107
2025-07-17,145.960007,141.639999,145.440002,138.422241
2025-07-18,146.350006,142.940002,143.240005,136.328400
2025-07-21,143.589996,140.460007,141.699997,134.862686
2025-07-22,146.399994,141.229996,146.039993,138.993286
2025-07-23,147.029999,145.089996,145.660004,138.631622
2025-07-24,146.470001,143.979996,144.509995,137.537094
2025-07-25,144.820007,142.699997,143.449997,136.528259
2025-07-28,143.100006,141.460007,141.570007,134.738983
2025-07-29,143.990005,141.130005,143.889999,136.947021
2025-07-30,144.399994,142.289993,142.860001,135.966721
2025-07-31,141.570007,137.639999,137.919998,131.265106
2025-08-01,139.809998,138.289993,139.279999,132.559448
2025-08-04,140.320007,138.750000,139.559998,132.825943
2025-08-05,140.350006,139.259995,139.449997,132.721252
2025-08-06,141.580002,139.360001,140.800003,134.006119
2025-08-07,144.309998,140.479996,143.919998,136.975555
2025-08-08,145.369995,143.800003,145.210007,138.203323
2025-08-11,145.600006,143.750000,144.869995,137.879745
2025-08-12,147.009995,144.720001,146.869995,139.783234
2025-08-13,149.539993,146.850006,149.350006,142.143570
2025-08-14,149.500000,148.050003,148.619995,141.448776
2025-08-15,151.100006,148.490005,150.399994,143.142899
2025-08-18,150.550003,148.919998,149.550003,142.333923
2025-08-19,152.320007,149.860001,152.160004,144.817963
2025-08-20,154.610001,148.690002,150.729996,143.456985
2025-08-21,150.320007,148.600006,148.979996,141.791412
2025-08-22,151.179993,149.089996,149.639999,142.419586
2025-08-25,148.820007,147.580002,148.199997,141.049057
2025-08-26,148.250000,145.809998,147.000000,139.906967
2025-08-27,147.789993,146.309998,147.639999,140.516083
2025-08-28,148.039993,146.229996,146.979996,139.887909
2025-08-29,149.220001,146.869995,148.649994,141.477341
2025-09-02,157.800003,150.210007,150.279999,143.028687
2025-09-03,150.460007,147.110001,148.639999,141.467804
2025-09-04,149.470001,146.449997,146.889999,139.802261
2025-09-05,147.880005,145.279999,146.389999,140.689331
2025-09-08,145.720001,140.350006,141.710007,136.191574
2025-09-09,143.630005,141.100006,143.100006,137.527451
2025-09-10,143.110001,141.419998,142.660004,137.104584
2025-09-11,144.750000,142.500000,144.229996,138.613419
2025-09-12,144.250000,142.899994,143.529999,137.940689
2025-09-15,143.529999,140.529999,140.639999,135.163239
2025-09-16,141.309998,139.910004,140.029999,134.576996
2025-09-17,142.039993,140.149994,141.229996,135.730255
2025-09-18,141.630005,140.389999,140.729996,135.249741
2025-09-19,142.080002,140.460007,141.759995,136.239609
2025-09-22,141.520004,139.940002,141.029999,135.538055
2025-09-23,142.229996,139.960007,141.899994,136.374161
2025-09-24,142.339996,141.009995,142.169998,136.633652
2025-09-25,143.419998,139.860001,139.919998,134.471268
2025-09-26,140.990005,139.850006,140.440002,134.971039
2025-09-29,140.669998,139.119995,140.169998,134.711548
2025-09-30,141.029999,139.830002,140.440002,134.971039
2025-10-01,143.369995,140.479996,143.139999,137.565872
2025-10-02,143.250000,141.369995,142.309998,136.768219
2025-10-03,143.360001,141.860001,141.979996,136.451050
2025-10-06,141.850006,138.880005,139.699997,134.259842
2025-10-07,141.839996,139.690002,140.789993,135.307388
2025-10-08,140.979996,138.690002,138.839996,133.433319
2025-10-09,144.740005,138.589996,144.710007,139.074753
2025-10-10,150.820007,145.000000,150.080002,144.235626
2025-10-13,149.979996,147.339996,148.889999,143.091965
2025-10-14,151.619995,148.500000,151.539993,145.638779
2025-10-15,152.389999,149.169998,151.160004,145.273590
2025-10-16,154.380005,152.289993,152.669998,146.724762
2025-10-17,153.910004,151.740005,153.710007,147.724274
2025-10-20,154.419998,152.720001,153.639999,147.656998
2025-10-21,155.190002,152.839996,153.179993,147.214905
2025-10-22,155.179993,152.710007,153.029999,147.070740
2025-10-23,153.399994,151.029999,151.509995,145.609940
2025-10-24,152.419998,151.270004,151.550003,145.648392
2025-10-27,152.869995,150.960007,152.630005,146.686325
2025-10-28,153.210007,149.919998,150.119995,144.274063
2025-10-29,148.660004,143.669998,146.160004,140.468277
2025-10-30,148.089996,146.250000,147.550003,141.804153
2025-10-31,147.000000,145.300003,146.089996,140.401016
2025-11-03,145.910004,143.250000,143.600006,138.007996
2025-11-04,144.929993,142.059998,142.899994,137.335236
2025-11-05,143.279999,141.580002,142.860001,137.296783
2025-11-06,143.210007,141.300003,141.580002,136.066635
2025-11-07,144.050003,141.649994,142.949997,137.383286
2025-11-10,143.020004,141.259995,142.619995,137.066132
2025-11-11,145.759995,142.679993,145.080002,139.430344
2025-11-12,145.500000,144.059998,144.389999,138.767197
2025-11-13,146.389999,143.649994,145.020004,139.372681
2025-11-14,146.839996,143.929993,145.850006,140.170364
2025-11-17,148.110001,145.220001,147.830002,142.073257
2025-11-18,149.830002,147.449997,148.770004,142.976624
2025-11-19,148.800003,146.690002,147.110001,141.381287
2025-11-20,147.080002,144.899994,146.100006,140.410629
2025-11-21,148.940002,145.979996,146.330002,140.631668
2025-11-24,146.339996,144.759995,145.500000,139.834000
2025-11-25,147.119995,145.570007,146.110001,140.420227
2025-11-26,148.470001,146.229996,147.979996,142.217407
2025-11-28,148.820007,147.229996,148.740005,142.947815
2025-12-01,149.820007,148.509995,149.509995,143.687820
2025-12-02,149.509995,146.529999,148.610001,142.822876
2025-12-03,150.699997,147.910004,148.059998,142.294296
2025-12-04,148.250000,146.130005,146.910004,141.189072
2025-12-05,145.800003,144.509995,145.020004,140.735870
2025-12-08,146.559998,144.199997,145.630005,141.327866
2025-12-09,147.559998,143.910004,144.639999,140.367096
2025-12-10,149.779999,147.000000,149.699997,145.277618
2025-12-11,150.889999,148.130005,149.039993,144.637100
2025-12-12,150.669998,148.740005,150.649994,146.199539
2025-12-15,151.699997,150.279999,151.220001,146.752716
2025-12-16,152.350006,149.990005,150.369995,145.927826
2025-12-17,151.240005,149.479996,150.080002,145.646393
2025-12-18,150.369995,149.250000,149.369995,144.957367
2025-12-19,149.889999,147.899994,148.160004,143.783112
2025-12-22,148.979996,146.410004,147.050003,142.705917
2025-12-23,147.190002,143.559998,143.679993,139.435455
2025-12-24,143.990005,142.949997,143.740005,139.493698
2025-12-26,143.940002,143.089996,143.779999,139.532501
2025-12-29,145.050003,143.600006,144.240005,139.978928
2025-12-30,145.270004,143.919998,144.160004,139.901291
2025-12-31,144.029999,143.160004,143.520004,139.280197
2026-01-02,143.410004,142.100006,142.229996,138.028305
2026-01-05,141.809998,139.399994,139.919998,135.786530
2026-01-06,140.059998,138.570007,138.960007,134.854904
2026-01-07,139.830002,136.960007,137.009995,132.962509
2026-01-08,139.479996,136.009995,139.369995,135.252792
2026-01-09,140.789993,138.699997,139.910004,135.776840
2026-01-12,141.509995,138.559998,141.360001,137.183990
2026-01-13,143.649994,141.039993,143.479996,139.241364
2026-01-14,146.300003,143.139999,145.919998,141.609299
2026-01-15,147.020004,145.529999,146.570007,142.240097
2026-01-16,147.550003,145.509995,146.320007,141.997482
2026-01-20,147.660004,144.320007,147.660004,143.297882
2026-01-21,148.009995,144.940002,146.740005,142.405075
2026-01-22,147.130005,144.169998,144.399994,140.134201
2026-01-23,144.839996,143.059998,144.580002,140.308868
2026-01-26,145.919998,144.139999,145.869995,141.560745
2026-01-27,148.820007,145.330002,148.779999,144.384796
2026-01-28,150.039993,147.759995,148.500000,144.113068
2026-01-29,150.860001,148.440002,148.690002,144.297455
2026-01-30,153.889999,148.589996,153.630005,149.091522
2026-02-02,156.619995,153.190002,155.199997,150.615128
2026-02-03,163.440002,155.500000,162.850006,158.039154
2026-02-04,167.940002,164.169998,166.179993,161.270767
2026-02-05,168.009995,165.250000,167.529999,162.580887
2026-02-06,170.750000,167.259995,170.490005,165.453461
2026-02-09,169.929993,164.940002,166.470001,161.552200
2026-02-10,167.410004,163.740005,166.970001,162.037430
2026-02-11,170.270004,166.020004,169.149994,164.153030
2026-02-12,171.479996,167.089996,167.199997,162.260651
2026-02-13,167.880005,165.000000,165.940002,161.037888
2026-02-17,167.539993,160.809998,161.919998,157.136627
2026-02-18,164.529999,160.630005,164.389999,159.533646
2026-02-19,165.050003,163.130005,164.589996,159.727753
2026-02-20,164.970001,163.020004,164.940002,160.067413
2026-02-23,168.809998,164.240005,168.320007,163.347565
2026-02-24,169.789993,167.770004,169.539993,164.531509
2026-02-25,169.500000,166.000000,169.169998,164.172440
2026-02-26,170.059998,167.160004,167.580002,162.629410
2026-02-27,170.279999,167.820007,169.740005,164.725601
2026-03-02,169.539993,167.139999,167.279999,162.338272
2026-03-03,167.220001,163.669998,164.910004,160.038300
2026-03-04,165.929993,163.369995,163.919998,159.077530
2026-03-05,163.399994,160.160004,160.699997,155.952652
2026-03-06,159.529999,156.089996,159.429993,156.102463
2026-03-09,162.429993,158.100006,161.529999,158.158630
2026-03-10,162.860001,159.589996,160.779999,157.424286
2026-03-11,160.910004,157.889999,160.149994,156.807434
2026-03-12,161.539993,158.690002,158.860001,155.544357
2026-03-13,161.509995,159.240005,159.880005,156.543076
2026-03-16,161.580002,157.539993,157.720001,154.428162
2026-03-17,159.110001,156.289993,156.500000,153.233627
2026-03-18,156.119995,153.289993,153.539993,150.335388
2026-03-19,154.679993,152.660004,152.740005,149.552094
2026-03-20,153.410004,149.339996,150.039993,146.908447
2026-03-23,152.300003,149.940002,150.880005,147.730927
2026-03-24,152.580002,150.199997,150.589996,147.446976
2026-03-25,151.839996,149.029999,151.729996,148.563171
2026-03-26,153.149994,150.669998,150.830002,147.681961
2026-03-27,154.539993,150.470001,153.039993,149.845840
2026-03-30,158.389999,153.369995,156.820007,153.546951
2026-03-31,157.669998,154.169998,155.289993,152.048874
2026-04-01,155.149994,153.259995,154.649994,151.422226
2026-04-02,157.059998,154.220001,157.009995,153.732956
2026-04-06,156.860001,155.399994,156.729996,153.458801
2026-04-07,156.539993,152.570007,153.210007,150.012299
2026-04-08,154.820007,151.750000,154.800003,151.569092
2026-04-09,158.009995,153.250000,157.490005,154.202957
2026-04-10,157.789993,156.330002,157.059998,153.781937
2026-04-13,157.029999,154.949997,155.880005,152.626556
2026-04-14,156.630005,154.289993,155.720001,152.469894
2026-04-15,155.759995,153.339996,154.850006,151.618073
2026-04-16,159.789993,154.259995,158.380005,155.074387
2026-04-17,160.029999,156.470001,157.669998,154.379196
2026-04-20,158.839996,155.839996,156.990005,153.713394
2026-04-21,157.039993,153.729996,154.919998,151.686584
2026-04-22,157.220001,153.550003,153.789993,150.580170
2026-04-23,156.610001,154.570007,155.699997,152.450317
2026-04-24,156.279999,154.660004,155.440002,152.195740
2026-04-27,156.649994,154.000000,154.100006,150.883713
2026-04-28,158.110001,155.320007,156.289993,153.028000
2026-04-29,156.490005,153.479996,155.289993,152.048874
2026-04-30,159.000000,155.279999,158.490005,155.182083
2026-05-01,160.000000,156.429993,157.410004,154.124619
2026-05-04,156.729996,153.669998,154.589996,151.363480
2026-05-05,156.309998,152.539993,155.039993,151.804077
2026-05-06,156.929993,154.869995,155.960007,152.704895
2026-05-07,157.350006,154.880005,156.289993,153.028000
2026-05-08,157.300003,154.380005,154.619995,151.392853
2026-05-11,154.699997,149.059998,149.410004,146.291595
2026-05-12,152.720001,148.360001,151.850006,148.680679
2026-05-13,153.240005,148.960007,149.270004,146.154526
2026-05-14,149.990005,148.149994,148.669998,145.567047
2026-05-15,150.110001,148.190002,149.119995,146.007645
2026-05-18,150.119995,147.479996,149.059998,145.948914
2026-05-19,152.570007,148.970001,150.369995,147.231552
2026-05-20,150.649994,148.389999,149.289993,146.174088
2026-05-21,149.669998,146.380005,148.850006,145.743286
2026-05-22,150.839996,148.539993,150.570007,147.427399
2026-05-26,150.250000,145.500000,145.679993,142.639450
2026-05-27,148.910004,145.699997,147.740005,144.656464
2026-05-28,148.610001,145.619995,146.289993,143.236710
2026-05-29,146.770004,143.550003,144.190002,141.180542
2026-06-01,144.110001,141.320007,141.520004,138.566284
2026-06-02,142.889999,140.809998,142.000000,139.036255
2026-06-03,143.679993,141.770004,142.539993,139.564972
2026-06-04,145.699997,141.210007,142.149994,139.183121
2026-06-05,144.339996,141.210007,141.919998,140.419907
2026-06-08,141.860001,139.259995,140.679993,139.193008
2026-06-09,144.300003,140.850006,142.779999,141.270828
2026-06-10,145.449997,143.000000,144.320007,142.794556
2026-06-11,145.399994,143.570007,143.729996,142.210785
2026-06-12,144.360001,142.410004,144.270004,142.745087
2026-06-15,146.770004,142.809998,146.250000,144.704147
2026-06-16,147.639999,145.029999,146.119995,144.575516
2026-06-17,145.869995,140.850006,141.589996,140.093399
2026-06-18,142.729996,141.039993,142.020004,140.518860
2026-06-22,142.490005,140.479996,140.710007,139.222717
2026-06-23,143.679993,140.869995,142.050003,140.548538
2026-06-24,143.740005,141.669998,142.270004,140.766220
2026-06-25,143.100006,139.369995,139.520004,138.045288
2026-06-26,142.139999,140.199997,141.389999,139.895523
2026-06-29,142.369995,137.529999,138.679993,137.214157
2026-06-30,139.139999,134.940002,135.399994,133.968826
2026-07-01,141.339996,136.610001,141.160004,139.667953
2026-07-02,144.740005,142.160004,144.220001,142.695602
2026-07-06,144.699997,141.380005,143.289993,141.775421
2026-07-07,149.039993,144.539993,144.979996,143.447571
2026-07-08,146.000000,142.440002,142.509995,141.003677
2026-07-09,138.740005,134.690002,137.860001,136.402832
2026-07-10,137.960007,135.309998,137.380005,135.927902
2026-07-13,140.250000,137.750000,138.490005,137.026169
2026-07-14,138.789993,135.410004,135.449997,134.018295
2026-07-15,136.990005,134.649994,135.399994,133.968826
2026-07-16,139.619995,136.500000,139.429993,137.956223
2026-07-17,141.960007,136.179993,137.119995,135.670639
2026-07-20,137.589996,133.949997,135.460007,134.028198
2026-07-21,135.380005,134.270004,135.000000,133.573059
2026-07-22,136.360001,134.720001,135.649994,134.216187
2026-07-23,135.339996,133.729996,134.949997,133.523590
2026-07-24,137.130005,134.570007,136.639999,135.195724
2026-07-27,140.309998,137.009995,139.789993,138.312424
2026-07-28,145.429993,141.789993,142.860001,141.349976
2026-07-29,145.229996,142.580002,143.500000,141.983215
2026-07-30,142.520004,139.419998,140.199997,138.718094
2026-07-31,140.160004,138.380005,139.559998,138.084854
2026-08-03,141.550003,138.710007,139.630005,138.154129
2026-08-04,139.210007,137.130005,139.100006,137.629730
2026-08-05,140.270004,137.919998,138.779999,137.313110
2026-08-06,140.520004,137.139999,138.440002,136.976700
2026-08-07,139.490005,137.149994,139.020004,137.550568
2026-08-10,138.520004,137.179993,137.729996,136.274200
2026-08-11,138.509995,136.899994,138.410004,136.947021
2026-08-12,138.750000,136.729996,138.699997,137.233948
2026-08-13,140.830002,139.330002,140.619995,139.133652
2026-08-14,141.270004,140.119995,140.789993,139.301849
2026-08-17,139.889999,137.660004,138.240005,136.778824
2026-08-18,140.800003,139.050003,140.130005,138.648834
2026-08-19,143.630005,140.630005,142.580002,141.072937
2026-08-20,143.369995,141.110001,142.080002,140.578232
2026-08-21,143.559998,141.639999,143.479996,141.963425
2026-08-24,145.899994,144.380005,144.669998,143.140854
2026-08-25,143.869995,142.080002,142.270004,140.766220
2026-08-26,142.690002,141.220001,142.190002,140.687057
2026-08-27,141.089996,139.679993,139.720001,138.243164
2026-08-28,141.289993,139.990005,141.070007,139.578903
2026-08-31,141.039993,139.330002,140.339996,138.856613
2026-09-01,141.429993,139.369995,139.789993,138.312424
2026-09-02,141.710007,139.300003,140.520004,139.034714
2026-09-03,140.750000,138.580002,140.020004,138.540009
2026-09-04,139.470001,137.429993,137.630005,137.630005
2026-09-08,138.979996,137.000000,138.449997,138.449997
2026-09-09,138.119995,136.330002,136.690002,136.690002
2026-09-10,137.789993,136.479996,136.649994,136.649994
2026-09-11,137.490005,136.039993,136.320007,136.320007
2026-09-14,138.800003,136.149994,136.339996,136.339996
2026-09-15,136.029999,134.750000,135.500000,135.500000
2026-09-16,136.050003,134.240005,134.339996,134.339996
2026-09-17,134.910004,132.929993,133.660004,133.660004
2026-09-18,132.300003,129.550003,129.750000,129.750000
2026-09-21,130.220001,127.980003,129.589996,129.589996
2026-09-22,131.410004,129.929993,131.190002,131.190002
2026-09-23,131.389999,129.220001,130.179993,130.179993
2026-09-24,131.190002,128.110001,128.149994,128.149994
2026-09-25,128.720001,126.900002,128.630005,128.630005
2026-09-28,128.750000,126.720001,128.500000,128.500000
2026-09-29,128.940002,126.419998,128.690002,128.690002
2026-09-30,129.979996,126.699997,126.720001,126.720001
2026-10-01,127.309998,125.525002,125.599998,125.599998
