date,high,low,close,adjclose
1995-05-09,0.839844,0.804688,0.812500,0.595962
1995-05-10,0.839844,0.792969,0.832031,0.610288
1995-05-11,0.878906,0.828125,0.875000,0.641805
1995-05-12,0.937500,0.863281,0.910156,0.667592
1995-05-15,0.984375,0.910156,0.949219,0.696244
1995-05-16,0.957031,0.921875,0.935547,0.686216
1995-05-17,0.941406,0.902344,0.910156,0.667592
1995-05-18,0.921875,0.902344,0.912109,0.669024
1995-05-19,0.925781,0.902344,0.910156,0.667592
1995-05-22,0.941406,0.902344,0.933594,0.684784
1995-05-23,0.964844,0.937500,0.960938,0.704840
1995-05-24,0.976563,0.957031,0.968750,0.710570
1995-05-25,0.976563,0.964844,0.972656,0.713435
1995-05-26,0.972656,0.945313,0.949219,0.696244
1995-05-30,0.953125,0.898438,0.906250,0.664727
1995-05-31,0.910156,0.902344,0.908203,0.666159
1995-06-01,0.941406,0.867188,0.925781,0.679052
1995-06-02,0.964844,0.902344,0.953125,0.699109
1995-06-05,1.003906,0.949219,0.992188,0.727762
1995-06-06,1.000000,0.968750,0.972656,0.713435
1995-06-07,1.011719,0.953125,1.007813,0.739223
1995-06-08,1.058594,1.003906,1.050781,0.770739
1995-06-09,1.078125,1.046875,1.054688,0.773605
1995-06-12,1.058594,1.031250,1.054688,0.773605
1995-06-13,1.070313,1.042969,1.058594,0.776470
1995-06-14,1.085938,1.046875,1.066406,0.782200
1995-06-15,1.101563,1.066406,1.082031,0.793661
1995-06-16,1.093750,1.058594,1.062500,0.779335
1995-06-19,1.113281,1.066406,1.105469,0.810852
1995-06-20,1.117188,1.074219,1.085938,0.796526
1995-06-21,1.093750,1.074219,1.089844,0.799391
1995-06-22,1.164063,1.085938,1.140625,0.836639
1995-06-23,1.156250,1.132813,1.148438,0.842370
1995-06-26,1.160156,1.140625,1.144531,0.839504
1995-06-27,1.148438,1.105469,1.113281,0.816582
1995-06-28,1.109375,1.082031,1.089844,0.799391
1995-06-29,1.113281,1.089844,1.107422,0.812285
1995-06-30,1.117188,1.101563,1.113281,0.816582
1995-07-03,1.121094,1.105469,1.109375,0.813718
1995-07-05,1.140625,1.105469,1.123047,0.823746
1995-07-06,1.199219,1.125000,1.195313,0.876752
1995-07-07,1.242188,1.183594,1.232422,0.903971
1995-07-10,1.234375,1.152344,1.175781,0.862426
1995-07-11,1.179688,1.152344,1.158203,0.849533
1995-07-12,1.187500,1.144531,1.185547,0.869589
1995-07-13,1.222656,1.179688,1.222656,0.896808
1995-07-14,1.218750,1.183594,1.183594,0.868156
1995-07-17,1.195313,1.179688,1.179688,0.865291
1995-07-18,1.183594,1.152344,1.156250,0.848100
1995-07-19,1.152344,1.113281,1.117188,0.819448
1995-07-20,1.132813,1.101563,1.117188,0.819448
1995-07-21,1.179688,1.089844,1.164063,0.853831
1995-07-24,1.210938,1.160156,1.210938,0.888213
1995-07-25,1.320313,1.203125,1.277344,0.936921
1995-07-26,1.289063,1.261719,1.269531,0.931191
1995-07-27,1.273438,1.253906,1.269531,0.931191
1995-07-28,1.269531,1.195313,1.210938,0.888213
1995-07-31,1.214844,1.156250,1.167969,0.856695
1995-08-01,1.238281,1.164063,1.230469,0.902539
1995-08-02,1.269531,1.230469,1.230469,0.902539
1995-08-03,1.230469,1.187500,1.203125,0.882482
1995-08-04,1.210938,1.191406,1.195313,0.876752
1995-08-07,1.207031,1.175781,1.177734,0.863858
1995-08-08,1.199219,1.175781,1.183594,0.868156
1995-08-09,1.195313,1.183594,1.187500,0.871021
1995-08-10,1.195313,1.183594,1.183594,0.868156
1995-08-11,1.191406,1.167969,1.175781,0.862426
1995-08-14,1.179688,1.152344,1.167969,0.856695
1995-08-15,1.218750,1.156250,1.210938,0.888213
1995-08-16,1.257813,1.214844,1.253906,0.919729
1995-08-17,1.269531,1.238281,1.246094,0.913999
1995-08-18,1.253906,1.238281,1.242188,0.911135
1995-08-21,1.257813,1.238281,1.246094,0.913999
1995-08-22,1.250000,1.230469,1.238281,0.908269
1995-08-23,1.250000,1.234375,1.250000,0.916865
1995-08-24,1.250000,1.238281,1.240234,0.909701
1995-08-25,1.250000,1.234375,1.246094,0.913999
1995-08-28,1.246094,1.218750,1.222656,0.896808
1995-08-29,1.222656,1.171875,1.187500,0.871021
1995-08-30,1.234375,1.179688,1.222656,0.896808
1995-08-31,1.269531,1.218750,1.250000,0.916865
1995-09-01,1.250000,1.230469,1.232422,0.903971
1995-09-05,1.257813,1.230469,1.253906,0.919729
1995-09-06,1.292969,1.246094,1.281250,0.939786
1995-09-07,1.343750,1.285156,1.308594,0.959843
1995-09-08,1.328125,1.304688,1.316406,0.965573
1995-09-11,1.351563,1.316406,1.347656,0.988494
1995-09-12,1.347656,1.320313,1.332031,0.977034
1995-09-13,1.371094,1.320313,1.355469,0.994225
1995-09-14,1.363281,1.339844,1.359375,0.997090
1995-09-15,1.355469,1.312500,1.312500,0.962708
1995-09-18,1.320313,1.289063,1.312500,0.962708
1995-09-19,1.355469,1.308594,1.347656,0.988494
1995-09-20,1.382813,1.355469,1.355469,0.994225
1995-09-21,1.363281,1.304688,1.312500,0.962708
1995-09-22,1.335938,1.296875,1.328125,0.974168
1995-09-25,1.332031,1.289063,1.304688,0.956978
1995-09-26,1.351563,1.296875,1.343750,0.985630
1995-09-27,1.343750,1.316406,1.316406,0.965573
1995-09-28,1.324219,1.316406,1.320313,0.968439
1995-09-29,1.371094,1.125000,1.183594,0.868156
1995-10-02,1.214844,1.160156,1.175781,0.862426
1995-10-03,1.187500,1.125000,1.125000,0.825178
1995-10-04,1.128906,1.074219,1.074219,0.787931
1995-10-05,1.132813,1.078125,1.121094,0.822313
1995-10-06,1.152344,1.121094,1.132813,0.830909
1995-10-09,1.136719,1.085938,1.093750,0.802257
1995-10-10,1.085938,1.058594,1.074219,0.787931
1995-10-11,1.144531,1.078125,1.132813,0.830909
1995-10-12,1.144531,1.125000,1.140625,0.836639
1995-10-13,1.156250,1.125000,1.140625,0.836639
1995-10-16,1.140625,1.109375,1.121094,0.822313
1995-10-17,1.140625,1.117188,1.132813,0.830909
1995-10-18,1.203125,1.132813,1.181641,0.866724
1995-10-19,1.207031,1.148438,1.191406,0.873886
1995-10-20,1.222656,1.187500,1.195313,0.876752
1995-10-23,1.203125,1.175781,1.199219,0.879617
1995-10-24,1.203125,1.187500,1.197266,0.878185
1995-10-25,1.214844,1.187500,1.189453,0.872454
1995-10-26,1.203125,1.179688,1.195313,0.876752
1995-10-27,1.214844,1.187500,1.207031,0.885347
1995-10-30,1.242188,1.203125,1.230469,0.902539
1995-10-31,1.242188,1.226563,1.226563,0.899674
1995-11-01,1.261719,1.214844,1.248047,0.915432
1995-11-02,1.269531,1.234375,1.242188,0.911135
1995-11-03,1.265625,1.238281,1.250000,0.916865
1995-11-06,1.269531,1.246094,1.253906,0.919729
1995-11-07,1.253906,1.230469,1.246094,0.913999
1995-11-08,1.250000,1.234375,1.250000,0.916865
1995-11-09,1.292969,1.246094,1.281250,0.939786
1995-11-10,1.281250,1.261719,1.269531,0.931191
1995-11-13,1.328125,1.269531,1.322266,0.969871
1995-11-14,1.347656,1.308594,1.316406,0.965573
1995-11-15,1.328125,1.308594,1.312500,0.962708
1995-11-16,1.410156,1.300781,1.390625,1.020011
1995-11-17,1.398438,1.339844,1.347656,0.988494
1995-11-20,1.367188,1.328125,1.332031,0.977034
1995-11-21,1.351563,1.316406,1.343750,0.985630
1995-11-22,1.406250,1.343750,1.375000,1.008551
1995-11-24,1.378906,1.363281,1.367188,1.002821
1995-11-27,1.371094,1.304688,1.304688,0.956978
1995-11-28,1.351563,1.304688,1.341797,0.984197
1995-11-29,1.378906,1.339844,1.355469,0.994225
1995-11-30,1.355469,1.308594,1.320313,0.968439
1995-12-01,1.316406,1.261719,1.296875,0.951247
1995-12-04,1.375000,1.289063,1.339844,0.982765
1995-12-05,1.398438,1.351563,1.390625,1.020011
1995-12-06,1.453125,1.382813,1.394531,1.022877
1995-12-07,1.460938,1.398438,1.437500,1.054394
1995-12-08,1.468750,1.406250,1.429688,1.048665
1995-12-11,1.453125,1.417969,1.421875,1.042933
1995-12-12,1.421875,1.390625,1.398438,1.025743
1995-12-13,1.414063,1.390625,1.398438,1.025743
1995-12-14,1.429688,1.351563,1.367188,1.002821
1995-12-15,1.382813,1.343750,1.351563,0.991360
1995-12-18,1.351563,1.281250,1.296875,0.951247
1995-12-19,1.304688,1.203125,1.226563,0.899674
1995-12-20,1.289063,1.195313,1.210938,0.888213
1995-12-21,1.242188,1.203125,1.218750,0.893943
1995-12-22,1.250000,1.218750,1.234375,0.905404
1995-12-26,1.273438,1.226563,1.250000,0.916865
1995-12-27,1.312500,1.250000,1.296875,0.951247
1995-12-28,1.320313,1.265625,1.289063,0.945517
1995-12-29,1.320313,1.281250,1.312500,0.962708
1996-01-02,1.312500,1.171875,1.218750,0.893943
1996-01-03,1.218750,1.078125,1.093750,0.802257
1996-01-04,1.125000,1.015625,1.062500,0.779335
1996-01-05,1.125000,1.054688,1.125000,0.825178
1996-01-08,1.125000,1.062500,1.101563,0.807987
1996-01-09,1.125000,1.054688,1.070313,0.785066
1996-01-10,1.101563,1.054688,1.066406,0.782200
1996-01-11,1.109375,1.070313,1.109375,0.813718
1996-01-12,1.125000,1.070313,1.093750,0.802257
1996-01-15,1.093750,1.031250,1.035156,0.759278
1996-01-16,1.070313,1.039063,1.062500,0.779335
1996-01-17,1.062500,1.046875,1.046875,0.767874
1996-01-18,1.062500,1.031250,1.035156,0.759278
1996-01-19,1.062500,1.031250,1.054688,0.773605
1996-01-22,1.039063,1.000000,1.039063,0.762144
1996-01-23,1.093750,1.031250,1.070313,0.785066
1996-01-24,1.070313,1.039063,1.062500,0.779335
1996-01-25,1.070313,0.953125,0.957031,0.701974
1996-01-26,0.976563,0.906250,0.968750,0.710570
1996-01-29,1.000000,0.968750,0.992188,0.727762
1996-01-30,1.054688,0.992188,1.023438,0.750683
1996-01-31,1.062500,1.015625,1.046875,0.767874
1996-02-01,1.125000,1.046875,1.109375,0.813718
1996-02-02,1.109375,1.054688,1.066406,0.782200
1996-02-05,1.070313,1.039063,1.054688,0.773605
1996-02-06,1.054688,1.015625,1.039063,0.762144
1996-02-07,1.039063,1.000000,1.007813,0.739223
1996-02-08,1.109375,1.007813,1.093750,0.802257
1996-02-09,1.101563,1.062500,1.078125,0.790796
1996-02-12,1.078125,1.039063,1.046875,0.767874
1996-02-13,1.062500,1.039063,1.039063,0.762144
1996-02-14,1.062500,1.007813,1.015625,0.744953
1996-02-15,1.039063,1.007813,1.015625,0.744953
1996-02-16,1.054688,1.015625,1.031250,0.756413
1996-02-20,1.046875,1.007813,1.031250,0.756413
1996-02-21,1.031250,1.015625,1.027344,0.753548
1996-02-22,1.085938,1.015625,1.078125,0.790796
1996-02-23,1.085938,1.070313,1.078125,0.790796
1996-02-26,1.101563,1.070313,1.085938,0.796526
1996-02-27,1.085938,1.007813,1.015625,0.744953
1996-02-28,1.078125,1.007813,1.054688,0.773605
1996-02-29,1.109375,1.046875,1.101563,0.807987
1996-03-01,1.156250,1.117188,1.117188,0.819448
1996-03-04,1.226563,1.125000,1.226563,0.899674
1996-03-05,1.226563,1.195313,1.203125,0.882482
1996-03-06,1.296875,1.203125,1.289063,0.945517
1996-03-07,1.304688,1.242188,1.257813,0.922595
1996-03-08,1.250000,1.195313,1.218750,0.893943
1996-03-11,1.250000,1.210938,1.234375,0.905404
1996-03-12,1.281250,1.218750,1.261719,0.925461
1996-03-13,1.343750,1.257813,1.328125,0.974168
1996-03-14,1.445313,1.328125,1.390625,1.020011
1996-03-15,1.460938,1.390625,1.421875,1.042933
1996-03-18,1.460938,1.414063,1.445313,1.060125
1996-03-19,1.453125,1.335938,1.367188,1.002821
1996-03-20,1.421875,1.359375,1.390625,1.020011
1996-03-21,1.414063,1.343750,1.375000,1.008551
1996-03-22,1.375000,1.343750,1.359375,0.997090
1996-03-25,1.375000,1.343750,1.351563,0.991360
1996-03-26,1.375000,1.320313,1.367188,1.002821
1996-03-27,1.437500,1.359375,1.367188,1.002821
1996-03-28,1.390625,1.343750,1.390625,1.020011
1996-03-29,1.476563,1.375000,1.457031,1.068720
1996-04-01,1.601563,1.531250,1.570313,1.151811
1996-04-02,1.585938,1.515625,1.554688,1.140351
1996-04-03,1.554688,1.507813,1.539063,1.128891
1996-04-04,1.640625,1.546875,1.625000,1.191924
1996-04-08,1.625000,1.546875,1.609375,1.180463
1996-04-09,1.640625,1.601563,1.625000,1.191924
1996-04-10,1.625000,1.578125,1.578125,1.157542
1996-04-11,1.585938,1.515625,1.554688,1.140351
1996-04-12,1.562500,1.523438,1.562500,1.146080
1996-04-15,1.601563,1.554688,1.585938,1.163272
1996-04-16,1.679688,1.593750,1.664063,1.220576
1996-04-17,1.710938,1.632813,1.632813,1.197655
1996-04-18,1.671875,1.640625,1.664063,1.220576
1996-04-19,1.679688,1.625000,1.625000,1.191924
1996-04-22,1.640625,1.570313,1.585938,1.163272
1996-04-23,1.640625,1.562500,1.640625,1.203385
1996-04-24,1.640625,1.585938,1.593750,1.169003
1996-04-25,1.835938,1.593750,1.828125,1.340914
1996-04-26,1.789063,1.710938,1.746094,1.280746
1996-04-29,1.757813,1.648438,1.710938,1.254959
1996-04-30,1.710938,1.664063,1.695313,1.243498
1996-05-01,1.765625,1.695313,1.757813,1.289342
1996-05-02,1.773438,1.703125,1.742188,1.277881
1996-05-03,1.750000,1.640625,1.726563,1.266420
1996-05-06,1.734375,1.671875,1.695313,1.243498
1996-05-07,1.687500,1.625000,1.648438,1.209115
1996-05-08,1.648438,1.562500,1.593750,1.169003
1996-05-09,1.734375,1.617188,1.734375,1.272150
1996-05-10,1.750000,1.703125,1.722656,1.263554
1996-05-13,1.765625,1.718750,1.757813,1.289342
1996-05-14,1.812500,1.742188,1.812500,1.329454
1996-05-15,1.812500,1.789063,1.804688,1.323724
1996-05-16,1.820313,1.789063,1.812500,1.329454
1996-05-17,1.851563,1.789063,1.791016,1.313695
1996-05-20,1.796875,1.773438,1.789063,1.312263
1996-05-21,1.789063,1.734375,1.750000,1.283611
1996-05-22,1.750000,1.703125,1.742188,1.277881
1996-05-23,1.750000,1.726563,1.734375,1.272150
1996-05-24,1.750000,1.734375,1.750000,1.283611
1996-05-28,1.757813,1.656250,1.695313,1.243498
1996-05-29,1.687500,1.617188,1.664063,1.220576
1996-05-30,1.710938,1.656250,1.695313,1.243498
1996-05-31,1.710938,1.671875,1.695313,1.243498
1996-06-03,1.695313,1.648438,1.671875,1.226306
1996-06-04,1.679688,1.625000,1.640625,1.203385
1996-06-05,1.742188,1.625000,1.710938,1.254959
1996-06-06,1.750000,1.648438,1.648438,1.209115
1996-06-07,1.664063,1.593750,1.632813,1.197655
1996-06-10,1.640625,1.578125,1.593750,1.169003
1996-06-11,1.714844,1.593750,1.710938,1.254959
1996-06-12,1.734375,1.687500,1.703125,1.249228
1996-06-13,1.695313,1.648438,1.671875,1.226306
1996-06-14,1.671875,1.578125,1.632813,1.197655
1996-06-17,1.648438,1.593750,1.601563,1.174733
1996-06-18,1.648438,1.593750,1.640625,1.203385
1996-06-19,1.671875,1.632813,1.664063,1.220576
1996-06-20,1.671875,1.634766,1.644531,1.206250
1996-06-21,1.656250,1.632813,1.648438,1.209115
1996-06-24,1.695313,1.632813,1.675781,1.229172
1996-06-25,1.695313,1.671875,1.679688,1.232037
1996-06-26,1.695313,1.640625,1.683594,1.234902
1996-06-27,1.703125,1.664063,1.687500,1.237767
1996-06-28,1.781250,1.695313,1.765625,1.295071
1996-07-01,1.828125,1.750000,1.812500,1.329454
1996-07-02,1.812500,1.757813,1.781250,1.306532
1996-07-03,1.867188,1.757813,1.812500,1.329454
1996-07-05,1.796875,1.757813,1.761719,1.292206
1996-07-08,1.757813,1.679688,1.683594,1.234902
1996-07-09,1.742188,1.695313,1.742188,1.277881
1996-07-10,1.742188,1.609375,1.640625,1.203385
1996-07-11,1.640625,1.562500,1.562500,1.146080
1996-07-12,1.625000,1.562500,1.585938,1.163272
1996-07-15,1.585938,1.492188,1.496094,1.097373
1996-07-16,1.546875,1.437500,1.507813,1.105968
1996-07-17,1.570313,1.523438,1.554688,1.140351
1996-07-18,1.601563,1.539063,1.562500,1.146080
1996-07-19,1.570313,1.468750,1.523438,1.117429
1996-07-22,1.578125,1.476563,1.562500,1.146080
1996-07-23,1.570313,1.500000,1.500000,1.100237
1996-07-24,1.484375,1.437500,1.445313,1.060125
1996-07-25,1.515625,1.445313,1.488281,1.091642
1996-07-26,1.695313,1.492188,1.671875,1.226306
1996-07-29,1.671875,1.632813,1.648438,1.209115
1996-07-30,1.671875,1.640625,1.664063,1.220576
1996-07-31,1.640625,1.601563,1.625000,1.191924
1996-08-01,1.757813,1.625000,1.718750,1.260689
1996-08-02,1.750000,1.718750,1.742188,1.277881
1996-08-05,1.804688,1.742188,1.757813,1.289342
1996-08-06,1.796875,1.742188,1.789063,1.312263
1996-08-07,1.859375,1.781250,1.843750,1.352375
1996-08-08,1.851563,1.796875,1.820313,1.335185
1996-08-09,1.851563,1.812500,1.851563,1.358106
1996-08-12,1.851563,1.820313,1.843750,1.352375
1996-08-13,1.835938,1.773438,1.777344,1.303667
1996-08-14,1.843750,1.773438,1.835938,1.346645
1996-08-15,1.835938,1.804688,1.828125,1.340914
1996-08-16,1.843750,1.812500,1.828125,1.340914
1996-08-19,1.835938,1.804688,1.804688,1.323724
1996-08-20,1.812500,1.781250,1.796875,1.317993
1996-08-21,1.796875,1.765625,1.781250,1.306532
1996-08-22,1.914063,1.781250,1.906250,1.398219
1996-08-23,1.914063,1.859375,1.875000,1.375297
1996-08-26,1.890625,1.851563,1.890625,1.386757
1996-08-27,1.945313,1.867188,1.906250,1.398219
1996-08-28,2.015625,1.906250,2.007813,1.472714
1996-08-29,2.132813,1.976563,2.062500,1.512826
1996-08-30,2.062500,1.984375,2.046875,1.501366
1996-09-03,2.023438,1.984375,2.000000,1.466983
1996-09-04,2.171875,2.000000,2.156250,1.581592
1996-09-05,2.140625,2.039063,2.039063,1.495636
1996-09-06,2.101563,2.031250,2.085938,1.530018
1996-09-09,2.171875,2.078125,2.093750,1.535748
1996-09-10,2.125000,2.054688,2.070313,1.518557
1996-09-11,2.078125,2.031250,2.031250,1.489905
1996-09-12,2.156250,2.031250,2.132813,1.564400
1996-09-13,2.179688,2.109375,2.156250,1.581592
1996-09-16,2.203125,2.132813,2.195313,1.610244
1996-09-17,2.203125,2.164063,2.187500,1.604514
1996-09-18,2.242188,2.179688,2.234375,1.638895
1996-09-19,2.242188,2.179688,2.187500,1.604514
1996-09-20,2.218750,2.175781,2.210938,1.621705
1996-09-23,2.210938,2.187500,2.195313,1.610244
1996-09-24,2.203125,2.125000,2.156250,1.581592
1996-09-25,2.148438,2.062500,2.093750,1.535748
1996-09-26,2.156250,2.078125,2.093750,1.535748
1996-09-27,2.093750,2.039063,2.054688,1.507096
1996-09-30,2.078125,2.031250,2.062500,1.512826
1996-10-01,2.226563,2.054688,2.195313,1.610244
1996-10-02,2.320313,2.140625,2.312500,1.696200
1996-10-03,2.515625,2.312500,2.445313,1.793617
1996-10-04,2.515625,2.445313,2.500000,1.833729
1996-10-07,2.507813,2.414063,2.427734,1.780722
1996-10-08,2.375000,2.242188,2.257813,1.656088
1996-10-09,2.328125,2.187500,2.218750,1.627435
1996-10-10,2.289063,2.210938,2.281250,1.673278
1996-10-11,2.335938,2.289063,2.304688,1.690469
1996-10-14,2.335938,2.296875,2.320313,1.701930
1996-10-15,2.359375,2.296875,2.335938,1.713391
1996-10-16,2.335938,2.265625,2.281250,1.673278
1996-10-17,2.343750,2.265625,2.304688,1.690469
1996-10-18,2.351563,2.296875,2.343750,1.719122
1996-10-21,2.343750,2.265625,2.289063,1.679009
1996-10-22,2.304688,2.257813,2.296875,1.684739
1996-10-23,2.296875,2.250000,2.281250,1.673278
1996-10-24,2.289063,2.250000,2.265625,1.661817
1996-10-25,2.265625,2.234375,2.257813,1.656088
1996-10-28,2.265625,2.234375,2.234375,1.638895
1996-10-29,2.250000,2.179688,2.218750,1.627435
1996-10-30,2.226563,2.156250,2.187500,1.604514
1996-10-31,2.218750,2.031250,2.031250,1.489905
1996-11-01,2.070313,2.015625,2.039063,1.495636
1996-11-04,2.117188,2.039063,2.089844,1.532883
1996-11-05,2.140625,2.070313,2.132813,1.564400
1996-11-06,2.179688,2.140625,2.156250,1.581592
1996-11-07,2.187500,2.132813,2.148438,1.575861
1996-11-08,2.156250,2.085938,2.085938,1.530018
1996-11-11,2.101563,2.039063,2.093750,1.535748
1996-11-12,2.125000,2.085938,2.101563,1.541479
1996-11-13,2.109375,1.984375,1.992188,1.461253
1996-11-14,2.187500,1.992188,2.148438,1.575861
1996-11-15,2.156250,2.101563,2.132813,1.564400
1996-11-18,2.195313,2.093750,2.187500,1.604514
1996-11-19,2.234375,2.171875,2.226563,1.633166
1996-11-20,2.226563,2.179688,2.203125,1.615974
1996-11-21,2.257813,2.171875,2.226563,1.633166
1996-11-22,2.289063,2.226563,2.250000,1.650357
1996-11-25,2.273438,2.234375,2.250000,1.650357
1996-11-26,2.281250,2.210938,2.218750,1.627435
1996-11-27,2.226563,2.117188,2.132813,1.564400
1996-11-29,2.179688,2.109375,2.164063,1.587323
1996-12-02,2.250000,2.140625,2.242188,1.644626
1996-12-03,2.296875,2.226563,2.250000,1.650357
1996-12-04,2.265625,2.203125,2.210938,1.621705
1996-12-05,2.218750,2.117188,2.132813,1.564400
1996-12-06,2.109375,2.054688,2.058594,1.509962
1996-12-09,2.164063,2.070313,2.156250,1.581592
1996-12-10,2.156250,2.085938,2.093750,1.535748
1996-12-11,2.093750,2.023438,2.070313,1.518557
1996-12-12,2.093750,2.054688,2.066406,1.515692
1996-12-13,2.093750,2.031250,2.054688,1.507096
1996-12-16,2.062500,2.000000,2.000000,1.466983
1996-12-17,2.046875,1.968750,1.992188,1.461253
1996-12-18,2.000000,1.890625,1.914063,1.403949
1996-12-19,2.015625,1.921875,1.968750,1.444061
1996-12-20,1.992188,1.906250,1.914063,1.403949
1996-12-23,1.929688,1.843750,1.851563,1.358106
1996-12-24,1.851563,1.820313,1.851563,1.358106
1996-12-26,1.968750,1.804688,1.968750,1.444061
1996-12-27,1.968750,1.890625,1.906250,1.398219
1996-12-30,1.937500,1.843750,1.851563,1.358106
1996-12-31,1.859375,1.781250,1.789063,1.312263
1997-01-02,1.804688,1.718750,1.734375,1.272150
1997-01-03,1.882813,1.710938,1.875000,1.375297
1997-01-06,1.882813,1.812500,1.851563,1.358106
1997-01-07,1.882813,1.828125,1.851563,1.358106
1997-01-08,1.867188,1.835938,1.835938,1.346645
1997-01-09,1.890625,1.835938,1.859375,1.363836
1997-01-10,1.921875,1.835938,1.882813,1.381028
1997-01-13,1.937500,1.796875,1.820313,1.335185
1997-01-14,1.843750,1.773438,1.804688,1.323724
1997-01-15,1.875000,1.796875,1.875000,1.375297
1997-01-16,1.890625,1.835938,1.882813,1.381028
1997-01-17,2.054688,1.851563,2.031250,1.489905
1997-01-20,2.046875,1.976563,2.007813,1.472714
1997-01-21,2.007813,1.968750,2.007813,1.472714
1997-01-22,2.109375,1.992188,2.109375,1.547209
1997-01-23,2.242188,2.101563,2.187500,1.604514
1997-01-24,2.171875,2.109375,2.148438,1.575861
1997-01-27,2.156250,2.117188,2.132813,1.564400
1997-01-28,2.195313,2.132813,2.156250,1.581592
1997-01-29,2.148438,2.046875,2.121094,1.555805
1997-01-30,2.195313,2.117188,2.148438,1.575861
1997-01-31,2.148438,2.109375,2.140625,1.570131
1997-02-03,2.250000,2.132813,2.234375,1.638895
1997-02-04,2.242188,2.156250,2.218750,1.627435
1997-02-05,2.265625,2.218750,2.234375,1.638895
1997-02-06,2.281250,2.187500,2.257813,1.656088
1997-02-07,2.300781,2.242188,2.250000,1.650357
1997-02-10,2.265625,2.140625,2.187500,1.604514
1997-02-11,2.195313,2.109375,2.156250,1.581592
1997-02-12,2.320313,2.148438,2.312500,1.696200
1997-02-13,2.328125,2.273438,2.320313,1.701930
1997-02-14,2.328125,2.273438,2.289063,1.679009
1997-02-18,2.296875,2.226563,2.234375,1.638895
1997-02-19,2.250000,2.171875,2.210938,1.621705
1997-02-20,2.210938,2.164063,2.175781,1.595917
1997-02-21,2.179688,2.148438,2.164063,1.587323
1997-02-24,2.171875,2.109375,2.132813,1.564400
1997-02-25,2.140625,2.093750,2.125000,1.558670
1997-02-26,2.132813,2.046875,2.070313,1.518557
1997-02-27,2.156250,2.062500,2.140625,1.570131
1997-02-28,2.156250,2.093750,2.101563,1.541479
1997-03-03,2.101563,2.031250,2.070313,1.518557
1997-03-04,2.117188,2.054688,2.093750,1.535748
1997-03-05,2.078125,2.011719,2.031250,1.489905
1997-03-06,2.031250,1.898438,1.929688,1.415410
1997-03-07,1.960938,1.929688,1.941406,1.424005
1997-03-10,1.945313,1.890625,1.906250,1.398219
1997-03-11,1.914063,1.835938,1.835938,1.346645
1997-03-12,1.882813,1.835938,1.851563,1.358106
1997-03-13,1.898438,1.851563,1.898438,1.392489
1997-03-14,2.015625,1.890625,1.968750,1.444061
1997-03-17,1.968750,1.875000,1.921875,1.409680
1997-03-18,2.039063,1.929688,2.007813,1.472714
1997-03-19,2.039063,1.976563,2.000000,1.466983
1997-03-20,2.023438,1.906250,1.945313,1.426871
1997-03-21,1.992188,1.945313,1.968750,1.444061
1997-03-24,1.984375,1.937500,1.953125,1.432601
1997-03-25,2.015625,1.937500,1.976563,1.449793
1997-03-26,2.039063,1.937500,2.015625,1.478444
1997-03-27,2.023438,1.953125,1.953125,1.432601
1997-03-31,1.968750,1.851563,1.851563,1.358106
1997-04-01,1.898438,1.820313,1.890625,1.386757
1997-04-02,1.929688,1.835938,1.851563,1.358106
1997-04-03,1.859375,1.765625,1.812500,1.329454
1997-04-04,1.929688,1.789063,1.921875,1.409680
1997-04-07,1.953125,1.882813,1.914063,1.403949
1997-04-08,1.945313,1.898438,1.921875,1.409680
1997-04-09,1.945313,1.882813,1.898438,1.392489
1997-04-10,1.890625,1.843750,1.843750,1.352375
1997-04-11,1.867188,1.765625,1.781250,1.306532
1997-04-14,1.820313,1.734375,1.820313,1.335185
1997-04-15,1.882813,1.765625,1.781250,1.306532
1997-04-16,1.796875,1.710938,1.726563,1.266420
1997-04-17,1.781250,1.640625,1.703125,1.249228
1997-04-18,1.851563,1.664063,1.812500,1.329454
1997-04-21,1.820313,1.757813,1.789063,1.312263
1997-04-22,1.820313,1.734375,1.796875,1.317993
1997-04-23,1.851563,1.789063,1.828125,1.340914
1997-04-24,1.875000,1.718750,1.750000,1.283611
1997-04-25,1.750000,1.632813,1.703125,1.249228
1997-04-28,1.742188,1.687500,1.730469,1.269285
1997-04-29,1.828125,1.750000,1.812500,1.329454
1997-04-30,1.882813,1.804688,1.867188,1.369567
1997-05-01,1.906250,1.781250,1.828125,1.340914
1997-05-02,1.921875,1.796875,1.875000,1.375297
1997-05-05,1.882813,1.812500,1.867188,1.369567
1997-05-06,1.859375,1.812500,1.828125,1.340914
1997-05-07,1.828125,1.777344,1.800781,1.320858
1997-05-08,1.804688,1.750000,1.769531,1.297937
1997-05-09,1.781250,1.742188,1.765625,1.295071
1997-05-12,1.796875,1.757813,1.781250,1.306532
1997-05-13,1.796875,1.765625,1.796875,1.317993
1997-05-14,1.828125,1.781250,1.812500,1.329454
1997-05-15,1.828125,1.796875,1.804688,1.323724
1997-05-16,1.906250,1.781250,1.812500,1.329454
1997-05-19,1.921875,1.812500,1.906250,1.398219
1997-05-20,1.921875,1.882813,1.917969,1.406814
1997-05-21,2.031250,1.914063,2.000000,1.466983
1997-05-22,2.007813,1.968750,1.992188,1.461253
1997-05-23,2.125000,1.992188,2.109375,1.547209
1997-05-27,2.101563,2.054688,2.093750,1.535748
1997-05-28,2.078125,2.031250,2.046875,1.501366
1997-05-29,2.046875,1.929688,1.976563,1.449793
1997-05-30,2.000000,1.929688,1.968750,1.444061
1997-06-02,1.984375,1.937500,1.949219,1.429736
1997-06-03,1.984375,1.929688,1.949219,1.429736
1997-06-04,1.937500,1.843750,1.894531,1.389623
1997-06-05,1.914063,1.871094,1.875000,1.375297
1997-06-06,1.898438,1.851563,1.878906,1.378162
1997-06-09,2.007813,1.937500,1.980469,1.452658
1997-06-10,2.058594,1.984375,2.015625,1.478444
1997-06-11,2.062500,2.015625,2.054688,1.507096
1997-06-12,2.195313,2.058594,2.187500,1.604514
1997-06-13,2.316406,2.171875,2.308594,1.693335
1997-06-16,2.312500,2.226563,2.281250,1.673278
1997-06-17,2.296875,2.242188,2.253906,1.653222
1997-06-18,2.250000,2.179688,2.179688,1.598783
1997-06-19,2.250000,2.156250,2.234375,1.638895
1997-06-20,2.257813,2.210938,2.234375,1.638895
1997-06-23,2.296875,2.218750,2.273438,1.667548
1997-06-24,2.453125,2.265625,2.449219,1.796481
1997-06-25,2.468750,2.406250,2.445313,1.793617
1997-06-26,2.445313,2.375000,2.433594,1.785021
1997-06-27,2.445313,2.421875,2.445313,1.793617
1997-06-30,2.445313,2.390625,2.433594,1.785021
1997-07-01,2.437500,2.406250,2.417969,1.773561
1997-07-02,2.437500,2.351563,2.410156,1.767829
1997-07-03,2.488281,2.296875,2.320313,1.701930
1997-07-07,2.328125,2.203125,2.246094,1.647492
1997-07-08,2.265625,2.195313,2.234375,1.638895
1997-07-09,2.296875,2.230469,2.242188,1.644626
1997-07-10,2.250000,2.156250,2.164063,1.587323
1997-07-11,2.273438,2.132813,2.203125,1.615974
1997-07-14,2.257813,2.191406,2.253906,1.653222
1997-07-15,2.328125,2.257813,2.312500,1.696200
1997-07-16,2.398438,2.316406,2.382813,1.747774
1997-07-17,2.382813,2.312500,2.328125,1.707661
1997-07-18,2.335938,2.265625,2.308594,1.693335
1997-07-21,2.328125,2.265625,2.296875,1.684739
1997-07-22,2.406250,2.250000,2.339844,1.716256
1997-07-23,2.335938,2.281250,2.312500,1.696200
1997-07-24,2.398438,2.304688,2.386719,1.750639
1997-07-25,2.390625,2.363281,2.371094,1.739177
1997-07-28,2.429688,2.367188,2.378906,1.744908
1997-07-29,2.371094,2.312500,2.343750,1.719122
1997-07-30,2.468750,2.335938,2.457031,1.802212
1997-07-31,2.601563,2.453125,2.558594,1.876707
1997-08-01,2.546875,2.425781,2.480469,1.819403
1997-08-04,2.484375,2.390625,2.417969,1.773561
1997-08-05,2.531250,2.390625,2.476563,1.816538
1997-08-06,2.523438,2.414063,2.425781,1.779289
1997-08-07,2.484375,2.394531,2.437500,1.787886
1997-08-08,2.453125,2.312500,2.398438,1.759234
1997-08-11,2.414063,2.320313,2.390625,1.753504
1997-08-12,2.437500,2.320313,2.343750,1.719122
1997-08-13,2.507813,2.390625,2.480469,1.819403
1997-08-14,2.585938,2.484375,2.585938,1.896764
1997-08-15,2.578125,2.515625,2.527344,1.853786
1997-08-18,2.546875,2.492188,2.542969,1.865247
1997-08-19,2.640625,2.531250,2.605469,1.911091
1997-08-20,2.675781,2.585938,2.597656,1.905359
1997-08-21,2.601563,2.531250,2.562500,1.879573
1997-08-22,2.585938,2.523438,2.550781,1.870976
1997-08-25,2.703125,2.539063,2.679688,1.965530
1997-08-26,2.687500,2.625000,2.644531,1.939741
1997-08-27,2.652344,2.593750,2.617188,1.919685
1997-08-28,2.632813,2.515625,2.515625,1.845190
1997-08-29,2.578125,2.515625,2.562500,1.879573
1997-09-02,2.601563,2.546875,2.562500,1.879573
1997-09-03,2.605469,2.546875,2.554688,1.873842
1997-09-04,2.562500,2.500000,2.515625,1.845190
1997-09-05,2.546875,2.484375,2.507813,1.839459
1997-09-08,2.617188,2.523438,2.601563,1.908224
1997-09-09,2.718750,2.593750,2.679688,1.965530
1997-09-10,2.687500,2.625000,2.632813,1.931147
1997-09-11,2.640625,2.562500,2.578125,1.891033
1997-09-12,2.687500,2.585938,2.667969,1.956933
1997-09-15,2.722656,2.656250,2.718750,1.994180
1997-09-16,2.796875,2.718750,2.789063,2.045754
1997-09-17,2.773438,2.656250,2.742188,2.011373
1997-09-18,2.750000,2.703125,2.722656,1.997045
1997-09-19,2.742188,2.687500,2.687500,1.971259
1997-09-22,2.750000,2.679688,2.679688,1.965530
1997-09-23,2.687500,2.539063,2.566406,1.882438
1997-09-24,2.664063,2.554688,2.656250,1.948337
1997-09-25,2.664063,2.570313,2.585938,1.896764
1997-09-26,2.625000,2.531250,2.546875,1.868112
1997-09-29,2.585938,2.539063,2.570313,1.885303
1997-09-30,2.628906,2.554688,2.613281,1.916820
1997-10-01,2.617188,2.523438,2.531250,1.856650
1997-10-02,2.531250,2.351563,2.371094,1.739177
1997-10-03,2.421875,2.277344,2.300781,1.687604
1997-10-06,2.375000,2.273438,2.363281,1.733447
1997-10-07,2.437500,2.375000,2.417969,1.773561
1997-10-08,2.433594,2.390625,2.417969,1.773561
1997-10-09,2.429688,2.296875,2.300781,1.687604
1997-10-10,2.328125,2.265625,2.312500,1.696200
1997-10-13,2.351563,2.281250,2.308594,1.693335
1997-10-14,2.359375,2.296875,2.347656,1.721986
1997-10-15,2.382813,2.328125,2.367188,1.736313
1997-10-16,2.367188,2.281250,2.296875,1.684739
1997-10-17,2.367188,2.257813,2.359375,1.730582
1997-10-20,2.406250,2.304688,2.402344,1.762099
1997-10-21,2.453125,2.406250,2.441406,1.790751
1997-10-22,2.445313,2.386719,2.414063,1.770695
1997-10-23,2.382813,2.265625,2.296875,1.684739
1997-10-24,2.347656,2.273438,2.281250,1.673278
1997-10-27,2.273438,2.187500,2.195313,1.610244
1997-10-28,2.226563,2.046875,2.226563,1.633166
1997-10-29,2.296875,2.218750,2.234375,1.638895
1997-10-30,2.234375,2.093750,2.132813,1.564400
1997-10-31,2.156250,2.007813,2.062500,1.512826
1997-11-03,2.117188,2.011719,2.089844,1.532883
1997-11-04,2.085938,2.031250,2.039063,1.495636
1997-11-05,2.125000,2.039063,2.085938,1.530018
1997-11-06,2.117188,2.046875,2.101563,1.541479
1997-11-07,2.109375,2.019531,2.039063,1.495636
1997-11-10,2.093750,2.039063,2.054688,1.507096
1997-11-11,2.070313,2.023438,2.039063,1.495636
1997-11-12,2.031250,1.953125,1.964844,1.441197
1997-11-13,2.054688,1.953125,2.007813,1.472714
1997-11-14,2.179688,2.023438,2.171875,1.593053
1997-11-17,2.210938,2.132813,2.195313,1.610244
1997-11-18,2.218750,2.195313,2.207031,1.618838
1997-11-19,2.207031,2.156250,2.164063,1.587323
1997-11-20,2.234375,2.148438,2.218750,1.627435
1997-11-21,2.250000,2.187500,2.187500,1.604514
1997-11-24,2.187500,2.101563,2.140625,1.570131
1997-11-25,2.171875,2.113281,2.156250,1.581592
1997-11-26,2.179688,2.109375,2.140625,1.570131
1997-11-28,2.187500,2.136719,2.179688,1.598783
1997-12-01,2.343750,2.218750,2.324219,1.704796
1997-12-02,2.406250,2.328125,2.351563,1.724852
1997-12-03,2.476563,2.355469,2.460938,1.805078
1997-12-04,2.500000,2.390625,2.445313,1.793617
1997-12-05,2.492188,2.429688,2.476563,1.816538
1997-12-08,2.492188,2.441406,2.488281,1.825133
1997-12-09,2.500000,2.414063,2.429688,1.782156
1997-12-10,2.460938,2.359375,2.375000,1.742042
1997-12-11,2.449219,2.343750,2.371094,1.739177
1997-12-12,2.445313,2.312500,2.367188,1.736313
1997-12-15,2.437500,2.359375,2.437500,1.787886
1997-12-16,2.484375,2.414063,2.472656,1.813673
1997-12-17,2.476563,2.421875,2.449219,1.796481
1997-12-18,2.457031,2.429688,2.433594,1.785021
1997-12-19,2.449219,2.375000,2.445313,1.793617
1997-12-22,2.523438,2.441406,2.503906,1.836594
1997-12-23,2.531250,2.484375,2.488281,1.825133
1997-12-24,2.500000,2.453125,2.453125,1.799347
1997-12-26,2.468750,2.425781,2.445313,1.793617
1997-12-29,2.453125,2.421875,2.437500,1.787886
1997-12-30,2.437500,2.398438,2.402344,1.762099
1997-12-31,2.433594,2.382813,2.398438,1.759234
1998-01-02,2.414063,2.332031,2.351563,1.724852
1998-01-05,2.361328,2.296875,2.320313,1.701930
1998-01-06,2.335938,2.222656,2.230469,1.636031
1998-01-07,2.277344,2.140625,2.167969,1.590187
1998-01-08,2.250000,2.125000,2.234375,1.638895
1998-01-09,2.250000,2.148438,2.195313,1.610244
1998-01-12,2.210938,2.140625,2.195313,1.610244
1998-01-13,2.226563,2.187500,2.222656,1.630300
1998-01-14,2.226563,2.191406,2.199219,1.613109
1998-01-15,2.203125,2.109375,2.125000,1.558670
1998-01-16,2.148438,2.109375,2.126953,1.560103
1998-01-20,2.210938,2.132813,2.195313,1.610244
1998-01-21,2.203125,2.128906,2.132813,1.564400
1998-01-22,2.289063,2.101563,2.132813,1.564400
1998-01-23,2.218750,2.132813,2.179688,1.598783
1998-01-26,2.203125,2.132813,2.140625,1.570131
1998-01-27,2.148438,2.070313,2.101563,1.541479
1998-01-28,2.195313,2.109375,2.179688,1.598783
1998-01-29,2.320313,2.187500,2.285156,1.676144
1998-01-30,2.300781,2.273438,2.285156,1.676144
1998-02-02,2.367188,2.292969,2.359375,1.730582
1998-02-03,2.414063,2.328125,2.398438,1.759234
1998-02-04,2.437500,2.351563,2.427734,1.780722
1998-02-05,2.441406,2.328125,2.359375,1.730582
1998-02-06,2.445313,2.367188,2.382813,1.747774
1998-02-09,2.406250,2.281250,2.289063,1.679009
1998-02-10,2.328125,2.250000,2.300781,1.687604
1998-02-11,2.398438,2.292969,2.359375,1.730582
1998-02-12,2.371094,2.343750,2.363281,1.733447
1998-02-13,2.390625,2.351563,2.367188,1.736313
1998-02-17,2.417969,2.367188,2.398438,1.759234
1998-02-18,2.425781,2.394531,2.414063,1.770695
1998-02-19,2.414063,2.312500,2.324219,1.704796
1998-02-20,2.359375,2.289063,2.343750,1.719122
1998-02-23,2.390625,2.343750,2.363281,1.733447
1998-02-24,2.390625,2.250000,2.289063,1.679009
1998-02-25,2.382813,2.296875,2.359375,1.730582
1998-02-26,2.507813,2.371094,2.492188,1.827998
1998-02-27,2.496094,2.445313,2.472656,1.813673
1998-03-02,2.566406,2.468750,2.542969,1.865247
1998-03-03,2.578125,2.507813,2.519531,1.848055
1998-03-04,2.525391,2.429688,2.468750,1.810808
1998-03-05,2.453125,2.382813,2.410156,1.767829
1998-03-06,2.492188,2.406250,2.449219,1.796481
1998-03-09,2.515625,2.421875,2.496094,1.830864
1998-03-10,2.531250,2.468750,2.523438,1.850921
1998-03-11,2.625000,2.570313,2.609375,1.913955
1998-03-12,2.621094,2.531250,2.562500,1.879573
1998-03-13,2.570313,2.515625,2.531250,1.856650
1998-03-16,2.539063,2.507813,2.527344,1.853786
1998-03-17,2.589844,2.500000,2.562500,1.879573
1998-03-18,2.585938,2.554688,2.562500,1.879573
1998-03-19,2.570313,2.539063,2.554688,1.873842
1998-03-20,2.617188,2.546875,2.601563,1.908224
1998-03-23,2.605469,2.542969,2.550781,1.870976
1998-03-24,2.632813,2.531250,2.621094,1.922550
1998-03-25,2.695313,2.609375,2.656250,1.948337
1998-03-26,2.695313,2.585938,2.691406,1.974124
1998-03-27,2.699219,2.648438,2.671875,1.959798
1998-03-30,2.824219,2.718750,2.804688,2.057217
1998-03-31,2.902344,2.792969,2.832031,2.077271
1998-04-01,2.898438,2.796875,2.878906,2.111654
1998-04-02,2.984375,2.867188,2.886719,2.117385
1998-04-03,2.925781,2.828125,2.898438,2.125980
1998-04-06,2.953125,2.761719,2.777344,2.037159
1998-04-07,2.781250,2.703125,2.726563,1.999912
1998-04-08,2.742188,2.695313,2.707031,1.985585
1998-04-09,2.718750,2.656250,2.695313,1.976989
1998-04-13,2.742188,2.695313,2.718750,1.994180
1998-04-14,2.796875,2.714844,2.781250,2.040023
1998-04-15,2.859375,2.781250,2.835938,2.080137
1998-04-16,2.835938,2.773438,2.824219,2.071542
1998-04-17,2.847656,2.796875,2.847656,2.088732
1998-04-20,2.875000,2.816406,2.843750,2.085867
1998-04-21,2.843750,2.757813,2.828125,2.074406
1998-04-22,2.929688,2.820313,2.906250,2.131709
1998-04-23,2.953125,2.820313,2.917969,2.140306
1998-04-24,3.054688,2.902344,3.007813,2.206206
1998-04-27,2.980469,2.824219,2.839844,2.083001
1998-04-28,2.898438,2.812500,2.816406,2.065810
1998-04-29,2.984375,2.851563,2.906250,2.131709
1998-04-30,3.062500,2.964844,3.007813,2.206206
1998-05-01,3.031250,2.968750,2.988281,2.191879
1998-05-04,3.023438,2.984375,2.992188,2.194745
1998-05-05,3.007813,2.917969,2.933594,2.151766
1998-05-06,2.968750,2.906250,2.939453,2.156064
1998-05-07,2.949219,2.898438,2.902344,2.128846
1998-05-08,2.929688,2.890625,2.917969,2.140306
1998-05-11,2.960938,2.914063,2.917969,2.140306
1998-05-12,2.929688,2.859375,2.921875,2.143171
1998-05-13,3.015625,2.906250,3.003906,2.203340
1998-05-14,3.023438,2.968750,2.996094,2.197610
1998-05-15,3.007813,2.937500,2.937500,2.154632
1998-05-18,2.960938,2.914063,2.945313,2.160362
1998-05-19,3.015625,2.937500,2.992188,2.194745
1998-05-20,3.109375,3.003906,3.066406,2.249184
1998-05-21,3.117188,2.953125,3.000000,2.200475
1998-05-22,3.007813,2.937500,2.937500,2.154632
1998-05-26,2.968750,2.828125,2.835938,2.080137
1998-05-27,2.914063,2.781250,2.894531,2.123115
1998-05-28,3.058594,2.890625,3.046875,2.234857
1998-05-29,3.070313,2.941406,3.000000,2.200475
1998-06-01,2.984375,2.925781,2.945313,2.160362
1998-06-02,2.984375,2.910156,2.953125,2.166093
1998-06-03,3.015625,2.921875,2.921875,2.143171
1998-06-04,2.976563,2.914063,2.968750,2.177554
1998-06-05,3.031250,2.968750,2.992188,2.194745
1998-06-08,3.113281,2.992188,3.085938,2.263510
1998-06-09,3.093750,3.054688,3.066406,2.249184
1998-06-10,3.093750,3.015625,3.019531,2.214800
1998-06-11,3.058594,2.984375,3.000000,2.200475
1998-06-12,3.085938,2.984375,3.070313,2.252048
1998-06-15,3.171875,3.054688,3.121094,2.289297
1998-06-16,3.207031,3.085938,3.144531,2.306487
1998-06-17,3.384766,3.125000,3.363281,2.466939
1998-06-18,3.363281,3.214844,3.218750,2.360927
1998-06-19,3.234375,3.070313,3.097656,2.272104
1998-06-22,3.187500,3.078125,3.105469,2.277835
1998-06-23,3.175781,2.984375,3.039063,2.229128
1998-06-24,3.214844,3.023438,3.195313,2.343735
1998-06-25,3.328125,3.218750,3.285156,2.409635
1998-06-26,3.382813,3.265625,3.382813,2.481265
1998-06-29,3.421875,3.335938,3.375000,2.475534
1998-06-30,3.375000,3.328125,3.339844,2.449749
1998-07-01,3.351563,3.250000,3.289063,2.412500
1998-07-02,3.570313,3.320313,3.539063,2.595874
1998-07-06,3.746094,3.539063,3.628906,2.661773
1998-07-07,3.664063,3.503906,3.503906,2.570086
1998-07-08,3.601563,3.511719,3.570313,2.618795
1998-07-09,3.640625,3.542969,3.613281,2.650312
1998-07-10,3.617188,3.503906,3.566406,2.615929
1998-07-13,3.671875,3.523438,3.617188,2.653177
1998-07-14,3.648438,3.546875,3.546875,2.601603
1998-07-15,3.578125,3.492188,3.523438,2.584412
1998-07-16,3.515625,3.433594,3.445313,2.527108
1998-07-17,3.578125,3.457031,3.539063,2.595874
1998-07-20,3.562500,3.476563,3.507813,2.572952
1998-07-21,3.562500,3.445313,3.523438,2.584412
1998-07-22,3.527344,3.468750,3.476563,2.550030
1998-07-23,3.531250,3.437500,3.460938,2.538569
1998-07-24,3.375000,2.882813,2.992188,2.194745
1998-07-27,3.039063,2.886719,2.890625,2.120250
1998-07-28,2.976563,2.878906,2.890625,2.120250
1998-07-29,2.968750,2.921875,2.941406,2.157497
1998-07-30,2.968750,2.890625,2.968750,2.177554
1998-07-31,2.738281,2.601563,2.617188,1.919685
1998-08-03,2.644531,2.476563,2.527344,1.853786
1998-08-04,2.640625,2.554688,2.583984,1.895331
1998-08-05,2.609375,2.421875,2.453125,1.799347
1998-08-06,2.562500,2.437500,2.554688,1.873842
1998-08-07,2.656250,2.582031,2.638672,1.935444
1998-08-10,2.695313,2.585938,2.656250,1.948337
1998-08-11,2.625000,2.542969,2.542969,1.865247
1998-08-12,2.632813,2.562500,2.609375,1.913955
1998-08-13,2.656250,2.617188,2.621094,1.922550
1998-08-14,2.648438,2.390625,2.406250,1.764964
1998-08-17,2.531250,2.371094,2.492188,1.827998
1998-08-18,2.664063,2.500000,2.652344,1.945472
1998-08-19,2.703125,2.625000,2.671875,1.959798
1998-08-20,2.671875,2.578125,2.609375,1.913955
1998-08-21,2.570313,2.417969,2.476563,1.816538
1998-08-24,2.539063,2.406250,2.410156,1.767829
1998-08-25,2.441406,2.234375,2.281250,1.673278
1998-08-26,2.253906,2.164063,2.175781,1.595917
1998-08-27,2.167969,1.984375,2.136719,1.567266
1998-08-28,2.121094,1.929688,2.042969,1.498501
1998-08-31,2.140625,1.968750,1.972656,1.446927
1998-09-01,2.054688,1.890625,2.035156,1.492770
1998-09-02,2.101563,2.035156,2.054688,1.507096
1998-09-03,2.031250,1.902344,1.945313,1.426871
1998-09-04,2.000000,1.937500,1.949219,1.429736
1998-09-08,2.093750,1.988281,2.078125,1.524288
1998-09-09,2.140625,2.015625,2.054688,1.507096
1998-09-10,2.011719,1.914063,1.980469,1.452658
1998-09-11,2.015625,1.953125,2.003906,1.469848
1998-09-14,2.082031,1.992188,1.996094,1.464118
1998-09-15,2.007813,1.960938,1.996094,1.464118
1998-09-16,2.007813,1.937500,1.957031,1.435466
1998-09-17,1.929688,1.812500,1.824219,1.338049
1998-09-18,1.902344,1.828125,1.878906,1.378162
1998-09-21,1.882813,1.796875,1.863281,1.366701
1998-09-22,1.925781,1.867188,1.902344,1.395353
1998-09-23,2.066406,1.929688,2.058594,1.509962
1998-09-24,2.320313,2.058594,2.226563,1.633166
1998-09-25,2.257813,2.171875,2.238281,1.641760
1998-09-28,2.640625,2.335938,2.562500,1.879573
1998-09-29,2.601563,2.359375,2.363281,1.733447
1998-09-30,2.363281,2.234375,2.261719,1.658952
1998-10-01,2.226563,2.042969,2.066406,1.515692
1998-10-02,2.304688,2.140625,2.281250,1.673278
1998-10-05,2.300781,2.156250,2.281250,1.673278
1998-10-06,2.386719,2.191406,2.308594,1.693335
1998-10-07,2.359375,2.171875,2.210938,1.621705
1998-10-08,2.183594,1.968750,2.132813,1.564400
1998-10-09,2.226563,2.062500,2.187500,1.604514
1998-10-12,2.339844,2.242188,2.257813,1.656088
1998-10-13,2.273438,2.132813,2.179688,1.598783
1998-10-14,2.210938,2.117188,2.140625,1.570131
1998-10-15,2.328125,2.140625,2.277344,1.670413
1998-10-16,2.460938,2.292969,2.371094,1.739177
1998-10-19,2.425781,2.277344,2.324219,1.704796
1998-10-20,2.453125,2.332031,2.335938,1.713391
1998-10-21,2.375000,2.304688,2.328125,1.707661
1998-10-22,2.410156,2.281250,2.406250,1.764964
1998-10-23,2.457031,2.316406,2.328125,1.707661
1998-10-26,2.421875,2.367188,2.414063,1.770695
1998-10-27,2.476563,2.398438,2.425781,1.779289
1998-10-28,2.484375,2.382813,2.468750,1.810808
1998-10-29,2.503906,2.398438,2.464844,1.807942
1998-10-30,2.765625,2.566406,2.710938,1.988450
1998-11-02,2.929688,2.703125,2.925781,2.146036
1998-11-03,2.925781,2.718750,2.832031,2.077271
1998-11-04,2.960938,2.851563,2.925781,2.146036
1998-11-05,3.078125,2.882813,3.050781,2.237723
1998-11-06,3.062500,3.000000,3.058594,2.243453
1998-11-09,3.027344,2.828125,2.898438,2.125980
1998-11-10,2.937500,2.835938,2.921875,2.143171
1998-11-11,2.964844,2.804688,2.832031,2.077271
1998-11-12,2.871094,2.781250,2.816406,2.065810
1998-11-13,2.757813,2.562500,2.683594,1.968393
1998-11-16,2.773438,2.695313,2.714844,1.991315
1998-11-17,2.777344,2.660156,2.773438,2.034294
1998-11-18,2.777344,2.562500,2.640625,1.936876
1998-11-19,2.765625,2.640625,2.746094,2.014236
1998-11-20,2.792969,2.730469,2.742188,2.011373
1998-11-23,2.894531,2.765625,2.875000,2.108788
1998-11-24,2.960938,2.871094,2.921875,2.143171
1998-11-25,2.937500,2.851563,2.890625,2.120250
1998-11-27,2.933594,2.890625,2.921875,2.143171
1998-11-30,2.929688,2.875000,2.882813,2.114519
1998-12-01,3.140625,2.941406,3.128906,2.295026
1998-12-02,3.128906,2.976563,3.058594,2.243453
1998-12-03,3.062500,2.992188,3.050781,2.237723
1998-12-04,3.109375,3.023438,3.058594,2.243453
1998-12-07,3.117188,3.031250,3.113281,2.283565
1998-12-08,3.207031,3.093750,3.109375,2.280700
1998-12-09,3.210938,3.132813,3.187500,2.338005
1998-12-10,3.214844,2.976563,3.011719,2.209070
1998-12-11,3.156250,2.953125,3.136719,2.300757
1998-12-14,3.191406,3.074219,3.093750,2.269241
1998-12-15,3.214844,3.109375,3.199219,2.346600
1998-12-16,3.265625,3.117188,3.125000,2.292161
1998-12-17,3.210938,3.117188,3.203125,2.349466
1998-12-18,3.417969,3.203125,3.335938,2.446882
1998-12-21,3.343750,3.191406,3.296875,2.418230
1998-12-22,3.277344,3.156250,3.183594,2.335140
1998-12-23,3.265625,3.164063,3.203125,2.349466
1998-12-24,3.304688,3.195313,3.273438,2.401040
1998-12-28,3.312500,3.171875,3.207031,2.352331
1998-12-29,3.304688,3.156250,3.296875,2.418230
1998-12-30,3.437500,3.281250,3.414063,2.504187
1998-12-31,3.515625,3.328125,3.507813,2.572952
1999-01-04,3.500000,3.296875,3.367188,2.469805
1999-01-05,3.265625,2.929688,3.250000,2.383848
1999-01-06,3.296875,3.171875,3.222656,2.363791
1999-01-07,3.273438,3.171875,3.234375,2.372387
1999-01-08,3.320313,3.230469,3.304688,2.423961
1999-01-11,3.363281,3.273438,3.312500,2.429692
1999-01-12,3.367188,3.320313,3.324219,2.438287
1999-01-13,3.328125,3.148438,3.294922,2.416799
1999-01-14,3.337891,3.281250,3.296875,2.418230
1999-01-15,3.289063,3.234375,3.281250,2.406770
1999-01-19,3.375000,3.285156,3.375000,2.475534
1999-01-20,3.468750,3.378906,3.417969,2.507052
1999-01-21,3.394531,3.203125,3.296875,2.418230
1999-01-22,3.257813,3.117188,3.128906,2.295026
1999-01-25,3.171875,3.082031,3.128906,2.295026
1999-01-26,3.187500,3.125000,3.179688,2.332275
1999-01-27,3.187500,3.015625,3.054688,2.240588
1999-01-28,3.109375,3.039063,3.058594,2.243453
1999-01-29,3.312500,3.148438,3.253906,2.386713
1999-02-01,3.351563,3.187500,3.203125,2.349466
1999-02-02,3.210938,3.109375,3.136719,2.300757
1999-02-03,3.250000,3.125000,3.246094,2.380982
1999-02-04,3.246094,3.144531,3.183594,2.335140
1999-02-05,3.187500,3.105469,3.117188,2.286432
1999-02-08,3.171875,3.074219,3.128906,2.295026
1999-02-09,3.128906,3.050781,3.050781,2.237723
1999-02-10,3.050781,2.960938,3.000000,2.200475
1999-02-11,3.109375,2.984375,3.109375,2.280700
1999-02-12,3.109375,2.988281,3.001953,2.201907
1999-02-16,3.093750,2.960938,3.000000,2.200475
1999-02-17,3.023438,2.906250,2.910156,2.134575
1999-02-18,2.968750,2.898438,2.933594,2.151766
1999-02-19,3.035156,2.921875,3.023438,2.217667
1999-02-22,3.121094,3.015625,3.117188,2.286432
1999-02-23,3.359375,3.207031,3.273438,2.401040
1999-02-24,3.386719,3.234375,3.250000,2.383848
1999-02-25,3.265625,3.179688,3.207031,2.352331
1999-02-26,3.343750,3.226563,3.304688,2.423961
1999-03-01,3.386719,3.257813,3.367188,2.469805
1999-03-02,3.496094,3.371094,3.421875,2.509917
1999-03-03,3.429688,3.375000,3.414063,2.504187
1999-03-04,3.570313,3.429688,3.535156,2.593008
1999-03-05,3.695313,3.550781,3.671875,2.693290
1999-03-08,3.812500,3.679688,3.804688,2.790707
1999-03-09,3.800781,3.703125,3.738281,2.741998
1999-03-10,3.839844,3.742188,3.835938,2.813628
1999-03-11,3.984375,3.812500,3.828125,2.807898
1999-03-12,3.867188,3.750000,3.753906,2.753459
1999-03-15,3.804688,3.773438,3.792969,2.782111
1999-03-16,3.816406,3.746094,3.796875,2.784977
1999-03-17,3.832031,3.765625,3.789063,2.779246
1999-03-18,3.882813,3.703125,3.785156,2.776381
1999-03-19,3.792969,3.492188,3.503906,2.570086
1999-03-22,3.750000,3.539063,3.710938,2.721943
1999-03-23,3.796875,3.484375,3.578125,2.624525
1999-03-24,3.664063,3.578125,3.632813,2.664638
1999-03-25,3.734375,3.546875,3.640625,2.670369
1999-03-26,3.640625,3.546875,3.546875,2.601603
1999-03-29,3.671875,3.539063,3.671875,2.693290
1999-03-30,3.632813,3.515625,3.531250,2.590142
1999-03-31,3.718750,3.500000,3.507813,2.572952
1999-04-01,3.703125,3.531250,3.703125,2.716211
1999-04-05,3.898438,3.750000,3.851563,2.825089
1999-04-06,4.117188,3.843750,3.843750,2.819359
1999-04-07,3.984375,3.796875,3.875000,2.842280
1999-04-08,4.000000,3.851563,3.984375,2.922505
1999-04-09,4.054688,3.921875,4.046875,2.968348
1999-04-12,4.078125,3.968750,4.054688,2.974079
1999-04-13,4.117188,3.937500,4.000000,2.933967
1999-04-14,4.140625,3.937500,3.937500,2.888123
1999-04-15,4.078125,3.828125,4.070313,2.985540
1999-04-16,4.109375,3.968750,3.992188,2.928236
1999-04-19,4.140625,3.671875,3.695313,2.710481
1999-04-20,3.906250,3.703125,3.851563,2.825089
1999-04-21,3.906250,3.757813,3.898438,2.859472
1999-04-22,4.101563,3.851563,4.093750,3.002732
1999-04-23,4.125000,3.914063,4.000000,2.933967
1999-04-26,4.484375,4.046875,4.289063,3.145992
1999-04-27,4.875000,4.359375,4.875000,3.575772
1999-04-28,4.828125,4.500000,4.554688,3.340825
1999-04-29,4.640625,4.375000,4.492188,3.294983
1999-04-30,4.804688,4.515625,4.617188,3.386670
1999-05-03,4.820313,4.593750,4.687500,3.438243
1999-05-04,4.789063,4.531250,4.546875,3.335094
1999-05-05,4.703125,4.484375,4.687500,3.438243
1999-05-06,4.671875,4.390625,4.406250,3.231948
1999-05-07,4.390625,4.195313,4.328125,3.174644
1999-05-10,4.718750,4.335938,4.632813,3.398131
1999-05-11,5.000000,4.523438,4.835938,3.547122
1999-05-12,5.125000,4.820313,4.968750,3.644537
1999-05-13,5.015625,4.796875,4.835938,3.547122
1999-05-14,4.882813,4.718750,4.820313,3.535659
1999-05-17,4.953125,4.640625,4.937500,3.621616
1999-05-18,4.960938,4.523438,4.585938,3.363747
1999-05-19,4.812500,4.531250,4.632813,3.398131
1999-05-20,4.812500,4.531250,4.531250,3.323634
1999-05-21,4.796875,4.546875,4.570313,3.352288
1999-05-24,4.656250,4.281250,4.312500,3.163183
1999-05-25,4.531250,4.218750,4.226563,3.100149
1999-05-26,4.554688,4.296875,4.554688,3.340825
1999-05-27,4.609375,4.375000,4.460938,3.272062
1999-05-28,4.726563,4.500000,4.609375,3.380938
1999-06-01,4.625000,4.375000,4.390625,3.220487
1999-06-02,4.718750,4.398438,4.718750,3.461163
1999-06-03,4.687500,4.437500,4.492188,3.294983
1999-06-04,4.562500,4.421875,4.500000,3.300713
1999-06-07,4.601563,4.414063,4.519531,3.315039
1999-06-08,4.570313,4.312500,4.414063,3.237678
1999-06-09,4.484375,4.203125,4.351563,3.191835
1999-06-10,4.500000,4.312500,4.429688,3.249139
1999-06-11,4.546875,4.359375,4.375000,3.209027
1999-06-14,4.500000,4.367188,4.390625,3.220487
1999-06-15,4.609375,4.359375,4.585938,3.363747
1999-06-16,4.703125,4.429688,4.671875,3.426781
1999-06-17,4.773438,4.546875,4.640625,3.403859
1999-06-18,4.640625,4.562500,4.617188,3.386670
1999-06-21,4.812500,4.609375,4.812500,3.529928
1999-06-22,4.812500,4.515625,4.515625,3.312175
1999-06-23,4.734375,4.515625,4.726563,3.466894
1999-06-24,4.757813,4.578125,4.593750,3.369478
1999-06-25,4.625000,4.359375,4.437500,3.254870
1999-06-28,4.492188,4.179688,4.265625,3.128800
1999-06-29,4.539063,4.242188,4.539063,3.329365
1999-06-30,4.718750,4.437500,4.695313,3.443973
1999-07-01,3.375000,2.929688,3.367188,2.469805
1999-07-02,3.546875,3.367188,3.445313,2.527108
1999-07-06,3.500000,3.312500,3.320313,2.435422
1999-07-07,3.265625,3.101563,3.125000,2.292161
1999-07-08,3.140625,3.046875,3.078125,2.257780
1999-07-09,3.244141,3.070313,3.132813,2.297892
1999-07-12,3.203125,3.132813,3.140625,2.303622
1999-07-13,3.226563,3.125000,3.203125,2.349466
1999-07-14,3.320313,3.148438,3.312500,2.429692
1999-07-15,3.406250,3.203125,3.230469,2.369522
1999-07-16,3.335938,3.156250,3.171875,2.326543
1999-07-19,3.218750,3.109375,3.125000,2.292161
1999-07-20,3.179688,3.078125,3.109375,2.280700
1999-07-21,3.164063,3.093750,3.156250,2.315083
1999-07-22,3.156250,2.976563,2.992188,2.194745
1999-07-23,3.250000,3.109375,3.234375,2.372387
1999-07-26,3.234375,3.078125,3.101563,2.274971
1999-07-27,3.148438,3.062500,3.117188,2.286432
1999-07-28,3.125000,3.046875,3.070313,2.252048
1999-07-29,3.062500,2.968750,3.000000,2.200475
1999-07-30,3.156250,2.898438,2.906250,2.131709
1999-08-02,2.953125,2.867188,2.867188,2.103058
1999-08-03,2.921875,2.804688,2.828125,2.074406
1999-08-04,2.843750,2.726563,2.734375,2.005642
1999-08-05,2.765625,2.671875,2.757813,2.022833
1999-08-06,2.757813,2.617188,2.640625,1.936876
1999-08-09,2.703125,2.593750,2.601563,1.908224
1999-08-10,2.632813,2.484375,2.507813,1.839459
1999-08-11,2.695313,2.531250,2.695313,1.976989
1999-08-12,2.765625,2.570313,2.570313,1.885303
1999-08-13,2.656250,2.507813,2.585938,1.896764
1999-08-16,2.648438,2.531250,2.609375,1.913955
1999-08-17,2.632813,2.507813,2.554688,1.873842
1999-08-18,2.664063,2.523438,2.578125,1.891033
1999-08-19,2.617188,2.546875,2.562500,1.879573
1999-08-20,2.609375,2.515625,2.562500,1.879573
1999-08-23,2.687500,2.578125,2.687500,1.971259
1999-08-24,2.796875,2.648438,2.718750,1.994180
1999-08-25,2.742188,2.630859,2.695313,1.976989
1999-08-26,2.750000,2.679688,2.718750,1.994180
1999-08-27,3.031250,2.765625,2.968750,2.177554
1999-08-30,2.992188,2.765625,2.765625,2.028563
1999-08-31,2.875000,2.765625,2.859375,2.097329
1999-09-01,2.921875,2.843750,2.882813,2.114519
1999-09-02,2.875000,2.781250,2.781250,2.040023
1999-09-03,2.906250,2.843750,2.906250,2.131709
1999-09-07,2.953125,2.875000,2.875000,2.108788
1999-09-08,2.890625,2.781250,2.781250,2.040023
1999-09-09,2.812500,2.687500,2.750000,2.017102
1999-09-10,2.781250,2.685547,2.734375,2.005642
1999-09-13,2.796875,2.718750,2.750000,2.017102
1999-09-14,2.859375,2.757813,2.835938,2.080137
1999-09-15,2.875000,2.718750,2.730469,2.002777
1999-09-16,2.742188,2.648438,2.671875,1.959798
1999-09-17,2.859375,2.710938,2.750000,2.017102
1999-09-20,2.734375,2.601563,2.632813,1.931147
1999-09-21,2.640625,2.554688,2.562500,1.879573
1999-09-22,2.765625,2.578125,2.625000,1.925416
1999-09-23,2.992188,2.781250,2.875000,2.108788
1999-09-24,2.992188,2.781250,2.984375,2.189014
1999-09-27,2.992188,2.851563,2.921875,2.143171
1999-09-28,3.296875,2.898438,3.250000,2.383848
1999-09-29,3.320313,3.101563,3.117188,2.286432
1999-09-30,3.187500,3.054688,3.097656,2.272104
1999-10-01,3.093750,2.929688,2.996094,2.197610
1999-10-04,3.015625,2.875000,2.906250,2.131709
1999-10-05,2.914063,2.812500,2.820313,2.068676
1999-10-06,3.000000,2.804688,3.000000,2.200475
1999-10-07,3.070313,2.914063,2.945313,2.160362
1999-10-08,3.046875,2.875000,3.015625,2.211936
1999-10-11,3.031250,2.906250,2.980469,2.186149
1999-10-12,3.000000,2.906250,2.914063,2.137441
1999-10-13,2.960938,2.812500,2.824219,2.071542
1999-10-14,2.859375,2.734375,2.828125,2.074406
1999-10-15,2.828125,2.671875,2.750000,2.017102
1999-10-18,2.781250,2.687500,2.695313,1.976989
1999-10-19,2.750000,2.687500,2.718750,1.994180
1999-10-20,2.867188,2.710938,2.820313,2.068676
1999-10-21,2.937500,2.757813,2.937500,2.154632
1999-10-22,3.054688,2.875000,2.921875,2.143171
1999-10-25,3.025391,2.906250,2.976563,2.183284
1999-10-26,3.062500,2.968750,3.054688,2.240588
1999-10-27,3.156250,3.007813,3.109375,2.280700
1999-10-28,3.257813,3.117188,3.250000,2.383848
1999-10-29,3.453125,3.234375,3.398438,2.492727
1999-11-01,3.515625,3.328125,3.382813,2.481265
1999-11-02,3.500000,3.351563,3.382813,2.481265
1999-11-03,3.429688,3.281250,3.328125,2.441151
1999-11-04,3.375000,3.234375,3.320313,2.435422
1999-11-05,3.671875,3.500000,3.593750,2.635986
1999-11-08,3.648438,3.578125,3.617188,2.653177
1999-11-09,3.695313,3.515625,3.632813,2.664638
1999-11-10,3.656250,3.484375,3.539063,2.595874
1999-11-11,3.625000,3.484375,3.539063,2.595874
1999-11-12,3.585938,3.492188,3.531250,2.590142
1999-11-15,3.539063,3.468750,3.523438,2.584412
1999-11-16,3.554688,3.414063,3.546875,2.601603
1999-11-17,3.632813,3.523438,3.609375,2.647447
1999-11-18,3.820313,3.625000,3.765625,2.762055
1999-11-19,3.882813,3.515625,3.546875,2.601603
1999-11-22,3.593750,3.437500,3.468750,2.544300
1999-11-23,3.515625,3.296875,3.375000,2.475534
1999-11-24,3.437500,3.250000,3.437500,2.521377
1999-11-26,3.437500,3.320313,3.343750,2.452612
1999-11-29,3.406250,3.312500,3.335938,2.446882
1999-11-30,3.406250,3.296875,3.320313,2.435422
1999-12-01,3.390625,3.281250,3.320313,2.435422
1999-12-02,3.476563,3.328125,3.460938,2.538569
1999-12-03,3.640625,3.468750,3.476563,2.550030
1999-12-06,3.554688,3.343750,3.367188,2.469805
1999-12-07,3.421875,3.343750,3.382813,2.481265
1999-12-08,3.382813,3.140625,3.226563,2.366658
1999-12-09,3.218750,2.968750,3.007813,2.206206
1999-12-10,3.195313,3.000000,3.164063,2.320813
1999-12-13,3.312500,3.109375,3.164063,2.320813
1999-12-14,3.203125,3.062500,3.093750,2.269241
1999-12-15,3.164063,3.085938,3.156250,2.315083
1999-12-16,3.171875,3.054688,3.156250,2.315083
1999-12-17,3.375000,3.250000,3.265625,2.395308
1999-12-20,3.320313,3.164063,3.250000,2.383848
1999-12-21,3.328125,3.070313,3.210938,2.355197
1999-12-22,3.234375,3.070313,3.187500,2.338005
1999-12-23,3.250000,3.125000,3.156250,2.315083
1999-12-27,3.203125,3.062500,3.109375,2.280700
1999-12-28,3.156250,3.046875,3.148438,2.309353
1999-12-29,3.117188,3.046875,3.085938,2.263510
1999-12-30,3.101563,3.015625,3.015625,2.211936
1999-12-31,3.101563,2.968750,3.031250,2.223397
2000-01-03,3.085938,2.906250,3.082031,2.260644
2000-01-04,3.109375,2.968750,2.984375,2.189014
2000-01-05,3.078125,2.960938,3.023438,2.217667
2000-01-06,3.203125,3.000000,3.132813,2.297892
2000-01-07,3.125000,3.031250,3.117188,2.286432
2000-01-10,3.343750,3.226563,3.250000,2.383848
2000-01-11,3.257813,3.148438,3.156250,2.315083
2000-01-12,3.218750,3.093750,3.164063,2.320813
2000-01-13,3.406250,3.171875,3.390625,2.486995
2000-01-14,3.445313,3.289063,3.304688,2.423961
2000-01-18,3.328125,3.164063,3.257813,2.389579
2000-01-19,3.328125,3.179688,3.187500,2.338005
2000-01-20,3.218750,3.070313,3.132813,2.297892
2000-01-21,3.171875,3.093750,3.121094,2.289297
2000-01-24,3.195313,2.890625,3.070313,2.252048
2000-01-25,3.375000,2.976563,3.250000,2.383848
2000-01-26,3.671875,3.343750,3.625000,2.658908
2000-01-27,3.640625,3.539063,3.609375,2.647447
2000-01-28,3.773438,3.617188,3.726563,2.733403
2000-01-31,4.000000,3.734375,4.000000,2.933967
2000-02-01,4.046875,3.929688,4.039063,2.962619
2000-02-02,4.062500,3.859375,3.976563,2.916776
2000-02-03,4.000000,3.796875,3.929688,2.882393
2000-02-04,4.343750,3.937500,4.296875,3.151722
2000-02-07,4.312500,4.171875,4.281250,3.140262
2000-02-08,4.375000,4.257813,4.375000,3.209027
2000-02-09,4.359375,4.257813,4.312500,3.163183
2000-02-10,4.335938,3.945313,4.000000,2.933967
2000-02-11,4.187500,3.984375,4.109375,3.014192
2000-02-14,4.351563,4.109375,4.242188,3.111609
2000-02-15,4.359375,4.046875,4.328125,3.174644
2000-02-16,4.335938,4.265625,4.273438,3.134532
2000-02-17,4.343750,4.250000,4.328125,3.174644
2000-02-18,4.375000,4.062500,4.140625,3.037114
2000-02-22,4.210938,4.039063,4.148438,3.042846
2000-02-23,4.382813,4.093750,4.359375,3.197565
2000-02-24,4.523438,4.210938,4.382813,3.214757
2000-02-25,4.375000,4.187500,4.218750,3.094418
2000-02-28,4.265625,4.093750,4.257813,3.123071
2000-02-29,4.429688,4.203125,4.390625,3.220487
2000-03-01,4.476563,4.312500,4.343750,3.186105
2000-03-02,4.320313,4.078125,4.156250,3.048575
2000-03-03,4.718750,4.203125,4.648438,3.409591
2000-03-06,4.617188,4.460938,4.484375,3.289252
2000-03-07,4.515625,4.250000,4.265625,3.128800
2000-03-08,4.343750,4.140625,4.234375,3.105877
2000-03-09,4.531250,4.125000,4.515625,3.312175
2000-03-10,4.500000,4.328125,4.453125,3.266330
2000-03-13,4.437500,4.281250,4.343750,3.186105
2000-03-14,4.429688,4.171875,4.179688,3.065767
2000-03-15,4.492188,4.156250,4.398438,3.226217
2000-03-16,4.867188,4.398438,4.796875,3.518468
2000-03-17,4.773438,4.546875,4.632813,3.398131
2000-03-20,4.593750,4.375000,4.398438,3.226217
2000-03-21,4.878906,4.398438,4.875000,3.575772
2000-03-22,4.976563,4.687500,4.890625,3.587233
2000-03-23,5.000000,4.812500,4.921875,3.610155
2000-03-24,5.000000,4.695313,4.828125,3.541389
2000-03-27,5.054688,4.843750,4.890625,3.587233
2000-03-28,4.984375,4.687500,4.742188,3.478355
2000-03-29,5.000000,4.710938,4.960938,3.638807
2000-03-30,5.210938,4.906250,4.968750,3.644537
2000-03-31,5.656250,4.914063,5.601563,4.108699
2000-04-03,5.281250,4.906250,5.179688,3.799256
2000-04-04,5.437500,4.937500,5.429688,3.982630
2000-04-05,5.328125,4.906250,4.945313,3.627346
2000-04-06,5.031250,4.562500,4.695313,3.443973
2000-04-07,5.015625,4.750000,5.007813,3.673190
2000-04-10,5.039063,4.570313,4.578125,3.358017
2000-04-11,4.875000,4.468750,4.742188,3.478355
2000-04-12,4.820313,4.671875,4.703125,3.449703
2000-04-13,5.015625,4.695313,4.978516,3.651699
2000-04-14,4.875000,4.226563,4.398438,3.226217
2000-04-17,4.570313,4.179688,4.515625,3.312175
2000-04-18,4.703125,4.453125,4.679688,3.432512
2000-04-19,4.867188,4.593750,4.656250,3.415323
2000-04-20,4.750000,4.500000,4.679688,3.432512
2000-04-24,5.078125,4.609375,4.992188,3.661729
2000-04-25,4.921875,4.375000,4.773438,3.501278
2000-04-26,4.726563,4.562500,4.640625,3.403859
2000-04-27,4.640625,4.429688,4.632813,3.398131
2000-04-28,4.257813,3.750000,3.779297,2.772083
2000-05-01,3.914063,3.765625,3.867188,2.836550
2000-05-02,4.187500,3.976563,3.992188,2.928236
2000-05-03,4.015625,3.875000,3.976563,2.916776
2000-05-04,4.234375,3.953125,4.179688,3.065767
2000-05-05,4.218750,3.982422,4.210938,3.088688
2000-05-08,4.203125,4.093750,4.125000,3.025653
2000-05-09,4.187500,4.015625,4.171875,3.060036
2000-05-10,4.203125,4.031250,4.070313,2.985540
2000-05-11,4.187500,3.992188,4.156250,3.048575
2000-05-12,4.140625,4.007813,4.070313,2.985540
2000-05-15,4.078125,3.687500,4.062500,2.979810
2000-05-16,4.250000,4.085938,4.156250,3.048575
2000-05-17,4.218750,4.046875,4.054688,2.974079
2000-05-18,4.093750,3.835938,3.835938,2.813628
2000-05-19,3.843750,3.750000,3.765625,2.762055
2000-05-22,3.750000,3.500000,3.734375,2.739134
2000-05-23,3.804688,3.539063,3.539063,2.595874
2000-05-24,3.906250,3.617188,3.875000,2.842280
2000-05-25,3.984375,3.718750,3.734375,2.739134
2000-05-26,3.875000,3.601563,3.640625,2.670369
2000-05-30,4.132813,3.703125,4.132813,3.031384
2000-05-31,4.375000,4.070313,4.250000,3.117341
2000-06-01,4.367188,4.195313,4.312500,3.163183
2000-06-02,4.613281,4.351563,4.601563,3.375208
2000-06-05,4.781250,4.429688,4.453125,3.266330
2000-06-06,4.937500,4.679688,4.687500,3.438243
2000-06-07,4.671875,4.000000,4.320313,3.168913
2000-06-08,4.462891,4.312500,4.414063,3.237678
2000-06-09,4.562500,4.375000,4.468750,3.277791
2000-06-12,4.476563,4.226563,4.234375,3.105877
2000-06-13,4.601563,4.250000,4.492188,3.294983
2000-06-14,4.505859,4.304688,4.398438,3.226217
2000-06-15,4.453125,4.304688,4.335938,3.180374
2000-06-16,4.484375,4.343750,4.359375,3.197565
2000-06-19,4.406250,4.320313,4.390625,3.220487
2000-06-20,4.468750,4.281250,4.437500,3.254870
2000-06-21,4.593750,4.437500,4.523438,3.317905
2000-06-22,4.609375,4.460938,4.476563,3.283522
2000-06-23,4.531250,4.406250,4.414063,3.237678
2000-06-26,4.531250,4.375000,4.531250,3.323634
2000-06-27,4.773438,4.484375,4.687500,3.438243
2000-06-28,4.820313,4.664063,4.773438,3.501278
2000-06-29,4.765625,4.671875,4.734375,3.472625
2000-06-30,4.867188,4.736328,4.773438,3.501278
2000-07-03,4.851563,4.734375,4.812500,3.529928
2000-07-05,4.875000,4.710938,4.789063,3.512738
2000-07-06,4.843750,4.562500,4.757813,3.489817
2000-07-07,5.250000,4.843750,5.226563,3.833642
2000-07-10,5.343750,4.968750,4.968750,3.644537
2000-07-11,5.101563,4.929688,4.992188,3.661729
2000-07-12,5.140625,4.968750,5.039063,3.696110
2000-07-13,5.015625,4.937500,5.000000,3.667458
2000-07-14,5.015625,4.953125,5.000000,3.667458
2000-07-17,5.015625,4.953125,4.976563,3.650267
2000-07-18,5.101563,4.953125,4.968750,3.644537
2000-07-19,5.031250,4.953125,4.968750,3.644537
2000-07-20,5.109375,4.984375,5.000000,3.667458
2000-07-21,5.054688,4.968750,4.992188,3.661729
2000-07-24,5.046875,4.921875,4.964844,3.641670
2000-07-25,4.937500,4.632813,4.820313,3.535659
2000-07-26,4.789063,4.679688,4.710938,3.455433
2000-07-27,4.757813,4.492188,4.515625,3.312175
2000-07-28,4.984375,4.609375,4.625000,3.392399
2000-07-31,4.890625,4.578125,4.687500,3.438243
2000-08-01,4.796875,4.679688,4.742188,3.478355
2000-08-02,5.007813,4.742188,4.906250,3.598694
2000-08-03,5.031250,4.835938,5.007813,3.673190
2000-08-04,5.242188,5.000000,5.210938,3.822182
2000-08-07,5.375000,5.101563,5.351563,3.925327
2000-08-08,5.414063,5.250000,5.359375,3.931059
2000-08-09,5.453125,5.328125,5.375000,3.942518
2000-08-10,5.515625,5.328125,5.359375,3.931059
2000-08-11,5.363281,5.195313,5.335938,3.913866
2000-08-14,5.351563,5.148438,5.242188,3.845101
2000-08-15,5.226563,5.062500,5.093750,3.736224
2000-08-16,5.179688,4.828125,5.054688,3.707572
2000-08-17,4.960938,4.718750,4.781250,3.507008
2000-08-18,4.753906,4.523438,4.578125,3.358017
2000-08-21,4.703125,4.554688,4.656250,3.415323
2000-08-22,4.804688,4.664063,4.687500,3.438243
2000-08-23,4.585938,4.453125,4.476563,3.283522
2000-08-24,4.515625,4.437500,4.515625,3.312175
2000-08-25,4.632813,4.437500,4.468750,3.277791
2000-08-28,4.562500,4.445313,4.507813,3.306444
2000-08-29,4.546875,4.320313,4.390625,3.220487
2000-08-30,4.671875,4.390625,4.585938,3.363747
2000-08-31,4.695313,4.507813,4.578125,3.358017
2000-09-01,4.937500,4.703125,4.710938,3.455433
2000-09-05,4.851563,4.687500,4.703125,3.449703
2000-09-06,4.812500,4.609375,4.617188,3.386670
2000-09-07,4.718750,4.593750,4.703125,3.449703
2000-09-08,4.671875,4.531250,4.531250,3.323634
2000-09-11,4.648438,4.484375,4.546875,3.335094
2000-09-12,4.718750,4.570313,4.671875,3.426781
2000-09-13,4.921875,4.679688,4.867188,3.570041
2000-09-14,4.859375,4.687500,4.742188,3.478355
2000-09-15,4.890625,4.750000,4.843750,3.552850
2000-09-18,4.804688,4.578125,4.689453,3.439676
2000-09-19,4.796875,4.570313,4.703125,3.449703
2000-09-20,4.765625,4.531250,4.734375,3.472625
2000-09-21,4.859375,4.656250,4.828125,3.541389
2000-09-22,4.960938,4.796875,4.890625,3.587233
2000-09-25,5.023438,4.828125,4.992188,3.661729
2000-09-26,5.046875,4.882813,4.937500,3.621616
2000-09-27,5.015625,4.750000,4.984375,3.655996
2000-09-28,5.210938,5.000000,5.132813,3.764877
2000-09-29,5.218750,4.968750,5.007813,3.673190
2000-10-02,5.062500,4.796875,5.046875,3.701842
2000-10-03,5.140625,4.890625,4.937500,3.621616
2000-10-04,5.109375,4.953125,5.093750,3.736224
2000-10-05,5.296875,5.000000,5.125000,3.759146
2000-10-06,5.296875,4.968750,5.023438,3.684651
2000-10-09,5.148438,4.968750,5.062500,3.713301
2000-10-10,5.179688,4.984375,5.070313,3.719033
2000-10-11,5.164063,4.968750,5.007813,3.673190
2000-10-12,5.007813,4.593750,4.789063,3.512738
2000-10-13,4.937500,4.640625,4.906250,3.598694
2000-10-16,5.125000,4.796875,5.070313,3.719033
2000-10-17,5.156250,4.882813,4.968750,3.644537
2000-10-18,5.132813,4.781250,5.039063,3.696110
2000-10-19,5.218750,4.890625,5.125000,3.759146
2000-10-20,5.117188,5.007813,5.039063,3.696110
2000-10-23,5.148438,4.953125,5.000000,3.667458
2000-10-24,5.187500,5.015625,5.046875,3.701842
2000-10-25,5.250000,5.046875,5.085938,3.730494
2000-10-26,5.132813,4.796875,5.125000,3.759146
2000-10-27,5.000000,4.687500,4.968750,3.644537
2000-10-30,5.250000,4.929688,5.203125,3.816448
2000-10-31,5.609375,5.226563,5.585938,4.097240
2000-11-01,5.648438,5.375000,5.570313,4.085779
2000-11-02,5.625000,5.468750,5.625000,4.125892
2000-11-03,5.914063,5.625000,5.851563,4.292072
2000-11-06,5.992188,5.765625,5.843750,4.286343
2000-11-07,5.898438,5.750000,5.882813,4.314995
2000-11-08,5.875000,5.570313,5.601563,4.108699
2000-11-09,5.632813,5.406250,5.601563,4.108699
2000-11-10,5.742188,5.500000,5.562500,4.080046
2000-11-13,5.648438,5.437500,5.546875,4.068587
2000-11-14,5.882813,5.554688,5.882813,4.314995
2000-11-15,6.031250,5.843750,5.945313,4.360835
2000-11-16,5.929688,5.671875,5.781250,4.240500
2000-11-17,6.101563,5.562500,5.992188,4.395221
2000-11-20,6.351563,5.898438,6.234375,4.572864
2000-11-21,6.007813,5.757813,5.929688,4.349378
2000-11-22,6.156250,5.812500,6.085938,4.463984
2000-11-24,6.117188,5.968750,6.000000,4.400950
2000-11-27,5.968750,5.476563,5.632813,4.131621
2000-11-28,5.765625,5.539063,5.566406,4.082912
2000-11-29,5.742188,5.578125,5.685547,4.170300
2000-11-30,5.781250,5.593750,5.695313,4.177464
2000-12-01,5.796875,5.468750,5.531250,4.057125
2000-12-04,5.671875,5.382813,5.609375,4.114433
2000-12-05,5.828125,5.539063,5.781250,4.240500
2000-12-06,5.812500,5.664063,5.750000,4.217577
2000-12-07,5.875000,5.656250,5.851563,4.292072
2000-12-08,5.875000,5.718750,5.859375,4.297802
2000-12-11,5.851563,5.460938,5.507813,4.039935
2000-12-12,5.742188,5.437500,5.617188,4.120159
2000-12-13,5.703125,5.492188,5.507813,4.039935
2000-12-14,5.578125,5.429688,5.445313,3.994091
2000-12-15,5.437500,5.171875,5.234375,3.839370
2000-12-18,5.507813,5.203125,5.445313,3.994091
2000-12-19,5.742188,5.453125,5.640625,4.137351
2000-12-20,5.609375,5.445313,5.500000,4.034203
2000-12-21,5.750000,5.453125,5.617188,4.120159
2000-12-22,5.734375,5.531250,5.656250,4.148812
2000-12-26,5.687500,5.531250,5.625000,4.125892
2000-12-27,5.640625,5.507813,5.531250,4.057125
2000-12-28,5.578125,5.445313,5.546875,4.068587
2000-12-29,5.648438,5.492188,5.531250,4.057125
2001-01-02,5.523438,5.164063,5.257813,3.856563
2001-01-03,5.531250,5.085938,5.406250,3.965440
2001-01-04,5.359375,5.046875,5.140625,3.770604
2001-01-05,5.398438,5.210938,5.218750,3.827910
2001-01-08,5.367188,5.156250,5.304688,3.890944
2001-01-09,5.406250,5.210938,5.218750,3.827910
2001-01-10,5.539063,5.125000,5.500000,4.034203
2001-01-11,5.578125,5.437500,5.539063,4.062857
2001-01-12,5.593750,5.445313,5.593750,4.102969
2001-01-16,5.703125,5.531250,5.601563,4.108699
2001-01-17,5.703125,5.546875,5.601563,4.108699
2001-01-18,5.726563,5.609375,5.679688,4.166003
2001-01-19,5.843750,5.609375,5.789063,4.246230
2001-01-22,5.828125,5.593750,5.656250,4.148812
2001-01-23,5.820313,5.625000,5.796875,4.251959
2001-01-24,5.828125,5.343750,5.421875,3.976899
2001-01-25,5.492188,5.226563,5.351563,3.925327
2001-01-26,5.726563,5.562500,5.703125,4.183195
2001-01-29,6.171875,5.687500,6.156250,4.515560
2001-01-30,6.109375,5.906250,6.093750,4.469714
2001-01-31,6.257813,6.085938,6.242188,4.578594
2001-02-01,6.210938,6.031250,6.132813,4.498368
2001-02-02,6.109375,5.953125,5.984375,4.389490
2001-02-05,6.062500,5.789063,5.992188,4.395221
2001-02-06,6.250000,5.976563,6.234375,4.572864
2001-02-07,6.257813,6.132813,6.234375,4.572864
2001-02-08,6.414063,6.023438,6.078125,4.458255
2001-02-09,6.148438,5.976563,6.039063,4.429602
2001-02-12,6.265625,6.039063,6.250000,4.584322
2001-02-13,6.351563,6.078125,6.078125,4.458255
2001-02-14,6.164063,5.937500,5.984375,4.389490
2001-02-15,6.179688,6.000000,6.156250,4.515560
2001-02-16,6.218750,6.031250,6.117188,4.486907
2001-02-20,6.281250,6.031250,6.039063,4.429602
2001-02-21,6.164063,5.859375,5.984375,4.389490
2001-02-22,6.078125,5.843750,5.921875,4.343646
2001-02-23,6.000000,5.781250,5.960938,4.372298
2001-02-26,6.062500,5.953125,5.976563,4.383759
2001-02-27,6.101563,5.937500,6.031250,4.423872
2001-02-28,6.062500,5.921875,5.953125,4.366567
2001-03-01,6.000000,5.789063,5.945313,4.360835
2001-03-02,6.132813,5.937500,5.937500,4.355109
2001-03-05,5.945313,5.757813,5.835938,4.280612
2001-03-06,5.906250,5.781250,5.843750,4.286343
2001-03-07,5.882813,5.736328,5.773438,4.234769
2001-03-08,5.953125,5.765625,5.945313,4.360835
2001-03-09,5.968750,5.851563,5.890625,4.320724
2001-03-12,5.867188,5.593750,5.617188,4.120159
2001-03-13,5.656250,5.312500,5.593750,4.102969
2001-03-14,5.554688,5.328125,5.406250,3.965440
2001-03-15,5.546875,5.390625,5.460938,4.005554
2001-03-16,5.500000,5.304688,5.476563,4.017014
2001-03-19,5.570313,5.445313,5.539063,4.062857
2001-03-20,5.656250,5.406250,5.406250,3.965440
2001-03-21,5.421875,5.109375,5.117188,3.753414
2001-03-22,5.226563,4.820313,5.007813,3.673190
2001-03-23,5.156250,4.929688,5.109375,3.747683
2001-03-26,5.312500,5.148438,5.203125,3.816448
2001-03-27,5.281250,5.031250,5.085938,3.730494
2001-03-28,5.195313,5.023438,5.148438,3.776336
2001-03-29,5.406250,5.062500,5.242188,3.845101
2001-03-30,5.445313,5.242188,5.304688,3.890944
2001-04-02,5.445313,5.312500,5.375000,3.942518
2001-04-03,5.398438,5.203125,5.218750,3.827910
2001-04-04,5.203125,5.062500,5.117188,3.753414
2001-04-05,5.265625,5.007813,5.117188,3.753414
2001-04-06,5.023438,4.539063,4.656250,3.415323
2001-04-09,4.845000,4.675000,4.828750,3.541847
2001-04-10,5.046250,4.862500,5.000000,3.667458
2001-04-11,5.193750,5.000000,5.031250,3.690381
2001-04-12,4.935000,4.677500,4.747500,3.482251
2001-04-16,4.968750,4.753750,4.821250,3.536348
2001-04-17,4.937500,4.781250,4.872500,3.573938
2001-04-18,5.255000,4.881250,5.188750,3.805904
2001-04-19,5.241250,5.050000,5.160000,3.784818
2001-04-20,5.125000,4.958750,5.028750,3.688547
2001-04-23,5.122500,4.865000,4.875000,3.575772
2001-04-24,4.918750,4.706250,4.713750,3.457497
2001-04-25,5.007500,4.706250,4.966250,3.642702
2001-04-26,5.100000,4.937500,4.960000,3.638118
2001-04-27,4.695000,4.587500,4.645000,3.407069
2001-04-30,4.937500,4.625000,4.837500,3.548266
2001-05-01,5.035000,4.800000,5.005000,3.671126
2001-05-02,5.040000,4.807500,4.927500,3.614279
2001-05-03,4.895000,4.725000,4.737500,3.474917
2001-05-04,4.750000,4.500000,4.747500,3.482251
2001-05-07,4.817500,4.662500,4.717500,3.460247
2001-05-08,4.815000,4.540000,4.647500,3.408903
2001-05-09,4.757500,4.600000,4.675000,3.429074
2001-05-10,4.737500,4.627500,4.652500,3.412570
2001-05-11,4.772500,4.642500,4.727500,3.467581
2001-05-14,4.880000,4.650000,4.830000,3.542766
2001-05-15,5.000000,4.775000,4.885000,3.583107
2001-05-16,5.030000,4.775000,5.005000,3.671126
2001-05-17,5.247500,5.000000,5.182500,3.801322
2001-05-18,5.215000,5.042500,5.175000,3.795819
2001-05-21,5.282500,5.080000,5.275000,3.869169
2001-05-22,5.382500,5.232500,5.300000,3.887505
2001-05-23,5.295000,4.992500,5.022500,3.683963
2001-05-24,5.095000,4.912500,5.095000,3.737141
2001-05-25,5.150000,4.957500,5.097500,3.738971
2001-05-29,5.187500,4.937500,4.967500,3.643620
2001-05-30,5.087500,4.912500,5.022500,3.683963
2001-05-31,5.025000,4.750000,4.880000,3.579440
2001-06-01,5.025000,4.737500,4.897500,3.592276
2001-06-04,4.925000,4.762500,4.797500,3.518926
2001-06-05,4.975000,4.792500,4.925000,3.612446
2001-06-06,4.920000,4.747500,4.805000,3.524427
2001-06-07,4.950000,4.750000,4.850000,3.557434
2001-06-08,4.865000,4.740000,4.760000,3.491419
2001-06-11,4.872500,4.760000,4.805000,3.524427
2001-06-12,4.925000,4.732500,4.852500,3.559268
2001-06-13,5.025000,4.850000,4.890000,3.586773
2001-06-14,4.945000,4.787500,4.797500,3.518926
2001-06-15,4.990000,4.750000,4.885000,3.583107
2001-06-18,4.997500,4.850000,4.925000,3.612446
2001-06-19,5.122500,4.957500,5.082500,3.727973
2001-06-20,5.270000,5.062500,5.242500,3.845331
2001-06-21,5.827500,5.215000,5.712500,4.190072
2001-06-22,5.675000,5.410000,5.510000,4.041538
2001-06-25,5.602500,5.480000,5.542500,4.065377
2001-06-26,5.532500,5.400000,5.472500,4.014034
2001-06-27,5.550000,5.387500,5.482500,4.021369
2001-06-28,5.787500,5.505000,5.662500,4.153396
2001-06-29,5.780000,5.462500,5.750000,4.217577
2001-07-02,5.725000,5.512500,5.692500,4.175403
2001-07-03,5.712500,5.460000,5.497500,4.032371
2001-07-05,5.567500,5.450000,5.480000,4.019534
2001-07-06,5.232500,5.000000,5.120000,3.755478
2001-07-09,5.267500,5.110000,5.235000,3.839829
2001-07-10,5.255000,5.090000,5.107500,3.746310
2001-07-11,5.237500,5.050000,5.172500,3.793987
2001-07-12,5.265000,5.137500,5.175000,3.795819
2001-07-13,5.167500,5.075000,5.125000,3.759146
2001-07-16,5.150000,5.012500,5.032500,3.691298
2001-07-17,5.062500,4.962500,5.015000,3.678461
2001-07-18,5.050000,4.805000,4.887500,3.584940
2001-07-19,5.012500,4.840000,4.860000,3.564769
2001-07-20,5.112500,4.850000,5.062500,3.713301
2001-07-23,5.145000,4.892500,4.920000,3.608779
2001-07-24,5.117500,4.852500,4.962500,3.639952
2001-07-25,5.007500,4.830000,4.902500,3.595942
2001-07-26,4.915000,4.730000,4.750000,3.484085
2001-07-27,4.750000,4.512500,4.687500,3.438243
2001-07-30,4.707500,4.560000,4.600000,3.374063
2001-07-31,4.645000,4.475000,4.510000,3.308048
2001-08-01,4.637500,4.500000,4.602500,3.375895
2001-08-02,4.637500,4.540000,4.615000,3.385065
2001-08-03,4.612500,4.365000,4.460000,3.271373
2001-08-06,4.555000,4.375000,4.380000,3.212694
2001-08-07,4.550000,4.375000,4.467500,3.276875
2001-08-08,4.522500,4.382500,4.400000,3.227364
2001-08-09,4.575000,4.390000,4.540000,3.330052
2001-08-10,4.625000,4.472500,4.490000,3.293377
2001-08-13,4.637500,4.487500,4.582500,3.361226
2001-08-14,4.627500,4.500000,4.502500,3.302546
2001-08-15,4.572500,4.437500,4.447500,3.262206
2001-08-16,4.520000,4.370000,4.520000,3.315382
2001-08-17,4.557500,4.385000,4.490000,3.293377
2001-08-20,4.710000,4.490000,4.675000,3.429074
2001-08-21,4.772500,4.625000,4.710000,3.454746
2001-08-22,4.725000,4.612500,4.697500,3.445578
2001-08-23,4.737500,4.637500,4.675000,3.429074
2001-08-24,4.750000,4.625000,4.637500,3.401567
2001-08-27,4.647500,4.585000,4.627500,3.394232
2001-08-28,4.652500,4.425000,4.460000,3.271373
2001-08-29,4.510000,4.362500,4.370000,3.205360
2001-08-30,4.497500,4.350000,4.362500,3.199857
2001-08-31,4.410000,4.200000,4.217500,3.093502
2001-09-04,4.330000,4.115000,4.120000,3.021986
2001-09-05,4.217500,4.037500,4.155000,3.047659
2001-09-06,4.130000,3.945000,4.060000,2.977977
2001-09-07,4.210000,4.012500,4.030000,2.955971
2001-09-10,4.195000,3.985000,4.112500,3.016484
2001-09-17,4.020000,3.850000,3.877500,2.844114
2001-09-18,3.970000,3.792500,3.900000,2.860618
2001-09-19,4.092500,3.752500,3.825000,2.805606
2001-09-20,3.805000,3.610000,3.667500,2.690080
2001-09-21,3.630000,3.365000,3.570000,2.618566
2001-09-24,3.785000,3.590000,3.742500,2.745093
2001-09-25,3.792500,3.570000,3.762500,2.759763
2001-09-26,3.757500,3.490000,3.500000,2.567221
2001-09-27,3.682500,3.410000,3.632500,2.664409
2001-09-28,3.802500,3.605000,3.735000,2.739591
2001-10-01,3.745000,3.540000,3.700000,2.713920
2001-10-02,3.772500,3.567500,3.640000,2.669910
2001-10-03,3.985000,3.602500,3.915000,2.871620
2001-10-04,4.045000,3.700000,3.767500,2.763430
2001-10-05,4.320000,4.007500,4.240000,3.110005
2001-10-08,4.312500,4.147500,4.267500,3.130176
2001-10-09,4.280000,4.087500,4.110000,3.014652
2001-10-10,4.332500,4.120000,4.197500,3.078832
2001-10-11,4.265000,4.127500,4.255000,3.121007
2001-10-12,4.187500,3.837500,4.000000,2.933967
2001-10-15,4.112500,3.917500,4.107500,3.012817
2001-10-16,4.270000,4.087500,4.217500,3.093502
2001-10-17,4.325000,3.950000,3.972500,2.913796
2001-10-18,4.140000,3.887500,4.075000,2.988978
2001-10-19,4.250000,4.030000,4.152500,3.045824
2001-10-22,4.342500,4.120000,4.302500,3.155849
2001-10-23,4.400000,4.237500,4.300000,3.154016
2001-10-24,4.437500,4.282500,4.345000,3.187021
2001-10-25,4.475000,4.210000,4.452500,3.265872
2001-10-26,4.487500,4.360000,4.465000,3.275041
2001-10-29,4.450000,4.212500,4.237500,3.108171
2001-10-30,4.375000,4.092500,4.332500,3.177853
2001-10-31,4.400000,4.222500,4.280000,3.139344
2001-11-01,4.382500,4.232500,4.322500,3.170518
2001-11-02,4.660000,4.325000,4.472500,3.280542
2001-11-05,4.667500,4.517500,4.650000,3.410737
2001-11-06,4.862500,4.562500,4.817500,3.533596
2001-11-07,4.887500,4.670000,4.750000,3.484085
2001-11-08,4.850000,4.625000,4.720000,3.462080
2001-11-09,4.797500,4.695000,4.757500,3.489586
2001-11-12,4.797500,4.525000,4.775000,3.502422
2001-11-13,4.837500,4.642500,4.827500,3.540930
2001-11-14,4.875000,4.700000,4.780000,3.506092
2001-11-15,4.812500,4.732500,4.792500,3.515260
2001-11-16,4.562500,4.287500,4.375000,3.209027
2001-11-19,4.392500,4.267500,4.347500,3.188854
2001-11-20,4.425000,4.287500,4.345000,3.187021
2001-11-21,4.442500,4.285000,4.327500,3.174185
2001-11-23,4.352500,4.300000,4.327500,3.174185
2001-11-26,4.372500,4.272500,4.342500,3.185187
2001-11-27,4.367500,4.262500,4.297500,3.152181
2001-11-28,4.335000,4.187500,4.227500,3.100837
2001-11-29,4.255000,4.170000,4.225000,3.099002
2001-11-30,4.442500,4.227500,4.430000,3.249368
2001-12-03,4.727500,4.400000,4.620000,3.388731
2001-12-04,4.925000,4.627500,4.915000,3.605113
2001-12-05,4.992500,4.860000,4.977500,3.650956
2001-12-06,4.967500,4.865000,4.885000,3.583107
2001-12-07,4.890000,4.690000,4.737500,3.474917
2001-12-10,4.847500,4.687500,4.780000,3.506092
2001-12-11,4.902500,4.740000,4.757500,3.489586
2001-12-12,4.740000,4.547500,4.685000,3.436410
2001-12-13,4.737500,4.565000,4.677500,3.430907
2001-12-14,4.895000,4.650000,4.802500,3.522595
2001-12-17,4.912500,4.800000,4.880000,3.579440
2001-12-18,4.880000,4.695000,4.877500,3.577605
2001-12-19,4.850000,4.687500,4.775000,3.502422
2001-12-20,4.762500,4.595000,4.602500,3.375895
2001-12-21,4.785000,4.562500,4.710000,3.454746
2001-12-24,4.775000,4.665000,4.715000,3.458414
2001-12-26,4.812500,4.687500,4.755000,3.487753
2001-12-27,4.875000,4.750000,4.840000,3.550100
2001-12-28,4.947500,4.837500,4.875000,3.575772
2001-12-31,4.940000,4.755000,4.762500,3.493253
2002-01-02,4.895000,4.750000,4.877500,3.577605
2002-01-03,5.125000,4.895000,5.105000,3.744476
2002-01-04,5.625000,5.425000,5.527500,4.054375
2002-01-07,5.622500,5.437500,5.460000,4.004864
2002-01-08,5.702500,5.462500,5.672500,4.160733
2002-01-09,5.742500,5.457500,5.467500,4.010365
2002-01-10,5.625000,5.425000,5.617500,4.120390
2002-01-11,5.640000,5.452500,5.470000,4.012200
2002-01-14,5.505000,5.390000,5.475000,4.015867
2002-01-15,5.502500,5.427500,5.477500,4.017699
2002-01-16,5.510000,5.300000,5.312500,3.896673
2002-01-17,5.502500,5.295000,5.502500,4.036038
2002-01-18,5.562500,5.402500,5.477500,4.017699
2002-01-22,5.525000,5.342500,5.345000,3.920511
2002-01-23,5.712500,5.345000,5.660000,4.151564
2002-01-24,5.832500,5.560000,5.785000,4.243248
2002-01-25,5.850000,5.632500,5.712500,4.190072
2002-01-28,5.777500,5.587500,5.720000,4.195571
2002-01-29,5.730000,5.500000,5.580000,4.092885
2002-01-30,5.720000,5.525000,5.690000,4.173567
2002-01-31,5.970000,5.707500,5.942500,4.358775
2002-02-01,5.962500,5.625000,5.717500,4.193738
2002-02-04,5.757500,5.530000,5.572500,4.087381
2002-02-05,5.732500,5.510000,5.592500,4.102050
2002-02-06,5.662500,5.390000,5.445000,3.993863
2002-02-07,5.592500,5.380000,5.415000,3.971857
2002-02-08,5.500000,5.312500,5.495000,4.030536
2002-02-11,5.562500,5.422500,5.450000,3.997532
2002-02-12,5.485000,5.375000,5.382500,3.948020
2002-02-13,5.512500,5.375000,5.500000,4.034203
2002-02-14,5.572500,5.395000,5.435000,3.986529
2002-02-15,5.507500,5.377500,5.390000,3.953521
2002-02-19,5.470000,5.292500,5.337500,3.915013
2002-02-20,5.437500,5.310000,5.407500,3.966355
2002-02-21,5.485000,5.255000,5.275000,3.869169
2002-02-22,5.477500,5.205000,5.402500,3.962689
2002-02-25,5.560000,5.382500,5.537500,4.061711
2002-02-26,5.662500,5.385000,5.577500,4.091048
2002-02-27,5.705000,5.565000,5.610000,4.114889
2002-02-28,5.900000,5.677500,5.752500,4.219412
2002-03-01,5.940000,5.712500,5.875000,4.309265
2002-03-04,6.032500,5.800000,6.017500,4.413785
2002-03-05,6.072500,5.810000,5.867500,4.303762
2002-03-06,5.897500,5.730000,5.785000,4.243248
2002-03-07,5.850000,5.737500,5.780000,4.239583
2002-03-08,5.820000,5.650000,5.740000,4.210241
2002-03-11,5.870000,5.687500,5.712500,4.190072
2002-03-12,5.737500,5.587500,5.725000,4.199240
2002-03-13,5.827500,5.625000,5.665000,4.155231
2002-03-14,5.882500,5.695000,5.835000,4.279925
2002-03-15,5.990000,5.862500,5.937500,4.355109
2002-03-18,6.000000,5.872500,5.935000,4.353273
2002-03-19,6.007500,5.915000,5.965000,4.375278
2002-03-20,6.132500,5.890000,5.920000,4.342272
2002-03-21,6.000000,5.795000,5.995000,4.397283
2002-03-22,5.980000,5.865000,5.895000,4.323936
2002-03-25,5.955000,5.762500,5.800000,4.254252
2002-03-26,5.935000,5.715000,5.872500,4.307430
2002-03-27,5.922500,5.757500,5.867500,4.303762
2002-03-28,5.885000,5.762500,5.782500,4.241417
2002-04-01,5.832500,5.702500,5.825000,4.272588
2002-04-02,5.880000,5.777500,5.820000,4.268922
2002-04-03,5.935000,5.812500,5.872500,4.307430
2002-04-04,5.990000,5.815000,5.970000,4.378944
2002-04-05,6.132500,5.995000,6.010000,4.408286
2002-04-08,6.122500,5.897500,6.112500,4.483469
2002-04-09,6.245000,6.087500,6.235000,4.573322
2002-04-10,6.287500,6.190000,6.265000,4.595325
2002-04-11,6.342500,6.202500,6.230000,4.569654
2002-04-12,6.385000,6.225000,6.292500,4.615498
2002-04-15,6.360000,6.192500,6.277500,4.604495
2002-04-16,6.385000,6.270000,6.345000,4.654004
2002-04-17,6.425000,6.287500,6.407500,4.699849
2002-04-18,6.420000,6.240000,6.350000,4.657673
2002-04-19,6.375000,6.235000,6.245000,4.580656
2002-04-22,6.310000,6.190000,6.240000,4.576987
2002-04-23,6.320000,6.260000,6.292500,4.615498
2002-04-24,6.375000,6.292500,6.295000,4.617331
2002-04-25,6.410000,6.310000,6.345000,4.654004
2002-04-26,6.312500,5.877500,5.880000,4.312930
2002-04-29,6.000000,5.722500,5.770000,4.232245
2002-04-30,5.775000,5.660000,5.705000,4.184571
2002-05-01,5.940000,5.675000,5.905000,4.331269
2002-05-02,5.995000,5.835000,5.912500,4.336770
2002-05-03,6.042500,5.840000,5.867500,4.303762
2002-05-06,5.897500,5.637500,5.665000,4.155231
2002-05-07,5.800000,5.627500,5.700000,4.180903
2002-05-08,5.747500,5.550000,5.687500,4.171734
2002-05-09,5.705000,5.577500,5.602500,4.109387
2002-05-10,5.647500,5.505000,5.505000,4.037870
2002-05-13,5.625000,5.502500,5.617500,4.120390
2002-05-14,5.940000,5.675000,5.897500,4.325767
2002-05-15,6.050000,5.855000,5.970000,4.378944
2002-05-16,6.037500,5.902500,5.970000,4.378944
2002-05-17,6.112500,5.947500,6.015000,4.411952
2002-05-20,5.875000,5.757500,5.827500,4.274426
2002-05-21,5.925000,5.737500,5.762500,4.226744
2002-05-22,5.792500,5.625000,5.715000,4.191904
2002-05-23,5.795000,5.617500,5.722500,4.197406
2002-05-24,5.735000,5.605000,5.607500,4.113054
2002-05-28,5.717500,5.482500,5.527500,4.054375
2002-05-29,5.800000,5.635000,5.745000,4.213910
2002-05-30,5.900000,5.787500,5.892500,4.322100
2002-05-31,6.125000,5.997500,6.070000,4.452296
2002-06-03,6.087500,5.887500,5.917500,4.340438
2002-06-04,6.080000,5.875000,6.055000,4.441294
2002-06-05,6.262500,6.062500,6.245000,4.580656
2002-06-06,6.250000,6.080000,6.087500,4.465132
2002-06-07,6.255000,6.130000,6.227500,4.567821
2002-06-10,6.240000,6.112500,6.157500,4.516476
2002-06-11,6.237500,5.935000,5.980000,4.386280
2002-06-12,6.137500,5.950000,6.097500,4.472465
2002-06-13,6.055000,5.900000,5.930000,4.349606
2002-06-14,5.925000,5.610000,5.910000,4.334936
2002-06-17,6.115000,5.875000,6.077500,4.457796
2002-06-18,6.185000,6.002500,6.117500,4.487136
2002-06-19,6.180000,6.062500,6.110000,4.481635
2002-06-20,6.325000,6.100000,6.247500,4.582489
2002-06-21,6.307500,6.092500,6.180000,4.532978
2002-06-24,6.257500,5.992500,6.187500,4.538482
2002-06-25,6.245000,6.052500,6.125000,4.492636
2002-06-26,6.140000,5.762500,6.122500,4.490804
2002-06-27,6.255000,5.957500,6.242500,4.578820
2002-06-28,6.280000,6.130000,6.212500,4.556819
2002-07-01,6.240000,6.072500,6.090000,4.466965
2002-07-02,6.190000,5.872500,5.880000,4.312930
2002-07-03,5.970000,5.700000,5.790000,4.246916
2002-07-05,6.010000,5.825000,5.960000,4.371610
2002-07-08,6.007500,5.595000,5.907500,4.333100
2002-07-09,5.892500,5.642500,5.672500,4.160733
2002-07-10,5.825000,5.580000,5.627500,4.127725
2002-07-11,5.652500,5.380000,5.597500,4.105720
2002-07-12,5.700000,5.410000,5.497500,4.032371
2002-07-15,5.562500,5.057500,5.542500,4.065377
2002-07-16,5.592500,5.232500,5.305000,3.891174
2002-07-17,5.437500,5.197500,5.350000,3.924180
2002-07-18,5.467500,5.202500,5.240000,3.843498
2002-07-19,5.175000,4.975000,5.025000,3.685796
2002-07-22,5.082500,4.610000,4.905000,3.597778
2002-07-23,4.937500,4.680000,4.717500,3.460247
2002-07-24,5.352500,4.685000,5.270000,3.865503
2002-07-25,5.175000,4.800000,5.002500,3.669292
2002-07-26,5.167500,4.675000,4.875000,3.575772
2002-07-29,5.082500,4.940000,5.077500,3.724304
2002-07-30,5.080000,4.877500,4.930000,3.616115
2002-07-31,4.940000,4.815000,4.907500,3.599609
2002-08-01,4.920000,4.707500,4.710000,3.454746
2002-08-02,4.872500,4.617500,4.702500,3.449246
2002-08-05,4.802500,4.625000,4.657500,3.416237
2002-08-06,4.817500,4.625000,4.772500,3.500588
2002-08-07,4.835000,4.642500,4.820000,3.535431
2002-08-08,4.860000,4.702500,4.847500,3.555601
2002-08-09,4.917500,4.765000,4.872500,3.573938
2002-08-12,4.980000,4.825000,4.930000,3.616115
2002-08-13,4.982500,4.735000,4.735000,3.473084
2002-08-14,5.175000,4.707500,5.120000,3.755478
2002-08-15,5.325000,5.075000,5.320000,3.902176
2002-08-16,5.300000,5.125000,5.205000,3.817825
2002-08-19,5.455000,5.175000,5.452500,3.999365
2002-08-20,5.347500,5.200000,5.262500,3.860000
2002-08-21,5.317500,5.075000,5.217500,3.826993
2002-08-22,5.300000,5.075000,5.282500,3.874671
2002-08-23,5.375000,5.212500,5.257500,3.856334
2002-08-26,5.345000,5.125000,5.247500,3.848996
2002-08-27,5.282500,5.067500,5.080000,3.726138
2002-08-28,5.125000,4.952500,4.965000,3.641785
2002-08-29,5.150000,4.900000,5.112500,3.749977
2002-08-30,5.150000,4.975000,5.025000,3.685796
2002-09-03,5.072500,4.937500,4.995000,3.663790
2002-09-04,5.200000,4.985000,5.175000,3.795819
2002-09-05,5.125000,5.020000,5.057500,3.709635
2002-09-06,5.295000,5.055000,5.220000,3.828826
2002-09-09,5.275000,5.132500,5.225000,3.832494
2002-09-10,5.262500,5.080000,5.262500,3.860000
2002-09-11,5.312500,5.102500,5.122500,3.757311
2002-09-12,5.152500,5.035000,5.045000,3.700465
2002-09-13,5.172500,4.987500,5.140000,3.770149
2002-09-16,5.197500,5.055000,5.142500,3.771981
2002-09-17,5.227500,5.012500,5.027500,3.687630
2002-09-18,5.162500,4.900000,5.085000,3.729804
2002-09-19,5.187500,4.975000,5.092500,3.735305
2002-09-20,5.227500,5.020000,5.195000,3.810490
2002-09-23,5.182500,5.007500,5.072500,3.720637
2002-09-24,5.102500,4.950000,4.995000,3.663790
2002-09-25,5.200000,5.010000,5.170000,3.792152
2002-09-26,5.340000,5.175000,5.295000,3.883838
2002-09-27,5.392500,5.230000,5.250000,3.850831
2002-09-30,5.295000,5.065000,5.165000,3.788484
2002-10-01,5.372500,5.165000,5.350000,3.924180
2002-10-02,5.380000,5.190000,5.235000,3.839829
2002-10-03,5.387500,5.200000,5.275000,3.869169
2002-10-04,5.490000,5.245000,5.305000,3.891174
2002-10-07,5.380000,5.207500,5.277500,3.871002
2002-10-08,5.522500,5.302500,5.435000,3.986529
2002-10-09,5.492500,5.340000,5.382500,3.948020
2002-10-10,5.570000,5.167500,5.547500,4.069046
2002-10-11,5.727500,5.500000,5.662500,4.153396
2002-10-14,5.807500,5.635000,5.772500,4.234081
2002-10-15,6.025000,5.790000,5.885000,4.316599
2002-10-16,5.912500,5.765000,5.852500,4.292759
2002-10-17,5.882500,5.322500,5.430000,3.982859
2002-10-18,5.590000,5.417500,5.582500,4.094715
2002-10-21,5.782500,5.505000,5.777500,4.237749
2002-10-22,5.875000,5.600000,5.647500,4.142395
2002-10-23,5.782500,5.635000,5.780000,4.239583
2002-10-24,5.842500,5.562500,5.612500,4.116722
2002-10-25,5.982500,5.625000,5.982500,4.388115
2002-10-28,5.997500,5.750000,5.797500,4.252418
2002-10-29,5.910000,5.750000,5.875000,4.309265
2002-10-30,5.985000,5.772500,5.945000,4.360607
2002-10-31,6.025000,5.900000,5.960000,4.371610
2002-11-01,6.040000,5.910000,5.965000,4.375278
2002-11-04,5.927500,5.685000,5.715000,4.191904
2002-11-05,5.850000,5.645000,5.835000,4.279925
2002-11-06,5.862500,5.682500,5.792500,4.248751
2002-11-07,5.792500,5.685000,5.735000,4.206576
2002-11-08,5.762500,5.612500,5.635000,4.133227
2002-11-11,5.552500,5.422500,5.442500,3.992029
2002-11-12,5.615000,5.402500,5.460000,4.004864
2002-11-13,5.510000,5.360000,5.472500,4.014034
2002-11-14,5.660000,5.475000,5.630000,4.129558
2002-11-15,5.612500,5.330000,5.500000,4.034203
2002-11-18,5.535000,5.375000,5.377500,3.944351
2002-11-19,5.447500,5.212500,5.345000,3.920511
2002-11-20,5.507500,5.312500,5.475000,4.015867
2002-11-21,5.597500,5.335000,5.382500,3.948020
2002-11-22,5.487500,5.362500,5.452500,3.999365
2002-11-25,5.520000,5.407500,5.502500,4.036038
2002-11-26,5.515000,5.425000,5.467500,4.010365
2002-11-27,5.670000,5.475000,5.610000,4.114889
2002-11-29,5.625000,5.405000,5.435000,3.986529
2002-12-02,5.522500,5.342500,5.395000,3.957187
2002-12-03,5.417500,5.217500,5.245000,3.847165
2002-12-04,5.345000,5.177500,5.287500,3.878338
2002-12-05,5.370000,5.125000,5.137500,3.768313
2002-12-06,5.347500,5.062500,5.312500,3.896673
2002-12-09,5.300000,5.137500,5.155000,3.781149
2002-12-10,5.267500,5.125000,5.147500,3.775647
2002-12-11,5.150000,5.062500,5.090000,3.733472
2002-12-12,5.212500,5.045000,5.177500,3.797654
2002-12-13,5.185000,5.067500,5.090000,3.733472
2002-12-16,5.360000,5.062500,5.325000,3.905842
2002-12-17,5.315000,5.187500,5.280000,3.872835
2002-12-18,5.380000,5.242500,5.337500,3.915013
2002-12-19,5.372500,5.187500,5.202500,3.815989
2002-12-20,5.305000,5.127500,5.185000,3.803154
2002-12-23,5.262500,5.170000,5.230000,3.836162
2002-12-24,5.272500,5.162500,5.175000,3.795819
2002-12-26,5.262500,5.147500,5.200000,3.814157
2002-12-27,5.192500,5.105000,5.135000,3.766479
2002-12-30,5.160000,5.060000,5.155000,3.781149
2002-12-31,5.160000,5.075000,5.095000,3.737141
2003-01-02,5.335000,5.115000,5.300000,3.887505
2003-01-03,5.422500,5.235000,5.280000,3.872835
2003-01-06,5.407500,5.290000,5.367500,3.937015
2003-01-07,5.340000,5.247500,5.310000,3.894840
2003-01-08,5.312500,5.162500,5.197500,3.812323
2003-01-09,5.295000,5.190000,5.200000,3.814157
2003-01-10,5.230000,5.115000,5.222500,3.830662
2003-01-13,5.215000,5.112500,5.162500,3.786652
2003-01-14,5.175000,5.037500,5.067500,3.716969
2003-01-15,5.132500,5.025000,5.087500,3.731639
2003-01-16,5.130000,5.012500,5.062500,3.713301
2003-01-17,5.087500,5.007500,5.022500,3.683963
2003-01-21,5.080000,4.940000,4.950000,3.630784
2003-01-22,5.072500,4.905000,5.012500,3.676628
2003-01-23,5.050000,4.935000,5.005000,3.671126
2003-01-24,5.770000,5.475000,5.737500,4.208408
2003-01-27,5.737500,5.565000,5.655000,4.147897
2003-01-28,5.825000,5.650000,5.672500,4.160733
2003-01-29,5.762500,5.537500,5.707500,4.186403
2003-01-30,5.732500,5.610000,5.622500,4.124057
2003-01-31,5.747500,5.575000,5.680000,4.166233
2003-02-03,5.712500,5.625000,5.655000,4.147897
2003-02-04,5.650000,5.517500,5.587500,4.098385
2003-02-05,5.677500,5.502500,5.547500,4.069046
2003-02-06,5.650000,5.475000,5.525000,4.052541
2003-02-07,5.600000,5.400000,5.495000,4.030536
2003-02-10,5.560000,5.400000,5.537500,4.061711
2003-02-11,5.617500,5.477500,5.530000,4.056210
2003-02-12,5.595000,5.500000,5.527500,4.054375
2003-02-13,5.585000,5.417500,5.487500,4.025036
2003-02-14,5.650000,5.490000,5.630000,4.129558
2003-02-18,5.735000,5.637500,5.727500,4.201073
2003-02-19,5.750000,5.637500,5.707500,4.186403
2003-02-20,5.745000,5.632500,5.647500,4.142395
2003-02-21,5.830000,5.675000,5.830000,4.276257
2003-02-24,5.787500,5.612500,5.627500,4.127725
2003-02-25,5.725000,5.525000,5.705000,4.184571
2003-02-26,5.682500,5.520000,5.550000,4.070879
2003-02-27,5.787500,5.590000,5.772500,4.234081
2003-02-28,5.880000,5.730000,5.862500,4.300095
2003-03-03,5.910000,5.780000,5.805000,4.257919
2003-03-04,5.910000,5.750000,5.842500,4.285425
2003-03-05,5.895000,5.777500,5.850000,4.290926
2003-03-06,5.890000,5.777500,5.845000,4.287258
2003-03-07,5.787500,5.665000,5.725000,4.199240
2003-03-10,5.705000,5.575000,5.617500,4.120390
2003-03-11,5.697500,5.562500,5.607500,4.113054
2003-03-12,5.675000,5.550000,5.625000,4.125892
2003-03-13,6.020000,5.665000,6.015000,4.411952
2003-03-14,6.160000,5.952500,6.065000,4.448627
2003-03-17,6.437500,5.985000,6.357500,4.663173
2003-03-18,6.325000,6.195000,6.267500,4.597160
2003-03-19,6.325000,6.177500,6.247500,4.582489
2003-03-20,6.370000,6.105000,6.312500,4.630167
2003-03-21,6.630000,6.352500,6.570000,4.819041
2003-03-24,6.457500,6.287500,6.322500,4.637502
2003-03-25,6.567500,6.295000,6.500000,4.767695
2003-03-26,6.597500,6.440000,6.570000,4.819041
2003-03-27,6.625000,6.447500,6.570000,4.819041
2003-03-28,6.535000,6.407500,6.470000,4.745692
2003-03-31,6.485000,6.282500,6.440000,4.723687
2003-04-01,6.482500,6.325000,6.332500,4.644834
2003-04-02,6.587500,6.440000,6.565000,4.815374
2003-04-03,6.575000,6.382500,6.452500,4.732856
2003-04-04,6.425000,6.242500,6.300000,4.620998
2003-04-07,6.537500,6.372500,6.380000,4.679677
2003-04-08,6.500000,6.327500,6.442500,4.725520
2003-04-09,6.550000,6.355000,6.355000,4.661339
2003-04-10,6.437500,6.315000,6.432500,4.718184
2003-04-11,6.525000,6.217500,6.382500,4.681510
2003-04-14,6.565000,6.385000,6.520000,4.782364
2003-04-15,6.695000,6.472500,6.685000,4.903392
2003-04-16,6.717500,6.320000,6.432500,4.718184
2003-04-17,6.470000,6.335000,6.462500,4.740192
2003-04-21,6.497500,6.267500,6.300000,4.620998
2003-04-22,6.332500,6.205000,6.280000,4.606328
2003-04-23,6.315000,6.107500,6.145000,4.507306
2003-04-24,6.350000,6.065000,6.307500,4.626497
2003-04-25,6.110000,5.837500,5.867500,4.303762
2003-04-28,6.032500,5.880000,6.007500,4.406450
2003-04-29,6.037500,5.932500,5.980000,4.386280
2003-04-30,5.962500,5.865000,5.877500,4.311098
2003-05-01,6.017500,5.822500,6.000000,4.400950
2003-05-02,6.062500,5.910000,5.945000,4.360607
2003-05-05,5.975000,5.872500,5.882500,4.314765
2003-05-06,6.062500,5.852500,5.990000,4.393614
2003-05-07,6.025000,5.892500,5.900000,4.327601
2003-05-08,5.907500,5.740000,5.750000,4.217577
2003-05-09,5.867500,5.745000,5.807500,4.259754
2003-05-12,5.915000,5.700000,5.847500,4.289093
2003-05-13,5.910000,5.760000,5.785000,4.243248
2003-05-14,5.835000,5.745000,5.775000,4.235914
2003-05-15,5.965000,5.780000,5.962500,4.373444
2003-05-16,5.987500,5.847500,5.875000,4.309265
2003-05-19,5.875000,5.712500,5.727500,4.201073
2003-05-20,5.862500,5.707500,5.767500,4.230413
2003-05-21,5.842500,5.725000,5.760000,4.224913
2003-05-22,5.960000,5.760000,5.882500,4.314765
2003-05-23,5.910000,5.775000,5.857500,4.296428
2003-05-27,5.987500,5.770000,5.925000,4.345938
2003-05-28,6.012500,5.872500,5.907500,4.333100
2003-05-29,6.027500,5.840000,5.900000,4.327601
2003-05-30,6.207500,5.975000,6.167500,4.523811
2003-06-02,6.200000,6.025000,6.122500,4.490804
2003-06-03,6.250000,6.035000,6.105000,4.477967
2003-06-04,6.127500,6.032500,6.092500,4.468799
2003-06-05,6.187500,5.997500,6.160000,4.518310
2003-06-06,6.365000,6.075000,6.120000,4.488970
2003-06-09,6.137500,6.020000,6.082500,4.461463
2003-06-10,6.157500,6.030000,6.100000,4.474298
2003-06-11,6.105000,6.007500,6.085000,4.463298
2003-06-12,6.117500,5.995000,6.040000,4.430290
2003-06-13,6.065000,5.987500,5.995000,4.397283
2003-06-16,6.237500,5.997500,6.190000,4.540313
2003-06-17,6.225000,6.037500,6.112500,4.483469
2003-06-18,6.100000,5.997500,6.040000,4.430290
2003-06-19,6.100000,5.992500,6.042500,4.432124
2003-06-20,6.150000,5.987500,6.005000,4.404619
2003-06-23,6.095000,5.937500,6.020000,4.415621
2003-06-24,6.065000,5.987500,6.012500,4.410119
2003-06-25,6.092500,6.000000,6.022500,4.417454
2003-06-26,6.120000,5.992500,6.112500,4.483469
2003-06-27,6.195000,6.050000,6.137500,4.501807
2003-06-30,6.272500,6.032500,6.137500,4.501807
2003-07-01,6.420000,6.195000,6.332500,4.644834
2003-07-02,6.775000,6.465000,6.742500,4.945568
2003-07-03,6.820000,6.600000,6.667500,4.890557
2003-07-07,6.835000,6.687500,6.820000,5.002413
2003-07-08,6.860000,6.672500,6.830000,5.009747
2003-07-09,6.825000,6.725000,6.782500,4.974909
2003-07-10,6.780000,6.560000,6.667500,4.890557
2003-07-11,6.750000,6.632500,6.712500,4.923564
2003-07-14,6.872500,6.687500,6.707500,4.919897
2003-07-15,6.820000,6.595000,6.620000,4.855714
2003-07-16,6.755000,6.597500,6.730000,4.936400
2003-07-17,6.740000,6.562500,6.582500,4.828210
2003-07-18,6.700000,6.525000,6.660000,4.885055
2003-07-21,6.682500,6.525000,6.675000,4.896057
2003-07-22,6.862500,6.580000,6.722500,4.930898
2003-07-23,6.747500,6.600000,6.710000,4.921729
2003-07-24,6.812500,6.587500,6.597500,4.839212
2003-07-25,6.707500,6.472500,6.675000,4.896057
2003-07-28,6.725000,6.577500,6.652500,4.879552
2003-07-29,6.712500,6.517500,6.595000,4.837377
2003-07-30,6.830000,6.640000,6.717500,4.927229
2003-07-31,6.942500,6.710000,6.832500,5.011582
2003-08-01,6.880000,6.717500,6.777500,4.971241
2003-08-04,6.852500,6.562500,6.737500,4.941900
2003-08-05,6.787500,6.560000,6.575000,4.822708
2003-08-06,6.687500,6.505000,6.532500,4.791535
2003-08-07,6.625000,6.500000,6.530000,4.789702
2003-08-08,6.632500,6.500000,6.545000,4.800703
2003-08-11,6.677500,6.512500,6.602500,4.842878
2003-08-12,6.677500,6.562500,6.662500,4.886889
2003-08-13,6.702500,6.600000,6.627500,4.861217
2003-08-14,6.785000,6.575000,6.737500,4.941900
2003-08-15,6.825000,6.672500,6.722500,4.930898
2003-08-18,6.817500,6.732500,6.807500,4.993244
2003-08-19,6.857500,6.702500,6.757500,4.956571
2003-08-20,6.800000,6.720000,6.782500,4.974909
2003-08-21,6.817500,6.710000,6.782500,4.974909
2003-08-22,6.860000,6.675000,6.700000,4.914395
2003-08-25,6.797500,6.630000,6.795000,4.984074
2003-08-26,6.790000,6.625000,6.775000,4.969408
2003-08-27,6.812500,6.712500,6.780000,4.973074
2003-08-28,6.945000,6.757500,6.910000,5.068427
2003-08-29,7.132500,6.927500,7.097500,5.205956
2003-09-02,7.212500,7.015000,7.187500,5.271971
2003-09-03,7.345000,7.125000,7.240000,5.310480
2003-09-04,7.325000,7.182500,7.297500,5.352655
2003-09-05,7.290000,7.142500,7.202500,5.282975
2003-09-08,7.372500,7.177500,7.247500,5.315980
2003-09-09,7.280000,7.197500,7.220000,5.295810
2003-09-10,7.260000,7.115000,7.130000,5.229797
2003-09-11,7.347500,7.130000,7.262500,5.326982
2003-09-12,7.305000,7.207500,7.290000,5.347154
2003-09-15,7.292500,7.210000,7.217500,5.293976
2003-09-16,7.377500,7.230000,7.352500,5.392997
2003-09-17,7.367500,7.237500,7.277500,5.337987
2003-09-18,7.432500,7.212500,7.395000,5.424170
2003-09-19,7.497500,7.242500,7.297500,5.352655
2003-09-22,7.295000,7.172500,7.270000,5.332484
2003-09-23,7.612500,7.225000,7.547500,5.536031
2003-09-24,7.737500,7.457500,7.525000,5.519525
2003-09-25,7.545000,7.455000,7.495000,5.497520
2003-09-26,7.470000,7.337500,7.392500,5.422338
2003-09-29,7.430000,7.210000,7.310000,5.361823
2003-09-30,7.267500,7.137500,7.200000,5.281140
2003-10-01,7.357500,7.200000,7.325000,5.372826
2003-10-02,7.417500,7.275000,7.357500,5.396666
2003-10-03,7.697500,7.500000,7.555000,5.541530
2003-10-06,7.540000,7.450000,7.510000,5.508524
2003-10-07,7.572500,7.487500,7.572500,5.554367
2003-10-08,7.580000,7.475000,7.477500,5.484686
2003-10-09,7.720000,7.500000,7.552500,5.539695
2003-10-10,7.612500,7.487500,7.547500,5.536031
2003-10-13,7.670000,7.525000,7.597500,5.572703
2003-10-14,7.610000,7.542500,7.590000,5.567202
2003-10-15,7.650000,7.515000,7.562500,5.547029
2003-10-16,7.642500,7.500000,7.610000,5.581872
2003-10-17,7.647500,7.482500,7.515000,5.512190
2003-10-20,7.585000,7.455000,7.547500,5.536031
2003-10-21,7.562500,7.465000,7.497500,5.499352
2003-10-22,7.517500,7.397500,7.480000,5.486520
2003-10-23,7.595000,7.460000,7.505000,5.504856
2003-10-24,7.587500,7.405000,7.570000,5.552532
2003-10-27,7.622500,7.475000,7.502500,5.503020
2003-10-28,7.772500,7.512500,7.750000,5.684561
2003-10-29,7.867500,7.725000,7.775000,5.702898
2003-10-30,8.000000,7.827500,7.860000,5.765244
2003-10-31,7.975000,7.852500,7.900000,5.794585
2003-11-03,7.997500,7.840000,7.927500,5.814754
2003-11-04,7.987500,7.860000,7.892500,5.789082
2003-11-05,8.067500,7.830000,8.032500,5.891773
2003-11-06,8.147500,7.980000,8.130000,5.963289
2003-11-07,8.222500,8.090000,8.132500,5.965122
2003-11-10,8.180000,8.000000,8.020000,5.882604
2003-11-11,8.062500,7.950000,7.997500,5.866100
2003-11-12,8.162500,7.982500,8.147500,5.976121
2003-11-13,8.262500,8.065000,8.250000,6.051306
2003-11-14,8.147500,7.982500,8.017500,5.880771
2003-11-17,8.120000,7.810000,7.927500,5.814754
2003-11-18,8.000000,7.715000,7.742500,5.679057
2003-11-19,7.827500,7.500000,7.675000,5.629549
2003-11-20,7.677500,7.517500,7.615000,5.585541
2003-11-21,7.872500,7.525000,7.627500,5.594707
2003-11-24,7.835000,7.607500,7.775000,5.702898
2003-11-25,7.937500,7.690000,7.877500,5.778080
2003-11-26,8.100000,7.915000,8.020000,5.882604
2003-11-28,8.102500,8.000000,8.042500,5.899107
2003-12-01,8.187500,8.002500,8.107500,5.946784
2003-12-02,8.102500,8.000000,8.012500,5.877101
2003-12-03,8.175000,7.950000,7.987500,5.858765
2003-12-04,8.040000,7.875000,8.002500,5.869766
2003-12-05,8.040000,7.917500,7.960000,5.838594
2003-12-08,8.087500,7.930000,8.080000,5.926614
2003-12-09,8.137500,7.915000,7.915000,5.805587
2003-12-10,7.975000,7.870000,7.927500,5.814754
2003-12-11,8.112500,7.882500,8.047500,5.902775
2003-12-12,8.092500,7.895000,7.932500,5.818422
2003-12-15,8.100000,7.862500,7.880000,5.779915
2003-12-16,8.047500,7.855000,8.000000,5.867934
2003-12-17,8.042500,7.875000,7.942500,5.825756
2003-12-18,8.095000,7.920000,8.082500,5.928448
2003-12-19,8.145000,7.935000,8.022500,5.884438
2003-12-22,8.052500,7.870000,8.000000,5.867934
2003-12-23,8.082500,7.927500,8.020000,5.882604
2003-12-24,8.052500,7.937500,7.962500,5.840427
2003-12-26,8.015000,7.932500,7.985000,5.856932
2003-12-29,8.122500,7.975000,8.075000,5.922944
2003-12-30,8.237500,8.050000,8.177500,5.998130
2003-12-31,8.357500,8.202500,8.290000,6.080648
2004-01-02,8.410000,8.225000,8.227500,6.034803
2004-01-05,8.372500,8.232500,8.352500,6.126488
2004-01-06,8.625000,8.412500,8.455000,6.201673
2004-01-07,8.500000,8.345000,8.420000,6.176000
2004-01-08,8.397500,8.250000,8.345000,6.120988
2004-01-09,8.397500,8.272500,8.275000,6.069644
2004-01-12,8.357500,8.237500,8.340000,6.117321
2004-01-13,8.340000,8.240000,8.277500,6.071477
2004-01-14,8.462500,8.275000,8.407500,6.166832
2004-01-15,8.575000,8.330000,8.485000,6.223676
2004-01-16,8.665000,8.477500,8.640000,6.337369
2004-01-20,8.750000,8.575000,8.707500,6.386878
2004-01-21,8.825000,8.650000,8.750000,6.418055
2004-01-22,9.050000,8.830000,8.932500,6.551914
2004-01-23,9.032500,8.920000,8.970000,6.579422
2004-01-26,9.085000,8.847500,9.085000,6.663772
2004-01-27,9.112500,8.900000,8.920000,6.542746
2004-01-28,9.050000,8.817500,8.865000,6.502407
2004-01-29,9.167500,8.932500,9.120000,6.689444
2004-01-30,9.202500,9.002500,9.152500,6.713286
2004-02-02,9.225000,9.002500,9.057500,6.643601
2004-02-03,9.180000,9.000000,9.117500,6.687609
2004-02-04,9.250000,9.050000,9.215000,6.759127
2004-02-05,9.285000,9.155000,9.190000,6.740788
2004-02-06,9.327500,9.175000,9.312500,6.830645
2004-02-09,9.337500,9.197500,9.207500,6.753626
2004-02-10,9.280000,9.162500,9.230000,6.770130
2004-02-11,9.350000,9.167500,9.342500,6.852648
2004-02-12,9.325000,9.205000,9.245000,6.781131
2004-02-13,9.302500,9.110000,9.175000,6.729789
2004-02-17,9.785000,9.122500,9.687500,7.105700
2004-02-18,9.630000,9.405000,9.495000,6.964503
2004-02-19,9.645000,9.472500,9.512500,6.977339
2004-02-20,9.620000,9.415000,9.442500,6.925997
2004-02-23,9.577500,9.362500,9.447500,6.929663
2004-02-24,9.790000,9.470000,9.715000,7.125872
2004-02-25,9.920000,9.657500,9.737500,7.142375
2004-02-26,9.412500,9.187500,9.352500,6.859980
2004-02-27,9.487500,9.272500,9.350000,6.858149
2004-03-01,9.490000,9.305000,9.457500,6.936999
2004-03-02,9.462500,9.302500,9.347500,6.856317
2004-03-03,9.500000,9.312500,9.452500,6.933330
2004-03-04,9.575000,9.387500,9.482500,6.955336
2004-03-05,9.685000,9.417500,9.505000,6.971838
2004-03-08,9.585000,9.342500,9.365000,6.869153
2004-03-09,9.475000,9.307500,9.382500,6.881986
2004-03-10,9.587500,9.372500,9.457500,6.936999
2004-03-11,9.550000,9.387500,9.407500,6.900325
2004-03-12,9.497500,9.340000,9.400000,6.894822
2004-03-15,9.450000,9.240000,9.255000,6.788464
2004-03-16,9.410000,9.287500,9.345000,6.854479
2004-03-17,9.417500,9.317500,9.340000,6.850811
2004-03-18,9.362500,9.220000,9.265000,6.795800
2004-03-19,9.297500,9.182500,9.197500,6.746291
2004-03-22,9.320000,9.127500,9.300000,6.821473
2004-03-23,9.337500,9.167500,9.200000,6.748125
2004-03-24,9.352500,9.167500,9.245000,6.781131
2004-03-25,9.350000,9.197500,9.322500,6.837976
2004-03-26,9.332500,9.200000,9.205000,6.751790
2004-03-29,9.447500,9.220000,9.417500,6.907658
2004-03-30,9.527500,9.320000,9.507500,6.973673
2004-03-31,9.585000,9.417500,9.467500,6.944333
2004-04-01,9.595000,9.415000,9.557500,7.010348
2004-04-02,9.905000,9.617500,9.825000,7.206556
2004-04-05,9.925000,9.750000,9.925000,7.279904
2004-04-06,9.977500,9.782500,9.925000,7.279904
2004-04-07,9.947500,9.757500,9.807500,7.193720
2004-04-08,9.862500,9.702500,9.785000,7.177219
2004-04-12,9.855000,9.742500,9.800000,7.188222
2004-04-13,9.867500,9.592500,9.620000,7.056192
2004-04-14,9.625000,9.475000,9.560000,7.012185
2004-04-15,9.605000,9.472500,9.515000,6.979172
2004-04-16,9.585000,9.435000,9.460000,6.938831
2004-04-19,9.550000,9.435000,9.522500,6.984674
2004-04-20,9.647500,9.305000,9.307500,6.826976
2004-04-21,9.402500,9.185000,9.307500,6.826976
2004-04-22,9.875000,9.500000,9.765000,7.162546
2004-04-23,9.842500,9.675000,9.795000,7.184551
2004-04-26,9.867500,9.640000,9.750000,7.151544
2004-04-27,9.975000,9.757500,9.817500,7.201055
2004-04-28,9.875000,9.672500,9.735000,7.140539
2004-04-29,9.930000,9.675000,9.777500,7.171718
2004-04-30,9.905000,9.700000,9.730000,7.136874
2004-05-03,9.840000,9.625000,9.787500,7.179053
2004-05-04,9.987500,9.757500,9.900000,7.261569
2004-05-05,9.977500,9.847500,9.955000,7.301911
2004-05-06,9.957500,9.750000,9.857500,7.230396
2004-05-07,9.815000,9.515000,9.537500,6.995676
2004-05-10,9.537500,9.405000,9.492500,6.962669
2004-05-11,9.645000,9.435000,9.532500,6.992009
2004-05-12,9.537500,9.257500,9.442500,6.925997
2004-05-13,9.472500,9.312500,9.462500,6.940662
2004-05-14,9.632500,9.412500,9.510000,6.975506
2004-05-17,9.500000,9.375000,9.395000,6.891156
2004-05-18,9.470000,9.380000,9.402500,6.896656
2004-05-19,9.522500,9.335000,9.385000,6.883819
2004-05-20,9.645000,9.407500,9.617500,7.054356
2004-05-21,9.750000,9.587500,9.692500,7.109366
2004-05-24,9.807500,9.640000,9.690000,7.107533
2004-05-25,9.912500,9.630000,9.895000,7.257901
2004-05-26,9.947500,9.825000,9.917500,7.274404
2004-05-27,10.122500,9.947500,10.005000,7.338584
2004-05-28,10.300000,10.025000,10.150000,7.444937
2004-06-01,10.305000,10.155000,10.262500,7.527459
2004-06-02,10.427500,10.265000,10.355000,7.595307
2004-06-03,10.442500,10.287500,10.300000,7.554968
2004-06-04,10.452500,10.310000,10.340000,7.584304
2004-06-07,10.597500,10.367500,10.580000,7.760345
2004-06-08,10.792500,10.517500,10.772500,7.901536
2004-06-09,10.832500,10.637500,10.687500,7.839190
2004-06-10,10.802500,10.640000,10.657500,7.817191
2004-06-14,10.660000,10.317500,10.495000,7.697992
2004-06-15,10.717500,10.425000,10.695000,7.844693
2004-06-16,10.737500,10.562500,10.730000,7.870364
2004-06-17,10.800000,10.662500,10.765000,7.896041
2004-06-18,11.050000,10.672500,10.925000,8.013400
2004-06-21,11.062500,10.887500,10.940000,8.024400
2004-06-22,10.972500,10.732500,10.950000,8.031734
2004-06-23,11.062500,10.887500,11.045000,8.101412
2004-06-24,11.100000,10.867500,10.907500,8.000557
2004-06-25,10.960000,10.612500,10.800000,7.921708
2004-06-28,10.900000,10.770000,10.817500,7.934546
2004-06-29,10.935000,10.757500,10.802500,7.923542
2004-06-30,10.942500,10.700000,10.872500,7.974889
2004-07-01,11.275000,11.005000,11.155000,8.182096
2004-07-02,11.452500,11.152500,11.385000,8.350805
2004-07-06,11.597500,11.342500,11.352500,8.326964
2004-07-07,11.565000,11.377500,11.535000,8.460826
2004-07-08,11.590000,11.270000,11.287500,8.279286
2004-07-09,11.470000,11.275000,11.415000,8.372807
2004-07-12,11.492500,11.282500,11.402500,8.363638
2004-07-13,11.495000,11.372500,11.450000,8.398480
2004-07-14,11.650000,11.417500,11.490000,8.427819
2004-07-15,11.545000,11.400000,11.505000,8.438824
2004-07-16,11.612500,11.452500,11.542500,8.466327
2004-07-19,11.792500,11.562500,11.642500,8.539679
2004-07-20,11.680000,11.455000,11.607500,8.514009
2004-07-21,11.637500,11.355000,11.410000,8.369143
2004-07-22,11.967500,11.440000,11.940000,8.757888
2004-07-23,11.947500,11.687500,11.765000,8.629530
2004-07-26,11.905000,11.577500,11.682500,8.569016
2004-07-27,12.002500,11.707500,11.942500,8.759727
2004-07-28,12.022500,11.750000,11.970000,8.779894
2004-07-29,12.100000,11.627500,11.882500,8.715716
2004-07-30,11.885000,11.697500,11.747500,8.616696
2004-08-02,11.782500,11.540000,11.617500,8.521341
2004-08-03,11.680000,11.400000,11.462500,8.407648
2004-08-04,11.505000,11.282500,11.357500,8.330630
2004-08-05,11.547500,11.282500,11.322500,8.304963
2004-08-06,11.287500,10.885000,10.920000,8.009728
2004-08-09,11.115000,10.932500,10.990000,8.061071
2004-08-10,11.272500,11.050000,11.270000,8.266455
2004-08-11,11.225000,11.107500,11.150000,8.178432
2004-08-12,11.162500,10.887500,10.932500,8.018897
2004-08-13,11.017500,10.762500,10.797500,7.919879
2004-08-16,11.045000,10.635000,10.895000,7.991391
2004-08-17,11.090000,10.875000,10.925000,8.013400
2004-08-18,11.125000,10.875000,11.122500,8.158260
2004-08-19,11.285000,11.112500,11.162500,8.187601
2004-08-20,11.285000,11.125000,11.260000,8.259115
2004-08-23,11.325000,11.185000,11.247500,8.249949
2004-08-24,11.440000,11.250000,11.415000,8.372807
2004-08-25,11.517500,11.250000,11.510000,8.442490
2004-08-26,10.950000,10.512500,10.767500,7.897872
2004-08-27,10.872500,10.630000,10.642500,7.806188
2004-08-30,10.850000,10.630000,10.690000,7.841023
2004-08-31,10.812500,10.662500,10.810000,7.929050
2004-09-01,10.850000,10.697500,10.807500,7.927211
2004-09-02,11.125000,10.835000,11.100000,8.141757
2004-09-03,11.222500,11.037500,11.090000,8.134420
2004-09-07,11.210000,11.007500,11.095000,8.138093
2004-09-08,11.200000,11.025000,11.080000,8.127089
2004-09-09,11.202500,11.032500,11.155000,8.182096
2004-09-10,11.232500,11.080000,11.215000,8.226109
2004-09-13,11.310000,11.157500,11.257500,8.257280
2004-09-14,11.492500,11.235000,11.492500,8.429656
2004-09-15,11.562500,11.320000,11.355000,8.328798
2004-09-16,11.435000,11.332500,11.405000,8.365472
2004-09-17,11.572500,11.417500,11.512500,8.444322
2004-09-20,11.492500,11.292500,11.400000,8.361806
2004-09-21,11.487500,11.300000,11.432500,8.385642
2004-09-22,11.355000,11.050000,11.192500,8.209604
2004-09-23,11.295000,11.167500,11.167500,8.191272
2004-09-24,11.385000,11.087500,11.260000,8.259115
2004-09-27,11.252500,11.045000,11.095000,8.138093
2004-09-28,11.177500,11.080000,11.145000,8.174763
2004-09-29,11.377500,11.092500,11.375000,8.343468
2004-09-30,11.402500,11.250000,11.365000,8.336135
2004-10-01,11.805000,11.322500,11.805000,8.658868
2004-10-04,11.887500,11.687500,11.762500,8.627699
2004-10-05,11.907500,11.707500,11.857500,8.697377
2004-10-06,12.000000,11.782500,11.995000,8.798232
2004-10-07,11.850000,11.515000,11.772500,8.635030
2004-10-08,12.167500,11.812500,11.847500,8.690042
2004-10-11,12.000000,11.847500,11.952500,8.767056
2004-10-12,12.042500,11.847500,12.010000,8.809237
2004-10-13,12.062500,11.767500,11.912500,8.737720
2004-10-14,12.055000,11.775000,11.947500,8.763390
2004-10-15,12.417500,11.967500,12.367500,9.071458
2004-10-18,12.600000,12.257500,12.575000,9.223657
2004-10-19,12.875000,12.450000,12.577500,9.225493
2004-10-20,12.685000,12.482500,12.565000,9.216323
2004-10-21,12.707500,12.350000,12.690000,9.308008
2004-10-22,12.840000,12.525000,12.535000,9.194321
2004-10-25,12.597500,12.390000,12.415000,9.106300
2004-10-26,12.660000,12.425000,12.627500,9.262162
2004-10-27,12.962500,12.552500,12.947500,9.496883
2004-10-28,13.212500,12.777500,13.212500,9.691257
2004-10-29,13.312500,13.112500,13.220000,9.696758
2004-11-01,13.400000,13.150000,13.325000,9.773777
2004-11-02,13.395000,13.237500,13.245000,9.715099
2004-11-03,13.455000,13.252500,13.370000,9.806785
2004-11-04,13.742500,13.325000,13.662500,10.021332
2004-11-05,13.772500,13.552500,13.627500,9.995657
2004-11-08,13.750000,13.535000,13.600000,9.975488
2004-11-09,13.825000,13.575000,13.705000,10.052504
2004-11-10,14.137500,13.792500,13.822500,10.138690
2004-11-11,13.935000,13.275000,13.860000,10.166194
2004-11-12,13.887500,13.722500,13.825000,10.140522
2004-11-15,13.860000,13.687500,13.790000,10.114846
2004-11-16,13.815000,13.637500,13.660000,10.019494
2004-11-17,13.937500,13.662500,13.897500,10.193703
2004-11-18,13.975000,13.795000,13.945000,10.228541
2004-11-19,14.117500,13.755000,13.802500,10.124018
2004-11-22,14.187500,13.750000,14.122500,10.358739
2004-11-23,14.215000,14.022500,14.102500,10.344069
2004-11-24,14.250000,14.120000,14.192500,10.410079
2004-11-26,14.250000,14.110000,14.150000,10.378905
2004-11-29,14.205000,13.910000,14.102500,10.344069
2004-11-30,14.162500,13.985000,14.065000,10.316561
2004-12-01,14.397500,14.072500,14.387500,10.553115
2004-12-02,14.830000,14.410000,14.662500,10.754822
2004-12-03,14.725000,14.467500,14.645000,10.741983
2004-12-06,14.730000,14.500000,14.685000,10.771326
2004-12-07,14.800000,14.315000,14.317500,10.501768
2004-12-08,14.617500,14.357500,14.552500,10.674137
2004-12-09,14.685000,14.350000,14.662500,10.754822
2004-12-10,14.610000,14.465000,14.515000,10.646633
2004-12-13,14.675000,14.517500,14.672500,10.762157
2004-12-14,14.722500,14.572500,14.680000,10.767656
2004-12-15,14.750000,14.577500,14.670000,10.760321
2004-12-16,14.727500,14.452500,14.510000,10.642964
2004-12-17,14.685000,14.472500,14.545000,10.668637
2004-12-20,14.767500,14.607500,14.687500,10.773159
2004-12-21,14.775000,14.602500,14.740000,10.811668
2004-12-22,15.325000,14.725000,15.285000,11.211418
2004-12-23,15.372500,15.155000,15.155000,11.116066
2004-12-27,15.387500,15.040000,15.350000,11.259097
2004-12-28,15.772500,15.412500,15.772500,11.568999
2004-12-29,16.025000,15.750000,15.967500,11.712030
2004-12-30,16.065001,15.660000,15.660000,11.486480
2004-12-31,15.762500,15.495000,15.590000,11.435140
2005-01-03,15.835000,15.142500,15.285000,11.211418
2005-01-04,15.585000,15.227500,15.275000,11.204087
2005-01-05,15.550000,15.155000,15.400000,11.295773
2005-01-06,15.042500,14.525000,14.935000,10.954695
2005-01-07,15.112500,14.762500,14.917500,10.941867
2005-01-10,14.900000,14.400000,14.457500,10.604457
2005-01-11,14.415000,13.912500,14.347500,10.523772
2005-01-12,14.507500,14.052500,14.255000,10.455923
2005-01-13,14.197500,13.785000,13.842500,10.153361
2005-01-14,14.227500,13.787500,14.052500,10.307393
2005-01-18,14.522500,14.012500,14.487500,10.626461
2005-01-19,14.710000,14.412500,14.437500,10.589787
2005-01-20,14.580000,14.115000,14.152500,10.380742
2005-01-21,14.237500,13.837500,13.920000,10.210202
2005-01-24,13.915000,13.102500,13.477500,9.885633
2005-01-25,13.787500,13.455000,13.500000,9.902138
2005-01-26,13.852500,13.467500,13.835000,10.147861
2005-01-27,13.800000,13.070000,13.257500,9.724267
2005-01-28,13.425000,13.025000,13.425000,9.847128
2005-01-31,13.562500,13.347500,13.500000,9.902138
2005-02-01,13.647500,13.437500,13.587500,9.966316
2005-02-02,13.745000,13.375000,13.500000,9.902138
2005-02-03,12.740000,12.285000,12.392500,9.089792
2005-02-04,12.702500,12.295000,12.665000,9.289668
2005-02-07,12.860000,12.577500,12.750000,9.352020
2005-02-08,12.925000,12.682500,12.892500,9.456540
2005-02-09,12.917500,12.587500,12.637500,9.269499
2005-02-10,12.812500,12.545000,12.545000,9.201653
2005-02-11,12.662500,12.302500,12.545000,9.201653
2005-02-14,12.595000,12.460000,12.462500,9.141141
2005-02-15,12.737500,12.387500,12.627500,9.262162
2005-02-16,12.712500,12.502500,12.597500,9.240160
2005-02-17,12.652500,12.437500,12.450000,9.131972
2005-02-18,12.535000,12.430000,12.482500,9.155809
2005-02-22,12.610000,12.377500,12.407500,9.100799
2005-02-23,12.627500,12.390000,12.475000,9.150311
2005-02-24,12.812500,12.437500,12.787500,9.379525
2005-02-25,12.907500,12.715000,12.792500,9.383193
2005-02-28,13.035000,12.770000,12.952500,9.500554
2005-03-01,13.177500,12.897500,13.145000,9.641748
2005-03-02,13.345000,13.067500,13.202500,9.683924
2005-03-03,13.687500,13.250000,13.397500,9.826958
2005-03-04,13.675000,13.482500,13.610000,9.982821
2005-03-07,13.897500,13.650000,13.787500,10.113018
2005-03-08,13.845000,13.450000,13.640000,10.004826
2005-03-09,13.750000,13.550000,13.640000,10.004826
2005-03-10,13.720000,13.312500,13.575000,9.957149
2005-03-11,13.632500,13.350000,13.375000,9.810450
2005-03-14,13.597500,13.402500,13.425000,9.847128
2005-03-15,13.530000,13.300000,13.335000,9.781114
2005-03-16,13.310000,12.937500,13.015000,9.546393
2005-03-17,13.192500,12.907500,13.035000,9.561057
2005-03-18,13.130000,12.932500,13.130000,9.630748
2005-03-21,13.137500,12.850000,13.042500,9.566566
2005-03-22,13.157500,12.915000,12.915000,9.473048
2005-03-23,13.020000,12.680000,12.860000,9.432702
2005-03-24,13.160000,12.800000,12.962500,9.507887
2005-03-28,13.217500,12.955000,13.045000,9.568401
2005-03-29,13.342500,12.977500,13.142500,9.639919
2005-03-30,13.260000,13.030000,13.202500,9.683924
2005-03-31,13.247500,12.912500,12.915000,9.473048
2005-04-01,13.057500,12.652500,12.815000,9.399698
2005-04-04,12.880000,12.705000,12.852500,9.427206
2005-04-05,12.992500,12.742500,12.935000,9.487715
2005-04-06,13.095000,12.930000,13.032500,9.559230
2005-04-07,12.747500,12.367500,12.625000,9.260333
2005-04-08,12.690000,12.147500,12.155000,8.915591
2005-04-11,12.187500,11.610000,11.877500,8.712049
2005-04-12,12.007500,11.705000,11.987500,8.792731
2005-04-13,12.012500,11.740000,11.777500,8.638697
2005-04-14,11.852500,11.670000,11.717500,8.594686
2005-04-15,12.095000,11.725000,11.835000,8.680877
2005-04-18,11.895000,11.605000,11.750000,8.618529
2005-04-19,11.837500,11.487500,11.555000,8.475498
2005-04-20,11.617500,11.145000,11.417500,8.374643
2005-04-21,11.625000,11.452500,11.602500,8.510336
2005-04-22,11.617500,11.350000,11.390000,8.354467
2005-04-25,11.975000,11.555000,11.862500,8.701049
2005-04-26,11.950000,11.652500,11.652500,8.547012
2005-04-27,11.805000,11.510000,11.602500,8.510336
2005-04-28,12.347500,12.095000,12.140000,8.904593
2005-04-29,12.457500,12.042500,12.380000,9.080626
2005-05-02,12.500000,12.300000,12.452500,9.133807
2005-05-03,12.555000,12.352500,12.502500,9.170477
2005-05-04,12.697500,12.450000,12.652500,9.280504
2005-05-05,13.112500,12.752500,13.060000,9.579405
2005-05-06,13.272500,13.062500,13.105000,9.612406
2005-05-09,13.175000,12.932500,13.057500,9.577563
2005-05-10,13.047500,12.907500,12.975000,9.517058
2005-05-11,13.250000,12.965000,13.237500,9.709600
2005-05-12,13.312500,13.117500,13.287500,9.746273
2005-05-13,13.502500,13.220000,13.500000,9.902138
2005-05-16,13.527500,13.325000,13.447500,9.863628
2005-05-17,13.520000,13.262500,13.512500,9.911307
2005-05-18,13.800000,13.460000,13.762500,10.094680
2005-05-19,13.790000,13.642500,13.770000,10.100181
2005-05-20,13.827500,13.680000,13.747500,10.083676
2005-05-23,13.835000,13.670000,13.730000,10.070838
2005-05-24,13.762500,13.587500,13.695000,10.045167
2005-05-25,13.752500,13.585000,13.750000,10.085508
2005-05-26,13.870000,13.715000,13.797500,10.120352
2005-05-27,13.930000,13.772500,13.907500,10.201036
2005-05-31,13.910000,13.682500,13.697500,10.047003
2005-06-01,13.995000,13.697500,13.737500,10.076341
2005-06-02,14.077500,13.625000,14.062500,10.314729
2005-06-03,14.187500,13.832500,13.865000,10.169863
2005-06-06,14.000000,13.855000,13.947500,10.230376
2005-06-07,14.225000,13.867500,13.877500,10.179028
2005-06-08,13.985000,13.750000,13.777500,10.105681
2005-06-09,13.970000,13.652500,13.825000,10.140522
2005-06-10,13.862500,13.562500,13.692500,10.043336
2005-06-13,13.845000,13.662500,13.827500,10.142360
2005-06-14,13.860000,13.722500,13.810000,10.129521
2005-06-15,13.867500,13.652500,13.827500,10.142360
2005-06-16,13.835000,13.670000,13.752500,10.087339
2005-06-17,13.960000,13.517500,13.637500,10.002994
2005-06-20,13.672500,13.437500,13.607500,9.980988
2005-06-21,13.597500,13.400000,13.467500,9.878303
2005-06-22,13.575000,13.370000,13.492500,9.896636
2005-06-23,13.600000,13.280000,13.300000,9.755438
2005-06-24,13.420000,13.105000,13.110000,9.616074
2005-06-27,13.100000,12.937500,12.990000,9.528053
2005-06-28,13.282500,12.880000,13.265000,9.729773
2005-06-29,13.270000,12.950000,13.042500,9.566566
2005-06-30,13.077500,12.882500,12.915000,9.473048
2005-07-01,12.972500,12.712500,12.762500,9.361187
2005-07-05,13.072500,12.752500,12.995000,9.531726
2005-07-06,13.025000,12.585000,12.645000,9.275004
2005-07-07,12.587500,12.320000,12.547500,9.203485
2005-07-08,12.982500,12.505000,12.945000,9.495049
2005-07-11,13.047500,12.880000,13.007500,9.540895
2005-07-12,13.010000,12.770000,12.990000,9.528053
2005-07-13,13.000000,12.875000,12.927500,9.482212
2005-07-14,13.135000,12.957500,13.115000,9.619741
2005-07-15,13.250000,13.125000,13.175000,9.663752
2005-07-18,13.127500,13.032500,13.087500,9.599573
2005-07-19,13.122500,12.850000,12.902500,9.463875
2005-07-20,13.055000,12.830000,13.007500,9.540895
2005-07-21,13.007500,12.750000,12.905000,9.465713
2005-07-22,13.007500,12.807500,12.830000,9.410698
2005-07-25,12.810000,12.540000,12.612500,9.251164
2005-07-26,12.687500,12.537500,12.597500,9.240160
2005-07-27,12.687500,12.475000,12.587500,9.232829
2005-07-28,13.597500,13.075000,13.170000,9.660086
2005-07-29,13.312500,13.135000,13.137500,9.636246
2005-08-01,13.192500,13.002500,13.047500,9.570231
2005-08-02,13.162500,12.995000,13.027500,9.555567
2005-08-03,13.055000,12.937500,12.975000,9.517058
2005-08-04,13.075000,12.720000,12.745000,9.348354
2005-08-05,12.770000,12.632500,12.635000,9.267664
2005-08-08,12.787500,12.597500,12.747500,9.350186
2005-08-09,12.960000,12.740000,12.942500,9.493217
2005-08-10,13.107500,12.832500,12.842500,9.419868
2005-08-11,13.162500,12.825000,13.095000,9.605071
2005-08-12,13.012500,12.890000,13.007500,9.540895
2005-08-15,13.107500,12.897500,13.060000,9.579405
2005-08-16,13.070000,12.772500,12.772500,9.368525
2005-08-17,12.912500,12.767500,12.832500,9.412531
2005-08-18,12.865000,12.745000,12.787500,9.379525
2005-08-19,12.882500,12.730000,12.775000,9.370352
2005-08-22,12.875000,12.560000,12.660000,9.286005
2005-08-23,12.687500,12.507500,12.560000,9.212655
2005-08-24,12.570000,12.342500,12.355000,9.062290
2005-08-25,12.455000,12.277500,12.357500,9.064124
2005-08-26,12.387500,12.212500,12.355000,9.062290
2005-08-29,12.357500,12.217500,12.302500,9.023784
2005-08-30,12.277500,12.032500,12.142500,8.906425
2005-08-31,12.282500,12.000000,12.257500,8.990776
2005-09-01,12.507500,12.162500,12.172500,8.928429
2005-09-02,12.267500,12.060000,12.075000,8.856912
2005-09-06,12.227500,12.057500,12.135000,8.900922
2005-09-07,12.157500,11.982500,12.067500,8.851411
2005-09-08,12.090000,11.895000,12.052500,8.840410
2005-09-09,12.137500,12.030000,12.097500,8.873417
2005-09-12,12.180000,12.052500,12.115000,8.886248
2005-09-13,12.117500,11.970000,11.990000,8.794565
2005-09-14,12.030000,11.767500,11.790000,8.647871
2005-09-15,11.867500,11.715000,11.822500,8.671709
2005-09-16,11.860000,11.725000,11.745000,8.614860
2005-09-19,11.810000,11.590000,11.630000,8.530508
2005-09-20,11.775000,11.502500,11.540000,8.464491
2005-09-21,11.775000,11.530000,11.667500,8.558016
2005-09-22,12.120000,11.742500,12.077500,8.858748
2005-09-23,12.240000,12.085000,12.135000,8.900922
2005-09-26,12.257500,12.065000,12.160000,8.919258
2005-09-27,12.280000,12.075000,12.137500,8.902754
2005-09-28,12.225000,11.972500,11.995000,8.798232
2005-09-29,12.287500,11.885000,12.282500,9.009114
2005-09-30,12.540000,12.207500,12.525000,9.186982
2005-10-03,12.620000,12.462500,12.600000,9.241997
2005-10-04,12.720000,12.600000,12.635000,9.267664
2005-10-05,12.647500,12.430000,12.452500,9.133807
2005-10-06,13.025000,12.767500,12.917500,9.474878
2005-10-07,12.957500,12.697500,12.760000,9.359354
2005-10-10,12.950000,12.575000,12.830000,9.410698
2005-10-11,12.910000,12.737500,12.785000,9.377693
2005-10-12,12.975000,12.625000,12.680000,9.300672
2005-10-13,13.287500,12.710000,13.225000,9.700430
2005-10-14,13.250000,13.117500,13.220000,9.696758
2005-10-17,13.327500,13.110000,13.272500,9.735269
2005-10-18,13.262500,13.070000,13.150000,9.645415
2005-10-19,13.685000,13.075000,13.685000,10.037834
2005-10-20,13.772500,13.447500,13.547500,9.936975
2005-10-21,13.812500,13.600000,13.752500,10.087339
2005-10-24,14.125000,13.750000,13.945000,10.228541
2005-10-25,14.050000,13.775000,13.945000,10.228541
2005-10-26,14.125000,13.775000,13.835000,10.147861
2005-10-27,13.950000,13.435000,13.435000,9.854458
2005-10-28,13.915000,13.560000,13.905000,10.199204
2005-10-31,14.245000,13.850000,14.140000,10.371571
2005-11-01,14.200000,14.035000,14.075000,10.323897
2005-11-02,14.520000,14.130000,14.415000,10.573282
2005-11-03,14.950000,14.420000,14.715000,10.793331
2005-11-04,15.290000,15.050000,15.180000,11.134403
2005-11-07,15.485000,15.115000,15.205000,11.152742
2005-11-08,15.250000,14.715000,14.750000,10.819002
2005-11-09,14.910000,14.720000,14.750000,10.819002
2005-11-10,14.990000,14.370000,14.985000,10.991372
2005-11-11,15.160000,14.985000,15.075000,11.057388
2005-11-14,15.250000,15.070000,15.155000,11.116066
2005-11-15,15.340000,14.980000,15.140000,11.105064
2005-11-16,15.290000,15.085000,15.210000,11.156409
2005-11-17,15.625000,15.255000,15.610000,11.449808
2005-11-18,15.810000,15.380000,15.490000,11.361785
2005-11-21,16.000000,15.605000,15.950000,11.699188
2005-11-22,15.990000,15.690000,15.775000,11.570833
2005-11-23,15.935000,15.735000,15.875000,11.644179
2005-11-25,16.000000,15.765000,15.850000,11.625842
2005-11-28,15.950000,15.550000,15.565000,11.416794
2005-11-29,15.765000,15.420000,15.420000,11.310442
2005-11-30,15.585000,15.225000,15.225000,11.167411
2005-12-01,15.680000,15.170000,15.570000,11.420465
2005-12-02,16.000000,15.775000,15.965000,11.710192
2005-12-05,16.030001,15.715000,15.980000,11.721195
2005-12-06,16.230000,15.875000,15.900000,11.662520
2005-12-07,15.995000,15.595000,15.670000,11.493817
2005-12-08,15.790000,15.340000,15.425000,11.314110
2005-12-09,15.570000,15.355000,15.555000,11.409465
2005-12-12,15.720000,15.295000,15.445000,11.328781
2005-12-13,15.785000,15.350000,15.750000,11.552490
2005-12-14,15.880000,15.660000,15.830000,11.611175
2005-12-15,16.160000,15.720000,15.810000,11.596505
2005-12-16,15.970000,15.575000,15.595000,11.438806
2005-12-19,15.865000,15.310000,15.325000,11.240760
2005-12-20,15.380000,15.050000,15.080000,11.061054
2005-12-21,15.375000,15.110000,15.265000,11.196750
2005-12-22,15.505000,15.275000,15.390000,11.288434
2005-12-23,15.555000,15.260000,15.280000,11.207753
2005-12-27,15.490000,15.195000,15.275000,11.204087
2005-12-28,15.425000,15.225000,15.280000,11.207753
2005-12-29,15.425000,15.225000,15.255000,11.189413
2005-12-30,15.240000,14.970000,15.005000,11.006041
2006-01-03,15.500000,14.950000,15.435000,11.321444
2006-01-04,15.860000,15.440000,15.835000,11.614840
2006-01-05,15.995000,15.695000,15.805000,11.592834
2006-01-06,15.875000,15.635000,15.810000,11.596505
2006-01-09,15.865000,15.595000,15.650000,11.479147
2006-01-10,15.640000,15.495000,15.510000,11.376456
2006-01-11,15.650000,15.375000,15.560000,11.413132
2006-01-12,15.615000,15.470000,15.480000,11.354450
2006-01-13,15.725000,15.485000,15.645000,11.475481
2006-01-17,15.745000,15.530000,15.570000,11.420465
2006-01-18,15.775000,15.490000,15.565000,11.416794
2006-01-19,15.790000,15.495000,15.675000,11.497482
2006-01-20,15.765000,15.090000,15.155000,11.116066
2006-01-23,15.375000,14.955000,15.120000,11.090392
2006-01-24,15.375000,15.100000,15.355000,11.262760
2006-01-25,15.380000,15.095000,15.180000,11.134403
2006-01-26,15.760000,15.250000,15.745000,11.548827
2006-01-27,16.155001,15.720000,15.975000,11.717529
2006-01-30,16.160000,15.860000,15.935000,11.688190
2006-01-31,16.014999,15.665000,15.850000,11.625842
2006-02-01,16.014999,15.570000,15.680000,11.501148
2006-02-02,17.424999,16.500000,17.200001,12.616063
2006-02-03,17.280001,16.815001,16.940001,12.425351
2006-02-06,17.254999,16.745001,17.245001,12.649065
2006-02-07,17.280001,17.025000,17.160000,12.586720
2006-02-08,17.500000,17.100000,17.360001,12.733415
2006-02-09,17.665001,17.360001,17.594999,12.905788
2006-02-10,17.815001,17.500000,17.750000,13.019482
2006-02-13,17.355000,17.035000,17.285000,12.678402
2006-02-14,17.455000,17.219999,17.334999,12.715075
2006-02-15,17.650000,17.035000,17.590000,12.902120
2006-02-16,17.924999,17.549999,17.924999,13.147838
2006-02-17,17.959999,17.684999,17.695000,12.979133
2006-02-21,18.025000,17.459999,17.629999,12.931454
2006-02-22,18.184999,17.680000,18.010000,13.210184
2006-02-23,18.434999,17.959999,18.084999,13.265192
2006-02-24,18.184999,17.790001,17.959999,13.173509
2006-02-27,18.389999,17.910000,18.350000,13.459578
2006-02-28,18.344999,17.969999,18.160000,13.320208
2006-03-01,18.309999,17.924999,18.139999,13.305545
2006-03-02,18.155001,17.660000,17.725000,13.001142
2006-03-03,18.215000,17.750000,17.790001,13.048822
2006-03-06,18.230000,17.600000,17.955000,13.169843
2006-03-07,18.120001,17.690001,17.775000,13.037813
2006-03-08,17.969999,17.395000,17.674999,12.964465
2006-03-09,17.820000,17.424999,17.459999,12.806766
2006-03-10,17.865000,17.365000,17.695000,12.979133
2006-03-13,17.760000,17.450001,17.514999,12.847104
2006-03-14,18.200001,17.415001,18.125000,13.294535
2006-03-15,18.309999,18.080000,18.254999,13.389890
2006-03-16,18.360001,18.049999,18.090000,13.268867
2006-03-17,18.549999,18.100000,18.305000,13.426572
2006-03-20,18.674999,18.365000,18.445000,13.529254
2006-03-21,18.684999,18.120001,18.139999,13.305545
2006-03-22,18.370001,18.084999,18.280001,13.408227
2006-03-23,18.245001,17.910000,18.065001,13.250526
2006-03-24,18.445000,18.070000,18.309999,13.430234
2006-03-27,18.459999,18.160000,18.295000,13.419230
2006-03-28,18.610001,18.165001,18.299999,13.422904
2006-03-29,18.885000,18.320000,18.764999,13.763972
2006-03-30,19.055000,18.600000,18.764999,13.763972
2006-03-31,18.965000,18.719999,18.815001,13.800650
2006-04-03,19.250000,18.875000,18.995001,13.932676
2006-04-04,19.240000,18.985001,19.165001,14.057367
2006-04-05,19.174999,18.625000,18.745001,13.749304
2006-04-06,18.940001,18.525000,18.725000,13.734632
2006-04-07,19.480000,18.875000,18.930000,13.885003
2006-04-10,19.125000,18.930000,18.985001,13.925339
2006-04-11,19.155001,18.745001,18.785000,13.778644
2006-04-12,19.055000,18.844999,19.004999,13.940008
2006-04-13,19.340000,18.950001,19.145000,14.042706
2006-04-17,19.344999,18.745001,18.930000,13.885003
2006-04-18,19.459999,18.990000,19.285000,14.145392
2006-04-19,19.600000,19.260000,19.440001,14.259075
2006-04-20,19.600000,19.400000,19.430000,14.251744
2006-04-21,19.750000,19.150000,19.350000,14.193064
2006-04-24,19.559999,19.250000,19.305000,14.160058
2006-04-25,19.450001,19.010000,19.080000,13.995018
2006-04-26,19.165001,18.745001,18.780001,13.774968
2006-04-27,18.775000,18.385000,18.480000,13.554926
2006-04-28,18.745001,18.495001,18.635000,13.668618
2006-05-01,18.990000,18.600000,18.625000,13.661290
2006-05-02,19.100000,18.559999,18.910000,13.870325
2006-05-03,18.965000,18.500000,18.674999,13.697961
2006-05-04,19.730000,18.500000,19.395000,14.226070
2006-05-05,19.940001,19.520000,19.815001,14.534140
2006-05-08,19.775000,19.615000,19.629999,14.398438
2006-05-09,19.660000,19.184999,19.225000,14.101377
2006-05-10,19.260000,19.000000,19.100000,14.009686
2006-05-11,19.055000,18.030001,18.270000,13.400898
2006-05-12,18.340000,17.735001,17.825001,13.074494
2006-05-15,18.170000,17.559999,18.150000,13.312873
2006-05-16,18.540001,18.090000,18.530001,13.591600
2006-05-17,18.440001,18.084999,18.205000,13.353222
2006-05-18,18.250000,17.965000,17.990000,13.195514
2006-05-19,18.275000,17.885000,18.165001,13.323875
2006-05-22,18.424999,17.940001,18.115000,13.287203
2006-05-23,18.275000,17.795000,17.795000,13.052483
2006-05-24,17.834999,17.299999,17.605000,12.913121
2006-05-25,17.959999,17.520000,17.719999,12.997472
2006-05-26,17.875000,17.605000,17.715000,12.993806
2006-05-30,17.700001,17.340000,17.465000,12.810429
2006-05-31,17.840000,17.440001,17.825001,13.074494
2006-06-01,18.150000,17.745001,18.105000,13.279865
2006-06-02,18.155001,17.775000,17.995001,13.199188
2006-06-05,18.090000,17.674999,17.690001,12.975463
2006-06-06,17.780001,17.455000,17.635000,12.935126
2006-06-07,17.995001,17.559999,17.855000,13.096490
2006-06-08,18.219999,17.625000,18.120001,13.290872
2006-06-09,18.245001,17.910000,17.945000,13.162508
2006-06-12,18.014999,17.690001,17.709999,12.990134
2006-06-13,17.875000,17.520000,17.575001,12.891117
2006-06-14,17.945000,17.465000,17.934999,13.155173
2006-06-15,18.440001,17.760000,18.395000,13.492581
2006-06-16,18.490000,18.174999,18.305000,13.426572
2006-06-19,18.400000,17.865000,17.980000,13.188178
2006-06-20,18.200001,17.844999,17.915001,13.140509
2006-06-21,18.415001,17.959999,18.209999,13.356882
2006-06-22,18.275000,17.895000,18.045000,13.235859
2006-06-23,18.510000,18.014999,18.250000,13.386224
2006-06-26,18.434999,18.150000,18.245001,13.382557
2006-06-27,18.290001,17.834999,17.870001,13.107499
2006-06-28,17.950001,17.709999,17.865000,13.103827
2006-06-29,19.000000,17.975000,18.985001,13.925339
2006-06-30,19.010000,18.834999,18.879999,13.848319
2006-07-03,19.165001,18.965000,19.010000,13.943677
2006-07-05,18.959999,18.530001,18.780001,13.774968
2006-07-06,19.000000,18.725000,18.940001,13.892338
2006-07-07,18.070000,17.549999,18.020000,13.217522
2006-07-10,18.120001,17.760000,17.815001,13.067155
2006-07-11,18.045000,17.555000,17.990000,13.195514
2006-07-12,17.995001,17.045000,17.215000,12.627057
2006-07-13,17.260000,16.799999,17.010000,12.476693
2006-07-14,17.014999,16.635000,16.830000,12.344666
2006-07-17,17.215000,16.549999,17.120001,12.557376
2006-07-18,17.190001,16.465000,16.700001,12.249311
2006-07-19,17.059999,16.625000,16.920000,12.410679
2006-07-20,17.209999,16.645000,16.705000,12.252976
2006-07-21,17.045000,16.530001,16.895000,12.392343
2006-07-24,17.375000,16.900000,17.355000,12.729748
2006-07-25,17.745001,17.245001,17.700001,12.982805
2006-07-26,17.540001,16.900000,17.010000,12.476693
2006-07-27,17.245001,16.725000,16.790001,12.315328
2006-07-28,17.219999,16.830000,17.014999,12.480362
2006-07-31,17.245001,16.830000,17.115000,12.553711
2006-08-01,16.995001,16.200001,16.480000,12.087943
2006-08-02,16.855000,16.375000,16.650000,12.212636
2006-08-03,15.770000,14.360000,15.320000,11.237092
2006-08-04,15.605000,15.140000,15.305000,11.226089
2006-08-07,15.605000,15.230000,15.400000,11.295773
2006-08-08,15.560000,15.115000,15.170000,11.127071
2006-08-09,15.340000,14.685000,14.775000,10.837343
2006-08-10,15.035000,14.685000,14.980000,10.987704
2006-08-11,14.975000,14.785000,14.950000,10.965699
2006-08-14,15.165000,14.935000,14.980000,10.987704
2006-08-15,15.195000,14.945000,15.095000,11.072062
2006-08-16,15.345000,14.985000,15.320000,11.237092
2006-08-17,15.670000,15.145000,15.645000,11.475481
2006-08-18,15.725000,15.435000,15.560000,11.413132
2006-08-21,15.470000,15.250000,15.340000,11.251766
2006-08-22,15.400000,14.975000,15.085000,11.064718
2006-08-23,15.105000,14.795000,14.845000,10.888683
2006-08-24,14.955000,14.745000,14.815000,10.866678
2006-08-25,15.065000,14.755000,14.975000,10.984038
2006-08-28,15.240000,14.880000,15.235000,11.174743
2006-08-29,15.305000,14.935000,15.180000,11.134403
2006-08-30,15.430000,15.095000,15.370000,11.273767
2006-08-31,15.570000,15.160000,15.505000,11.372790
2006-09-01,16.075001,15.685000,15.880000,11.647851
2006-09-05,16.000000,15.715000,15.995000,11.732200
2006-09-06,16.094999,15.740000,15.750000,11.552490
2006-09-07,15.785000,15.530000,15.560000,11.413132
2006-09-08,15.700000,15.455000,15.595000,11.438806
2006-09-11,15.810000,15.265000,15.755000,11.556159
2006-09-12,16.250000,15.650000,16.219999,11.897235
2006-09-13,16.700001,16.285000,16.520000,12.117285
2006-09-14,16.639999,16.250000,16.514999,12.113616
2006-09-15,17.070000,16.275000,16.924999,12.414349
2006-09-18,16.990000,16.750000,16.820000,12.337334
2006-09-19,17.059999,16.639999,16.840000,12.352000
2006-09-20,17.475000,17.070000,17.340000,12.718740
2006-09-21,17.495001,16.959999,17.004999,12.473027
2006-09-22,17.299999,16.795000,17.004999,12.473027
2006-09-25,17.280001,16.695000,17.225000,12.634395
2006-09-26,17.325001,16.995001,17.135000,12.568382
2006-09-27,17.520000,17.065001,17.235001,12.641732
2006-09-28,17.344999,17.014999,17.110001,12.550043
2006-09-29,17.174999,17.004999,17.025000,12.487698
2006-10-02,17.174999,16.805000,16.809999,12.329998
2006-10-03,17.145000,16.865000,17.004999,12.473027
2006-10-04,18.045000,16.950001,17.980000,13.188178
2006-10-05,19.495001,18.650000,19.344999,14.189394
2006-10-06,19.750000,19.120001,19.205000,14.086711
2006-10-09,19.405001,19.014999,19.200001,14.083037
2006-10-10,19.195000,18.900000,19.020000,13.951013
2006-10-11,18.965000,18.570000,18.709999,13.723629
2006-10-12,19.000000,18.770000,18.980000,13.921671
2006-10-13,19.000000,18.795000,18.965000,13.910672
2006-10-16,19.275000,18.920000,19.200001,14.083037
2006-10-17,19.200001,18.875000,18.930000,13.885003
2006-10-18,19.250000,18.750000,18.895000,13.859326
2006-10-19,18.959999,18.625000,18.889999,13.855659
2006-10-20,18.915001,18.360001,18.719999,13.730963
2006-10-23,19.250000,18.514999,19.150000,14.046368
2006-10-24,19.290001,18.889999,19.105000,14.013364
2006-10-25,19.275000,19.000000,19.230000,14.105045
2006-10-26,19.500000,19.155001,19.434999,14.255411
2006-10-27,19.434999,18.945000,19.010000,13.943677
2006-10-30,19.150000,18.809999,19.070000,13.987683
2006-10-31,19.174999,18.715000,18.875000,13.844652
2006-11-01,19.129999,18.665001,18.799999,13.789643
2006-11-02,18.820000,18.424999,18.660000,13.686955
2006-11-03,18.700001,18.110001,18.235001,13.375218
2006-11-06,18.965000,18.250000,18.740000,13.745640
2006-11-07,18.775000,18.475000,18.535000,13.595270
2006-11-08,18.790001,18.260000,18.665001,13.690624
2006-11-09,18.785000,18.350000,18.459999,13.540259
2006-11-10,18.940001,18.490000,18.895000,13.859326
2006-11-13,19.375000,18.895000,19.219999,14.097708
2006-11-14,19.375000,19.000000,19.240000,14.112384
2006-11-15,19.695000,19.260000,19.485001,14.292089
2006-11-16,20.004999,19.594999,19.715000,14.460792
2006-11-17,18.770000,18.360001,18.709999,13.723629
2006-11-20,18.700001,18.360001,18.375000,13.477913
2006-11-21,18.424999,18.250000,18.285000,13.411897
2006-11-22,18.375000,17.855000,18.190001,13.342216
2006-11-24,18.375000,18.035000,18.155001,13.316545
2006-11-27,18.155001,17.830000,17.905001,13.133179
2006-11-28,17.920000,17.620001,17.660000,12.953464
2006-11-29,17.900000,17.620001,17.850000,13.092830
2006-11-30,17.950001,17.580000,17.645000,12.942465
2006-12-01,17.775000,17.450001,17.600000,12.909457
2006-12-04,17.995001,17.625000,17.875000,13.111163
2006-12-05,18.570000,18.254999,18.420000,13.510916
2006-12-06,18.485001,18.240000,18.430000,13.518253
2006-12-07,18.510000,18.200001,18.240000,13.378888
2006-12-08,18.424999,18.049999,18.209999,13.356882
2006-12-11,18.495001,18.075001,18.315001,13.433900
2006-12-12,18.344999,18.010000,18.145000,13.309206
2006-12-13,18.275000,17.934999,18.040001,13.232190
2006-12-14,18.424999,18.049999,18.299999,13.422904
2006-12-15,18.495001,18.129999,18.209999,13.356882
2006-12-18,18.340000,18.020000,18.135000,13.301875
2006-12-19,18.280001,17.940001,18.264999,13.397229
2006-12-20,18.370001,18.200001,18.209999,13.356882
2006-12-21,18.400000,18.125000,18.205000,13.353222
2006-12-22,18.240000,17.910000,17.915001,13.140509
2006-12-26,17.959999,17.750000,17.844999,13.089165
2006-12-27,18.105000,17.825001,17.895000,13.125836
2006-12-28,17.980000,17.760000,17.860001,13.100163
2006-12-29,17.975000,17.650000,17.709999,12.990134
2007-01-03,18.100000,17.320000,17.625000,12.927792
2007-01-04,17.750000,17.395000,17.645000,12.942465
2007-01-05,17.645000,17.485001,17.570000,12.887446
2007-01-08,17.629999,17.450001,17.504999,12.839769
2007-01-09,17.695000,17.350000,17.430000,12.784760
2007-01-10,17.389999,17.084999,17.375000,12.744420
2007-01-11,18.020000,17.250000,17.905001,13.133179
2007-01-12,18.170000,17.875000,17.950001,13.166176
2007-01-16,18.184999,17.855000,18.110001,13.283533
2007-01-17,18.260000,18.094999,18.145000,13.309206
2007-01-18,18.305000,17.780001,17.885000,13.118496
2007-01-19,17.969999,17.700001,17.770000,13.034149
2007-01-22,17.799999,17.500000,17.645000,12.942465
2007-01-23,17.834999,17.410000,17.475000,12.817768
2007-01-24,17.639999,17.389999,17.395000,12.759086
2007-01-25,17.370001,16.940001,16.985001,12.458356
2007-01-26,17.195000,16.745001,16.940001,12.425351
2007-01-29,17.395000,16.830000,17.280001,12.674739
2007-01-30,17.680000,17.260000,17.280001,12.674739
2007-01-31,17.580000,17.184999,17.469999,12.814102
2007-02-01,17.709999,17.190001,17.205000,12.619725
2007-02-02,17.290001,17.010000,17.135000,12.568382
2007-02-05,17.145000,16.940001,17.010000,12.476693
2007-02-06,17.045000,16.635000,16.834999,12.348329
2007-02-07,16.995001,16.639999,16.834999,12.348329
2007-02-08,16.885000,16.575001,16.709999,12.256641
2007-02-09,16.805000,16.450001,16.480000,12.087943
2007-02-12,16.480000,16.190001,16.334999,11.981581
2007-02-13,16.490000,16.235001,16.330000,11.977918
2007-02-14,16.725000,16.360001,16.670000,12.227309
2007-02-15,16.670000,16.500000,16.610001,12.183296
2007-02-16,16.700001,16.434999,16.504999,12.106278
2007-02-20,16.520000,16.230000,16.410000,12.036596
2007-02-21,16.410000,16.135000,16.200001,11.882565
2007-02-22,16.514999,16.139999,16.504999,12.106278
2007-02-23,16.570000,16.355000,16.375000,12.010926
2007-02-26,16.299999,15.905000,16.004999,11.739532
2007-02-27,15.905000,15.250000,15.375000,11.277436
2007-02-28,15.690000,15.120000,15.450000,11.332446
2007-03-01,15.400000,15.005000,15.195000,11.145406
2007-03-02,15.145000,14.900000,14.940000,10.958365
2007-03-05,14.905000,14.655000,14.705000,10.785994
2007-03-06,15.110000,14.885000,15.000000,11.002378
2007-03-07,15.370000,14.975000,15.235000,11.174743
2007-03-08,15.725000,15.315000,15.350000,11.259097
2007-03-09,15.495000,15.035000,15.155000,11.116066
2007-03-12,15.240000,14.955000,15.035000,11.028047
2007-03-13,15.045000,14.635000,14.680000,10.767656
2007-03-14,14.715000,14.430000,14.660000,10.752987
2007-03-15,14.895000,14.705000,14.795000,10.852006
2007-03-16,15.575000,15.025000,15.290000,11.215089
2007-03-19,15.705000,15.420000,15.520000,11.383788
2007-03-20,15.800000,15.510000,15.690000,11.508484
2007-03-21,16.135000,15.730000,16.135000,11.834888
2007-03-22,16.225000,15.760000,15.820000,11.603841
2007-03-23,15.875000,15.600000,15.710000,11.523153
2007-03-26,16.075001,15.685000,15.975000,11.717529
2007-03-27,16.000000,15.800000,15.860000,11.633181
2007-03-28,15.845000,15.605000,15.640000,11.471813
2007-03-29,15.845000,15.480000,15.665000,11.490148
2007-03-30,15.760000,15.500000,15.680000,11.501148
2007-04-02,15.785000,15.525000,15.625000,11.460810
2007-04-03,15.990000,15.655000,15.745000,11.548827
2007-04-04,15.895000,15.640000,15.670000,11.493817
2007-04-05,15.785000,15.620000,15.700000,11.515819
2007-04-09,15.760000,15.525000,15.570000,11.420465
2007-04-10,15.640000,15.440000,15.580000,11.427800
2007-04-11,15.600000,15.250000,15.365000,11.270102
2007-04-12,15.425000,15.150000,15.335000,11.248093
2007-04-13,15.425000,15.245000,15.380000,11.281100
2007-04-16,15.625000,15.380000,15.525000,11.387457
2007-04-17,15.615000,15.420000,15.520000,11.383788
2007-04-18,15.585000,15.425000,15.490000,11.361785
2007-04-19,15.405000,15.235000,15.390000,11.288434
2007-04-20,15.970000,15.490000,15.830000,11.611175
2007-04-23,15.990000,15.700000,15.785000,11.578163
2007-04-24,15.800000,15.515000,15.670000,11.493817
2007-04-25,15.950000,15.600000,15.920000,11.677189
2007-04-26,16.150000,15.820000,15.910000,11.669852
2007-04-27,15.945000,15.700000,15.750000,11.552490
2007-04-30,15.805000,15.500000,15.510000,11.376456
2007-05-01,15.585000,15.315000,15.505000,11.372790
2007-05-02,15.790000,15.500000,15.625000,11.460810
2007-05-03,15.890000,15.600000,15.810000,11.596505
2007-05-04,15.950000,15.280000,15.350000,11.259097
2007-05-07,15.445000,15.150000,15.175000,11.130740
2007-05-08,15.185000,15.005000,15.090000,11.068388
2007-05-09,15.150000,14.905000,15.020000,11.017049
2007-05-10,15.040000,14.750000,14.770000,10.833675
2007-05-11,14.920000,14.750000,14.805000,10.859346
2007-05-14,14.875000,14.355000,14.450000,10.598957
2007-05-15,14.500000,14.185000,14.195000,10.411912
2007-05-16,14.370000,14.015000,14.100000,10.342232
2007-05-17,14.290000,14.035000,14.235000,10.441256
2007-05-18,14.645000,14.280000,14.475000,10.617295
2007-05-21,14.795000,14.505000,14.640000,10.738315
2007-05-22,14.765000,14.465000,14.505000,10.639297
2007-05-23,14.630000,14.435000,14.445000,10.595287
2007-05-24,14.575000,14.040000,14.155000,10.382571
2007-05-25,14.350000,14.100000,14.305000,10.492598
2007-05-29,14.370000,14.200000,14.285000,10.477926
2007-05-30,14.355000,14.160000,14.350000,10.525608
2007-05-31,14.450000,14.280000,14.405000,10.565950
2007-06-01,14.575000,14.365000,14.565000,10.683304
2007-06-04,14.505000,14.310000,14.415000,10.573282
2007-06-05,14.365000,14.145000,14.295000,10.485264
2007-06-06,14.200000,14.060000,14.075000,10.323897
2007-06-07,14.075000,13.625000,13.720000,10.063506
2007-06-08,13.875000,13.595000,13.835000,10.147861
2007-06-11,13.900000,13.755000,13.770000,10.100181
2007-06-12,14.030000,13.450000,13.870000,10.173532
2007-06-13,13.955000,13.715000,13.885000,10.184533
2007-06-14,13.990000,13.710000,13.805000,10.125852
2007-06-15,14.000000,13.850000,13.885000,10.184533
2007-06-18,14.000000,13.785000,13.830000,10.144190
2007-06-19,13.815000,13.660000,13.795000,10.118518
2007-06-20,13.855000,13.630000,13.660000,10.019494
2007-06-21,13.725000,13.050000,13.130000,9.630748
2007-06-22,13.020000,12.750000,12.770000,9.366691
2007-06-25,12.880000,12.610000,12.830000,9.410698
2007-06-26,13.025000,12.850000,12.885000,9.451039
2007-06-27,13.080000,12.810000,13.065000,9.583070
2007-06-28,13.410000,13.135000,13.225000,9.700430
2007-06-29,13.330000,13.015000,13.120000,9.623416
2007-07-02,13.220000,13.000000,13.025000,9.553730
2007-07-03,13.200000,13.030000,13.180000,9.667418
2007-07-05,13.355000,13.115000,13.170000,9.660086
2007-07-06,13.305000,13.095000,13.275000,9.737104
2007-07-09,13.315000,13.125000,13.170000,9.660086
2007-07-10,13.150000,13.025000,13.055000,9.575739
2007-07-11,13.090000,12.975000,12.995000,9.531726
2007-07-12,13.095000,12.815000,12.980000,9.520721
2007-07-13,13.085000,12.865000,13.035000,9.561057
2007-07-16,13.175000,12.950000,13.040000,9.564728
2007-07-17,13.125000,12.900000,12.935000,9.487715
2007-07-18,13.270000,12.885000,13.250000,9.718766
2007-07-19,14.085000,13.340000,13.855000,10.162529
2007-07-20,14.065000,13.695000,13.850000,10.158860
2007-07-23,14.200000,13.900000,14.085000,10.331233
2007-07-24,14.250000,13.975000,14.145000,10.375241
2007-07-25,14.185000,13.840000,13.980000,10.254213
2007-07-26,13.895000,13.330000,13.715000,10.059835
2007-07-27,13.750000,13.360000,13.465000,9.876467
2007-07-30,13.555000,13.235000,13.490000,9.894801
2007-07-31,13.660000,13.340000,13.340000,9.784777
2007-08-01,13.645000,13.250000,13.600000,9.975488
2007-08-02,14.000000,13.420000,13.460000,9.872800
2007-08-03,13.475000,13.150000,13.155000,9.649088
2007-08-06,13.520000,13.155000,13.445000,9.861795
2007-08-07,13.655000,13.260000,13.560000,9.946149
2007-08-08,14.020000,13.550000,13.860000,10.166194
2007-08-09,14.265000,13.675000,14.025000,10.287220
2007-08-10,14.300000,13.885000,14.020000,10.283550
2007-08-13,14.180000,13.750000,13.905000,10.199204
2007-08-14,13.900000,13.505000,13.575000,9.957149
2007-08-15,13.665000,13.250000,13.285000,9.744437
2007-08-16,13.435000,13.015000,13.305000,9.759104
2007-08-17,13.485000,13.060000,13.350000,9.792114
2007-08-20,13.575000,13.250000,13.455000,9.869130
2007-08-21,13.715000,13.380000,13.675000,10.030499
2007-08-22,13.940000,13.680000,13.770000,10.100181
2007-08-23,13.860000,13.565000,13.760000,10.092846
2007-08-24,13.805000,13.650000,13.795000,10.118518
2007-08-27,13.805000,13.665000,13.685000,10.037834
2007-08-28,13.705000,13.430000,13.440000,9.858128
2007-08-29,13.765000,13.445000,13.740000,10.078177
2007-08-30,13.770000,13.565000,13.675000,10.030499
2007-08-31,13.890000,13.745000,13.775000,10.103848
2007-09-04,13.945000,13.755000,13.860000,10.166194
2007-09-05,13.850000,13.660000,13.720000,10.063506
2007-09-06,13.860000,13.725000,13.790000,10.114846
2007-09-07,13.735000,13.505000,13.580000,9.960818
2007-09-10,13.670000,13.400000,13.520000,9.916808
2007-09-11,13.735000,13.530000,13.665000,10.023164
2007-09-12,13.700000,13.540000,13.665000,10.023164
2007-09-13,13.850000,13.615000,13.740000,10.078177
2007-09-14,13.875000,13.625000,13.820000,10.136853
2007-09-17,13.755000,13.510000,13.650000,10.012163
2007-09-18,13.990000,13.590000,13.915000,10.206535
2007-09-19,14.095000,13.805000,13.890000,10.188198
2007-09-20,13.975000,13.670000,13.745000,10.081844
2007-09-21,13.950000,13.735000,13.735000,10.074512
2007-09-24,13.780000,13.475000,13.575000,9.957149
2007-09-25,13.600000,13.415000,13.545000,9.935144
2007-09-26,13.910000,13.430000,13.845000,10.155191
2007-09-27,13.575000,13.265000,13.485000,9.891136
2007-09-28,13.450000,12.975000,13.100000,9.608745
2007-10-01,13.275000,13.080000,13.160000,9.652749
2007-10-02,13.350000,13.135000,13.300000,9.755438
2007-10-03,13.350000,13.185000,13.270000,9.733432
2007-10-04,13.345000,13.180000,13.260000,9.726098
2007-10-05,13.460000,13.225000,13.420000,9.843458
2007-10-08,13.375000,13.190000,13.330000,9.777444
2007-10-09,13.430000,13.190000,13.385000,9.817787
2007-10-10,13.355000,13.220000,13.275000,9.737104
2007-10-11,13.315000,13.090000,13.160000,9.652749
2007-10-12,13.175000,13.040000,13.170000,9.660086
2007-10-15,13.160000,13.000000,13.055000,9.575739
2007-10-16,13.120000,12.865000,13.035000,9.561057
2007-10-17,13.315000,13.030000,13.200000,9.682090
2007-10-18,13.410000,13.070000,13.330000,9.777444
2007-10-19,13.355000,13.040000,13.050000,9.572066
2007-10-22,13.195000,12.940000,13.095000,9.605071
2007-10-23,13.070000,12.925000,13.070000,9.586739
2007-10-24,13.070000,12.815000,13.035000,9.561057
2007-10-25,13.240000,12.900000,13.085000,9.597740
2007-10-26,13.215000,12.970000,13.085000,9.597740
2007-10-29,13.155000,12.990000,13.115000,9.619741
2007-10-30,13.150000,12.990000,13.075000,9.590402
2007-10-31,13.375000,13.050000,13.340000,9.784777
2007-11-01,13.340000,12.900000,12.915000,9.473048
2007-11-02,13.050000,12.655000,12.765000,9.363021
2007-11-05,12.665000,12.410000,12.480000,9.153975
2007-11-06,12.575000,12.295000,12.475000,9.150311
2007-11-07,12.415000,12.050000,12.055000,8.842244
2007-11-08,12.045000,11.475000,11.700000,8.581852
2007-11-09,11.650000,11.285000,11.285000,8.277453
2007-11-12,11.770000,11.310000,11.570000,8.486497
2007-11-13,11.995000,11.570000,11.995000,8.798232
2007-11-14,12.125000,11.960000,12.125000,8.893590
2007-11-15,12.200000,11.830000,12.050000,8.838576
2007-11-16,11.750000,10.885000,11.585000,8.497502
2007-11-19,11.505000,11.205000,11.435000,8.387476
2007-11-20,11.560000,11.225000,11.550000,8.471828
2007-11-21,11.560000,11.285000,11.405000,8.365472
2007-11-23,11.545000,11.305000,11.535000,8.460826
2007-11-26,11.490000,11.075000,11.090000,8.134420
2007-11-27,11.320000,11.120000,11.305000,8.292123
2007-11-28,11.555000,11.230000,11.480000,8.420483
2007-11-29,11.540000,11.265000,11.520000,8.449826
2007-11-30,11.935000,11.500000,11.695000,8.578186
2007-12-03,11.715000,11.395000,11.405000,8.365472
2007-12-04,11.335000,11.170000,11.170000,8.193104
2007-12-05,11.350000,11.230000,11.325000,8.306792
2007-12-06,11.425000,11.225000,11.425000,8.380144
2007-12-07,11.490000,11.270000,11.310000,8.295794
2007-12-10,11.430000,11.295000,11.365000,8.336135
2007-12-11,11.260000,10.935000,10.950000,8.031734
2007-12-12,11.150000,10.825000,10.940000,8.024400
2007-12-13,11.055000,10.730000,10.750000,7.885037
2007-12-14,10.725000,10.525000,10.625000,7.793347
2007-12-17,10.500000,10.070000,10.075000,7.389929
2007-12-18,10.360000,10.075000,10.300000,7.554968
2007-12-19,10.280000,9.945000,10.015000,7.345922
2007-12-20,10.280000,10.025000,10.265000,7.529294
2007-12-21,10.590000,10.250000,10.530000,7.723664
2007-12-24,10.650000,10.505000,10.610000,7.782348
2007-12-26,10.505000,10.330000,10.410000,7.635651
2007-12-27,10.345000,10.145000,10.230000,7.503622
2007-12-28,10.230000,10.065000,10.065000,7.382596
2007-12-31,10.280000,9.985000,10.235000,7.507287
2008-01-02,10.080000,9.640000,9.655000,7.081861
2008-01-03,9.700000,9.240000,9.350000,6.858149
2008-01-04,9.270000,9.000000,9.055000,6.641767
2008-01-07,9.405000,9.055000,9.190000,6.740788
2008-01-08,10.505000,9.915000,9.930000,7.283569
2008-01-09,10.085000,9.510000,9.730000,7.136874
2008-01-10,10.245000,9.590000,10.155000,7.448608
2008-01-11,10.035000,9.760000,9.895000,7.257901
2008-01-14,9.980000,9.715000,9.775000,7.169881
2008-01-15,9.700000,9.410000,9.420000,6.909492
2008-01-16,9.885000,9.420000,9.650000,7.078195
2008-01-17,9.740000,9.505000,9.525000,6.986507
2008-01-18,9.675000,9.195000,9.330000,6.843478
2008-01-22,9.435000,8.830000,9.335000,6.847146
2008-01-23,10.095000,9.055000,9.985000,7.323915
2008-01-24,10.240000,9.960000,10.225000,7.499954
2008-01-25,10.340000,9.735000,9.830000,7.210226
2008-01-28,9.900000,9.580000,9.830000,7.210226
2008-01-29,10.185000,9.830000,9.985000,7.323915
2008-01-30,10.095000,9.475000,9.610000,7.048854
2008-01-31,9.590000,9.040000,9.455000,6.935163
2008-02-01,9.660000,9.320000,9.610000,7.048854
2008-02-04,9.675000,9.515000,9.595000,7.037853
2008-02-05,9.560000,9.250000,9.255000,6.788464
2008-02-06,9.450000,9.010000,9.075000,6.656436
2008-02-07,9.385000,9.005000,9.265000,6.795800
2008-02-08,9.385000,9.080000,9.130000,6.696778
2008-02-11,9.265000,8.975000,9.260000,6.792135
2008-02-12,9.625000,9.260000,9.355000,6.861814
2008-02-13,9.560000,9.290000,9.425000,6.913158
2008-02-14,9.445000,9.045000,9.090000,6.667439
2008-02-15,9.180000,9.035000,9.145000,6.707782
2008-02-19,9.325000,9.020000,9.050000,6.638100
2008-02-20,9.145000,9.000000,9.130000,6.696778
2008-02-21,9.215000,8.875000,8.915000,6.539078
2008-02-22,9.125000,8.890000,9.125000,6.693112
2008-02-25,9.260000,9.005000,9.250000,6.784799
2008-02-26,9.600000,9.125000,9.530000,6.990177
2008-02-27,9.665000,9.370000,9.520000,6.982838
2008-02-28,9.475000,9.255000,9.285000,6.810471
2008-02-29,9.250000,8.965000,8.990000,6.594089
2008-03-03,9.085000,8.905000,8.925000,6.546415
2008-03-04,9.000000,8.815000,8.950000,6.564751
2008-03-05,9.220000,8.995000,9.070000,6.652772
2008-03-06,9.100000,8.755000,8.800000,6.454729
2008-03-07,8.840000,8.520000,8.550000,6.271355
2008-03-10,8.640000,8.385000,8.400000,6.161329
2008-03-11,8.875000,8.480000,8.870000,6.506070
2008-03-12,9.055000,8.780000,8.805000,6.458393
2008-03-13,8.930000,8.525000,8.815000,6.465727
2008-03-14,8.920000,8.500000,8.695000,6.377709
2008-03-17,8.765000,8.475000,8.630000,6.330035
2008-03-18,9.125000,8.700000,9.120000,6.689444
2008-03-19,9.250000,8.745000,8.750000,6.418055
2008-03-20,8.915000,8.710000,8.765000,6.429054
2008-03-24,9.005000,8.750000,8.945000,6.561083
2008-03-25,9.030000,8.890000,8.995000,6.597757
2008-03-26,8.985000,8.775000,8.830000,6.476732
2008-03-27,9.005000,8.780000,8.810000,6.462063
2008-03-28,8.900000,8.500000,8.525000,6.253015
2008-03-31,8.840000,8.500000,8.750000,6.418055
2008-04-01,9.250000,8.840000,9.250000,6.784799
2008-04-02,9.445000,9.160000,9.300000,6.821473
2008-04-03,9.300000,9.035000,9.170000,6.726120
2008-04-04,9.345000,9.105000,9.250000,6.784799
2008-04-07,9.350000,9.125000,9.155000,6.715117
2008-04-08,9.245000,8.950000,8.990000,6.594089
2008-04-09,9.085000,8.675000,8.735000,6.407051
2008-04-10,8.870000,8.715000,8.775000,6.436391
2008-04-11,8.750000,8.585000,8.630000,6.330035
2008-04-14,8.630000,8.440000,8.485000,6.223676
2008-04-15,8.680000,8.480000,8.660000,6.352036
2008-04-16,8.850000,8.610000,8.840000,6.484067
2008-04-17,8.870000,8.690000,8.830000,6.476732
2008-04-18,9.160000,8.895000,9.140000,6.704113
2008-04-21,9.110000,8.955000,9.025000,6.619761
2008-04-22,8.980000,8.715000,8.850000,6.491403
2008-04-23,8.930000,8.805000,8.925000,6.546415
2008-04-24,8.090000,7.695000,7.995000,5.864267
2008-04-25,8.085000,7.725000,7.930000,5.816590
2008-04-28,7.965000,7.795000,7.830000,5.743240
2008-04-29,8.180000,7.825000,8.100000,5.941282
2008-04-30,8.300000,8.030000,8.115000,5.952284
2008-05-01,8.445000,7.915000,8.325000,6.106318
2008-05-02,8.550000,8.125000,8.230000,6.036637
2008-05-05,8.290000,8.100000,8.170000,5.992628
2008-05-06,8.280000,8.055000,8.180000,5.999962
2008-05-07,8.230000,7.960000,7.975000,5.849594
2008-05-08,8.050000,7.860000,7.925000,5.812921
2008-05-09,7.985000,7.840000,7.930000,5.816590
2008-05-12,8.025000,7.920000,8.020000,5.882604
2008-05-13,8.040000,7.850000,7.975000,5.849594
2008-05-14,8.065000,7.935000,7.960000,5.838594
2008-05-15,8.115000,7.915000,8.035000,5.893608
2008-05-16,8.530000,8.225000,8.525000,6.253015
2008-05-19,8.720000,8.495000,8.535000,6.260351
2008-05-20,8.475000,8.265000,8.420000,6.176000
2008-05-21,8.480000,8.325000,8.340000,6.117321
2008-05-22,8.645000,8.300000,8.545000,6.267685
2008-05-23,8.550000,8.350000,8.475000,6.216342
2008-05-27,8.795000,8.480000,8.755000,6.421721
2008-05-28,8.940000,8.525000,8.915000,6.539078
2008-05-29,9.205000,8.915000,9.165000,6.722453
2008-05-30,9.205000,9.000000,9.095000,6.671108
2008-06-02,9.085000,8.815000,8.965000,6.575753
2008-06-03,9.065000,8.700000,8.875000,6.509741
2008-06-04,9.170000,8.860000,9.060000,6.645436
2008-06-05,9.260000,9.005000,9.260000,6.792135
2008-06-06,9.175000,8.820000,8.835000,6.480398
2008-06-09,9.100000,8.685000,8.760000,6.425388
2008-06-10,8.965000,8.625000,8.920000,6.542746
2008-06-11,8.970000,8.775000,8.785000,6.443723
2008-06-12,9.030000,8.830000,8.910000,6.535410
2008-06-13,9.100000,8.915000,9.085000,6.663772
2008-06-16,9.280000,8.945000,9.175000,6.729789
2008-06-17,9.235000,9.035000,9.060000,6.645436
2008-06-18,9.045000,8.830000,8.885000,6.517075
2008-06-19,9.030000,8.690000,8.995000,6.597757
2008-06-20,8.910000,8.590000,8.615000,6.319030
2008-06-23,8.745000,8.135000,8.150000,5.977956
2008-06-24,8.460000,8.125000,8.285000,6.076978
2008-06-25,8.645000,8.305000,8.555000,6.275022
2008-06-26,8.415000,8.135000,8.140000,5.970622
2008-06-27,8.285000,7.970000,8.175000,5.996294
2008-06-30,8.165000,7.865000,7.870000,5.772581
2008-07-01,7.860000,7.640000,7.810000,5.728567
2008-07-02,8.025000,7.765000,7.840000,5.750574
2008-07-03,7.895000,7.600000,7.780000,5.706566
2008-07-07,7.805000,7.415000,7.475000,5.482850
2008-07-08,7.735000,7.325000,7.670000,5.625883
2008-07-09,7.700000,7.360000,7.360000,5.398499
2008-07-10,7.430000,7.110000,7.185000,5.270137
2008-07-11,7.185000,6.815000,7.030000,5.156448
2008-07-14,7.140000,6.885000,7.000000,5.134442
2008-07-15,6.935000,6.665000,6.790000,4.980409
2008-07-16,7.235000,6.720000,7.170000,5.259135
2008-07-17,7.245000,6.885000,7.195000,5.277473
2008-07-18,7.290000,7.075000,7.170000,5.259135
2008-07-21,7.240000,7.020000,7.045000,5.167450
2008-07-22,7.600000,7.015000,7.565000,5.548864
2008-07-23,8.015000,7.510000,7.710000,5.655221
2008-07-24,7.610000,7.265000,7.270000,5.332484
2008-07-25,7.470000,7.175000,7.210000,5.288476
2008-07-28,7.285000,7.035000,7.115000,5.218793
2008-07-29,7.695000,7.095000,7.495000,5.497520
2008-07-30,7.545000,7.210000,7.335000,5.380160
2008-07-31,7.575000,7.255000,7.345000,5.387496
2008-08-01,7.460000,7.115000,7.210000,5.288476
2008-08-04,7.220000,7.005000,7.030000,5.156448
2008-08-05,7.285000,7.120000,7.260000,5.325148
2008-08-06,7.480000,7.175000,7.470000,5.479183
2008-08-07,7.420000,7.245000,7.260000,5.325148
2008-08-08,7.640000,7.280000,7.560000,5.545196
2008-08-11,8.200000,7.470000,8.150000,5.977956
2008-08-12,8.445000,7.985000,8.180000,5.999962
2008-08-13,8.230000,8.030000,8.150000,5.977956
2008-08-14,8.550000,8.035000,8.460000,6.205339
2008-08-15,8.590000,8.295000,8.345000,6.120988
2008-08-18,8.440000,8.190000,8.255000,6.054975
2008-08-19,8.280000,7.945000,7.975000,5.849594
2008-08-20,8.080000,7.775000,7.885000,5.783582
2008-08-21,7.885000,7.725000,7.840000,5.750574
2008-08-22,8.085000,7.850000,8.020000,5.882604
2008-08-25,7.995000,7.735000,7.760000,5.691894
2008-08-26,7.840000,7.650000,7.755000,5.688228
2008-08-27,7.875000,7.665000,7.795000,5.717570
2008-08-28,8.000000,7.840000,7.990000,5.860598
2008-08-29,8.025000,7.700000,7.780000,5.706566
2008-09-02,8.410000,7.865000,7.870000,5.772581
2008-09-03,8.120000,7.880000,7.965000,5.842261
2008-09-04,7.915000,7.540000,7.540000,5.530527
2008-09-05,7.625000,7.385000,7.590000,5.567202
2008-09-08,7.805000,7.585000,7.770000,5.699230
2008-09-09,7.850000,7.515000,7.520000,5.515858
2008-09-10,7.665000,7.450000,7.530000,5.523191
2008-09-11,7.830000,7.380000,7.815000,5.732237
2008-09-12,7.835000,7.605000,7.665000,5.622214
2008-09-15,7.795000,7.375000,7.540000,5.530527
2008-09-16,8.080000,7.685000,8.015000,5.878935
2008-09-17,8.000000,7.740000,7.790000,5.713900
2008-09-18,8.085000,7.645000,8.015000,5.878935
2008-09-19,8.265000,7.500000,8.070000,5.919279
2008-09-22,8.010000,7.600000,7.630000,5.596543
2008-09-23,7.765000,7.500000,7.530000,5.523191
2008-09-24,7.670000,7.355000,7.445000,5.460846
2008-09-25,7.530000,7.395000,7.465000,5.475515
2008-09-26,7.500000,7.250000,7.480000,5.486520
2008-09-29,7.540000,7.075000,7.085000,5.196787
2008-09-30,7.465000,7.065000,7.435000,5.453510
2008-10-01,7.530000,7.260000,7.400000,5.427839
2008-10-02,7.495000,7.080000,7.085000,5.196787
2008-10-03,7.315000,6.810000,6.830000,5.009747
2008-10-06,6.790000,6.245000,6.485000,4.756694
2008-10-07,6.615000,6.130000,6.140000,4.503637
2008-10-08,6.360000,5.750000,5.765000,4.228578
2008-10-09,5.935000,5.490000,5.505000,4.037870
2008-10-10,5.625000,5.000000,5.540000,4.063544
2008-10-13,5.950000,5.565000,5.870000,4.305597
2008-10-14,6.115000,5.585000,5.650000,4.144228
2008-10-15,5.530000,5.050000,5.060000,3.711468
2008-10-16,5.320000,4.845000,5.280000,3.872835
2008-10-17,5.355000,5.035000,5.225000,3.832494
2008-10-20,5.570000,5.250000,5.565000,4.081880
2008-10-21,5.525000,5.250000,5.255000,3.854499
2008-10-22,5.245000,4.880000,4.995000,3.663790
2008-10-23,5.150000,4.875000,5.130000,3.762813
2008-10-24,5.035000,4.580000,4.840000,3.550100
2008-10-27,5.000000,4.650000,4.795000,3.517093
2008-10-28,5.450000,4.750000,5.430000,3.982859
2008-10-29,5.905000,5.325000,5.665000,4.155231
2008-10-30,6.350000,5.730000,6.310000,4.628333
2008-10-31,6.590000,6.145000,6.565000,4.815374
2008-11-03,6.575000,6.215000,6.265000,4.595325
2008-11-04,6.485000,6.060000,6.220000,4.562319
2008-11-05,6.250000,5.815000,5.835000,4.279925
2008-11-06,5.875000,5.515000,5.545000,4.067210
2008-11-07,5.620000,5.135000,5.275000,3.869169
2008-11-10,5.500000,4.955000,5.100000,3.740807
2008-11-11,5.135000,4.715000,4.995000,3.663790
2008-11-12,4.955000,4.640000,4.665000,3.421739
2008-11-13,4.730000,4.040000,4.655000,3.414403
2008-11-14,4.620000,4.305000,4.305000,3.157681
2008-11-17,4.545000,4.130000,4.320000,3.168685
2008-11-18,4.435000,4.070000,4.190000,3.073330
2008-11-19,4.275000,3.975000,3.985000,2.922965
2008-11-20,4.015000,3.585000,3.585000,2.629567
2008-11-21,3.950000,3.530000,3.915000,2.871620
2008-11-24,4.250000,3.970000,4.225000,3.099002
2008-11-25,4.300000,3.940000,4.105000,3.010983
2008-11-26,4.415000,4.015000,4.390000,3.220028
2008-11-28,4.470000,4.325000,4.465000,3.275041
2008-12-01,4.335000,3.965000,3.975000,2.915630
2008-12-02,4.270000,3.990000,4.265000,3.128342
2008-12-03,4.370000,4.080000,4.320000,3.168685
2008-12-04,4.705000,4.150000,4.305000,3.157681
2008-12-05,4.575000,4.090000,4.560000,3.344722
2008-12-08,4.875000,4.635000,4.800000,3.520759
2008-12-09,4.860000,4.620000,4.635000,3.399735
2008-12-10,4.835000,4.560000,4.765000,3.495088
2008-12-11,4.770000,4.460000,4.485000,3.289711
2008-12-12,4.720000,4.415000,4.670000,3.425406
2008-12-15,4.755000,4.445000,4.500000,3.300713
2008-12-16,4.865000,4.535000,4.860000,3.564769
2008-12-17,5.015000,4.735000,4.915000,3.605113
2008-12-18,5.185000,4.705000,4.795000,3.517093
2008-12-19,4.980000,4.725000,4.940000,3.623449
2008-12-22,4.980000,4.590000,4.680000,3.432741
2008-12-23,4.800000,4.545000,4.595000,3.370394
2008-12-24,4.670000,4.600000,4.670000,3.425406
2008-12-26,4.750000,4.625000,4.675000,3.429074
2008-12-29,4.715000,4.460000,4.515000,3.311714
2008-12-30,4.680000,4.525000,4.680000,3.432741
2008-12-31,4.760000,4.640000,4.730000,3.469415
2009-01-02,4.930000,4.665000,4.920000,3.608779
2009-01-05,5.030000,4.800000,4.960000,3.638118
2009-01-06,5.180000,4.975000,5.110000,3.748141
2009-01-07,5.045000,4.900000,4.995000,3.663790
2009-01-08,5.095000,4.835000,5.070000,3.718804
2009-01-09,5.075000,4.805000,4.885000,3.583107
2009-01-12,4.975000,4.745000,4.795000,3.517093
2009-01-13,4.890000,4.620000,4.685000,3.436410
2009-01-14,4.630000,4.415000,4.520000,3.315382
2009-01-15,4.725000,4.440000,4.640000,3.403400
2009-01-16,4.775000,4.555000,4.730000,3.469415
2009-01-20,4.760000,4.425000,4.445000,3.260370
2009-01-21,4.525000,4.250000,4.525000,3.319050
2009-01-22,4.665000,4.390000,4.560000,3.344722
2009-01-23,4.610000,4.425000,4.540000,3.330052
2009-01-26,4.640000,4.395000,4.500000,3.300713
2009-01-27,4.620000,4.440000,4.575000,3.355726
2009-01-28,4.900000,4.615000,4.825000,3.539097
2009-01-29,4.950000,4.625000,4.825000,3.539097
2009-01-30,4.880000,4.705000,4.720000,3.462080
2009-02-02,4.825000,4.620000,4.720000,3.462080
2009-02-03,4.945000,4.620000,4.915000,3.605113
2009-02-04,5.040000,4.860000,4.885000,3.583107
2009-02-05,5.090000,4.780000,5.065000,3.715135
2009-02-06,5.315000,4.975000,5.270000,3.865503
2009-02-09,5.385000,5.105000,5.360000,3.931516
2009-02-10,5.360000,4.945000,4.950000,3.630784
2009-02-11,5.050000,4.855000,4.995000,3.663790
2009-02-12,5.090000,4.870000,5.090000,3.733472
2009-02-13,5.150000,4.975000,5.065000,3.715135
2009-02-17,4.890000,4.670000,4.825000,3.539097
2009-02-18,4.880000,4.720000,4.825000,3.539097
2009-02-19,4.975000,4.745000,4.760000,3.491419
2009-02-20,4.860000,4.625000,4.790000,3.513425
2009-02-23,4.870000,4.555000,4.580000,3.359392
2009-02-24,4.790000,4.550000,4.765000,3.495088
2009-02-25,4.810000,4.635000,4.710000,3.454746
2009-02-26,4.775000,4.495000,4.510000,3.308048
2009-02-27,4.620000,4.450000,4.575000,3.355726
2009-03-02,4.570000,4.380000,4.385000,3.216362
2009-03-03,4.505000,4.265000,4.290000,3.146680
2009-03-04,4.475000,4.315000,4.415000,3.238366
2009-03-05,4.445000,4.270000,4.280000,3.139344
2009-03-06,4.345000,4.060000,4.180000,3.065995
2009-03-09,4.310000,4.105000,4.135000,3.032989
2009-03-10,4.595000,4.165000,4.565000,3.348389
2009-03-11,4.700000,4.475000,4.610000,3.381397
2009-03-12,5.050000,4.565000,5.035000,3.693130
2009-03-13,5.325000,5.010000,5.280000,3.872835
2009-03-16,5.500000,5.280000,5.390000,3.953521
2009-03-17,5.575000,5.330000,5.570000,4.085549
2009-03-18,5.815000,5.480000,5.750000,4.217577
2009-03-19,5.840000,5.690000,5.795000,4.250585
2009-03-20,5.940000,5.525000,5.580000,4.092885
2009-03-23,6.060000,5.600000,6.030000,4.422955
2009-03-24,6.030000,5.660000,5.660000,4.151564
2009-03-25,5.805000,5.370000,5.580000,4.092885
2009-03-26,6.215000,5.600000,6.195000,4.543981
2009-03-27,6.080000,5.860000,5.885000,4.316599
2009-03-30,5.820000,5.560000,5.630000,4.129558
2009-03-31,5.725000,5.525000,5.555000,4.074547
2009-04-01,5.625000,5.405000,5.585000,4.096552
2009-04-02,6.000000,5.655000,5.910000,4.334936
2009-04-03,5.965000,5.730000,5.845000,4.287258
2009-04-06,5.830000,5.620000,5.710000,4.188238
2009-04-07,5.655000,5.475000,5.595000,4.103886
2009-04-08,5.805000,5.625000,5.745000,4.213910
2009-04-09,6.075000,5.830000,6.000000,4.400950
2009-04-13,6.055000,5.860000,6.005000,4.404619
2009-04-14,5.980000,5.870000,5.935000,4.353273
2009-04-15,5.860000,5.565000,5.830000,4.276257
2009-04-16,5.850000,5.705000,5.805000,4.257919
2009-04-17,6.110000,5.755000,6.030000,4.422955
2009-04-20,5.860000,5.625000,5.685000,4.169900
2009-04-21,5.920000,5.600000,5.905000,4.331269
2009-04-22,6.350000,5.770000,6.285000,4.609996
2009-04-23,6.700000,6.235000,6.680000,4.899724
2009-04-24,6.825000,6.560000,6.755000,4.954738
2009-04-27,6.815000,6.475000,6.600000,4.841045
2009-04-28,6.990000,6.480000,6.750000,4.951069
2009-04-29,6.980000,6.725000,6.845000,5.020751
2009-04-30,7.720000,6.850000,7.230000,5.303145
2009-05-01,7.250000,6.860000,6.900000,5.061093
2009-05-04,7.235000,6.950000,7.120000,5.222461
2009-05-05,7.210000,7.000000,7.110000,5.215127
2009-05-06,7.195000,6.875000,7.010000,5.141775
2009-05-07,7.245000,6.895000,7.005000,5.138110
2009-05-08,7.120000,6.765000,6.830000,5.009747
2009-05-11,6.875000,6.510000,6.725000,4.932733
2009-05-12,6.800000,6.460000,6.590000,4.833709
2009-05-13,6.580000,6.370000,6.375000,4.676010
2009-05-14,6.540000,6.325000,6.365000,4.668674
2009-05-15,6.625000,6.260000,6.470000,4.745692
2009-05-18,6.710000,6.470000,6.695000,4.910728
2009-05-19,6.835000,6.610000,6.710000,4.921729
2009-05-20,7.005000,6.710000,6.775000,4.969408
2009-05-21,6.795000,6.650000,6.715000,4.925398
2009-05-22,6.790000,6.480000,6.500000,4.767695
2009-05-26,6.805000,6.275000,6.750000,4.951069
2009-05-27,6.945000,6.650000,6.700000,4.914395
2009-05-28,6.890000,6.615000,6.855000,5.028086
2009-05-29,7.195000,6.860000,7.195000,5.277473
2009-06-01,7.495000,7.205000,7.460000,5.471849
2009-06-02,7.540000,7.335000,7.410000,5.435173
2009-06-03,7.650000,7.340000,7.650000,5.611212
2009-06-04,7.690000,7.510000,7.585000,5.563536
2009-06-05,7.700000,7.510000,7.545000,5.534194
2009-06-08,7.560000,7.325000,7.485000,5.490186
2009-06-09,7.670000,7.450000,7.600000,5.574537
2009-06-10,7.700000,7.320000,7.450000,5.464514
2009-06-11,7.520000,7.110000,7.130000,5.229797
2009-06-12,7.280000,7.010000,7.275000,5.336151
2009-06-15,7.220000,6.960000,7.060000,5.178450
2009-06-16,7.130000,6.940000,7.000000,5.134442
2009-06-17,7.305000,6.940000,7.150000,5.244465
2009-06-18,7.265000,7.050000,7.055000,5.174783
2009-06-19,7.280000,7.035000,7.120000,5.222461
2009-06-22,7.050000,6.770000,6.855000,5.028086
2009-06-23,7.190000,6.895000,7.080000,5.193121
2009-06-24,7.280000,7.040000,7.105000,5.211458
2009-06-25,7.440000,7.050000,7.420000,5.442508
2009-06-26,7.480000,7.250000,7.265000,5.328818
2009-06-29,7.435000,7.210000,7.320000,5.369157
2009-06-30,7.285000,6.895000,6.945000,5.094099
2009-07-01,7.150000,6.975000,7.000000,5.134442
2009-07-02,6.990000,6.680000,6.695000,4.910728
2009-07-06,6.800000,6.580000,6.700000,4.914395
2009-07-07,6.750000,6.475000,6.485000,4.756694
2009-07-08,6.590000,6.380000,6.520000,4.782364
2009-07-09,6.900000,6.490000,6.820000,5.002413
2009-07-10,6.955000,6.665000,6.725000,4.932733
2009-07-13,7.040000,6.650000,7.025000,5.152779
2009-07-14,7.095000,6.840000,7.055000,5.174783
2009-07-15,7.215000,7.030000,7.210000,5.288476
2009-07-16,7.285000,7.115000,7.205000,5.284807
2009-07-17,7.280000,7.130000,7.220000,5.295810
2009-07-20,7.475000,7.220000,7.460000,5.471849
2009-07-21,7.525000,7.205000,7.345000,5.387496
2009-07-22,8.795000,7.975000,8.695000,6.377709
2009-07-23,8.660000,8.430000,8.630000,6.330035
2009-07-24,8.730000,8.450000,8.610000,6.315363
2009-07-27,8.750000,8.475000,8.650000,6.344703
2009-07-28,8.745000,8.540000,8.680000,6.366707
2009-07-29,8.720000,8.505000,8.580000,6.293360
2009-07-30,8.920000,8.630000,8.815000,6.465727
2009-07-31,8.950000,8.725000,8.850000,6.491403
2009-08-03,9.165000,8.835000,9.135000,6.700449
2009-08-04,9.350000,9.040000,9.350000,6.858149
2009-08-05,9.490000,9.185000,9.250000,6.784799
2009-08-06,9.315000,9.095000,9.150000,6.711452
2009-08-07,9.575000,9.215000,9.515000,6.979172
2009-08-10,9.690000,9.365000,9.600000,7.041519
2009-08-11,9.580000,9.300000,9.430000,6.916829
2009-08-12,9.720000,9.395000,9.615000,7.052523
2009-08-13,9.845000,9.505000,9.820000,7.202888
2009-08-14,9.775000,9.420000,9.560000,7.012185
2009-08-17,9.385000,9.195000,9.310000,6.828807
2009-08-18,9.525000,9.310000,9.505000,6.971838
2009-08-19,9.590000,9.370000,9.560000,7.012185
2009-08-20,9.675000,9.510000,9.610000,7.048854
2009-08-21,9.895000,9.620000,9.855000,7.228559
2009-08-24,9.925000,9.555000,9.620000,7.056192
2009-08-25,9.870000,9.605000,9.750000,7.151544
2009-08-26,9.840000,9.605000,9.675000,7.096532
2009-08-27,9.780000,9.455000,9.720000,7.129538
2009-08-28,9.850000,9.580000,9.665000,7.089199
2009-08-31,9.640000,9.425000,9.495000,6.964503
2009-09-01,9.675000,9.210000,9.280000,6.806800
2009-09-02,9.375000,9.190000,9.280000,6.806800
2009-09-03,9.345000,9.105000,9.345000,6.854479
2009-09-04,9.575000,9.230000,9.510000,6.975506
2009-09-08,9.625000,9.475000,9.600000,7.041519
2009-09-09,10.105000,9.565000,10.045000,7.367925
2009-09-10,10.120000,9.835000,9.985000,7.323915
2009-09-11,10.010000,9.830000,9.945000,7.294576
2009-09-14,10.095000,9.790000,10.040000,7.364254
2009-09-15,10.080000,9.860000,9.895000,7.257901
2009-09-16,9.925000,9.775000,9.925000,7.279904
2009-09-17,10.240000,9.870000,10.040000,7.364254
2009-09-18,10.470000,10.170000,10.380000,7.613643
2009-09-21,10.440000,10.170000,10.335000,7.580638
2009-09-22,10.385000,10.190000,10.235000,7.507287
2009-09-23,10.230000,9.830000,9.845000,7.221225
2009-09-24,9.960000,9.505000,9.585000,7.030521
2009-09-25,10.055000,9.510000,9.915000,7.272573
2009-09-28,10.385000,9.940000,10.310000,7.562298
2009-09-29,10.380000,10.085000,10.190000,7.474282
2009-09-30,10.365000,9.860000,10.325000,7.573304
2009-10-01,10.300000,9.900000,9.985000,7.323915
2009-10-02,10.035000,9.795000,9.870000,7.239563
2009-10-05,10.070000,9.800000,10.030000,7.356922
2009-10-06,10.365000,9.975000,10.265000,7.529294
2009-10-07,10.300000,10.090000,10.200000,7.481614
2009-10-08,10.495000,10.185000,10.235000,7.507287
2009-10-09,10.310000,10.050000,10.120000,7.422936
2009-10-12,10.270000,10.040000,10.180000,7.466944
2009-10-13,10.215000,10.015000,10.095000,7.404599
2009-10-14,10.360000,10.160000,10.270000,7.532959
2009-10-15,10.365000,10.145000,10.360000,7.598973
2009-10-16,10.345000,10.160000,10.320000,7.569636
2009-10-19,10.555000,10.245000,10.470000,7.679658
2009-10-20,10.475000,10.190000,10.265000,7.529294
2009-10-21,10.520000,10.150000,10.170000,7.459609
2009-10-22,10.410000,10.100000,10.330000,7.576969
2009-10-23,10.275000,10.075000,10.135000,7.433937
2009-10-26,10.340000,9.995000,10.025000,7.353256
2009-10-27,10.025000,9.495000,9.545000,7.001177
2009-10-28,9.745000,9.345000,9.370000,6.872820
2009-10-29,9.775000,9.430000,9.760000,7.158881
2009-10-30,9.855000,9.465000,9.490000,6.960835
2009-11-02,9.730000,9.425000,9.690000,7.107533
2009-11-03,9.785000,9.480000,9.710000,7.122201
2009-11-04,9.800000,9.575000,9.605000,7.045189
2009-11-05,9.945000,9.625000,9.850000,7.224891
2009-11-06,10.645000,10.130000,10.560000,7.745671
2009-11-09,10.595000,10.445000,10.550000,7.738337
2009-11-10,10.725000,10.485000,10.705000,7.852030
2009-11-11,10.880000,10.720000,10.855000,7.962050
2009-11-12,10.950000,10.770000,10.840000,7.951052
2009-11-13,10.925000,10.765000,10.890000,7.987726
2009-11-16,11.030000,10.850000,11.030000,8.090412
2009-11-17,11.035000,10.875000,10.995000,8.064741
2009-11-18,10.940000,10.725000,10.860000,7.965717
2009-11-19,10.805000,10.525000,10.765000,7.896041
2009-11-20,10.860000,10.600000,10.705000,7.852030
2009-11-23,11.050000,10.765000,10.805000,7.925378
2009-11-24,10.805000,10.545000,10.665000,7.822686
2009-11-25,10.920000,10.660000,10.910000,8.002396
2009-11-27,10.820000,10.500000,10.715000,7.859362
2009-11-30,10.970000,10.555000,10.950000,8.031734
2009-12-01,11.020000,10.860000,10.865000,7.969389
2009-12-02,11.000000,10.805000,10.840000,7.951052
2009-12-03,10.955000,10.540000,10.560000,7.745671
2009-12-04,10.930000,10.640000,10.800000,7.921708
2009-12-07,10.870000,10.670000,10.700000,7.848360
2009-12-08,10.730000,10.475000,10.610000,7.782348
2009-12-09,10.685000,10.500000,10.650000,7.811685
2009-12-10,11.235000,10.680000,11.155000,8.182096
2009-12-11,11.245000,11.030000,11.200000,8.215105
2009-12-14,11.445000,11.170000,11.420000,8.376475
2009-12-15,11.450000,11.335000,11.365000,8.336135
2009-12-16,11.465000,11.205000,11.220000,8.229778
2009-12-17,11.245000,11.050000,11.125000,8.160091
2009-12-18,11.880000,11.125000,11.840000,8.684544
2009-12-21,11.865000,11.525000,11.570000,8.486497
2009-12-22,11.900000,11.585000,11.860000,8.699212
2009-12-23,11.900000,11.680000,11.870000,8.706547
2009-12-24,11.880000,11.750000,11.830000,8.677204
2009-12-28,11.975000,11.775000,11.905000,8.732217
2009-12-29,11.935000,11.685000,11.755000,8.622195
2009-12-30,11.795000,11.590000,11.655000,8.548851
2009-12-31,11.740000,11.530000,11.530000,8.457156
2010-01-04,11.665000,11.455000,11.525000,8.453487
2010-01-05,12.000000,11.445000,11.795000,8.651533
2010-01-06,11.810000,11.630000,11.710000,8.589188
2010-01-07,11.765000,11.595000,11.680000,8.567182
2010-01-08,11.800000,11.595000,11.640000,8.537845
2010-01-11,11.685000,11.435000,11.605000,8.512172
2010-01-12,11.595000,11.250000,11.410000,8.369143
2010-01-13,11.750000,11.385000,11.690000,8.574515
2010-01-14,11.800000,11.605000,11.775000,8.636865
2010-01-15,11.875000,11.455000,11.635000,8.534175
2010-01-19,11.900000,11.580000,11.790000,8.647871
2010-01-20,11.900000,11.425000,11.645000,8.541513
2010-01-21,12.225000,11.665000,11.840000,8.684544
2010-01-22,11.915000,11.425000,11.455000,8.402146
2010-01-25,11.530000,11.135000,11.200000,8.215105
2010-01-26,11.370000,11.085000,11.270000,8.266455
2010-01-27,11.285000,11.065000,11.205000,8.218775
2010-01-28,11.315000,10.930000,11.040000,8.097750
2010-01-29,11.265000,10.875000,10.895000,7.991391
2010-02-01,11.135000,10.885000,11.115000,8.152760
2010-02-02,11.245000,10.955000,11.225000,8.233444
2010-02-03,11.245000,11.050000,11.215000,8.226109
2010-02-04,11.195000,10.895000,10.905000,7.998730
2010-02-05,11.020000,10.630000,10.850000,7.958385
2010-02-08,11.075000,10.705000,10.955000,8.035398
2010-02-09,11.150000,10.830000,11.095000,8.138093
2010-02-10,11.265000,11.020000,11.185000,8.204100
2010-02-11,11.340000,10.965000,11.280000,8.273787
2010-02-12,11.340000,11.030000,11.300000,8.288455
2010-02-16,11.440000,11.235000,11.440000,8.391143
2010-02-17,11.650000,11.485000,11.575000,8.490162
2010-02-18,11.660000,11.505000,11.630000,8.530508
2010-02-19,11.730000,11.585000,11.680000,8.567182
2010-02-22,11.680000,11.410000,11.450000,8.398480
2010-02-23,11.455000,11.235000,11.340000,8.317797
2010-02-24,11.540000,11.355000,11.540000,8.464491
2010-02-25,11.490000,11.215000,11.450000,8.398480
2010-02-26,11.495000,11.340000,11.455000,8.402146
2010-03-01,11.670000,11.455000,11.645000,8.541513
2010-03-02,11.700000,11.540000,11.665000,8.556182
2010-03-03,11.690000,11.470000,11.530000,8.457156
2010-03-04,11.585000,11.435000,11.460000,8.405814
2010-03-05,11.695000,11.435000,11.685000,8.570850
2010-03-08,11.795000,11.625000,11.660000,8.552514
2010-03-09,11.875000,11.600000,11.810000,8.662539
2010-03-10,12.135000,11.755000,12.115000,8.886248
2010-03-11,12.335000,12.020000,12.135000,8.900922
2010-03-12,12.240000,12.070000,12.140000,8.904593
2010-03-15,12.250000,12.120000,12.210000,8.955934
2010-03-16,12.685000,12.430000,12.645000,9.275004
2010-03-17,12.830000,12.565000,12.780000,9.374023
2010-03-18,12.750000,12.485000,12.510000,9.175982
2010-03-19,12.575000,12.375000,12.485000,9.157640
2010-03-22,12.690000,12.175000,12.620000,9.256665
2010-03-23,12.715000,12.475000,12.705000,9.319013
2010-03-24,13.000000,12.620000,12.645000,9.275004
2010-03-25,12.565000,12.075000,12.105000,8.878918
2010-03-26,12.415000,12.195000,12.295000,9.018280
2010-03-29,12.385000,12.145000,12.305000,9.025616
2010-03-30,12.315000,12.120000,12.280000,9.007274
2010-03-31,12.270000,12.100000,12.135000,8.900922
2010-04-01,12.365000,11.975000,12.120000,8.889917
2010-04-05,12.390000,12.055000,12.305000,9.063004
2010-04-06,12.350000,12.175000,12.300000,9.059322
2010-04-07,12.515000,12.345000,12.455000,9.173485
2010-04-08,12.500000,12.315000,12.415000,9.144024
2010-04-09,12.475000,12.225000,12.360000,9.103512
2010-04-12,12.395000,12.160000,12.245000,9.018813
2010-04-13,12.400000,12.160000,12.365000,9.107198
2010-04-14,12.425000,12.200000,12.420000,9.147701
2010-04-15,12.625000,12.310000,12.565000,9.254502
2010-04-16,12.610000,12.355000,12.480000,9.191897
2010-04-19,12.620000,12.280000,12.450000,9.169797
2010-04-20,12.645000,12.310000,12.630000,9.302376
2010-04-21,12.710000,12.500000,12.695000,9.350247
2010-04-22,13.725000,12.835000,13.625000,10.035224
2010-04-23,13.645000,13.375000,13.630000,10.038906
2010-04-26,13.795000,13.500000,13.695000,10.086781
2010-04-27,13.750000,13.225000,13.265000,9.770073
2010-04-28,13.440000,13.060000,13.110000,9.655908
2010-04-29,13.365000,13.130000,13.300000,9.795849
2010-04-30,13.370000,12.990000,12.990000,9.567529
2010-05-03,13.625000,12.990000,13.590000,10.009444
2010-05-04,13.325000,12.905000,13.015000,9.585940
2010-05-05,13.285000,12.880000,13.110000,9.655908
2010-05-06,13.125000,12.195000,12.805000,9.431270
2010-05-07,12.995000,12.325000,12.725000,9.372349
2010-05-10,13.550000,12.940000,13.520000,9.957893
2010-05-11,13.620000,13.265000,13.350000,9.832678
2010-05-12,13.965000,13.355000,13.925000,10.256184
2010-05-13,13.895000,13.680000,13.720000,10.105195
2010-05-14,13.665000,13.090000,13.255000,9.762712
2010-05-17,13.475000,13.035000,13.455000,9.910011
2010-05-18,13.560000,13.200000,13.290000,9.788484
2010-05-19,13.410000,12.905000,13.095000,9.644862
2010-05-20,12.895000,12.540000,12.550000,9.243452
2010-05-21,12.755000,12.195000,12.645000,9.313421
2010-05-24,12.720000,12.455000,12.535000,9.232407
2010-05-25,12.495000,12.035000,12.460000,9.177168
2010-05-26,12.675000,12.340000,12.355000,9.099831
2010-05-27,13.020000,12.650000,13.010000,9.582257
2010-05-28,13.165000,12.835000,12.945000,9.534385
2010-06-01,13.155000,12.760000,12.850000,9.464417
2010-06-02,13.300000,12.785000,13.290000,9.788484
2010-06-03,13.460000,13.230000,13.430000,9.891599
2010-06-04,13.415000,13.000000,13.075000,9.630132
2010-06-07,13.125000,12.755000,12.770000,9.405494
2010-06-08,12.955000,12.600000,12.925000,9.519653
2010-06-09,13.360000,13.005000,13.155000,9.689055
2010-06-10,13.505000,13.200000,13.490000,9.935791
2010-06-11,13.605000,13.370000,13.575000,9.998401
2010-06-14,13.930000,13.640000,13.730000,10.112559
2010-06-15,13.970000,13.705000,13.965000,10.285645
2010-06-16,14.085000,13.810000,13.995000,10.307741
2010-06-17,14.055000,13.800000,13.990000,10.304057
2010-06-18,14.180000,13.870000,14.045000,10.344567
2010-06-21,14.250000,13.930000,14.010000,10.318789
2010-06-22,14.240000,13.575000,13.615000,10.027857
2010-06-23,13.760000,13.485000,13.660000,10.061003
2010-06-24,13.635000,13.300000,13.335000,9.821630
2010-06-25,13.525000,13.320000,13.405000,9.873184
2010-06-28,13.540000,13.180000,13.195000,9.718519
2010-06-29,13.050000,12.440000,12.505000,9.210312
2010-06-30,12.655000,12.135000,12.150000,8.948841
2010-07-01,12.375000,11.840000,12.330000,9.081415
2010-07-02,12.395000,12.055000,12.175000,8.967258
2010-07-06,12.345000,11.735000,11.805000,8.694736
2010-07-07,12.225000,11.760000,12.200000,8.985669
2010-07-08,12.465000,12.195000,12.420000,9.147701
2010-07-09,12.670000,12.420000,12.650000,9.317104
2010-07-12,12.760000,12.490000,12.635000,9.306060
2010-07-13,13.035000,12.735000,12.970000,9.552798
2010-07-14,13.075000,12.875000,13.000000,9.574888
2010-07-15,13.090000,12.820000,13.065000,9.622766
2010-07-16,13.220000,12.635000,12.675000,9.335521
2010-07-19,12.855000,12.540000,12.745000,9.387074
2010-07-20,12.895000,12.425000,12.885000,9.490194
2010-07-21,12.990000,12.565000,12.585000,9.269234
2010-07-22,12.630000,12.175000,12.575000,9.261868
2010-07-23,12.750000,12.470000,12.690000,9.346565
2010-07-26,12.785000,12.490000,12.695000,9.350247
2010-07-27,12.795000,12.475000,12.590000,9.272914
2010-07-28,12.680000,12.405000,12.495000,9.202944
2010-07-29,12.600000,12.180000,12.410000,9.140339
2010-07-30,12.475000,12.125000,12.425000,9.151386
2010-08-02,12.530000,12.310000,12.340000,9.136580
2010-08-03,12.430000,12.185000,12.360000,9.151385
2010-08-04,12.620000,12.345000,12.590000,9.321680
2010-08-05,12.620000,12.380000,12.590000,9.321680
2010-08-06,12.685000,12.375000,12.665000,9.377211
2010-08-09,12.860000,12.695000,12.830000,9.499375
2010-08-10,12.800000,12.555000,12.700000,9.403125
2010-08-11,12.480000,12.175000,12.330000,9.129174
2010-08-12,12.305000,12.130000,12.230000,9.055133
2010-08-13,12.185000,11.975000,11.995000,8.881136
2010-08-16,12.075000,11.835000,11.910000,8.818206
2010-08-17,12.295000,11.920000,12.150000,8.995903
2010-08-18,12.400000,11.905000,12.250000,9.069942
2010-08-19,12.260000,11.930000,12.020000,8.899652
2010-08-20,12.055000,11.880000,12.025000,8.903356
2010-08-23,12.165000,11.840000,11.840000,8.766380
2010-08-24,11.650000,11.350000,11.410000,8.448008
2010-08-25,11.740000,11.250000,11.680000,8.647918
2010-08-26,11.810000,11.590000,11.635000,8.614596
2010-08-27,11.790000,11.455000,11.735000,8.688637
2010-08-30,11.820000,11.685000,11.715000,8.673829
2010-08-31,11.740000,11.345000,11.490000,8.507237
2010-09-01,11.885000,11.515000,11.840000,8.766380
2010-09-02,12.340000,11.775000,12.330000,9.129174
2010-09-03,12.595000,12.360000,12.535000,9.280959
2010-09-07,12.520000,12.335000,12.435000,9.206916
2010-09-08,12.550000,12.345000,12.390000,9.173598
2010-09-09,12.485000,12.265000,12.415000,9.192111
2010-09-10,12.720000,12.425000,12.700000,9.403125
2010-09-13,13.000000,12.775000,12.875000,9.532697
2010-09-14,12.935000,12.765000,12.890000,9.543799
2010-09-15,12.890000,12.715000,12.875000,9.532697
2010-09-16,12.915000,12.725000,12.865000,9.525289
2010-09-17,12.940000,12.715000,12.765000,9.451254
2010-09-20,13.170000,12.770000,13.140000,9.728902
2010-09-21,13.170000,12.990000,13.080000,9.684479
2010-09-22,13.225000,12.915000,12.965000,9.599332
2010-09-23,13.090000,12.685000,12.725000,9.421635
2010-09-24,13.100000,12.910000,13.065000,9.673373
2010-09-27,13.190000,13.015000,13.075000,9.680773
2010-09-28,13.285000,12.860000,13.070000,9.677073
2010-09-29,13.100000,12.820000,12.900000,9.551205
2010-09-30,13.050000,12.690000,12.775000,9.458655
2010-10-01,13.040000,12.770000,12.970000,9.603033
2010-10-04,12.970000,12.685000,12.845000,9.510481
2010-10-05,13.195000,12.975000,13.125000,9.717794
2010-10-06,13.110000,12.870000,13.050000,9.662267
2010-10-07,13.110000,12.910000,13.035000,9.651162
2010-10-08,13.150000,12.835000,13.035000,9.651162
2010-10-11,13.200000,12.935000,12.995000,9.621546
2010-10-12,13.650000,12.950000,13.570000,10.047277
2010-10-13,13.675000,13.445000,13.630000,10.091701
2010-10-14,13.880000,13.570000,13.715000,10.154633
2010-10-15,13.800000,13.585000,13.770000,10.195357
2010-10-18,13.770000,13.590000,13.675000,10.125017
2010-10-19,13.740000,13.420000,13.540000,10.025064
2010-10-20,13.860000,13.515000,13.725000,10.162035
2010-10-21,13.905000,13.510000,13.645000,10.102805
2010-10-22,14.305000,13.515000,14.245000,10.547045
2010-10-25,14.400000,14.170000,14.195000,10.510028
2010-10-26,14.305000,14.060000,14.265000,10.561854
2010-10-27,14.165000,14.010000,14.130000,10.461900
2010-10-28,14.250000,14.015000,14.115000,10.450796
2010-10-29,14.375000,14.050000,14.280000,10.572964
2010-11-01,14.495000,14.220000,14.405000,10.665514
2010-11-02,14.570000,14.380000,14.440000,10.691426
2010-11-03,14.645000,14.310000,14.550000,10.772871
2010-11-04,15.000000,14.770000,14.875000,11.013501
2010-11-05,15.650000,15.175000,15.435000,11.428131
2010-11-08,15.450000,15.090000,15.315000,11.339280
2010-11-09,15.420000,14.995000,15.085000,11.168987
2010-11-10,15.375000,15.000000,15.235000,11.280047
2010-11-11,15.475000,15.005000,15.370000,11.380000
2010-11-12,15.355000,14.920000,15.095000,11.176394
2010-11-15,15.500000,15.045000,15.395000,11.398513
2010-11-16,15.405000,14.890000,14.920000,11.093660
2010-11-17,15.070000,14.725000,14.995000,11.149424
2010-11-18,15.430000,15.035000,15.290000,11.368773
2010-11-19,15.455000,15.145000,15.380000,11.435694
2010-11-22,15.545000,15.250000,15.435000,11.476586
2010-11-23,15.380000,15.075000,15.200000,11.301852
2010-11-24,15.755000,15.340000,15.740000,11.703362
2010-11-26,15.675000,15.535000,15.570000,11.576962
2010-11-29,15.465000,15.100000,15.395000,11.446844
2010-11-30,15.465000,15.070000,15.300000,11.376204
2010-12-01,16.014999,15.505000,15.850000,11.785152
2010-12-02,16.400000,15.885000,16.379999,12.179230
2010-12-03,16.440001,16.045000,16.360001,12.164364
2010-12-06,16.400000,16.225000,16.360001,12.164364
2010-12-07,16.545000,16.309999,16.389999,12.186666
2010-12-08,16.445000,16.230000,16.290001,12.112315
2010-12-09,16.400000,16.080000,16.200001,12.045398
2010-12-10,16.355000,16.059999,16.295000,12.116029
2010-12-13,16.375000,15.995000,15.995000,11.892970
2010-12-14,16.150000,15.910000,16.055000,11.937581
2010-12-15,16.190001,15.830000,15.935000,11.848354
2010-12-16,16.400000,16.100000,16.295000,12.116029
2010-12-17,16.475000,16.184999,16.395000,12.190387
2010-12-20,16.535000,16.260000,16.465000,12.242433
2010-12-21,16.525000,16.250000,16.430000,12.216412
2010-12-22,16.575001,16.400000,16.465000,12.242433
2010-12-23,16.495001,16.264999,16.315001,12.130901
2010-12-27,16.340000,16.080000,16.235001,12.071420
2010-12-28,16.344999,16.025000,16.195000,12.041674
2010-12-29,16.370001,16.205000,16.254999,12.086287
2010-12-30,16.275000,16.100000,16.205000,12.049113
2010-12-31,16.240000,15.975000,16.065001,11.945016
2011-01-03,16.709999,16.230000,16.625000,12.361400
2011-01-04,16.645000,16.219999,16.240000,12.075134
2011-01-05,16.420000,16.125000,16.174999,12.026809
2011-01-06,16.250000,15.895000,15.980000,11.881813
2011-01-07,16.430000,15.930000,16.389999,12.186666
2011-01-10,16.475000,16.065001,16.385000,12.182949
2011-01-11,16.450001,16.080000,16.129999,11.993349
2011-01-12,16.330000,16.030001,16.100000,11.971041
2011-01-13,16.219999,16.055000,16.205000,12.049113
2011-01-14,16.365000,16.090000,16.350000,12.156923
2011-01-18,16.625000,16.344999,16.500000,12.268458
2011-01-19,16.535000,16.235001,16.504999,12.272179
2011-01-20,16.695000,16.395000,16.590000,12.335375
2011-01-21,16.860001,16.530001,16.600000,12.342813
2011-01-24,16.750000,16.455000,16.745001,12.450626
2011-01-25,16.889999,16.605000,16.825001,12.510108
2011-01-26,16.805000,16.370001,16.535000,12.294479
2011-01-27,16.725000,16.025000,16.514999,12.279608
2011-01-28,16.559999,15.760000,15.865000,11.796306
2011-01-31,15.870000,15.375000,15.765000,11.721951
2011-02-01,16.155001,15.785000,16.125000,11.989631
2011-02-02,16.125000,15.840000,16.100000,11.971041
2011-02-03,16.260000,16.025000,16.180000,12.030524
2011-02-04,16.370001,16.030001,16.290001,12.112315
2011-02-07,16.365000,16.115000,16.174999,12.074990
2011-02-08,16.594999,16.115000,16.559999,12.362396
2011-02-09,16.570000,16.395000,16.495001,12.313873
2011-02-10,16.629999,16.375000,16.580000,12.377328
2011-02-11,16.690001,16.379999,16.674999,12.448248
2011-02-14,16.889999,16.594999,16.790001,12.534097
2011-02-15,16.780001,16.575001,16.590000,12.384792
2011-02-16,16.840000,16.565001,16.785000,12.530365
2011-02-17,16.840000,16.639999,16.750000,12.504237
2011-02-18,17.014999,16.639999,17.000000,12.690868
2011-02-22,16.965000,16.334999,16.385000,12.231756
2011-02-23,16.385000,15.695000,15.955000,11.910752
2011-02-24,15.985000,15.585000,15.955000,11.910752
2011-02-25,16.340000,16.000000,16.250000,12.130978
2011-02-28,16.525000,16.295000,16.490000,12.310143
2011-03-01,16.684999,16.120001,16.195000,12.089915
2011-03-02,16.195000,15.860000,16.110001,12.026464
2011-03-03,16.629999,16.235001,16.504999,12.321342
2011-03-04,16.590000,16.309999,16.559999,12.362396
2011-03-07,17.395000,16.655001,16.799999,12.541556
2011-03-08,17.155001,16.805000,17.004999,12.694599
2011-03-09,17.299999,16.860001,17.270000,12.892429
2011-03-10,19.105000,18.469999,18.985001,14.172710
2011-03-11,18.805000,18.160000,18.280001,13.646414
2011-03-14,18.260000,17.750000,17.865000,13.336604
2011-03-15,17.980000,17.334999,17.860001,13.332875
2011-03-16,17.790001,17.434999,17.500000,13.064129
2011-03-17,17.825001,17.525000,17.545000,13.097726
2011-03-18,17.844999,17.405001,17.480000,13.049203
2011-03-21,17.780001,17.575001,17.655001,13.179833
2011-03-22,17.625000,17.400000,17.475000,13.045470
2011-03-23,18.400000,17.375000,18.344999,13.694937
2011-03-24,18.924999,18.184999,18.790001,14.027143
2011-03-25,18.900000,18.400000,18.450001,13.773326
2011-03-28,18.549999,18.219999,18.440001,13.765859
2011-03-29,18.580000,18.205000,18.430000,13.758398
2011-03-30,18.590000,18.245001,18.360001,13.706139
2011-03-31,18.510000,18.250000,18.475000,13.791987
2011-04-01,18.830000,18.525000,18.625000,13.903962
2011-04-04,18.795000,18.285000,18.365000,13.709870
2011-04-05,18.344999,18.094999,18.200001,13.586696
2011-04-06,18.440001,18.025000,18.195000,13.582959
2011-04-07,18.219999,17.820000,17.950001,13.400059
2011-04-08,18.174999,17.700001,17.885000,13.351542
2011-04-11,18.100000,17.605000,17.745001,13.247027
2011-04-12,17.920000,17.615000,17.885000,13.351542
2011-04-13,18.084999,17.815001,17.905001,13.366469
2011-04-14,17.985001,17.650000,17.985001,13.426193
2011-04-15,18.200001,17.809999,18.190001,13.579226
2011-04-18,17.940001,17.500000,17.905001,13.366469
2011-04-19,18.145000,17.865000,18.080000,13.497111
2011-04-20,18.500000,18.264999,18.445000,13.769587
2011-04-21,18.620001,18.334999,18.500000,13.810649
2011-04-25,18.559999,18.315001,18.434999,13.762123
2011-04-26,18.635000,18.190001,18.299999,13.661341
2011-04-27,18.639999,18.360001,18.594999,13.881567
2011-04-28,18.740000,18.174999,18.440001,13.765859
2011-04-29,18.475000,18.049999,18.100000,13.512043
2011-05-02,18.420000,18.135000,18.340000,13.691209
2011-05-03,18.285000,17.900000,18.150000,13.549369
2011-05-04,18.325001,17.975000,18.285000,13.650148
2011-05-05,18.535000,18.160000,18.250000,13.624019
2011-05-06,18.834999,18.250000,18.264999,13.635213
2011-05-09,18.320000,18.040001,18.059999,13.530333
2011-05-10,18.235001,17.975000,18.115000,13.571541
2011-05-11,18.174999,17.750000,17.895000,13.406714
2011-05-12,18.250000,17.809999,18.225000,13.653944
2011-05-13,18.285000,17.959999,18.075001,13.541572
2011-05-16,18.025000,17.555000,17.580000,13.170718
2011-05-17,17.660000,17.420000,17.650000,13.223164
2011-05-18,18.340000,17.625000,18.305000,13.713881
2011-05-19,18.674999,18.325001,18.570000,13.912416
2011-05-20,18.594999,18.195000,18.305000,13.713881
2011-05-23,18.375000,17.969999,18.219999,13.650196
2011-05-24,18.290001,18.049999,18.145000,13.594014
2011-05-25,18.174999,18.014999,18.059999,13.530333
2011-05-26,18.290001,17.930000,18.219999,13.650196
2011-05-27,18.295000,18.115000,18.230000,13.657694
2011-05-31,18.455000,18.245001,18.395000,13.781306
2011-06-01,18.375000,17.950001,17.990000,13.477884
2011-06-02,18.110001,17.830000,17.959999,13.455412
2011-06-03,17.745001,17.514999,17.580000,13.170718
2011-06-06,18.305000,17.745001,17.870001,13.387987
2011-06-07,18.135000,17.955000,17.965000,13.459163
2011-06-08,18.070000,17.775000,17.870001,13.387987
2011-06-09,17.910000,17.750000,17.764999,13.309321
2011-06-10,17.750000,17.500000,17.559999,13.155738
2011-06-13,17.735001,17.305000,17.450001,13.073327
2011-06-14,17.700001,17.530001,17.635000,13.211924
2011-06-15,17.655001,17.350000,17.430000,13.058343
2011-06-16,17.674999,17.370001,17.570000,13.163233
2011-06-17,17.905001,17.610001,17.719999,13.275607
2011-06-20,18.010000,17.575001,17.915001,13.421700
2011-06-21,18.424999,17.889999,18.365000,13.758836
2011-06-22,18.760000,18.195000,18.639999,13.964859
2011-06-23,18.870001,18.405001,18.865000,14.133427
2011-06-24,18.950001,18.615000,18.674999,13.991080
2011-06-27,19.010000,18.510000,18.995001,14.230829
2011-06-28,19.635000,18.934999,19.625000,14.702813
2011-06-29,19.875000,19.559999,19.715000,14.770237
2011-06-30,19.895000,19.709999,19.745001,14.792715
2011-07-01,20.129999,19.750000,20.094999,15.054923
2011-07-05,20.555000,19.885000,20.475000,15.339622
2011-07-06,20.450001,20.180000,20.209999,15.141086
2011-07-07,20.250000,19.715000,20.160000,15.103623
2011-07-08,20.200001,19.910000,20.174999,15.114863
2011-07-11,20.145000,19.725000,19.870001,14.886368
2011-07-12,20.139999,19.764999,19.785000,14.822684
2011-07-13,20.125000,19.750000,19.790001,14.826431
2011-07-14,19.910000,19.450001,19.565001,14.657858
2011-07-15,19.900000,19.540001,19.900000,14.908839
2011-07-18,19.940001,19.580000,19.700001,14.758999
2011-07-19,20.180000,19.855000,20.160000,15.103623
2011-07-20,20.110001,19.639999,19.915001,14.920078
2011-07-21,20.299999,19.870001,20.190001,15.126101
2011-07-22,20.360001,20.125000,20.174999,15.114863
2011-07-25,20.225000,19.959999,20.200001,15.133587
2011-07-26,20.250000,20.000000,20.090000,15.051177
2011-07-27,20.450001,19.450001,19.485001,14.597922
2011-07-28,20.325001,19.700001,19.990000,14.976260
2011-07-29,20.445000,19.620001,20.045000,15.017470
2011-08-01,20.385000,19.650000,19.900000,14.908839
2011-08-02,19.830000,19.290001,19.305000,14.463067
2011-08-03,19.660000,18.985001,19.639999,14.714044
2011-08-04,19.580000,18.445000,18.450001,13.822512
2011-08-05,18.815001,17.780001,18.360001,13.755084
2011-08-08,18.260000,17.020000,17.025000,12.800236
2011-08-09,18.020000,16.860001,18.020000,13.548326
2011-08-10,17.980000,17.305000,17.379999,13.067142
2011-08-11,18.770000,17.415001,18.555000,13.950566
2011-08-12,18.785000,18.360001,18.680000,14.044552
2011-08-15,19.235001,18.760000,19.209999,14.443028
2011-08-16,19.590000,18.879999,19.445000,14.619713
2011-08-17,19.754999,19.040001,19.350000,14.548291
2011-08-18,18.655001,17.070000,17.375000,13.063383
2011-08-19,18.075001,17.190001,17.549999,13.194959
2011-08-22,18.190001,17.375000,17.445000,13.116015
2011-08-23,18.389999,17.500000,18.365000,13.807716
2011-08-24,18.730000,18.190001,18.684999,14.048304
2011-08-25,18.900000,18.125000,18.209999,13.691182
2011-08-26,18.834999,17.865000,18.695000,14.055827
2011-08-29,19.040001,18.785000,19.025000,14.303938
2011-08-30,19.375000,18.879999,19.250000,14.473098
2011-08-31,19.639999,19.165001,19.309999,14.518215
2011-09-01,19.545000,19.025000,19.094999,14.356562
2011-09-02,19.025000,18.670000,18.745001,14.093420
2011-09-06,18.920000,18.209999,18.875000,14.191158
2011-09-07,19.684999,18.980000,19.590000,14.728730
2011-09-08,19.695000,19.344999,19.459999,14.630989
2011-09-09,19.375000,18.525000,18.655001,14.025747
2011-09-12,18.940001,18.344999,18.825001,14.153565
2011-09-13,19.155001,18.834999,19.094999,14.356562
2011-09-14,19.500000,18.915001,19.275000,14.491905
2011-09-15,19.750000,19.455000,19.535000,14.687382
2011-09-16,19.695000,19.334999,19.600000,14.736249
2011-09-19,20.705000,19.405001,20.580000,15.473063
2011-09-20,21.000000,20.219999,20.540001,15.442984
2011-09-21,20.750000,19.934999,19.950001,14.999400
2011-09-22,19.705000,18.875000,19.305000,14.514451
2011-09-23,19.735001,19.000000,19.355000,14.552042
2011-09-26,19.764999,19.000000,19.745001,14.845271
2011-09-27,20.420000,19.799999,19.924999,14.980599
2011-09-28,20.205000,19.660000,19.715000,14.822713
2011-09-29,20.245001,18.475000,19.084999,14.349043
2011-09-30,19.165001,18.600000,18.645000,14.018237
2011-10-03,18.530001,18.025000,18.100000,13.608478
2011-10-04,18.655001,17.559999,18.625000,14.003201
2011-10-05,19.160000,18.420000,19.025000,14.303938
2011-10-06,19.365000,18.844999,19.250000,14.473098
2011-10-07,19.945000,19.280001,19.629999,14.758810
2011-10-10,20.715000,19.860001,20.459999,15.382838
2011-10-11,20.820000,20.215000,20.665001,15.536972
2011-10-12,20.990000,20.565001,20.754999,15.604633
2011-10-13,20.820000,20.424999,20.545000,15.446750
2011-10-14,21.110001,20.690001,21.110001,15.871542
2011-10-17,20.980000,20.490000,20.580000,15.473063
2011-10-18,21.469999,20.385000,21.225000,15.958009
2011-10-19,21.285000,20.360001,20.459999,15.382838
2011-10-20,20.815001,20.325001,20.495001,15.409161
2011-10-21,21.225000,20.605000,21.045000,15.822671
2011-10-24,21.490000,21.020000,21.270000,15.991844
2011-10-25,21.245001,20.580000,20.639999,15.518173
2011-10-26,21.094999,20.360001,20.700001,15.563292
2011-10-27,21.715000,21.004999,21.535000,16.191074
2011-10-28,21.610001,21.070000,21.250000,15.976806
2011-10-31,21.565001,21.075001,21.180000,15.924166
2011-11-01,20.934999,20.459999,20.615000,15.499376
2011-11-02,20.959999,20.465000,20.590000,15.480583
2011-11-03,20.910000,20.275000,20.700001,15.563292
2011-11-04,22.344999,21.334999,22.094999,16.612116
2011-11-07,22.350000,21.875000,22.115000,16.627151
2011-11-08,22.325001,21.660000,22.180000,16.676023
2011-11-09,21.945000,21.405001,21.475000,16.145967
2011-11-10,21.855000,21.330000,21.760000,16.360239
2011-11-11,22.299999,21.900000,22.170000,16.668505
2011-11-14,22.225000,21.770000,21.820000,16.405354
2011-11-15,22.110001,21.635000,22.014999,16.616693
2011-11-16,21.945000,21.475000,21.510000,16.235525
2011-11-17,21.510000,20.825001,21.014999,15.861908
2011-11-18,21.290001,20.959999,21.010000,15.858135
2011-11-21,20.959999,20.440001,20.840000,15.729816
2011-11-22,21.225000,20.700001,21.139999,15.956255
2011-11-23,21.020000,20.625000,20.625000,15.567542
2011-11-25,20.709999,20.375000,20.420000,15.412815
2011-11-28,21.195000,20.674999,20.924999,15.793974
2011-11-29,21.375000,20.885000,21.105000,15.929830
2011-11-30,21.875000,21.455000,21.740000,16.409132
2011-12-01,21.855000,21.600000,21.795000,16.450638
2011-12-02,22.115000,21.780001,21.955000,16.571409
2011-12-05,22.170000,22.000000,22.100000,16.680855
2011-12-06,22.150000,21.684999,21.865000,16.503487
2011-12-07,22.020000,21.500000,21.940001,16.560089
2011-12-08,21.995001,21.389999,21.430000,16.175146
2011-12-09,22.070000,21.469999,21.980000,16.590282
2011-12-12,22.030001,21.575001,22.000000,16.605381
2011-12-13,22.500000,21.730000,21.805000,16.458189
2011-12-14,21.764999,21.334999,21.545000,16.261951
2011-12-15,21.865000,21.575001,21.700001,16.378941
2011-12-16,22.040001,21.725000,21.740000,16.409132
2011-12-19,22.000000,21.655001,21.809999,16.461958
2011-12-20,22.575001,22.049999,22.530001,17.005409
2011-12-21,22.725000,22.264999,22.620001,17.073338
2011-12-22,22.629999,22.330000,22.500000,16.982769
2011-12-23,22.725000,22.455000,22.725000,17.152601
2011-12-27,23.049999,22.674999,22.969999,17.337519
2011-12-28,23.174999,22.705000,22.889999,17.277140
2011-12-29,23.250000,22.955000,23.225000,17.529991
2011-12-30,23.245001,23.004999,23.004999,17.363943
2012-01-03,23.520000,22.639999,22.645000,17.092215
2012-01-04,23.315001,22.639999,23.084999,17.424326
2012-01-05,23.200001,22.775000,23.180000,17.496027
2012-01-06,23.455000,23.115000,23.360001,17.631893
2012-01-09,23.400000,23.135000,23.295000,17.582829
2012-01-10,23.639999,23.195000,23.410000,17.669624
2012-01-11,23.605000,23.235001,23.559999,17.782848
2012-01-12,23.815001,23.525000,23.799999,17.963991
2012-01-13,23.799999,23.469999,23.680000,17.873417
2012-01-17,23.995001,23.764999,23.855000,18.005512
2012-01-18,24.075001,23.809999,24.020000,18.130056
2012-01-19,24.025000,23.850000,24.010000,18.122501
2012-01-20,24.195000,23.905001,24.075001,18.171566
2012-01-23,24.100000,23.555000,23.670000,17.865877
2012-01-24,23.900000,23.520000,23.825001,17.982868
2012-01-25,24.045000,23.674999,23.885000,18.028156
2012-01-26,24.245001,23.530001,24.170000,18.243269
2012-01-27,23.965000,23.455000,23.924999,18.058353
2012-01-30,24.240000,23.625000,24.240000,18.296103
2012-01-31,24.309999,23.910000,23.959999,18.084766
2012-02-01,24.215000,23.770000,24.120001,18.205532
2012-02-02,24.245001,23.705000,23.830000,17.986643
2012-02-03,24.200001,23.969999,24.160000,18.235727
2012-02-06,24.250000,23.995001,24.145000,18.288742
2012-02-07,24.299999,24.059999,24.205000,18.334188
2012-02-08,24.405001,24.139999,24.360001,18.451601
2012-02-09,24.680000,24.379999,24.600000,18.633390
2012-02-10,24.450001,24.250000,24.410000,18.489460
2012-02-13,24.635000,24.365000,24.625000,18.652328
2012-02-14,24.559999,24.330000,24.559999,18.603083
2012-02-15,24.600000,24.205000,24.240000,18.360699
2012-02-16,24.395000,24.165001,24.260000,18.375849
2012-02-17,24.510000,24.215000,24.225000,18.349333
2012-02-21,24.434999,24.035000,24.129999,18.277382
2012-02-22,24.219999,23.934999,24.165001,18.303898
2012-02-23,24.275000,24.000000,24.230000,18.353128
2012-02-24,24.350000,24.049999,24.150000,18.292536
2012-02-27,24.280001,23.889999,24.115000,18.266014
2012-02-28,24.459999,24.080000,24.455000,18.523554
2012-02-29,24.440001,24.245001,24.280001,18.391001
2012-03-01,24.545000,24.235001,24.355000,18.447807
2012-03-02,24.559999,24.264999,24.445000,18.515982
2012-03-05,24.700001,24.344999,24.520000,18.572798
2012-03-06,24.520000,24.049999,24.165001,18.303898
2012-03-07,24.760000,24.195000,24.745001,18.743219
2012-03-08,25.375000,24.825001,25.184999,19.076504
2012-03-09,26.235001,25.535000,25.920000,19.633226
2012-03-12,26.010000,25.469999,25.555000,19.356752
2012-03-13,26.174999,25.559999,26.170000,19.822588
2012-03-14,26.455000,25.959999,26.340000,19.951361
2012-03-15,26.555000,26.340000,26.535000,20.099062
2012-03-16,26.684999,26.434999,26.605000,20.152084
2012-03-19,26.785000,26.330000,26.775000,20.280851
2012-03-20,26.915001,26.615000,26.865000,20.349014
2012-03-21,26.980000,26.754999,26.905001,20.379320
2012-03-22,27.625000,26.825001,27.605000,20.909536
2012-03-23,27.750000,27.250000,27.674999,20.962557
2012-03-26,27.955000,27.590000,27.955000,21.174646
2012-03-27,28.230000,27.830000,28.129999,21.307203
2012-03-28,28.275000,27.830000,28.014999,21.220097
2012-03-29,27.934999,27.309999,27.865000,21.106476
2012-03-30,28.125000,27.870001,27.945000,21.167065
2012-04-02,28.445000,27.980000,28.334999,21.462479
2012-04-03,28.584999,28.215000,28.455000,21.553371
2012-04-04,28.825001,28.330000,28.480000,21.572306
2012-04-05,29.235001,28.535000,29.090000,22.034359
2012-04-09,28.980000,28.555000,28.709999,21.746519
2012-04-10,28.959999,28.299999,28.389999,21.504135
2012-04-11,29.660000,28.594999,29.645000,22.454748
2012-04-12,30.325001,29.510000,30.315001,22.962238
2012-04-13,30.990000,29.875000,30.834999,23.356110
2012-04-16,31.000000,29.754999,29.825001,22.591085
2012-04-17,29.975000,29.090000,29.330000,22.216145
2012-04-18,30.365000,29.459999,30.165001,22.848623
2012-04-19,30.219999,29.290001,29.405001,22.272949
2012-04-20,29.934999,29.500000,29.580000,22.405504
2012-04-23,29.420000,28.875000,29.280001,22.178276
2012-04-24,29.875000,28.879999,29.025000,21.985111
2012-04-25,29.855000,29.174999,29.750000,22.534277
2012-04-26,30.575001,29.700001,30.330000,22.973600
2012-04-27,29.250000,28.235001,28.715000,21.750311
2012-04-30,28.875000,28.455000,28.684999,21.727585
2012-05-01,29.215000,28.610001,28.830000,21.837412
2012-05-02,29.075001,28.555000,28.959999,21.935888
2012-05-03,28.830000,28.309999,28.325001,21.454901
2012-05-04,28.129999,27.660000,27.780001,21.042095
2012-05-07,27.905001,27.500000,27.740000,21.076279
2012-05-08,27.555000,26.525000,27.094999,20.586218
2012-05-09,27.430000,26.750000,27.049999,20.552034
2012-05-10,27.785000,27.245001,27.424999,20.836948
2012-05-11,27.870001,27.275000,27.504999,20.897734
2012-05-14,27.305000,26.820000,26.834999,20.388680
2012-05-15,27.049999,26.540001,26.670000,20.263319
2012-05-16,27.025000,26.420000,26.510000,20.141756
2012-05-17,26.600000,25.815001,25.834999,19.628902
2012-05-18,26.584999,25.715000,25.764999,19.575720
2012-05-21,26.870001,25.764999,26.850000,20.400084
2012-05-22,27.200001,26.535000,26.684999,20.274714
2012-05-23,27.740000,26.950001,27.645000,21.004103
2012-05-24,28.195000,26.965000,27.379999,20.802753
2012-05-25,27.530001,27.145000,27.280001,20.726782
2012-05-29,27.924999,27.400000,27.790001,21.114275
2012-05-30,27.559999,27.205000,27.365000,20.791365
2012-05-31,27.540001,26.955000,27.445000,20.852144
2012-06-01,27.030001,26.020000,26.075001,19.811253
2012-06-04,26.985001,25.745001,26.950001,20.476055
2012-06-05,26.340000,25.815001,26.205000,19.910019
2012-06-06,26.799999,26.440001,26.735001,20.312710
2012-06-07,27.190001,26.639999,26.719999,20.301300
2012-06-08,26.879999,26.195000,26.795000,20.358295
2012-06-11,27.084999,26.375000,26.415001,20.069569
2012-06-12,26.715000,25.934999,26.520000,20.149351
2012-06-13,26.680000,25.514999,25.635000,19.476946
2012-06-14,26.240000,25.549999,26.165001,19.879627
2012-06-15,26.295000,25.775000,26.270000,19.959404
2012-06-18,27.145000,26.125000,27.090000,20.582420
2012-06-19,27.775000,27.264999,27.559999,20.939522
2012-06-20,27.955000,27.500000,27.820000,21.137060
2012-06-21,27.985001,27.000000,27.035000,20.540634
2012-06-22,27.365000,27.020000,27.320000,20.757172
2012-06-25,27.120001,26.504999,26.645000,20.244328
2012-06-26,27.049999,26.500000,26.975000,20.495052
2012-06-27,27.049999,26.180000,26.375000,20.039179
2012-06-28,26.295000,25.625000,26.045000,19.788446
2012-06-29,26.705000,26.415001,26.660000,20.255720
2012-07-02,26.719999,26.075001,26.395000,20.054380
2012-07-03,26.299999,25.860001,25.969999,19.731478
2012-07-05,26.400000,25.985001,26.200001,19.906229
2012-07-06,26.100000,25.650000,25.985001,19.742872
2012-07-09,26.200001,25.860001,26.195000,19.902422
2012-07-10,26.504999,26.025000,26.170000,19.883425
2012-07-11,26.190001,25.850000,26.080000,19.815056
2012-07-12,26.475000,25.719999,26.340000,20.012594
2012-07-13,26.844999,26.080000,26.805000,20.365892
2012-07-16,26.930000,26.379999,26.450001,20.096167
2012-07-17,26.959999,26.469999,26.865000,20.411469
2012-07-18,26.795000,26.135000,26.650000,20.248121
2012-07-19,27.139999,26.450001,27.100000,20.590027
2012-07-20,26.695000,25.770000,25.980000,19.739065
2012-07-23,25.584999,24.799999,25.299999,19.222410
2012-07-24,25.580000,25.040001,25.240000,19.176834
2012-07-25,25.350000,24.930000,25.205000,19.150244
2012-07-26,26.445000,25.690001,26.200001,19.906229
2012-07-27,24.100000,23.059999,23.735001,18.033369
2012-07-30,23.865000,23.344999,23.440001,17.809231
2012-07-31,23.500000,22.545000,22.639999,17.201414
2012-08-01,22.754999,21.850000,21.889999,16.631569
2012-08-02,22.090000,21.520000,21.580000,16.396042
2012-08-03,22.100000,21.700001,21.955000,16.680960
2012-08-06,22.105000,21.730000,21.740000,16.581806
2012-08-07,22.690001,21.844999,22.655001,17.279703
2012-08-08,22.700001,22.450001,22.645000,17.272081
2012-08-09,22.830000,22.514999,22.555000,17.203426
2012-08-10,22.805000,22.549999,22.785000,17.378853
2012-08-13,23.155001,22.740000,23.055000,17.584789
2012-08-14,23.344999,23.115000,23.215000,17.706835
2012-08-15,24.155001,23.370001,24.049999,18.343723
2012-08-16,24.309999,23.825001,24.200001,18.458124
2012-08-17,24.305000,23.920000,24.110001,18.389475
2012-08-20,24.200001,23.924999,24.025000,18.324644
2012-08-21,24.225000,23.975000,24.045000,18.339903
2012-08-22,24.160000,23.950001,24.059999,18.351339
2012-08-23,24.195000,23.910000,23.950001,18.267439
2012-08-24,24.389999,23.504999,24.350000,18.572533
2012-08-27,24.655001,24.375000,24.570000,18.740332
2012-08-28,24.754999,24.445000,24.680000,18.824230
2012-08-29,24.834999,24.525000,24.584999,18.751780
2012-08-30,25.000000,24.700001,24.855000,18.957714
2012-08-31,25.030001,24.680000,24.805000,18.919579
2012-09-04,24.895000,24.520000,24.754999,18.881437
2012-09-05,25.325001,24.754999,24.900000,18.992035
2012-09-06,25.495001,25.049999,25.420000,19.388653
2012-09-07,25.660000,25.379999,25.584999,19.514507
2012-09-10,25.660000,25.309999,25.415001,19.384850
2012-09-11,25.639999,25.305000,25.365000,19.346716
2012-09-12,25.725000,25.495001,25.584999,19.514507
2012-09-13,25.924999,25.440001,25.860001,19.724257
2012-09-14,26.000000,25.190001,25.230000,19.243734
2012-09-17,25.035000,24.495001,24.830000,18.938644
2012-09-18,24.820000,24.540001,24.625000,18.782293
2012-09-19,25.205000,24.575001,25.055000,19.110266
2012-09-20,25.605000,24.825001,25.594999,19.522137
2012-09-21,25.825001,25.510000,25.535000,19.476362
2012-09-24,25.715000,25.299999,25.580000,19.510698
2012-09-25,25.840000,25.235001,25.264999,19.270430
2012-09-26,25.500000,24.905001,25.049999,19.106449
2012-09-27,25.535000,25.000000,25.520000,19.464928
2012-09-28,25.480000,24.945000,25.355000,19.339077
2012-10-01,25.650000,24.950001,25.075001,19.125511
2012-10-02,25.219999,24.400000,24.650000,18.801355
2012-10-03,24.915001,24.525000,24.745001,18.873817
2012-10-04,24.965000,24.379999,24.549999,18.725079
2012-10-05,24.815001,24.330000,24.370001,18.587786
2012-10-08,24.584999,24.200001,24.379999,18.595409
2012-10-09,24.490000,23.629999,23.674999,18.057692
2012-10-10,23.905001,23.309999,23.475000,17.905148
2012-10-11,23.760000,23.445000,23.580000,17.985233
2012-10-12,23.844999,23.520000,23.590000,17.992855
2012-10-15,23.910000,23.670000,23.834999,18.179728
2012-10-16,24.639999,23.940001,24.480000,18.671690
2012-10-17,24.584999,24.165001,24.195000,18.454311
2012-10-18,24.275000,23.594999,23.705000,18.080578
2012-10-19,23.475000,22.700001,22.844999,17.424622
2012-10-22,22.870001,22.545000,22.650000,17.275890
2012-10-23,22.590000,22.135000,22.485001,17.150028
2012-10-24,22.764999,22.540001,22.629999,17.260633
2012-10-25,23.434999,22.955000,23.125000,17.638191
2012-10-26,23.100000,22.690001,22.934999,17.493271
2012-10-31,23.094999,22.500000,22.950001,17.504709
2012-11-01,23.370001,22.695000,23.309999,17.779289
2012-11-02,25.969999,25.200001,25.420000,19.388653
2012-11-05,25.645000,25.350000,25.504999,19.453487
2012-11-06,26.100000,25.445000,25.855000,19.720438
2012-11-07,26.150000,25.545000,25.905001,19.758581
2012-11-08,25.870001,25.415001,25.430000,19.396286
2012-11-09,25.750000,25.334999,25.480000,19.434425
2012-11-12,25.680000,25.330000,25.340000,19.327644
2012-11-13,25.510000,25.025000,25.155001,19.266369
2012-11-14,25.240000,24.400000,24.420000,18.703428
2012-11-15,24.535000,24.080000,24.215000,18.546415
2012-11-16,24.500000,23.924999,24.379999,18.672791
2012-11-19,25.000000,24.475000,24.870001,19.048082
2012-11-20,25.165001,24.715000,25.030001,19.170631
2012-11-21,25.320000,24.955000,25.254999,19.342951
2012-11-23,25.660000,25.275000,25.594999,19.603365
2012-11-26,25.514999,25.245001,25.445000,19.488480
2012-11-27,25.730000,25.065001,25.105000,19.228069
2012-11-28,25.700001,24.950001,25.684999,19.672300
2012-11-29,26.155001,25.750000,25.900000,19.836962
2012-11-30,26.004999,25.520000,25.934999,19.863779
2012-12-03,26.135000,25.750000,25.895000,19.833136
2012-12-04,25.990000,25.469999,25.559999,19.576559
2012-12-05,26.070000,24.780001,25.395000,19.450184
2012-12-06,26.924999,25.594999,26.850000,20.564579
2012-12-07,27.000000,26.570000,26.820000,20.541603
2012-12-10,26.850000,26.400000,26.480000,20.281187
2012-12-11,26.750000,26.500000,26.594999,20.369274
2012-12-12,27.094999,26.575001,26.799999,20.526278
2012-12-13,27.155001,26.475000,26.590000,20.365450
2012-12-14,26.875000,26.530001,26.680000,20.434370
2012-12-17,27.334999,26.750000,27.290001,20.901579
2012-12-18,27.450001,27.139999,27.170000,20.809668
2012-12-19,27.424999,27.065001,27.135000,20.782864
2012-12-20,27.305000,26.850000,27.105000,20.759882
2012-12-21,26.844999,26.295000,26.799999,20.526278
2012-12-24,27.000000,26.665001,26.844999,20.560743
2012-12-26,26.895000,26.440001,26.565001,20.346289
2012-12-27,26.820000,26.355000,26.620001,20.388416
2012-12-28,26.635000,26.309999,26.320000,20.158651
2012-12-31,26.834999,26.195000,26.815001,20.537764
2013-01-02,27.500000,27.129999,27.500000,21.062422
2013-01-03,27.805000,27.500000,27.684999,21.204111
2013-01-04,28.000000,27.655001,27.844999,21.326653
2013-01-07,27.895000,27.504999,27.860001,21.338146
2013-01-08,27.860001,27.535000,27.809999,21.299845
2013-01-09,27.950001,27.165001,27.315001,20.920715
2013-01-10,27.584999,27.150000,27.270000,20.886259
2013-01-11,27.620001,27.219999,27.504999,21.066248
2013-01-14,27.750000,27.270000,27.334999,20.936045
2013-01-15,27.395000,26.840000,27.240000,20.863274
2013-01-16,27.209999,26.980000,27.174999,20.813490
2013-01-17,27.450001,27.110001,27.250000,20.870941
2013-01-18,27.514999,27.075001,27.405001,20.989656
2013-01-22,27.535000,27.250000,27.495001,21.058588
2013-01-23,27.465000,27.100000,27.230000,20.855625
2013-01-24,27.450001,27.030001,27.285000,20.897749
2013-01-25,28.635000,28.184999,28.405001,21.755562
2013-01-28,28.575001,27.924999,28.010000,21.453032
2013-01-29,28.004999,27.645000,27.799999,21.292187
2013-01-30,28.100000,27.690001,28.000000,21.445366
2013-01-31,28.245001,27.875000,28.059999,21.491320
2013-02-01,28.549999,28.275000,28.430000,21.774710
2013-02-04,28.355000,27.955000,28.045000,21.479843
2013-02-05,28.225000,27.955000,28.100000,21.602842
2013-02-06,28.145000,27.860001,28.025000,21.545181
2013-02-07,28.030001,27.575001,27.930000,21.472151
2013-02-08,28.325001,27.920000,28.184999,21.668192
2013-02-11,28.260000,27.930000,28.070000,21.579777
2013-02-12,28.275000,27.975000,28.129999,21.625900
2013-02-13,28.230000,27.750000,27.915001,21.460613
2013-02-14,27.905001,27.674999,27.775000,21.352985
2013-02-15,27.850000,27.084999,27.170000,20.887865
2013-02-19,27.305000,27.010000,27.225000,20.930153
2013-02-20,27.420000,26.590000,26.655001,20.491949
2013-02-21,26.820000,26.260000,26.674999,20.507322
2013-02-22,27.105000,26.639999,27.084999,20.822525
2013-02-25,27.355000,26.600000,26.605000,20.453506
2013-02-26,26.930000,26.424999,26.639999,20.480423
2013-02-27,27.485001,26.540001,27.285000,20.976284
2013-02-28,27.584999,27.225000,27.424999,21.083902
2013-03-01,27.465000,27.000000,27.434999,21.091595
2013-03-04,27.860001,27.330000,27.850000,21.410641
2013-03-05,28.400000,28.000000,28.254999,21.722004
2013-03-06,28.745001,28.325001,28.549999,21.948790
2013-03-07,29.250000,28.545000,29.125000,22.390848
2013-03-08,29.485001,29.075001,29.334999,22.552288
2013-03-11,29.465000,29.165001,29.305000,22.529228
2013-03-12,29.275000,28.990000,29.139999,22.402372
2013-03-13,29.400000,29.139999,29.295000,22.521536
2013-03-14,29.375000,28.705000,28.840000,22.171741
2013-03-15,28.930000,28.629999,28.830000,22.164049
2013-03-18,28.709999,28.375000,28.465000,21.883446
2013-03-19,28.490000,27.980000,28.415001,21.845005
2013-03-20,28.805000,28.500000,28.715000,22.075644
2013-03-21,28.709999,28.375000,28.525000,21.929575
2013-03-22,28.875000,28.580000,28.690001,22.056417
2013-03-25,28.915001,28.075001,28.344999,21.791191
2013-03-26,28.580000,28.355000,28.525000,21.929575
2013-03-27,28.475000,28.105000,28.455000,21.875761
2013-03-28,28.629999,28.430000,28.475000,21.891132
2013-04-01,28.670000,28.325001,28.434999,21.860382
2013-04-02,29.165001,28.575001,29.129999,22.394690
2013-04-03,29.450001,28.690001,28.850000,22.179432
2013-04-04,29.155001,28.805000,29.055000,22.337025
2013-04-05,28.940001,28.360001,28.900000,22.217875
2013-04-08,29.059999,28.730000,29.059999,22.340879
2013-04-09,29.000000,28.590000,28.705000,22.067965
2013-04-10,29.155001,28.805000,28.900000,22.217875
2013-04-11,29.495001,28.900000,29.290001,22.517694
2013-04-12,29.855000,29.299999,29.545000,22.713732
2013-04-15,29.719999,28.799999,28.855000,22.183277
2013-04-16,29.469999,28.860001,29.280001,22.510012
2013-04-17,29.275000,28.825001,29.084999,22.360098
2013-04-18,29.240000,28.750000,28.860001,22.187119
2013-04-19,29.290001,28.770000,29.200001,22.448505
2013-04-22,29.434999,28.990000,29.320000,22.540756
2013-04-23,29.950001,29.389999,29.695000,22.829052
2013-04-24,29.985001,29.565001,29.915001,22.998186
2013-04-25,30.320000,29.955000,30.250000,23.255726
2013-04-26,30.195000,29.600000,30.000000,23.063534
2013-04-29,30.459999,30.065001,30.290001,23.286470
2013-04-30,30.455000,30.155001,30.420000,23.386425
2013-05-01,30.340000,29.975000,30.070000,23.117348
2013-05-02,30.340000,29.799999,30.190001,23.209602
2013-05-03,30.985001,30.350000,30.934999,23.782347
2013-05-06,31.240000,30.959999,31.240000,24.016827
2013-05-07,31.264999,30.855000,31.094999,23.985968
2013-05-08,31.219999,30.865000,31.205000,24.070820
2013-05-09,31.450001,31.020000,31.180000,24.051540
2013-05-10,31.594999,31.195000,31.549999,24.336939
2013-05-13,31.615000,31.305000,31.410000,24.228954
2013-05-14,31.785000,31.389999,31.760000,24.498936
2013-05-15,32.099998,31.610001,32.035000,24.711067
2013-05-16,32.035000,31.725000,31.775000,24.510504
2013-05-17,32.070000,31.750000,32.064999,24.734203
2013-05-20,32.305000,31.889999,31.915001,24.618502
2013-05-21,32.230000,31.940001,32.125000,24.780489
2013-05-22,32.465000,31.980000,32.075001,24.741920
2013-05-23,31.910000,31.514999,31.760000,24.498936
2013-05-24,31.700001,31.305000,31.680000,24.437222
2013-05-28,32.349998,32.020000,32.130001,24.784349
2013-05-29,32.049999,31.559999,31.815001,24.541365
2013-05-30,32.020000,31.730000,31.735001,24.479647
2013-05-31,32.174999,31.395000,31.570000,24.352371
2013-06-03,31.770000,31.309999,31.730000,24.475796
2013-06-04,32.070000,31.305000,31.665001,24.425650
2013-06-05,31.650000,31.155001,31.170000,24.043816
2013-06-06,31.530001,31.160000,31.510000,24.306093
2013-06-07,32.544998,31.705000,32.520000,25.085175
2013-06-10,33.154999,32.740002,33.055000,25.497868
2013-06-11,33.055000,32.654999,32.709999,25.231735
2013-06-12,33.000000,32.130001,32.224998,24.857624
2013-06-13,33.095001,32.035000,32.985001,25.443876
2013-06-14,33.334999,32.724998,32.799999,25.301167
2013-06-17,33.279999,32.855000,33.014999,25.467010
2013-06-18,33.564999,32.974998,33.549999,25.879700
2013-06-19,33.740002,33.205002,33.205002,25.613577
2013-06-20,33.160000,32.520000,32.610001,25.154602
2013-06-21,32.959999,32.115002,32.345001,24.950188
2013-06-24,32.290001,31.590000,32.005001,24.687925
2013-06-25,32.680000,32.220001,32.369999,24.969475
2013-06-26,33.355000,32.445000,32.900002,25.378302
2013-06-27,33.250000,32.825001,32.845001,25.335880
2013-06-28,33.125000,32.700001,32.755001,25.266455
2013-07-01,33.244999,32.910000,33.119999,25.548004
2013-07-02,33.599998,33.040001,33.395000,25.760132
2013-07-03,33.840000,33.200001,33.650002,25.956839
2013-07-05,34.000000,33.450001,33.860001,26.118824
2013-07-08,34.410000,33.939999,34.145000,26.338661
2013-07-09,34.500000,33.994999,34.064999,26.276955
2013-07-10,34.060001,33.724998,34.049999,26.265383
2013-07-11,34.759998,34.174999,34.669998,26.743637
2013-07-12,34.860001,34.389999,34.860001,26.890205
2013-07-15,34.950001,34.764999,34.830002,26.867060
2013-07-16,34.860001,34.540001,34.759998,26.813055
2013-07-17,34.910000,33.945000,34.099998,26.303951
2013-07-18,34.505001,34.020000,34.240002,26.411945
2013-07-19,34.555000,34.200001,34.395000,26.531507
2013-07-22,34.605000,34.275002,34.509998,26.620211
2013-07-23,34.660000,33.724998,33.830002,26.095686
2013-07-24,34.215000,33.150002,33.305000,25.690710
2013-07-25,34.150002,33.365002,34.084999,26.292391
2013-07-26,36.759998,35.924999,36.680000,28.294111
2013-07-29,36.540001,36.049999,36.224998,27.943129
2013-07-30,36.490002,35.855000,35.965000,27.742577
2013-07-31,36.250000,35.610001,35.645000,27.495729
2013-08-01,36.865002,36.040001,36.740002,28.340389
2013-08-02,37.134998,36.580002,37.115002,28.629663
2013-08-05,37.134998,36.855000,36.985001,28.529379
2013-08-06,36.924999,36.389999,36.400002,28.158072
2013-08-07,36.575001,36.084999,36.095001,27.922125
2013-08-08,36.700001,36.200001,36.470001,28.212214
2013-08-09,36.615002,36.259998,36.400002,28.158072
2013-08-12,36.564999,36.125000,36.465000,28.208347
2013-08-13,36.544998,35.965000,36.320000,28.096170
2013-08-14,36.290001,35.895000,35.924999,27.790623
2013-08-15,35.674999,35.154999,35.369999,27.361273
2013-08-16,35.695000,35.275002,35.355000,27.349672
2013-08-19,35.650002,35.090000,35.145000,27.187225
2013-08-20,35.514999,35.055000,35.330002,27.330345
2013-08-21,35.700001,35.139999,35.355000,27.349672
2013-08-22,36.130001,35.505001,35.950001,27.809961
2013-08-23,36.095001,35.790001,35.985001,27.837029
2013-08-26,36.105000,35.799999,35.939999,27.802221
2013-08-27,35.685001,35.055000,35.080002,27.136944
2013-08-28,35.660000,34.930000,35.480000,27.446377
2013-08-29,35.919998,35.250000,35.590000,27.531466
2013-08-30,35.700001,35.165001,35.259998,27.276184
2013-09-03,36.070000,35.595001,35.799999,27.693916
2013-09-04,36.134998,35.544998,36.070000,27.902779
2013-09-05,36.380001,36.005001,36.025002,27.867977
2013-09-06,36.325001,35.465000,35.785000,27.682318
2013-09-09,36.244999,35.834999,36.220001,28.018826
2013-09-10,37.160000,36.465000,37.110001,28.707294
2013-09-11,37.750000,37.165001,37.695000,29.159838
2013-09-12,37.955002,37.560001,37.834999,29.268145
2013-09-13,37.849998,37.325001,37.785000,29.229469
2013-09-16,38.299999,37.430000,37.619999,29.101818
2013-09-17,38.119999,37.584999,38.020000,29.411253
2013-09-18,38.810001,37.775002,38.665001,29.910212
2013-09-19,38.919998,38.150002,38.174999,29.531157
2013-09-20,38.500000,38.035000,38.060001,29.442204
2013-09-23,38.189999,37.535000,37.680000,29.148228
2013-09-24,38.654999,37.740002,38.275002,29.608515
2013-09-25,38.505001,38.035000,38.169998,29.527288
2013-09-26,38.639999,38.160000,38.590000,29.852194
2013-09-27,38.740002,38.200001,38.665001,29.910212
2013-09-30,38.540001,38.025002,38.485001,29.770962
2013-10-01,38.669998,38.279999,38.580002,29.844460
2013-10-02,38.615002,38.105000,38.595001,29.856062
2013-10-03,38.730000,38.160000,38.435001,29.732296
2013-10-04,38.730000,38.255001,38.700001,29.937283
2013-10-07,38.695000,38.205002,38.430000,29.728409
2013-10-08,39.014999,37.720001,37.764999,29.213980
2013-10-09,37.900002,37.224998,37.630001,29.109549
2013-10-10,38.654999,38.064999,38.560001,29.828979
2013-10-11,38.919998,38.439999,38.910000,30.099733
2013-10-14,39.160000,38.625000,39.049999,30.208027
2013-10-15,38.950001,38.299999,38.355000,29.670406
2013-10-16,39.110001,38.445000,39.020000,30.184814
2013-10-17,39.424999,38.724998,39.369999,30.455572
2013-10-18,39.834999,39.485001,39.654999,30.676048
2013-10-21,39.955002,39.334999,39.730000,30.734060
2013-10-22,40.540001,39.799999,40.450001,31.291037
2013-10-23,40.424999,39.945000,40.025002,30.962261
2013-10-24,39.720001,39.255001,39.525002,30.575483
2013-10-25,40.000000,39.634998,39.980000,30.927456
2013-10-28,40.215000,39.264999,39.355000,30.443970
2013-10-29,39.810001,39.525002,39.810001,30.795946
2013-10-30,40.424999,39.880001,40.415001,31.263954
2013-10-31,40.810001,39.285000,40.525002,31.349060
2013-11-01,40.770000,39.834999,40.185001,31.086040
2013-11-04,40.389999,40.105000,40.185001,31.086040
2013-11-05,41.169998,40.075001,40.994999,31.712626
2013-11-06,41.250000,40.485001,40.564999,31.379993
2013-11-07,40.674999,39.500000,39.535000,30.583216
2013-11-08,40.625000,39.700001,40.599998,31.407076
2013-11-11,40.709999,40.490002,40.494999,31.325842
2013-11-12,40.525002,40.060001,40.305000,31.279278
2013-11-13,40.750000,39.595001,40.730000,31.609114
2013-11-14,40.770000,40.395000,40.570000,31.484930
2013-11-15,40.724998,40.389999,40.595001,31.504341
2013-11-18,40.669998,40.105000,40.270000,31.252113
2013-11-19,40.459999,39.930000,39.959999,31.011547
2013-11-20,40.125000,39.660000,39.845001,30.922287
2013-11-21,40.825001,39.875000,40.764999,31.636272
2013-11-22,40.849998,40.549999,40.674999,31.566422
2013-11-25,40.740002,40.255001,40.355000,31.318073
2013-11-26,40.825001,40.205002,40.755001,31.628519
2013-11-27,40.955002,40.599998,40.810001,31.671186
2013-11-29,41.185001,40.685001,40.730000,31.609114
2013-12-02,40.845001,40.455002,40.535000,31.457777
2013-12-03,40.580002,40.145000,40.275002,31.255993
2013-12-04,40.360001,39.720001,39.750000,30.848566
2013-12-05,40.125000,39.665001,39.860001,30.933941
2013-12-06,40.375000,39.855000,39.970001,31.019304
2013-12-09,40.230000,39.805000,39.865002,30.937822
2013-12-10,39.535000,38.340000,38.689999,30.025932
2013-12-11,39.000000,38.145000,38.200001,29.645666
2013-12-12,38.544998,38.000000,38.240002,29.676701
2013-12-13,38.465000,38.044998,38.174999,29.626268
2013-12-16,38.490002,37.955002,38.230000,29.668953
2013-12-17,38.290001,37.955002,38.044998,29.525366
2013-12-18,38.845001,38.049999,38.840000,30.142349
2013-12-19,39.250000,38.509998,38.575001,29.936678
2013-12-20,38.990002,38.619999,38.830002,30.134577
2013-12-23,39.169998,38.674999,39.160000,30.390690
2013-12-24,39.375000,38.974998,39.285000,30.487686
2013-12-26,39.514999,39.220001,39.439999,30.607992
2013-12-27,39.650002,39.230000,39.285000,30.487686
2013-12-30,39.415001,38.930000,39.275002,30.479931
2013-12-31,39.389999,39.005001,39.195000,30.417841
2014-01-02,39.134998,38.505001,38.584999,29.944450
2014-01-03,38.884998,38.470001,38.474998,29.859077
2014-01-06,38.674999,38.005001,38.084999,29.556427
2014-01-07,38.705002,38.235001,38.605000,29.959963
2014-01-08,39.075001,38.595001,39.014999,30.278152
2014-01-09,39.049999,38.400002,38.799999,30.111292
2014-01-10,38.994999,38.474998,38.834999,30.138460
2014-01-13,38.695000,37.380001,37.560001,29.148989
2014-01-14,38.180000,37.375000,37.730000,29.280918
2014-01-15,38.165001,37.705002,38.095001,29.564180
2014-01-16,38.095001,37.564999,37.645000,29.214952
2014-01-17,37.730000,37.334999,37.450001,29.063620
2014-01-21,37.535000,36.630001,36.825001,28.578585
2014-01-22,37.099998,36.770000,36.799999,28.559168
2014-01-23,36.865002,35.840000,36.695000,28.477692
2014-01-24,38.080002,37.055000,37.490002,29.094660
2014-01-27,37.615002,37.009998,37.105000,28.795879
2014-01-28,37.400002,36.834999,36.945000,28.671705
2014-01-29,36.830002,35.730000,35.779999,27.767586
2014-01-30,36.215000,35.654999,35.955002,27.903410
2014-01-31,35.970001,35.435001,35.560001,27.596853
2014-02-03,35.755001,34.334999,34.485001,26.762579
2014-02-04,35.599998,34.685001,35.325001,27.518221
2014-02-05,35.369999,34.805000,35.244999,27.455898
2014-02-06,36.400002,35.279999,36.180000,28.184263
2014-02-07,37.244999,36.345001,37.020000,28.838614
2014-02-10,37.590000,37.154999,37.400002,29.134653
2014-02-11,37.595001,36.895000,37.250000,29.017792
2014-02-12,37.529999,36.849998,36.955002,28.787992
2014-02-13,37.345001,36.695000,37.345001,29.091805
2014-02-14,37.544998,37.005001,37.514999,29.224228
2014-02-18,37.500000,36.970001,36.985001,28.811352
2014-02-19,37.139999,36.615002,36.660000,28.558182
2014-02-20,36.855000,36.240002,36.775002,28.647774
2014-02-21,36.930000,36.259998,36.279999,28.262157
2014-02-24,36.439999,36.009998,36.279999,28.262157
2014-02-25,36.330002,35.275002,35.275002,27.479269
2014-02-26,36.110001,34.974998,35.889999,27.958349
2014-02-27,36.119999,35.715000,36.095001,28.118046
2014-02-28,35.965000,35.250000,35.480000,27.638954
2014-03-03,35.365002,35.000000,35.235001,27.448109
2014-03-04,35.980000,35.525002,35.830002,27.911610
2014-03-05,36.044998,35.439999,35.650002,27.771389
2014-03-06,36.665001,35.884998,36.345001,28.312796
2014-03-07,36.549999,36.105000,36.535000,28.460806
2014-03-10,36.820000,36.395000,36.779999,28.651665
2014-03-11,37.705002,36.924999,37.514999,29.224228
2014-03-12,37.830002,37.250000,37.814999,29.457941
2014-03-13,38.209999,37.014999,37.215000,28.990534
2014-03-14,37.445000,37.009998,37.134998,28.928207
2014-03-17,37.494999,36.910000,37.090000,28.893145
2014-03-18,37.419998,37.025002,37.299999,29.056738
2014-03-19,38.665001,37.410000,37.955002,29.566990
2014-03-20,38.564999,37.799999,38.480000,29.975960
2014-03-21,39.320000,38.310001,38.355000,29.878595
2014-03-24,38.555000,37.605000,37.884998,29.512444
2014-03-25,38.255001,37.145000,37.305000,29.060638
2014-03-26,37.494999,36.759998,36.770000,28.643879
2014-03-27,36.980000,36.345001,36.700001,28.589346
2014-03-28,37.029999,36.525002,36.849998,28.706202
2014-03-31,37.200001,36.584999,36.689999,28.581554
2014-04-01,37.490002,36.705002,37.005001,28.826944
2014-04-02,37.185001,36.619999,36.834999,28.694510
2014-04-03,37.169998,36.410000,36.544998,28.468596
2014-04-04,36.945000,35.660000,35.775002,27.868767
2014-04-07,35.689999,35.025002,35.215000,27.432531
2014-04-08,35.845001,35.250000,35.740002,27.841507
2014-04-09,36.340000,35.599998,36.240002,28.231005
2014-04-10,36.369999,35.084999,35.110001,27.350733
2014-04-11,35.064999,34.340000,34.365002,26.770380
2014-04-14,35.020000,34.349998,34.654999,26.996290
2014-04-15,35.049999,33.965000,34.445000,26.832701
2014-04-16,35.439999,34.580002,35.395000,27.572739
2014-04-17,35.695000,35.070000,35.075001,27.323473
2014-04-21,35.299999,34.924999,35.240002,27.451998
2014-04-22,35.639999,35.165001,35.575001,27.712967
2014-04-23,35.735001,35.110001,35.195000,27.416943
2014-04-24,36.020000,35.055000,35.544998,27.689596
2014-04-25,36.125000,35.470001,35.724998,27.829817
2014-04-28,36.009998,34.900002,35.465000,27.627279
2014-04-29,35.724998,35.134998,35.320000,27.514320
2014-04-30,35.380001,35.060001,35.310001,27.506535
2014-05-01,35.599998,35.160000,35.560001,27.701279
2014-05-02,35.764999,35.285000,35.299999,27.498741
2014-05-05,35.529999,35.090000,35.459999,27.623377
2014-05-06,35.415001,34.665001,34.790001,27.201178
2014-05-07,35.000000,34.570000,34.869999,27.263727
2014-05-08,35.250000,34.669998,34.790001,27.201178
2014-05-09,35.154999,34.759998,35.145000,27.478733
2014-05-12,35.619999,35.200001,35.575001,27.814947
2014-05-13,35.669998,35.450001,35.580002,27.818851
2014-05-14,35.599998,35.014999,35.084999,27.431831
2014-05-15,35.165001,34.639999,34.924999,27.306719
2014-05-16,35.520000,34.904999,35.470001,27.732843
2014-05-19,35.560001,35.139999,35.509998,27.764114
2014-05-20,35.450001,34.919998,35.115002,27.455282
2014-05-21,35.375000,35.035000,35.200001,27.521736
2014-05-22,35.884998,35.150002,35.700001,27.912664
2014-05-23,36.255001,35.915001,35.990002,28.139418
2014-05-27,36.889999,36.270000,36.830002,28.796175
2014-05-28,36.785000,36.459999,36.634998,28.643721
2014-05-29,36.779999,36.325001,36.555000,28.581169
2014-05-30,36.750000,36.264999,36.619999,28.631992
2014-06-02,37.029999,36.580002,36.924999,28.870464
2014-06-03,37.174999,36.790001,37.090000,28.999464
2014-06-04,37.349998,36.820000,37.334999,29.191013
2014-06-05,37.570000,37.099998,37.360001,29.210585
2014-06-06,37.770000,37.400002,37.665001,29.449053
2014-06-09,37.700001,37.325001,37.590000,29.390398
2014-06-10,37.720001,37.160000,37.299999,29.163654
2014-06-11,37.435001,36.924999,37.400002,29.241858
2014-06-12,37.349998,36.865002,36.980000,28.913462
2014-06-13,37.450001,36.764999,37.345001,29.198845
2014-06-16,37.580002,37.230000,37.544998,29.355215
2014-06-17,37.825001,37.494999,37.654999,29.441217
2014-06-18,37.840000,37.299999,37.779999,29.538961
2014-06-19,38.750000,38.230000,38.615002,30.191824
2014-06-20,38.814999,38.205002,38.299999,29.945528
2014-06-23,38.634998,38.095001,38.365002,29.996355
2014-06-24,38.875000,38.270000,38.715000,30.270004
2014-06-25,39.090000,38.480000,39.060001,30.539747
2014-06-26,39.165001,38.735001,39.029999,30.516289
2014-06-27,39.174999,38.895000,38.970001,30.469383
2014-06-30,39.095001,38.540001,38.689999,30.250456
2014-07-01,39.099998,38.799999,39.040001,30.524109
2014-07-02,39.205002,38.955002,39.095001,30.567102
2014-07-03,39.700001,39.070000,39.529999,30.907230
2014-07-07,39.689999,39.305000,39.345001,30.762579
2014-07-08,39.450001,39.125000,39.279999,30.711754
2014-07-09,39.740002,39.180000,39.724998,31.059687
2014-07-10,39.525002,39.095001,39.424999,30.825121
2014-07-11,39.494999,39.070000,39.299999,30.727396
2014-07-14,39.490002,39.209999,39.279999,30.711754
2014-07-15,39.575001,39.230000,39.445000,30.840767
2014-07-16,39.529999,39.154999,39.365002,30.778221
2014-07-17,39.230000,38.560001,38.619999,30.195721
2014-07-18,39.075001,38.625000,38.970001,30.469383
2014-07-21,38.965000,38.584999,38.805000,30.340363
2014-07-22,39.514999,39.099998,39.369999,30.782120
2014-07-23,39.639999,39.200001,39.570000,30.938509
2014-07-24,40.320000,39.575001,40.224998,31.450630
2014-07-25,39.660000,38.950001,39.369999,30.782120
2014-07-28,39.500000,39.084999,39.180000,30.633579
2014-07-29,39.625000,39.205002,39.325001,30.746939
2014-07-30,39.590000,39.259998,39.450001,30.844673
2014-07-31,39.349998,38.759998,38.840000,30.367727
2014-08-01,38.945000,38.290001,38.490002,30.094093
2014-08-04,38.880001,38.514999,38.764999,30.309086
2014-08-05,38.730000,38.215000,38.395000,30.120817
2014-08-06,38.720001,38.134998,38.564999,30.254181
2014-08-07,38.720001,38.279999,38.355000,30.089432
2014-08-08,38.834999,38.255001,38.810001,30.446373
2014-08-11,39.125000,38.825001,38.935001,30.544451
2014-08-12,39.070000,38.759998,38.910000,30.524836
2014-08-13,39.049999,38.564999,38.619999,30.297333
2014-08-14,38.750000,38.080002,38.310001,30.054132
2014-08-15,38.639999,38.185001,38.455002,30.167885
2014-08-18,38.930000,38.590000,38.794998,30.434603
2014-08-19,39.099998,38.799999,39.060001,30.642502
2014-08-20,39.235001,38.869999,39.014999,30.607206
2014-08-21,39.084999,38.695000,38.735001,30.387552
2014-08-22,38.799999,38.525002,38.639999,30.313013
2014-08-25,39.110001,38.755001,38.985001,30.583675
2014-08-26,39.215000,38.880001,38.895000,30.513069
2014-08-27,39.134998,38.830002,38.959999,30.564058
2014-08-28,39.014999,38.755001,38.904999,30.520912
2014-08-29,39.049999,38.759998,38.904999,30.520912
2014-09-02,38.990002,38.580002,38.740002,30.391462
2014-09-03,38.965000,38.349998,38.395000,30.120817
2014-09-04,38.685001,38.380001,38.580002,30.265965
2014-09-05,38.985001,38.404999,38.974998,30.575829
2014-09-08,38.980000,38.665001,38.834999,30.465996
2014-09-09,38.875000,38.490002,38.560001,30.250271
2014-09-10,38.700001,38.375000,38.605000,30.285561
2014-09-11,38.500000,38.040001,38.060001,29.858013
2014-09-12,38.035000,37.470001,37.735001,29.603052
2014-09-15,37.669998,37.195000,37.459999,29.387306
2014-09-16,37.724998,37.264999,37.544998,29.454000
2014-09-17,37.910000,37.555000,37.669998,29.552059
2014-09-18,37.945000,37.500000,37.865002,29.705030
2014-09-19,38.165001,37.884998,38.035000,29.838398
2014-09-22,38.025002,37.165001,37.299999,29.261791
2014-09-23,37.439999,36.889999,36.980000,29.010754
2014-09-24,37.715000,37.174999,37.660000,29.544207
2014-09-25,37.639999,37.044998,37.060001,29.073515
2014-09-26,37.615002,36.970001,37.584999,29.485371
2014-09-29,37.759998,37.224998,37.634998,29.524605
2014-09-30,37.924999,37.509998,37.730000,29.599119
2014-10-01,37.955002,37.205002,37.305000,29.265718
2014-10-02,37.500000,36.889999,37.224998,29.202950
2014-10-03,38.049999,37.384998,37.945000,29.767796
2014-10-06,38.115002,37.549999,37.575001,29.477531
2014-10-07,37.525002,37.009998,37.025002,29.046053
2014-10-08,37.709999,36.814999,37.630001,29.520676
2014-10-09,37.910000,37.180000,37.240002,29.214727
2014-10-10,37.895000,37.049999,37.230000,29.206879
2014-10-13,37.220001,36.005001,36.095001,28.316467
2014-10-14,36.790001,36.105000,36.369999,28.532202
2014-10-15,36.465000,35.634998,36.189999,28.391001
2014-10-16,36.435001,35.384998,36.320000,28.492977
2014-10-17,36.955002,36.439999,36.770000,28.846014
2014-10-20,37.375000,36.705002,37.349998,29.301012
2014-10-21,37.595001,37.070000,37.180000,29.167652
2014-10-22,37.494999,37.080002,37.299999,29.261791
2014-10-23,37.755001,37.380001,37.419998,29.355923
2014-10-24,37.955002,37.174999,37.904999,29.736410
2014-10-27,38.189999,37.910000,37.985001,29.799168
2014-10-28,38.535000,37.939999,38.525002,30.222805
2014-10-29,38.834999,38.110001,38.270000,30.022753
2014-10-30,38.724998,38.055000,38.660000,30.328714
2014-10-31,38.369999,37.459999,37.779999,29.638357
2014-11-03,38.134998,37.735001,38.049999,29.850168
2014-11-04,38.470001,37.750000,38.355000,30.089432
2014-11-05,38.695000,38.294998,38.330002,30.069826
2014-11-06,38.775002,38.330002,38.724998,30.379707
2014-11-07,39.044998,38.605000,38.895000,30.513069
2014-11-10,38.950001,38.584999,38.825001,30.583956
2014-11-11,39.099998,38.625000,38.865002,30.615473
2014-11-12,39.005001,38.634998,38.924999,30.662741
2014-11-13,39.240002,38.705002,38.945000,30.678490
2014-11-14,39.150002,38.865002,39.060001,30.769072
2014-11-17,39.235001,38.825001,38.915001,30.654871
2014-11-18,39.000000,38.660000,38.785000,30.552452
2014-11-19,39.040001,38.700001,38.910000,30.650919
2014-11-20,39.320000,38.825001,39.099998,30.800587
2014-11-21,39.959999,39.384998,39.880001,31.415033
2014-11-24,40.410000,39.855000,40.259998,31.714363
2014-11-25,40.459999,40.025002,40.105000,31.592258
2014-11-26,40.154999,39.700001,39.849998,31.391397
2014-11-28,40.820000,40.205002,40.605000,31.986132
2014-12-01,40.750000,40.310001,40.424999,31.844345
2014-12-02,40.424999,40.044998,40.185001,31.655291
2014-12-03,40.375000,40.035000,40.235001,31.694672
2014-12-04,41.150002,40.195000,40.654999,32.025532
2014-12-05,41.959999,41.215000,41.785000,32.915665
2014-12-08,42.099998,41.549999,41.900002,33.006260
2014-12-09,41.645000,41.099998,41.514999,32.702988
2014-12-10,42.020000,41.275002,41.330002,32.557251
2014-12-11,42.009998,41.330002,41.560001,32.738441
2014-12-12,41.985001,41.285000,41.625000,32.789623
2014-12-15,41.250000,40.345001,40.445000,31.860096
2014-12-16,40.544998,39.555000,39.564999,31.166885
2014-12-17,40.294998,39.220001,40.220001,31.682863
2014-12-18,40.820000,39.630001,40.014999,31.521378
2014-12-19,40.145000,39.705002,39.720001,31.288973
2014-12-22,40.275002,39.884998,40.270000,31.722258
2014-12-23,41.025002,40.564999,40.715000,32.072788
2014-12-24,40.930000,40.590000,40.634998,32.009773
2014-12-26,41.200001,40.689999,40.915001,32.230331
2014-12-29,41.275002,40.750000,41.189999,32.446968
2014-12-30,41.439999,40.895000,40.895000,32.214569
2014-12-31,41.665001,41.000000,41.025002,32.316982
2015-01-02,41.490002,40.445000,40.720001,32.076721
2015-01-05,40.334999,39.744999,39.939999,31.462288
2015-01-06,40.195000,39.279999,39.615002,31.206282
2015-01-07,40.615002,39.700001,40.590000,31.974321
2015-01-08,41.650002,41.009998,41.244999,32.490288
2015-01-09,40.755001,39.560001,39.895000,31.426836
2015-01-12,40.415001,39.910000,40.115002,31.600140
2015-01-13,41.070000,40.064999,40.435001,31.852230
2015-01-14,40.389999,39.805000,40.209999,31.674978
2015-01-15,40.450001,39.595001,39.790001,31.344131
2015-01-16,40.389999,39.500000,40.305000,31.749813
2015-01-20,40.735001,40.165001,40.610001,31.990072
2015-01-21,40.814999,40.264999,40.645000,32.017647
2015-01-22,41.419998,40.445000,41.369999,32.588757
2015-01-23,44.349998,43.220001,44.110001,34.747158
2015-01-26,44.250000,43.705002,44.060001,34.707767
2015-01-27,44.605000,43.724998,44.169998,34.794422
2015-01-28,44.794998,43.744999,43.785000,34.491158
2015-01-29,44.650002,43.785000,44.525002,35.074074
2015-01-30,44.470001,43.695000,43.764999,34.475395
2015-02-02,44.044998,42.930000,43.994999,34.656574
2015-02-03,44.244999,43.465000,44.244999,34.980717
2015-02-04,44.715000,43.994999,44.349998,35.063736
2015-02-05,44.884998,44.355000,44.820000,35.435314
2015-02-06,44.840000,44.340000,44.500000,35.182327
2015-02-09,44.605000,44.070000,44.410000,35.111183
2015-02-10,45.689999,44.665001,45.590000,36.044102
2015-02-11,45.895000,45.355000,45.395000,35.889935
2015-02-12,45.970001,45.044998,45.915001,36.301056
2015-02-13,45.994999,45.455002,45.790001,36.202229
2015-02-17,46.119999,45.630001,46.014999,36.380116
2015-02-18,46.665001,46.000000,46.500000,36.763561
2015-02-19,46.889999,46.505001,46.584999,36.830769
2015-02-20,46.834999,46.485001,46.755001,36.965157
2015-02-23,46.965000,46.540001,46.790001,36.992847
2015-02-24,46.994999,46.580002,46.724998,36.941452
2015-02-25,47.415001,46.625000,47.130001,37.261642
2015-02-26,47.410000,47.040001,47.275002,37.376282
2015-02-27,47.400002,46.634998,46.744999,36.957260
2015-03-02,47.275002,46.665001,47.115002,37.249790
2015-03-03,47.105000,46.599998,47.000000,37.158867
2015-03-04,47.095001,46.005001,46.529999,36.787281
2015-03-05,46.980000,46.529999,46.814999,37.012604
2015-03-06,46.849998,45.939999,46.110001,36.455227
2015-03-09,46.564999,46.044998,46.520000,36.779377
2015-03-10,46.455002,45.884998,46.090000,36.439411
2015-03-11,46.490002,45.610001,45.709999,36.138969
2015-03-12,46.764999,45.919998,46.689999,36.913769
2015-03-13,47.185001,46.340000,46.645000,36.878204
2015-03-16,47.310001,46.869999,47.025002,37.178635
2015-03-17,47.240002,46.799999,47.195000,37.313046
2015-03-18,48.285000,46.674999,47.919998,37.886234
2015-03-19,49.599998,48.189999,48.880001,38.645218
2015-03-20,49.450001,48.505001,48.730000,38.526638
2015-03-23,48.950001,48.355000,48.685001,38.491062
2015-03-24,49.165001,48.380001,48.959999,38.708458
2015-03-25,49.240002,47.884998,47.884998,37.858559
2015-03-26,47.875000,46.830002,47.540001,37.585793
2015-03-27,47.974998,47.375000,47.535000,37.581841
2015-03-30,48.250000,47.750000,47.990002,37.941574
2015-03-31,48.099998,47.345001,47.349998,37.435574
2015-04-01,47.250000,46.279999,46.509998,36.771461
2015-04-02,47.320000,46.610001,47.195000,37.313046
2015-04-06,47.400002,46.724998,47.259998,37.364426
2015-04-07,47.480000,46.980000,47.035000,37.186535
2015-04-08,47.639999,46.919998,47.615002,37.645100
2015-04-09,47.990002,47.250000,47.959999,37.917862
2015-04-10,48.599998,47.880001,48.169998,38.083870
2015-04-13,48.889999,48.380001,48.500000,38.344788
2015-04-14,48.709999,47.970001,48.299999,38.186672
2015-04-15,48.810001,48.130001,48.139999,38.060169
2015-04-16,48.480000,48.160000,48.250000,38.147141
2015-04-17,48.000000,47.389999,47.619999,37.649048
2015-04-20,48.119999,47.700001,47.970001,37.925762
2015-04-21,48.480000,48.020000,48.369999,38.242008
2015-04-22,48.599998,47.980000,48.340000,38.218292
2015-04-23,49.700001,48.279999,49.430000,39.080055
2015-04-24,52.090000,50.619999,51.840000,40.985443
2015-04-27,51.939999,50.759998,50.869999,40.218536
2015-04-28,50.799999,49.980000,50.610001,40.012974
2015-04-29,50.950001,50.200001,50.650002,40.044621
2015-04-30,50.680000,49.430000,49.580002,39.198639
2015-05-01,50.419998,49.680000,50.290001,39.759995
2015-05-04,50.930000,50.270000,50.450001,39.886490
2015-05-05,50.049999,49.360001,49.410000,39.188530
2015-05-06,49.700001,48.570000,48.930000,38.807838
2015-05-07,49.549999,48.720001,49.349998,39.140938
2015-05-08,50.430000,49.459999,49.779999,39.481991
2015-05-11,50.220001,49.380001,49.500000,39.259914
2015-05-12,49.990002,49.000000,49.709999,39.426468
2015-05-13,50.150002,49.430000,49.590000,39.331295
2015-05-14,50.590000,49.669998,50.560001,40.100632
2015-05-15,50.849998,50.389999,50.799999,40.290977
2015-05-18,51.290001,50.560001,51.180000,40.592369
2015-05-19,51.720001,50.959999,51.419998,40.782703
2015-05-20,51.439999,50.430000,51.029999,40.473404
2015-05-21,51.450001,50.779999,51.330002,40.711338
2015-05-22,51.650002,51.209999,51.480000,40.830299
2015-05-26,51.779999,50.660000,50.840000,40.322697
2015-05-27,51.700001,50.910000,51.590000,40.917553
2015-05-28,51.939999,51.450001,51.810001,41.092041
2015-05-29,52.230000,51.450001,51.959999,41.211021
2015-06-01,52.459999,51.669998,52.220001,41.417210
2015-06-02,52.299999,51.660000,51.730000,41.028587
2015-06-03,52.270000,51.669998,52.119999,41.337910
2015-06-04,52.180000,51.570000,51.720001,41.020668
2015-06-05,52.439999,51.270000,52.189999,41.393433
2015-06-08,52.230000,51.490002,51.529999,40.869972
2015-06-09,51.700001,51.099998,51.540001,40.877899
2015-06-10,52.860001,51.660000,52.689999,41.790005
2015-06-11,53.000000,52.439999,52.490002,41.631367
2015-06-12,52.740002,52.160000,52.630001,41.742401
2015-06-15,52.459999,52.009998,52.270000,41.456867
2015-06-16,53.139999,52.200001,52.970001,42.012062
2015-06-17,53.470001,52.720001,53.240002,42.226219
2015-06-18,54.279999,53.400002,54.110001,42.916241
2015-06-19,54.439999,53.840000,53.930000,42.773483
2015-06-22,54.430000,53.880001,53.900002,42.749680
2015-06-23,54.180000,53.720001,54.119999,42.924183
2015-06-24,53.970001,53.520000,53.709999,42.598980
2015-06-25,54.450001,54.000000,54.070000,42.884521
2015-06-26,54.750000,54.299999,54.619999,43.320728
2015-06-29,54.389999,53.509998,53.549999,42.472088
2015-06-30,54.299999,53.139999,53.619999,42.527596
2015-07-01,54.209999,53.599998,53.889999,42.741737
2015-07-02,54.700001,53.950001,54.240002,43.019344
2015-07-06,54.410000,53.630001,54.310001,43.074863
2015-07-07,54.540001,53.360001,54.380001,43.130390
2015-07-08,54.020000,53.310001,53.389999,42.345181
2015-07-09,54.500000,53.880001,54.049999,42.868660
2015-07-10,54.730000,54.180000,54.570000,43.281082
2015-07-13,55.889999,54.900002,55.700001,44.177307
2015-07-14,56.060001,55.520000,55.750000,44.216969
2015-07-15,55.950001,55.290001,55.340000,43.891788
2015-07-16,56.160000,55.660000,55.740002,44.209045
2015-07-17,55.900002,55.369999,55.689999,44.169376
2015-07-20,56.740002,55.700001,56.209999,44.581802
2015-07-21,56.470001,55.779999,56.200001,44.573879
2015-07-22,56.869999,56.250000,56.689999,44.962509
2015-07-23,57.000000,56.160000,56.560001,44.859398
2015-07-24,59.310001,57.150002,57.290001,45.438393
2015-07-27,57.470001,56.849998,56.980000,45.192516
2015-07-28,57.400002,56.560001,57.139999,45.319424
2015-07-29,57.799999,57.139999,57.509998,45.612858
2015-07-30,58.150002,57.009998,58.060001,46.049103
2015-07-31,58.439999,57.730000,57.930000,45.946003
2015-08-03,58.959999,58.040001,58.189999,46.152214
2015-08-04,58.720001,58.029999,58.700001,46.685070
2015-08-05,59.320000,58.830002,59.009998,46.931618
2015-08-06,59.200001,57.090000,57.230000,45.515945
2015-08-07,57.360001,56.509998,57.200001,45.492085
2015-08-10,57.630001,55.750000,56.270000,44.752457
2015-08-11,56.439999,55.240002,56.349998,44.816067
2015-08-12,56.400002,54.950001,56.380001,44.839939
2015-08-13,57.250000,56.509998,56.849998,45.213737
2015-08-14,57.119999,56.660000,57.099998,45.412560
2015-08-17,57.759998,56.730000,57.740002,45.921558
2015-08-18,58.060001,57.660000,57.830002,45.993153
2015-08-19,58.080002,57.119999,57.590000,45.802273
2015-08-20,57.150002,55.770000,55.810001,44.386612
2015-08-21,54.860001,52.599998,52.840000,42.024506
2015-08-24,52.669998,42.049999,50.340000,40.036224
2015-08-25,53.610001,51.049999,51.090000,40.632710
2015-08-26,54.150002,51.270000,53.959999,42.915264
2015-08-27,56.209999,54.410000,55.950001,44.497940
2015-08-28,56.310001,55.200001,55.630001,44.243446
2015-08-31,55.470001,54.500000,54.709999,43.511753
2015-09-01,54.360001,52.740002,53.500000,42.549427
2015-09-02,55.290001,53.750000,55.259998,43.949173
2015-09-03,55.759998,54.480000,54.689999,43.495850
2015-09-04,54.570000,53.840000,54.279999,43.169777
2015-09-08,55.450001,54.529999,55.209999,43.909412
2015-09-09,56.000000,54.570000,54.689999,43.495850
2015-09-10,55.689999,54.330002,55.369999,44.036663
2015-09-11,56.540001,55.029999,56.529999,44.959225
2015-09-14,56.910000,56.049999,56.290001,44.768356
2015-09-15,57.209999,56.119999,56.910000,45.261452
2015-09-16,57.349998,56.209999,57.259998,45.539814
2015-09-17,58.099998,57.040001,57.279999,45.555717
2015-09-18,57.630001,56.279999,56.840000,45.205776
2015-09-21,57.840000,56.959999,57.540001,45.762505
2015-09-22,57.250000,56.700001,57.119999,45.428471
2015-09-23,57.930000,57.049999,57.790001,45.961338
2015-09-24,58.540001,57.169998,58.369999,46.422615
2015-09-25,58.959999,57.740002,57.990002,46.120396
2015-09-28,58.430000,55.619999,55.770000,44.354805
2015-09-29,56.299999,54.810001,55.720001,44.315022
2015-09-30,56.900002,55.610001,56.840000,45.205776
2015-10-01,57.500000,55.889999,57.480000,45.714775
2015-10-02,58.090000,56.540001,58.080002,46.191967
2015-10-05,59.180000,58.070000,59.040001,46.955475
2015-10-06,59.139999,58.220001,58.689999,46.677116
2015-10-07,58.830002,57.900002,58.779999,46.748692
2015-10-08,59.709999,58.389999,59.459999,47.289532
2015-10-09,60.110001,59.299999,60.070000,47.774654
2015-10-12,60.889999,60.040001,60.540001,48.148457
2015-10-13,60.750000,60.020000,60.160000,47.846222
2015-10-14,60.169998,58.430000,58.820000,46.780518
2015-10-15,59.830002,58.080002,59.689999,47.472431
2015-10-16,60.290001,59.459999,59.930000,47.663292
2015-10-19,61.290001,59.869999,60.970001,48.490444
2015-10-20,61.360001,60.560001,60.880001,48.418877
2015-10-21,61.119999,60.160000,60.529999,48.140499
2015-10-22,61.709999,60.169998,61.490002,48.904003
2015-10-23,62.799999,61.619999,62.610001,49.794754
2015-10-26,63.840000,62.970001,63.430000,50.446911
2015-10-27,63.410000,62.189999,62.709999,49.874290
2015-10-28,63.520000,62.419998,63.509998,50.510548
2015-10-29,63.500000,61.709999,62.500000,49.707275
2015-10-30,64.000000,62.259998,62.570000,49.762951
2015-11-02,63.099998,62.119999,62.240002,49.500496
2015-11-03,62.980000,61.650002,62.799999,49.945850
2015-11-04,63.040001,61.340000,61.959999,49.277794
2015-11-05,62.459999,62.009998,62.279999,49.532299
2015-11-06,62.240002,61.610001,61.970001,49.285759
2015-11-09,61.970001,60.860001,61.340000,48.942657
2015-11-10,62.320000,61.209999,62.180000,49.612881
2015-11-11,62.570000,61.810001,61.869999,49.365532
2015-11-12,61.650002,60.750000,61.070000,48.727226
2015-11-13,61.349998,59.610001,59.740002,47.666031
2015-11-16,60.689999,59.500000,60.680000,48.416065
2015-11-17,61.560001,60.439999,60.549999,48.312332
2015-11-18,61.869999,60.330002,61.799999,49.309692
2015-11-19,61.930000,61.389999,61.459999,49.038414
2015-11-20,62.150002,61.580002,61.990002,49.461288
2015-11-23,63.189999,62.099998,62.639999,49.979916
2015-11-24,62.369999,61.220001,61.959999,49.437340
2015-11-25,62.500000,62.000000,62.189999,49.620861
2015-11-27,62.380001,61.930000,62.180000,49.612881
2015-11-30,62.290001,61.200001,61.389999,48.982552
2015-12-01,61.680000,60.509998,61.369999,48.966591
2015-12-02,61.709999,61.119999,61.220001,48.846909
2015-12-03,61.450001,59.150002,59.549999,47.514435
2015-12-04,61.869999,59.599998,61.750000,49.269798
2015-12-07,61.950001,61.439999,61.889999,49.381489
2015-12-08,62.430000,61.520000,62.160000,49.596931
2015-12-09,62.540001,60.820000,61.180000,48.814999
2015-12-10,62.139999,61.009998,61.869999,49.365532
2015-12-11,61.189999,59.599998,59.820000,47.729858
2015-12-14,60.139999,58.610001,59.919998,47.809639
2015-12-15,60.680000,59.970001,59.980000,47.857525
2015-12-16,60.500000,59.509998,60.349998,48.152740
2015-12-17,60.830002,59.470001,59.520000,47.490505
2015-12-18,59.500000,58.270000,58.619999,46.772400
2015-12-21,59.619999,58.660000,59.540001,47.506443
2015-12-22,60.070000,59.279999,59.990002,47.865505
2015-12-23,60.369999,59.959999,60.340000,48.144768
2015-12-24,60.509998,60.169998,60.320000,48.128807
2015-12-28,60.330002,59.580002,60.189999,48.025082
2015-12-29,61.320000,60.349998,61.130001,48.775101
2015-12-30,61.400002,60.750000,60.820000,48.527748
2015-12-31,60.810001,60.020000,60.029999,47.897427
2016-01-04,58.830002,57.599998,58.259998,46.485161
2016-01-05,58.790001,57.980000,58.650002,46.796349
2016-01-06,58.529999,57.639999,58.130001,46.381428
2016-01-07,57.910000,56.160000,56.689999,45.232464
2016-01-08,57.730000,56.529999,56.630001,45.184593
2016-01-11,58.119999,56.779999,57.820000,46.134090
2016-01-12,59.529999,58.180000,59.459999,47.442638
2016-01-13,60.000000,57.799999,57.869999,46.173985
2016-01-14,59.430000,56.919998,58.980000,47.059635
2016-01-15,58.389999,56.750000,58.000000,46.277699
2016-01-19,59.389999,58.119999,58.549999,46.716534
2016-01-20,57.959999,54.939999,56.919998,45.415985
2016-01-21,59.380001,57.669998,59.029999,47.099541
2016-01-22,59.400002,57.410000,59.169998,47.211239
2016-01-25,59.380001,57.610001,57.709999,46.046307
2016-01-26,58.869999,57.799999,58.610001,46.764420
2016-01-27,58.959999,57.259998,57.630001,45.982475
2016-01-28,59.419998,58.000000,59.290001,47.306976
2016-01-29,60.880001,59.639999,60.770000,48.487862
2016-02-01,61.790001,60.270000,61.400002,48.990540
2016-02-02,60.900002,60.180000,60.700001,48.590290
2016-02-03,61.130001,58.500000,59.529999,47.653698
2016-02-04,59.450001,57.990002,58.290001,46.661076
2016-02-05,58.200001,54.250000,54.490002,43.619179
2016-02-08,54.470001,52.630001,54.139999,43.339012
2016-02-09,55.290001,53.169998,54.419998,43.563148
2016-02-10,56.349998,55.009998,55.139999,44.139515
2016-02-11,55.389999,53.549999,54.919998,43.963402
2016-02-12,56.040001,55.040001,55.860001,44.715874
2016-02-16,56.849998,55.980000,56.410000,45.156139
2016-02-17,57.660000,56.160000,57.630001,46.132744
2016-02-18,57.570000,56.669998,56.959999,45.596424
2016-02-19,57.860001,56.520000,57.669998,46.164780
2016-02-22,58.950001,58.169998,58.869999,47.125374
2016-02-23,58.900002,58.000000,58.459999,46.797161
2016-02-24,58.349998,56.279999,58.110001,46.516991
2016-02-25,58.750000,58.000000,58.750000,47.029308
2016-02-26,59.209999,57.919998,58.340000,46.701099
2016-02-29,59.150002,58.099998,58.209999,46.597046
2016-03-01,60.200001,58.500000,60.040001,48.061962
2016-03-02,60.000000,58.830002,59.560001,47.677727
2016-03-03,59.200001,58.200001,59.040001,47.261456
2016-03-04,59.189999,58.230000,58.700001,46.989285
2016-03-07,58.669998,57.310001,58.000000,46.428928
2016-03-08,58.230000,57.259998,57.599998,46.108730
2016-03-09,57.970001,56.790001,57.070000,45.684471
2016-03-10,57.860001,56.919998,57.520000,46.044697
2016-03-11,58.099998,56.570000,57.590000,46.100735
2016-03-14,58.779999,57.500000,58.650002,46.949280
2016-03-15,59.160000,58.169998,59.080002,47.293480
2016-03-16,59.820000,58.650002,59.669998,47.765778
2016-03-17,59.980000,59.369999,59.549999,47.669708
2016-03-18,60.450001,59.430000,59.700001,47.789791
2016-03-21,59.860001,59.020000,59.099998,47.309494
2016-03-22,59.549999,58.570000,59.380001,47.533615
2016-03-23,59.400002,58.689999,58.830002,47.093353
2016-03-24,58.790001,58.279999,58.360001,46.717133
2016-03-28,59.470001,58.400002,58.959999,47.197422
2016-03-29,59.740002,58.820000,59.549999,47.669708
2016-03-30,60.259998,59.509998,60.009998,48.037937
2016-03-31,60.209999,59.680000,59.700001,47.789791
2016-04-01,61.169998,59.410000,61.020000,48.846451
2016-04-04,61.180000,60.080002,60.250000,48.230076
2016-04-05,60.230000,59.439999,60.040001,48.061962
2016-04-06,60.910000,59.910000,60.830002,48.694347
2016-04-07,61.540001,60.540001,61.169998,48.966526
2016-04-08,61.639999,60.700001,61.040001,48.862450
2016-04-11,61.500000,60.779999,60.900002,48.750385
2016-04-12,59.680000,58.369999,59.500000,47.629681
2016-04-13,61.080002,59.750000,60.209999,48.198040
2016-04-14,60.400002,59.910000,60.130001,48.133995
2016-04-15,60.619999,60.009998,60.509998,48.438187
2016-04-18,61.070000,60.360001,60.889999,48.742378
2016-04-19,61.250000,60.480000,60.900002,48.750385
2016-04-20,61.430000,60.849998,60.900002,48.750385
2016-04-21,61.099998,60.480000,60.639999,48.542248
2016-04-22,59.099998,57.029999,57.680000,46.172775
2016-04-25,57.959999,57.580002,57.770000,46.244827
2016-04-26,58.669998,57.560001,57.720001,46.204788
2016-04-27,57.650002,56.619999,56.900002,45.548405
2016-04-28,57.360001,56.320000,56.419998,45.164154
2016-04-29,56.430000,55.290001,56.230000,45.012054
2016-05-02,57.369999,56.110001,57.360001,45.916618
2016-05-03,57.060001,56.139999,56.250000,45.185604
2016-05-04,56.650002,55.799999,56.389999,45.298073
2016-05-05,56.770000,56.009998,56.250000,45.185604
2016-05-06,56.320000,55.380001,56.310001,45.233810
2016-05-09,56.930000,56.230000,56.639999,45.498901
2016-05-10,57.599998,56.709999,57.490002,46.181705
2016-05-11,57.389999,56.090000,56.230000,45.169552
2016-05-12,56.790001,55.820000,56.299999,45.225780
2016-05-13,56.599998,55.730000,55.820000,44.840195
2016-05-16,55.770000,55.200001,55.529999,44.607235
2016-05-17,55.639999,54.509998,54.880001,44.085083
2016-05-18,55.169998,54.380001,54.799999,44.020824
2016-05-19,54.619999,54.189999,54.549999,43.820015
2016-05-20,55.369999,54.580002,54.619999,43.876232
2016-05-23,54.820000,54.290001,54.599998,43.860172
2016-05-24,55.619999,54.680000,55.439999,44.534950
2016-05-25,55.459999,54.950001,55.150002,44.301991
2016-05-26,55.869999,54.950001,55.290001,44.414440
2016-05-27,55.549999,55.099998,55.150002,44.301991
2016-05-31,55.500000,54.700001,54.889999,44.093136
2016-06-01,55.490002,54.720001,54.820000,44.036896
2016-06-02,55.000000,54.459999,54.619999,43.876232
2016-06-03,55.080002,54.400002,54.610001,43.868195
2016-06-06,55.869999,54.689999,55.590000,44.655434
2016-06-07,56.099998,55.279999,55.299999,44.422489
2016-06-08,55.500000,54.900002,55.220001,44.358223
2016-06-09,55.610001,55.060001,55.580002,44.647408
2016-06-10,55.200001,54.500000,54.869999,44.077053
2016-06-13,55.599998,54.759998,55.040001,44.213627
2016-06-14,55.580002,55.009998,55.570000,44.639370
2016-06-15,56.090000,55.270000,55.349998,44.462646
2016-06-16,55.590000,54.410000,55.529999,44.607235
2016-06-17,55.619999,55.040001,55.310001,44.430511
2016-06-20,56.279999,55.380001,55.380001,44.486744
2016-06-21,56.029999,55.450001,55.810001,44.832165
2016-06-22,55.980000,55.490002,55.610001,44.671501
2016-06-23,56.200001,55.900002,56.130001,45.089211
2016-06-24,55.570000,54.009998,54.680000,43.924423
2016-06-27,54.480000,53.410000,53.689999,43.129166
2016-06-28,54.900002,53.950001,54.849998,44.060989
2016-06-29,56.950001,55.360001,56.740002,45.579239
2016-06-30,57.189999,56.520000,57.119999,45.884487
2016-07-01,57.360001,56.849998,56.990002,45.780056
2016-07-05,56.959999,56.549999,56.770000,45.603329
2016-07-06,57.110001,56.320000,56.750000,45.587261
2016-07-07,57.000000,56.470001,56.910000,45.715794
2016-07-08,57.000000,56.360001,56.509998,45.394466
2016-07-11,56.919998,56.060001,56.320000,45.241848
2016-07-12,57.599998,56.509998,57.480000,46.173668
2016-07-13,57.259998,56.349998,56.480000,45.370380
2016-07-14,57.680000,56.970001,57.590000,46.262039
2016-07-15,57.740002,57.130001,57.410000,46.117432
2016-07-18,57.590000,56.849998,56.919998,45.723843
2016-07-19,57.139999,56.549999,56.759998,45.595310
2016-07-20,57.660000,56.709999,57.540001,46.221870
2016-07-21,57.669998,57.040001,57.599998,46.270069
2016-07-22,58.240002,57.200001,57.900002,46.511066
2016-07-25,58.090000,57.500000,57.950001,46.551220
2016-07-26,58.840000,58.200001,58.310001,46.840416
2016-07-27,58.400002,57.669998,57.849998,46.470894
2016-07-28,58.310001,57.740002,58.209999,46.760082
2016-07-29,58.430000,57.919998,58.049999,46.631554
2016-08-01,58.049999,57.430000,57.630001,46.294167
2016-08-02,57.340000,56.540001,56.730000,45.729897
2016-08-03,56.590000,55.720001,55.939999,45.093082
2016-08-04,56.290001,55.380001,55.419998,44.673912
2016-08-05,56.119999,55.520000,55.900002,45.060837
2016-08-08,55.990002,55.169998,55.360001,44.625538
2016-08-09,55.709999,55.180000,55.200001,44.496571
2016-08-10,55.709999,55.110001,55.619999,44.835129
2016-08-11,55.959999,55.459999,55.470001,44.714214
2016-08-12,55.750000,55.230000,55.470001,44.714214
2016-08-15,55.700001,55.180000,55.250000,44.536877
2016-08-16,55.570000,54.919998,55.369999,44.633610
2016-08-17,55.919998,55.430000,55.799999,44.980232
2016-08-18,55.900002,55.490002,55.529999,44.762577
2016-08-19,55.560001,54.849998,54.939999,44.286980
2016-08-22,55.919998,54.950001,55.849998,45.020546
2016-08-23,56.540001,56.000000,56.400002,45.463886
2016-08-24,57.980000,56.950001,57.090000,46.020100
2016-08-25,57.450001,56.900002,57.290001,46.181316
2016-08-26,57.830002,57.000000,57.290001,46.181316
2016-08-29,57.480000,56.610001,56.799999,45.786320
2016-08-30,56.750000,56.009998,56.400002,45.463886
2016-08-31,56.419998,55.910000,56.230000,45.326855
2016-09-01,56.560001,55.830002,56.310001,45.391331
2016-09-02,56.650002,55.990002,56.180000,45.286552
2016-09-06,56.419998,55.689999,56.020000,45.157578
2016-09-07,56.599998,56.119999,56.320000,45.399406
2016-09-08,56.150002,55.200001,55.299999,44.577190
2016-09-09,55.200001,54.299999,54.349998,43.811382
2016-09-12,54.790001,53.919998,54.709999,44.101585
2016-09-13,54.549999,53.750000,53.980000,43.513130
2016-09-14,54.349998,53.799999,53.900002,43.448654
2016-09-15,54.130001,53.540001,54.110001,43.617912
2016-09-16,54.090000,53.410000,53.740002,43.319664
2016-09-19,53.970001,52.900002,53.009998,42.731213
2016-09-20,53.439999,53.049999,53.299999,42.964981
2016-09-21,54.029999,53.279999,53.980000,43.513130
2016-09-22,54.599998,53.970001,54.389999,43.843632
2016-09-23,54.560001,54.000000,54.430000,43.875866
2016-09-26,54.340000,53.860001,54.040001,43.561501
2016-09-27,54.209999,53.820000,54.189999,43.682400
2016-09-28,54.080002,53.529999,53.980000,43.513130
2016-09-29,54.000000,52.910000,53.450001,43.085899
2016-09-30,54.389999,53.560001,54.139999,43.642117
2016-10-03,54.150002,53.669998,53.840000,43.400280
2016-10-04,54.130001,53.410000,53.529999,43.150387
2016-10-05,53.759998,53.279999,53.349998,43.005283
2016-10-06,53.480000,53.029999,53.139999,42.836006
2016-10-07,53.610001,53.000000,53.459999,43.093964
2016-10-10,53.599998,53.270000,53.299999,42.964981
2016-10-11,53.400002,52.740002,52.919998,42.658669
2016-10-12,53.470001,52.779999,53.160000,42.852123
2016-10-13,53.130001,52.669998,52.950001,42.682846
2016-10-14,53.369999,52.959999,53.080002,42.787640
2016-10-17,53.150002,52.689999,52.759998,42.529678
2016-10-18,53.320000,52.590000,52.610001,42.408775
2016-10-19,53.740002,52.900002,53.150002,42.844074
2016-10-20,53.740002,52.910000,53.590000,43.198761
2016-10-21,53.700001,53.250000,53.630001,43.231010
2016-10-24,54.459999,53.889999,54.180000,43.674355
2016-10-25,54.169998,53.500000,53.669998,43.263237
2016-10-26,53.840000,53.360001,53.630001,43.231010
2016-10-27,53.830002,53.130001,53.590000,43.198761
2016-10-28,53.840000,53.110001,53.529999,43.150387
2016-10-31,53.700001,53.060001,53.070000,42.779575
2016-11-01,53.209999,52.090000,52.500000,42.320103
2016-11-02,53.459999,52.310001,52.980000,42.707027
2016-11-03,53.000000,51.340000,51.770000,41.731667
2016-11-04,53.740002,50.840000,52.750000,42.521629
2016-11-07,54.680000,53.189999,54.490002,43.924236
2016-11-08,54.790001,54.119999,54.619999,44.029030
2016-11-09,54.820000,52.799999,54.580002,43.996788
2016-11-10,54.820000,53.509998,53.570000,43.182644
2016-11-11,53.990002,53.250000,53.930000,43.472824
2016-11-14,54.470001,53.500000,54.220001,43.706596
2016-11-15,54.689999,53.900002,54.590000,44.208687
2016-11-16,55.520000,54.259998,55.439999,44.897038
2016-11-17,55.900002,55.060001,55.849998,45.229084
2016-11-18,56.119999,55.419998,55.770000,45.164295
2016-11-21,56.160000,55.509998,56.099998,45.431534
2016-11-22,57.150002,55.880001,57.119999,46.257565
2016-11-23,57.639999,56.900002,57.590000,46.638180
2016-11-25,57.700001,57.259998,57.430000,46.508610
2016-11-28,57.860001,56.759998,57.590000,46.638180
2016-11-29,58.209999,57.500000,58.169998,47.107891
2016-11-30,58.250000,57.860001,57.970001,46.945919
2016-12-01,58.520000,57.200001,58.509998,47.383232
2016-12-02,57.750000,56.570000,57.209999,46.330452
2016-12-05,57.840000,56.959999,57.500000,46.565304
2016-12-06,57.700001,57.139999,57.439999,46.516708
2016-12-07,58.849998,57.450001,58.759998,47.585690
2016-12-08,59.250000,58.410000,58.650002,47.496616
2016-12-09,58.950001,58.430000,58.750000,47.577591
2016-12-12,58.790001,58.340000,58.770000,47.593773
2016-12-13,59.540001,58.660000,59.310001,48.031086
2016-12-14,59.250000,58.599998,58.750000,47.577591
2016-12-15,58.209999,57.520000,57.709999,46.735359
2016-12-16,58.070000,57.560001,57.660000,46.694874
2016-12-19,57.980000,57.439999,57.650002,46.686775
2016-12-20,58.060001,57.320000,57.700001,46.727257
2016-12-21,57.869999,57.410000,57.439999,46.516708
2016-12-22,57.400002,56.720001,57.110001,46.249470
2016-12-23,57.360001,56.889999,57.009998,46.168472
2016-12-27,57.389999,56.810001,56.860001,46.047012
2016-12-28,56.900002,56.250000,56.349998,45.633984
2016-12-29,56.470001,56.139999,56.320000,45.609695
2016-12-30,56.450001,55.400002,55.520000,44.961834
2017-01-03,55.950001,55.040001,55.349998,44.824173
2017-01-04,56.200001,55.380001,55.990002,45.342453
2017-01-05,56.529999,55.810001,56.459999,45.723068
2017-01-06,57.270000,56.080002,57.130001,46.265663
2017-01-09,58.340000,57.250000,58.200001,47.132187
2017-01-10,58.259998,57.830002,57.880001,46.873039
2017-01-11,58.119999,57.590000,58.099998,47.051193
2017-01-12,58.130001,57.639999,58.029999,46.994511
2017-01-13,58.099998,57.650002,57.849998,46.848751
2017-01-17,58.250000,57.410000,58.000000,46.970222
2017-01-18,58.580002,58.029999,58.450001,47.334648
2017-01-19,58.450001,57.720001,57.889999,46.881138
2017-01-20,58.200001,57.410000,57.660000,46.694874
2017-01-23,57.900002,57.150002,57.759998,46.775860
2017-01-24,58.500000,57.759998,58.439999,47.326557
2017-01-25,58.930000,58.450001,58.700001,47.537109
2017-01-26,59.000000,58.259998,58.459999,47.342735
2017-01-27,56.590000,55.650002,56.119999,45.447735
2017-01-30,56.240002,55.580002,55.900002,45.269566
2017-01-31,55.869999,54.880001,55.220001,44.718891
2017-02-01,55.500000,53.810001,53.900002,43.649914
2017-02-02,54.389999,53.849998,53.869999,43.625610
2017-02-03,55.099998,54.009998,55.060001,44.589314
2017-02-06,55.750000,54.900002,55.730000,45.131901
2017-02-07,55.840000,55.180000,55.240002,44.936668
2017-02-08,55.500000,55.099998,55.220001,44.920395
2017-02-09,56.119999,55.209999,55.810001,45.400345
2017-02-10,56.400002,55.560001,56.220001,45.733864
2017-02-13,56.660000,56.029999,56.110001,45.644394
2017-02-14,56.610001,56.020000,56.580002,46.026737
2017-02-15,56.880001,56.310001,56.860001,46.254505
2017-02-16,56.990002,56.529999,56.730000,46.148743
2017-02-17,57.570000,56.709999,57.349998,46.653103
2017-02-21,57.810001,57.400002,57.540001,46.807682
2017-02-22,57.849998,57.349998,57.570000,46.832081
2017-02-23,57.790001,57.389999,57.639999,46.889004
2017-02-24,57.709999,57.150002,57.480000,46.758850
2017-02-27,57.299999,56.660000,56.779999,46.189419
2017-02-28,57.060001,56.549999,56.869999,46.262634
2017-03-01,57.400002,56.939999,57.139999,46.482281
2017-03-02,57.189999,56.849998,57.119999,46.466007
2017-03-03,57.259998,56.700001,57.099998,46.449741
2017-03-06,56.810001,56.330002,56.680000,46.108074
2017-03-07,56.750000,56.020000,56.200001,45.717606
2017-03-08,56.349998,55.540001,55.740002,45.343399
2017-03-09,55.799999,54.810001,55.189999,44.895992
2017-03-10,55.400002,54.419998,54.529999,44.359093
2017-03-13,54.880001,54.400002,54.630001,44.440449
2017-03-14,54.740002,54.189999,54.270000,44.147598
2017-03-15,54.650002,54.090000,54.540001,44.367229
2017-03-16,54.990002,54.660000,54.799999,44.578728
2017-03-17,56.130001,54.950001,55.779999,45.375942
2017-03-20,56.049999,55.509998,55.810001,45.400345
2017-03-21,56.450001,55.490002,55.540001,45.180706
2017-03-22,56.040001,55.509998,55.889999,45.465424
2017-03-23,56.430000,55.779999,55.849998,45.432888
2017-03-24,57.380001,55.900002,56.810001,46.213829
2017-03-27,57.450001,56.459999,57.230000,46.555496
2017-03-28,57.520000,57.029999,57.349998,46.653103
2017-03-29,57.849998,57.130001,57.540001,46.807682
2017-03-30,58.299999,57.419998,58.160000,47.312027
2017-03-31,58.660000,58.060001,58.389999,47.499138
2017-04-03,58.470001,57.889999,58.439999,47.539818
2017-04-04,58.410000,58.009998,58.320000,47.442188
2017-04-05,59.270000,57.810001,58.220001,47.360840
2017-04-06,58.360001,57.730000,57.919998,47.116787
2017-04-07,58.250000,57.549999,58.020000,47.198143
2017-04-10,58.209999,57.730000,57.950001,47.141190
2017-04-11,58.160000,57.380001,57.880001,47.084259
2017-04-12,57.900002,57.480000,57.580002,46.840218
2017-04-13,57.790001,57.450001,57.509998,46.783264
2017-04-17,58.250000,57.680000,58.080002,47.246948
2017-04-18,58.480000,57.590000,58.349998,47.466587
2017-04-19,59.490002,58.500000,59.040001,48.027893
2017-04-20,60.340000,59.560001,60.080002,48.873917
2017-04-21,60.689999,60.150002,60.610001,49.305046
2017-04-24,61.380001,60.889999,61.110001,49.711800
2017-04-25,61.209999,59.919998,60.959999,49.589764
2017-04-26,61.750000,60.980000,61.560001,50.077858
2017-04-27,61.939999,61.189999,61.299999,49.866348
2017-04-28,60.180000,58.990002,60.060001,48.857639
2017-05-01,60.599998,59.759998,60.180000,48.955246
2017-05-02,60.520000,60.040001,60.500000,49.215576
2017-05-03,60.669998,60.259998,60.590000,49.288776
2017-05-04,60.849998,60.389999,60.830002,49.484013
2017-05-05,60.990002,60.580002,60.950001,49.581638
2017-05-08,61.070000,60.700001,60.939999,49.573505
2017-05-09,61.080002,60.570000,60.980000,49.810394
2017-05-10,60.980000,60.209999,60.660000,49.549011
2017-05-11,60.509998,60.029999,60.270000,49.230427
2017-05-12,60.340000,59.830002,59.930000,48.952709
2017-05-15,60.490002,60.130001,60.450001,49.377480
2017-05-16,60.700001,59.880001,59.980000,48.993553
2017-05-17,60.320000,59.549999,59.730000,48.789337
2017-05-18,59.939999,58.869999,59.820000,48.862862
2017-05-19,61.919998,59.939999,61.360001,50.120777
2017-05-22,61.720001,61.029999,61.230000,50.014595
2017-05-23,61.500000,60.860001,61.150002,49.949245
2017-05-24,62.000000,60.939999,61.889999,50.553692
2017-05-25,63.110001,61.900002,62.900002,51.378712
2017-05-26,63.419998,62.970001,63.299999,51.705444
2017-05-30,63.410000,63.009998,63.259998,51.672752
2017-05-31,63.610001,63.080002,63.610001,51.958660
2017-06-01,63.820000,63.349998,63.750000,52.073009
2017-06-02,64.680000,63.700001,64.570000,52.742798
2017-06-05,64.870003,64.180000,64.269997,52.497757
2017-06-06,64.349998,64.050003,64.160004,52.407909
2017-06-07,64.300003,63.340000,63.500000,51.868797
2017-06-08,63.580002,62.020000,62.240002,50.839600
2017-06-09,62.480000,61.869999,62.189999,50.798752
2017-06-12,61.990002,60.630001,61.290001,50.063602
2017-06-13,61.259998,60.590000,60.919998,49.761375
2017-06-14,60.820000,59.860001,60.270000,49.230427
2017-06-15,60.279999,59.509998,60.090000,49.083405
2017-06-16,60.160000,59.470001,60.139999,49.124256
2017-06-19,61.000000,60.110001,60.900002,49.745041
2017-06-20,61.000000,59.700001,59.860001,48.895542
2017-06-21,60.310001,59.709999,59.959999,48.977211
2017-06-22,60.099998,59.400002,59.509998,48.609638
2017-06-23,60.169998,59.580002,59.810001,48.854691
2017-06-26,60.150002,59.330002,59.639999,48.715839
2017-06-27,59.689999,58.810001,58.959999,48.160381
2017-06-28,59.250000,58.799999,59.180000,48.340088
2017-06-29,59.180000,57.959999,58.360001,47.670288
2017-06-30,58.950001,58.290001,58.310001,47.629452
2017-07-03,58.990002,58.250000,58.250000,47.580433
2017-07-05,58.500000,57.799999,57.939999,47.327213
2017-07-06,57.919998,57.400002,57.599998,47.049492
2017-07-07,58.360001,57.540001,58.040001,47.408897
2017-07-10,58.349998,57.750000,57.810001,47.221035
2017-07-11,58.080002,57.529999,57.900002,47.294548
2017-07-12,58.709999,58.020000,58.540001,47.817314
2017-07-13,58.869999,58.119999,58.380001,47.686626
2017-07-14,58.919998,58.279999,58.759998,47.997017
2017-07-17,58.869999,58.279999,58.330002,47.645782
2017-07-18,58.580002,57.689999,58.209999,47.547764
2017-07-19,58.410000,57.900002,58.110001,47.466084
2017-07-20,58.840000,58.000000,58.029999,47.400726
2017-07-21,58.259998,57.830002,57.980000,47.359894
2017-07-24,58.250000,57.930000,58.020000,47.392551
2017-07-25,58.840000,57.980000,58.549999,47.825489
2017-07-26,58.840000,57.779999,57.939999,47.327213
2017-07-27,59.660000,57.930000,59.500000,48.601475
2017-07-28,55.959999,53.410000,54.000000,44.108898
2017-07-31,54.680000,53.950001,53.980000,44.092560
2017-08-01,54.790001,53.970001,54.730000,44.705196
2017-08-02,55.450001,54.669998,55.430000,45.276974
2017-08-03,56.119999,55.500000,55.680000,45.481171
2017-08-04,56.049999,55.090000,55.439999,45.285133
2017-08-07,55.930000,55.419998,55.630001,45.440331
2017-08-08,55.580002,54.360001,54.520000,44.734695
2017-08-09,54.430000,53.299999,53.740002,44.094692
2017-08-10,53.750000,52.990002,53.070000,43.544930
2017-08-11,53.400002,53.049999,53.180000,43.635197
2017-08-14,53.599998,53.180000,53.220001,43.668011
2017-08-15,53.419998,52.889999,53.150002,43.610580
2017-08-16,53.919998,53.250000,53.500000,43.897751
2017-08-17,53.779999,52.990002,53.040001,43.520329
2017-08-18,53.090000,52.580002,52.700001,43.241356
2017-08-21,53.520000,52.799999,53.150002,43.610580
2017-08-22,54.740002,53.389999,54.450001,44.677254
2017-08-23,54.099998,53.650002,54.080002,44.373665
2017-08-24,54.450001,53.770000,53.939999,44.258778
2017-08-25,54.689999,54.189999,54.360001,44.603394
2017-08-28,54.580002,54.020000,54.400002,44.636230
2017-08-29,54.290001,54.000000,54.099998,44.390060
2017-08-30,54.619999,54.040001,54.520000,44.734695
2017-08-31,54.990002,54.570000,54.860001,45.013668
2017-09-01,55.160000,54.880001,54.930000,45.071095
2017-09-05,55.200001,54.599998,55.130001,45.235203
2017-09-06,55.279999,54.130001,54.310001,44.562374
2017-09-07,54.680000,53.250000,53.470001,43.873150
2017-09-08,53.779999,53.049999,53.490002,43.889561
2017-09-11,54.130001,53.610001,54.020000,44.324429
2017-09-12,54.049999,53.330002,53.540001,43.930580
2017-09-13,54.720001,53.490002,54.290001,44.545971
2017-09-14,54.709999,54.099998,54.529999,44.742897
2017-09-15,54.790001,54.160000,54.669998,44.857761
2017-09-18,54.970001,54.570000,54.689999,44.874180
2017-09-19,54.880001,54.560001,54.619999,44.816738
2017-09-20,55.180000,54.580002,55.150002,45.251617
2017-09-21,55.169998,54.860001,55.009998,45.136742
2017-09-22,55.200001,54.860001,55.090000,45.202389
2017-09-25,55.220001,54.700001,54.950001,45.087509
2017-09-26,55.220001,54.799999,55.130001,45.235203
2017-09-27,55.599998,54.959999,54.990002,45.120342
2017-09-28,55.080002,54.450001,54.500000,44.718273
2017-09-29,54.470001,53.360001,53.709999,44.070072
2017-10-02,54.040001,53.750000,53.810001,44.152119
2017-10-03,54.340000,53.900002,53.990002,44.299820
2017-10-04,54.200001,53.689999,53.930000,44.250572
2017-10-05,54.970001,53.919998,54.599998,44.800331
2017-10-06,55.450001,54.250000,55.169998,45.268032
2017-10-09,55.490002,54.959999,55.020000,45.144958
2017-10-10,55.849998,55.080002,55.419998,45.473160
2017-10-11,55.799999,55.259998,55.639999,45.653667
2017-10-12,56.270000,55.310001,55.970001,45.924435
2017-10-13,56.430000,55.610001,55.720001,45.719307
2017-10-16,55.799999,54.889999,54.910000,45.054703
2017-10-17,55.230000,54.290001,54.509998,44.726482
2017-10-18,55.430000,54.220001,55.209999,45.300842
2017-10-19,55.540001,54.900002,55.400002,45.456734
2017-10-20,55.400002,54.180000,54.570000,44.775711
2017-10-23,54.939999,54.180000,54.270000,44.529568
2017-10-24,54.560001,54.020000,54.279999,44.537769
2017-10-25,54.389999,53.660000,54.160000,44.439293
2017-10-26,55.750000,54.500000,54.910000,45.054703
2017-10-27,55.119999,54.680000,54.880001,45.030087
2017-10-30,55.230000,54.400002,55.169998,45.268032
2017-10-31,55.310001,54.700001,54.840000,44.997242
2017-11-01,55.590000,54.939999,55.130001,45.235203
2017-11-02,55.389999,54.770000,54.869999,45.021858
2017-11-03,56.939999,54.049999,56.029999,45.973679
2017-11-06,56.689999,55.630001,56.570000,46.416748
2017-11-07,57.290001,56.330002,57.220001,46.950092
2017-11-08,58.009998,57.000000,57.910000,47.516247
2017-11-09,57.660000,56.790001,57.360001,47.064960
2017-11-10,57.389999,56.540001,57.040001,46.802399
2017-11-13,57.139999,56.549999,56.639999,46.474182
2017-11-14,57.000000,56.410000,56.930000,46.712147
2017-11-15,57.060001,56.509998,56.700001,46.769886
2017-11-16,57.419998,56.750000,57.240002,47.215313
2017-11-17,57.430000,56.840000,56.930000,46.959599
2017-11-20,57.049999,56.580002,56.810001,46.860622
2017-11-21,57.560001,56.880001,57.259998,47.231808
2017-11-22,57.180000,56.799999,57.139999,47.132820
2017-11-24,57.189999,56.709999,56.799999,46.852364
2017-11-27,56.919998,55.750000,55.910000,46.118221
2017-11-28,56.720001,55.910000,56.660000,46.736889
2017-11-29,57.680000,56.700001,57.509998,47.438026
2017-11-30,58.139999,57.470001,57.820000,47.693733
2017-12-01,57.709999,56.459999,57.320000,47.281292
2017-12-04,59.189999,57.500000,58.759998,48.469097
2017-12-05,59.680000,58.910000,59.340000,48.947517
2017-12-06,59.830002,59.230000,59.279999,48.898033
2017-12-07,59.279999,58.759998,59.139999,48.782543
2017-12-08,58.849998,58.099998,58.610001,48.345364
2017-12-11,59.349998,58.290001,59.070000,48.724812
2017-12-12,59.360001,58.869999,59.270000,48.889786
2017-12-13,59.889999,59.299999,59.490002,49.071247
2017-12-14,60.049999,59.439999,59.700001,49.244484
2017-12-15,59.369999,58.160000,58.290001,48.081413
2017-12-18,58.790001,57.889999,58.029999,47.866943
2017-12-19,58.580002,57.930000,58.009998,47.850460
2017-12-20,58.290001,57.689999,57.730000,47.619492
2017-12-21,58.150002,57.490002,57.580002,47.495773
2017-12-22,57.910000,57.119999,57.299999,47.264801
2017-12-26,57.580002,57.049999,57.139999,47.132820
2017-12-27,57.650002,57.180000,57.270000,47.240059
2017-12-28,58.000000,57.299999,57.810001,47.685478
2017-12-29,57.970001,57.419998,57.430000,47.372040
2018-01-02,58.209999,57.480000,57.630001,47.537010
2018-01-03,58.959999,57.799999,58.709999,48.427853
2018-01-04,59.410000,58.730000,58.930000,48.609325
2018-01-05,59.689999,59.070000,59.610001,49.170235
2018-01-08,59.669998,58.560001,59.310001,48.922779
2018-01-09,59.470001,58.860001,59.180000,48.815552
2018-01-10,60.130001,58.860001,59.820000,49.343452
2018-01-11,60.020000,59.450001,60.000000,49.491936
2018-01-12,60.509998,59.650002,60.400002,49.821873
2018-01-16,61.099998,60.299999,60.560001,49.953865
2018-01-17,61.330002,60.520000,60.660000,50.036358
2018-01-18,61.439999,60.740002,61.090000,50.391041
2018-01-19,61.459999,60.950001,61.259998,50.531254
2018-01-22,61.470001,60.770000,61.410000,50.654995
2018-01-23,61.910000,61.139999,61.689999,50.885956
2018-01-24,61.939999,60.230000,60.830002,50.176571
2018-01-25,61.200001,60.400002,60.549999,49.945606
2018-01-26,58.169998,56.549999,57.990002,47.833961
2018-01-29,58.349998,56.910000,57.020000,47.033840
2018-01-30,57.540001,56.740002,57.189999,47.174065
2018-01-31,57.450001,56.700001,56.810001,46.860622
2018-02-01,56.419998,55.889999,56.000000,46.192467
2018-02-02,56.320000,55.700001,55.770000,46.002754
2018-02-05,56.259998,54.570000,54.689999,45.111908
2018-02-06,56.060001,53.560001,55.610001,45.870792
2018-02-07,55.430000,54.439999,54.459999,45.165833
2018-02-08,54.790001,53.750000,53.770000,44.593597
2018-02-09,55.060001,53.650002,54.580002,45.265358
2018-02-12,55.730000,54.549999,55.380001,45.928833
2018-02-13,55.720001,55.020000,55.669998,46.169350
2018-02-14,56.700001,55.290001,55.990002,46.434738
2018-02-15,56.830002,55.900002,56.580002,46.924034
2018-02-16,57.049999,56.340000,56.480000,46.841103
2018-02-20,56.540001,55.830002,55.970001,46.418133
2018-02-21,56.740002,55.860001,56.099998,46.525955
2018-02-22,56.139999,55.259998,55.400002,45.945412
2018-02-23,56.150002,54.799999,56.139999,46.559124
2018-02-26,57.349998,56.320000,57.169998,47.413342
2018-02-27,57.639999,56.560001,56.570000,46.915733
2018-02-28,57.919998,56.830002,57.099998,47.355301
2018-03-01,57.560001,55.830002,56.169998,46.584011
2018-03-02,57.200001,55.680000,56.930000,47.214306
2018-03-05,57.419998,56.680000,56.990002,47.264072
2018-03-06,57.250000,56.540001,57.029999,47.297234
2018-03-07,57.169998,56.619999,57.029999,47.297234
2018-03-08,57.799999,57.130001,57.470001,47.662151
2018-03-09,58.630001,57.669998,58.459999,48.483196
2018-03-12,59.680000,58.480000,59.400002,49.262775
2018-03-13,60.700001,58.889999,59.049999,48.972504
2018-03-14,59.720001,58.709999,58.830002,48.790051
2018-03-15,60.070000,58.820000,59.369999,49.237892
2018-03-16,59.650002,58.939999,59.000000,48.931046
2018-03-19,58.849998,57.799999,58.299999,48.350502
2018-03-20,58.980000,58.450001,58.660000,48.649075
2018-03-21,59.549999,58.389999,58.470001,48.491486
2018-03-22,58.720001,57.750000,57.770000,47.910957
2018-03-23,57.930000,56.310001,56.310001,46.700111
2018-03-26,58.000000,56.549999,57.799999,47.935844
2018-03-27,58.500000,57.139999,57.459999,47.653858
2018-03-28,58.099998,57.220001,57.900002,48.018761
2018-03-29,58.139999,56.830002,57.889999,48.010471
2018-04-02,57.730000,55.380001,56.240002,46.642063
2018-04-03,58.049999,56.450001,58.000000,48.101704
2018-04-04,58.970001,57.209999,58.830002,48.790051
2018-04-05,59.270000,58.860001,59.139999,49.047134
2018-04-06,59.139999,58.090000,58.340000,48.383671
2018-04-09,59.369999,58.419998,58.700001,48.682236
2018-04-10,59.490002,58.869999,59.410000,49.271061
2018-04-11,59.709999,59.000000,59.419998,49.279358
2018-04-12,60.119999,59.419998,59.430000,49.287663
2018-04-13,59.549999,58.959999,59.240002,49.130089
2018-04-16,59.689999,58.840000,59.430000,49.287663
2018-04-17,60.000000,59.400002,59.830002,49.619400
2018-04-18,59.830002,59.439999,59.500000,49.345711
2018-04-19,59.490002,58.730000,59.220001,49.113499
2018-04-20,59.180000,57.799999,58.000000,48.101704
2018-04-23,58.730000,57.689999,58.160000,48.234394
2018-04-24,58.660000,57.650002,57.810001,47.944122
2018-04-25,58.270000,57.290001,57.709999,47.861176
2018-04-26,60.180000,57.849998,59.380001,49.246193
2018-04-27,58.980000,57.500000,58.360001,48.400261
2018-04-30,58.509998,57.459999,57.570000,47.745075
2018-05-01,58.250000,57.439999,58.130001,48.209511
2018-05-02,58.090000,56.529999,56.700001,47.023567
2018-05-03,56.570000,55.540001,56.130001,46.550831
2018-05-04,57.930000,56.490002,57.680000,47.836315
2018-05-07,59.040001,57.270000,57.450001,47.645557
2018-05-08,57.709999,57.000000,57.669998,47.828011
2018-05-09,57.619999,56.790001,57.040001,47.552914
2018-05-10,57.700001,57.020000,57.650002,48.061451
2018-05-11,57.860001,57.070000,57.270000,47.744648
2018-05-14,57.509998,56.990002,57.130001,47.627945
2018-05-15,57.099998,56.349998,56.639999,47.219440
2018-05-16,57.330002,56.790001,57.150002,47.644608
2018-05-17,57.349998,56.980000,57.200001,47.686298
2018-05-18,57.389999,56.860001,57.160000,47.652946
2018-05-21,57.820000,57.259998,57.340000,47.803009
2018-05-22,57.619999,56.910000,56.959999,47.486198
2018-05-23,57.570000,56.759998,57.490002,47.928070
2018-05-24,57.740002,57.119999,57.680000,48.086456
2018-05-25,58.380001,57.580002,57.919998,48.286533
2018-05-29,57.880001,57.009998,57.230000,47.711308
2018-05-30,57.660000,57.150002,57.480000,47.919720
2018-05-31,57.470001,56.549999,56.669998,47.244438
2018-06-01,57.029999,56.610001,56.910000,47.444515
2018-06-04,57.200001,56.799999,57.070000,47.577908
2018-06-05,56.700001,55.279999,55.680000,46.419090
2018-06-06,57.180000,55.619999,57.169998,47.661285
2018-06-07,57.939999,57.090000,57.139999,47.636265
2018-06-08,57.060001,56.520000,56.599998,47.186089
2018-06-11,56.740002,56.270000,56.480000,47.086044
2018-06-12,56.900002,56.299999,56.480000,47.086044
2018-06-13,56.700001,56.180000,56.209999,46.860958
2018-06-14,57.070000,56.310001,57.020000,47.536236
2018-06-15,57.209999,56.459999,57.110001,47.611259
2018-06-18,57.320000,56.110001,57.220001,47.702965
2018-06-19,57.500000,56.340000,57.430000,47.878036
2018-06-20,55.009998,51.580002,52.220001,43.534592
2018-06-21,52.630001,50.360001,50.619999,42.200706
2018-06-22,51.720001,50.820000,51.240002,42.717567
2018-06-25,51.439999,50.209999,50.660000,42.234051
2018-06-26,50.630001,50.110001,50.380001,42.000618
2018-06-27,50.529999,49.840000,49.840000,41.550434
2018-06-28,49.480000,47.369999,48.540001,40.466652
2018-06-29,49.259998,48.080002,48.849998,40.725090
2018-07-02,49.099998,48.549999,49.060001,40.900158
2018-07-03,49.299999,48.759998,48.770000,40.658409
2018-07-05,49.029999,48.400002,48.610001,40.525009
2018-07-06,49.189999,48.580002,48.980000,40.833469
2018-07-09,50.049999,49.209999,49.900002,41.600452
2018-07-10,50.509998,49.959999,50.419998,42.033962
2018-07-11,50.480000,50.020000,50.139999,41.800545
2018-07-12,50.660000,50.200001,50.250000,41.892242
2018-07-13,51.650002,50.259998,51.619999,43.034382
2018-07-16,51.549999,50.689999,50.939999,42.467476
2018-07-17,51.299999,50.599998,51.279999,42.750923
2018-07-18,51.619999,51.000000,51.150002,42.642551
2018-07-19,51.490002,51.000000,51.340000,42.800949
2018-07-20,51.240002,50.750000,50.910000,42.442471
2018-07-23,51.270000,50.759998,51.189999,42.675900
2018-07-24,51.720001,51.060001,51.169998,42.659214
2018-07-25,51.720001,51.009998,51.619999,43.034382
2018-07-26,51.840000,51.340000,51.450001,42.892662
2018-07-27,52.599998,50.209999,52.150002,43.476227
2018-07-30,52.849998,51.759998,51.900002,43.267803
2018-07-31,52.689999,51.849998,52.389999,43.676304
2018-08-01,52.240002,51.250000,51.930000,43.292824
2018-08-02,52.349998,51.430000,51.680000,43.084404
2018-08-03,52.450001,51.580002,52.230000,43.542927
2018-08-06,52.270000,51.799999,52.070000,43.409527
2018-08-07,52.209999,51.799999,52.070000,43.409527
2018-08-08,51.930000,51.360001,51.549999,43.275219
2018-08-09,52.020000,51.320000,51.919998,43.585823
2018-08-10,51.630001,51.200001,51.509998,43.241634
2018-08-13,51.959999,51.470001,51.810001,43.493488
2018-08-14,52.740002,51.790001,52.590000,44.148266
2018-08-15,52.939999,52.299999,52.750000,44.282597
2018-08-16,53.360001,52.919998,53.040001,44.526047
2018-08-17,53.610001,52.950001,53.560001,44.962563
2018-08-20,54.160000,53.700001,53.919998,45.264790
2018-08-21,54.439999,53.950001,54.000000,45.331940
2018-08-22,53.639999,52.660000,52.820000,44.341354
2018-08-23,53.189999,52.560001,52.660000,44.207043
2018-08-24,52.919998,52.419998,52.750000,44.282597
2018-08-27,53.180000,52.810001,52.970001,44.467285
2018-08-28,53.470001,52.980000,53.049999,44.534435
2018-08-29,53.439999,52.720001,53.250000,44.702335
2018-08-30,53.410000,52.970001,53.099998,44.576405
2018-08-31,53.709999,52.450001,53.450001,44.870228
2018-09-04,53.689999,53.209999,53.529999,44.937393
2018-09-05,53.980000,53.290001,53.790001,45.155647
2018-09-06,54.349998,53.650002,54.209999,45.508228
2018-09-07,54.959999,54.160000,54.860001,46.053886
2018-09-10,55.110001,54.570000,54.970001,46.146244
2018-09-11,55.400002,54.770000,55.119999,46.272152
2018-09-12,55.200001,54.330002,54.970001,46.146244
2018-09-13,55.570000,54.740002,54.889999,46.079082
2018-09-14,55.000000,54.610001,54.750000,45.961555
2018-09-17,54.860001,54.279999,54.570000,45.810436
2018-09-18,55.279999,54.099998,55.070000,46.230186
2018-09-19,55.790001,54.900002,55.430000,46.532398
2018-09-20,56.730000,55.599998,56.430000,47.371887
2018-09-21,57.570000,56.520000,57.450001,48.228146
2018-09-24,57.360001,56.580002,56.689999,47.590134
2018-09-25,57.290001,56.830002,56.900002,47.766438
2018-09-26,57.840000,56.750000,57.270000,48.077042
2018-09-27,57.790001,57.099998,57.340000,48.135811
2018-09-28,57.389999,56.779999,56.840000,47.716072
2018-10-01,56.950001,55.529999,55.580002,46.658329
2018-10-02,56.009998,55.290001,55.590000,46.666718
2018-10-03,56.110001,55.459999,55.470001,46.565979
2018-10-04,56.080002,55.500000,55.889999,46.918552
2018-10-05,55.950001,55.310001,55.759998,46.809429
2018-10-08,56.750000,55.450001,56.540001,47.464218
2018-10-09,59.700001,56.810001,57.709999,48.446404
2018-10-10,57.869999,55.939999,56.009998,47.019295
2018-10-11,56.270000,54.709999,54.860001,46.053886
2018-10-12,56.779999,55.279999,56.450001,47.388672
2018-10-15,57.189999,56.310001,56.750000,47.640507
2018-10-16,58.009998,56.770000,57.810001,48.530365
2018-10-17,59.400002,57.779999,59.099998,49.613293
2018-10-18,59.529999,58.150002,58.639999,49.227127
2018-10-19,59.070000,58.389999,58.660000,49.243923
2018-10-22,59.360001,58.580002,58.900002,49.445404
2018-10-23,59.299999,58.209999,58.810001,49.369843
2018-10-24,59.279999,57.950001,58.060001,48.740231
2018-10-25,59.470001,57.700001,58.959999,49.495762
2018-10-26,58.360001,57.389999,58.070000,48.748634
2018-10-29,59.680000,57.700001,58.369999,49.000473
2018-10-30,58.869999,57.689999,58.590000,49.185154
2018-10-31,59.119999,58.209999,58.270000,48.916515
2018-11-01,59.070000,58.070000,58.630001,49.218746
2018-11-02,65.680000,61.900002,64.320000,53.995369
2018-11-05,65.129997,63.820000,64.480003,54.129696
2018-11-06,66.080002,64.250000,66.010002,55.414112
2018-11-07,68.209999,66.040001,68.160004,57.218990
2018-11-08,68.980003,67.629997,68.720001,57.689102
2018-11-09,68.959999,68.080002,68.599998,57.588352
2018-11-12,68.940002,67.800003,67.910004,57.009117
2018-11-13,68.279999,67.099998,67.410004,56.589371
2018-11-14,67.949997,66.730003,67.040001,56.580944
2018-11-15,67.760002,66.360001,67.620003,57.070446
2018-11-16,68.529999,67.089996,68.160004,57.526211
2018-11-19,68.470001,67.230003,67.910004,57.315205
2018-11-20,67.879997,66.760002,67.180000,56.699078
2018-11-21,67.980003,66.750000,66.769997,56.353050
2018-11-23,66.239998,65.260002,65.699997,55.449982
2018-11-26,66.120003,65.209999,65.690002,55.441544
2018-11-27,66.550003,65.309998,66.080002,55.770721
2018-11-28,66.989998,65.480003,66.820000,56.395264
2018-11-29,67.279999,66.120003,66.879997,56.445885
2018-11-30,67.379997,66.650002,66.720001,56.310863
2018-12-03,68.059998,66.660004,67.500000,56.969170
2018-12-04,68.150002,66.449997,66.650002,56.251766
2018-12-06,66.669998,65.589996,66.550003,56.167397
2018-12-07,66.639999,65.199997,65.470001,55.255878
2018-12-10,65.800003,64.449997,65.489998,55.272755
2018-12-11,66.919998,65.519997,65.919998,55.635662
2018-12-12,66.930000,66.000000,66.129997,55.812904
2018-12-13,67.220001,66.129997,66.910004,56.471218
2018-12-14,65.839996,63.580002,65.339996,55.146152
2018-12-17,65.629997,64.080002,64.470001,54.411888
2018-12-18,65.400002,64.550003,64.919998,54.791683
2018-12-19,65.900002,63.680000,64.059998,54.065853
2018-12-20,63.799999,61.450001,62.150002,52.453835
2018-12-21,63.209999,61.380001,61.389999,51.812405
2018-12-24,61.820000,60.419998,60.560001,51.111893
2018-12-26,63.230000,60.669998,63.080002,53.238747
2018-12-27,63.240002,61.619999,63.200001,53.340015
2018-12-28,64.120003,63.169998,63.389999,53.500385
2018-12-31,64.610001,63.660000,64.400002,54.352802
2019-01-02,64.370003,63.209999,64.320000,54.285290
2019-01-03,63.720001,61.400002,61.529999,51.930569
2019-01-04,64.250000,62.080002,63.570000,53.652302
2019-01-07,64.239998,62.740002,63.570000,53.652302
2019-01-08,64.290001,63.049999,63.619999,53.694496
2019-01-09,64.040001,62.950001,63.880001,53.913929
2019-01-10,64.389999,63.240002,64.190002,54.175568
2019-01-11,63.840000,61.669998,63.730000,53.787334
2019-01-14,64.059998,62.980000,63.369999,53.483490
2019-01-15,64.629997,63.450001,64.080002,54.082745
2019-01-16,64.820000,63.750000,63.770000,53.821095
2019-01-17,64.389999,63.599998,64.279999,54.251541
2019-01-18,64.809998,63.860001,64.699997,54.605999
2019-01-22,66.209999,64.750000,65.389999,55.188362
2019-01-23,66.699997,65.809998,66.430000,56.066101
2019-01-24,66.760002,62.930000,64.739998,54.639763
2019-01-25,67.690002,66.099998,67.089996,56.623142
2019-01-28,66.959999,65.910004,66.900002,56.462776
2019-01-29,67.500000,66.199997,67.040001,56.580944
2019-01-30,68.209999,67.050003,68.150002,57.517757
2019-01-31,69.489998,67.080002,68.139999,57.509308
2019-02-01,69.320000,68.000000,68.110001,57.484013
2019-02-04,68.110001,67.080002,67.580002,57.036686
2019-02-05,69.410004,67.639999,69.339996,58.522099
2019-02-06,69.389999,68.500000,68.849998,58.411812
2019-02-07,69.209999,68.480003,69.139999,58.657841
2019-02-08,69.820000,68.599998,69.750000,59.175350
2019-02-11,70.470001,69.849998,69.989998,59.378979
2019-02-12,70.459999,69.709999,69.750000,59.175350
2019-02-13,70.599998,69.800003,70.510002,59.820156
2019-02-14,71.540001,69.970001,70.839996,60.100121
2019-02-15,71.370003,70.190002,70.709999,59.989819
2019-02-19,70.599998,69.779999,70.199997,59.557144
2019-02-20,70.599998,70.050003,70.389999,59.718319
2019-02-21,70.930000,70.139999,70.699997,59.981350
2019-02-22,71.389999,70.750000,71.300003,60.490364
2019-02-25,72.070000,70.980003,71.050003,60.278290
2019-02-26,71.449997,70.919998,71.139999,60.354630
2019-02-27,71.129997,69.919998,70.150002,59.514740
2019-02-28,70.489998,69.779999,70.260002,59.608051
2019-03-01,71.110001,70.449997,70.849998,60.108604
2019-03-04,71.349998,70.370003,70.949997,60.193443
2019-03-05,71.889999,71.059998,71.580002,60.727936
2019-03-06,72.180000,71.160004,71.269997,60.464924
2019-03-07,71.360001,70.459999,70.610001,59.904987
2019-03-08,70.269997,69.029999,69.360001,58.844517
2019-03-11,70.010002,69.139999,69.680000,59.115982
2019-03-12,70.580002,69.690002,70.050003,59.429878
2019-03-13,70.900002,69.980003,70.099998,59.472298
2019-03-14,70.889999,70.190002,70.739998,60.015266
2019-03-15,71.209999,70.540001,70.669998,59.955891
2019-03-18,71.120003,70.440002,70.839996,60.100121
2019-03-19,71.699997,70.870003,71.379997,60.558239
2019-03-20,72.400002,71.339996,71.629997,60.770340
2019-03-21,72.440002,71.320000,72.260002,61.304836
2019-03-22,72.410004,71.690002,71.959999,61.050320
2019-03-25,72.480003,71.730003,72.300003,61.338783
2019-03-26,73.190002,72.330002,72.959999,61.898701
2019-03-27,73.260002,72.620003,72.739998,61.712059
2019-03-28,73.980003,72.889999,73.959999,62.747105
2019-03-29,74.480003,73.529999,74.339996,63.069485
2019-04-01,74.930000,73.730003,73.959999,62.747105
2019-04-02,74.449997,73.839996,74.269997,63.010109
2019-04-03,74.779999,73.870003,74.330002,63.061005
2019-04-04,74.669998,73.980003,74.349998,63.077988
2019-04-05,75.080002,74.349998,75.029999,63.654896
2019-04-08,75.300003,74.470001,75.199997,63.799099
2019-04-09,75.230003,74.800003,75.120003,63.731247
2019-04-10,75.820000,75.209999,75.480003,64.036667
2019-04-11,76.070000,75.650002,75.870003,64.367538
2019-04-12,76.949997,76.070000,76.650002,65.029274
2019-04-15,76.699997,76.080002,76.160004,64.613571
2019-04-16,76.559998,75.360001,75.699997,64.223282
2019-04-17,75.959999,74.800003,75.120003,63.731247
2019-04-18,76.260002,75.209999,76.059998,64.528717
2019-04-22,76.059998,75.209999,75.400002,63.968796
2019-04-23,76.059998,75.410004,75.989998,64.469360
2019-04-24,76.879997,75.910004,76.389999,64.808693
2019-04-25,77.230003,75.949997,77.110001,65.419525
2019-04-26,77.519997,75.059998,77.449997,65.707977
2019-04-29,77.669998,76.589996,76.910004,65.249855
2019-04-30,77.790001,76.690002,77.680000,65.903107
2019-05-01,78.150002,77.370003,77.519997,65.767380
2019-05-02,77.760002,76.750000,77.470001,65.724945
2019-05-03,78.400002,77.339996,78.050003,66.217041
2019-05-06,78.080002,77.019997,78.059998,66.225494
2019-05-07,78.739998,77.419998,77.959999,66.140678
2019-05-08,78.639999,77.120003,78.050003,66.524216
2019-05-09,78.230003,77.349998,77.900002,66.396370
2019-05-10,78.800003,77.160004,78.419998,66.839569
2019-05-13,77.779999,76.080002,76.680000,65.356537
2019-05-14,77.739998,76.680000,77.059998,65.680435
2019-05-15,77.940002,76.529999,77.760002,66.277039
2019-05-16,79.239998,77.570000,78.900002,67.248711
2019-05-17,79.650002,78.370003,78.910004,67.257217
2019-05-20,78.419998,76.570000,76.660004,65.339493
2019-05-21,77.849998,76.750000,77.529999,66.081017
2019-05-22,77.720001,76.910004,77.250000,65.842361
2019-05-23,76.940002,75.690002,76.410004,65.126389
2019-05-24,77.059998,75.970001,76.150002,64.904785
2019-05-28,76.680000,75.320000,75.699997,64.521240
2019-05-29,75.489998,74.330002,75.279999,64.163277
2019-05-30,76.430000,75.629997,76.169998,64.921829
2019-05-31,76.320000,75.379997,76.059998,64.828056
2019-06-03,76.529999,75.650002,76.220001,64.964447
2019-06-04,78.760002,76.660004,78.519997,66.924812
2019-06-05,79.970001,78.660004,79.959999,68.152161
2019-06-06,81.629997,79.900002,81.400002,69.379501
2019-06-07,83.330002,81.510002,82.480003,70.300018
2019-06-10,82.860001,81.379997,81.930000,69.831253
2019-06-11,82.860001,81.849998,82.370003,70.206284
2019-06-12,83.669998,82.320000,82.930000,70.683586
2019-06-13,84.050003,83.019997,83.349998,71.041550
2019-06-14,84.610001,83.389999,84.239998,71.800133
2019-06-17,84.690002,82.889999,83.019997,70.760269
2019-06-18,84.110001,82.889999,82.919998,70.675056
2019-06-19,83.919998,82.080002,83.809998,71.433617
2019-06-20,84.830002,83.830002,84.690002,72.183693
2019-06-21,84.769997,83.809998,83.820000,71.442146
2019-06-24,84.559998,83.610001,83.650002,71.297241
2019-06-25,85.199997,83.959999,84.250000,71.808624
2019-06-26,84.300003,83.180000,83.379997,71.067116
2019-06-27,83.889999,83.209999,83.559998,71.220551
2019-06-28,83.959999,83.320000,83.830002,71.450676
2019-07-01,84.959999,84.029999,84.550003,72.064331
2019-07-02,85.589996,84.519997,85.510002,72.882553
2019-07-03,87.820000,85.980003,87.790001,74.825882
2019-07-05,87.889999,86.879997,87.790001,74.825882
2019-07-08,87.949997,87.180000,87.440002,74.527588
2019-07-09,87.650002,86.889999,87.230003,74.348602
2019-07-10,88.540001,87.419998,88.379997,75.328766
2019-07-11,89.290001,88.269997,89.070000,75.916885
2019-07-12,89.820000,88.849998,89.769997,76.513504
2019-07-15,90.339996,89.660004,90.160004,76.845909
2019-07-16,90.480003,89.589996,90.080002,76.777718
2019-07-17,90.379997,89.730003,90.250000,76.922638
2019-07-18,91.540001,89.949997,91.500000,77.988029
2019-07-19,91.610001,90.230003,90.300003,76.965233
2019-07-22,91.180000,90.050003,90.919998,77.493675
2019-07-23,91.360001,89.169998,90.110001,76.803291
2019-07-24,90.750000,89.680000,90.650002,77.263542
2019-07-25,91.550003,90.470001,90.980003,77.544815
2019-07-26,99.720001,95.209999,99.110001,84.474251
2019-07-29,98.940002,97.209999,98.019997,83.545204
2019-07-30,98.279999,96.519997,96.650002,82.377525
2019-07-31,96.650002,93.500000,94.690002,80.706963
2019-08-01,97.580002,94.580002,95.379997,81.295052
2019-08-02,96.040001,94.800003,95.510002,81.405884
2019-08-05,95.519997,93.029999,93.699997,79.863159
2019-08-06,95.709999,93.800003,95.339996,81.260979
2019-08-07,95.699997,94.169998,95.220001,81.466331
2019-08-08,96.410004,94.440002,96.269997,82.364647
2019-08-09,96.839996,95.419998,96.300003,82.390320
2019-08-12,96.019997,94.300003,94.910004,81.201096
2019-08-13,96.669998,94.209999,96.629997,82.672646
2019-08-14,97.019997,94.870003,94.919998,81.209618
2019-08-15,96.269997,94.610001,95.529999,81.731514
2019-08-16,96.830002,95.849998,96.519997,82.578545
2019-08-19,97.410004,96.220001,96.660004,82.698311
2019-08-20,97.120003,95.589996,95.629997,81.817070
2019-08-21,96.650002,95.730003,96.320000,82.407417
2019-08-22,96.849998,95.699997,96.489998,82.552856
2019-08-23,97.099998,94.389999,94.699997,81.021423
2019-08-26,96.500000,95.000000,96.500000,82.561447
2019-08-27,97.099998,96.029999,96.089996,82.210640
2019-08-28,97.209999,96.000000,97.070000,83.049095
2019-08-29,98.070000,97.059998,97.699997,83.588097
2019-08-30,98.139999,96.110001,96.559998,82.612762
2019-09-03,97.209999,96.050003,96.769997,82.792404
2019-09-04,96.330002,93.029999,96.110001,82.227760
2019-09-05,96.959999,95.169998,95.559998,81.757210
2019-09-06,96.339996,95.510002,95.739998,81.911186
2019-09-09,95.930000,93.739998,94.160004,80.559441
2019-09-10,93.879997,89.300003,90.349998,77.299721
2019-09-11,91.449997,89.610001,90.980003,77.838730
2019-09-12,93.320000,91.769997,92.059998,78.762756
2019-09-13,92.150002,90.320000,90.480003,77.410965
2019-09-16,90.449997,89.379997,89.419998,76.504059
2019-09-17,91.459999,89.650002,90.750000,77.641945
2019-09-18,91.360001,90.059998,90.959999,77.821632
2019-09-19,92.099998,90.300003,91.559998,78.334976
2019-09-20,92.080002,90.059998,90.070000,77.060165
2019-09-23,91.160004,89.930000,90.809998,77.693291
2019-09-24,91.769997,89.510002,89.919998,76.931854
2019-09-25,90.610001,89.019997,90.349998,77.299721
2019-09-26,91.150002,89.500000,89.800003,76.829178
2019-09-27,90.300003,87.790001,88.370003,75.605736
2019-09-30,88.559998,87.610001,88.419998,75.648514
2019-10-01,88.889999,86.449997,86.510002,74.014381
2019-10-02,86.010002,84.160004,84.320000,72.140717
2019-10-03,84.910004,83.610001,84.669998,72.440140
2019-10-04,85.970001,84.750000,85.919998,73.509605
2019-10-07,86.160004,85.489998,85.849998,73.449730
2019-10-08,86.330002,84.690002,84.910004,72.645500
2019-10-09,86.169998,85.279999,85.849998,73.449730
2019-10-10,86.070000,85.379997,85.959999,73.543839
2019-10-11,87.250000,86.260002,86.360001,73.886070
2019-10-14,87.680000,86.400002,86.620003,74.108505
2019-10-15,87.250000,85.760002,86.449997,73.963051
2019-10-16,86.830002,86.050003,86.709999,74.185493
2019-10-17,87.019997,86.160004,86.290001,73.826157
2019-10-18,86.750000,85.519997,86.029999,73.603699
2019-10-21,86.239998,85.080002,85.349998,73.021942
2019-10-22,85.349998,83.389999,83.459999,71.404945
2019-10-23,84.410004,82.129997,82.739998,70.788940
2019-10-24,83.529999,82.660004,83.180000,71.165382
2019-10-25,83.570000,82.629997,83.379997,71.336479
2019-10-28,84.980003,83.360001,83.599998,71.524712
2019-10-29,84.629997,83.639999,84.129997,71.978157
2019-10-30,84.699997,83.320000,84.190002,72.029488
2019-10-31,87.220001,83.279999,84.559998,72.346046
2019-11-01,85.309998,82.610001,83.209999,71.191032
2019-11-04,83.440002,81.900002,82.370003,70.472366
2019-11-05,82.339996,81.029999,81.889999,70.061714
2019-11-06,83.370003,82.000000,82.989998,71.002831
2019-11-07,83.290001,81.839996,81.949997,70.113022
2019-11-08,82.639999,81.449997,81.769997,69.959030
2019-11-11,82.529999,81.370003,82.430000,70.523720
2019-11-12,83.980003,82.610001,83.320000,71.641495
2019-11-13,84.290001,83.199997,83.940002,72.174599
2019-11-14,84.519997,83.800003,84.379997,72.552925
2019-11-15,84.940002,83.570000,84.209999,72.406754
2019-11-18,84.110001,83.250000,84.019997,72.243378
2019-11-19,84.279999,83.570000,83.660004,71.933853
2019-11-20,84.489998,82.980003,83.599998,71.882256
2019-11-21,84.040001,81.760002,82.300003,70.764465
2019-11-22,83.389999,82.660004,83.019997,71.383530
2019-11-25,84.000000,82.930000,83.750000,72.011215
2019-11-26,84.650002,84.000000,84.559998,72.707680
2019-11-27,85.809998,84.419998,85.769997,73.748100
2019-11-29,86.730003,85.250000,85.430000,73.455757
2019-12-02,85.769997,83.820000,84.570000,72.716263
2019-12-03,85.000000,83.820000,84.820000,72.931244
2019-12-04,85.540001,84.699997,85.400002,73.429955
2019-12-05,85.480003,84.320000,84.449997,72.613098
2019-12-06,86.529999,85.029999,86.320000,74.220993
2019-12-09,86.629997,85.959999,86.279999,74.186600
2019-12-10,87.470001,85.910004,86.040001,73.980255
2019-12-11,86.870003,85.849998,86.589996,74.453140
2019-12-12,88.889999,87.540001,88.209999,75.846077
2019-12-13,88.790001,87.580002,88.669998,76.241608
2019-12-16,89.300003,88.430000,88.779999,76.336205
2019-12-17,88.970001,87.470001,88.129997,75.777283
2019-12-18,88.849998,87.820000,87.989998,75.656929
2019-12-19,88.589996,87.580002,88.519997,76.112640
2019-12-20,89.000000,87.889999,88.459999,76.061058
2019-12-23,88.849998,88.180000,88.230003,75.863266
2019-12-24,88.599998,88.000000,88.519997,76.112640
2019-12-26,88.760002,87.790001,88.080002,75.734322
2019-12-27,88.459999,87.690002,88.129997,75.777283
2019-12-30,88.199997,87.059998,87.440002,75.184013
2019-12-31,87.989998,87.309998,87.919998,75.596741
2020-01-02,89.349998,88.050003,89.349998,76.826309
2020-01-03,89.099998,88.099998,88.830002,76.379189
2020-01-06,88.410004,87.470001,88.129997,75.777283
2020-01-07,88.029999,87.129997,87.860001,75.545143
2020-01-08,89.349998,87.779999,88.879997,76.422173
2020-01-09,91.160004,90.070000,90.529999,77.840897
2020-01-10,90.889999,89.629997,90.160004,77.522758
2020-01-13,91.720001,90.209999,91.080002,78.313835
2020-01-14,91.440002,90.860001,90.989998,78.236435
2020-01-15,92.059998,91.000000,91.540001,78.709343
2020-01-16,92.610001,91.629997,92.580002,79.603584
2020-01-17,93.750000,92.809998,93.620003,80.497810
2020-01-21,93.599998,92.190002,92.529999,79.560577
2020-01-22,93.750000,92.470001,92.529999,79.560577
2020-01-23,93.849998,90.739998,93.750000,80.609573
2020-01-24,94.129997,91.339996,92.029999,79.130669
2020-01-27,89.449997,87.550003,88.730003,76.293198
2020-01-28,89.190002,87.720001,88.599998,76.181419
2020-01-29,88.440002,85.599998,86.720001,74.564941
2020-01-30,86.589996,84.690002,85.839996,73.808266
2020-01-31,85.989998,84.519997,84.830002,72.939850
2020-02-03,86.790001,85.070000,86.010002,73.954445
2020-02-04,89.000000,86.620003,88.379997,75.992241
2020-02-05,89.199997,86.629997,87.559998,75.638069
2020-02-06,87.699997,86.150002,86.150002,74.420074
2020-02-07,86.620003,85.320000,86.419998,74.653290
2020-02-10,87.620003,86.169998,87.529999,75.612175
2020-02-11,88.230003,87.349998,87.510002,75.594887
2020-02-12,89.099998,87.389999,88.570000,76.510551
2020-02-13,90.510002,88.260002,89.930000,77.685394
2020-02-14,90.410004,88.989998,89.279999,77.123886
2020-02-18,89.470001,88.290001,89.230003,77.080696
2020-02-19,90.440002,89.300003,90.139999,77.866791
2020-02-20,90.250000,87.730003,88.599998,76.536484
2020-02-21,88.389999,87.000000,87.360001,75.465332
2020-02-24,86.050003,84.260002,84.519997,73.011993
2020-02-25,85.349998,81.669998,82.190002,70.999252
2020-02-26,83.239998,80.639999,80.669998,69.686203
2020-02-27,80.870003,77.360001,78.290001,67.630272
2020-02-28,78.809998,75.720001,78.430000,67.751205
2020-03-02,82.410004,77.660004,82.379997,71.163361
2020-03-03,82.620003,78.110001,78.599998,67.898048
2020-03-04,80.199997,77.879997,79.669998,68.822365
2020-03-05,77.900002,75.279999,76.190002,65.816208
2020-03-06,75.709999,72.050003,75.339996,65.081917
2020-03-09,74.029999,70.080002,70.830002,61.185986
2020-03-10,74.949997,70.029999,74.870003,64.675919
2020-03-11,74.269997,67.400002,68.300003,59.000458
2020-03-12,66.790001,61.459999,62.099998,53.644642
2020-03-13,70.180000,63.509998,69.919998,60.399899
2020-03-16,63.950001,58.110001,58.590000,50.612553
2020-03-17,59.619999,53.610001,58.980000,50.949455
2020-03-18,57.650002,50.020000,56.330002,48.660271
2020-03-19,63.360001,53.549999,61.410000,53.048592
2020-03-20,65.680000,57.910000,58.029999,50.128803
2020-03-23,57.439999,54.000000,56.549999,48.850315
2020-03-24,65.160004,61.000000,64.879997,56.046127
2020-03-25,69.639999,63.490002,65.809998,56.849499
2020-03-26,71.580002,66.250000,69.900002,60.382618
2020-03-27,68.250000,64.820000,66.339996,57.307339
2020-03-30,68.220001,64.580002,67.860001,58.620373
2020-03-31,68.320000,65.309998,65.739998,56.789036
2020-04-01,64.760002,61.580002,62.619999,54.093838
2020-04-02,68.699997,62.910000,65.000000,56.149780
2020-04-03,64.750000,60.900002,63.049999,54.465275
2020-04-06,68.339996,64.410004,67.790001,58.559902
2020-04-07,72.480003,68.330002,68.709999,59.354649
2020-04-08,71.919998,68.540001,71.570000,61.825241
2020-04-09,74.260002,70.139999,73.879997,63.820702
2020-04-13,73.599998,70.349998,71.760002,61.989372
2020-04-14,74.330002,72.660004,73.669998,63.639297
2020-04-15,73.180000,70.709999,72.550003,62.671814
2020-04-16,73.760002,71.349998,73.510002,63.501080
2020-04-17,77.389999,74.970001,77.099998,66.602272
2020-04-20,76.980003,75.080002,75.320000,65.064644
2020-04-21,73.959999,71.739998,72.720001,62.818645
2020-04-22,78.059998,74.430000,77.449997,66.904617
2020-04-23,77.669998,74.260002,75.150002,64.917801
2020-04-24,76.029999,74.209999,75.580002,65.289253
2020-04-27,78.040001,76.540001,77.739998,67.155159
2020-04-28,79.610001,76.959999,78.690002,67.975792
2020-04-29,78.750000,76.720001,76.860001,66.394981
2020-04-30,77.639999,75.190002,76.730003,66.282654
2020-05-01,75.879997,73.209999,73.790001,63.742970
2020-05-04,72.620003,71.260002,71.889999,62.101662
2020-05-05,75.080002,72.889999,72.900002,62.974148
2020-05-06,74.849998,72.860001,72.959999,63.025982
2020-05-07,76.029999,73.370003,76.000000,66.023087
2020-05-08,77.930000,75.760002,77.870003,67.647621
2020-05-11,77.180000,75.800003,75.870003,65.910156
2020-05-12,76.730003,74.339996,74.349998,64.589676
2020-05-13,75.750000,72.919998,73.620003,63.955505
2020-05-14,74.290001,70.650002,74.190002,64.450706
2020-05-15,74.639999,72.669998,74.160004,64.424622
2020-05-18,77.500000,76.199997,76.230003,66.222885
2020-05-19,77.220001,75.760002,75.860001,65.901436
2020-05-20,77.839996,76.519997,77.760002,67.552048
2020-05-21,79.379997,77.889999,78.050003,67.803978
2020-05-22,78.050003,76.519997,77.620003,67.430405
2020-05-26,79.919998,77.580002,77.760002,67.552048
2020-05-27,78.980003,77.389999,78.599998,68.281754
2020-05-28,80.059998,77.930000,78.540001,68.229645
2020-05-29,78.639999,77.260002,77.989998,67.751816
2020-06-01,78.650002,76.769997,78.320000,68.038528
2020-06-02,78.260002,76.790001,77.779999,67.569405
2020-06-03,79.949997,78.300003,79.580002,69.133095
2020-06-04,80.169998,78.470001,78.739998,68.403381
2020-06-05,82.330002,79.970001,82.139999,71.357040
2020-06-08,83.620003,82.180000,83.559998,72.590645
2020-06-09,83.220001,81.760002,82.370003,71.556847
2020-06-10,80.029999,78.199997,79.010002,68.637955
2020-06-11,76.790001,72.150002,72.570000,63.043339
2020-06-12,76.720001,73.809998,76.379997,66.353188
2020-06-15,77.910004,74.080002,76.959999,66.857048
2020-06-16,78.940002,76.389999,77.839996,67.621513
2020-06-17,78.290001,76.680000,77.099998,66.978653
2020-06-18,76.790001,75.800003,76.309998,66.292389
2020-06-19,77.379997,74.879997,75.400002,65.501854
2020-06-22,75.650002,73.919998,75.400002,65.501854
2020-06-23,76.370003,75.070000,75.489998,65.580017
2020-06-24,74.919998,72.000000,73.639999,63.972900
2020-06-25,74.110001,72.169998,73.849998,64.155319
2020-06-26,73.769997,71.250000,71.570000,62.174633
2020-06-29,73.500000,71.059998,73.480003,63.833889
2020-06-30,73.879997,72.809998,73.589996,63.929447
2020-07-01,74.690002,73.379997,74.029999,64.311691
2020-07-02,75.089996,73.639999,73.779999,64.094505
2020-07-06,75.480003,74.160004,75.440002,65.536583
2020-07-07,75.230003,74.000000,74.250000,64.502815
2020-07-08,74.500000,73.330002,74.139999,64.407242
2020-07-09,74.220001,71.930000,73.570000,63.912083
2020-07-10,74.559998,72.739998,74.290001,64.537560
2020-07-13,74.839996,72.489998,72.650002,63.112854
2020-07-14,72.970001,71.820000,72.730003,63.182346
2020-07-15,75.809998,73.959999,75.610001,65.684273
2020-07-16,75.139999,73.680000,74.389999,64.624420
2020-07-17,74.550003,73.209999,74.160004,64.424622
2020-07-20,75.220001,73.629997,74.959999,65.119614
2020-07-21,76.800003,75.269997,75.440002,65.536583
2020-07-22,77.330002,75.120003,77.239998,67.100288
2020-07-23,77.070000,74.900002,75.360001,65.467110
2020-07-24,76.000000,75.110001,75.779999,65.831955
2020-07-27,76.709999,75.540001,76.459999,66.422684
2020-07-28,76.389999,74.559998,74.639999,64.841621
2020-07-29,78.489998,76.900002,77.419998,67.256683
2020-07-30,76.980003,75.400002,76.639999,66.579041
2020-07-31,76.540001,75.480003,76.529999,66.483505
2020-08-03,76.599998,75.440002,75.500000,65.588722
2020-08-04,75.489998,74.760002,75.129997,65.267296
2020-08-05,75.989998,75.330002,75.779999,65.831955
2020-08-06,75.919998,74.940002,75.660004,66.085243
2020-08-07,75.930000,75.209999,75.790001,66.198799
2020-08-10,77.669998,75.809998,77.470001,67.666222
2020-08-11,79.980003,78.000000,78.870003,68.889023
2020-08-12,79.690002,78.669998,79.290001,69.255867
2020-08-13,79.639999,78.839996,79.019997,69.020065
2020-08-14,78.930000,78.019997,78.370003,68.452309
2020-08-17,78.959999,78.120003,78.949997,68.958916
2020-08-18,79.360001,78.349998,78.989998,68.993843
2020-08-19,79.389999,77.430000,77.629997,67.805954
2020-08-20,77.650002,76.459999,77.220001,67.447830
2020-08-21,77.269997,76.690002,77.070000,67.316811
2020-08-24,79.139999,77.250000,78.680000,68.723091
2020-08-25,83.070000,79.790001,82.720001,72.251808
2020-08-26,82.750000,81.879997,82.410004,71.981041
2020-08-27,83.639999,82.500000,83.410004,72.854492
2020-08-28,85.290001,83.430000,85.000000,74.243286
2020-08-31,85.360001,84.029999,84.470001,73.780357
2020-09-01,86.089996,84.230003,86.050003,75.160408
2020-09-02,88.750000,86.290001,88.349998,77.169334
2020-09-03,88.980003,85.690002,86.480003,75.535995
2020-09-04,87.779999,85.309998,86.269997,75.352547
2020-09-08,87.580002,84.769997,85.410004,74.601402
2020-09-09,86.830002,84.459999,85.860001,74.994453
2020-09-10,87.070000,84.529999,84.879997,74.138451
2020-09-11,85.849998,84.150002,85.269997,74.479111
2020-09-14,87.059998,85.639999,86.629997,75.666992
2020-09-15,88.250000,87.169998,87.709999,76.610329
2020-09-16,89.430000,87.750000,88.379997,77.195549
2020-09-17,87.320000,85.360001,86.750000,75.771805
2020-09-18,87.239998,84.599998,84.949997,74.199608
2020-09-21,83.949997,81.750000,83.889999,73.273766
2020-09-22,84.389999,83.180000,83.949997,73.326157
2020-09-23,84.900002,82.820000,82.989998,72.487633
2020-09-24,84.139999,81.919998,83.040001,72.531342
2020-09-25,84.690002,82.220001,84.300003,73.631866
2020-09-28,86.239998,84.989998,86.070000,75.177879
2020-09-29,86.250000,84.629997,84.800003,74.068596
2020-09-30,87.160004,85.470001,85.919998,75.046844
2020-10-01,87.449997,86.199997,86.739998,75.763092
2020-10-02,87.129997,85.089996,86.570000,75.614609
2020-10-05,88.680000,87.199997,88.470001,77.274139
2020-10-06,89.279999,86.800003,87.010002,75.998924
2020-10-07,88.980003,87.440002,88.449997,77.256676
2020-10-08,89.610001,88.410004,89.529999,78.199989
2020-10-09,90.330002,89.580002,90.010002,78.619278
2020-10-12,91.099998,89.930000,90.779999,79.291809
2020-10-13,90.849998,89.769997,90.160004,78.750275
2020-10-14,90.599998,88.559998,89.309998,78.007874
2020-10-15,88.870003,87.669998,88.830002,77.588600
2020-10-16,89.629997,88.440002,88.519997,77.317833
2020-10-19,89.570000,87.360001,87.599998,76.514244
2020-10-20,89.720001,88.040001,88.510002,77.309105
2020-10-21,89.160004,88.190002,88.269997,77.099464
2020-10-22,89.379997,87.699997,89.360001,78.051521
2020-10-23,90.959999,89.440002,90.800003,79.309311
2020-10-26,91.129997,88.650002,89.660004,78.313568
2020-10-27,90.349998,89.169998,90.050003,78.654221
2020-10-28,88.949997,86.610001,87.169998,76.138657
2020-10-29,89.110001,86.610001,88.300003,77.125671
2020-10-30,88.389999,85.629997,86.959999,75.955231
2020-11-02,87.769997,85.449997,85.970001,75.090530
2020-11-03,89.059998,86.180000,88.389999,77.204262
2020-11-04,91.290001,88.739998,89.790001,78.427101
2020-11-05,91.160004,89.900002,90.620003,79.152077
2020-11-06,91.199997,89.779999,90.650002,79.178276
2020-11-09,97.650002,95.639999,95.879997,83.746422
2020-11-10,95.269997,93.139999,93.919998,82.421295
2020-11-11,95.830002,94.019997,95.040001,83.404175
2020-11-12,94.760002,92.660004,93.529999,82.079033
2020-11-13,95.589996,93.699997,95.559998,83.860497
2020-11-16,97.809998,96.019997,97.779999,85.808723
2020-11-17,98.779999,96.809998,98.599998,86.528328
2020-11-18,99.330002,97.910004,97.910004,85.922798
2020-11-19,97.919998,96.860001,97.760002,85.791176
2020-11-20,97.540001,96.949997,97.010002,85.132996
2020-11-23,97.860001,96.419998,96.879997,85.018898
2020-11-24,98.720001,97.400002,98.300003,86.265053
2020-11-25,98.540001,97.940002,98.199997,86.177284
2020-11-27,98.980003,98.279999,98.660004,86.580978
2020-11-30,98.290001,96.959999,98.019997,86.019356
2020-12-01,99.260002,98.250000,98.820000,86.721382
2020-12-02,99.040001,98.209999,98.910004,86.800369
2020-12-03,101.000000,98.970001,100.110001,87.853455
2020-12-04,102.940002,101.070000,102.279999,89.757774
2020-12-07,102.220001,100.690002,101.410004,88.994301
2020-12-08,101.570000,100.010002,101.209999,88.818779
2020-12-09,102.209999,100.099998,100.400002,88.107948
2020-12-10,106.089996,102.750000,105.389999,92.487007
2020-12-11,104.779999,102.330002,103.000000,90.389626
2020-12-14,104.709999,103.250000,103.320000,90.670448
2020-12-15,104.860001,103.779999,104.180000,91.425163
2020-12-16,104.800003,102.720001,103.269997,90.626564
2020-12-17,104.040001,102.610001,103.209999,90.573921
2020-12-18,104.110001,102.949997,103.279999,90.635345
2020-12-21,103.150002,100.019997,102.940002,90.336975
2020-12-22,103.169998,101.889999,102.410004,89.871849
2020-12-23,102.690002,101.970001,102.059998,89.564720
2020-12-24,102.360001,101.680000,102.010002,89.520828
2020-12-28,104.379997,102.309998,104.339996,91.565559
2020-12-29,105.779999,104.470001,105.629997,92.697632
2020-12-30,106.620003,105.779999,105.970001,92.996002
2020-12-31,107.139999,105.620003,106.980003,93.882362
2021-01-04,107.750000,102.139999,103.099998,90.477386
2021-01-05,104.260002,102.800003,103.440002,90.775742
2021-01-06,105.209999,102.910004,104.190002,91.433937
2021-01-07,104.639999,102.949997,103.349998,90.696777
2021-01-08,105.760002,103.419998,105.669998,92.732735
2021-01-11,105.639999,104.269997,104.599998,91.793739
2021-01-12,104.320000,102.309998,102.820000,90.231667
2021-01-13,103.379997,101.489998,102.889999,90.293098
2021-01-14,104.190002,101.709999,101.820000,89.354088
2021-01-15,102.690002,101.209999,102.330002,89.801651
2021-01-19,103.599998,101.339996,102.540001,89.985931
2021-01-20,105.849998,102.199997,105.459999,92.548447
2021-01-21,105.489998,104.449997,104.580002,91.776176
2021-01-22,104.470001,103.059998,103.910004,91.188202
2021-01-25,103.949997,102.169998,103.449997,90.784523
2021-01-26,105.209999,103.239998,104.690002,91.872719
2021-01-27,101.779999,96.730003,97.870003,85.887695
2021-01-28,100.529999,98.099998,98.150002,86.133423
2021-01-29,97.790001,95.919998,96.809998,84.957474
2021-02-01,99.620003,96.919998,98.580002,86.510773
2021-02-02,102.480003,98.779999,101.650002,89.204910
2021-02-03,102.650002,100.809998,101.019997,88.652039
2021-02-04,104.239998,101.110001,103.639999,90.951279
2021-02-05,107.540001,104.779999,106.480003,93.443565
2021-02-08,106.529999,105.339996,106.260002,93.250488
2021-02-09,106.830002,105.220001,106.220001,93.215408
2021-02-10,106.900002,104.930000,105.870003,92.908249
2021-02-11,106.230003,105.029999,105.860001,92.899490
2021-02-12,105.940002,104.720001,105.300003,92.408028
2021-02-16,106.589996,104.699997,106.150002,93.153969
2021-02-17,105.459999,104.150002,104.440002,92.043518
2021-02-18,105.339996,103.410004,104.970001,92.510620
2021-02-19,105.279999,103.220001,103.370003,91.100540
2021-02-22,102.989998,101.750000,101.809998,89.725685
2021-02-23,103.339996,99.930000,101.370003,89.337914
2021-02-24,104.510002,100.599998,104.379997,91.990639
2021-02-25,105.769997,103.110001,103.470001,91.188660
2021-02-26,109.480003,103.680000,108.029999,95.207397
2021-03-01,110.470001,106.540001,106.870003,94.185104
2021-03-02,108.250000,105.820000,107.199997,94.475906
2021-03-03,107.959999,106.120003,106.220001,93.612259
2021-03-04,107.169998,103.849998,104.889999,92.440109
2021-03-05,106.059998,102.750000,105.199997,92.713318
2021-03-08,106.889999,104.230003,105.029999,92.563477
2021-03-09,107.970001,105.830002,106.550003,93.903091
2021-03-10,109.070000,106.959999,107.779999,94.987076
2021-03-11,108.570000,107.260002,107.320000,94.581688
2021-03-12,107.989998,106.580002,107.809998,95.013519
2021-03-15,108.949997,107.059998,108.900002,95.974152
2021-03-16,112.339996,109.889999,111.339996,98.124527
2021-03-17,111.459999,108.930000,110.459999,97.348976
2021-03-18,110.269997,107.500000,107.620003,94.846085
2021-03-19,108.849998,105.830002,106.339996,93.718002
2021-03-22,108.419998,106.000000,107.570000,94.802010
2021-03-23,107.949997,105.669998,106.250000,93.638687
2021-03-24,107.279999,104.940002,104.970001,92.510620
2021-03-25,107.699997,104.059998,107.349998,94.608124
2021-03-26,110.000000,107.180000,109.900002,96.855431
2021-03-29,110.250000,106.589996,109.129997,96.176834
2021-03-30,110.449997,108.279999,110.269997,97.181534
2021-03-31,111.620003,109.190002,109.269997,96.300217
2021-04-01,110.059998,108.199997,109.379997,96.397171
2021-04-05,111.349998,109.870003,111.019997,97.842499
2021-04-06,113.820000,111.099998,113.150002,99.719704
2021-04-07,113.760002,112.650002,113.190002,99.754929
2021-04-08,113.959999,112.680000,113.040001,99.622742
2021-04-09,113.269997,111.970001,113.180000,99.746132
2021-04-12,113.889999,112.769997,113.809998,100.301346
2021-04-13,115.599998,113.680000,115.360001,101.667374
2021-04-14,116.239998,114.720001,115.160004,101.491127
2021-04-15,116.889999,114.779999,116.660004,102.813065
2021-04-16,118.500000,116.940002,118.339996,104.293655
2021-04-19,118.980003,117.040001,117.599998,103.641502
2021-04-20,117.260002,115.349998,116.269997,102.469353
2021-04-21,117.260002,115.860001,116.739998,102.883575
2021-04-22,116.879997,115.230003,115.919998,102.160896
2021-04-23,117.980003,115.839996,117.559998,103.606247
2021-04-26,117.250000,115.059998,115.919998,102.160896
2021-04-27,116.389999,115.269997,116.150002,102.363609
2021-04-28,114.150002,111.610001,112.400002,99.058716
2021-04-29,115.150002,112.760002,114.629997,101.024040
2021-04-30,114.949997,113.489998,114.489998,100.900635
2021-05-03,116.739998,115.129997,115.720001,101.984642
2021-05-04,115.400002,113.540001,114.110001,100.565750
2021-05-05,114.879997,113.160004,113.480003,100.010506
2021-05-06,114.809998,113.099998,114.739998,101.120972
2021-05-07,115.839996,114.239998,114.339996,100.768433
2021-05-10,116.089996,114.209999,114.300003,100.733192
2021-05-11,113.690002,112.169998,113.550003,100.072227
2021-05-12,112.389999,109.559998,109.790001,97.143494
2021-05-13,111.180000,109.160004,110.489998,97.762833
2021-05-14,111.589996,110.250000,111.199997,98.391068
2021-05-17,111.269997,109.830002,110.980003,98.196426
2021-05-18,112.209999,111.010002,111.070000,98.276054
2021-05-19,109.940002,108.879997,109.669998,97.037300
2021-05-20,111.690002,109.870003,111.410004,98.576881
2021-05-21,112.220001,110.570000,110.919998,98.143326
2021-05-24,113.029999,111.519997,112.519997,99.559021
2021-05-25,113.150002,112.180000,112.629997,99.656349
2021-05-26,113.870003,112.629997,112.849998,99.850998
2021-05-27,114.089996,112.760002,113.510002,100.434990
2021-05-28,114.349998,113.050003,113.879997,100.762360
2021-06-01,114.620003,113.099998,113.339996,100.284584
2021-06-02,113.709999,112.750000,113.000000,99.983719
2021-06-03,112.239998,110.150002,111.120003,98.320282
2021-06-04,112.070000,111.050003,111.989998,99.090065
2021-06-07,112.279999,110.989998,111.330002,98.506104
2021-06-08,111.989998,110.860001,111.519997,98.674194
2021-06-09,112.190002,111.330002,111.389999,98.559174
2021-06-10,112.430000,111.440002,112.209999,99.284737
2021-06-11,112.830002,112.190002,112.559998,99.594421
2021-06-14,113.230003,111.500000,112.449997,99.497108
2021-06-15,112.500000,111.559998,111.889999,99.001572
2021-06-16,112.570000,110.199997,111.360001,98.532631
2021-06-17,111.949997,110.709999,111.389999,98.559174
2021-06-18,110.750000,109.260002,109.699997,97.063828
2021-06-21,111.370003,109.680000,110.970001,98.187584
2021-06-22,112.260002,110.599998,111.849998,98.966194
2021-06-23,111.970001,111.139999,111.559998,98.709602
2021-06-24,112.910004,111.779999,111.989998,99.090065
2021-06-25,113.220001,112.220001,113.040001,100.019119
2021-06-28,113.050003,111.449997,112.239998,99.311279
2021-06-29,112.690002,111.529999,112.269997,99.337830
2021-06-30,112.589996,111.269997,111.809998,98.930801
2021-07-01,113.489998,111.809998,113.410004,100.346497
2021-07-02,115.300003,113.709999,114.970001,101.726814
2021-07-06,115.849998,114.320000,115.730003,102.399269
2021-07-07,117.769997,115.650002,117.139999,103.646843
2021-07-08,116.760002,115.239998,115.989998,102.629311
2021-07-09,117.739998,116.000000,117.470001,103.938843
2021-07-12,118.779999,117.389999,118.459999,104.814796
2021-07-13,119.989998,118.449997,119.550003,105.779243
2021-07-14,120.830002,119.680000,119.800003,106.000458
2021-07-15,119.580002,118.180000,118.970001,105.266029
2021-07-16,120.480003,118.500000,118.730003,105.053703
2021-07-19,117.550003,114.330002,115.320000,102.036491
2021-07-20,118.070000,115.330002,117.419998,103.894600
2021-07-21,119.650002,117.480003,119.269997,105.531502
2021-07-22,122.919998,119.070000,122.629997,108.504471
2021-07-23,126.320000,123.919998,125.970001,111.459732
2021-07-26,126.099998,124.250000,126.059998,111.539368
2021-07-27,126.160004,124.809998,126.029999,111.512833
2021-07-28,123.330002,121.389999,122.410004,108.309807
2021-07-29,123.470001,122.139999,122.379997,108.283264
2021-07-30,122.980003,121.099998,121.430000,107.442696
2021-08-02,122.980003,120.070000,120.370003,106.504814
2021-08-03,120.750000,117.519997,119.129997,105.407631
2021-08-04,119.209999,117.570000,118.250000,104.629005
2021-08-05,119.089996,118.110001,119.029999,105.319138
2021-08-06,119.209999,118.080002,119.050003,105.336845
2021-08-09,119.019997,117.750000,117.940002,104.354706
2021-08-10,118.500000,115.980003,116.389999,102.983231
2021-08-11,117.290001,115.900002,116.500000,103.480652
2021-08-12,116.779999,115.510002,115.750000,102.814468
2021-08-13,116.830002,115.400002,116.760002,103.711624
2021-08-16,117.730003,116.410004,117.540001,104.404427
2021-08-17,116.940002,115.559998,116.570000,103.542824
2021-08-18,116.739998,115.599998,115.680000,102.752296
2021-08-19,115.070000,113.610001,114.320000,101.544296
2021-08-20,115.000000,113.660004,114.629997,101.819641
2021-08-23,115.459999,114.709999,115.150002,102.281525
2021-08-24,115.849998,114.940002,115.080002,102.219360
2021-08-25,115.989998,115.000000,115.570000,102.654602
2021-08-26,115.769997,113.860001,114.320000,101.544296
2021-08-27,115.389999,114.180000,115.120003,102.254868
2021-08-30,115.820000,114.629997,115.610001,102.690125
2021-08-31,117.599998,115.650002,117.489998,104.360023
2021-09-01,118.330002,117.279999,117.449997,104.324478
2021-09-02,118.360001,116.900002,117.370003,104.253441
2021-09-03,117.580002,116.339996,117.190002,104.093544
2021-09-07,117.129997,115.470001,115.790001,102.849998
2021-09-08,118.190002,115.510002,118.040001,104.848564
2021-09-09,120.070000,117.800003,118.790001,105.514763
2021-09-10,120.760002,118.889999,119.339996,106.003273
2021-09-13,120.150002,118.559998,119.180000,105.861160
2021-09-14,119.860001,118.360001,118.860001,105.576912
2021-09-15,117.019997,113.120003,114.639999,101.828537
2021-09-16,115.269997,113.190002,114.669998,101.855156
2021-09-17,114.849998,113.120003,113.410004,100.735962
2021-09-20,112.269997,110.379997,111.820000,99.323662
2021-09-21,113.599998,111.750000,112.220001,99.678963
2021-09-22,114.029999,112.320000,113.070000,100.433975
2021-09-23,114.709999,113.099998,114.139999,101.384384
2021-09-24,114.860001,113.760002,114.110001,101.357758
2021-09-27,114.669998,112.910004,113.680000,100.975815
2021-09-28,113.000000,111.080002,111.709999,99.225960
2021-09-29,112.519997,111.570000,112.169998,99.634544
2021-09-30,112.160004,110.309998,110.309998,97.982430
2021-10-01,113.459999,110.540001,112.919998,100.300735
2021-10-04,113.080002,111.019997,111.459999,99.003906
2021-10-05,111.480003,110.029999,110.849998,98.462082
2021-10-06,112.019997,109.480003,111.639999,99.163780
2021-10-07,112.980003,112.050003,112.209999,99.670090
2021-10-08,112.660004,111.129997,111.220001,98.790741
2021-10-11,113.559998,110.919998,110.940002,98.542015
2021-10-12,111.870003,110.660004,111.000000,98.595299
2021-10-13,111.480003,109.410004,110.760002,98.382126
2021-10-14,112.610001,111.010002,111.870003,99.368057
2021-10-15,112.919998,110.949997,111.449997,98.995033
2021-10-18,113.570000,110.959999,113.370003,100.700455
2021-10-19,114.540001,112.760002,113.489998,100.807037
2021-10-20,115.110001,112.709999,113.860001,101.135674
2021-10-21,114.559998,113.610001,114.440002,101.650887
2021-10-22,114.980003,114.070000,114.550003,101.748604
2021-10-25,114.879997,113.360001,114.709999,101.890694
2021-10-26,115.279999,114.250000,114.919998,102.077240
2021-10-27,115.570000,113.080002,113.510002,100.824814
2021-10-28,114.599998,112.459999,113.199997,100.549438
2021-10-29,107.989998,104.019997,106.070000,94.216248
2021-11-01,110.150002,107.199997,109.800003,97.529427
2021-11-02,111.820000,109.790001,111.449997,98.995033
2021-11-03,112.919998,110.110001,112.610001,100.025375
2021-11-04,112.419998,110.930000,112.160004,99.625702
2021-11-05,117.330002,113.139999,116.910004,103.844841
2021-11-08,117.470001,114.570000,115.160004,102.290405
2021-11-09,115.599998,113.370003,114.129997,101.375519
2021-11-10,114.459999,112.599998,113.250000,101.027611
2021-11-11,113.250000,110.540001,111.440002,99.412956
2021-11-12,112.239998,111.089996,111.720001,99.662750
2021-11-15,113.650002,111.580002,111.870003,99.796516
2021-11-16,113.110001,111.510002,112.230003,100.117714
2021-11-17,113.110001,111.660004,112.519997,100.376381
2021-11-18,113.230003,111.339996,112.900002,100.715370
2021-11-19,112.900002,109.769997,110.779999,98.824158
2021-11-22,112.589996,110.669998,111.449997,99.421875
2021-11-23,114.110001,111.779999,113.580002,101.321999
2021-11-24,114.260002,113.080002,113.970001,101.669899
2021-11-26,110.830002,109.250000,110.660004,98.717133
2021-11-29,111.690002,109.620003,110.730003,98.779572
2021-11-30,111.089996,109.050003,109.639999,97.807228
2021-12-01,113.349998,108.550003,108.660004,96.932983
2021-12-02,112.080002,109.169998,111.419998,99.395096
2021-12-03,112.849998,110.080002,111.239998,99.234520
2021-12-06,114.169998,111.709999,113.360001,101.125740
2021-12-07,117.190002,114.790001,116.260002,103.712738
2021-12-08,116.650002,115.150002,116.250000,103.703827
2021-12-09,116.410004,115.239998,115.349998,102.900963
2021-12-10,117.089996,115.779999,116.730003,104.132034
2021-12-13,116.830002,115.220001,115.559998,103.088295
2021-12-14,115.300003,114.029999,114.709999,102.330032
2021-12-15,115.199997,112.760002,114.680000,102.303284
2021-12-16,115.400002,113.220001,113.589996,101.330917
2021-12-17,111.800003,108.220001,108.629997,96.906219
2021-12-20,108.120003,106.610001,108.089996,96.424500
2021-12-21,110.900002,108.870003,110.370003,98.458427
2021-12-22,111.779999,110.000000,111.739998,99.680557
2021-12-23,112.910004,111.989998,112.370003,100.242577
2021-12-27,114.370003,112.389999,114.220001,101.892914
2021-12-28,116.279999,113.809998,115.570000,103.097229
2021-12-29,116.959999,115.309998,116.379997,103.819794
2021-12-30,117.339996,116.080002,116.239998,103.694908
2021-12-31,117.480003,115.599998,116.970001,104.346115
2022-01-03,117.800003,114.779999,116.680000,104.087410
2022-01-04,117.050003,114.169998,114.239998,101.910751
2022-01-05,114.959999,110.400002,110.440002,98.520874
2022-01-06,111.879997,109.989998,111.139999,99.145340
2022-01-07,109.709999,107.480003,107.570000,95.960625
2022-01-10,107.010002,104.419998,106.029999,94.586815
2022-01-11,106.169998,103.709999,104.040001,92.811607
2022-01-12,105.320000,103.680000,103.870003,92.659943
2022-01-13,104.669998,102.089996,102.400002,91.348572
2022-01-14,101.910004,99.089996,100.120003,89.314651
2022-01-18,99.360001,97.510002,97.730003,87.182587
2022-01-19,98.389999,96.779999,96.870003,86.415405
2022-01-20,98.940002,95.589996,95.720001,85.389503
2022-01-21,98.410004,95.470001,96.309998,85.915810
2022-01-24,98.349998,94.410004,98.099998,87.512650
2022-01-25,98.089996,95.129997,97.010002,86.540291
2022-01-26,98.639999,94.900002,95.580002,85.264610
2022-01-27,97.169998,95.059998,95.320000,85.032684
2022-01-28,97.220001,93.790001,97.209999,86.718712
2022-01-31,98.400002,96.419998,98.320000,87.708893
2022-02-01,99.029999,96.800003,98.760002,88.101425
2022-02-02,99.150002,94.739998,97.730003,87.182587
2022-02-03,97.470001,95.669998,95.940002,85.585754
2022-02-04,95.940002,93.830002,95.000000,84.747215
2022-02-07,96.110001,94.879997,95.190002,84.916718
2022-02-08,96.029999,94.349998,94.919998,84.675850
2022-02-09,97.970001,96.199997,97.129997,86.647331
2022-02-10,96.809998,94.980003,95.309998,85.454865
2022-02-11,96.489998,93.360001,93.730003,84.038231
2022-02-14,94.489998,92.419998,93.650002,83.966522
2022-02-15,95.459999,94.360001,94.510002,84.737587
2022-02-16,95.550003,93.160004,95.180000,85.338310
2022-02-17,94.629997,92.779999,93.050003,83.428558
2022-02-18,94.050003,92.529999,93.339996,83.688560
2022-02-22,94.040001,92.360001,93.110001,83.482338
2022-02-23,93.879997,89.440002,89.650002,80.380096
2022-02-24,91.199997,87.250000,91.010002,81.599480
2022-02-25,92.790001,90.279999,92.580002,83.007156
2022-02-28,92.309998,90.620003,91.790001,82.298851
2022-03-01,91.510002,89.650002,90.139999,80.819435
2022-03-02,93.279999,90.589996,92.769997,83.177505
2022-03-03,93.500000,91.080002,91.529999,82.065727
2022-03-04,91.160004,89.449997,90.029999,80.720818
2022-03-07,90.050003,84.349998,84.459999,75.726776
2022-03-08,86.919998,83.760002,84.000000,75.314323
2022-03-09,88.129997,86.330002,87.599998,78.542068
2022-03-10,87.360001,85.599998,87.160004,78.147583
2022-03-11,88.809998,82.540001,82.730003,74.175652
2022-03-14,82.339996,78.919998,79.290001,71.091331
2022-03-15,83.440002,80.279999,83.120003,74.525330
2022-03-16,90.089996,85.620003,87.410004,78.371735
2022-03-17,87.949997,86.010002,87.660004,78.595886
2022-03-18,89.750000,84.980003,89.599998,80.335274
2022-03-21,89.720001,85.970001,86.860001,77.878601
2022-03-22,89.099998,87.150002,87.889999,78.802109
2022-03-23,87.709999,86.099998,86.220001,77.304756
2022-03-24,87.150002,85.559998,87.120003,78.111710
2022-03-25,87.669998,86.220001,87.449997,78.407593
2022-03-28,88.419998,86.750000,88.379997,79.241417
2022-03-29,91.900002,89.660004,91.230003,81.796745
2022-03-30,91.540001,90.400002,91.029999,81.617416
2022-03-31,92.629997,90.970001,90.970001,81.563606
2022-04-01,91.889999,90.480003,91.489998,82.029839
2022-04-04,88.459999,86.180000,88.089996,78.981430
2022-04-05,86.620003,83.820000,84.120003,75.421913
2022-04-06,83.889999,82.070000,83.360001,74.740517
2022-04-07,83.500000,81.449997,83.120003,74.525330
2022-04-08,83.190002,81.339996,81.519997,73.090759
2022-04-11,81.739998,80.290001,80.680000,72.337624
2022-04-12,81.269997,79.650002,79.790001,71.539642
2022-04-13,81.309998,79.610001,80.919998,72.552803
2022-04-14,81.080002,79.250000,79.500000,71.279617
2022-04-18,79.970001,78.879997,79.599998,71.369293
2022-04-19,81.540001,79.410004,81.220001,72.821793
2022-04-20,81.519997,80.000000,80.169998,71.880356
2022-04-21,81.190002,78.730003,78.959999,70.795464
2022-04-22,79.480003,77.779999,77.919998,69.862999
2022-04-25,78.080002,76.730003,77.980003,69.916801
2022-04-26,77.580002,75.629997,75.629997,67.809807
2022-04-27,76.430000,74.680000,74.739998,67.011818
2022-04-28,77.099998,74.860001,76.580002,68.661552
2022-04-29,76.769997,74.480003,74.639999,66.922150
2022-05-02,75.720001,73.470001,75.370003,67.576691
2022-05-03,75.790001,73.379997,74.330002,66.644211
2022-05-04,82.870003,77.919998,81.639999,73.198341
2022-05-05,81.220001,77.129997,77.480003,69.468521
2022-05-06,77.199997,75.209999,76.519997,68.607765
2022-05-09,76.550003,73.330002,73.489998,65.891068
2022-05-10,75.050003,71.610001,71.860001,64.429611
2022-05-11,71.949997,69.959999,70.059998,62.815727
2022-05-12,70.029999,68.389999,69.900002,63.113697
2022-05-13,75.730003,71.879997,75.599998,68.260307
2022-05-16,75.440002,72.309998,72.419998,65.389030
2022-05-17,74.349998,72.839996,73.720001,66.562828
2022-05-18,73.540001,70.779999,71.279999,64.359703
2022-05-19,72.419998,70.330002,71.930000,64.946602
2022-05-20,73.430000,71.459999,73.389999,66.264854
2022-05-23,74.269997,72.570000,73.419998,66.291946
2022-05-24,73.330002,71.269997,72.720001,65.659912
2022-05-25,73.500000,71.930000,72.480003,65.443214
2022-05-26,74.769997,72.870003,74.489998,67.258072
2022-05-27,76.720001,75.150002,76.709999,69.262527
2022-05-31,79.660004,76.550003,78.500000,70.878738
2022-06-01,78.879997,76.050003,76.279999,68.874290
2022-06-02,79.500000,75.849998,79.419998,71.709435
2022-06-03,79.900002,78.320000,79.050003,71.375366
2022-06-06,81.300003,78.529999,78.980003,71.312149
2022-06-07,79.750000,78.260002,79.470001,71.754585
2022-06-08,79.769997,78.260002,78.470001,70.851662
2022-06-09,80.269997,77.730003,78.910004,71.248940
2022-06-10,77.790001,75.660004,75.669998,68.323517
2022-06-13,74.010002,71.910004,72.360001,65.334877
2022-06-14,73.839996,71.529999,72.309998,65.289719
2022-06-15,75.269997,73.110001,74.190002,66.987213
2022-06-16,72.610001,70.349998,70.949997,64.061760
2022-06-17,72.440002,70.769997,71.870003,64.892441
2022-06-21,73.169998,72.029999,72.959999,65.876610
2022-06-22,73.820000,72.220001,73.300003,66.183601
2022-06-23,75.360001,73.510002,75.199997,67.899132
2022-06-24,78.150002,75.550003,78.110001,70.526627
2022-06-27,78.440002,77.269997,77.680000,70.138367
2022-06-28,79.889999,76.190002,76.339996,68.928459
2022-06-29,77.150002,75.639999,76.430000,69.009712
2022-06-30,76.879997,74.870003,76.389999,68.973610
2022-07-01,79.470001,76.540001,79.260002,71.564980
2022-07-05,79.550003,77.360001,79.519997,71.799713
2022-07-06,80.470001,78.180000,78.860001,71.203812
2022-07-07,79.650002,78.370003,79.239998,71.546913
2022-07-08,79.629997,78.269997,79.279999,71.583031
2022-07-11,79.050003,77.430000,77.900002,70.337013
2022-07-12,79.440002,77.379997,77.760002,70.210609
2022-07-13,78.540001,75.730003,77.919998,70.355064
2022-07-14,78.370003,76.809998,78.199997,70.607887
2022-07-15,80.209999,78.610001,79.620003,71.890007
2022-07-18,81.669998,80.000000,80.230003,72.440804
2022-07-19,82.669998,80.910004,82.550003,74.535545
2022-07-20,83.470001,81.889999,83.269997,75.185654
2022-07-21,83.610001,82.650002,83.540001,75.429428
2022-07-22,84.430000,82.839996,83.589996,75.474571
2022-07-25,83.699997,81.040001,81.500000,73.587494
2022-07-26,81.419998,80.000000,80.309998,72.513039
2022-07-27,83.410004,81.120003,82.959999,74.905739
2022-07-28,84.889999,82.820000,84.669998,76.449730
2022-07-29,84.980003,83.930000,84.779999,76.549057
2022-08-01,85.589996,84.029999,84.910004,76.666435
2022-08-02,85.139999,83.620003,83.709999,75.582939
2022-08-03,87.970001,83.910004,87.269997,78.797302
2022-08-04,88.279999,86.570000,86.879997,78.445175
2022-08-05,86.150002,84.919998,85.730003,77.406822
2022-08-08,86.860001,85.419998,85.720001,77.397797
2022-08-09,85.830002,84.459999,84.839996,76.603218
2022-08-10,86.900002,86.089996,86.489998,78.093040
2022-08-11,87.550003,86.500000,87.269997,79.246269
2022-08-12,88.400002,87.190002,88.309998,80.190659
2022-08-15,89.250000,88.010002,89.160004,80.962509
2022-08-16,89.930000,88.540001,89.400002,81.180435
2022-08-17,89.000000,87.860001,88.349998,80.226982
2022-08-18,88.779999,87.680000,88.550003,80.408600
2022-08-19,87.970001,86.550003,86.919998,78.928452
2022-08-22,85.550003,84.339996,84.949997,77.139587
2022-08-23,85.610001,84.580002,84.690002,76.903481
2022-08-24,86.480003,84.480003,86.050003,78.138443
2022-08-25,87.629997,86.300003,87.389999,79.355232
2022-08-26,87.989998,83.959999,84.059998,76.331406
2022-08-29,84.660004,83.040001,84.120003,76.385887
2022-08-30,85.019997,82.690002,83.410004,75.741180
2022-08-31,84.760002,83.650002,84.070000,76.340485
2022-09-01,85.470001,82.930000,85.400002,77.548203
2022-09-02,85.769997,82.550003,82.940002,75.314384
2022-09-06,84.620003,81.669998,84.519997,76.749130
2022-09-07,88.620003,84.919998,88.309998,80.190659
2022-09-08,89.480003,87.160004,89.459999,81.234924
2022-09-09,89.949997,88.639999,88.690002,80.535728
2022-09-12,90.379997,88.540001,89.070000,80.880775
2022-09-13,89.300003,86.070000,87.839996,79.763870
2022-09-14,93.480003,89.510002,92.699997,84.177040
2022-09-15,93.150002,91.730003,92.220001,83.741173
2022-09-16,92.099998,90.650002,91.309998,82.914841
2022-09-19,92.550003,90.830002,92.139999,83.668518
2022-09-20,92.019997,90.099998,90.790001,82.442642
2022-09-21,91.519997,88.570000,88.599998,80.453995
2022-09-22,88.019997,84.379997,84.699997,76.912560
2022-09-23,84.440002,83.230003,84.169998,76.431290
2022-09-26,86.029999,84.279999,84.809998,77.012451
2022-09-27,86.500000,83.169998,84.279999,76.531181
2022-09-28,87.480003,84.250000,87.110001,79.100983
2022-09-29,87.339996,85.610001,86.570000,78.610634
2022-09-30,86.699997,84.150002,84.260002,76.513008
2022-10-03,86.220001,83.800003,85.620003,77.747978
2022-10-04,88.949997,86.860001,88.510002,80.372269
2022-10-05,90.639999,87.550003,90.120003,81.834244
2022-10-06,90.900002,89.260002,89.349998,81.135040
2022-10-07,88.900002,86.300003,87.029999,79.028336
2022-10-10,87.570000,86.129997,87.059998,79.055580
2022-10-11,87.199997,85.639999,86.209999,78.283745
2022-10-12,88.059998,86.410004,86.870003,78.883049
2022-10-13,89.970001,84.709999,89.370003,81.153206
2022-10-14,90.699997,86.239998,86.370003,78.429047
2022-10-17,89.220001,87.809998,88.900002,80.726410
2022-10-18,90.470001,88.080002,88.959999,80.780876
2022-10-19,89.129997,87.010002,87.519997,79.473305
2022-10-20,88.230003,86.470001,86.790001,78.810402
2022-10-21,88.970001,86.559998,88.610001,80.463074
2022-10-24,87.510002,82.430000,83.760002,76.058990
2022-10-25,86.000000,84.099998,85.209999,77.375671
2022-10-26,88.230003,85.480003,85.889999,77.993164
2022-10-27,86.400002,84.080002,85.279999,77.439224
2022-10-28,87.790001,84.309998,87.099998,79.091911
2022-10-31,87.570000,85.949997,86.589996,78.628799
2022-11-01,88.879997,86.580002,87.099998,79.091911
2022-11-02,88.580002,84.529999,84.580002,76.803596
2022-11-03,85.470001,82.970001,84.680000,76.894402
2022-11-04,93.599998,90.519997,91.860001,83.414253
2022-11-07,92.360001,89.279999,90.449997,82.133904
2022-11-08,93.779999,90.919998,92.750000,84.222450
2022-11-09,92.599998,91.339996,91.629997,83.683586
2022-11-10,96.419998,93.330002,96.260002,87.912079
2022-11-11,98.669998,96.570000,97.379997,88.934952
2022-11-14,98.559998,96.690002,97.419998,88.971489
2022-11-15,99.529999,97.290001,97.830002,89.345924
2022-11-16,97.959999,96.260002,97.070000,88.651840
2022-11-17,97.010002,95.099998,96.970001,88.560501
2022-11-18,98.349998,97.129997,97.949997,89.455505
2022-11-21,98.489998,96.699997,98.320000,89.793434
2022-11-22,98.730003,97.519997,98.430000,89.893883
2022-11-23,100.080002,98.269997,99.519997,90.889366
2022-11-25,99.879997,98.519997,99.559998,90.925888
2022-11-28,100.160004,98.559998,98.660004,90.103958
2022-11-29,99.330002,98.199997,98.660004,90.103958
2022-11-30,102.559998,98.519997,102.199997,93.336937
2022-12-01,103.559998,101.949997,103.370003,94.405479
2022-12-02,105.540001,101.820000,105.050003,95.939789
2022-12-05,104.239998,103.000000,103.550003,94.569862
2022-12-06,104.190002,101.440002,102.080002,93.227348
2022-12-07,102.970001,101.059998,101.870003,93.035576
2022-12-08,103.910004,102.400002,103.739998,94.743393
2022-12-09,103.500000,101.750000,101.790001,92.962502
2022-12-12,102.849998,100.820000,102.699997,93.793594
2022-12-13,105.199997,100.989998,102.110001,93.254753
2022-12-14,103.300003,100.699997,102.190002,93.327812
2022-12-15,101.550003,99.449997,99.989998,91.318604
2022-12-16,99.540001,98.019997,98.830002,90.259209
2022-12-19,98.809998,97.730003,98.300003,89.775169
2022-12-20,98.580002,97.269997,98.000000,89.501183
2022-12-21,99.070000,96.349998,98.669998,90.113083
2022-12-22,98.559998,96.169998,97.760002,89.281990
2022-12-23,98.300003,96.879997,98.269997,89.747772
2022-12-27,99.459999,98.209999,99.199997,90.597092
2022-12-28,99.910004,98.389999,98.599998,90.049156
2022-12-29,100.650002,98.669998,99.769997,91.117668
2022-12-30,99.250000,98.239998,99.199997,90.597092
2023-01-03,101.169998,99.470001,100.830002,92.085770
2023-01-04,104.730003,102.550003,104.459999,95.400948
2023-01-05,105.099998,103.489998,104.430000,95.373558
2023-01-06,107.000000,105.010002,106.690002,97.437569
2023-01-09,106.680000,104.430000,104.739998,95.656662
2023-01-10,106.430000,104.169998,106.000000,96.807411
2023-01-11,106.440002,104.860001,106.300003,97.081375
2023-01-12,106.440002,105.169998,105.849998,96.670410
2023-01-13,107.300003,105.070000,107.230003,97.930740
2023-01-17,107.599998,106.309998,106.750000,97.492355
2023-01-18,107.470001,104.910004,105.000000,95.894127
2023-01-19,105.699997,104.239998,104.260002,95.218292
2023-01-20,105.199997,103.889999,105.040001,95.930656
2023-01-23,106.889999,104.400002,106.209999,96.999184
2023-01-24,106.870003,105.410004,106.639999,97.391899
2023-01-25,107.139999,105.900002,106.980003,97.702423
2023-01-26,108.800003,107.059998,108.760002,99.328056
2023-01-27,109.760002,108.339996,109.019997,99.565491
2023-01-30,108.870003,107.419998,108.400002,98.999268
2023-01-31,109.150002,107.500000,109.139999,99.675102
2023-02-01,110.779999,107.980003,109.989998,100.451385
2023-02-02,110.830002,108.000000,109.150002,99.684235
2023-02-03,106.440002,103.040001,104.300003,95.254822
2023-02-06,106.169998,103.300003,105.019997,95.912392
2023-02-07,107.379997,104.559998,106.830002,97.565430
2023-02-08,106.540001,105.650002,106.300003,97.081375
2023-02-09,106.610001,105.599998,106.050003,97.338394
2023-02-10,107.260002,105.470001,107.089996,98.292938
2023-02-13,108.930000,107.279999,108.519997,99.605469
2023-02-14,108.470001,106.699997,107.980003,99.109856
2023-02-15,109.000000,107.260002,109.000000,100.046059
2023-02-16,109.099998,107.410004,107.540001,98.705978
2023-02-17,107.459999,106.230003,107.099998,98.302116
2023-02-21,105.949997,104.709999,104.779999,96.172714
2023-02-22,105.940002,104.389999,104.769997,96.163513
2023-02-23,105.510002,102.629997,103.510002,95.007019
2023-02-24,102.720001,100.820000,101.599998,93.253929
2023-02-27,103.300003,102.150002,102.440002,94.024940
2023-02-28,102.949997,101.900002,102.089996,93.703674
2023-03-01,102.330002,100.910004,101.430000,93.097885
2023-03-02,103.169998,100.940002,103.010002,94.548111
2023-03-03,104.690002,103.010002,104.550003,95.961609
2023-03-06,105.940002,104.440002,104.989998,96.365471
2023-03-07,105.680000,103.120003,103.339996,94.850983
2023-03-08,103.019997,101.730003,102.500000,94.080002
2023-03-09,102.750000,99.959999,100.300003,92.060707
2023-03-10,101.239998,99.029999,99.379997,91.216286
2023-03-13,100.199997,98.370003,99.080002,90.940948
2023-03-14,100.379997,98.470001,99.459999,91.289719
2023-03-15,99.370003,97.279999,99.339996,91.179573
2023-03-16,100.709999,99.029999,100.430000,92.180038
2023-03-17,99.290001,97.839996,98.699997,90.592163
2023-03-20,100.220001,98.930000,99.849998,91.647675
2023-03-21,101.190002,100.139999,100.540001,92.280998
2023-03-22,101.480003,99.059998,99.120003,90.977669
2023-03-23,100.129997,97.519997,98.419998,90.335152
2023-03-24,98.430000,97.190002,98.339996,90.261719
2023-03-27,99.720001,98.580002,98.660004,90.555466
2023-03-28,98.910004,98.080002,98.720001,90.610527
2023-03-29,100.690002,98.739998,100.620003,92.354446
2023-03-30,101.699997,100.650002,101.320000,92.996941
2023-03-31,104.279999,101.839996,104.129997,95.576111
2023-04-03,104.940002,103.669998,104.849998,96.236954
2023-04-04,105.010002,103.349998,104.000000,95.456772
2023-04-05,105.699997,103.930000,104.900002,96.282845
2023-04-06,105.160004,104.019997,104.680000,96.080925
2023-04-10,104.820000,103.070000,104.739998,96.135986
2023-04-11,106.400002,104.919998,105.739998,97.053841
2023-04-12,106.580002,105.349998,105.599998,96.925346
2023-04-13,107.230003,106.250000,106.989998,98.201164
2023-04-14,108.169998,106.849998,107.470001,98.641724
2023-04-17,108.650002,107.559998,108.309998,99.412720
2023-04-18,109.230003,107.730003,107.910004,99.045601
2023-04-19,107.860001,107.080002,107.160004,98.357208
2023-04-20,107.580002,106.190002,107.050003,98.256233
2023-04-21,108.779999,106.660004,108.190002,99.302582
2023-04-24,109.290001,108.040001,109.290001,100.312233
2023-04-25,111.110001,108.830002,109.339996,100.358116
2023-04-26,112.330002,109.010002,111.470001,102.313148
2023-04-27,112.879997,111.180000,112.750000,103.488014
2023-04-28,114.309998,112.290001,114.290001,104.901489
2023-05-01,115.480003,114.250000,114.559998,105.149315
2023-05-02,114.559998,112.849998,114.459999,105.057510
2023-05-03,109.720001,103.800003,103.959999,95.420082
2023-05-04,105.669998,103.800003,104.720001,96.117630
2023-05-05,107.480003,105.379997,107.209999,98.403091
2023-05-08,108.120003,106.930000,107.169998,98.366364
2023-05-09,107.180000,106.400002,106.709999,97.944153
2023-05-10,108.110001,105.680000,106.970001,98.182808
2023-05-11,106.760002,105.120003,105.629997,97.435623
2023-05-12,106.220001,104.830002,106.120003,97.887634
2023-05-15,106.760002,105.610001,106.639999,98.367294
2023-05-16,106.559998,105.199997,105.279999,97.112793
2023-05-17,106.540001,104.949997,105.690002,97.490990
2023-05-18,107.139999,105.199997,107.089996,98.782372
2023-05-19,107.150002,105.320000,105.510002,97.324951
2023-05-22,105.699997,102.769997,102.900002,94.917435
2023-05-23,102.139999,100.080002,100.339996,92.556023
2023-05-24,100.809998,99.110001,99.610001,91.882637
2023-05-25,98.900002,97.730003,98.440002,90.803398
2023-05-26,99.610001,98.330002,98.529999,90.886429
2023-05-30,98.959999,97.309998,97.750000,90.166939
2023-05-31,98.080002,96.980003,97.639999,90.065468
2023-06-01,98.230003,96.519997,97.519997,89.954773
2023-06-02,99.660004,98.190002,99.500000,91.781189
2023-06-05,100.870003,99.500000,99.930000,92.177818
2023-06-06,100.330002,97.529999,98.220001,90.600487
2023-06-07,98.860001,97.589996,97.919998,90.323738
2023-06-08,99.180000,96.919998,99.150002,91.458336
2023-06-09,98.959999,97.639999,97.959999,90.360649
2023-06-12,98.510002,97.519997,98.459999,90.821861
2023-06-13,99.470001,98.510002,99.260002,91.559799
2023-06-14,101.360001,99.190002,100.660004,92.851181
2023-06-15,101.989998,100.660004,101.379997,93.515343
2023-06-16,102.510002,101.480003,101.870003,93.967331
2023-06-20,102.489998,100.900002,101.269997,93.413879
2023-06-21,102.459999,100.360001,101.870003,93.967331
2023-06-22,101.639999,99.639999,100.849998,93.026443
2023-06-23,99.730003,97.519997,98.339996,90.711159
2023-06-26,98.769997,97.480003,98.230003,90.609703
2023-06-27,99.059998,97.730003,98.720001,91.061699
2023-06-28,98.639999,97.300003,98.610001,90.960228
2023-06-29,98.830002,97.980003,98.680000,91.024811
2023-06-30,99.459999,98.540001,99.059998,91.375305
2023-07-03,99.570000,98.250000,99.150002,91.458336
2023-07-05,99.330002,98.290001,98.459999,90.821861
2023-07-06,98.070000,95.910004,96.199997,88.737198
2023-07-07,96.660004,95.550003,96.050003,88.598824
2023-07-10,99.529999,96.230003,99.129997,91.439888
2023-07-11,100.230003,99.139999,100.089996,92.325401
2023-07-12,101.830002,100.760002,101.139999,93.293961
2023-07-13,102.199997,101.300003,101.599998,93.718269
2023-07-14,102.080002,100.989998,101.610001,93.727493
2023-07-17,101.809998,100.040001,100.930000,93.100243
2023-07-18,101.419998,99.860001,100.760002,92.943443
2023-07-19,101.980003,100.620003,101.830002,93.930435
2023-07-20,102.480003,100.699997,100.879997,93.054131
2023-07-21,103.550003,101.610001,102.820000,94.843620
2023-07-24,103.410004,102.320000,102.779999,94.806740
2023-07-25,103.769997,102.330002,102.919998,94.935867
2023-07-26,102.669998,101.300003,101.730003,93.838196
2023-07-27,102.430000,100.540001,100.779999,92.961891
2023-07-28,101.830002,100.809998,101.250000,93.395424
2023-07-31,101.830002,100.860001,101.570000,93.690598
2023-08-01,101.709999,100.400002,101.260002,93.404648
2023-08-02,104.459999,99.290001,102.129997,94.207146
2023-08-03,102.900002,101.449997,102.330002,94.391655
2023-08-04,103.150002,100.519997,100.680000,92.869637
2023-08-07,101.860001,100.940002,101.739998,93.847404
2023-08-08,101.419998,99.889999,100.699997,92.888084
2023-08-09,101.580002,99.470001,99.919998,92.168602
2023-08-10,102.370003,100.400002,101.660004,94.273666
2023-08-11,101.400002,100.139999,100.989998,93.652336
2023-08-14,101.220001,100.199997,101.010002,93.670891
2023-08-15,100.650002,99.779999,100.040001,92.771378
2023-08-16,100.089996,98.889999,98.980003,91.788383
2023-08-17,99.099998,96.430000,96.570000,89.553505
2023-08-18,97.489998,95.790001,97.230003,90.165535
2023-08-21,97.570000,96.160004,96.459999,89.451477
2023-08-22,96.739998,95.599998,96.070000,89.089813
2023-08-23,96.559998,94.010002,95.180000,88.264488
2023-08-24,95.629997,93.709999,94.830002,87.939919
2023-08-25,95.959999,94.510002,95.480003,88.542694
2023-08-28,97.199997,95.830002,97.040001,89.989326
2023-08-29,99.230003,97.339996,99.150002,91.946030
2023-08-30,99.720001,99.000000,99.239998,92.029503
2023-08-31,99.330002,97.279999,97.440002,90.360283
2023-09-01,98.750000,97.040001,98.000000,90.879593
2023-09-05,97.809998,96.589996,96.839996,89.803879
2023-09-06,96.550003,95.370003,95.949997,88.978539
2023-09-07,95.820000,95.019997,95.099998,88.190300
2023-09-08,95.849998,94.750000,95.279999,88.357216
2023-09-11,96.230003,95.220001,95.669998,88.718880
2023-09-12,96.510002,95.199997,96.239998,89.247452
2023-09-13,97.300003,96.040001,96.930000,89.887337
2023-09-14,97.779999,96.250000,97.160004,90.100624
2023-09-15,97.470001,96.050003,96.230003,89.238182
2023-09-18,96.970001,96.089996,96.760002,89.729683
2023-09-19,95.470001,94.269997,95.290001,88.366501
2023-09-20,96.620003,95.050003,95.160004,88.245949
2023-09-21,95.320000,93.029999,93.099998,86.335609
2023-09-22,94.339996,93.370003,93.680000,86.873451
2023-09-25,93.470001,92.250000,92.739998,86.001762
2023-09-26,92.489998,91.180000,92.000000,85.315544
2023-09-27,92.730003,90.379997,91.169998,84.545830
2023-09-28,91.389999,90.209999,91.080002,84.462379
2023-09-29,93.059998,90.839996,91.269997,84.638573
2023-10-02,91.739998,90.790001,91.129997,84.508743
2023-10-03,91.070000,89.209999,89.480003,82.978622
2023-10-04,91.430000,89.809998,91.150002,84.527298
2023-10-05,93.050003,91.139999,92.370003,85.658653
2023-10-06,93.339996,91.680000,92.849998,86.103767
2023-10-09,92.790001,91.430000,92.680000,85.946129
2023-10-10,93.970001,92.870003,93.180000,86.409805
2023-10-11,93.629997,91.849998,91.949997,85.269173
2023-10-12,92.250000,90.769997,91.419998,84.777687
2023-10-13,92.059998,91.050003,91.480003,84.833313
2023-10-16,93.860001,91.849998,93.650002,86.845642
2023-10-17,94.190002,92.629997,94.180000,87.337143
2023-10-18,94.529999,93.500000,93.750000,86.938393
2023-10-19,95.660004,94.169998,94.419998,87.559700
2023-10-20,95.089996,94.139999,94.190002,87.346428
2023-10-23,95.029999,93.290001,94.199997,87.355690
2023-10-24,94.980003,94.059998,94.620003,87.745171
2023-10-25,95.360001,93.970001,94.000000,87.170219
2023-10-26,94.480003,92.599998,92.669998,85.936859
2023-10-27,93.730003,91.769997,92.019997,85.334061
2023-10-30,93.709999,92.720001,93.150002,86.381966
2023-10-31,93.320000,92.000000,92.239998,85.538094
2023-11-01,91.860001,90.550003,91.349998,84.712761
2023-11-02,101.919998,99.739998,100.010002,92.743561
2023-11-03,103.769997,100.500000,102.650002,95.191734
2023-11-06,104.089996,101.970001,104.029999,96.471458
2023-11-07,104.389999,103.330002,103.680000,96.146896
2023-11-08,104.820000,103.650002,104.300003,96.721848
2023-11-09,104.459999,102.029999,102.230003,95.323204
2023-11-10,104.349998,101.980003,104.330002,97.281303
2023-11-13,104.230003,102.959999,103.510002,96.516724
2023-11-14,105.820000,104.239998,105.599998,98.465515
2023-11-15,106.540001,105.660004,106.029999,98.866470
2023-11-16,107.660004,106.199997,107.209999,99.966743
2023-11-17,107.500000,105.480003,105.570000,98.437523
2023-11-20,105.470001,103.860001,104.300003,97.253342
2023-11-21,104.680000,103.169998,103.690002,96.684555
2023-11-22,104.680000,103.279999,103.440002,96.451447
2023-11-24,103.599998,102.470001,102.779999,95.836037
2023-11-27,103.089996,102.070000,102.360001,95.444412
2023-11-28,102.050003,100.889999,101.180000,94.344131
2023-11-29,101.690002,99.529999,99.849998,93.103981
2023-11-30,100.120003,98.419998,99.300003,92.591156
2023-12-01,99.279999,97.519997,99.199997,92.497902
2023-12-04,98.879997,96.769997,97.599998,91.006004
2023-12-05,97.480003,94.849998,95.540001,89.085175
2023-12-06,97.169998,95.470001,97.019997,90.465179
2023-12-07,97.699997,96.269997,96.440002,89.924370
2023-12-08,96.860001,95.809998,96.610001,90.082893
2023-12-11,99.010002,97.220001,98.120003,91.490875
2023-12-12,98.599998,97.430000,98.150002,91.518837
2023-12-13,98.639999,96.820000,98.110001,91.481552
2023-12-14,98.790001,97.150002,97.839996,91.229782
2023-12-15,98.239998,96.559998,96.750000,90.213425
2023-12-18,97.320000,95.919998,96.559998,90.036285
2023-12-19,98.050003,96.940002,97.720001,91.117905
2023-12-20,96.879997,94.650002,94.709999,88.311249
2023-12-21,95.440002,94.470001,95.330002,88.889366
2023-12-22,95.830002,94.339996,95.279999,88.842743
2023-12-26,95.690002,94.959999,95.669998,89.206398
2023-12-27,95.779999,94.790001,95.290001,88.852074
2023-12-28,95.970001,95.110001,95.930000,89.448837
2023-12-29,96.349998,95.349998,96.010002,89.523430
2024-01-02,95.949997,93.620003,93.669998,87.341507
2024-01-03,94.239998,93.059998,93.230003,86.931259
2024-01-04,94.580002,93.000000,93.550003,87.229630
2024-01-05,93.580002,92.480003,92.989998,86.707458
2024-01-08,94.570000,92.949997,94.190002,87.826385
2024-01-09,93.730003,92.860001,93.089996,86.800697
2024-01-10,93.690002,92.879997,93.500000,87.183006
2024-01-11,93.639999,91.900002,92.940002,86.660851
2024-01-12,93.400002,91.769997,91.980003,85.765709
2024-01-16,92.730003,91.730003,92.699997,86.437050
2024-01-17,91.959999,91.400002,91.769997,85.569893
2024-01-18,93.430000,91.820000,93.339996,87.033813
2024-01-19,94.239998,92.639999,93.860001,87.518692
2024-01-22,93.919998,92.809998,93.070000,86.782059
2024-01-23,93.650002,91.769997,91.970001,85.756371
2024-01-24,92.839996,91.989998,92.040001,85.821648
2024-01-25,92.650002,91.720001,92.610001,86.353127
2024-01-26,93.489998,92.410004,92.800003,86.530304
2024-01-29,93.930000,92.239998,93.800003,87.462746
2024-01-30,94.680000,92.589996,94.080002,87.723816
2024-01-31,98.360001,93.019997,93.029999,86.744751
2024-02-01,93.599998,91.870003,93.370003,87.061790
2024-02-02,93.610001,91.669998,92.989998,86.707458
2024-02-05,92.870003,91.900002,92.510002,86.259895
2024-02-06,95.699997,92.349998,95.669998,89.206398
2024-02-07,96.660004,94.430000,95.309998,88.870728
2024-02-08,96.690002,93.930000,96.589996,90.606102
2024-02-09,97.989998,96.290001,97.300003,91.272141
2024-02-12,97.139999,95.379997,95.470001,89.555496
2024-02-13,95.559998,93.389999,93.870003,88.054611
2024-02-14,94.470001,93.760002,94.070000,88.242226
2024-02-15,94.239998,93.000000,93.220001,87.444893
2024-02-16,94.180000,92.750000,93.220001,87.444893
2024-02-20,94.120003,93.070000,93.459999,87.670021
2024-02-21,95.769997,93.769997,95.019997,89.133362
2024-02-22,96.080002,94.139999,95.779999,89.846291
2024-02-23,96.930000,95.580002,95.620003,89.696213
2024-02-26,95.570000,94.250000,94.279999,88.439224
2024-02-27,94.660004,93.599998,94.129997,88.298500
2024-02-28,93.970001,92.769997,93.000000,87.238510
2024-02-29,95.099998,93.980003,94.900002,89.020813
2024-03-01,94.570000,92.910004,93.160004,87.388603
2024-03-04,93.320000,92.040001,92.459999,86.731972
2024-03-05,92.169998,91.070000,91.220001,85.568779
2024-03-06,92.029999,91.120003,91.650002,85.972160
2024-03-07,91.760002,90.309998,90.949997,85.315521
2024-03-08,91.529999,90.599998,91.059998,85.418701
2024-03-11,92.959999,91.169998,92.070000,86.366127
2024-03-12,92.720001,91.209999,92.400002,86.675690
2024-03-13,92.870003,90.870003,91.610001,85.934647
2024-03-14,91.709999,90.410004,91.660004,85.981544
2024-03-15,92.019997,90.099998,90.120003,84.536934
2024-03-18,91.430000,90.529999,91.010002,85.371811
2024-03-19,91.900002,90.860001,91.589996,85.915871
2024-03-20,92.629997,91.519997,92.599998,86.863297
2024-03-21,93.169998,91.639999,91.660004,85.981544
2024-03-22,91.779999,90.059998,90.709999,85.090370
2024-03-25,91.120003,90.470001,90.669998,85.052864
2024-03-26,91.000000,90.230003,90.360001,84.762070
2024-03-27,91.830002,90.599998,91.500000,85.831436
2024-03-28,92.239998,91.300003,91.389999,85.728249
2024-04-01,92.070000,91.019997,91.529999,85.859596
2024-04-02,91.239998,89.230003,89.300003,83.767731
2024-04-03,89.839996,88.650002,88.699997,83.204918
2024-04-04,89.339996,87.610001,87.620003,82.191811
2024-04-05,87.930000,86.830002,86.849998,81.469513
2024-04-08,87.360001,86.360001,87.190002,81.788452
2024-04-09,87.599998,86.309998,87.129997,81.732162
2024-04-10,86.870003,85.599998,85.949997,80.625267
2024-04-11,86.309998,85.260002,85.900002,80.578384
2024-04-12,85.510002,84.290001,84.919998,79.659081
2024-04-15,86.370003,84.919998,85.169998,79.893593
2024-04-16,86.190002,84.419998,85.419998,80.128113
2024-04-17,86.419998,85.339996,86.209999,80.869164
2024-04-18,87.629997,86.050003,87.150002,81.750938
2024-04-19,88.080002,87.120003,87.610001,82.182434
2024-04-22,88.610001,87.339996,88.180000,82.717125
2024-04-23,88.809998,87.320000,87.870003,82.426323
2024-04-24,88.940002,86.949997,88.750000,83.251816
2024-04-25,89.730003,87.680000,87.839996,82.398186
2024-04-26,89.250000,87.370003,88.250000,82.782791
2024-04-29,88.610001,87.860001,88.330002,82.857834
2024-04-30,88.989998,87.180000,88.489998,83.007912
2024-05-01,76.989998,72.669998,74.440002,69.828331
2024-05-02,75.150002,73.349998,74.930000,70.287987
2024-05-03,75.510002,72.989998,73.110001,68.580727
2024-05-06,74.190002,72.699997,72.900002,68.383743
2024-05-07,72.849998,71.800003,72.500000,68.008522
2024-05-08,74.470001,72.250000,73.500000,68.946571
2024-05-09,75.760002,73.070000,75.680000,70.991516
2024-05-10,76.309998,75.059998,76.110001,71.394875
2024-05-13,76.839996,75.800003,76.180000,71.460533
2024-05-14,76.730003,75.519997,75.629997,70.944611
2024-05-15,76.029999,75.320000,75.699997,71.010277
2024-05-16,75.550003,74.459999,75.279999,71.152054
2024-05-17,78.000000,74.919998,77.849998,73.581131
2024-05-20,78.320000,76.709999,77.540001,73.288124
2024-05-21,78.220001,77.500000,77.720001,73.458260
2024-05-22,81.019997,77.440002,80.720001,76.293755
2024-05-23,80.699997,77.639999,78.309998,74.015907
2024-05-24,79.220001,78.110001,78.870003,74.545189
2024-05-28,78.800003,77.410004,77.480003,73.231415
2024-05-29,78.320000,76.830002,76.879997,72.664314
2024-05-30,78.879997,77.059998,78.760002,74.441231
2024-05-31,80.330002,78.610001,80.220001,75.821167
2024-06-03,82.120003,79.620003,82.080002,77.579170
2024-06-04,83.430000,81.900002,82.790001,78.250244
2024-06-05,82.500000,80.959999,81.160004,76.709633
2024-06-06,82.930000,80.919998,81.470001,77.002632
2024-06-07,82.629997,80.610001,81.430000,76.964821
2024-06-10,81.849998,80.839996,81.599998,77.125496
2024-06-11,80.970001,79.750000,79.889999,75.509270
2024-06-12,80.180000,79.180000,79.379997,75.027214
2024-06-13,80.900002,79.180000,80.239998,75.840065
2024-06-14,80.400002,79.110001,79.650002,75.282433
2024-06-17,81.750000,79.269997,81.330002,76.870308
2024-06-18,81.709999,79.589996,80.199997,75.802261
2024-06-20,80.779999,79.669998,79.720001,75.348595
2024-06-21,80.250000,79.160004,79.910004,75.528168
2024-06-24,80.070000,79.169998,79.730003,75.358047
2024-06-25,80.750000,78.870003,79.279999,74.932709
2024-06-26,79.279999,78.379997,79.150002,74.809845
2024-06-27,79.440002,78.680000,79.239998,74.894905
2024-06-28,78.879997,77.610001,77.849998,73.581131
2024-07-01,78.220001,76.779999,77.129997,72.900612
2024-07-02,77.209999,76.279999,76.830002,72.617058
2024-07-03,77.040001,76.070000,76.260002,72.078308
2024-07-05,76.269997,75.419998,76.050003,71.879837
2024-07-08,76.449997,74.470001,74.570000,70.480995
2024-07-09,74.639999,72.730003,72.750000,68.760780
2024-07-10,73.169998,72.349998,72.510002,68.533943
2024-07-11,73.500000,72.080002,73.300003,69.280624
2024-07-12,75.059998,73.379997,74.830002,70.726723
2024-07-15,74.900002,72.519997,72.750000,68.760780
2024-07-16,75.510002,71.550003,75.510002,71.369446
2024-07-17,76.129997,74.550003,75.099998,70.981926
2024-07-18,75.110001,73.809998,74.190002,70.121819
2024-07-19,79.379997,74.190002,79.269997,74.923248
2024-07-22,78.470001,76.010002,76.550003,72.352417
2024-07-23,77.139999,76.029999,76.260002,72.078308
2024-07-24,76.489998,74.019997,74.680000,70.584946
2024-07-25,75.769997,73.260002,73.320000,69.299545
2024-07-26,75.019997,73.709999,74.050003,69.989510
2024-07-29,75.589996,73.720001,75.199997,71.076431
2024-07-30,76.050003,74.849998,75.940002,71.775871
2024-07-31,81.239998,77.800003,77.949997,73.675636
2024-08-01,78.139999,73.830002,75.110001,70.991379
2024-08-02,76.669998,74.919998,75.879997,71.719154
2024-08-05,75.000000,72.720001,73.860001,69.809914
2024-08-06,75.989998,73.839996,75.370003,71.237114
2024-08-07,76.830002,75.160004,75.290001,71.161507
2024-08-08,76.150002,74.800003,75.750000,71.596275
2024-08-09,75.860001,74.750000,75.089996,70.972473
2024-08-12,78.430000,76.290001,77.029999,72.806099
2024-08-13,96.010002,90.290001,95.900002,90.641365
2024-08-14,95.860001,91.430000,93.900002,88.751030
2024-08-15,94.959999,92.980003,94.879997,89.677292
2024-08-16,95.650002,93.300003,94.809998,90.152733
2024-08-19,94.889999,92.129997,92.300003,87.766037
2024-08-20,93.820000,92.129997,93.010002,88.441154
2024-08-21,93.379997,92.220001,92.779999,88.222458
2024-08-22,92.830002,91.769997,92.430000,87.889641
2024-08-23,94.419998,92.830002,94.019997,89.401543
2024-08-26,95.930000,94.180000,95.629997,90.932449
2024-08-27,98.720001,95.250000,98.599998,93.756561
2024-08-28,98.709999,94.379997,95.300003,90.618668
2024-08-29,95.830002,94.279999,94.860001,90.200279
2024-08-30,95.930000,94.440002,94.570000,89.924530
2024-09-03,94.809998,93.040001,93.180000,88.602791
2024-09-04,93.980003,91.970001,92.330002,87.794563
2024-09-05,93.019997,91.199997,91.559998,87.062386
2024-09-06,92.160004,90.180000,91.150002,86.672516
2024-09-09,92.360001,90.410004,92.209999,87.680458
2024-09-10,93.519997,91.139999,93.339996,88.754944
2024-09-11,98.349998,93.660004,98.199997,93.376198
2024-09-12,99.309998,97.339996,99.279999,94.403160
2024-09-13,99.510002,98.500000,98.570000,93.728035
2024-09-16,98.599998,95.980003,96.309998,91.579056
2024-09-17,96.540001,95.199997,96.440002,91.702660
2024-09-18,97.599998,95.330002,96.120003,91.398392
2024-09-19,98.699997,96.330002,96.900002,92.140060
2024-09-20,97.059998,95.320000,96.050003,91.331825
2024-09-23,96.050003,94.349998,95.480003,90.789833
2024-09-24,95.820000,94.190002,94.449997,89.810410
2024-09-25,95.959999,94.220001,95.620003,90.922951
2024-09-26,99.150002,97.000000,97.470001,92.682068
2024-09-27,98.150002,97.190002,97.360001,92.577484
2024-09-30,97.690002,96.410004,97.489998,92.701088
2024-10-01,98.139999,96.349998,97.430000,92.644035
2024-10-02,97.000000,95.870003,96.500000,91.759720
2024-10-03,96.389999,95.309998,95.559998,90.865891
2024-10-04,96.730003,95.150002,96.580002,91.835785
2024-10-07,96.519997,95.360001,96.089996,91.369850
2024-10-08,96.879997,95.279999,96.209999,91.483955
2024-10-09,96.480003,95.459999,95.879997,91.170174
2024-10-10,95.480003,93.760002,93.879997,89.268410
2024-10-11,95.959999,94.010002,95.550003,90.856392
2024-10-14,95.529999,94.339996,94.760002,90.105202
2024-10-15,95.970001,94.570000,95.040001,90.371437
2024-10-16,95.839996,94.089996,95.459999,90.770805
2024-10-17,96.190002,94.779999,95.269997,90.590126
2024-10-18,96.849998,95.040001,96.839996,92.083008
2024-10-21,97.199997,95.889999,96.449997,91.712173
2024-10-22,97.190002,95.940002,96.820000,92.064003
2024-10-23,97.720001,93.690002,97.650002,92.853226
2024-10-24,99.419998,96.849998,97.150002,92.377792
2024-10-25,97.959999,96.430000,97.309998,92.529930
2024-10-28,99.139999,97.550003,98.019997,93.205040
2024-10-29,98.050003,96.349998,97.389999,92.605995
2024-10-30,98.150002,96.800003,97.320000,92.539444
2024-10-31,99.000000,95.349998,97.699997,92.900772
2024-11-01,99.800003,97.370003,98.870003,94.013306
2024-11-04,98.809998,96.699997,97.029999,92.263687
2024-11-05,97.470001,96.150002,97.089996,92.320732
2024-11-06,98.230003,94.779999,96.080002,91.360344
2024-11-07,96.690002,95.760002,96.120003,91.398392
2024-11-08,97.639999,96.029999,97.550003,92.758141
2024-11-11,101.410004,97.949997,100.309998,95.382561
2024-11-12,100.540001,98.419998,98.800003,93.946747
2024-11-13,99.940002,96.230003,99.800003,94.897606
2024-11-14,100.019997,99.139999,99.230003,94.355621
2024-11-15,100.220001,97.989998,98.419998,94.164253
2024-11-18,100.610001,97.930000,100.400002,96.058647
2024-11-19,100.300003,98.199997,98.349998,94.097298
2024-11-20,98.750000,97.110001,98.260002,94.011192
2024-11-21,100.330002,98.489998,100.059998,95.733353
2024-11-22,102.559998,99.769997,102.500000,98.067841
2024-11-25,103.320000,101.779999,101.839996,97.436363
2024-11-26,102.089996,100.470001,100.680000,96.326538
2024-11-27,102.029999,100.720001,101.510002,97.120651
2024-11-29,102.500000,101.269997,102.459999,98.029572
2024-12-02,102.209999,99.870003,101.510002,97.120651
2024-12-03,102.120003,99.889999,101.570000,97.178047
2024-12-04,101.989998,100.370003,100.699997,96.345680
2024-12-05,101.300003,99.190002,99.230003,94.939240
2024-12-06,100.620003,98.440002,100.110001,95.781181
2024-12-09,100.570000,98.519997,99.309998,95.015770
2024-12-10,99.250000,97.940002,98.160004,93.915520
2024-12-11,99.389999,97.980003,98.419998,94.164253
2024-12-12,98.970001,97.419998,97.820000,93.590195
2024-12-13,98.080002,96.940002,97.419998,93.207504
2024-12-16,97.000000,93.099998,93.120003,89.093437
2024-12-17,93.940002,92.050003,92.089996,88.107971
2024-12-18,92.250000,89.639999,89.900002,86.012680
2024-12-19,91.580002,88.669998,88.760002,84.921967
2024-12-20,89.160004,87.070000,87.970001,84.166130
2024-12-23,87.879997,86.300003,87.440002,83.659042
2024-12-24,89.919998,87.169998,89.910004,86.022240
2024-12-26,92.050003,89.370003,91.860001,87.887909
2024-12-27,93.199997,90.879997,92.250000,88.261063
2024-12-30,91.320000,89.839996,90.580002,86.663277
2024-12-31,91.769997,90.589996,91.250000,87.304298
2025-01-02,92.660004,91.410004,92.169998,88.184517
2025-01-03,93.120003,91.800003,92.580002,88.576797
2025-01-06,94.500000,91.940002,93.129997,89.103004
2025-01-07,93.650002,91.860001,92.839996,88.825539
2025-01-08,93.010002,92.010002,92.599998,88.595917
2025-01-10,92.790001,91.930000,92.250000,88.261063
2025-01-13,93.589996,91.379997,93.510002,89.466576
2025-01-14,94.889999,92.519997,93.070000,89.045593
2025-01-15,94.470001,92.949997,93.080002,89.055168
2025-01-16,94.769997,92.870003,94.430000,90.346786
2025-01-17,95.860001,95.099998,95.129997,91.016518
2025-01-21,98.580002,95.410004,97.980003,93.743294
2025-01-22,98.540001,97.459999,97.730003,93.504089
2025-01-23,98.029999,97.019997,97.989998,93.752869
2025-01-24,99.010002,97.620003,98.809998,94.537399
2025-01-27,100.330002,98.099998,100.019997,95.695068
2025-01-28,100.680000,98.589996,100.410004,96.068207
2025-01-29,110.080002,102.680000,108.580002,103.884933
2025-01-30,110.339996,108.029999,109.000000,104.286781
2025-01-31,109.360001,107.500000,107.680000,103.023857
2025-02-03,108.440002,105.519997,108.160004,103.483093
2025-02-04,111.070000,108.129997,110.599998,105.817596
2025-02-05,112.419998,109.860001,112.250000,107.396248
2025-02-06,112.309998,111.050003,111.699997,106.870018
2025-02-07,112.620003,110.059998,112.199997,107.348404
2025-02-10,112.580002,111.000000,111.449997,106.630829
2025-02-11,112.080002,110.610001,111.029999,106.228996
2025-02-12,113.190002,110.400002,113.040001,108.152084
2025-02-13,113.400002,111.529999,113.000000,108.113808
2025-02-14,113.470001,112.029999,112.550003,108.267731
2025-02-18,113.360001,111.620003,113.029999,108.729469
2025-02-19,113.339996,112.339996,112.489998,108.210014
2025-02-20,113.500000,111.959999,113.339996,109.027672
2025-02-21,114.680000,111.629997,111.750000,107.498161
2025-02-24,113.910004,111.889999,113.190002,108.883377
2025-02-25,115.239998,112.669998,114.589996,110.230110
2025-02-26,114.790001,112.260002,113.000000,108.700600
2025-02-27,115.699997,112.800003,114.489998,110.133904
2025-02-28,116.089996,114.269997,115.809998,111.403687
2025-03-03,117.459999,114.099998,115.410004,111.018906
2025-03-04,115.269997,112.000000,112.059998,107.796364
2025-03-05,112.519997,110.209999,111.690002,107.440453
2025-03-06,110.430000,104.910004,105.470001,101.457115
2025-03-07,106.860001,103.440002,106.480003,102.428688
2025-03-10,106.000000,99.800003,101.129997,97.282227
2025-03-11,103.000000,99.000000,99.580002,95.791206
2025-03-12,100.300003,96.970001,98.690002,94.935081
2025-03-13,98.870003,95.930000,96.040001,92.385887
2025-03-14,98.250000,96.160004,98.110001,94.377129
2025-03-17,99.449997,97.000000,99.080002,95.310242
2025-03-18,99.370003,97.680000,98.279999,94.540665
2025-03-19,99.529999,97.949997,99.190002,95.416039
2025-03-20,99.690002,98.669998,99.279999,95.502617
2025-03-21,98.010002,96.290001,97.070000,93.376709
2025-03-24,98.199997,95.629997,95.720001,92.078064
2025-03-25,96.970001,94.769997,95.879997,92.231987
2025-03-26,98.389999,96.000000,97.970001,94.242462
2025-03-27,99.919998,97.540001,98.849998,95.088982
2025-03-28,98.489998,97.059998,97.730003,94.011589
2025-03-31,98.820000,94.580002,98.089996,94.357887
2025-04-01,98.900002,97.129997,98.230003,94.492569
2025-04-02,99.750000,97.410004,99.410004,95.627678
2025-04-03,93.389999,87.650002,88.260002,84.901909
2025-04-04,85.430000,81.300003,82.099998,78.976273
2025-04-07,83.269997,76.150002,80.000000,76.956184
2025-04-08,83.480003,78.690002,79.690002,76.657990
2025-04-09,89.129997,77.930000,88.680000,85.305923
2025-04-10,86.580002,81.669998,84.599998,81.381157
2025-04-11,85.820000,82.080002,85.430000,82.179588
2025-04-14,86.769997,83.400002,85.489998,82.237305
2025-04-15,86.059998,83.459999,83.709999,80.525024
2025-04-16,83.519997,79.889999,80.760002,77.687263
2025-04-17,82.550003,81.199997,81.500000,78.399109
2025-04-21,80.820000,78.129997,80.680000,77.610306
2025-04-22,83.489998,81.620003,81.750000,78.639595
2025-04-23,85.739998,82.650002,82.809998,79.659271
2025-04-24,84.139999,81.580002,83.860001,80.669319
2025-04-25,83.989998,82.459999,83.809998,80.621216
2025-04-28,85.059998,83.269997,83.900002,80.707794
2025-04-29,85.070000,83.199997,84.849998,81.621643
2025-04-30,80.279999,75.500000,80.050003,77.004288
2025-05-01,82.709999,80.269997,82.010002,78.889702
2025-05-02,84.830002,82.050003,84.690002,81.467743
2025-05-05,84.080002,81.589996,81.660004,78.553024
2025-05-06,83.370003,80.610001,82.779999,79.630402
2025-05-07,83.230003,82.139999,82.709999,79.563072
2025-05-08,83.599998,81.690002,82.190002,79.062851
2025-05-09,82.669998,80.199997,80.300003,77.244774
2025-05-12,86.540001,83.639999,85.669998,82.410446
2025-05-13,87.139999,85.099998,86.879997,83.574417
2025-05-14,87.629997,85.739998,86.540001,83.247353
2025-05-15,87.779999,85.820000,87.260002,83.939964
2025-05-16,86.910004,84.279999,85.570000,82.893730
2025-05-19,85.139999,84.110001,84.610001,81.963760
2025-05-20,86.150002,84.449997,85.589996,82.913109
2025-05-21,85.510002,82.510002,82.980003,80.384743
2025-05-22,84.480003,82.720001,83.970001,81.343781
2025-05-23,84.830002,82.570000,84.400002,81.760323
2025-05-27,87.089996,85.220001,87.010002,84.288696
2025-05-28,87.599998,84.540001,86.000000,83.310280
2025-05-29,85.699997,83.699997,84.050003,81.421272
2025-05-30,84.269997,83.190002,83.949997,81.324387
2025-06-02,85.300003,83.190002,85.190002,82.525620
2025-06-03,87.489998,84.400002,86.599998,83.891525
2025-06-04,88.540001,86.019997,88.110001,85.354294
2025-06-05,88.410004,86.860001,86.989998,84.269318
2025-06-06,89.889999,88.239998,89.639999,86.836433
2025-06-09,91.139999,89.080002,90.669998,87.834221
2025-06-10,91.889999,89.529999,91.430000,88.570457
2025-06-11,95.910004,92.000000,95.389999,92.406601
2025-06-12,95.070000,93.970001,94.320000,91.370071
2025-06-13,94.610001,93.160004,93.260002,90.343216
2025-06-16,94.430000,92.940002,93.480003,90.556343
2025-06-17,93.209999,90.790001,91.589996,88.725449
2025-06-18,92.580002,91.230003,92.279999,89.393883
2025-06-20,93.800003,92.400002,93.120003,90.207603
2025-06-23,93.209999,90.739998,92.339996,89.451988
2025-06-24,93.839996,90.309998,91.500000,88.638260
2025-06-25,92.000000,90.620003,91.099998,88.250786
2025-06-26,92.199997,90.419998,91.839996,88.967636
2025-06-27,92.720001,90.330002,92.110001,89.229195
2025-06-30,94.160004,91.080002,91.629997,88.764198
2025-07-01,95.860001,91.540001,94.919998,91.951302
2025-07-02,95.300003,93.349998,94.180000,91.234459
2025-07-03,94.650002,93.760002,94.440002,91.486320
2025-07-07,94.949997,92.970001,93.639999,90.711342
2025-07-08,95.750000,93.779999,94.940002,91.970680
2025-07-09,97.889999,94.660004,95.250000,92.270981
2025-07-10,95.739998,93.550003,95.150002,92.174110
2025-07-11,95.320000,94.139999,94.940002,91.970680
2025-07-14,93.959999,92.269997,93.419998,90.498207
2025-07-15,94.300003,92.150002,92.480003,89.587624
2025-07-16,93.279999,91.559998,92.510002,89.616684
2025-07-17,93.290001,90.570000,93.190002,90.275406
2025-07-18,94.459999,93.250000,93.800003,90.866333
2025-07-21,95.290001,92.610001,92.660004,89.761986
2025-07-22,97.160004,92.849998,96.940002,93.908127
2025-07-23,98.180000,95.540001,95.919998,92.920029
2025-07-24,95.580002,93.419998,93.699997,90.769455
2025-07-25,94.480003,92.309998,94.419998,91.466934
2025-07-28,95.739998,93.459999,93.669998,90.740402
2025-07-29,94.389999,91.779999,92.959999,90.052597
2025-07-30,98.889999,90.070000,92.760002,89.858864
2025-07-31,93.070000,88.430000,89.160004,86.371452
2025-08-01,88.500000,85.489998,86.860001,84.143394
2025-08-04,90.110001,86.940002,89.779999,86.972061
2025-08-05,90.559998,89.309998,90.199997,87.378922
2025-08-06,90.360001,88.820000,88.989998,86.206772
2025-08-07,91.360001,89.489998,91.019997,88.173271
2025-08-08,92.209999,90.750000,92.120003,89.238884
2025-08-11,92.440002,90.489998,91.739998,88.870766
2025-08-12,94.849998,93.080002,93.370003,90.449783
2025-08-13,94.690002,92.739998,94.180000,91.234459
2025-08-14,93.610001,92.080002,93.059998,90.149475
2025-08-15,92.730003,90.370003,90.599998,88.345512
2025-08-18,93.580002,89.900002,92.540001,90.237244
2025-08-19,92.970001,90.730003,90.930000,88.667305
2025-08-20,91.320000,89.449997,89.510002,87.282631
2025-08-21,89.190002,88.110001,88.559998,86.356270
2025-08-22,89.849998,88.309998,88.379997,86.180756
2025-08-25,88.320000,85.709999,85.809998,83.674706
2025-08-26,87.199997,85.570000,86.629997,84.474304
2025-08-27,88.309998,86.500000,87.660004,85.478676
2025-08-28,88.459999,87.599998,88.019997,85.829704
2025-08-29,88.570000,87.400002,88.190002,85.995483
2025-09-02,89.989998,87.180000,89.779999,87.545914
2025-09-03,89.480003,86.290001,87.250000,85.078873
2025-09-04,87.769997,86.389999,87.010002,84.844849
2025-09-05,87.349998,85.059998,85.430000,83.304161
2025-09-08,85.500000,83.680000,84.169998,82.075516
2025-09-09,84.680000,83.269997,83.809998,81.724464
2025-09-10,84.000000,82.769997,82.879997,80.817612
2025-09-11,83.930000,82.129997,82.360001,80.310547
2025-09-12,82.540001,81.199997,81.900002,79.862007
2025-09-15,83.870003,81.980003,82.680000,80.622589
2025-09-16,84.730003,83.000000,84.370003,82.270546
2025-09-17,84.860001,82.959999,83.220001,81.149155
2025-09-18,83.599998,82.629997,83.419998,81.344185
2025-09-19,85.220001,83.379997,84.559998,82.455803
2025-09-22,85.400002,83.690002,85.290001,83.167641
2025-09-23,86.180000,84.849998,85.690002,83.557693
2025-09-24,85.650002,84.129997,84.269997,82.173019
2025-09-25,84.669998,82.889999,83.830002,81.743988
2025-09-26,84.620003,82.900002,83.389999,81.314926
2025-09-29,85.839996,83.550003,85.639999,83.508934
2025-09-30,85.250000,84.180000,84.599998,82.494812
2025-10-01,85.139999,83.959999,84.400002,82.299789
2025-10-02,87.260002,84.029999,86.720001,84.562057
2025-10-03,86.900002,85.959999,86.419998,84.269524
2025-10-06,86.290001,82.059998,82.110001,80.066780
2025-10-07,82.459999,80.790001,81.290001,79.267181
2025-10-08,81.129997,79.930000,80.040001,78.048286
2025-10-09,80.459999,79.430000,79.779999,77.794754
2025-10-10,81.209999,78.410004,78.459999,76.507607
2025-10-13,80.440002,78.510002,80.029999,78.038536
2025-10-14,81.480003,79.029999,81.150002,79.130661
2025-10-15,83.320000,81.570000,82.860001,80.798103
2025-10-16,84.889999,83.040001,84.339996,82.241280
2025-10-17,85.940002,84.019997,85.360001,83.235909
2025-10-20,86.339996,84.430000,84.529999,82.426552
2025-10-21,86.510002,83.650002,85.900002,83.762474
2025-10-22,86.000000,84.900002,85.500000,83.372421
2025-10-23,85.900002,84.980003,85.440002,83.313919
2025-10-24,86.839996,85.860001,86.089996,83.947731
2025-10-27,87.440002,86.110001,87.220001,85.049622
2025-10-28,87.540001,85.309998,85.430000,83.304161
2025-10-29,84.889999,83.279999,84.169998,82.075516
2025-10-30,86.050003,81.250000,83.150002,81.080894
2025-10-31,82.779999,80.220001,80.870003,78.857635
2025-11-03,81.919998,80.599998,80.959999,78.945389
2025-11-04,81.199997,77.989998,79.599998,77.619225
2025-11-05,83.110001,79.040001,82.879997,80.817612
2025-11-06,83.849998,81.860001,82.220001,80.174034
2025-11-07,85.949997,81.760002,85.570000,83.440681
2025-11-10,86.150002,84.029999,84.599998,82.494812
2025-11-11,87.040001,84.900002,86.419998,84.269524
2025-11-12,89.059998,87.129997,87.260002,85.088631
2025-11-13,87.290001,86.190002,86.440002,84.289032
2025-11-14,86.500000,84.000000,84.779999,83.267578
2025-11-17,86.849998,83.449997,83.690002,82.197021
2025-11-18,83.839996,82.339996,83.330002,81.843445
2025-11-19,84.389999,83.029999,83.680000,82.187202
2025-11-20,85.230003,82.540001,82.620003,81.146118
2025-11-21,86.580002,82.519997,85.349998,83.827415
2025-11-24,85.589996,82.830002,83.339996,81.853264
2025-11-25,86.019997,82.820000,85.910004,84.377426
2025-11-26,87.290001,85.500000,86.699997,85.153328
2025-11-28,87.279999,86.400002,87.110001,85.556015
2025-12-01,86.500000,84.769997,84.910004,83.395264
2025-12-02,86.000000,84.220001,85.199997,83.680077
2025-12-03,87.500000,84.970001,87.110001,85.556015
2025-12-04,87.870003,84.750000,85.000000,83.483650
2025-12-05,86.510002,84.800003,85.120003,83.601517
2025-12-08,85.500000,83.139999,83.410004,81.922020
2025-12-09,83.330002,82.019997,82.279999,80.812172
2025-12-10,84.000000,81.970001,83.849998,82.354164
2025-12-11,85.000000,83.739998,84.739998,83.228294
2025-12-12,85.930000,84.860001,85.349998,83.827415
2025-12-15,87.559998,84.660004,85.400002,83.876518
2025-12-16,86.540001,84.720001,85.080002,83.562233
2025-12-17,85.830002,84.500000,85.209999,83.689911
2025-12-18,90.580002,87.300003,89.419998,87.824806
2025-12-19,89.260002,88.250000,88.330002,86.754257
2025-12-22,88.620003,86.040001,86.169998,84.632782
2025-12-23,86.139999,83.379997,83.860001,82.363998
2025-12-24,84.620003,83.470001,84.570000,83.061317
2025-12-26,85.160004,84.419998,85.080002,83.562233
2025-12-29,86.790001,84.980003,85.570000,84.043488
2025-12-30,85.750000,85.050003,85.250000,83.729195
2025-12-31,85.180000,84.120003,84.209999,82.707741
2026-01-02,84.959999,83.019997,83.970001,82.472031
2026-01-05,87.250000,83.400002,86.559998,85.015816
2026-01-06,90.639999,86.360001,89.459999,87.864098
2026-01-07,89.379997,86.470001,86.690002,85.143509
2026-01-08,89.290001,85.610001,88.180000,86.606926
2026-01-09,89.099998,86.790001,88.879997,87.294441
2026-01-12,90.230003,87.599998,89.959999,88.355179
2026-01-13,90.599998,89.470001,90.559998,88.944458
2026-01-14,91.519997,90.150002,91.150002,89.523949
2026-01-15,94.169998,91.639999,93.279999,91.615944
2026-01-16,93.669998,92.220001,92.989998,91.331116
2026-01-20,93.809998,90.779999,93.660004,91.989174
2026-01-21,96.519997,93.730003,96.430000,94.709747
2026-01-22,97.800003,94.860001,95.830002,94.120453
2026-01-23,97.889999,95.760002,97.620003,95.878525
2026-01-26,97.970001,95.790001,96.330002,94.611534
2026-01-27,96.650002,95.239998,95.720001,94.012421
2026-01-28,104.820000,95.099998,95.160004,93.462410
2026-01-29,96.900002,92.610001,93.879997,92.205238
2026-01-30,93.209999,91.000000,91.949997,90.309669
2026-02-02,92.610001,90.620003,91.690002,90.054306
2026-02-03,94.400002,91.290001,93.040001,91.380226
2026-02-04,97.110001,93.519997,96.970001,95.240120
2026-02-05,97.449997,95.360001,96.070000,94.356171
2026-02-06,99.580002,96.000000,99.449997,97.675880
2026-02-09,99.980003,98.260002,98.980003,97.214256
2026-02-10,99.669998,97.449997,97.529999,95.790131
2026-02-11,99.320000,97.330002,99.120003,97.351768
2026-02-12,101.199997,96.440002,96.760002,95.033867
2026-02-13,96.919998,93.599998,93.790001,92.710899
2026-02-17,95.510002,93.620003,95.389999,94.292488
2026-02-18,96.660004,94.260002,95.760002,94.658241
2026-02-19,95.940002,94.760002,95.800003,94.697777
2026-02-20,97.779999,94.900002,97.489998,96.368324
2026-02-23,97.180000,93.550003,94.779999,93.689507
2026-02-24,96.739998,94.010002,96.510002,95.399612
2026-02-25,98.199997,95.900002,97.930000,96.803268
2026-02-26,99.800003,97.839996,98.080002,96.951546
2026-02-27,98.430000,96.110001,98.019997,96.892235
2026-03-02,97.110001,95.500000,96.760002,95.646736
2026-03-03,97.089996,94.400002,96.680000,95.567650
2026-03-04,98.180000,95.849998,97.150002,96.032242
2026-03-05,98.930000,96.940002,98.690002,97.554527
2026-03-06,99.220001,95.559998,98.989998,97.851074
2026-03-09,100.379997,96.820000,99.769997,98.622093
2026-03-10,101.139999,98.260002,100.769997,99.610588
2026-03-11,101.690002,99.660004,101.440002,100.272888
2026-03-12,102.440002,99.889999,100.180000,99.027382
2026-03-13,101.220001,98.860001,99.150002,98.009239
2026-03-16,99.900002,97.379997,97.820000,96.694534
2026-03-17,98.779999,97.430000,97.570000,96.447411
2026-03-18,96.930000,92.559998,92.660004,91.593903
2026-03-19,96.260002,91.589996,95.830002,94.727432
2026-03-20,96.349998,92.220001,92.550003,91.485168
2026-03-23,95.019997,93.589996,93.830002,92.750443
2026-03-24,93.589996,91.790001,91.980003,90.921730
2026-03-25,93.529999,91.870003,92.699997,91.633438
2026-03-26,92.760002,90.730003,91.220001,90.170471
2026-03-27,90.949997,85.599998,86.809998,85.811211
2026-03-30,87.860001,86.220001,86.720001,85.722244
2026-03-31,90.099998,87.459999,89.589996,88.559219
2026-04-01,91.029999,89.480003,90.430000,89.389565
2026-04-02,91.220001,88.160004,90.370003,89.330254
2026-04-06,94.820000,89.820000,94.779999,93.689507
2026-04-07,95.349998,93.839996,95.209999,94.114563
2026-04-08,98.129997,96.000000,97.209999,96.091553
2026-04-09,97.910004,96.180000,96.919998,95.804893
2026-04-10,97.279999,96.059998,96.599998,95.488571
2026-04-13,97.669998,95.449997,97.480003,96.358452
2026-04-14,99.000000,97.559998,98.470001,97.337059
2026-04-15,99.180000,97.800003,98.339996,97.208549
2026-04-16,99.150002,97.769997,98.360001,97.228325
2026-04-17,101.430000,98.910004,100.000000,98.849449
2026-04-20,99.730003,98.300003,98.949997,97.811531
2026-04-21,99.160004,96.849998,97.800003,96.674774
2026-04-22,99.660004,97.570000,99.519997,98.374969
2026-04-23,100.809998,99.199997,99.540001,98.394753
2026-04-24,99.510002,98.000000,98.669998,97.534752
2026-04-27,99.500000,97.839996,97.889999,96.763733
2026-04-28,98.680000,96.449997,97.279999,96.160751
2026-04-29,107.269997,100.080002,105.500000,104.286179
2026-04-30,105.949997,103.830002,105.330002,104.118134
2026-05-01,107.519997,105.430000,105.900002,104.681572
2026-05-04,106.680000,104.690002,104.970001,103.762276
2026-05-05,106.070000,104.349998,104.940002,103.732613
2026-05-06,107.550003,104.400002,106.440002,105.215363
2026-05-07,106.099998,102.940002,104.260002,103.060448
2026-05-08,105.430000,104.250000,104.930000,103.722733
2026-05-11,108.040001,104.949997,105.739998,104.523407
2026-05-12,107.160004,104.339996,106.580002,105.353752
2026-05-13,108.050003,105.470001,105.949997,104.730995
2026-05-14,108.879997,106.349998,106.400002,105.175819
2026-05-15,107.879997,105.000000,106.820000,106.209877
2026-05-18,108.110001,105.839996,106.599998,105.991135
2026-05-19,107.559998,105.110001,106.379997,105.772392
2026-05-20,107.459999,105.410004,106.500000,105.891708
2026-05-21,106.160004,103.620003,104.129997,103.535240
2026-05-22,104.300003,102.389999,103.110001,102.521072
2026-05-26,103.970001,100.800003,101.419998,100.840721
2026-05-27,102.769997,100.129997,102.099998,101.516838
2026-05-28,102.250000,100.370003,100.750000,100.174545
2026-05-29,100.910004,98.580002,99.160004,98.593636
2026-06-01,98.339996,95.589996,96.510002,95.958771
2026-06-02,97.900002,95.400002,95.510002,94.964478
2026-06-03,98.199997,95.220001,95.889999,95.342308
2026-06-04,98.239998,93.809998,94.139999,93.602303
2026-06-05,95.989998,93.639999,95.290001,94.745735
2026-06-08,95.769997,94.470001,94.820000,94.278419
2026-06-09,98.440002,94.970001,97.410004,96.853630
2026-06-10,99.559998,96.900002,98.760002,98.195915
2026-06-11,102.559998,98.889999,102.279999,101.695808
2026-06-12,103.690002,101.800003,103.040001,102.451469
2026-06-15,103.610001,101.410004,101.589996,101.009750
2026-06-16,102.559998,100.459999,101.680000,101.099236
2026-06-17,101.809998,98.690002,99.820000,99.249863
2026-06-18,101.519997,99.529999,100.650002,100.075119
2026-06-22,101.800003,99.959999,100.150002,99.577980
2026-06-23,101.330002,99.250000,101.050003,100.472839
2026-06-24,104.660004,101.239998,103.529999,102.938667
2026-06-25,104.290001,102.739998,103.160004,102.570786
2026-06-26,104.919998,102.709999,104.599998,104.002556
2026-06-29,104.959999,103.209999,104.059998,103.465637
2026-06-30,104.580002,102.129997,102.190002,101.606323
2026-07-01,103.760002,101.400002,103.389999,102.799469
2026-07-02,105.750000,103.180000,104.269997,103.674438
2026-07-06,104.449997,100.089996,102.110001,101.526779
2026-07-07,105.750000,102.889999,103.610001,103.018211
2026-07-08,104.300003,101.849998,103.870003,103.276733
2026-07-09,107.449997,103.209999,106.410004,105.802223
2026-07-10,107.559998,105.550003,106.010002,105.404510
2026-07-13,108.239998,105.949997,107.339996,106.726906
2026-07-14,108.480003,106.150002,106.169998,105.563591
2026-07-15,107.410004,104.709999,105.110001,104.509644
2026-07-16,108.709999,105.540001,108.370003,107.751030
2026-07-17,109.230003,105.080002,105.489998,104.887474
2026-07-20,106.650002,103.220001,104.809998,104.211357
2026-07-21,105.489998,103.919998,104.449997,103.853409
2026-07-22,105.720001,102.910004,103.980003,103.386101
2026-07-23,103.440002,101.930000,103.209999,102.620499
2026-07-24,105.160004,103.120003,103.250000,102.660271
2026-07-27,105.629997,103.550003,103.650002,103.057983
2026-07-28,106.070000,102.660004,103.099998,102.511124
2026-07-29,104.910004,103.129997,104.139999,103.545189
2026-07-30,108.459999,103.629997,105.849998,105.245415
2026-07-31,108.160004,104.589996,105.250000,104.648849
2026-08-03,108.360001,103.300003,103.370003,102.779587
2026-08-04,105.660004,101.800003,104.970001,104.370445
2026-08-05,106.419998,104.290001,106.000000,105.394562
2026-08-06,106.290001,103.690002,105.160004,104.559364
2026-08-07,106.849998,103.669998,105.580002,104.976967
2026-08-10,105.910004,104.279999,104.650002,104.052277
2026-08-11,106.889999,104.129997,106.660004,106.050797
2026-08-12,108.570000,105.879997,108.489998,107.870338
2026-08-13,110.510002,108.449997,108.550003,107.930000
2026-08-14,108.820000,107.470001,107.690002,107.690002
2026-08-17,108.330002,106.410004,107.919998,107.919998
2026-08-18,109.230003,105.919998,106.010002,106.010002
2026-08-19,108.239998,104.589996,104.980003,104.980003
2026-08-20,105.739998,102.970001,103.989998,103.989998
2026-08-21,107.410004,103.370003,107.080002,107.080002
2026-08-24,107.809998,105.680000,107.489998,107.489998
2026-08-25,107.139999,105.360001,105.760002,105.760002
2026-08-26,108.580002,105.419998,108.489998,108.489998
2026-08-27,108.739998,106.769997,107.260002,107.260002
2026-08-28,108.699997,107.260002,107.849998,107.849998
2026-08-31,107.730003,106.010002,106.250000,106.250000
2026-09-01,107.180000,105.389999,106.150002,106.150002
2026-09-02,107.900002,105.629997,106.720001,106.720001
2026-09-03,107.570000,105.220001,105.820000,105.820000
2026-09-04,106.300003,104.360001,104.470001,104.470001
2026-09-08,104.760002,101.750000,102.010002,102.010002
2026-09-09,101.080002,99.690002,100.040001,100.040001
2026-09-10,101.669998,98.779999,99.220001,99.220001
2026-09-11,100.410004,98.459999,98.739998,98.739998
2026-09-14,99.879997,98.199997,99.070000,99.070000
2026-09-15,98.900002,96.040001,96.580002,96.580002
2026-09-16,98.339996,96.070000,97.339996,97.339996
2026-09-17,98.680000,96.300003,96.669998,96.669998
2026-09-18,96.559998,95.110001,95.830002,95.830002
2026-09-21,96.440002,93.629997,94.900002,94.900002
2026-09-22,96.080002,94.629997,95.110001,95.110001
2026-09-23,95.500000,93.150002,94.139999,94.139999
2026-09-24,94.500000,92.760002,93.650002,93.650002
2026-09-25,94.919998,93.529999,94.860001,94.860001
2026-09-28,96.199997,93.779999,95.269997,95.269997
2026-09-29,95.889999,94.339996,95.430000,95.430000
2026-09-30,95.889999,93.949997,93.959999,93.959999
2026-10-01,94.985001,93.779999,94.879997,94.879997
