date,high,low,close,adjclose
1998-12-22,10.414063,10.375000,10.414063,5.670645
1998-12-23,10.570313,10.484375,10.523438,5.730203
1998-12-24,10.765625,10.601563,10.765625,5.862078
1998-12-28,10.750000,10.656250,10.671875,5.811031
1998-12-29,10.867188,10.867188,10.867188,5.917380
1998-12-30,10.859375,10.835938,10.835938,5.900366
1998-12-31,11.000000,10.929688,10.960938,5.968430
1999-01-04,11.125000,10.828125,10.828125,5.896109
1999-01-05,11.148438,10.929688,11.093750,6.040750
1999-01-06,11.289063,11.109375,11.289063,6.147099
1999-01-07,11.695313,11.164063,11.203125,6.100304
1999-01-08,11.585938,11.304688,11.585938,6.308754
1999-01-11,11.609375,11.500000,11.609375,6.321511
1999-01-12,11.562500,11.289063,11.312500,6.159861
1999-01-13,11.187500,10.976563,11.062500,6.023729
1999-01-14,11.109375,10.781250,10.875000,5.921632
1999-01-15,11.039063,10.945313,11.039063,6.010967
1999-01-19,11.000000,10.757813,10.835938,5.900366
1999-01-20,10.914063,10.789063,10.796875,5.879096
1999-01-21,10.812500,10.695313,10.750000,5.853570
1999-01-22,10.679688,10.523438,10.539063,5.738709
1999-01-25,10.750000,10.609375,10.750000,5.853570
1999-01-26,10.718750,10.593750,10.718750,5.836555
1999-01-27,10.914063,10.632813,10.632813,5.789759
1999-01-28,10.695313,10.500000,10.500000,5.717438
1999-01-29,10.554688,10.476563,10.554688,5.747218
1999-02-01,10.750000,10.640625,10.640625,5.794014
1999-02-02,10.687500,10.593750,10.648438,5.798266
1999-02-03,10.695313,10.625000,10.656250,5.802520
1999-02-04,11.007813,10.679688,10.968750,5.972683
1999-02-05,11.218750,11.023438,11.117188,6.053512
1999-02-08,11.179688,11.015625,11.062500,6.023729
1999-02-09,11.062500,10.851563,10.851563,5.908872
1999-02-10,10.929688,10.828125,10.875000,5.921632
1999-02-11,10.914063,10.765625,10.765625,5.862078
1999-02-12,10.812500,10.710938,10.710938,5.832297
1999-02-16,10.914063,10.609375,10.609375,5.776995
1999-02-17,10.710938,10.500000,10.500000,5.717438
1999-02-18,10.593750,10.460938,10.578125,5.759979
1999-02-19,10.679688,10.593750,10.664063,5.806773
1999-02-22,10.875000,10.625000,10.843750,5.904617
1999-02-23,10.875000,10.687500,10.750000,5.853570
1999-02-24,10.906250,10.718750,10.718750,5.836555
1999-02-25,10.718750,10.625000,10.718750,5.836555
1999-02-26,10.718750,10.718750,10.718750,5.836555
1999-03-01,10.648438,10.593750,10.593750,5.768488
1999-03-02,10.718750,10.500000,10.500000,5.717438
1999-03-03,10.632813,10.429688,10.429688,5.679155
1999-03-04,10.562500,10.421875,10.460938,5.696168
1999-03-05,10.812500,10.585938,10.812500,5.887600
1999-03-08,10.882813,10.718750,10.882813,5.925889
1999-03-09,10.828125,10.750000,10.789063,5.874840
1999-03-10,10.984375,10.773438,10.937500,5.955664
1999-03-11,11.109375,10.968750,11.054688,6.019476
1999-03-12,11.179688,11.007813,11.007813,5.993954
1999-03-15,11.078125,10.953125,11.031250,6.006713
1999-03-16,11.046875,10.976563,10.984375,5.981193
1999-03-17,11.039063,10.937500,10.953125,5.964173
1999-03-18,11.187500,11.007813,11.187500,6.091794
1999-03-19,11.312500,11.164063,11.164063,6.099476
1999-03-22,11.234375,11.117188,11.195313,6.116551
1999-03-23,11.140625,10.851563,10.914063,5.962892
1999-03-24,11.000000,10.843750,10.921875,5.967161
1999-03-25,11.062500,10.921875,10.960938,5.988503
1999-03-26,10.953125,10.812500,10.875000,5.941550
1999-03-29,11.109375,10.960938,11.054688,6.039722
1999-03-30,11.046875,10.921875,11.031250,6.026916
1999-03-31,11.023438,10.859375,10.875000,5.941550
1999-04-01,11.085938,10.890625,11.000000,6.009843
1999-04-05,11.210938,11.031250,11.132813,6.082408
1999-04-06,11.132813,10.937500,10.937500,5.975697
1999-04-07,11.093750,10.968750,11.054688,6.039722
1999-04-08,11.210938,11.023438,11.210938,6.125090
1999-04-09,11.226563,11.046875,11.156250,6.095207
1999-04-12,11.507813,11.156250,11.484375,6.274481
1999-04-13,11.648438,11.507813,11.625000,6.351312
1999-04-14,12.460938,11.625000,12.187500,6.658634
1999-04-15,12.929688,12.343750,12.656250,6.914732
1999-04-16,12.945313,12.687500,12.796875,6.991562
1999-04-19,13.421875,12.796875,12.929688,7.064126
1999-04-20,12.968750,12.726563,12.773438,6.978759
1999-04-21,12.921875,12.710938,12.828125,7.008639
1999-04-22,12.859375,12.500000,12.625000,6.897662
1999-04-23,12.843750,12.562500,12.812500,7.000101
1999-04-26,12.875000,12.648438,12.687500,6.931807
1999-04-27,13.000000,12.593750,12.937500,7.068393
1999-04-28,13.687500,13.000000,13.625000,7.444013
1999-04-29,13.898438,13.656250,13.726563,7.499504
1999-04-30,13.812500,13.382813,13.562500,7.409863
1999-05-03,13.921875,13.562500,13.875000,7.580598
1999-05-04,14.007813,13.695313,13.789063,7.533649
1999-05-05,14.015625,13.664063,13.953125,7.623280
1999-05-06,14.125000,13.843750,14.070313,7.687306
1999-05-07,14.156250,13.882813,14.101563,7.704381
1999-05-10,14.242188,13.976563,14.023438,7.661698
1999-05-11,14.109375,13.843750,14.000000,7.648890
1999-05-12,13.960938,13.523438,13.648438,7.456819
1999-05-13,13.703125,13.515625,13.593750,7.426937
1999-05-14,13.742188,13.523438,13.554688,7.405597
1999-05-17,13.632813,13.406250,13.539063,7.397057
1999-05-18,13.492188,13.101563,13.210938,7.217787
1999-05-19,13.414063,13.171875,13.343750,7.290349
1999-05-20,13.453125,13.171875,13.187500,7.204985
1999-05-21,13.296875,13.093750,13.179688,7.200716
1999-05-24,13.445313,13.062500,13.125000,7.170837
1999-05-25,13.320313,13.000000,13.000000,7.102541
1999-05-26,12.945313,12.750000,12.875000,7.034247
1999-05-27,12.843750,12.500000,12.578125,6.872054
1999-05-28,12.625000,12.328125,12.328125,6.735465
1999-06-01,12.953125,12.429688,12.859375,7.025711
1999-06-02,12.890625,12.687500,12.843750,7.017175
1999-06-03,12.945313,12.757813,12.882813,7.038516
1999-06-04,13.171875,12.812500,13.125000,7.170837
1999-06-07,13.281250,13.125000,13.164063,7.192180
1999-06-08,13.203125,12.953125,13.000000,7.102541
1999-06-09,13.203125,12.875000,12.875000,7.034247
1999-06-10,13.093750,12.890625,13.093750,7.153765
1999-06-11,13.242188,12.976563,12.976563,7.089738
1999-06-14,13.421875,13.156250,13.289063,7.260472
1999-06-15,13.507813,13.320313,13.406250,7.324496
1999-06-16,13.468750,13.250000,13.460938,7.354376
1999-06-17,13.507813,13.296875,13.507813,7.379987
1999-06-18,13.515625,13.406250,13.500000,7.398718
1999-06-21,13.539063,13.171875,13.171875,7.218886
1999-06-22,13.218750,12.968750,13.000000,7.124697
1999-06-23,13.093750,12.890625,13.062500,7.158947
1999-06-24,13.015625,12.765625,12.765625,6.996245
1999-06-25,12.992188,12.781250,12.843750,7.039064
1999-06-28,13.140625,12.968750,13.085938,7.171794
1999-06-29,13.007813,12.914063,13.007813,7.128974
1999-06-30,13.164063,12.921875,13.000000,7.124697
1999-07-01,13.242188,12.984375,13.125000,7.193204
1999-07-02,13.406250,13.187500,13.390625,7.338779
1999-07-06,13.437500,13.265625,13.328125,7.304528
1999-07-07,13.328125,13.218750,13.250000,7.261708
1999-07-08,13.375000,13.125000,13.156250,7.210329
1999-07-09,13.492188,13.140625,13.367188,7.325933
1999-07-12,13.367188,13.250000,13.281250,7.278834
1999-07-13,13.335938,13.203125,13.273438,7.274554
1999-07-14,13.406250,13.195313,13.203125,7.236018
1999-07-15,13.250000,13.000000,13.000000,7.124697
1999-07-16,13.164063,13.054688,13.117188,7.188919
1999-07-19,13.148438,12.859375,12.992188,7.120413
1999-07-20,13.062500,12.906250,12.968750,7.107568
1999-07-21,13.125000,12.937500,12.937500,7.090439
1999-07-22,13.117188,12.953125,13.000000,7.124697
1999-07-23,13.132813,12.929688,13.000000,7.124697
1999-07-26,12.984375,12.835938,12.835938,7.034782
1999-07-27,13.015625,12.882813,13.015625,7.133261
1999-07-28,13.101563,13.000000,13.085938,7.171794
1999-07-29,12.968750,12.742188,12.843750,7.039064
1999-07-30,12.882813,12.757813,12.851563,7.043344
1999-08-02,12.937500,12.765625,12.890625,7.064753
1999-08-03,13.046875,12.882813,12.882813,7.060470
1999-08-04,13.234375,13.039063,13.195313,7.231740
1999-08-05,13.296875,13.023438,13.289063,7.283116
1999-08-06,13.257813,13.031250,13.093750,7.176080
1999-08-09,13.140625,12.968750,12.968750,7.107568
1999-08-10,12.945313,12.867188,12.921875,7.081877
1999-08-11,13.335938,12.898438,13.250000,7.261708
1999-08-12,13.468750,13.265625,13.367188,7.325933
1999-08-13,13.390625,13.234375,13.359375,7.321651
1999-08-16,13.312500,13.164063,13.164063,7.214613
1999-08-17,13.328125,13.164063,13.328125,7.304528
1999-08-18,13.312500,13.101563,13.101563,7.180359
1999-08-19,13.234375,12.984375,13.210938,7.240304
1999-08-20,13.437500,13.304688,13.328125,7.304528
1999-08-23,13.406250,13.265625,13.343750,7.313086
1999-08-24,13.375000,13.218750,13.289063,7.283116
1999-08-25,13.375000,12.914063,12.968750,7.107568
1999-08-26,12.945313,12.796875,12.820313,7.026218
1999-08-27,12.898438,12.718750,12.828125,7.030498
1999-08-30,12.828125,12.539063,12.578125,6.893482
1999-08-31,12.773438,12.273438,12.273438,6.726498
1999-09-01,12.468750,12.273438,12.437500,6.816417
1999-09-02,12.445313,12.273438,12.312500,6.747909
1999-09-03,12.609375,12.531250,12.593750,6.902048
1999-09-07,12.531250,12.351563,12.406250,6.799290
1999-09-08,12.468750,12.304688,12.406250,6.799290
1999-09-09,12.507813,12.382813,12.414063,6.803573
1999-09-10,12.671875,12.390625,12.671875,6.944863
1999-09-13,12.765625,12.523438,12.765625,6.996245
1999-09-14,12.648438,12.500000,12.562500,6.884921
1999-09-15,12.585938,12.375000,12.445313,6.820699
1999-09-16,12.250000,12.062500,12.062500,6.610893
1999-09-17,12.281250,12.125000,12.273438,6.747475
1999-09-20,12.289063,12.031250,12.101563,6.652985
1999-09-21,12.093750,11.906250,11.953125,6.571381
1999-09-22,12.046875,11.859375,11.867188,6.524137
1999-09-23,11.789063,11.625000,11.671875,6.416758
1999-09-24,11.656250,11.390625,11.429688,6.283613
1999-09-27,11.812500,11.703125,11.718750,6.442530
1999-09-28,11.781250,11.531250,11.554688,6.352338
1999-09-29,11.843750,11.664063,11.679688,6.421053
1999-09-30,12.031250,11.710938,11.851563,6.515546
1999-10-01,11.960938,11.718750,11.906250,6.545608
1999-10-04,12.007813,11.882813,11.921875,6.554200
1999-10-05,12.054688,11.804688,11.843750,6.511249
1999-10-06,11.992188,11.765625,11.992188,6.592857
1999-10-07,12.078125,11.898438,12.070313,6.635808
1999-10-08,12.359375,12.148438,12.148438,6.678759
1999-10-11,12.281250,12.140625,12.171875,6.691641
1999-10-12,12.210938,12.000000,12.000000,6.597151
1999-10-13,12.062500,11.851563,11.851563,6.515546
1999-10-14,12.031250,11.914063,12.031250,6.614331
1999-10-15,11.859375,11.687500,11.718750,6.442530
1999-10-18,11.804688,11.593750,11.781250,6.476891
1999-10-19,12.023438,11.726563,11.804688,6.489775
1999-10-20,11.914063,11.609375,11.703125,6.433937
1999-10-21,11.921875,11.703125,11.875000,6.528430
1999-10-22,12.093750,11.929688,12.031250,6.614331
1999-10-25,12.148438,11.921875,12.031250,6.614331
1999-10-26,12.109375,11.812500,11.851563,6.515546
1999-10-27,11.914063,11.679688,11.828125,6.502658
1999-10-28,11.992188,11.773438,11.796875,6.485479
1999-10-29,12.218750,11.789063,12.132813,6.670167
1999-11-01,12.218750,12.000000,12.015625,6.605745
1999-11-02,12.164063,12.000000,12.125000,6.665871
1999-11-03,12.187500,12.109375,12.109375,6.657281
1999-11-04,12.335938,12.210938,12.265625,6.743181
1999-11-05,12.406250,12.242188,12.242188,6.730297
1999-11-08,12.195313,12.000000,12.125000,6.665871
1999-11-09,12.312500,12.148438,12.171875,6.691641
1999-11-10,12.265625,12.109375,12.203125,6.708822
1999-11-11,12.328125,12.078125,12.132813,6.670167
1999-11-12,12.250000,12.109375,12.171875,6.691641
1999-11-15,12.500000,12.117188,12.484375,6.863439
1999-11-16,12.539063,12.414063,12.531250,6.889210
1999-11-17,12.554688,12.437500,12.484375,6.863439
1999-11-18,12.507813,12.312500,12.406250,6.820493
1999-11-19,12.398438,12.281250,12.351563,6.790431
1999-11-22,12.273438,12.140625,12.210938,6.713119
1999-11-23,12.226563,12.062500,12.101563,6.652985
1999-11-24,12.187500,12.039063,12.117188,6.661576
1999-11-26,12.179688,12.078125,12.085938,6.644395
1999-11-29,12.000000,11.796875,11.812500,6.494071
1999-11-30,12.085938,11.898438,11.960938,6.575677
1999-12-01,12.015625,11.914063,11.992188,6.592857
1999-12-02,12.281250,11.937500,12.242188,6.730297
1999-12-03,12.437500,12.234375,12.320313,6.773248
1999-12-06,12.492188,12.289063,12.328125,6.777541
1999-12-07,12.398438,12.187500,12.187500,6.700233
1999-12-08,12.328125,12.187500,12.289063,6.756066
1999-12-09,12.289063,12.125000,12.242188,6.730297
1999-12-10,12.492188,12.187500,12.390625,6.811905
1999-12-13,12.453125,12.289063,12.406250,6.820493
1999-12-14,12.679688,12.320313,12.531250,6.889210
1999-12-15,12.914063,12.632813,12.882813,7.082486
1999-12-16,12.890625,12.585938,12.656250,6.957930
1999-12-17,13.156250,12.843750,13.101563,7.233037
1999-12-20,12.992188,12.437500,12.507813,6.905244
1999-12-21,12.562500,12.429688,12.500000,6.900929
1999-12-22,12.531250,12.398438,12.515625,6.909557
1999-12-23,12.718750,12.476563,12.695313,7.008759
1999-12-27,12.875000,12.703125,12.750000,7.038952
1999-12-28,13.046875,12.671875,13.007813,7.181282
1999-12-29,13.335938,12.992188,13.265625,7.323612
1999-12-30,13.265625,13.039063,13.039063,7.198533
1999-12-31,13.335938,13.000000,13.289063,7.336551
2000-01-03,13.343750,12.968750,12.984375,7.168343
2000-01-04,13.023438,12.804688,12.859375,7.099334
2000-01-05,13.406250,12.875000,13.390625,7.392624
2000-01-06,13.867188,13.390625,13.734375,7.582398
2000-01-07,13.968750,13.726563,13.726563,7.578084
2000-01-10,13.851563,13.570313,13.679688,7.552209
2000-01-11,13.625000,13.414063,13.515625,7.461635
2000-01-12,13.515625,13.304688,13.320313,7.353807
2000-01-13,13.484375,13.312500,13.375000,7.383998
2000-01-14,13.359375,13.218750,13.281250,7.332239
2000-01-18,13.156250,12.843750,12.960938,7.155404
2000-01-19,12.976563,12.710938,12.710938,7.017381
2000-01-20,12.843750,12.375000,12.375000,6.831921
2000-01-21,12.562500,12.281250,12.429688,6.862113
2000-01-24,12.382813,11.929688,12.101563,6.680964
2000-01-25,12.125000,11.695313,11.875000,6.555885
2000-01-26,12.195313,11.875000,11.875000,6.555885
2000-01-27,12.085938,11.875000,11.937500,6.590388
2000-01-28,11.929688,11.421875,11.734375,6.478250
2000-01-31,11.687500,11.554688,11.664063,6.439434
2000-02-01,11.937500,11.664063,11.875000,6.555885
2000-02-02,11.937500,11.781250,11.929688,6.586078
2000-02-03,11.992188,11.656250,11.726563,6.473938
2000-02-04,11.804688,11.640625,11.710938,6.465311
2000-02-07,11.773438,11.476563,11.484375,6.340233
2000-02-08,11.640625,11.375000,11.453125,6.322979
2000-02-09,11.507813,11.226563,11.226563,6.197900
2000-02-10,11.250000,11.046875,11.132813,6.146144
2000-02-11,11.218750,10.734375,10.859375,5.995183
2000-02-14,11.125000,10.820313,11.039063,6.094384
2000-02-15,11.515625,11.007813,11.515625,6.357483
2000-02-16,11.531250,11.226563,11.250000,6.210836
2000-02-17,11.484375,11.195313,11.226563,6.197900
2000-02-18,11.289063,10.859375,10.882813,6.008122
2000-02-22,11.312500,10.914063,11.226563,6.197900
2000-02-23,11.273438,11.007813,11.101563,6.128887
2000-02-24,10.984375,10.562500,10.703125,5.908920
2000-02-25,10.734375,10.500000,10.531250,5.814034
2000-02-28,10.765625,10.414063,10.562500,5.831288
2000-02-29,10.648438,10.382813,10.492188,5.792469
2000-03-01,10.617188,10.289063,10.382813,5.732087
2000-03-02,10.375000,10.078125,10.156250,5.607007
2000-03-03,10.765625,10.250000,10.484375,5.788157
2000-03-06,10.578125,10.125000,10.234375,5.650136
2000-03-07,10.296875,9.875000,9.906250,5.468988
2000-03-08,10.148438,9.843750,10.117188,5.585441
2000-03-09,10.125000,9.914063,10.101563,5.576813
2000-03-10,10.367188,10.093750,10.187500,5.624257
2000-03-13,10.367188,9.984375,10.343750,5.710519
2000-03-14,10.429688,10.078125,10.164063,5.611321
2000-03-15,11.250000,10.085938,10.773438,5.947738
2000-03-16,11.468750,10.812500,11.406250,6.297101
2000-03-17,11.429688,11.000000,11.000000,6.087229
2000-03-20,11.343750,11.078125,11.132813,6.160728
2000-03-21,11.375000,11.062500,11.265625,6.234221
2000-03-22,11.226563,10.921875,10.976563,6.074257
2000-03-23,11.367188,10.984375,11.312500,6.260160
2000-03-24,11.382813,11.226563,11.257813,6.229898
2000-03-27,11.406250,11.093750,11.210938,6.203962
2000-03-28,11.281250,10.968750,11.000000,6.087229
2000-03-29,11.226563,10.976563,11.226563,6.212608
2000-03-30,11.648438,11.187500,11.531250,6.381213
2000-03-31,11.742188,11.468750,11.523438,6.376891
2000-04-03,11.898438,11.687500,11.898438,6.584414
2000-04-04,12.265625,11.578125,11.789063,6.523882
2000-04-05,11.984375,11.625000,11.695313,6.472003
2000-04-06,11.867188,11.617188,11.625000,6.433095
2000-04-07,11.750000,11.437500,11.437500,6.329332
2000-04-10,11.875000,11.476563,11.718750,6.484972
2000-04-11,12.195313,11.875000,12.000000,6.640613
2000-04-12,12.578125,12.031250,12.312500,6.813545
2000-04-13,12.187500,11.960938,11.968750,6.623321
2000-04-14,11.812500,11.187500,11.312500,6.260160
2000-04-17,11.484375,11.187500,11.328125,6.268809
2000-04-18,11.351563,11.000000,11.117188,6.152081
2000-04-19,11.273438,10.890625,10.976563,6.074257
2000-04-20,11.257813,11.046875,11.250000,6.225572
2000-04-24,11.390625,11.156250,11.273438,6.238542
2000-04-25,11.406250,11.140625,11.289063,6.247190
2000-04-26,11.328125,11.078125,11.093750,6.139109
2000-04-27,11.203125,11.000000,11.054688,6.117492
2000-04-28,11.234375,11.015625,11.140625,6.165048
2000-05-01,11.187500,11.000000,11.125000,6.156400
2000-05-02,11.468750,11.125000,11.468750,6.346628
2000-05-03,11.421875,11.125000,11.281250,6.242866
2000-05-04,11.492188,11.226563,11.398438,6.307717
2000-05-05,11.500000,11.382813,11.390625,6.303393
2000-05-08,11.531250,11.328125,11.328125,6.268809
2000-05-09,11.578125,11.429688,11.531250,6.381213
2000-05-10,11.562500,11.335938,11.390625,6.303393
2000-05-11,11.546875,11.390625,11.539063,6.385539
2000-05-12,11.617188,11.468750,11.578125,6.407156
2000-05-15,11.890625,11.562500,11.781250,6.519560
2000-05-16,11.890625,11.609375,11.656250,6.450388
2000-05-17,11.796875,11.562500,11.687500,6.467681
2000-05-18,11.695313,11.500000,11.593750,6.415803
2000-05-19,11.664063,11.531250,11.625000,6.433095
2000-05-22,11.671875,11.468750,11.562500,6.398509
2000-05-23,11.468750,11.304688,11.398438,6.307717
2000-05-24,11.445313,11.250000,11.351563,6.281776
2000-05-25,11.226563,10.859375,10.937500,6.052644
2000-05-26,10.882813,10.750000,10.765625,5.957528
2000-05-30,10.968750,10.734375,10.882813,6.022379
2000-05-31,10.992188,10.789063,10.789063,5.970500
2000-06-01,10.820313,10.617188,10.820313,5.987795
2000-06-02,11.000000,10.851563,11.000000,6.087229
2000-06-05,11.031250,10.859375,10.906250,6.035351
2000-06-06,10.968750,10.812500,10.921875,6.043997
2000-06-07,10.921875,10.656250,10.687500,5.914295
2000-06-08,10.703125,10.570313,10.671875,5.905651
2000-06-09,10.757813,10.578125,10.656250,5.897002
2000-06-12,10.875000,10.593750,10.718750,5.931586
2000-06-13,10.781250,10.414063,10.414063,5.762979
2000-06-14,10.820313,10.539063,10.687500,5.914295
2000-06-15,10.804688,10.640625,10.687500,5.914295
2000-06-16,10.710938,10.539063,10.687500,5.942095
2000-06-19,10.632813,10.343750,10.343750,5.750973
2000-06-20,10.359375,10.156250,10.156250,5.646727
2000-06-21,10.195313,10.031250,10.109375,5.620667
2000-06-22,10.234375,10.015625,10.109375,5.620667
2000-06-23,10.171875,10.054688,10.117188,5.625010
2000-06-26,10.171875,9.882813,9.882813,5.494703
2000-06-27,10.406250,10.000000,10.281250,5.716227
2000-06-28,10.289063,9.992188,10.257813,5.703197
2000-06-29,10.187500,9.882813,10.070313,5.598948
2000-06-30,10.093750,9.820313,9.820313,5.459953
2000-07-03,10.125000,9.906250,10.093750,5.611979
2000-07-05,10.375000,10.140625,10.140625,5.638041
2000-07-06,10.179688,9.875000,9.875000,5.490359
2000-07-07,10.000000,9.734375,9.828125,5.464294
2000-07-10,10.085938,9.828125,9.968750,5.542480
2000-07-11,10.500000,10.093750,10.500000,5.837845
2000-07-12,10.593750,10.375000,10.445313,5.807442
2000-07-13,10.625000,10.445313,10.562500,5.872593
2000-07-14,10.570313,10.281250,10.351563,5.755319
2000-07-17,10.312500,10.015625,10.187500,5.664102
2000-07-18,10.187500,10.031250,10.031250,5.577227
2000-07-19,10.164063,9.953125,10.031250,5.577227
2000-07-20,10.093750,9.875000,9.953125,5.533792
2000-07-21,10.117188,9.921875,10.000000,5.559856
2000-07-24,10.109375,9.890625,10.015625,5.568542
2000-07-25,10.093750,9.890625,9.890625,5.499047
2000-07-26,9.968750,9.812500,9.828125,5.464294
2000-07-27,9.945313,9.804688,9.937500,5.525105
2000-07-28,9.968750,9.812500,9.859375,5.481669
2000-07-31,10.054688,9.882813,9.906250,5.507733
2000-08-01,10.031250,9.882813,9.914063,5.512077
2000-08-02,10.031250,9.859375,9.976563,5.546824
2000-08-03,10.148438,9.976563,10.085938,5.607637
2000-08-04,10.046875,9.867188,9.992188,5.555511
2000-08-07,10.187500,9.937500,10.187500,5.664102
2000-08-08,10.437500,10.195313,10.437500,5.803097
2000-08-09,10.546875,10.414063,10.445313,5.807442
2000-08-10,10.437500,10.171875,10.289063,5.720569
2000-08-11,10.500000,10.218750,10.500000,5.837845
2000-08-14,10.562500,10.367188,10.500000,5.837845
2000-08-15,10.593750,10.406250,10.562500,5.872593
2000-08-16,10.687500,10.515625,10.562500,5.872593
2000-08-17,10.687500,10.492188,10.585938,5.885630
2000-08-18,10.570313,10.351563,10.398438,5.781380
2000-08-21,10.500000,10.296875,10.343750,5.750973
2000-08-22,10.359375,10.234375,10.242188,5.694506
2000-08-23,10.242188,10.125000,10.195313,5.668443
2000-08-24,10.289063,10.140625,10.210938,5.677135
2000-08-25,10.250000,10.140625,10.156250,5.646727
2000-08-28,10.250000,10.140625,10.140625,5.638041
2000-08-29,10.187500,10.000000,10.000000,5.559856
2000-08-30,10.140625,9.945313,10.023438,5.572885
2000-08-31,10.187500,9.953125,10.132813,5.633697
2000-09-01,10.078125,9.968750,10.031250,5.577227
2000-09-05,10.265625,10.000000,10.234375,5.690165
2000-09-06,10.421875,10.304688,10.406250,5.785726
2000-09-07,10.093750,9.765625,9.906250,5.507733
2000-09-08,9.859375,9.687500,9.734375,5.412172
2000-09-11,9.843750,9.640625,9.671875,5.377426
2000-09-12,9.656250,9.554688,9.609375,5.342673
2000-09-13,9.625000,9.546875,9.562500,5.316612
2000-09-14,9.578125,9.375000,9.390625,5.221051
2000-09-15,9.312500,9.187500,9.187500,5.138210
2000-09-18,9.218750,9.062500,9.156250,5.120735
2000-09-19,9.085938,8.875000,8.906250,4.980920
2000-09-20,8.921875,8.687500,8.796875,4.919750
2000-09-21,8.890625,8.703125,8.765625,4.902271
2000-09-22,8.890625,8.687500,8.750000,4.893535
2000-09-25,8.812500,8.687500,8.726563,4.880428
2000-09-26,8.804688,8.625000,8.640625,4.832364
2000-09-27,8.703125,8.570313,8.601563,4.810521
2000-09-28,8.921875,8.601563,8.859375,4.954703
2000-09-29,9.179688,8.867188,9.085938,5.081411
2000-10-02,9.062500,8.820313,8.875000,4.963442
2000-10-03,9.406250,8.906250,9.367188,5.238704
2000-10-04,9.687500,9.437500,9.453125,5.286763
2000-10-05,9.554688,9.281250,9.359375,5.234334
2000-10-06,9.500000,9.234375,9.281250,5.190641
2000-10-09,9.531250,9.265625,9.304688,5.203749
2000-10-10,9.429688,9.257813,9.351563,5.229967
2000-10-11,9.421875,9.101563,9.101563,5.090151
2000-10-12,9.062500,8.875000,8.937500,4.998396
2000-10-13,8.812500,8.578125,8.734375,4.884797
2000-10-16,8.937500,8.640625,8.726563,4.880428
2000-10-17,8.906250,8.593750,8.648438,4.836735
2000-10-18,8.750000,8.500000,8.750000,4.893535
2000-10-19,8.804688,8.609375,8.734375,4.884797
2000-10-20,8.687500,8.523438,8.617188,4.819260
2000-10-23,8.718750,8.531250,8.679688,4.854210
2000-10-24,9.031250,8.687500,9.031250,5.050827
2000-10-25,8.968750,8.812500,8.968750,5.015873
2000-10-26,9.125000,8.953125,9.125000,5.103256
2000-10-27,9.125000,8.843750,9.093750,5.085781
2000-10-30,9.867188,9.296875,9.812500,5.487748
2000-10-31,9.960938,9.664063,9.882813,5.527071
2000-11-01,9.953125,9.718750,9.804688,5.483380
2000-11-02,9.734375,9.593750,9.734375,5.444057
2000-11-03,9.750000,9.578125,9.750000,5.452795
2000-11-06,9.875000,9.750000,9.757813,5.457166
2000-11-07,9.921875,9.804688,9.875000,5.522705
2000-11-08,10.062500,9.781250,9.984375,5.583873
2000-11-09,9.984375,9.632813,9.843750,5.505226
2000-11-10,9.875000,9.593750,9.703125,5.426580
2000-11-13,9.812500,9.640625,9.742188,5.448427
2000-11-14,9.820313,9.617188,9.820313,5.492120
2000-11-15,10.000000,9.804688,9.875000,5.522705
2000-11-16,9.843750,9.500000,9.578125,5.356670
2000-11-17,9.843750,9.468750,9.570313,5.352303
2000-11-20,9.570313,9.390625,9.460938,5.291133
2000-11-21,9.492188,9.375000,9.382813,5.247443
2000-11-22,9.445313,9.335938,9.375000,5.243072
2000-11-24,9.546875,9.460938,9.500000,5.312983
2000-11-27,9.578125,9.421875,9.500000,5.312983
2000-11-28,9.648438,9.468750,9.515625,5.321719
2000-11-29,9.734375,9.539063,9.734375,5.444057
2000-11-30,9.710938,9.523438,9.632813,5.387256
2000-12-01,10.031250,9.757813,9.953125,5.566397
2000-12-04,10.531250,10.125000,10.484375,5.863503
2000-12-05,10.562500,10.250000,10.562500,5.907195
2000-12-06,10.609375,10.312500,10.328125,5.776119
2000-12-07,10.250000,10.007813,10.015625,5.601349
2000-12-08,10.328125,10.023438,10.187500,5.697474
2000-12-11,10.242188,10.062500,10.187500,5.697474
2000-12-12,10.375000,10.093750,10.140625,5.671256
2000-12-13,10.218750,10.039063,10.218750,5.714946
2000-12-14,10.242188,10.054688,10.125000,5.662518
2000-12-15,10.031250,9.859375,9.984375,5.583873
2000-12-18,9.945313,9.695313,9.875000,5.666577
2000-12-19,10.218750,9.851563,10.187500,5.845898
2000-12-20,10.046875,9.804688,9.804688,5.626229
2000-12-21,10.226563,9.875000,10.156250,5.827966
2000-12-22,10.687500,10.179688,10.679688,6.128330
2000-12-26,10.695313,10.500000,10.648438,6.110399
2000-12-27,10.875000,10.531250,10.820313,6.209027
2000-12-28,11.000000,10.601563,10.921875,6.267306
2000-12-29,10.992188,10.656250,10.710938,6.146261
2001-01-02,10.875000,10.406250,10.500000,6.025217
2001-01-03,10.679688,10.281250,10.562500,6.061084
2001-01-04,10.945313,10.437500,10.914063,6.262820
2001-01-05,10.812500,10.500000,10.687500,6.132811
2001-01-08,10.898438,10.570313,10.718750,6.150744
2001-01-09,10.656250,10.281250,10.281250,5.899694
2001-01-10,10.375000,10.093750,10.375000,5.953490
2001-01-11,10.093750,9.921875,10.093750,5.792104
2001-01-12,10.000000,9.734375,9.859375,5.657608
2001-01-16,10.195313,9.796875,10.187500,5.845898
2001-01-17,10.242188,10.000000,10.132813,5.814516
2001-01-18,10.117188,9.914063,10.078125,5.783136
2001-01-19,9.968750,9.703125,9.796875,5.621746
2001-01-22,9.921875,9.578125,9.875000,5.666577
2001-01-23,10.062500,9.906250,9.906250,5.684505
2001-01-24,10.046875,9.875000,9.945313,5.706924
2001-01-25,10.171875,9.875000,10.078125,5.783136
2001-01-26,10.140625,9.859375,9.976563,5.724855
2001-01-29,10.005000,9.830000,9.945000,5.706743
2001-01-30,10.320000,9.860000,10.320000,5.921928
2001-01-31,10.475000,10.335000,10.425000,5.982180
2001-02-01,10.610000,10.365000,10.480000,6.013743
2001-02-02,10.595000,10.405000,10.445000,5.993659
2001-02-05,10.540000,10.435000,10.540000,6.048173
2001-02-06,10.530000,10.375000,10.450000,5.996527
2001-02-07,10.525000,10.360000,10.450000,5.996527
2001-02-08,10.500000,10.295000,10.310000,5.916192
2001-02-09,10.375000,10.225000,10.300000,5.910456
2001-02-12,10.345000,10.175000,10.300000,5.910456
2001-02-13,10.470000,10.195000,10.270000,5.893237
2001-02-14,10.340000,10.155000,10.155000,5.827250
2001-02-15,10.570000,10.165000,10.545000,6.051043
2001-02-16,10.535000,10.255000,10.310000,5.916192
2001-02-20,10.555000,10.275000,10.275000,5.896108
2001-02-21,10.315000,10.050000,10.100000,5.795685
2001-02-22,10.260000,10.080000,10.175000,5.838723
2001-02-23,10.175000,10.000000,10.125000,5.810034
2001-02-26,10.520000,10.140000,10.500000,6.025217
2001-02-27,10.590000,10.420000,10.515000,6.033830
2001-02-28,10.675000,10.470000,10.560000,6.059648
2001-03-01,10.620000,10.440000,10.570000,6.065387
2001-03-02,10.875000,10.590000,10.820000,6.208848
2001-03-05,11.045000,10.850000,11.015000,6.320743
2001-03-06,11.065000,10.885000,10.990000,6.306396
2001-03-07,11.320000,11.075000,11.315000,6.492893
2001-03-08,11.425000,11.105000,11.355000,6.515845
2001-03-09,11.430000,11.145000,11.260000,6.461331
2001-03-12,11.200000,10.780000,10.810000,6.203104
2001-03-13,10.865000,10.510000,10.720000,6.151464
2001-03-14,10.615000,10.340000,10.445000,5.993659
2001-03-15,10.510000,10.215000,10.215000,5.861675
2001-03-16,10.310000,10.100000,10.125000,5.836888
2001-03-19,10.450000,10.150000,10.365000,5.975245
2001-03-20,10.715000,10.270000,10.425000,6.009832
2001-03-21,10.325000,10.035000,10.100000,5.822476
2001-03-22,9.970000,9.515000,9.780000,5.638001
2001-03-23,9.960000,9.645000,9.875000,5.692768
2001-03-26,10.135000,9.885000,9.975000,5.750417
2001-03-27,10.230000,10.030000,10.225000,5.894538
2001-03-28,10.195000,9.900000,10.195000,5.877244
2001-03-29,10.090000,9.900000,10.070000,5.805184
2001-03-30,10.095000,9.910000,9.985000,5.756182
2001-04-02,10.330000,9.980000,10.040000,5.787888
2001-04-03,9.960000,9.750000,9.835000,5.669711
2001-04-04,10.150000,9.850000,10.025000,5.779238
2001-04-05,10.435000,10.220000,10.355000,5.969481
2001-04-06,10.380000,10.110000,10.235000,5.900303
2001-04-09,10.550000,10.320000,10.405000,5.998303
2001-04-10,10.875000,10.660000,10.860000,6.260603
2001-04-11,10.970000,10.605000,10.725000,6.182778
2001-04-12,10.725000,10.510000,10.675000,6.153953
2001-04-16,10.930000,10.665000,10.695000,6.165483
2001-04-17,10.750000,10.600000,10.680000,6.156836
2001-04-18,11.240000,10.605000,11.125000,6.413369
2001-04-19,11.100000,10.905000,10.945000,6.309606
2001-04-20,11.085000,10.860000,10.915000,6.292310
2001-04-23,10.980000,10.840000,10.840000,6.249074
2001-04-24,10.990000,10.875000,10.890000,6.277898
2001-04-25,10.875000,10.725000,10.850000,6.254836
2001-04-26,11.200000,10.875000,11.200000,6.456607
2001-04-27,11.290000,11.110000,11.210000,6.462369
2001-04-30,11.310000,11.000000,11.050000,6.370136
2001-05-01,11.195000,10.990000,11.175000,6.442196
2001-05-02,11.250000,11.040000,11.175000,6.442196
2001-05-03,11.170000,11.000000,11.155000,6.430664
2001-05-04,11.350000,11.000000,11.345000,6.540199
2001-05-07,11.435000,11.210000,11.210000,6.462369
2001-05-08,11.325000,11.225000,11.240000,6.479668
2001-05-09,11.445000,11.260000,11.350000,6.543082
2001-05-10,11.610000,11.500000,11.590000,6.681436
2001-05-11,11.575000,11.255000,11.360000,6.548844
2001-05-14,11.450000,11.295000,11.440000,6.594965
2001-05-15,11.595000,11.370000,11.525000,6.643965
2001-05-16,12.125000,11.590000,12.125000,6.989855
2001-05-17,12.315000,12.185000,12.250000,7.061913
2001-05-18,12.295000,12.050000,12.190000,7.027322
2001-05-21,12.295000,12.050000,12.295000,7.087855
2001-05-22,12.225000,11.980000,12.060000,6.952383
2001-05-23,11.995000,11.810000,11.855000,6.834203
2001-05-24,11.810000,11.470000,11.530000,6.646846
2001-05-25,11.630000,11.500000,11.545000,6.655493
2001-05-29,11.710000,11.585000,11.700000,6.744850
2001-05-30,11.650000,11.400000,11.460000,6.606492
2001-05-31,11.665000,11.475000,11.475000,6.615143
2001-06-01,11.630000,11.350000,11.570000,6.669903
2001-06-04,11.700000,11.615000,11.700000,6.744850
2001-06-05,11.835000,11.490000,11.835000,6.822674
2001-06-06,11.900000,11.625000,11.625000,6.701615
2001-06-07,11.830000,11.620000,11.760000,6.779437
2001-06-08,11.760000,11.590000,11.715000,6.753498
2001-06-11,11.695000,11.450000,11.550000,6.658378
2001-06-12,11.535000,11.340000,11.450000,6.600732
2001-06-13,11.570000,11.470000,11.490000,6.623790
2001-06-14,11.405000,11.190000,11.200000,6.456607
2001-06-15,11.170000,11.030000,11.115000,6.436049
2001-06-18,11.155000,11.005000,11.005000,6.372357
2001-06-19,11.135000,10.990000,11.030000,6.386835
2001-06-20,11.220000,11.030000,11.130000,6.444738
2001-06-21,11.140000,11.000000,11.075000,6.412892
2001-06-22,11.110000,10.895000,10.900000,6.311559
2001-06-25,10.930000,10.755000,10.775000,6.239179
2001-06-26,10.970000,10.660000,10.875000,6.297080
2001-06-27,11.055000,10.850000,10.975000,6.354989
2001-06-28,11.080000,10.985000,10.985000,6.360776
2001-06-29,11.110000,11.000000,11.030000,6.386835
2001-07-02,11.200000,10.980000,11.145000,6.453424
2001-07-03,11.110000,10.955000,11.110000,6.433155
2001-07-05,11.115000,10.980000,11.065000,6.407100
2001-07-06,11.090000,10.915000,10.935000,6.331825
2001-07-09,11.065000,10.900000,11.035000,6.389729
2001-07-10,11.110000,10.915000,10.915000,6.320244
2001-07-11,11.065000,10.885000,10.950000,6.340508
2001-07-12,11.185000,10.935000,11.185000,6.476584
2001-07-13,11.225000,11.110000,11.195000,6.482377
2001-07-16,11.145000,10.975000,11.015000,6.378148
2001-07-17,11.020000,10.885000,10.970000,6.352093
2001-07-18,11.250000,10.925000,11.240000,6.508430
2001-07-19,11.390000,11.225000,11.265000,6.522909
2001-07-20,11.315000,11.125000,11.190000,6.479480
2001-07-23,11.040000,10.970000,10.970000,6.352093
2001-07-24,10.900000,10.565000,10.640000,6.161008
2001-07-25,10.900000,10.515000,10.865000,6.291291
2001-07-26,10.850000,10.725000,10.805000,6.256548
2001-07-27,10.930000,10.800000,10.835000,6.273919
2001-07-30,10.850000,10.745000,10.760000,6.230494
2001-07-31,11.070000,10.825000,11.000000,6.369461
2001-08-01,11.050000,10.865000,10.950000,6.340508
2001-08-02,11.020000,10.840000,10.875000,6.297080
2001-08-03,10.960000,10.825000,10.850000,6.282604
2001-08-06,10.965000,10.850000,10.865000,6.291291
2001-08-07,10.890000,10.760000,10.785000,6.244969
2001-08-08,10.900000,10.665000,10.690000,6.189959
2001-08-09,10.720000,10.595000,10.595000,6.134952
2001-08-10,10.865000,10.560000,10.865000,6.291291
2001-08-13,10.900000,10.725000,10.900000,6.311559
2001-08-14,10.920000,10.810000,10.850000,6.282604
2001-08-15,10.975000,10.850000,10.910000,6.317349
2001-08-16,10.870000,10.785000,10.790000,6.247863
2001-08-17,10.895000,10.745000,10.855000,6.285502
2001-08-20,10.865000,10.770000,10.865000,6.291291
2001-08-21,11.050000,10.865000,10.915000,6.320244
2001-08-22,10.990000,10.780000,10.890000,6.305768
2001-08-23,10.990000,10.850000,10.975000,6.354989
2001-08-24,11.215000,10.965000,11.125000,6.441839
2001-08-27,11.250000,11.145000,11.145000,6.453424
2001-08-28,11.125000,10.975000,11.040000,6.392624
2001-08-29,11.165000,10.900000,10.900000,6.311559
2001-08-30,10.910000,10.845000,10.860000,6.288394
2001-08-31,10.965000,10.785000,10.955000,6.343405
2001-09-04,11.155000,10.825000,10.955000,6.343405
2001-09-05,11.100000,10.915000,11.095000,6.424471
2001-09-06,11.000000,10.820000,10.820000,6.265236
2001-09-07,10.800000,10.480000,10.480000,6.068360
2001-09-10,10.500000,10.275000,10.275000,5.949657
2001-09-17,9.850000,9.350000,9.515000,5.509587
2001-09-18,9.650000,9.450000,9.500000,5.500899
2001-09-19,9.520000,9.210000,9.350000,5.414042
2001-09-20,9.335000,8.995000,8.995000,5.208485
2001-09-21,8.885000,8.525000,8.825000,5.140619
2001-09-24,9.300000,9.000000,9.245000,5.385273
2001-09-25,9.340000,9.100000,9.270000,5.399837
2001-09-26,9.390000,9.085000,9.195000,5.356148
2001-09-27,9.390000,9.115000,9.295000,5.414398
2001-09-28,9.660000,9.340000,9.600000,5.592065
2001-10-01,9.630000,9.420000,9.630000,5.609538
2001-10-02,9.715000,9.565000,9.670000,5.632839
2001-10-03,9.790000,9.590000,9.790000,5.702742
2001-10-04,9.845000,9.620000,9.620000,5.603711
2001-10-05,9.790000,9.610000,9.790000,5.702742
2001-10-08,9.720000,9.505000,9.585000,5.583327
2001-10-09,9.715000,9.510000,9.675000,5.635750
2001-10-10,9.940000,9.725000,9.940000,5.790114
2001-10-11,10.295000,9.460000,10.265000,5.979429
2001-10-12,10.235000,10.050000,10.100000,5.883318
2001-10-15,10.120000,9.965000,10.105000,5.886231
2001-10-16,10.225000,10.030000,10.190000,5.935742
2001-10-17,10.275000,9.980000,9.995000,5.822153
2001-10-18,10.050000,9.890000,9.980000,5.813415
2001-10-19,9.880000,9.775000,9.855000,5.740603
2001-10-22,10.135000,9.850000,10.085000,5.874580
2001-10-23,10.270000,10.100000,10.215000,5.950307
2001-10-24,10.240000,10.090000,10.185000,5.932828
2001-10-25,10.180000,10.000000,10.165000,5.921181
2001-10-26,10.345000,10.190000,10.340000,6.023119
2001-10-29,10.300000,10.090000,10.090000,5.877493
2001-10-30,10.085000,9.925000,10.015000,5.833803
2001-10-31,10.050000,9.860000,9.860000,5.743515
2001-11-01,10.140000,9.830000,10.075000,5.868753
2001-11-02,10.285000,10.005000,10.230000,5.959042
2001-11-05,10.380000,10.215000,10.270000,5.982345
2001-11-06,10.485000,10.225000,10.485000,6.107583
2001-11-07,10.570000,10.400000,10.480000,6.104666
2001-11-08,10.600000,10.410000,10.490000,6.110495
2001-11-09,10.525000,10.375000,10.520000,6.127971
2001-11-12,10.450000,10.290000,10.375000,6.043507
2001-11-13,10.695000,10.475000,10.655000,6.206607
2001-11-14,10.890000,10.775000,10.830000,6.308548
2001-11-15,11.000000,10.850000,10.875000,6.334764
2001-11-16,11.000000,10.845000,10.930000,6.366796
2001-11-19,11.110000,10.970000,11.045000,6.433785
2001-11-20,11.035000,10.905000,11.000000,6.407572
2001-11-21,11.050000,10.925000,10.925000,6.363886
2001-11-23,11.135000,10.890000,11.135000,6.486212
2001-11-26,11.095000,10.920000,11.000000,6.407572
2001-11-27,11.140000,10.955000,11.085000,6.457087
2001-11-28,11.085000,10.930000,10.975000,6.393009
2001-11-29,11.040000,10.855000,10.970000,6.390097
2001-11-30,11.115000,10.930000,11.110000,6.471651
2001-12-03,11.010000,10.840000,10.840000,6.314373
2001-12-04,11.050000,10.900000,11.050000,6.436698
2001-12-05,11.430000,11.135000,11.300000,6.582321
2001-12-06,11.500000,11.265000,11.325000,6.596890
2001-12-07,11.285000,11.060000,11.085000,6.457087
2001-12-10,11.085000,10.865000,10.895000,6.346412
2001-12-11,11.070000,10.820000,10.980000,6.395924
2001-12-12,10.945000,10.735000,10.895000,6.346412
2001-12-13,10.810000,10.595000,10.635000,6.194955
2001-12-14,10.745000,10.600000,10.600000,6.174569
2001-12-17,10.840000,10.680000,10.780000,6.279419
2001-12-18,11.120000,10.835000,11.120000,6.477477
2001-12-19,10.955000,10.810000,10.920000,6.360971
2001-12-20,10.925000,10.815000,10.815000,6.299809
2001-12-21,10.880000,10.610000,10.715000,6.280761
2001-12-24,10.770000,10.630000,10.735000,6.292482
2001-12-26,10.775000,10.655000,10.655000,6.245587
2001-12-27,10.810000,10.655000,10.765000,6.310068
2001-12-28,10.885000,10.780000,10.845000,6.356960
2001-12-31,10.960000,10.710000,10.710000,6.277825
2002-01-02,10.830000,10.720000,10.790000,6.324722
2002-01-03,11.000000,10.735000,10.990000,6.441953
2002-01-04,11.255000,11.075000,11.200000,6.565049
2002-01-07,11.335000,11.200000,11.200000,6.565049
2002-01-08,11.220000,11.000000,11.010000,6.453677
2002-01-09,11.140000,10.945000,10.945000,6.415574
2002-01-10,10.950000,10.645000,10.755000,6.304207
2002-01-11,10.770000,10.625000,10.625000,6.228005
2002-01-14,10.555000,10.275000,10.275000,6.022847
2002-01-15,10.440000,10.275000,10.325000,6.052154
2002-01-16,10.250000,10.030000,10.080000,5.908545
2002-01-17,10.125000,9.845000,10.125000,5.934923
2002-01-18,10.175000,10.005000,10.035000,5.882167
2002-01-22,10.220000,10.075000,10.110000,5.926127
2002-01-23,10.295000,10.120000,10.275000,6.022847
2002-01-24,10.580000,10.385000,10.485000,6.145941
2002-01-25,10.865000,10.510000,10.795000,6.327651
2002-01-28,10.885000,10.740000,10.785000,6.321791
2002-01-29,10.825000,10.585000,10.645000,6.239729
2002-01-30,10.735000,10.540000,10.730000,6.289553
2002-01-31,10.980000,10.590000,10.960000,6.424369
2002-02-01,11.050000,10.875000,10.910000,6.395061
2002-02-04,10.935000,10.755000,10.810000,6.336445
2002-02-05,10.845000,10.660000,10.670000,6.254381
2002-02-06,10.805000,10.675000,10.700000,6.271965
2002-02-07,10.765000,10.650000,10.675000,6.257308
2002-02-08,10.890000,10.690000,10.890000,6.383336
2002-02-11,11.230000,10.915000,11.185000,6.556256
2002-02-12,11.200000,11.065000,11.110000,6.512297
2002-02-13,11.270000,11.110000,11.230000,6.582633
2002-02-14,11.250000,11.130000,11.205000,6.567976
2002-02-15,11.390000,11.245000,11.250000,6.594356
2002-02-19,11.285000,11.035000,11.035000,6.468331
2002-02-20,11.220000,11.090000,11.195000,6.562117
2002-02-21,11.495000,11.235000,11.300000,6.623661
2002-02-22,11.455000,11.290000,11.400000,6.682285
2002-02-25,11.515000,11.375000,11.460000,6.717450
2002-02-26,11.535000,11.395000,11.480000,6.729177
2002-02-27,11.640000,11.475000,11.545000,6.767277
2002-02-28,11.645000,11.510000,11.540000,6.764342
2002-03-01,11.710000,11.475000,11.710000,6.863993
2002-03-04,12.035000,11.750000,12.030000,7.051566
2002-03-05,11.915000,11.680000,11.685000,6.849342
2002-03-06,11.935000,11.715000,11.900000,6.975363
2002-03-07,11.905000,11.790000,11.820000,6.928468
2002-03-08,11.930000,11.685000,11.770000,6.899162
2002-03-11,11.815000,11.680000,11.755000,6.890371
2002-03-12,11.850000,11.660000,11.775000,6.902096
2002-03-13,11.790000,11.620000,11.625000,6.814172
2002-03-14,11.825000,11.625000,11.785000,6.907954
2002-03-15,11.870000,11.750000,11.855000,6.972359
2002-03-18,11.975000,11.840000,11.900000,6.998823
2002-03-19,12.065000,11.900000,12.010000,7.063516
2002-03-20,12.075000,11.930000,11.955000,7.031168
2002-03-21,11.955000,11.700000,11.760000,6.916486
2002-03-22,11.795000,11.655000,11.665000,6.860610
2002-03-25,11.700000,11.515000,11.515000,6.772392
2002-03-26,11.780000,11.465000,11.730000,6.898839
2002-03-27,11.980000,11.765000,11.975000,7.042930
2002-03-28,12.000000,11.845000,11.855000,6.972359
2002-04-01,11.810000,11.625000,11.790000,6.934125
2002-04-02,11.800000,11.710000,11.740000,6.904719
2002-04-03,11.815000,11.525000,11.575000,6.807678
2002-04-04,11.470000,11.315000,11.430000,6.722398
2002-04-05,11.655000,11.535000,11.585000,6.813559
2002-04-08,11.655000,11.475000,11.635000,6.842965
2002-04-09,11.700000,11.550000,11.625000,6.837085
2002-04-10,11.900000,11.675000,11.875000,6.984122
2002-04-11,11.955000,11.740000,11.740000,6.904719
2002-04-12,11.835000,11.645000,11.680000,6.869433
2002-04-15,11.715000,11.580000,11.650000,6.851789
2002-04-16,11.875000,11.670000,11.855000,6.972359
2002-04-17,11.925000,11.865000,11.910000,7.004704
2002-04-18,11.965000,11.750000,11.780000,6.928250
2002-04-19,11.865000,11.765000,11.800000,6.940012
2002-04-22,11.770000,11.470000,11.505000,6.766510
2002-04-23,11.485000,11.335000,11.365000,6.684170
2002-04-24,11.470000,11.255000,11.295000,6.643000
2002-04-25,11.275000,11.150000,11.270000,6.628298
2002-04-26,11.375000,11.240000,11.305000,6.648880
2002-04-29,11.260000,11.085000,11.115000,6.537137
2002-04-30,11.390000,11.075000,11.295000,6.643000
2002-05-01,11.420000,11.180000,11.310000,6.651823
2002-05-02,11.590000,11.360000,11.555000,6.795918
2002-05-03,11.675000,11.520000,11.630000,6.840024
2002-05-06,11.700000,11.535000,11.560000,6.798857
2002-05-07,11.770000,11.565000,11.650000,6.851789
2002-05-08,11.845000,11.740000,11.775000,6.925306
2002-05-09,11.900000,11.760000,11.785000,6.931189
2002-05-10,11.840000,11.730000,11.745000,6.907662
2002-05-13,11.830000,11.650000,11.830000,6.957652
2002-05-14,12.035000,11.910000,12.010000,7.063516
2002-05-15,12.120000,11.965000,12.040000,7.081160
2002-05-16,12.100000,11.960000,12.000000,7.057636
2002-05-17,12.055000,11.900000,12.055000,7.089986
2002-05-20,12.000000,11.910000,11.995000,7.054696
2002-05-21,12.090000,11.915000,11.975000,7.042930
2002-05-22,12.030000,11.940000,12.015000,7.066462
2002-05-23,12.210000,11.975000,12.210000,7.181146
2002-05-24,12.220000,12.045000,12.045000,7.084103
2002-05-28,12.095000,11.930000,11.975000,7.042930
2002-05-29,11.975000,11.855000,11.895000,6.995884
2002-05-30,11.905000,11.685000,11.790000,6.934125
2002-05-31,11.925000,11.775000,11.855000,6.972359
2002-06-03,11.905000,11.635000,11.670000,6.863552
2002-06-04,11.690000,11.540000,11.610000,6.828261
2002-06-05,11.705000,11.635000,11.700000,6.881196
2002-06-06,11.740000,11.505000,11.520000,6.775331
2002-06-07,11.580000,11.425000,11.525000,6.778272
2002-06-10,11.605000,11.465000,11.550000,6.792976
2002-06-11,11.635000,11.400000,11.420000,6.716519
2002-06-12,11.520000,11.350000,11.515000,6.772392
2002-06-13,11.530000,11.300000,11.310000,6.651823
2002-06-14,11.320000,11.125000,11.315000,6.654765
2002-06-17,11.500000,11.260000,11.500000,6.763567
2002-06-18,11.570000,11.465000,11.550000,6.792976
2002-06-19,11.675000,11.500000,11.525000,6.778272
2002-06-20,11.640000,11.475000,11.535000,6.784154
2002-06-21,11.515000,11.220000,11.335000,6.699923
2002-06-24,11.405000,11.275000,11.345000,6.705833
2002-06-25,11.555000,11.400000,11.420000,6.750170
2002-06-26,11.350000,11.210000,11.320000,6.691052
2002-06-27,11.425000,11.270000,11.410000,6.744254
2002-06-28,11.690000,11.430000,11.595000,6.853604
2002-07-01,11.620000,11.525000,11.525000,6.812231
2002-07-02,11.585000,11.255000,11.295000,6.676281
2002-07-03,11.300000,11.010000,11.185000,6.611262
2002-07-05,11.515000,11.250000,11.470000,6.779723
2002-07-08,11.555000,11.450000,11.500000,6.797453
2002-07-09,11.575000,11.340000,11.380000,6.726521
2002-07-10,11.305000,11.010000,11.045000,6.528510
2002-07-11,10.990000,10.750000,10.880000,6.430984
2002-07-12,10.950000,10.700000,10.770000,6.365964
2002-07-15,10.605000,10.105000,10.525000,6.221146
2002-07-16,10.525000,10.195000,10.335000,6.108842
2002-07-17,10.635000,10.350000,10.410000,6.153173
2002-07-18,10.555000,10.255000,10.255000,6.061555
2002-07-19,10.195000,9.795000,9.800000,5.792611
2002-07-22,9.800000,9.265000,9.345000,5.523672
2002-07-23,9.570000,9.250000,9.285000,5.488203
2002-07-24,9.910000,9.080000,9.840000,5.816256
2002-07-25,10.195000,9.780000,10.110000,5.975845
2002-07-26,10.155000,9.940000,10.155000,6.002448
2002-07-29,10.710000,10.245000,10.660000,6.300944
2002-07-30,10.690000,10.190000,10.260000,6.064510
2002-07-31,10.295000,10.030000,10.280000,6.076330
2002-08-01,10.335000,10.100000,10.215000,6.037910
2002-08-02,10.235000,9.695000,9.785000,5.783749
2002-08-05,9.910000,9.440000,9.450000,5.585734
2002-08-06,9.950000,9.550000,9.850000,5.822165
2002-08-07,10.095000,9.755000,10.095000,5.966979
2002-08-08,10.300000,9.975000,10.300000,6.088154
2002-08-09,10.445000,10.200000,10.420000,6.159083
2002-08-12,10.410000,10.210000,10.370000,6.129529
2002-08-13,10.435000,10.195000,10.200000,6.029043
2002-08-14,10.355000,9.850000,10.330000,6.105883
2002-08-15,10.400000,10.170000,10.325000,6.102930
2002-08-16,10.315000,9.975000,10.140000,5.993581
2002-08-19,10.350000,10.115000,10.350000,6.117707
2002-08-20,10.270000,10.150000,10.180000,6.017224
2002-08-21,10.350000,10.165000,10.305000,6.091110
2002-08-22,10.465000,10.305000,10.410000,6.153173
2002-08-23,10.380000,10.235000,10.265000,6.067463
2002-08-26,10.380000,10.195000,10.380000,6.135439
2002-08-27,10.560000,10.425000,10.425000,6.162039
2002-08-28,10.320000,10.075000,10.140000,5.993581
2002-08-29,10.205000,9.975000,10.110000,5.975845
2002-08-30,10.365000,10.100000,10.225000,6.043821
2002-09-03,10.125000,9.890000,9.925000,5.866498
2002-09-04,9.965000,9.855000,9.965000,5.890139
2002-09-05,9.860000,9.690000,9.695000,5.730549
2002-09-06,10.000000,9.775000,9.890000,5.845810
2002-09-09,10.060000,9.860000,10.035000,5.931516
2002-09-10,10.130000,9.995000,10.090000,5.964025
2002-09-11,10.245000,10.150000,10.150000,5.999490
2002-09-12,10.155000,9.955000,9.955000,5.884232
2002-09-13,9.980000,9.715000,9.895000,5.848764
2002-09-16,9.910000,9.770000,9.815000,5.801476
2002-09-17,9.940000,9.630000,9.630000,5.692128
2002-09-18,9.620000,9.400000,9.550000,5.644841
2002-09-19,9.515000,9.340000,9.340000,5.520712
2002-09-20,9.475000,9.325000,9.465000,5.628039
2002-09-23,9.390000,9.205000,9.290000,5.523984
2002-09-24,9.060000,8.850000,8.900000,5.292084
2002-09-25,9.175000,8.970000,9.120000,5.422899
2002-09-26,9.260000,9.100000,9.250000,5.500199
2002-09-27,9.215000,8.960000,8.985000,5.342625
2002-09-30,8.915000,8.630000,8.845000,5.259379
2002-10-01,9.400000,8.890000,9.395000,5.586419
2002-10-02,9.205000,8.875000,8.965000,5.330732
2002-10-03,9.070000,8.885000,8.885000,5.283166
2002-10-04,8.975000,8.660000,8.775000,5.217757
2002-10-07,8.765000,8.490000,8.515000,5.063157
2002-10-08,8.710000,8.340000,8.650000,5.143428
2002-10-09,8.550000,8.300000,8.315000,4.944233
2002-10-10,8.695000,8.265000,8.695000,5.170188
2002-10-11,9.140000,8.765000,9.045000,5.378303
2002-10-14,9.060000,8.975000,9.030000,5.369384
2002-10-15,9.505000,9.175000,9.505000,5.651826
2002-10-16,9.520000,9.250000,9.270000,5.512093
2002-10-17,9.600000,9.490000,9.535000,5.669666
2002-10-18,9.540000,9.340000,9.475000,5.633990
2002-10-21,9.800000,9.380000,9.800000,5.827237
2002-10-22,9.725000,9.545000,9.570000,5.690475
2002-10-23,9.690000,9.390000,9.555000,5.681557
2002-10-24,9.575000,9.240000,9.240000,5.494254
2002-10-25,9.510000,9.180000,9.510000,5.654800
2002-10-28,9.510000,9.345000,9.365000,5.568578
2002-10-29,9.365000,9.150000,9.320000,5.541823
2002-10-30,9.385000,9.205000,9.315000,5.538847
2002-10-31,9.435000,9.270000,9.350000,5.559659
2002-11-01,9.560000,9.260000,9.550000,5.678584
2002-11-04,9.715000,9.500000,9.520000,5.660746
2002-11-05,9.605000,9.475000,9.600000,5.708315
2002-11-06,9.895000,9.560000,9.850000,5.856967
2002-11-07,9.795000,9.600000,9.645000,5.735071
2002-11-08,9.790000,9.440000,9.500000,5.648853
2002-11-11,9.475000,9.175000,9.225000,5.485333
2002-11-12,9.470000,9.200000,9.350000,5.559659
2002-11-13,9.470000,9.230000,9.340000,5.553713
2002-11-14,9.650000,9.425000,9.625000,5.723181
2002-11-15,9.720000,9.585000,9.650000,5.738046
2002-11-18,9.715000,9.515000,9.540000,5.672638
2002-11-19,9.655000,9.470000,9.540000,5.672638
2002-11-20,9.645000,9.460000,9.645000,5.735071
2002-11-21,10.035000,9.645000,10.035000,5.966973
2002-11-22,10.120000,9.900000,9.915000,5.895617
2002-11-25,10.050000,9.850000,10.010000,5.952109
2002-11-26,9.975000,9.800000,9.915000,5.895617
2002-11-27,10.245000,9.925000,10.245000,6.091842
2002-11-29,10.500000,10.275000,10.475000,6.228605
2002-12-02,10.575000,10.170000,10.280000,6.112653
2002-12-03,10.250000,10.135000,10.160000,6.041298
2002-12-04,10.190000,9.960000,10.105000,6.008596
2002-12-05,10.090000,9.955000,10.025000,5.961027
2002-12-06,10.125000,9.865000,10.085000,5.996705
2002-12-09,10.040000,9.855000,9.855000,5.859939
2002-12-10,9.925000,9.800000,9.925000,5.901566
2002-12-11,10.060000,9.830000,10.035000,5.966973
2002-12-12,10.065000,9.940000,9.940000,5.910486
2002-12-13,9.970000,9.835000,9.880000,5.874804
2002-12-16,10.230000,9.855000,10.205000,6.068055
2002-12-17,10.280000,10.130000,10.130000,6.023461
2002-12-18,10.070000,9.940000,10.025000,5.961027
2002-12-19,10.070000,9.870000,9.900000,5.886701
2002-12-20,10.010000,9.885000,9.995000,5.988250
2002-12-23,10.010000,9.910000,9.945000,5.958294
2002-12-24,9.985000,9.920000,9.950000,5.961289
2002-12-26,10.075000,9.905000,9.960000,5.967280
2002-12-27,9.940000,9.810000,9.850000,5.901378
2002-12-30,9.905000,9.765000,9.880000,5.919349
2002-12-31,9.955000,9.775000,9.920000,5.943318
2003-01-02,10.185000,9.925000,10.180000,6.099089
2003-01-03,10.160000,10.070000,10.125000,6.066135
2003-01-06,10.385000,10.195000,10.320000,6.182971
2003-01-07,10.370000,10.240000,10.285000,6.161998
2003-01-08,10.250000,10.005000,10.020000,6.003228
2003-01-09,10.205000,10.075000,10.175000,6.096094
2003-01-10,10.300000,10.090000,10.285000,6.161998
2003-01-13,10.360000,10.205000,10.240000,6.135039
2003-01-14,10.290000,10.205000,10.290000,6.164995
2003-01-15,10.235000,10.065000,10.120000,6.063142
2003-01-16,10.240000,10.100000,10.175000,6.096094
2003-01-17,10.210000,10.080000,10.095000,6.048162
2003-01-21,10.110000,9.865000,9.875000,5.916357
2003-01-22,9.915000,9.750000,9.755000,5.844463
2003-01-23,9.950000,9.805000,9.900000,5.931336
2003-01-24,9.915000,9.640000,9.680000,5.799529
2003-01-27,9.595000,9.380000,9.380000,5.619789
2003-01-28,9.515000,9.375000,9.460000,5.667720
2003-01-29,9.580000,9.310000,9.535000,5.712656
2003-01-30,9.495000,9.300000,9.325000,5.586836
2003-01-31,9.495000,9.300000,9.425000,5.646751
2003-02-03,9.515000,9.395000,9.450000,5.661730
2003-02-04,9.425000,9.295000,9.410000,5.637764
2003-02-05,9.555000,9.375000,9.385000,5.622786
2003-02-06,9.400000,9.240000,9.275000,5.556882
2003-02-07,9.370000,9.210000,9.230000,5.529919
2003-02-10,9.315000,9.180000,9.275000,5.556882
2003-02-11,9.335000,9.150000,9.170000,5.493976
2003-02-12,9.220000,9.125000,9.150000,5.481992
2003-02-13,9.220000,9.100000,9.175000,5.496971
2003-02-14,9.285000,9.035000,9.180000,5.499965
2003-02-18,9.430000,9.300000,9.385000,5.622786
2003-02-19,9.450000,9.230000,9.300000,5.571859
2003-02-20,9.330000,9.165000,9.205000,5.514943
2003-02-21,9.355000,9.150000,9.355000,5.604811
2003-02-24,9.355000,9.125000,9.125000,5.467013
2003-02-25,9.105000,8.910000,9.105000,5.455031
2003-02-26,9.230000,9.115000,9.145000,5.478995
2003-02-27,9.225000,9.100000,9.155000,5.484987
2003-02-28,9.250000,9.145000,9.175000,5.496971
2003-03-03,9.285000,9.140000,9.140000,5.475999
2003-03-04,9.135000,8.920000,8.920000,5.344194
2003-03-05,8.970000,8.835000,8.955000,5.365161
2003-03-06,8.930000,8.765000,8.800000,5.272297
2003-03-07,8.885000,8.675000,8.850000,5.302254
2003-03-10,8.820000,8.680000,8.680000,5.200405
2003-03-11,8.785000,8.610000,8.615000,5.161459
2003-03-12,8.625000,8.505000,8.625000,5.167451
2003-03-13,9.010000,8.775000,9.010000,5.398114
2003-03-14,9.160000,8.965000,9.060000,5.428070
2003-03-17,9.365000,9.010000,9.365000,5.610802
2003-03-18,9.590000,9.400000,9.550000,5.721641
2003-03-19,9.555000,9.425000,9.515000,5.700673
2003-03-20,9.545000,9.370000,9.530000,5.709658
2003-03-21,9.830000,9.500000,9.830000,5.916089
2003-03-24,9.675000,9.420000,9.445000,5.684381
2003-03-25,9.565000,9.425000,9.455000,5.690401
2003-03-26,9.495000,9.375000,9.430000,5.675354
2003-03-27,9.360000,9.250000,9.320000,5.609151
2003-03-28,9.340000,9.235000,9.340000,5.621188
2003-03-31,9.240000,9.090000,9.190000,5.530912
2003-04-01,9.290000,9.080000,9.290000,5.591094
2003-04-02,9.510000,9.390000,9.480000,5.705444
2003-04-03,9.510000,9.385000,9.385000,5.648270
2003-04-04,9.480000,9.375000,9.440000,5.681373
2003-04-07,9.750000,9.515000,9.515000,5.726511
2003-04-08,9.525000,9.400000,9.455000,5.690401
2003-04-09,9.515000,9.290000,9.290000,5.591094
2003-04-10,9.345000,9.275000,9.325000,5.612158
2003-04-11,9.465000,9.290000,9.305000,5.600122
2003-04-14,9.495000,9.310000,9.490000,5.711463
2003-04-15,9.655000,9.430000,9.655000,5.810766
2003-04-16,9.695000,9.510000,9.525000,5.732526
2003-04-17,9.665000,9.520000,9.660000,5.813775
2003-04-21,9.725000,9.625000,9.645000,5.804747
2003-04-22,9.845000,9.590000,9.845000,5.925120
2003-04-23,9.955000,9.790000,9.920000,5.970257
2003-04-24,10.000000,9.845000,9.865000,5.937153
2003-04-25,9.875000,9.650000,9.715000,5.846878
2003-04-28,9.920000,9.690000,9.885000,5.949191
2003-04-29,10.010000,9.860000,9.970000,6.000349
2003-04-30,10.095000,9.910000,10.020000,6.030441
2003-05-01,9.990000,9.820000,9.950000,5.988312
2003-05-02,10.085000,9.965000,10.080000,6.066549
2003-05-05,10.115000,10.015000,10.055000,6.051506
2003-05-06,10.170000,10.050000,10.120000,6.090624
2003-05-07,10.120000,10.000000,10.050000,6.048495
2003-05-08,10.070000,9.940000,9.950000,5.988312
2003-05-09,10.140000,9.955000,10.135000,6.099653
2003-05-12,10.295000,10.065000,10.280000,6.186917
2003-05-13,10.270000,10.165000,10.210000,6.144788
2003-05-14,10.230000,10.080000,10.150000,6.108678
2003-05-15,10.215000,10.115000,10.210000,6.144788
2003-05-16,10.220000,10.100000,10.165000,6.117706
2003-05-19,10.140000,9.955000,9.975000,6.003357
2003-05-20,10.050000,9.855000,9.945000,5.985299
2003-05-21,10.045000,9.900000,10.010000,6.024420
2003-05-22,10.115000,9.965000,10.095000,6.075575
2003-05-23,10.120000,10.040000,10.110000,6.084605
2003-05-27,10.315000,10.080000,10.290000,6.192938
2003-05-28,10.325000,10.210000,10.260000,6.174881
2003-05-29,10.325000,10.145000,10.175000,6.123724
2003-05-30,10.345000,10.185000,10.330000,6.217007
2003-06-02,10.560000,10.380000,10.430000,6.277196
2003-06-03,10.470000,10.375000,10.435000,6.280202
2003-06-04,10.635000,10.415000,10.610000,6.385527
2003-06-05,10.655000,10.545000,10.635000,6.400568
2003-06-06,10.775000,10.580000,10.615000,6.388534
2003-06-09,10.570000,10.430000,10.435000,6.280202
2003-06-10,10.555000,10.460000,10.510000,6.325342
2003-06-11,10.620000,10.515000,10.610000,6.385527
2003-06-12,10.700000,10.585000,10.700000,6.439688
2003-06-13,10.700000,10.530000,10.560000,6.355429
2003-06-16,10.775000,10.565000,10.775000,6.484830
2003-06-17,10.835000,10.715000,10.815000,6.508903
2003-06-18,10.820000,10.690000,10.705000,6.442701
2003-06-19,10.785000,10.650000,10.655000,6.412609
2003-06-20,10.645000,10.530000,10.545000,6.382046
2003-06-23,10.535000,10.300000,10.350000,6.264027
2003-06-24,10.425000,10.330000,10.375000,6.279159
2003-06-25,10.445000,10.285000,10.305000,6.236794
2003-06-26,10.475000,10.290000,10.460000,6.330600
2003-06-27,10.490000,10.320000,10.370000,6.276130
2003-06-30,10.415000,10.270000,10.365000,6.273105
2003-07-01,10.360000,10.175000,10.340000,6.257975
2003-07-02,10.480000,10.335000,10.470000,6.336653
2003-07-03,10.455000,10.330000,10.395000,6.291261
2003-07-07,10.550000,10.365000,10.535000,6.375994
2003-07-08,10.530000,10.455000,10.520000,6.366916
2003-07-09,10.520000,10.400000,10.485000,6.345731
2003-07-10,10.415000,10.250000,10.305000,6.236794
2003-07-11,10.405000,10.340000,10.370000,6.276130
2003-07-14,10.490000,10.375000,10.410000,6.300340
2003-07-15,10.475000,10.305000,10.335000,6.254950
2003-07-16,10.385000,10.235000,10.290000,6.227715
2003-07-17,10.340000,10.210000,10.270000,6.215610
2003-07-18,10.500000,10.350000,10.500000,6.354812
2003-07-21,10.520000,10.415000,10.460000,6.330600
2003-07-22,10.675000,10.435000,10.675000,6.460723
2003-07-23,10.705000,10.575000,10.700000,6.475851
2003-07-24,10.965000,10.750000,10.825000,6.551505
2003-07-25,11.075000,10.800000,11.075000,6.702814
2003-07-28,11.125000,10.985000,11.075000,6.702814
2003-07-29,11.115000,10.885000,11.045000,6.684654
2003-07-30,11.075000,11.000000,11.050000,6.687681
2003-07-31,11.300000,11.080000,11.180000,6.766358
2003-08-01,11.190000,11.005000,11.065000,6.696758
2003-08-04,11.130000,10.910000,11.090000,6.711890
2003-08-05,11.100000,10.885000,10.885000,6.587817
2003-08-06,10.965000,10.805000,10.865000,6.575714
2003-08-07,10.910000,10.755000,10.875000,6.581768
2003-08-08,11.000000,10.875000,10.985000,6.648343
2003-08-11,11.080000,10.950000,11.040000,6.681625
2003-08-12,11.105000,10.980000,11.100000,6.717941
2003-08-13,11.140000,11.050000,11.090000,6.711890
2003-08-14,11.300000,11.075000,11.270000,6.820827
2003-08-15,11.325000,11.150000,11.225000,6.793596
2003-08-18,11.400000,11.245000,11.375000,6.884377
2003-08-19,11.495000,11.375000,11.495000,6.957000
2003-08-20,11.520000,11.430000,11.475000,6.944900
2003-08-21,11.650000,11.500000,11.545000,6.987267
2003-08-22,11.570000,11.355000,11.355000,6.872272
2003-08-25,11.325000,11.205000,11.300000,6.838985
2003-08-26,11.325000,11.125000,11.315000,6.848064
2003-08-27,11.380000,11.265000,11.355000,6.872272
2003-08-28,11.505000,11.265000,11.475000,6.944900
2003-08-29,11.505000,11.420000,11.490000,6.953976
2003-09-02,11.645000,11.435000,11.625000,7.035681
2003-09-03,11.670000,11.575000,11.630000,7.038707
2003-09-04,11.570000,11.470000,11.525000,6.975161
2003-09-05,11.520000,11.400000,11.480000,6.947926
2003-09-08,11.635000,11.455000,11.580000,7.008447
2003-09-09,11.605000,11.500000,11.535000,6.981211
2003-09-10,11.540000,11.285000,11.315000,6.848064
2003-09-11,11.395000,11.290000,11.350000,6.869246
2003-09-12,11.575000,11.300000,11.530000,6.978185
2003-09-15,11.595000,11.455000,11.485000,6.950948
2003-09-16,11.570000,11.455000,11.545000,6.987267
2003-09-17,11.500000,11.375000,11.375000,6.884377
2003-09-18,11.485000,11.375000,11.460000,6.935821
2003-09-19,11.455000,11.350000,11.450000,6.966242
2003-09-22,11.350000,11.220000,11.265000,6.853685
2003-09-23,11.320000,11.185000,11.300000,6.874978
2003-09-24,11.335000,11.080000,11.125000,6.768509
2003-09-25,11.125000,10.945000,10.945000,6.658999
2003-09-26,10.965000,10.890000,10.915000,6.640745
2003-09-29,11.090000,10.915000,11.085000,6.744173
2003-09-30,11.030000,10.850000,10.915000,6.640745
2003-10-01,11.110000,10.955000,11.100000,6.753300
2003-10-02,11.200000,11.090000,11.180000,6.801970
2003-10-03,11.420000,11.265000,11.315000,6.884107
2003-10-06,11.355000,11.255000,11.310000,6.881065
2003-10-07,11.365000,11.220000,11.360000,6.911486
2003-10-08,11.475000,11.375000,11.400000,6.935821
2003-10-09,11.535000,11.400000,11.445000,6.963196
2003-10-10,11.500000,11.400000,11.410000,6.941905
2003-10-13,11.565000,11.475000,11.530000,7.014910
2003-10-14,11.605000,11.500000,11.605000,7.060543
2003-10-15,11.660000,11.525000,11.595000,7.054460
2003-10-16,11.720000,11.535000,11.635000,7.078794
2003-10-17,11.685000,11.500000,11.525000,7.011873
2003-10-20,11.600000,11.515000,11.570000,7.039249
2003-10-21,11.645000,11.565000,11.600000,7.057501
2003-10-22,11.525000,11.375000,11.405000,6.938863
2003-10-23,11.495000,11.385000,11.455000,6.969281
2003-10-24,11.465000,11.350000,11.435000,6.957112
2003-10-27,11.555000,11.425000,11.515000,7.005786
2003-10-28,11.635000,11.500000,11.615000,7.066628
2003-10-29,11.785000,11.570000,11.770000,7.160930
2003-10-30,12.030000,11.875000,11.975000,7.285652
2003-10-31,12.045000,11.910000,11.955000,7.273482
2003-11-03,12.150000,11.905000,11.980000,7.288694
2003-11-04,12.005000,11.905000,11.960000,7.276526
2003-11-05,11.975000,11.850000,11.915000,7.249152
2003-11-06,11.950000,11.830000,11.950000,7.270445
2003-11-07,12.050000,11.950000,11.995000,7.297822
2003-11-10,12.000000,11.815000,11.825000,7.194393
2003-11-11,11.865000,11.785000,11.795000,7.176140
2003-11-12,11.980000,11.805000,11.980000,7.288694
2003-11-13,11.975000,11.900000,11.970000,7.282616
2003-11-14,12.085000,11.885000,11.900000,7.240025
2003-11-17,11.890000,11.715000,11.820000,7.191350
2003-11-18,11.870000,11.735000,11.785000,7.170054
2003-11-19,11.820000,11.725000,11.790000,7.173097
2003-11-20,11.820000,11.635000,11.700000,7.118343
2003-11-21,11.775000,11.695000,11.730000,7.136598
2003-11-24,11.890000,11.785000,11.885000,7.230897
2003-11-25,12.080000,11.885000,12.055000,7.334327
2003-11-26,12.215000,12.120000,12.200000,7.422543
2003-11-28,12.250000,12.200000,12.225000,7.437755
2003-12-01,12.590000,12.300000,12.590000,7.659823
2003-12-02,12.610000,12.515000,12.575000,7.650697
2003-12-03,12.750000,12.585000,12.680000,7.714579
2003-12-04,12.780000,12.645000,12.765000,7.766298
2003-12-05,12.750000,12.625000,12.650000,7.696326
2003-12-08,12.860000,12.650000,12.860000,7.824093
2003-12-09,12.965000,12.840000,12.840000,7.811925
2003-12-10,12.875000,12.650000,12.690000,7.720665
2003-12-11,12.840000,12.640000,12.815000,7.796713
2003-12-12,12.945000,12.830000,12.925000,7.863640
2003-12-15,13.075000,12.865000,12.910000,7.854517
2003-12-16,12.940000,12.785000,12.910000,7.854517
2003-12-17,12.995000,12.815000,12.985000,7.900141
2003-12-18,13.130000,12.950000,13.095000,7.967068
2003-12-19,13.100000,12.965000,13.025000,7.971048
2003-12-22,13.170000,13.060000,13.155000,8.050607
2003-12-23,13.215000,13.095000,13.185000,8.068962
2003-12-24,13.175000,13.100000,13.135000,8.038363
2003-12-26,13.250000,13.160000,13.240000,8.102622
2003-12-29,13.470000,13.250000,13.450000,8.231139
2003-12-30,13.500000,13.305000,13.370000,8.182179
2003-12-31,13.415000,13.290000,13.345000,8.166880
2004-01-02,13.450000,13.250000,13.280000,8.127100
2004-01-05,13.550000,13.400000,13.550000,8.292334
2004-01-06,13.540000,13.320000,13.430000,8.218895
2004-01-07,13.425000,13.190000,13.360000,8.176058
2004-01-08,13.515000,13.400000,13.510000,8.267859
2004-01-09,13.395000,13.225000,13.275000,8.124043
2004-01-12,13.275000,13.165000,13.250000,8.108740
2004-01-13,13.280000,13.025000,13.080000,8.004704
2004-01-14,13.160000,13.050000,13.135000,8.038363
2004-01-15,13.200000,12.965000,13.035000,7.977162
2004-01-16,13.085000,12.975000,13.030000,7.974104
2004-01-20,13.125000,13.035000,13.080000,8.004704
2004-01-21,13.165000,12.955000,13.090000,8.010824
2004-01-22,13.090000,12.920000,12.955000,7.928207
2004-01-23,12.970000,12.675000,12.705000,7.775211
2004-01-26,12.825000,12.690000,12.825000,7.848653
2004-01-27,12.870000,12.780000,12.790000,7.827229
2004-01-28,12.975000,12.640000,12.685000,7.762972
2004-01-29,12.825000,12.505000,12.605000,7.714014
2004-01-30,12.765000,12.575000,12.755000,7.805809
2004-02-02,12.775000,12.640000,12.695000,7.769092
2004-02-03,12.720000,12.605000,12.625000,7.726254
2004-02-04,12.625000,12.465000,12.540000,7.674235
2004-02-05,12.750000,12.490000,12.700000,7.772152
2004-02-06,12.960000,12.705000,12.955000,7.928207
2004-02-09,13.035000,12.930000,12.965000,7.934327
2004-02-10,13.075000,12.940000,13.035000,7.977162
2004-02-11,13.365000,13.040000,13.355000,8.172998
2004-02-12,13.395000,13.295000,13.315000,8.148520
2004-02-13,13.385000,13.160000,13.210000,8.084259
2004-02-17,13.375000,13.295000,13.350000,8.169941
2004-02-18,13.415000,13.255000,13.295000,8.136279
2004-02-19,13.530000,13.325000,13.380000,8.188301
2004-02-20,13.415000,13.125000,13.265000,8.117922
2004-02-23,13.335000,13.230000,13.270000,8.120979
2004-02-24,13.435000,13.225000,13.330000,8.157701
2004-02-25,13.385000,13.280000,13.350000,8.169941
2004-02-26,13.370000,13.250000,13.350000,8.169941
2004-02-27,13.490000,13.350000,13.420000,8.212779
2004-03-01,13.670000,13.485000,13.640000,8.347413
2004-03-02,13.645000,13.450000,13.470000,8.243379
2004-03-03,13.455000,13.295000,13.390000,8.194420
2004-03-04,13.480000,13.340000,13.465000,8.240316
2004-03-05,13.530000,13.390000,13.460000,8.237257
2004-03-08,13.470000,13.305000,13.315000,8.148520
2004-03-09,13.290000,13.040000,13.115000,8.026122
2004-03-10,13.090000,12.675000,12.750000,7.802749
2004-03-11,12.905000,12.620000,12.635000,7.732372
2004-03-12,12.855000,12.695000,12.840000,7.857835
2004-03-15,12.790000,12.515000,12.530000,7.668116
2004-03-16,12.745000,12.525000,12.650000,7.741550
2004-03-17,12.865000,12.655000,12.810000,7.839470
2004-03-18,12.850000,12.710000,12.805000,7.836409
2004-03-19,12.900000,12.750000,12.760000,7.836102
2004-03-22,12.715000,12.405000,12.480000,7.664151
2004-03-23,12.690000,12.505000,12.545000,7.704067
2004-03-24,12.595000,12.445000,12.490000,7.670290
2004-03-25,12.840000,12.565000,12.815000,7.869877
2004-03-26,12.905000,12.750000,12.850000,7.891370
2004-03-29,13.105000,12.875000,13.035000,8.004982
2004-03-30,13.155000,12.990000,13.130000,8.063325
2004-03-31,13.175000,13.020000,13.065000,8.023408
2004-04-01,13.245000,13.095000,13.160000,8.081743
2004-04-02,13.400000,13.250000,13.380000,8.216855
2004-04-05,13.380000,13.255000,13.335000,8.189219
2004-04-06,13.420000,13.290000,13.400000,8.229139
2004-04-07,13.350000,13.195000,13.245000,8.133947
2004-04-08,13.315000,13.090000,13.170000,8.087888
2004-04-12,13.340000,13.210000,13.320000,8.180004
2004-04-13,13.340000,13.005000,13.030000,8.001914
2004-04-14,13.200000,12.900000,13.075000,8.029546
2004-04-15,13.190000,13.030000,13.150000,8.075609
2004-04-16,13.290000,13.125000,13.265000,8.146229
2004-04-19,13.310000,13.175000,13.245000,8.133947
2004-04-20,13.295000,12.970000,12.970000,7.965068
2004-04-21,12.905000,12.730000,12.845000,7.888302
2004-04-22,13.285000,12.875000,13.275000,8.152369
2004-04-23,13.300000,13.005000,13.175000,8.090959
2004-04-26,13.280000,13.090000,13.110000,8.051044
2004-04-27,13.200000,13.080000,13.135000,8.066396
2004-04-28,13.015000,12.675000,12.690000,7.793116
2004-04-29,13.230000,12.405000,12.535000,7.697924
2004-04-30,12.600000,12.430000,12.460000,7.651868
2004-05-03,12.535000,12.360000,12.500000,7.676429
2004-05-04,12.735000,12.530000,12.620000,7.750124
2004-05-05,12.650000,12.550000,12.575000,7.722489
2004-05-06,12.495000,12.315000,12.450000,7.645726
2004-05-07,12.430000,12.005000,12.005000,7.372446
2004-05-10,12.080000,11.795000,11.985000,7.360163
2004-05-11,12.135000,12.010000,12.135000,7.452281
2004-05-12,12.125000,11.860000,12.115000,7.439998
2004-05-13,12.245000,12.050000,12.210000,7.498341
2004-05-14,12.250000,12.115000,12.165000,7.470706
2004-05-17,12.095000,11.895000,11.935000,7.329456
2004-05-18,12.170000,11.980000,12.155000,7.464562
2004-05-19,12.480000,12.135000,12.180000,7.479917
2004-05-20,12.265000,11.910000,12.150000,7.461491
2004-05-21,12.425000,12.225000,12.280000,7.541333
2004-05-24,12.515000,12.320000,12.400000,7.615025
2004-05-25,12.645000,12.315000,12.645000,7.765481
2004-05-26,12.700000,12.605000,12.680000,7.786974
2004-05-27,12.865000,12.750000,12.800000,7.860666
2004-05-28,12.815000,12.710000,12.810000,7.866810
2004-06-01,12.815000,12.690000,12.780000,7.848384
2004-06-02,12.830000,12.655000,12.805000,7.863738
2004-06-03,12.790000,12.555000,12.565000,7.716348
2004-06-04,12.750000,12.610000,12.680000,7.786974
2004-06-07,12.950000,12.750000,12.940000,7.946639
2004-06-08,12.960000,12.855000,12.950000,7.952785
2004-06-09,12.955000,12.800000,12.800000,7.860666
2004-06-10,13.000000,12.800000,12.860000,7.897514
2004-06-14,12.840000,12.660000,12.680000,7.786974
2004-06-15,12.880000,12.750000,12.810000,7.866810
2004-06-16,12.860000,12.700000,12.815000,7.869877
2004-06-17,12.865000,12.785000,12.865000,7.900582
2004-06-18,13.020000,12.780000,12.980000,8.008554
2004-06-21,13.005000,12.925000,12.930000,7.977709
2004-06-22,12.980000,12.815000,12.975000,8.005474
2004-06-23,13.165000,12.985000,13.135000,8.104191
2004-06-24,13.200000,13.090000,13.125000,8.098023
2004-06-25,13.250000,13.110000,13.160000,8.119616
2004-06-28,13.275000,13.095000,13.115000,8.091854
2004-06-29,13.300000,13.105000,13.295000,8.202911
2004-06-30,13.410000,13.250000,13.390000,8.261524
2004-07-01,13.390000,13.065000,13.150000,8.113445
2004-07-02,13.090000,12.975000,13.070000,8.064088
2004-07-06,13.075000,12.950000,12.970000,8.002392
2004-07-07,13.165000,12.965000,13.120000,8.094937
2004-07-08,13.130000,13.000000,13.010000,8.027066
2004-07-09,13.090000,12.990000,13.060000,8.057917
2004-07-12,13.115000,12.975000,13.070000,8.064088
2004-07-13,13.115000,13.045000,13.115000,8.091854
2004-07-14,13.235000,13.035000,13.115000,8.091854
2004-07-15,13.210000,13.115000,13.140000,8.107277
2004-07-16,13.255000,13.160000,13.170000,8.125789
2004-07-19,13.185000,13.055000,13.110000,8.088768
2004-07-20,13.120000,12.970000,13.090000,8.076429
2004-07-21,13.165000,12.840000,12.840000,7.922182
2004-07-22,12.845000,12.630000,12.785000,7.888246
2004-07-23,12.760000,12.620000,12.720000,7.848145
2004-07-26,12.775000,12.535000,12.610000,7.780271
2004-07-27,12.845000,12.540000,12.825000,7.912921
2004-07-28,12.960000,12.730000,12.940000,7.983873
2004-07-29,13.145000,12.950000,13.110000,8.088768
2004-07-30,13.120000,13.045000,13.085000,8.073341
2004-08-02,13.175000,12.985000,13.165000,8.122705
2004-08-03,13.150000,12.980000,13.035000,8.042491
2004-08-04,13.110000,12.905000,13.055000,8.054833
2004-08-05,13.100000,12.770000,12.775000,7.882076
2004-08-06,12.770000,12.500000,12.545000,7.740167
2004-08-09,12.650000,12.500000,12.625000,7.789526
2004-08-10,12.830000,12.660000,12.830000,7.916009
2004-08-11,12.815000,12.620000,12.785000,7.888246
2004-08-12,12.760000,12.585000,12.610000,7.780271
2004-08-13,12.650000,12.495000,12.565000,7.752507
2004-08-16,12.920000,12.600000,12.915000,7.968452
2004-08-17,13.055000,12.890000,12.985000,8.011645
2004-08-18,13.100000,12.880000,13.100000,8.082595
2004-08-19,13.150000,13.050000,13.120000,8.094937
2004-08-20,13.275000,13.115000,13.225000,8.159721
2004-08-23,13.260000,13.100000,13.115000,8.091854
2004-08-24,13.215000,13.080000,13.150000,8.113445
2004-08-25,13.305000,13.040000,13.295000,8.202911
2004-08-26,13.385000,13.235000,13.365000,8.246099
2004-08-27,13.415000,13.320000,13.380000,8.255356
2004-08-30,13.455000,13.265000,13.265000,8.184400
2004-08-31,13.350000,13.215000,13.305000,8.209085
2004-09-01,13.425000,13.275000,13.360000,8.243016
2004-09-02,13.565000,13.355000,13.545000,8.357160
2004-09-03,13.550000,13.500000,13.515000,8.338648
2004-09-07,13.655000,13.530000,13.635000,8.412690
2004-09-08,13.600000,13.455000,13.480000,8.317053
2004-09-09,13.555000,13.480000,13.505000,8.332480
2004-09-10,13.500000,13.315000,13.395000,8.264610
2004-09-13,13.460000,13.355000,13.380000,8.255356
2004-09-14,13.375000,13.240000,13.365000,8.246099
2004-09-15,13.370000,13.260000,13.310000,8.212167
2004-09-16,13.405000,13.310000,13.365000,8.246099
2004-09-17,13.375000,13.230000,13.245000,8.210458
2004-09-20,13.360000,13.200000,13.260000,8.219753
2004-09-21,13.365000,13.250000,13.320000,8.256947
2004-09-22,13.325000,13.205000,13.205000,8.185663
2004-09-23,13.225000,13.085000,13.090000,8.114374
2004-09-24,13.255000,13.075000,13.205000,8.185663
2004-09-27,13.265000,13.130000,13.190000,8.176363
2004-09-28,13.525000,13.265000,13.515000,8.377829
2004-09-29,13.590000,13.485000,13.580000,8.418121
2004-09-30,13.790000,13.575000,13.775000,8.538997
2004-10-01,13.865000,13.745000,13.850000,8.585490
2004-10-04,13.950000,13.825000,13.880000,8.604087
2004-10-05,13.875000,13.780000,13.860000,8.591692
2004-10-06,14.085000,13.850000,14.085000,8.731165
2004-10-07,14.090000,13.900000,13.905000,8.619586
2004-10-08,13.975000,13.775000,13.825000,8.569994
2004-10-11,13.905000,13.795000,13.825000,8.569994
2004-10-12,13.750000,13.595000,13.675000,8.477009
2004-10-13,13.675000,13.245000,13.365000,8.284842
2004-10-14,13.425000,13.325000,13.340000,8.269345
2004-10-15,13.540000,13.390000,13.465000,8.346828
2004-10-18,13.505000,13.360000,13.430000,8.325135
2004-10-19,13.480000,13.110000,13.110000,8.126770
2004-10-20,13.245000,13.110000,13.200000,8.182566
2004-10-21,13.345000,13.130000,13.295000,8.241450
2004-10-22,13.450000,13.205000,13.210000,8.188758
2004-10-25,13.375000,13.200000,13.340000,8.269345
2004-10-26,13.475000,13.280000,13.470000,8.349927
2004-10-27,13.630000,13.395000,13.625000,8.446015
2004-10-28,13.520000,13.300000,13.450000,8.337530
2004-10-29,13.650000,13.500000,13.645000,8.458411
2004-11-01,13.700000,13.580000,13.660000,8.467711
2004-11-02,13.765000,13.590000,13.595000,8.427420
2004-11-03,13.855000,13.635000,13.795000,8.551397
2004-11-04,14.125000,13.795000,14.125000,8.755962
2004-11-05,14.265000,14.105000,14.185000,8.793153
2004-11-08,14.215000,14.170000,14.190000,8.796253
2004-11-09,14.360000,14.180000,14.335000,8.886139
2004-11-10,14.375000,14.285000,14.330000,8.883037
2004-11-11,14.455000,14.315000,14.440000,8.951223
2004-11-12,14.595000,14.440000,14.590000,9.044210
2004-11-15,14.625000,14.465000,14.500000,8.988417
2004-11-16,14.515000,14.415000,14.415000,8.935728
2004-11-17,14.720000,14.490000,14.525000,9.003916
2004-11-18,14.655000,14.525000,14.570000,9.031812
2004-11-19,14.595000,14.420000,14.470000,8.969822
2004-11-22,14.640000,14.430000,14.640000,9.075205
2004-11-23,14.680000,14.510000,14.570000,9.031812
2004-11-24,14.710000,14.575000,14.710000,9.118596
2004-11-26,14.900000,14.695000,14.855000,9.208481
2004-11-29,14.890000,14.700000,14.815000,9.183683
2004-11-30,14.915000,14.740000,14.755000,9.146488
2004-12-01,14.935000,14.750000,14.890000,9.230175
2004-12-02,14.900000,14.630000,14.705000,9.115502
2004-12-03,14.710000,14.575000,14.695000,9.109299
2004-12-06,14.700000,14.565000,14.655000,9.084503
2004-12-07,14.675000,14.340000,14.345000,8.892336
2004-12-08,14.410000,14.155000,14.405000,8.929527
2004-12-09,14.530000,14.220000,14.500000,8.988417
2004-12-10,14.580000,14.460000,14.495000,8.985319
2004-12-13,14.720000,14.525000,14.705000,9.115502
2004-12-14,14.725000,14.550000,14.690000,9.106198
2004-12-15,14.850000,14.700000,14.845000,9.202283
2004-12-16,14.835000,14.665000,14.730000,9.130993
2004-12-17,14.685000,14.550000,14.625000,9.119145
2004-12-20,14.775000,14.625000,14.685000,9.156563
2004-12-21,14.885000,14.700000,14.870000,9.271910
2004-12-22,14.970000,14.805000,14.875000,9.275030
2004-12-23,14.935000,14.855000,14.910000,9.296852
2004-12-27,14.990000,14.860000,14.875000,9.275030
2004-12-28,14.960000,14.875000,14.960000,9.328034
2004-12-29,14.995000,14.905000,14.965000,9.331151
2004-12-30,14.980000,14.885000,14.895000,9.287504
2004-12-31,14.945000,14.860000,14.865000,9.268794
2005-01-03,14.950000,14.625000,14.715000,9.175265
2005-01-04,14.700000,14.320000,14.450000,9.010029
2005-01-05,14.530000,14.225000,14.250000,8.885324
2005-01-06,14.380000,14.240000,14.345000,8.944559
2005-01-07,14.460000,14.300000,14.370000,8.960148
2005-01-10,14.500000,14.360000,14.435000,9.000678
2005-01-11,14.415000,14.250000,14.285000,8.907148
2005-01-12,14.385000,14.160000,14.380000,8.966385
2005-01-13,14.420000,14.275000,14.325000,8.932089
2005-01-14,14.480000,14.300000,14.460000,9.016267
2005-01-18,14.525000,14.310000,14.515000,9.050556
2005-01-19,14.540000,14.400000,14.415000,8.988206
2005-01-20,14.425000,14.310000,14.335000,8.938325
2005-01-21,14.375000,14.255000,14.275000,8.900913
2005-01-24,14.350000,14.075000,14.075000,8.776205
2005-01-25,14.305000,14.120000,14.150000,8.822975
2005-01-26,14.245000,14.115000,14.175000,8.838558
2005-01-27,14.290000,14.155000,14.250000,8.885324
2005-01-28,14.300000,14.170000,14.235000,8.875970
2005-01-31,14.445000,14.285000,14.410000,8.985089
2005-02-01,14.550000,14.375000,14.530000,9.059912
2005-02-02,14.690000,14.545000,14.680000,9.153441
2005-02-03,14.650000,14.530000,14.595000,9.100443
2005-02-04,14.770000,14.555000,14.760000,9.203328
2005-02-07,14.860000,14.745000,14.755000,9.200204
2005-02-08,14.755000,14.690000,14.755000,9.200204
2005-02-09,14.755000,14.530000,14.550000,9.072382
2005-02-10,14.770000,14.555000,14.745000,9.193973
2005-02-11,14.940000,14.710000,14.890000,9.284382
2005-02-14,14.945000,14.835000,14.905000,9.293737
2005-02-15,15.060000,14.895000,14.985000,9.343621
2005-02-16,15.205000,14.930000,15.175000,9.462087
2005-02-17,15.235000,15.120000,15.120000,9.427796
2005-02-18,15.320000,15.155000,15.290000,9.533794
2005-02-22,15.345000,15.060000,15.060000,9.390385
2005-02-23,15.290000,15.100000,15.290000,9.533794
2005-02-24,15.465000,15.200000,15.455000,9.636671
2005-02-25,15.700000,15.430000,15.695000,9.786326
2005-02-28,15.690000,15.445000,15.545000,9.692798
2005-03-01,15.690000,15.515000,15.565000,9.705267
2005-03-02,15.580000,15.395000,15.520000,9.677209
2005-03-03,15.610000,15.435000,15.505000,9.667856
2005-03-04,15.995000,15.595000,15.990000,9.970267
2005-03-07,16.000000,15.815000,15.815000,9.861146
2005-03-08,15.855000,15.750000,15.775000,9.836208
2005-03-09,15.960000,15.790000,15.810000,9.858033
2005-03-10,15.875000,15.500000,15.610000,9.733329
2005-03-11,15.830000,15.575000,15.705000,9.792563
2005-03-14,15.745000,15.570000,15.700000,9.789443
2005-03-15,15.800000,15.620000,15.625000,9.742681
2005-03-16,15.565000,15.265000,15.290000,9.533794
2005-03-17,15.515000,15.285000,15.470000,9.646035
2005-03-18,15.480000,15.320000,15.415000,9.644782
2005-03-21,15.500000,15.270000,15.325000,9.588470
2005-03-22,15.545000,15.260000,15.275000,9.557183
2005-03-23,15.305000,15.110000,15.125000,9.463333
2005-03-24,15.270000,15.120000,15.125000,9.463333
2005-03-28,15.200000,15.040000,15.040000,9.410153
2005-03-29,15.170000,14.700000,14.705000,9.200556
2005-03-30,14.955000,14.755000,14.955000,9.356969
2005-03-31,15.140000,15.000000,15.080000,9.435181
2005-04-01,15.260000,14.980000,15.035000,9.407023
2005-04-04,14.955000,14.835000,14.945000,9.350713
2005-04-05,15.015000,14.885000,14.975000,9.369483
2005-04-06,15.120000,15.030000,15.050000,9.416415
2005-04-07,15.220000,15.085000,15.215000,9.519650
2005-04-08,15.240000,14.985000,14.995000,9.381993
2005-04-11,15.045000,14.875000,14.945000,9.350713
2005-04-12,14.980000,14.690000,14.930000,9.341329
2005-04-13,14.925000,14.470000,14.515000,9.081669
2005-04-14,14.515000,14.030000,14.110000,8.828274
2005-04-15,14.120000,13.735000,13.760000,8.609289
2005-04-18,14.025000,13.760000,13.980000,8.746933
2005-04-19,14.455000,14.025000,14.150000,8.853305
2005-04-20,14.350000,13.880000,13.915000,8.706265
2005-04-21,14.185000,13.910000,14.175000,8.868941
2005-04-22,14.225000,13.895000,14.040000,8.784478
2005-04-25,14.215000,14.050000,14.180000,8.872074
2005-04-26,14.190000,13.905000,13.910000,8.703134
2005-04-27,13.835000,13.595000,13.775000,8.618670
2005-04-28,13.900000,13.620000,13.665000,8.549850
2005-04-29,14.080000,13.730000,14.005000,8.762574
2005-05-02,14.145000,14.005000,14.120000,8.834534
2005-05-03,14.280000,14.065000,14.210000,8.890841
2005-05-04,14.430000,14.210000,14.430000,9.028490
2005-05-05,14.495000,14.245000,14.345000,8.975306
2005-05-06,14.480000,14.340000,14.380000,8.997207
2005-05-09,14.405000,14.250000,14.360000,8.984694
2005-05-10,14.285000,14.110000,14.145000,8.850174
2005-05-11,14.205000,14.000000,14.160000,8.859559
2005-05-12,14.185000,13.730000,13.775000,8.618670
2005-05-13,14.405000,13.350000,13.505000,8.449742
2005-05-16,13.580000,13.370000,13.565000,8.487280
2005-05-17,13.795000,13.505000,13.755000,8.606162
2005-05-18,14.160000,13.800000,14.105000,8.825151
2005-05-19,14.140000,13.950000,14.035000,8.781349
2005-05-20,14.005000,13.870000,13.945000,8.725039
2005-05-23,14.110000,13.900000,14.055000,8.793864
2005-05-24,14.060000,13.955000,14.010000,8.765705
2005-05-25,14.000000,13.775000,13.865000,8.674981
2005-05-26,13.995000,13.875000,13.970000,8.740681
2005-05-27,14.030000,13.940000,14.015000,8.768837
2005-05-31,13.985000,13.800000,13.915000,8.706265
2005-06-01,14.175000,13.900000,14.125000,8.837661
2005-06-02,14.125000,14.005000,14.080000,8.809507
2005-06-03,14.185000,14.005000,14.050000,8.790730
2005-06-06,14.050000,13.970000,14.010000,8.765705
2005-06-07,14.245000,14.060000,14.095000,8.818889
2005-06-08,14.175000,13.990000,14.000000,8.759451
2005-06-09,13.965000,13.805000,13.940000,8.721907
2005-06-10,14.150000,13.975000,14.065000,8.800118
2005-06-13,14.250000,13.990000,14.155000,8.856429
2005-06-14,14.210000,14.130000,14.180000,8.872074
2005-06-15,14.315000,14.100000,14.315000,8.956536
2005-06-16,14.550000,14.325000,14.465000,9.050387
2005-06-17,14.530000,14.395000,14.400000,9.053846
2005-06-20,14.400000,14.210000,14.250000,8.959538
2005-06-21,14.240000,14.125000,14.175000,8.912378
2005-06-22,14.255000,13.975000,14.160000,8.902954
2005-06-23,14.185000,13.825000,13.825000,8.692326
2005-06-24,13.855000,13.600000,13.670000,8.594868
2005-06-27,13.705000,13.595000,13.635000,8.572865
2005-06-28,13.850000,13.680000,13.850000,8.708042
2005-06-29,13.850000,13.760000,13.790000,8.670312
2005-06-30,13.795000,13.500000,13.570000,8.531991
2005-07-01,13.640000,13.500000,13.560000,8.525706
2005-07-05,13.620000,13.485000,13.595000,8.547710
2005-07-06,13.640000,13.530000,13.550000,8.519418
2005-07-07,13.585000,13.350000,13.580000,8.538279
2005-07-08,13.865000,13.600000,13.845000,8.704898
2005-07-11,14.035000,13.825000,14.035000,8.824353
2005-07-12,14.055000,13.880000,14.000000,8.802350
2005-07-13,14.035000,13.885000,13.955000,8.774057
2005-07-14,14.125000,13.955000,13.975000,8.786630
2005-07-15,13.995000,13.920000,13.950000,8.770916
2005-07-18,14.000000,13.910000,13.920000,8.752052
2005-07-19,14.200000,13.985000,14.145000,8.893520
2005-07-20,14.405000,14.145000,14.365000,9.031839
2005-07-21,14.450000,14.295000,14.295000,8.987828
2005-07-22,14.425000,14.225000,14.385000,9.044419
2005-07-25,14.485000,14.265000,14.265000,8.968967
2005-07-26,14.180000,14.005000,14.065000,8.843221
2005-07-27,14.235000,14.100000,14.215000,8.937528
2005-07-28,14.400000,14.260000,14.375000,9.038130
2005-07-29,14.480000,14.310000,14.320000,9.003546
2005-08-01,14.370000,14.205000,14.250000,8.959538
2005-08-02,14.530000,14.265000,14.465000,9.094714
2005-08-03,14.530000,14.410000,14.525000,9.132438
2005-08-04,14.775000,14.360000,14.370000,9.034984
2005-08-05,14.500000,14.270000,14.295000,8.987828
2005-08-08,14.495000,14.295000,14.295000,8.987828
2005-08-09,14.410000,14.315000,14.385000,9.044419
2005-08-10,14.590000,14.370000,14.430000,9.072713
2005-08-11,14.615000,14.450000,14.550000,9.148156
2005-08-12,14.555000,14.350000,14.445000,9.082139
2005-08-15,14.475000,14.315000,14.435000,9.075855
2005-08-16,14.430000,14.155000,14.155000,8.899809
2005-08-17,14.205000,14.075000,14.140000,8.890381
2005-08-18,14.115000,14.015000,14.020000,8.814925
2005-08-19,14.165000,14.025000,14.050000,8.833791
2005-08-22,14.220000,14.010000,14.055000,8.836935
2005-08-23,14.050000,13.825000,13.825000,8.692326
2005-08-24,13.860000,13.685000,13.695000,8.610586
2005-08-25,13.750000,13.660000,13.705000,8.616874
2005-08-26,13.720000,13.575000,13.635000,8.572865
2005-08-29,13.745000,13.510000,13.720000,8.626307
2005-08-30,13.700000,13.525000,13.590000,8.544564
2005-08-31,13.745000,13.550000,13.720000,8.626307
2005-09-01,13.870000,13.750000,13.760000,8.651453
2005-09-02,13.825000,13.715000,13.750000,8.645163
2005-09-06,13.845000,13.730000,13.845000,8.704898
2005-09-07,13.960000,13.835000,13.930000,8.758338
2005-09-08,13.975000,13.850000,13.855000,8.711181
2005-09-09,14.005000,13.875000,14.000000,8.802350
2005-09-12,14.055000,13.970000,14.035000,8.824353
2005-09-13,14.030000,13.880000,13.885000,8.730042
2005-09-14,13.990000,13.870000,13.935000,8.761483
2005-09-15,13.975000,13.540000,13.895000,8.736335
2005-09-16,13.975000,13.825000,13.915000,8.797021
2005-09-19,13.985000,13.785000,13.815000,8.733809
2005-09-20,13.925000,13.605000,13.605000,8.601044
2005-09-21,13.585000,13.410000,13.450000,8.503057
2005-09-22,13.540000,13.385000,13.530000,8.553629
2005-09-23,13.585000,13.375000,13.540000,8.559949
2005-09-26,13.665000,13.470000,13.525000,8.550471
2005-09-27,13.605000,13.455000,13.525000,8.550471
2005-09-28,13.620000,13.505000,13.565000,8.575755
2005-09-29,13.655000,13.465000,13.645000,8.626333
2005-09-30,13.790000,13.625000,13.750000,8.692712
2005-10-03,13.770000,13.635000,13.695000,8.657947
2005-10-04,13.945000,13.545000,13.545000,8.563113
2005-10-05,13.540000,13.235000,13.235000,8.367130
2005-10-06,13.330000,13.060000,13.165000,8.322879
2005-10-07,13.365000,13.215000,13.295000,8.405061
2005-10-10,13.350000,13.215000,13.225000,8.360809
2005-10-11,13.370000,13.230000,13.240000,8.370293
2005-10-12,13.305000,13.065000,13.135000,8.303914
2005-10-13,13.170000,12.990000,13.115000,8.291265
2005-10-14,13.190000,13.030000,13.160000,8.319715
2005-10-17,13.265000,13.150000,13.260000,8.382936
2005-10-18,13.275000,13.105000,13.120000,8.294427
2005-10-19,13.245000,12.965000,13.230000,8.363970
2005-10-20,13.405000,13.090000,13.140000,8.307075
2005-10-21,13.330000,13.100000,13.260000,8.382936
2005-10-24,13.565000,13.280000,13.565000,8.575755
2005-10-25,13.690000,13.480000,13.555000,8.569437
2005-10-26,13.840000,13.525000,13.665000,8.638977
2005-10-27,13.750000,13.350000,13.525000,8.550471
2005-10-28,13.775000,13.545000,13.740000,8.686392
2005-10-31,13.850000,13.770000,13.780000,8.711678
2005-11-01,13.885000,13.750000,13.825000,8.740129
2005-11-02,14.030000,13.795000,13.990000,8.844443
2005-11-03,14.095000,13.900000,13.945000,8.815989
2005-11-04,13.990000,13.810000,13.925000,8.803347
2005-11-07,14.025000,13.550000,14.000000,8.850762
2005-11-08,14.000000,13.890000,13.930000,8.806507
2005-11-09,14.045000,13.900000,13.915000,8.797021
2005-11-10,14.140000,13.865000,14.110000,8.920302
2005-11-11,14.310000,14.100000,14.305000,9.043584
2005-11-14,14.620000,14.395000,14.445000,9.132093
2005-11-15,14.530000,14.385000,14.405000,9.106800
2005-11-16,14.480000,14.360000,14.430000,9.122609
2005-11-17,14.630000,14.460000,14.610000,9.236402
2005-11-18,14.730000,14.575000,14.650000,9.261688
2005-11-21,14.775000,14.660000,14.745000,9.321751
2005-11-22,14.820000,14.660000,14.790000,9.350197
2005-11-23,14.835000,14.735000,14.765000,9.334393
2005-11-25,14.855000,14.740000,14.850000,9.388128
2005-11-28,14.890000,14.795000,14.810000,9.362841
2005-11-29,15.015000,14.815000,14.945000,9.448185
2005-11-30,14.995000,14.810000,14.835000,9.378647
2005-12-01,15.125000,14.880000,15.125000,9.561984
2005-12-02,15.115000,15.035000,15.060000,9.520892
2005-12-05,15.100000,15.010000,15.100000,9.546177
2005-12-06,15.305000,15.115000,15.210000,9.615721
2005-12-07,15.285000,15.110000,15.170000,9.590433
2005-12-08,15.260000,15.085000,15.145000,9.574627
2005-12-09,15.200000,15.070000,15.105000,9.549339
2005-12-12,15.200000,15.040000,15.105000,9.549339
2005-12-13,15.290000,15.055000,15.240000,9.634687
2005-12-14,15.250000,15.140000,15.155000,9.580946
2005-12-15,15.230000,15.065000,15.075000,9.530375
2005-12-16,15.050000,14.885000,14.900000,9.494058
2005-12-19,14.990000,14.820000,14.830000,9.449451
2005-12-20,14.935000,14.765000,14.775000,9.414402
2005-12-21,15.065000,14.850000,15.060000,9.596005
2005-12-22,15.220000,15.090000,15.215000,9.694767
2005-12-23,15.275000,15.190000,15.260000,9.723442
2005-12-27,15.380000,15.145000,15.165000,9.662906
2005-12-28,15.305000,15.190000,15.295000,9.745744
2005-12-29,15.360000,15.225000,15.270000,9.729811
2005-12-30,15.210000,15.125000,15.140000,9.646980
2006-01-03,15.505000,15.055000,15.460000,9.850879
2006-01-04,15.555000,15.405000,15.555000,9.911409
2006-01-05,15.560000,15.440000,15.530000,9.895482
2006-01-06,15.755000,15.600000,15.695000,10.000614
2006-01-09,15.745000,15.655000,15.690000,9.997433
2006-01-10,15.625000,15.335000,15.590000,9.933708
2006-01-11,15.580000,15.460000,15.470000,9.857248
2006-01-12,15.465000,15.255000,15.255000,9.720253
2006-01-13,15.355000,15.105000,15.290000,9.742557
2006-01-17,15.355000,15.175000,15.305000,9.752113
2006-01-18,15.280000,15.105000,15.155000,9.656532
2006-01-19,15.390000,15.205000,15.315000,9.758481
2006-01-20,15.375000,15.045000,15.055000,9.592815
2006-01-23,15.305000,15.050000,15.260000,9.723442
2006-01-24,15.450000,15.255000,15.430000,9.831758
2006-01-25,15.630000,15.455000,15.505000,9.879551
2006-01-26,15.800000,15.530000,15.690000,9.997433
2006-01-27,15.830000,15.665000,15.800000,10.067520
2006-01-30,15.875000,15.765000,15.845000,10.096193
2006-01-31,15.965000,15.775000,15.870000,10.112123
2006-02-01,15.945000,15.800000,15.915000,10.140798
2006-02-02,16.000000,15.665000,15.680000,9.991058
2006-02-03,15.690000,15.515000,15.540000,9.901851
2006-02-06,15.835000,15.635000,15.820000,10.080265
2006-02-07,15.785000,15.250000,15.405000,9.815835
2006-02-08,15.460000,15.285000,15.430000,9.831758
2006-02-09,15.690000,15.445000,15.480000,9.863618
2006-02-10,15.530000,15.230000,15.450000,9.844506
2006-02-13,15.495000,15.265000,15.295000,9.745744
2006-02-14,15.725000,15.315000,15.705000,10.006987
2006-02-15,15.970000,15.500000,15.635000,9.962384
2006-02-16,15.840000,15.600000,15.840000,10.093008
2006-02-17,15.890000,15.780000,15.825000,10.083447
2006-02-21,15.950000,15.765000,15.830000,10.086636
2006-02-22,15.990000,15.840000,15.895000,10.128056
2006-02-23,15.970000,15.785000,15.815000,10.077074
2006-02-24,15.910000,15.765000,15.860000,10.105751
2006-02-27,15.895000,15.730000,15.730000,10.022914
2006-02-28,15.725000,15.530000,15.530000,9.895482
2006-03-01,15.795000,15.515000,15.770000,10.048402
2006-03-02,15.885000,15.635000,15.865000,10.108939
2006-03-03,15.945000,15.775000,15.870000,10.112123
2006-03-06,15.890000,15.600000,15.655000,9.975127
2006-03-07,15.650000,15.445000,15.505000,9.879551
2006-03-08,15.530000,15.250000,15.410000,9.819017
2006-03-09,15.630000,15.370000,15.380000,9.799903
2006-03-10,15.700000,15.390000,15.655000,9.975127
2006-03-13,15.755000,15.640000,15.690000,9.997433
2006-03-14,15.980000,15.675000,15.980000,10.182216
2006-03-15,16.180000,15.885000,16.170000,10.303281
2006-03-16,16.299999,16.150000,16.195000,10.319209
2006-03-17,16.200001,16.094999,16.094999,10.305760
2006-03-20,16.180000,15.990000,16.059999,10.283349
2006-03-21,16.135000,15.825000,15.825000,10.132879
2006-03-22,16.014999,15.830000,15.990000,10.238526
2006-03-23,16.075001,15.895000,16.035000,10.267341
2006-03-24,16.094999,15.950000,16.025000,10.260941
2006-03-27,16.150000,16.020000,16.135000,10.331373
2006-03-28,16.260000,15.995000,16.000000,10.244930
2006-03-29,16.295000,16.035000,16.270000,10.417811
2006-03-30,16.510000,16.254999,16.330000,10.456231
2006-03-31,16.260000,16.129999,16.174999,10.356985
2006-04-03,16.555000,16.285000,16.375000,10.485047
2006-04-04,16.440001,16.309999,16.400000,10.501052
2006-04-05,16.625000,16.344999,16.625000,10.645130
2006-04-06,16.705000,16.525000,16.660000,10.667540
2006-04-07,16.715000,16.405001,16.405001,10.504258
2006-04-10,16.540001,16.370001,16.400000,10.501052
2006-04-11,16.695000,16.280001,16.280001,10.424220
2006-04-12,16.424999,16.299999,16.389999,10.494651
2006-04-13,16.639999,16.280001,16.475000,10.549078
2006-04-17,16.660000,16.535000,16.620001,10.641924
2006-04-18,17.090000,16.650000,17.075001,10.933261
2006-04-19,17.205000,16.930000,17.190001,11.006906
2006-04-20,17.205000,16.915001,17.030001,10.904451
2006-04-21,17.254999,17.030001,17.200001,11.013303
2006-04-24,17.160000,17.004999,17.139999,10.974886
2006-04-25,17.260000,16.950001,17.020000,10.898045
2006-04-26,17.155001,16.959999,17.014999,10.894844
2006-04-27,16.969999,16.625000,16.674999,10.677139
2006-04-28,16.820000,16.690001,16.750000,10.725161
2006-05-01,17.014999,16.790001,16.860001,10.795602
2006-05-02,17.035000,16.875000,17.025000,10.901246
2006-05-03,17.059999,16.910000,17.030001,10.904451
2006-05-04,17.280001,17.030001,17.200001,11.013303
2006-05-05,17.334999,17.205000,17.320000,11.090141
2006-05-08,17.440001,17.344999,17.385000,11.131761
2006-05-09,17.525000,17.355000,17.500000,11.205395
2006-05-10,17.514999,17.355000,17.504999,11.208595
2006-05-11,17.674999,17.225000,17.264999,11.054921
2006-05-12,17.225000,16.865000,16.895000,10.818008
2006-05-15,16.805000,16.469999,16.674999,10.677139
2006-05-16,16.844999,16.434999,16.680000,10.680344
2006-05-17,16.670000,16.150000,16.230000,10.392203
2006-05-18,16.370001,16.040001,16.059999,10.283349
2006-05-19,16.190001,15.865000,16.125000,10.324969
2006-05-22,15.955000,15.520000,15.775000,10.100863
2006-05-23,16.150000,15.810000,15.810000,10.123276
2006-05-24,15.935000,15.475000,15.740000,10.078452
2006-05-25,16.070000,15.840000,16.010000,10.251337
2006-05-26,16.305000,16.059999,16.280001,10.424220
2006-05-30,16.270000,15.895000,15.895000,10.177702
2006-05-31,16.200001,15.965000,16.075001,10.292953
2006-06-01,16.280001,15.905000,16.250000,10.405010
2006-06-02,16.434999,16.280001,16.405001,10.504258
2006-06-05,16.385000,15.910000,15.915000,10.190508
2006-06-06,15.875000,15.640000,15.780000,10.104065
2006-06-07,15.825000,15.420000,15.420000,9.873552
2006-06-08,15.475000,14.840000,15.370000,9.841538
2006-06-09,15.595000,15.255000,15.290000,9.790313
2006-06-12,15.450000,15.040000,15.050000,9.636641
2006-06-13,15.115000,14.695000,14.795000,9.473363
2006-06-14,15.035000,14.710000,14.990000,9.598223
2006-06-15,15.540000,15.155000,15.490000,9.918377
2006-06-16,15.415000,15.205000,15.295000,9.859394
2006-06-19,15.335000,14.915000,14.990000,9.662785
2006-06-20,15.200000,14.970000,15.055000,9.704682
2006-06-21,15.520000,15.070000,15.420000,9.939968
2006-06-22,15.450000,15.255000,15.340000,9.888401
2006-06-23,15.575000,15.285000,15.470000,9.972198
2006-06-26,15.525000,15.400000,15.515000,10.001207
2006-06-27,15.560000,15.295000,15.320000,9.875506
2006-06-28,15.390000,15.235000,15.360000,9.901290
2006-06-29,15.975000,15.470000,15.975000,10.297732
2006-06-30,16.105000,15.965000,16.049999,10.346073
2006-07-03,16.260000,16.100000,16.240000,10.468556
2006-07-05,16.150000,15.950000,16.045000,10.342855
2006-07-06,16.165001,15.985000,16.030001,10.333186
2006-07-07,16.070000,15.830000,15.905000,10.252606
2006-07-10,16.035000,15.845000,15.945000,10.278395
2006-07-11,15.950000,15.740000,15.925000,10.265501
2006-07-12,16.020000,15.760000,15.810000,10.191369
2006-07-13,15.740000,15.340000,15.365000,9.904519
2006-07-14,15.430000,15.160000,15.390000,9.920631
2006-07-17,15.365000,15.150000,15.185000,9.788487
2006-07-18,15.335000,15.065000,15.250000,9.830385
2006-07-19,15.750000,15.325000,15.660000,10.094677
2006-07-20,15.840000,15.225000,15.225000,9.814270
2006-07-21,15.290000,14.985000,15.025000,9.685348
2006-07-24,15.295000,14.960000,15.250000,9.830385
2006-07-25,15.540000,15.195000,15.485000,9.981870
2006-07-26,15.500000,15.340000,15.450000,9.959306
2006-07-27,15.520000,15.090000,15.110000,9.740137
2006-07-28,15.400000,15.110000,15.385000,9.917407
2006-07-31,15.530000,15.315000,15.450000,9.959306
2006-08-01,15.450000,15.255000,15.325000,9.878730
2006-08-02,15.680000,15.390000,15.570000,10.036660
2006-08-03,15.730000,15.450000,15.665000,10.097900
2006-08-04,15.905000,15.515000,15.590000,10.049555
2006-08-07,15.715000,15.555000,15.665000,10.097900
2006-08-08,15.740000,15.455000,15.500000,9.991535
2006-08-09,15.680000,15.465000,15.515000,10.001207
2006-08-10,15.655000,15.420000,15.555000,10.026996
2006-08-11,15.610000,15.360000,15.380000,9.914185
2006-08-14,15.525000,15.330000,15.340000,9.888401
2006-08-15,15.665000,15.420000,15.665000,10.097900
2006-08-16,15.940000,15.735000,15.940000,10.275170
2006-08-17,15.950000,15.785000,15.840000,10.210708
2006-08-18,15.895000,15.720000,15.840000,10.210708
2006-08-21,15.895000,15.775000,15.840000,10.210708
2006-08-22,15.940000,15.830000,15.885000,10.239713
2006-08-23,15.980000,15.800000,15.860000,10.223598
2006-08-24,15.915000,15.715000,15.735000,10.143021
2006-08-25,15.835000,15.725000,15.785000,10.175254
2006-08-28,15.815000,15.690000,15.770000,10.165584
2006-08-29,15.870000,15.650000,15.835000,10.207487
2006-08-30,15.910000,15.820000,15.840000,10.210708
2006-08-31,15.980000,15.865000,15.915000,10.259056
2006-09-01,16.170000,15.905000,16.094999,10.375081
2006-09-05,16.245001,16.100000,16.190001,10.436324
2006-09-06,16.120001,15.975000,15.990000,10.307401
2006-09-07,15.925000,15.760000,15.815000,10.194592
2006-09-08,15.930000,15.750000,15.875000,10.233272
2006-09-11,15.775000,15.380000,15.450000,9.959306
2006-09-12,15.640000,15.445000,15.630000,10.075336
2006-09-13,15.805000,15.590000,15.740000,10.146244
2006-09-14,15.735000,15.630000,15.690000,10.114017
2006-09-15,15.690000,15.585000,15.585000,10.105261
2006-09-18,15.890000,15.610000,15.775000,10.228457
2006-09-19,15.770000,15.530000,15.575000,10.098779
2006-09-20,15.780000,15.550000,15.710000,10.186311
2006-09-21,15.770000,15.550000,15.570000,10.095535
2006-09-22,15.645000,15.490000,15.555000,10.085816
2006-09-25,15.660000,15.335000,15.640000,10.140921
2006-09-26,15.970000,15.625000,15.950000,10.341927
2006-09-27,16.035000,15.810000,15.915000,10.319236
2006-09-28,15.995000,15.880000,15.960000,10.348413
2006-09-29,15.945000,15.820000,15.820000,10.257638
2006-10-02,15.930000,15.725000,15.850000,10.277090
2006-10-03,15.740000,15.615000,15.640000,10.140921
2006-10-04,15.700000,15.485000,15.665000,10.157133
2006-10-05,15.940000,15.675000,15.915000,10.319236
2006-10-06,16.000000,15.465000,15.990000,10.367865
2006-10-09,16.219999,16.010000,16.120001,10.452153
2006-10-10,16.200001,16.000000,16.195000,10.500783
2006-10-11,16.129999,15.915000,16.049999,10.406765
2006-10-12,16.240000,16.075001,16.215000,10.513756
2006-10-13,16.445000,16.225000,16.375000,10.617496
2006-10-16,16.525000,16.420000,16.495001,10.695307
2006-10-17,16.514999,16.250000,16.379999,10.620736
2006-10-18,16.530001,16.290001,16.320000,10.581828
2006-10-19,16.465000,16.295000,16.430000,10.653157
2006-10-20,16.440001,16.334999,16.340000,10.594802
2006-10-23,16.450001,16.290001,16.445000,10.662886
2006-10-24,16.655001,16.420000,16.635000,10.786078
2006-10-25,16.719999,16.520000,16.620001,10.776352
2006-10-26,16.715000,16.535000,16.655001,10.799046
2006-10-27,16.844999,16.580000,16.695000,10.824981
2006-10-30,16.790001,16.620001,16.740000,10.854161
2006-10-31,16.785000,16.665001,16.770000,10.873616
2006-11-01,16.915001,16.605000,16.639999,10.789326
2006-11-02,16.745001,16.559999,16.695000,10.824981
2006-11-03,16.834999,16.625000,16.639999,10.789326
2006-11-06,16.885000,16.705000,16.844999,10.922241
2006-11-07,16.965000,16.790001,16.790001,10.886580
2006-11-08,16.865000,16.680000,16.830000,10.912516
2006-11-09,17.105000,16.840000,17.014999,11.032468
2006-11-10,16.975000,16.754999,16.850000,10.925485
2006-11-13,17.014999,16.750000,17.014999,11.032468
2006-11-14,17.055000,16.860001,17.010000,11.029225
2006-11-15,17.120001,16.910000,17.080000,11.074617
2006-11-16,17.270000,16.980000,16.990000,11.016255
2006-11-17,17.010000,16.844999,16.915001,10.967633
2006-11-20,17.350000,17.170000,17.240000,11.178355
2006-11-21,17.299999,17.155001,17.285000,11.207541
2006-11-22,17.525000,17.340000,17.525000,11.363155
2006-11-24,17.540001,17.440001,17.540001,11.372881
2006-11-27,17.500000,17.219999,17.250000,11.184844
2006-11-28,17.334999,17.190001,17.320000,11.230231
2006-11-29,17.469999,17.299999,17.465000,11.324245
2006-11-30,17.540001,17.379999,17.500000,11.346947
2006-12-01,17.500000,17.225000,17.360001,11.256170
2006-12-04,17.639999,17.415001,17.615000,11.421505
2006-12-05,17.745001,17.590000,17.690001,11.470140
2006-12-06,17.740000,17.600000,17.620001,11.424755
2006-12-07,17.809999,17.665001,17.730000,11.496077
2006-12-08,17.785000,17.684999,17.775000,11.525251
2006-12-11,17.820000,17.709999,17.709999,11.483104
2006-12-12,17.625000,17.415001,17.510000,11.353427
2006-12-13,17.615000,17.510000,17.615000,11.421505
2006-12-14,17.760000,17.540001,17.745001,11.505800
2006-12-15,17.745001,17.575001,17.684999,11.592322
2006-12-18,17.684999,17.500000,17.504999,11.474337
2006-12-19,17.650000,17.400000,17.635000,11.559549
2006-12-20,17.670000,17.549999,17.549999,11.503834
2006-12-21,17.670000,17.250000,17.340000,11.366179
2006-12-22,17.385000,17.195000,17.245001,11.303909
2006-12-26,17.405001,17.295000,17.395000,11.402230
2006-12-27,17.594999,17.440001,17.565001,11.513666
2006-12-28,17.625000,17.500000,17.540001,11.497282
2006-12-29,17.525000,17.389999,17.420000,11.418616
2007-01-03,17.530001,17.219999,17.305000,11.343238
2007-01-04,17.290001,17.115000,17.225000,11.290798
2007-01-05,17.230000,16.990000,17.110001,11.215420
2007-01-08,17.145000,17.020000,17.110001,11.215420
2007-01-09,17.205000,16.985001,17.115000,11.218697
2007-01-10,17.245001,17.010000,17.235001,11.297353
2007-01-11,17.475000,17.225000,17.420000,11.418616
2007-01-12,17.680000,17.395000,17.615000,11.546440
2007-01-16,17.709999,17.600000,17.660000,11.575936
2007-01-17,17.740000,17.610001,17.719999,11.615265
2007-01-18,17.795000,17.590000,17.615000,11.546440
2007-01-19,17.905001,17.625000,17.885000,11.723424
2007-01-22,17.924999,17.655001,17.700001,11.602160
2007-01-23,17.934999,17.680000,17.924999,11.749647
2007-01-24,18.139999,17.905001,18.110001,11.870907
2007-01-25,18.240000,17.969999,18.049999,11.831580
2007-01-26,18.080000,17.875000,18.040001,11.825026
2007-01-29,18.084999,17.930000,17.969999,11.779136
2007-01-30,18.030001,17.915001,18.020000,11.811912
2007-01-31,18.325001,17.965000,18.125000,11.880741
2007-02-01,18.389999,18.295000,18.344999,12.024948
2007-02-02,18.344999,18.184999,18.315001,12.005283
2007-02-05,18.379999,18.225000,18.240000,11.956120
2007-02-06,18.389999,18.270000,18.365000,12.038063
2007-02-07,18.455000,18.330000,18.365000,12.038063
2007-02-08,18.420000,18.285000,18.385000,12.051168
2007-02-09,18.485001,18.290001,18.299999,11.995448
2007-02-12,18.440001,18.299999,18.375000,12.044618
2007-02-13,18.764999,18.495001,18.745001,12.287142
2007-02-14,18.875000,18.735001,18.860001,12.362524
2007-02-15,18.959999,18.834999,18.950001,12.421519
2007-02-16,19.000000,18.855000,18.855000,12.359250
2007-02-20,19.030001,18.830000,19.010000,12.460843
2007-02-21,19.270000,18.905001,19.129999,12.539505
2007-02-22,19.350000,19.070000,19.125000,12.536230
2007-02-23,19.254999,19.020000,19.200001,12.585387
2007-02-26,19.580000,19.295000,19.375000,12.700098
2007-02-27,19.020000,18.209999,18.590000,12.185540
2007-02-28,18.719999,18.360001,18.610001,12.198649
2007-03-01,18.700001,17.240000,18.530001,12.146214
2007-03-02,18.525000,18.160000,18.225000,11.946289
2007-03-05,18.225000,17.915001,17.985001,11.788973
2007-03-06,18.415001,18.100000,18.350000,12.028224
2007-03-07,18.434999,18.254999,18.260000,11.969233
2007-03-08,18.629999,18.180000,18.440001,12.087220
2007-03-09,18.705000,18.535000,18.655001,12.228149
2007-03-12,18.795000,18.549999,18.715000,12.267479
2007-03-13,18.735001,18.219999,18.260000,11.969233
2007-03-14,18.465000,17.965000,18.375000,12.044618
2007-03-15,18.834999,18.500000,18.725000,12.274036
2007-03-16,18.709999,18.424999,18.549999,12.174929
2007-03-19,18.825001,18.575001,18.825001,12.355420
2007-03-20,18.965000,18.754999,18.905001,12.407928
2007-03-21,19.150000,18.830000,19.120001,12.549037
2007-03-22,19.129999,18.990000,19.030001,12.489970
2007-03-23,19.110001,18.950001,19.110001,12.542472
2007-03-26,19.295000,18.910000,19.245001,12.631074
2007-03-27,19.254999,19.000000,19.035000,12.493247
2007-03-28,19.075001,18.799999,18.844999,12.368541
2007-03-29,19.475000,18.799999,18.990000,12.463713
2007-03-30,19.170000,18.830000,19.025000,12.486681
2007-04-02,19.059999,18.885000,19.020000,12.483403
2007-04-03,19.295000,19.065001,19.225000,12.617951
2007-04-04,19.305000,19.219999,19.254999,12.637641
2007-04-05,19.254999,19.170000,19.230000,12.621236
2007-04-09,19.525000,19.350000,19.525000,12.814844
2007-04-10,19.465000,19.309999,19.309999,12.673739
2007-04-11,19.450001,19.155001,19.225000,12.617951
2007-04-12,19.400000,19.190001,19.395000,12.729527
2007-04-13,19.450001,19.260000,19.440001,12.759057
2007-04-16,19.700001,19.469999,19.700001,12.929708
2007-04-17,19.629999,19.485001,19.514999,12.808287
2007-04-18,19.514999,19.360001,19.410000,12.739373
2007-04-19,19.389999,19.135000,19.340000,12.693431
2007-04-20,19.570000,19.450001,19.540001,12.824687
2007-04-23,19.660000,19.495001,19.535000,12.821415
2007-04-24,19.575001,19.320000,19.455000,12.768902
2007-04-25,19.799999,19.545000,19.764999,12.972368
2007-04-26,19.760000,19.549999,19.684999,12.919857
2007-04-27,19.684999,19.485001,19.670000,12.910018
2007-04-30,19.709999,19.309999,19.309999,12.673739
2007-05-01,19.344999,19.065001,19.230000,12.621236
2007-05-02,19.514999,19.225000,19.459999,12.772192
2007-05-03,19.615000,19.440001,19.525000,12.814844
2007-05-04,19.770000,19.590000,19.700001,12.929708
2007-05-07,20.004999,19.635000,19.959999,13.100353
2007-05-08,19.975000,19.775000,19.975000,13.110195
2007-05-09,20.065001,19.875000,20.059999,13.165985
2007-05-10,19.990000,19.645000,19.674999,12.913297
2007-05-11,19.945000,19.715000,19.905001,13.064254
2007-05-14,19.995001,19.725000,19.879999,13.047844
2007-05-15,20.100000,19.834999,20.004999,13.129888
2007-05-16,20.075001,19.855000,20.075001,13.175833
2007-05-17,20.150000,19.920000,20.065001,13.169263
2007-05-18,20.209999,20.075001,20.139999,13.218493
2007-05-21,20.260000,20.129999,20.170000,13.238181
2007-05-22,20.209999,20.049999,20.049999,13.159419
2007-05-23,20.305000,20.090000,20.139999,13.218493
2007-05-24,20.290001,19.844999,19.924999,13.077382
2007-05-25,20.160000,19.924999,20.160000,13.231619
2007-05-29,20.200001,20.004999,20.094999,13.188954
2007-05-30,20.360001,19.915001,20.350000,13.356321
2007-05-31,20.545000,20.385000,20.450001,13.421956
2007-06-01,20.735001,20.500000,20.735001,13.609009
2007-06-04,20.629999,20.514999,20.610001,13.526973
2007-06-05,20.605000,20.430000,20.540001,13.481024
2007-06-06,20.475000,20.205000,20.275000,13.307098
2007-06-07,20.290001,19.730000,19.820000,13.008466
2007-06-08,20.200001,19.650000,20.200001,13.257872
2007-06-11,20.129999,19.834999,20.025000,13.143008
2007-06-12,20.070000,19.775000,19.780001,12.982209
2007-06-13,20.299999,19.879999,20.245001,13.287405
2007-06-14,20.495001,20.245001,20.400000,13.389137
2007-06-15,20.625000,20.415001,20.549999,13.548351
2007-06-18,20.959999,20.485001,20.549999,13.548351
2007-06-19,20.660000,20.405001,20.650000,13.614285
2007-06-20,20.690001,20.325001,20.389999,13.442865
2007-06-21,20.575001,20.125000,20.504999,13.518691
2007-06-22,20.549999,20.340000,20.445000,13.479132
2007-06-25,20.469999,20.125000,20.125000,13.268155
2007-06-26,20.320000,19.850000,19.875000,13.103333
2007-06-27,20.075001,19.625000,20.049999,13.218714
2007-06-28,20.219999,20.055000,20.125000,13.268155
2007-06-29,20.410000,20.094999,20.250000,13.350573
2007-07-02,20.610001,20.295000,20.575001,13.564836
2007-07-03,20.629999,20.535000,20.580000,13.568139
2007-07-05,20.629999,20.510000,20.625000,13.597805
2007-07-06,20.799999,20.555000,20.799999,13.713177
2007-07-09,20.875000,20.690001,20.850000,13.746142
2007-07-10,20.725000,20.389999,20.549999,13.548351
2007-07-11,20.754999,20.500000,20.700001,13.647251
2007-07-12,21.320000,20.875000,21.225000,13.993376
2007-07-13,21.520000,21.250000,21.450001,14.141716
2007-07-16,21.514999,21.240000,21.334999,14.065894
2007-07-17,21.565001,21.405001,21.525000,14.191168
2007-07-18,21.559999,21.275000,21.559999,14.214237
2007-07-19,21.629999,21.475000,21.610001,14.247197
2007-07-20,21.545000,21.205000,21.400000,14.108744
2007-07-23,21.469999,21.280001,21.375000,14.092272
2007-07-24,21.240000,20.799999,20.950001,13.812072
2007-07-25,21.250000,20.315001,20.600000,13.581324
2007-07-26,20.370001,19.549999,19.915001,13.129704
2007-07-27,20.020000,19.420000,19.459999,12.829737
2007-07-30,20.004999,19.504999,19.950001,13.152787
2007-07-31,20.315001,19.700001,19.709999,12.994552
2007-08-01,19.825001,19.320000,19.825001,13.070371
2007-08-02,19.889999,19.570000,19.875000,13.103333
2007-08-03,19.764999,19.209999,19.209999,12.664910
2007-08-06,19.434999,18.915001,19.434999,12.813255
2007-08-07,19.705000,19.225000,19.575001,12.905542
2007-08-08,20.150000,19.635000,20.080000,13.238486
2007-08-09,19.875000,19.395000,19.575001,12.905542
2007-08-10,19.639999,19.080000,19.340000,12.750622
2007-08-13,19.655001,19.330000,19.424999,12.806657
2007-08-14,19.535000,18.855000,18.924999,12.477014
2007-08-15,18.980000,18.270000,18.450001,12.163855
2007-08-16,18.275000,17.315001,18.200001,11.999032
2007-08-17,19.174999,18.174999,18.450001,12.163855
2007-08-20,18.900000,18.459999,18.795000,12.391306
2007-08-21,19.030001,18.684999,18.910000,12.467120
2007-08-22,19.625000,19.090000,19.625000,12.938516
2007-08-23,19.695000,19.165001,19.250000,12.691286
2007-08-24,19.700001,19.309999,19.700001,12.987966
2007-08-27,19.754999,19.490000,19.525000,12.872585
2007-08-28,19.405001,18.920000,19.075001,12.575904
2007-08-29,19.490000,19.065001,19.450001,12.823140
2007-08-30,19.540001,19.150000,19.400000,12.790177
2007-08-31,19.825001,19.535000,19.575001,12.905542
2007-09-04,19.934999,19.495001,19.850000,13.086854
2007-09-05,19.780001,19.500000,19.674999,12.971478
2007-09-06,19.875000,19.590000,19.775000,13.037406
2007-09-07,19.605000,19.285000,19.309999,12.730836
2007-09-10,19.480000,18.985001,19.190001,12.651728
2007-09-11,19.465000,19.225000,19.440001,12.816545
2007-09-12,19.549999,19.250000,19.549999,12.889070
2007-09-13,19.770000,19.514999,19.615000,12.931924
2007-09-14,19.870001,19.570000,19.750000,13.020925
2007-09-17,20.049999,19.730000,19.730000,13.007740
2007-09-18,20.674999,19.820000,20.650000,13.614285
2007-09-19,21.235001,20.795000,20.885000,13.769217
2007-09-20,20.980000,20.764999,20.820000,13.726364
2007-09-21,21.059999,20.775000,20.785000,13.766106
2007-09-24,21.030001,20.730000,20.809999,13.782659
2007-09-25,20.815001,20.584999,20.740000,13.736297
2007-09-26,21.090000,20.815001,21.000000,13.908501
2007-09-27,21.250000,21.049999,21.245001,14.070768
2007-09-28,21.495001,20.990000,21.055000,13.944932
2007-10-01,21.450001,21.075001,21.450001,14.206541
2007-10-02,21.405001,21.115000,21.299999,14.107195
2007-10-03,21.230000,20.969999,21.025000,13.925053
2007-10-04,21.135000,20.865000,21.115000,13.984668
2007-10-05,21.575001,21.250000,21.475000,14.223087
2007-10-08,21.459999,21.225000,21.350000,14.140313
2007-10-09,21.900000,21.415001,21.750000,14.405237
2007-10-10,21.715000,21.410000,21.620001,14.319134
2007-10-11,21.934999,21.290001,21.500000,14.239651
2007-10-12,21.715000,21.385000,21.674999,14.355556
2007-10-15,21.905001,21.379999,21.549999,14.272770
2007-10-16,21.389999,21.110001,21.170000,14.021094
2007-10-17,21.410000,20.965000,21.160000,14.014468
2007-10-18,21.469999,21.070000,21.325001,14.123751
2007-10-19,21.555000,20.844999,20.860001,13.815778
2007-10-22,20.785000,20.395000,20.705000,13.713117
2007-10-23,21.090000,20.700001,21.035000,13.931687
2007-10-24,21.205000,20.735001,21.075001,13.958175
2007-10-25,21.320000,20.980000,21.240000,14.067452
2007-10-26,21.709999,21.320000,21.639999,14.332381
2007-10-29,22.070000,21.740000,21.879999,14.491329
2007-10-30,21.775000,21.340000,21.365000,14.150241
2007-10-31,21.990000,21.480000,21.930000,14.524445
2007-11-01,21.870001,21.115000,21.170000,14.021094
2007-11-02,21.549999,20.870001,21.360001,14.146927
2007-11-05,21.240000,20.905001,21.110001,13.981358
2007-11-06,21.629999,21.195000,21.605000,14.309196
2007-11-07,21.514999,20.934999,21.000000,13.908501
2007-11-08,21.385000,20.760000,21.200001,14.040960
2007-11-09,21.155001,20.670000,20.764999,13.752857
2007-11-12,20.735001,19.934999,19.934999,13.203135
2007-11-13,20.504999,20.160000,20.465000,13.554168
2007-11-14,20.860001,20.525000,20.570000,13.623710
2007-11-15,20.665001,19.934999,20.125000,13.328972
2007-11-16,20.334999,19.879999,20.084999,13.302483
2007-11-19,20.125000,19.469999,19.559999,12.954773
2007-11-20,20.025000,19.490000,19.860001,13.153471
2007-11-21,19.725000,19.330000,19.469999,12.895164
2007-11-23,19.959999,19.475000,19.760000,13.087230
2007-11-26,20.110001,19.344999,19.344999,12.812382
2007-11-27,19.719999,19.000000,19.500000,12.915034
2007-11-28,20.709999,19.570000,20.424999,13.527672
2007-11-29,20.840000,20.375000,20.629999,13.663445
2007-11-30,21.200001,20.620001,20.825001,13.792598
2007-12-03,20.950001,20.555000,20.719999,13.723050
2007-12-04,20.719999,20.555000,20.594999,13.640268
2007-12-05,20.975000,20.750000,20.975000,13.891942
2007-12-06,21.385000,20.924999,21.309999,14.113818
2007-12-07,21.610001,21.350000,21.510000,14.246279
2007-12-10,21.860001,21.584999,21.815001,14.448280
2007-12-11,21.830000,20.910000,20.910000,13.848893
2007-12-12,21.625000,20.889999,21.190001,14.034346
2007-12-13,21.375000,21.010000,21.355000,14.143617
2007-12-14,21.275000,20.860001,20.980000,13.895251
2007-12-17,20.875000,20.219999,20.235001,13.401831
2007-12-18,20.650000,20.035000,20.459999,13.550857
2007-12-19,20.615000,20.280001,20.430000,13.530984
2007-12-20,20.805000,20.330000,20.805000,13.779350
2007-12-21,21.135000,20.799999,21.055000,14.077554
2007-12-24,21.295000,21.129999,21.250000,14.207930
2007-12-26,21.375000,21.110001,21.360001,14.281473
2007-12-27,21.305000,20.959999,20.959999,14.014030
2007-12-28,21.254999,20.934999,20.975000,14.024058
2007-12-31,21.080000,20.799999,20.850000,13.940484
2008-01-02,20.975000,20.490000,20.650000,13.806767
2008-01-03,21.084999,20.725000,21.025000,14.057482
2008-01-04,20.785000,20.350000,20.389999,13.632920
2008-01-07,20.530001,19.834999,20.110001,13.445715
2008-01-08,20.535000,19.735001,19.799999,13.238451
2008-01-09,20.040001,19.375000,19.924999,13.322023
2008-01-10,20.405001,19.590000,20.195000,13.502544
2008-01-11,20.254999,19.895000,19.990000,13.365479
2008-01-14,20.719999,20.100000,20.660000,13.813449
2008-01-15,20.645000,19.969999,20.094999,13.435684
2008-01-16,20.059999,19.145000,19.424999,12.987718
2008-01-17,19.420000,18.325001,18.465000,12.345852
2008-01-18,18.975000,18.235001,18.674999,12.486258
2008-01-22,18.725000,17.415001,18.504999,12.372599
2008-01-23,18.844999,17.325001,18.825001,12.586553
2008-01-24,19.400000,18.930000,19.125000,12.787135
2008-01-25,19.770000,19.084999,19.219999,12.850652
2008-01-28,19.620001,19.059999,19.600000,13.104726
2008-01-29,20.014999,19.610001,19.700001,13.171588
2008-01-30,20.325001,19.504999,19.625000,13.121440
2008-01-31,20.165001,19.309999,19.975000,13.355451
2008-02-01,20.530001,20.070000,20.459999,13.679728
2008-02-04,20.545000,20.110001,20.139999,13.465770
2008-02-05,19.875000,19.405001,19.559999,13.077977
2008-02-06,19.860001,19.264999,19.424999,12.987718
2008-02-07,19.709999,19.020000,19.500000,13.037858
2008-02-08,19.934999,19.325001,19.915001,13.315331
2008-02-11,20.184999,19.674999,19.985001,13.362136
2008-02-12,20.600000,20.010000,20.344999,13.602835
2008-02-13,21.434999,19.985001,20.260000,13.546006
2008-02-14,20.615000,20.000000,20.000000,13.372163
2008-02-15,20.254999,19.875000,20.125000,13.455743
2008-02-19,20.834999,20.240000,20.625000,13.790052
2008-02-20,20.850000,20.325001,20.745001,13.870275
2008-02-21,21.014999,20.415001,20.465000,13.683076
2008-02-22,20.754999,20.200001,20.660000,13.813449
2008-02-25,21.184999,20.480000,21.135000,14.131035
2008-02-26,21.375000,20.895000,21.235001,14.197906
2008-02-27,21.440001,20.930000,21.230000,14.194551
2008-02-28,21.260000,20.965000,21.115000,14.117661
2008-02-29,21.049999,20.330000,20.434999,13.663013
2008-03-03,20.775000,20.420000,20.775000,13.890338
2008-03-04,20.775000,19.900000,20.275000,13.556034
2008-03-05,20.975000,20.205000,20.844999,13.937140
2008-03-06,20.905001,20.500000,20.660000,13.813449
2008-03-07,20.500000,19.650000,19.795000,13.235105
2008-03-10,19.700001,19.055000,19.370001,12.950947
2008-03-11,20.549999,19.535000,20.549999,13.739902
2008-03-12,20.584999,20.100000,20.254999,13.542657
2008-03-13,20.750000,19.805000,20.750000,13.873620
2008-03-14,20.965000,20.045000,20.385000,13.629576
2008-03-17,20.389999,19.575001,19.975000,13.355451
2008-03-18,20.690001,20.094999,20.674999,13.823479
2008-03-19,20.799999,19.275000,19.275000,12.887426
2008-03-20,19.424999,18.549999,19.150000,12.843827
2008-03-24,20.195000,19.440001,19.830000,13.299898
2008-03-25,20.540001,20.110001,20.424999,13.698964
2008-03-26,20.575001,20.235001,20.334999,13.638605
2008-03-27,20.555000,20.150000,20.280001,13.601717
2008-03-28,20.355000,20.030001,20.110001,13.487699
2008-03-31,20.344999,19.910000,20.084999,13.470927
2008-04-01,20.875000,19.860001,20.725000,13.900176
2008-04-02,20.915001,20.440001,20.865000,13.994074
2008-04-03,21.420000,20.575001,21.245001,14.248945
2008-04-04,21.605000,21.025000,21.455000,14.389789
2008-04-07,21.900000,21.235001,21.340000,14.312653
2008-04-08,21.540001,21.125000,21.540001,14.446788
2008-04-09,21.629999,21.170000,21.309999,14.292533
2008-04-10,21.395000,20.980000,21.365000,14.329419
2008-04-11,21.330000,20.990000,21.090000,14.144984
2008-04-14,21.184999,20.889999,20.985001,14.074563
2008-04-15,21.295000,20.850000,21.100000,14.151689
2008-04-16,22.110001,21.280001,22.110001,14.829092
2008-04-17,22.270000,21.665001,22.000000,14.755315
2008-04-18,22.309999,21.900000,22.120001,14.835791
2008-04-21,22.254999,21.920000,22.174999,14.872684
2008-04-22,22.230000,21.700001,22.000000,14.755315
2008-04-23,22.020000,21.575001,21.655001,14.523919
2008-04-24,21.719999,21.174999,21.340000,14.312653
2008-04-25,22.020000,21.385000,21.950001,14.721783
2008-04-28,22.030001,21.645000,21.825001,14.637938
2008-04-29,21.580000,21.030001,21.105000,14.155048
2008-04-30,21.475000,21.094999,21.155001,14.188579
2008-05-01,21.170000,20.670000,21.004999,14.087970
2008-05-02,21.430000,21.100000,21.219999,14.232175
2008-05-05,21.700001,21.330000,21.700001,14.554108
2008-05-06,21.924999,21.535000,21.875000,14.671473
2008-05-07,22.025000,21.514999,21.629999,14.507159
2008-05-08,22.100000,21.629999,22.000000,14.755315
2008-05-09,21.945000,21.575001,21.725000,14.570871
2008-05-12,22.180000,21.615000,22.170000,14.869332
2008-05-13,22.299999,21.980000,22.295000,14.953171
2008-05-14,22.715000,22.235001,22.420000,15.037013
2008-05-15,22.780001,22.480000,22.674999,15.208035
2008-05-16,23.000000,22.650000,22.955000,15.395830
2008-05-19,23.270000,22.850000,22.895000,15.355582
2008-05-20,23.014999,22.584999,23.014999,15.436066
2008-05-21,23.035000,22.219999,22.340000,14.983349
2008-05-22,22.565001,22.105000,22.240000,14.916274
2008-05-23,22.190001,21.674999,21.934999,14.711718
2008-05-27,22.010000,21.520000,21.834999,14.644651
2008-05-28,22.445000,21.690001,22.379999,15.010176
2008-05-29,22.334999,21.969999,22.230000,14.909576
2008-05-30,22.375000,22.165001,22.254999,14.926344
2008-06-02,22.295000,21.924999,22.084999,14.812323
2008-06-03,22.389999,21.805000,22.110001,14.829092
2008-06-04,22.379999,21.910000,22.014999,14.765373
2008-06-05,22.754999,22.065001,22.754999,15.261686
2008-06-06,22.740000,22.084999,22.084999,14.812323
2008-06-09,22.530001,22.090000,22.420000,15.037013
2008-06-10,22.254999,21.995001,22.135000,14.845860
2008-06-11,22.309999,21.695000,21.740000,14.580934
2008-06-12,22.004999,21.535000,21.730000,14.574221
2008-06-13,22.350000,21.825001,22.270000,14.936402
2008-06-16,22.465000,22.170000,22.250000,14.922993
2008-06-17,22.605000,22.299999,22.370001,15.003475
2008-06-18,22.415001,22.080000,22.219999,14.902870
2008-06-19,22.465000,22.180000,22.260000,14.929700
2008-06-20,22.135000,21.605000,21.709999,14.627512
2008-06-23,21.950001,21.590000,21.850000,14.721839
2008-06-24,22.000000,21.280001,21.434999,14.442230
2008-06-25,21.705000,21.120001,21.500000,14.486024
2008-06-26,21.490000,20.785000,20.969999,14.128929
2008-06-27,21.075001,20.639999,20.950001,14.115447
2008-06-30,21.070000,20.780001,20.865000,14.058174
2008-07-01,20.725000,20.115000,20.480000,13.798779
2008-07-02,20.760000,19.570000,19.605000,13.209229
2008-07-03,19.940001,19.174999,19.725000,13.290080
2008-07-07,20.094999,19.434999,19.825001,13.357456
2008-07-08,19.674999,18.990000,19.615000,13.215966
2008-07-09,20.120001,19.330000,19.650000,13.239549
2008-07-10,20.075001,19.340000,19.725000,13.290080
2008-07-11,20.010000,19.495001,19.709999,13.279966
2008-07-14,20.160000,19.625000,19.930000,13.428202
2008-07-15,19.945000,19.309999,19.735001,13.296817
2008-07-16,20.090000,19.195000,19.809999,13.347353
2008-07-17,20.055000,19.650000,19.934999,13.431573
2008-07-18,20.190001,19.645000,19.799999,13.340612
2008-07-21,20.225000,19.844999,20.209999,13.616857
2008-07-22,20.240000,19.805000,20.240000,13.637069
2008-07-23,20.389999,19.795000,19.985001,13.465261
2008-07-24,20.080000,19.420000,19.480000,13.125006
2008-07-25,19.745001,19.334999,19.510000,13.145219
2008-07-28,19.709999,19.420000,19.485001,13.128374
2008-07-29,19.969999,19.540001,19.870001,13.387776
2008-07-30,20.510000,19.965000,20.340000,13.704449
2008-07-31,20.530001,20.110001,20.190001,13.603382
2008-08-01,20.225000,19.665001,19.825001,13.357456
2008-08-04,19.645000,18.799999,18.965000,12.778014
2008-08-05,19.299999,18.780001,19.184999,12.926243
2008-08-06,19.639999,19.219999,19.375000,13.054266
2008-08-07,19.594999,19.160000,19.315001,13.013835
2008-08-08,19.490000,18.879999,19.235001,12.959938
2008-08-11,19.405001,19.070000,19.260000,12.976779
2008-08-12,19.605000,19.299999,19.420000,13.084584
2008-08-13,19.940001,19.375000,19.840000,13.367567
2008-08-14,19.905001,19.530001,19.799999,13.340612
2008-08-15,19.775000,19.469999,19.674999,13.256389
2008-08-18,19.910000,19.395000,19.495001,13.135111
2008-08-19,19.575001,19.290001,19.375000,13.054266
2008-08-20,19.825001,19.450001,19.715000,13.283342
2008-08-21,20.010000,19.750000,19.885000,13.397881
2008-08-22,20.040001,19.760000,19.875000,13.391145
2008-08-25,19.900000,19.309999,19.445000,13.101422
2008-08-26,19.580000,19.305000,19.549999,13.172173
2008-08-27,19.844999,19.549999,19.730000,13.293448
2008-08-28,20.075001,19.805000,20.010000,13.482099
2008-08-29,20.075001,19.775000,19.875000,13.391145
2008-09-02,19.780001,19.290001,19.375000,13.054266
2008-09-03,19.600000,19.000000,19.275000,12.986884
2008-09-04,19.240000,18.344999,18.590000,12.525355
2008-09-05,18.785000,18.065001,18.610001,12.538829
2008-09-08,19.219999,18.400000,18.575001,12.515246
2008-09-09,18.625000,17.855000,17.985001,12.117724
2008-09-10,18.420000,17.775000,18.139999,12.222156
2008-09-11,18.615000,17.815001,18.450001,12.431026
2008-09-12,19.155001,18.360001,19.040001,12.828547
2008-09-15,19.004999,18.139999,18.250000,12.296271
2008-09-16,18.655001,17.645000,18.450001,12.431026
2008-09-17,18.570000,17.700001,18.105000,12.198574
2008-09-18,18.665001,17.424999,18.100000,12.195207
2008-09-19,19.385000,18.500000,19.139999,12.972254
2008-09-22,19.500000,18.645000,18.895000,12.806204
2008-09-23,18.760000,18.110001,18.455000,12.507990
2008-09-24,18.405001,17.900000,18.090000,12.260612
2008-09-25,18.209999,17.809999,18.040001,12.226720
2008-09-26,17.715000,17.290001,17.620001,11.942068
2008-09-29,17.219999,15.845000,16.350000,11.081314
2008-09-30,16.700001,16.084999,16.700001,11.318530
2008-10-01,16.594999,16.065001,16.424999,11.132147
2008-10-02,15.930000,14.965000,15.245000,10.332395
2008-10-03,15.845000,14.890000,15.095000,10.230732
2008-10-06,14.755000,13.445000,14.350000,9.725802
2008-10-07,14.765000,13.525000,13.610000,9.224263
2008-10-08,14.770000,13.050000,14.050000,9.522475
2008-10-09,14.675000,13.050000,13.150000,8.912493
2008-10-10,13.555000,12.025000,12.840000,8.702390
2008-10-13,14.645000,13.220000,14.645000,9.925740
2008-10-14,15.045000,13.695000,14.220000,9.637696
2008-10-15,13.745000,12.325000,12.455000,8.441451
2008-10-16,12.950000,11.770000,12.540000,8.499067
2008-10-17,13.425000,12.300000,12.875000,8.726110
2008-10-20,13.765000,12.955000,13.525000,9.166651
2008-10-21,13.670000,12.955000,12.955000,8.780332
2008-10-22,12.740000,11.685000,12.245000,8.299126
2008-10-23,12.395000,11.305000,11.965000,8.109355
2008-10-24,11.765000,10.775000,11.450000,7.760309
2008-10-27,11.740000,10.600000,10.600000,7.184216
2008-10-28,12.245000,10.850000,11.935000,8.089019
2008-10-29,13.045000,12.050000,12.425000,8.421123
2008-10-30,13.040000,12.280000,12.815000,8.685443
2008-10-31,13.245000,12.510000,12.960000,8.783718
2008-11-03,13.165000,12.700000,12.900000,8.743053
2008-11-04,13.650000,13.225000,13.505000,9.153099
2008-11-05,13.530000,12.710000,12.940000,8.770164
2008-11-06,12.785000,12.000000,12.235000,8.292345
2008-11-07,12.515000,12.040000,12.435000,8.427896
2008-11-10,12.935000,12.220000,12.440000,8.431290
2008-11-11,12.250000,11.680000,11.945000,8.095798
2008-11-12,11.730000,11.185000,11.185000,7.580701
2008-11-13,12.120000,10.855000,12.095000,8.197461
2008-11-14,12.050000,11.335000,11.360000,7.699310
2008-11-17,11.535000,11.020000,11.125000,7.540039
2008-11-18,11.270000,10.745000,11.000000,7.455318
2008-11-19,11.200000,10.260000,10.340000,7.008001
2008-11-20,10.475000,9.405000,9.940000,6.736896
2008-11-21,10.115000,9.465000,10.050000,6.811447
2008-11-24,11.010000,10.210000,10.630000,7.204550
2008-11-25,11.185000,10.635000,11.020000,7.468875
2008-11-26,11.585000,10.760000,11.525000,7.811139
2008-11-28,11.605000,11.315000,11.575000,7.845030
2008-12-01,11.440000,10.505000,10.595000,7.180825
2008-12-02,11.015000,10.570000,11.005000,7.458704
2008-12-03,11.070000,10.520000,10.985000,7.445152
2008-12-04,11.115000,10.575000,10.765000,7.296050
2008-12-05,11.045000,10.235000,10.965000,7.431598
2008-12-08,11.960000,11.315000,11.790000,7.990745
2008-12-09,12.200000,11.565000,11.665000,7.906024
2008-12-10,12.190000,11.820000,12.025000,8.150023
2008-12-11,12.195000,11.370000,11.505000,7.797585
2008-12-12,11.730000,11.090000,11.550000,7.828086
2008-12-15,11.835000,11.370000,11.525000,7.811139
2008-12-16,12.280000,11.660000,12.230000,8.288957
2008-12-17,12.435000,12.040000,12.240000,8.295739
2008-12-18,12.360000,11.620000,11.770000,7.977191
2008-12-19,11.710000,11.345000,11.390000,7.813580
2008-12-22,11.450000,10.795000,10.975000,7.528888
2008-12-23,11.205000,10.905000,10.935000,7.501444
2008-12-24,11.035000,10.885000,10.945000,7.508305
2008-12-26,11.155000,10.920000,11.080000,7.600917
2008-12-29,11.010000,10.700000,10.880000,7.463717
2008-12-30,11.200000,10.935000,11.175000,7.666085
2008-12-31,11.460000,11.120000,11.370000,7.799860
2009-01-02,11.855000,11.345000,11.785000,8.084547
2009-01-05,12.005000,11.555000,11.810000,8.101696
2009-01-06,12.200000,11.785000,12.075000,8.283490
2009-01-07,12.155000,11.790000,11.795000,8.091408
2009-01-08,12.015000,11.700000,11.960000,8.204601
2009-01-09,11.990000,11.650000,11.670000,8.005660
2009-01-12,11.640000,11.175000,11.185000,7.672949
2009-01-13,11.390000,11.100000,11.245000,7.714106
2009-01-14,11.095000,10.740000,10.825000,7.425984
2009-01-15,11.240000,10.545000,11.145000,7.645510
2009-01-16,11.420000,10.955000,11.270000,7.731259
2009-01-20,11.265000,10.610000,10.635000,7.295647
2009-01-21,11.045000,10.530000,11.010000,7.552900
2009-01-22,11.000000,10.690000,10.840000,7.436275
2009-01-23,11.205000,10.585000,11.005000,7.549467
2009-01-26,11.370000,10.825000,10.875000,7.460287
2009-01-27,11.110000,10.800000,10.955000,7.515166
2009-01-28,11.395000,11.125000,11.265000,7.727831
2009-01-29,11.145000,10.910000,10.960000,7.518597
2009-01-30,11.010000,10.465000,10.530000,7.223618
2009-02-02,10.570000,10.260000,10.380000,7.120715
2009-02-03,10.650000,10.420000,10.580000,7.257920
2009-02-04,11.025000,10.710000,10.710000,7.347098
2009-02-05,11.140000,10.610000,10.995000,7.542608
2009-02-06,11.385000,11.065000,11.325000,7.768987
2009-02-09,11.515000,11.170000,11.285000,7.741548
2009-02-10,11.480000,10.695000,10.780000,7.395118
2009-02-11,11.030000,10.670000,10.780000,7.395118
2009-02-12,10.960000,10.535000,10.960000,7.518597
2009-02-13,10.985000,10.760000,10.795000,7.405408
2009-02-17,10.500000,10.290000,10.325000,7.082986
2009-02-18,10.410000,10.105000,10.265000,7.041824
2009-02-19,10.540000,10.150000,10.160000,6.969793
2009-02-20,10.340000,10.000000,10.240000,7.024674
2009-02-23,10.360000,9.570000,9.620000,6.599352
2009-02-24,9.985000,9.510000,9.925000,6.808584
2009-02-25,10.040000,9.695000,9.775000,6.705682
2009-02-26,10.160000,9.740000,9.785000,6.712544
2009-02-27,9.915000,9.500000,9.685000,6.643946
2009-03-02,9.540000,8.975000,9.040000,6.201473
2009-03-03,9.260000,8.965000,9.075000,6.225482
2009-03-04,9.545000,9.295000,9.390000,6.441571
2009-03-05,9.385000,8.975000,9.085000,6.232344
2009-03-06,9.370000,8.915000,9.200000,6.311231
2009-03-09,9.335000,9.030000,9.090000,6.235771
2009-03-10,9.690000,9.270000,9.595000,6.582203
2009-03-11,9.985000,9.670000,9.885000,6.781145
2009-03-12,10.175000,9.700000,10.130000,6.949215
2009-03-13,10.305000,10.035000,10.175000,6.980083
2009-03-16,10.615000,10.290000,10.335000,7.089844
2009-03-17,10.425000,10.135000,10.425000,7.151588
2009-03-18,10.755000,10.205000,10.730000,7.360816
2009-03-19,11.060000,10.825000,10.830000,7.429416
2009-03-20,10.890000,10.490000,10.575000,7.298632
2009-03-23,11.215000,10.715000,11.200000,7.729990
2009-03-24,11.335000,11.010000,11.155000,7.698933
2009-03-25,11.545000,10.955000,11.255000,7.767950
2009-03-26,11.770000,11.415000,11.705000,8.078529
2009-03-27,11.605000,11.385000,11.450000,7.902534
2009-03-30,11.170000,10.875000,11.055000,7.629913
2009-03-31,11.255000,10.935000,11.105000,7.664425
2009-04-01,11.510000,10.825000,11.330000,7.819712
2009-04-02,11.940000,11.595000,11.755000,8.113034
2009-04-03,11.925000,11.530000,11.905000,8.216565
2009-04-06,11.775000,11.440000,11.695000,8.071626
2009-04-07,11.540000,11.265000,11.295000,7.795557
2009-04-08,11.510000,11.220000,11.425000,7.885282
2009-04-09,11.990000,11.715000,11.920000,8.226918
2009-04-13,12.210000,11.775000,12.075000,8.333899
2009-04-14,12.155000,11.820000,11.850000,8.178603
2009-04-15,12.130000,11.770000,12.130000,8.371856
2009-04-16,12.315000,11.915000,12.135000,8.375307
2009-04-17,12.295000,12.075000,12.225000,8.437422
2009-04-20,12.070000,11.575000,11.660000,8.047472
2009-04-21,11.925000,11.425000,11.895000,8.209667
2009-04-22,12.350000,11.705000,11.950000,8.247622
2009-04-23,12.105000,11.845000,11.980000,8.268326
2009-04-24,12.640000,12.100000,12.550000,8.661730
2009-04-27,12.460000,12.155000,12.275000,8.471931
2009-04-28,12.345000,12.025000,12.210000,8.427068
2009-04-29,12.600000,12.320000,12.485000,8.616864
2009-04-30,12.965000,12.750000,12.835000,8.858430
2009-05-01,13.055000,12.695000,12.865000,8.879134
2009-05-04,13.620000,13.025000,13.590000,9.379513
2009-05-05,13.650000,13.340000,13.510000,9.324301
2009-05-06,13.745000,13.435000,13.565000,9.362256
2009-05-07,13.810000,12.965000,13.120000,9.055133
2009-05-08,13.495000,13.205000,13.400000,9.248381
2009-05-11,13.310000,13.055000,13.205000,9.113797
2009-05-12,13.415000,13.095000,13.335000,9.203521
2009-05-13,13.100000,12.630000,12.760000,8.806664
2009-05-14,13.035000,12.640000,12.870000,8.882589
2009-05-15,13.150000,12.735000,12.915000,8.913643
2009-05-18,13.315000,12.965000,13.285000,9.169012
2009-05-19,13.565000,13.300000,13.440000,9.275988
2009-05-20,14.010000,13.445000,13.500000,9.317397
2009-05-21,13.325000,13.025000,13.200000,9.110345
2009-05-22,13.330000,13.055000,13.150000,9.075834
2009-05-26,13.485000,12.915000,13.465000,9.293240
2009-05-27,13.425000,12.930000,12.960000,8.944701
2009-05-28,13.220000,12.880000,13.190000,9.103441
2009-05-29,13.600000,13.250000,13.585000,9.376063
2009-06-01,14.085000,13.760000,14.000000,9.662486
2009-06-02,14.190000,13.900000,14.140000,9.759115
2009-06-03,13.980000,13.470000,13.655000,9.424376
2009-06-04,14.015000,13.635000,13.970000,9.641783
2009-06-05,14.150000,13.630000,13.770000,9.503744
2009-06-08,13.770000,13.415000,13.700000,9.455433
2009-06-09,14.055000,13.695000,13.945000,9.624528
2009-06-10,14.180000,13.690000,13.960000,9.634878
2009-06-11,14.330000,13.995000,14.155000,9.769465
2009-06-12,14.060000,13.850000,14.010000,9.669390
2009-06-15,13.850000,13.445000,13.540000,9.345008
2009-06-16,13.675000,13.155000,13.175000,9.093093
2009-06-17,13.215000,12.840000,13.025000,8.989565
2009-06-18,13.325000,12.960000,13.135000,9.065482
2009-06-19,13.255000,12.935000,13.035000,9.044321
2009-06-22,12.855000,12.360000,12.375000,8.586383
2009-06-23,12.650000,12.295000,12.535000,8.697395
2009-06-24,12.960000,12.590000,12.660000,8.784126
2009-06-25,12.955000,12.500000,12.930000,8.971464
2009-06-26,13.015000,12.835000,12.910000,8.957590
2009-06-29,13.120000,12.850000,13.025000,9.037383
2009-06-30,13.140000,12.820000,12.900000,8.950650
2009-07-01,13.210000,12.900000,12.930000,8.971464
2009-07-02,12.745000,12.555000,12.575000,8.725149
2009-07-06,12.480000,12.240000,12.475000,8.655765
2009-07-07,12.500000,12.120000,12.120000,8.409447
2009-07-08,12.380000,11.925000,12.130000,8.416389
2009-07-09,12.355000,12.185000,12.225000,8.482304
2009-07-10,12.300000,11.955000,12.155000,8.433733
2009-07-13,12.525000,11.970000,12.525000,8.690460
2009-07-14,12.685000,12.425000,12.620000,8.756375
2009-07-15,13.115000,12.825000,13.115000,9.099831
2009-07-16,13.325000,13.050000,13.240000,9.186558
2009-07-17,13.415000,13.170000,13.305000,9.231662
2009-07-20,13.625000,13.365000,13.590000,9.429404
2009-07-21,13.970000,13.460000,13.750000,9.540423
2009-07-22,13.905000,13.590000,13.790000,9.568173
2009-07-23,14.345000,13.770000,14.260000,9.894288
2009-07-24,14.375000,14.100000,14.375000,9.974078
2009-07-27,14.495000,14.260000,14.405000,9.994893
2009-07-28,14.355000,14.045000,14.285000,9.911632
2009-07-29,14.085000,13.890000,13.985000,9.703479
2009-07-30,14.545000,14.230000,14.410000,9.998363
2009-07-31,14.695000,14.335000,14.560000,10.102441
2009-08-03,15.075000,14.750000,15.075000,10.459776
2009-08-04,15.135000,14.835000,15.020000,10.421611
2009-08-05,15.190000,14.835000,15.140000,10.504869
2009-08-06,15.300000,14.900000,15.015000,10.418144
2009-08-07,15.265000,14.895000,15.105000,10.480592
2009-08-10,15.055000,14.775000,14.905000,10.341820
2009-08-11,14.925000,14.680000,14.870000,10.317533
2009-08-12,15.130000,14.755000,15.005000,10.411204
2009-08-13,15.340000,15.065000,15.280000,10.602013
2009-08-14,15.305000,14.750000,14.895000,10.334884
2009-08-17,14.565000,14.260000,14.330000,9.942854
2009-08-18,14.590000,14.360000,14.545000,10.092032
2009-08-19,14.825000,14.255000,14.735000,10.223865
2009-08-20,14.845000,14.680000,14.765000,10.244682
2009-08-21,15.160000,14.915000,15.155000,10.515279
2009-08-24,15.335000,14.965000,15.035000,10.432015
2009-08-25,15.270000,14.925000,14.960000,10.379984
2009-08-26,15.095000,14.785000,14.905000,10.341820
2009-08-27,15.085000,14.630000,15.010000,10.414669
2009-08-28,15.190000,14.920000,15.105000,10.480592
2009-08-31,14.905000,14.740000,14.905000,10.341820
2009-09-01,15.055000,14.450000,14.465000,10.036523
2009-09-02,14.635000,14.335000,14.600000,10.130197
2009-09-03,14.825000,14.550000,14.810000,10.275904
2009-09-04,15.025000,14.665000,15.015000,10.418144
2009-09-08,15.330000,15.145000,15.220000,10.560383
2009-09-09,15.370000,15.135000,15.290000,10.608952
2009-09-10,15.410000,14.980000,15.375000,10.667930
2009-09-11,15.560000,15.270000,15.395000,10.681803
2009-09-14,15.605000,15.160000,15.590000,10.817101
2009-09-15,16.010000,15.575000,15.935000,11.056482
2009-09-16,16.245001,15.970000,16.155001,11.209127
2009-09-17,16.389999,15.995000,16.080000,11.157089
2009-09-18,16.129999,15.890000,16.004999,11.151172
2009-09-21,15.910000,15.610000,15.845000,11.039688
2009-09-22,16.129999,15.960000,16.020000,11.161621
2009-09-23,16.094999,15.710000,15.765000,10.983951
2009-09-24,15.825000,15.315000,15.420000,10.743579
2009-09-25,15.500000,15.170000,15.270000,10.639072
2009-09-28,15.650000,15.275000,15.560000,10.841125
2009-09-29,15.780000,15.520000,15.575000,10.851575
2009-09-30,15.710000,15.310000,15.470000,10.778418
2009-10-01,15.460000,14.865000,14.865000,10.356893
2009-10-02,14.990000,14.585000,14.805000,10.315092
2009-10-05,15.160000,14.820000,15.055000,10.489268
2009-10-06,15.505000,15.160000,15.370000,10.708743
2009-10-07,15.495000,15.265000,15.375000,10.712231
2009-10-08,15.800000,15.530000,15.735000,10.963049
2009-10-09,15.810000,15.605000,15.750000,10.973499
2009-10-12,15.990000,15.730000,15.790000,11.001370
2009-10-13,15.920000,15.625000,15.875000,11.060593
2009-10-14,16.235001,16.014999,16.215000,11.297481
2009-10-15,16.305000,16.065001,16.245001,11.318383
2009-10-16,16.195000,16.000000,16.020000,11.161621
2009-10-19,16.320000,16.045000,16.264999,11.332317
2009-10-20,16.334999,15.930000,16.094999,11.213874
2009-10-21,16.245001,15.855000,15.905000,11.081493
2009-10-22,16.160000,15.665000,16.094999,11.213874
2009-10-23,16.180000,15.705000,15.775000,10.990921
2009-10-26,16.010000,15.355000,15.370000,10.708743
2009-10-27,15.490000,15.220000,15.245000,10.621654
2009-10-28,15.265000,14.740000,14.775000,10.294192
2009-10-29,15.280000,14.930000,15.215000,10.600754
2009-10-30,15.205000,14.535000,14.670000,10.221034
2009-11-02,15.065000,14.475000,14.800000,10.311608
2009-11-03,15.010000,14.560000,14.950000,10.416120
2009-11-04,15.260000,14.900000,14.950000,10.416120
2009-11-05,15.315000,15.015000,15.215000,10.600754
2009-11-06,15.500000,15.115000,15.345000,10.691327
2009-11-09,15.850000,15.535000,15.845000,11.039688
2009-11-10,15.960000,15.615000,15.865000,11.053624
2009-11-11,16.174999,15.965000,16.020000,11.161621
2009-11-12,16.190001,15.870000,15.945000,11.109368
2009-11-13,16.150000,15.900000,16.004999,11.151172
2009-11-16,16.459999,16.125000,16.334999,11.381092
2009-11-17,16.549999,16.219999,16.525000,11.513465
2009-11-18,16.639999,16.405001,16.525000,11.513465
2009-11-19,16.385000,16.014999,16.275000,11.339286
2009-11-20,16.285000,16.055000,16.219999,11.300966
2009-11-23,16.620001,16.325001,16.385000,11.415926
2009-11-24,16.410000,16.205000,16.365000,11.401991
2009-11-25,16.629999,16.365000,16.629999,11.586623
2009-11-27,16.355000,15.980000,16.174999,11.269610
2009-11-30,16.350000,16.080000,16.250000,11.321867
2009-12-01,16.655001,16.469999,16.565001,11.541339
2009-12-02,16.799999,16.559999,16.725000,11.652815
2009-12-03,16.805000,16.440001,16.455000,11.464700
2009-12-04,16.775000,16.045000,16.275000,11.339286
2009-12-07,16.465000,16.200001,16.295000,11.353219
2009-12-08,16.215000,15.995000,16.035000,11.172065
2009-12-09,16.245001,15.915000,16.235001,11.311415
2009-12-10,16.405001,16.120001,16.174999,11.269610
2009-12-11,16.330000,16.070000,16.219999,11.300966
2009-12-14,16.469999,16.235001,16.455000,11.464700
2009-12-15,16.565001,16.219999,16.295000,11.353219
2009-12-16,16.565001,16.350000,16.459999,11.468179
2009-12-17,16.334999,16.055000,16.094999,11.213874
2009-12-18,16.125000,15.835000,15.995000,11.205818
2009-12-21,16.290001,16.080000,16.230000,11.370454
2009-12-22,16.334999,16.184999,16.325001,11.437011
2009-12-23,16.580000,16.305000,16.575001,11.612158
2009-12-24,16.745001,16.600000,16.705000,11.703230
2009-12-28,16.825001,16.645000,16.719999,11.713739
2009-12-29,16.860001,16.680000,16.745001,11.731252
2009-12-30,16.770000,16.590000,16.725000,11.717243
2009-12-31,16.809999,16.495001,16.495001,11.556106
2010-01-04,17.010000,16.725000,17.010000,11.916905
2010-01-05,17.090000,16.905001,17.065001,11.955443
2010-01-06,17.415001,17.040001,17.355000,12.158606
2010-01-07,17.290001,17.080000,17.219999,12.064034
2010-01-08,17.459999,17.139999,17.459999,12.232165
2010-01-11,17.690001,17.290001,17.365000,12.165613
2010-01-12,17.205000,16.865000,17.035000,11.934423
2010-01-13,17.250000,16.875000,17.235001,12.074541
2010-01-14,17.260000,17.000000,17.025000,11.927418
2010-01-15,17.070000,16.815001,16.900000,11.839846
2010-01-19,17.174999,16.850000,17.170000,12.028998
2010-01-20,17.000000,16.709999,16.865000,11.815324
2010-01-21,16.885000,16.129999,16.135000,11.303897
2010-01-22,16.285000,15.775000,15.815000,11.079712
2010-01-25,16.120001,15.900000,15.955000,11.177789
2010-01-26,15.995000,15.680000,15.730000,11.020164
2010-01-27,15.770000,15.325000,15.595000,10.925584
2010-01-28,15.740000,15.240000,15.315000,10.729423
2010-01-29,15.660000,15.060000,15.070000,10.557781
2010-02-01,15.670000,15.230000,15.670000,10.978127
2010-02-02,15.800000,15.510000,15.720000,11.013157
2010-02-03,15.810000,15.490000,15.540000,10.887054
2010-02-04,15.375000,14.950000,14.960000,10.480713
2010-02-05,15.245000,14.740000,15.240000,10.676877
2010-02-08,15.360000,14.980000,14.995000,10.505234
2010-02-09,15.520000,15.125000,15.360000,10.760952
2010-02-10,15.410000,15.065000,15.255000,10.687387
2010-02-11,15.535000,15.170000,15.515000,10.869535
2010-02-12,15.570000,15.170000,15.485000,10.848518
2010-02-16,15.900000,15.670000,15.875000,11.121747
2010-02-17,16.045000,15.775000,15.885000,11.128755
2010-02-18,16.110001,15.800000,16.055000,11.247850
2010-02-19,16.230000,15.925000,16.145000,11.310902
2010-02-22,16.290001,16.014999,16.075001,11.261864
2010-02-23,16.110001,15.725000,15.820000,11.083216
2010-02-24,15.980000,15.695000,15.780000,11.055194
2010-02-25,15.770000,15.395000,15.745000,11.030669
2010-02-26,15.825000,15.605000,15.750000,11.034175
2010-03-01,16.004999,15.750000,15.990000,11.202315
2010-03-02,16.254999,16.080000,16.125000,11.296892
2010-03-03,16.504999,16.205000,16.264999,11.394974
2010-03-04,16.434999,16.245001,16.375000,11.472038
2010-03-05,16.690001,16.465000,16.584999,11.619156
2010-03-08,16.705000,16.495001,16.584999,11.619156
2010-03-09,16.645000,16.420000,16.480000,11.545596
2010-03-10,16.625000,16.365000,16.485001,11.549108
2010-03-11,16.580000,16.290001,16.580000,11.615659
2010-03-12,16.764999,16.610001,16.645000,11.661197
2010-03-15,16.660000,16.500000,16.639999,11.657691
2010-03-16,16.885000,16.690001,16.885000,11.829334
2010-03-17,17.094999,16.924999,16.980000,11.895892
2010-03-18,17.094999,16.834999,16.860001,11.811823
2010-03-19,16.959999,16.620001,16.639999,11.682985
2010-03-22,16.905001,16.424999,16.885000,11.855000
2010-03-23,17.105000,16.805000,17.105000,12.009463
2010-03-24,17.165001,16.945000,17.055000,11.974356
2010-03-25,17.209999,16.700001,16.715000,11.735647
2010-03-26,16.995001,16.725000,16.840000,11.823404
2010-03-29,17.100000,16.934999,17.020000,11.949781
2010-03-30,17.165001,16.924999,17.045000,11.967337
2010-03-31,17.105000,16.910000,16.959999,11.907656
2010-04-01,17.280001,17.110001,17.254999,12.114780
2010-04-05,17.469999,17.245001,17.465000,12.262219
2010-04-06,17.549999,17.375000,17.495001,12.283286
2010-04-07,17.580000,17.295000,17.385000,12.206051
2010-04-08,17.440001,17.200001,17.424999,12.234135
2010-04-09,17.500000,17.355000,17.455000,12.255198
2010-04-12,17.514999,17.350000,17.400000,12.216584
2010-04-13,17.385000,17.219999,17.334999,12.170946
2010-04-14,17.469999,17.340000,17.465000,12.262219
2010-04-15,17.510000,17.370001,17.465000,12.262219
2010-04-16,17.459999,17.025000,17.165001,12.051591
2010-04-19,17.195000,16.870001,17.170000,12.055100
2010-04-20,17.360001,17.150000,17.225000,12.093718
2010-04-21,17.260000,17.010000,17.180000,12.062122
2010-04-22,17.350000,16.900000,17.350000,12.181474
2010-04-23,17.570000,17.315001,17.504999,12.290307
2010-04-26,17.735001,17.525000,17.580000,12.342959
2010-04-27,17.530001,16.940001,16.940001,11.893618
2010-04-28,17.225000,16.955000,17.145000,12.037546
2010-04-29,17.360001,17.170000,17.299999,12.146372
2010-04-30,17.400000,16.990000,16.995001,11.932231
2010-05-03,17.120001,16.820000,16.985001,11.925209
2010-05-04,16.760000,16.280001,16.395000,11.510970
2010-05-05,16.504999,16.065001,16.275000,11.426719
2010-05-06,16.459999,14.740000,15.740000,11.051092
2010-05-07,16.020000,15.330000,15.565000,10.928226
2010-05-10,16.350000,16.110001,16.305000,11.447784
2010-05-11,16.330000,16.070000,16.100000,11.303849
2010-05-12,16.440001,16.170000,16.434999,11.539051
2010-05-13,16.530001,16.180000,16.190001,11.367041
2010-05-14,16.084999,15.660000,15.795000,11.089712
2010-05-17,15.955000,15.415000,15.795000,11.089712
2010-05-18,16.174999,15.525000,15.525000,10.900141
2010-05-19,15.575000,15.175000,15.525000,10.900141
2010-05-20,15.210000,14.805000,14.820000,10.405158
2010-05-21,15.245000,14.550000,15.185000,10.661427
2010-05-24,15.240000,14.925000,14.925000,10.478881
2010-05-25,15.200000,14.435000,15.175000,10.654406
2010-05-26,15.440000,15.005000,15.055000,10.570149
2010-05-27,15.665000,15.175000,15.650000,10.987904
2010-05-28,15.635000,15.265000,15.375000,10.794826
2010-06-01,15.405000,14.855000,14.880000,10.447286
2010-06-02,15.340000,14.950000,15.340000,10.770251
2010-06-03,15.475000,14.975000,15.155000,10.640358
2010-06-04,14.985000,14.520000,14.555000,10.219104
2010-06-07,14.685000,14.285000,14.295000,10.036552
2010-06-08,14.675000,14.275000,14.620000,10.264738
2010-06-09,14.985000,14.540000,14.640000,10.278779
2010-06-10,15.165000,14.890000,15.165000,10.647385
2010-06-11,15.335000,14.990000,15.335000,10.766740
2010-06-14,15.530000,15.160000,15.185000,10.661427
2010-06-15,15.575000,15.265000,15.560000,10.924714
2010-06-16,15.630000,15.395000,15.540000,10.910674
2010-06-17,15.605000,15.260000,15.455000,10.850995
2010-06-18,15.555000,15.415000,15.475000,10.913056
2010-06-21,15.900000,15.460000,15.570000,10.980049
2010-06-22,15.650000,15.185000,15.185000,10.708543
2010-06-23,15.315000,14.960000,15.215000,10.729699
2010-06-24,15.245000,14.825000,14.830000,10.458194
2010-06-25,15.120000,14.745000,15.050000,10.613342
2010-06-28,15.090000,14.840000,14.880000,10.493453
2010-06-29,14.630000,14.270000,14.330000,10.105592
2010-06-30,14.530000,14.125000,14.185000,10.003337
2010-07-01,14.310000,13.835000,14.105000,9.946920
2010-07-02,14.220000,13.915000,14.025000,9.890505
2010-07-06,14.350000,13.900000,14.040000,9.901080
2010-07-07,14.620000,14.035000,14.600000,10.295999
2010-07-08,14.840000,14.595000,14.840000,10.465250
2010-07-09,15.195000,14.795000,15.195000,10.715597
2010-07-12,15.205000,14.920000,14.995000,10.574554
2010-07-13,15.445000,15.225000,15.400000,10.860159
2010-07-14,15.455000,15.185000,15.350000,10.824902
2010-07-15,15.390000,15.135000,15.335000,10.814322
2010-07-16,15.300000,14.875000,14.915000,10.518140
2010-07-19,15.010000,14.775000,14.930000,10.528718
2010-07-20,15.395000,14.715000,15.380000,10.846058
2010-07-21,15.615000,15.195000,15.330000,10.810799
2010-07-22,15.795000,15.475000,15.660000,11.043516
2010-07-23,16.025000,15.665000,16.004999,11.286812
2010-07-26,16.100000,15.940000,16.100000,11.353807
2010-07-27,16.250000,15.900000,15.970000,11.262133
2010-07-28,16.035000,15.850000,15.920000,11.226871
2010-07-29,16.165001,15.765000,15.905000,11.216294
2010-07-30,16.065001,15.710000,16.004999,11.286812
2010-08-02,16.465000,16.219999,16.434999,11.590050
2010-08-03,16.280001,16.100000,16.135000,11.378487
2010-08-04,16.299999,16.129999,16.285000,11.484268
2010-08-05,16.334999,16.184999,16.320000,11.508951
2010-08-06,16.420000,16.090000,16.245001,11.456056
2010-08-09,16.379999,16.240000,16.344999,11.526584
2010-08-10,16.264999,16.004999,16.170000,11.403169
2010-08-11,15.870000,15.615000,15.625000,11.018833
2010-08-12,15.780000,15.430000,15.725000,11.089355
2010-08-13,15.735000,15.595000,15.650000,11.036465
2010-08-16,15.820000,15.550000,15.720000,11.085825
2010-08-17,16.209999,15.940000,16.090000,11.346753
2010-08-18,16.230000,15.950000,16.150000,11.389066
2010-08-19,16.135000,15.700000,15.780000,11.128139
2010-08-20,15.760000,15.595000,15.745000,11.103457
2010-08-23,16.025000,15.560000,15.570000,10.980049
2010-08-24,15.415000,15.200000,15.210000,10.726172
2010-08-25,15.300000,14.940000,15.255000,10.757906
2010-08-26,15.485000,15.210000,15.235000,10.743800
2010-08-27,15.700000,15.180000,15.690000,11.064672
2010-08-30,15.730000,15.455000,15.455000,10.898947
2010-08-31,15.600000,15.355000,15.520000,10.944787
2010-09-01,16.020000,15.710000,15.985000,11.272705
2010-09-02,16.174999,15.940000,16.174999,11.406693
2010-09-03,16.375000,16.225000,16.365000,11.540683
2010-09-07,16.350000,16.180000,16.205000,11.427851
2010-09-08,16.434999,16.235001,16.330000,11.516004
2010-09-09,16.535000,16.235001,16.275000,11.477215
2010-09-10,16.450001,16.290001,16.410000,11.572420
2010-09-13,16.735001,16.525000,16.674999,11.759297
2010-09-14,16.760000,16.540001,16.645000,11.738141
2010-09-15,16.645000,16.485001,16.615000,11.716985
2010-09-16,16.740000,16.549999,16.695000,11.773403
2010-09-17,16.450001,16.254999,16.365000,11.775559
2010-09-20,16.500000,16.264999,16.469999,11.851118
2010-09-21,16.475000,16.240000,16.395000,11.797151
2010-09-22,16.559999,16.379999,16.434999,11.825931
2010-09-23,16.480000,16.215000,16.280001,11.714397
2010-09-24,16.705000,16.475000,16.680000,12.002224
2010-09-27,16.709999,16.565001,16.584999,11.933860
2010-09-28,16.615000,16.285000,16.584999,11.933860
2010-09-29,16.565001,16.400000,16.455000,11.840322
2010-09-30,16.639999,16.270000,16.389999,11.793554
2010-10-01,16.620001,16.480000,16.605000,11.948258
2010-10-04,16.540001,16.280001,16.340000,11.757572
2010-10-05,16.860001,16.530001,16.799999,12.088566
2010-10-06,17.004999,16.820000,16.959999,12.203699
2010-10-07,17.020000,16.635000,16.790001,12.081373
2010-10-08,17.170000,16.850000,17.120001,12.318829
2010-10-11,17.205000,17.025000,17.090000,12.297242
2010-10-12,17.165001,16.870001,17.135000,12.329625
2010-10-13,17.475000,17.245001,17.410000,12.527498
2010-10-14,17.440001,17.145000,17.245001,12.408772
2010-10-15,17.385000,17.065001,17.295000,12.444751
2010-10-18,17.375000,17.135000,17.370001,12.498718
2010-10-19,17.165001,16.850000,16.924999,12.178512
2010-10-20,17.389999,16.955000,17.275000,12.430357
2010-10-21,17.424999,17.090000,17.270000,12.426760
2010-10-22,17.305000,17.090000,17.145000,12.336818
2010-10-25,17.584999,17.370001,17.514999,12.603051
2010-10-26,17.450001,17.155001,17.410000,12.527498
2010-10-27,17.280001,17.065001,17.250000,12.412368
2010-10-28,17.455000,17.145000,17.260000,12.419563
2010-10-29,17.434999,17.180000,17.400000,12.520304
2010-11-01,17.610001,17.295000,17.389999,12.513112
2010-11-02,17.680000,17.495001,17.570000,12.642627
2010-11-03,17.650000,17.250000,17.520000,12.606649
2010-11-04,18.094999,17.780001,18.094999,13.020394
2010-11-05,18.270000,18.055000,18.160000,13.067170
2010-11-08,18.230000,18.025000,18.205000,13.099549
2010-11-09,18.355000,17.780001,17.885000,12.869287
2010-11-10,18.020000,17.674999,17.975000,12.934048
2010-11-11,18.170000,17.879999,18.160000,13.067170
2010-11-12,18.025000,17.605000,17.754999,12.775746
2010-11-15,17.860001,17.600000,17.615000,12.675011
2010-11-16,17.445000,17.100000,17.235001,12.401577
2010-11-17,17.410000,17.150000,17.230000,12.397982
2010-11-18,17.705000,17.459999,17.555000,12.631838
2010-11-19,17.695000,17.465000,17.695000,12.732576
2010-11-22,17.754999,17.469999,17.740000,12.764955
2010-11-23,17.510000,17.315001,17.400000,12.520304
2010-11-24,17.735001,17.520000,17.735001,12.761355
2010-11-26,17.580000,17.434999,17.434999,12.545490
2010-11-29,17.639999,17.184999,17.584999,12.653420
2010-11-30,17.740000,17.375000,17.594999,12.660619
2010-12-01,18.084999,17.850000,18.075001,13.006010
2010-12-02,18.389999,18.110001,18.350000,13.203887
2010-12-03,18.545000,18.264999,18.504999,13.315417
2010-12-06,18.570000,18.455000,18.535000,13.337002
2010-12-07,18.805000,18.525000,18.559999,13.354989
2010-12-08,18.635000,18.270000,18.365000,13.214679
2010-12-09,18.540001,18.340000,18.465000,13.286631
2010-12-10,18.645000,18.400000,18.625000,13.401761
2010-12-13,18.860001,18.700001,18.725000,13.473721
2010-12-14,18.834999,18.650000,18.709999,13.462931
2010-12-15,18.775000,18.584999,18.610001,13.390969
2010-12-16,18.790001,18.495001,18.785000,13.516893
2010-12-17,18.795000,18.584999,18.780001,13.623163
2010-12-20,18.930000,18.740000,18.840000,13.666690
2010-12-21,19.059999,18.910000,19.030001,13.804517
2010-12-22,19.100000,18.945000,19.020000,13.797262
2010-12-23,19.125000,18.920000,19.070000,13.833532
2010-12-27,19.110001,18.940001,19.100000,13.855290
2010-12-28,19.180000,19.084999,19.139999,13.884307
2010-12-29,19.250000,19.170000,19.219999,13.942332
2010-12-30,19.295000,19.180000,19.219999,13.942332
2010-12-31,19.270000,19.155001,19.205000,13.931461
2011-01-03,19.540001,19.334999,19.360001,14.043898
2011-01-04,19.424999,18.985001,19.230000,13.949597
2011-01-05,19.285000,19.045000,19.275000,13.982238
2011-01-06,19.375000,19.120001,19.174999,13.909698
2011-01-07,19.290001,18.990000,19.155001,13.895189
2011-01-10,19.215000,18.860001,19.180000,13.913329
2011-01-11,19.350000,19.209999,19.334999,14.025763
2011-01-12,19.555000,19.415001,19.525000,14.163593
2011-01-13,19.540001,19.309999,19.355000,14.040274
2011-01-14,19.400000,19.200001,19.400000,14.072916
2011-01-18,19.525000,19.405001,19.504999,14.149083
2011-01-19,19.549999,19.020000,19.055000,13.822650
2011-01-20,18.910000,18.620001,18.785000,13.626792
2011-01-21,18.980000,18.715000,18.740000,13.594149
2011-01-24,19.045000,18.735001,18.940001,13.739232
2011-01-25,18.965000,18.740000,18.965000,13.757362
2011-01-26,19.400000,19.025000,19.365000,14.047531
2011-01-27,19.375000,19.065001,19.205000,13.931461
2011-01-28,19.344999,18.889999,18.905001,13.713840
2011-01-31,19.240000,18.965000,19.219999,13.942332
2011-02-01,19.775000,19.365000,19.735001,14.315933
2011-02-02,19.799999,19.605000,19.700001,14.290540
2011-02-03,19.825001,19.480000,19.785000,14.352197
2011-02-04,19.865000,19.620001,19.790001,14.355824
2011-02-07,20.035000,19.850000,19.895000,14.431995
2011-02-08,19.995001,19.825001,19.959999,14.479147
2011-02-09,19.934999,19.650000,19.780001,14.348575
2011-02-10,19.945000,19.584999,19.815001,14.373961
2011-02-11,20.000000,19.700001,19.924999,14.453759
2011-02-14,20.170000,19.934999,20.139999,14.609724
2011-02-15,20.155001,19.875000,19.910000,14.442871
2011-02-16,20.219999,20.010000,20.170000,14.631477
2011-02-17,20.360001,20.065001,20.350000,14.762053
2011-02-18,20.415001,20.049999,20.125000,14.598842
2011-02-22,20.000000,19.445000,19.480000,14.130950
2011-02-23,19.559999,19.014999,19.334999,14.025763
2011-02-24,19.504999,18.969999,19.235001,13.953228
2011-02-25,19.545000,19.379999,19.520000,14.159971
2011-02-28,19.730000,19.504999,19.730000,14.312302
2011-03-01,19.820000,19.235001,19.245001,13.960478
2011-03-02,19.440001,19.190001,19.315001,14.011250
2011-03-03,19.705000,19.504999,19.705000,14.294169
2011-03-04,19.730000,19.375000,19.525000,14.163593
2011-03-07,19.719999,19.094999,19.190001,13.920581
2011-03-08,19.480000,19.035000,19.410000,14.080167
2011-03-09,19.315001,19.000000,19.094999,13.851667
2011-03-10,18.915001,18.590000,18.680000,13.550621
2011-03-11,19.014999,18.530001,18.955000,13.750111
2011-03-14,19.049999,18.690001,18.885000,13.699333
2011-03-15,18.980000,18.219999,18.885000,13.699333
2011-03-16,18.915001,18.280001,18.504999,13.423680
2011-03-17,19.004999,18.725000,18.834999,13.663059
2011-03-18,19.094999,18.820000,18.865000,13.730024
2011-03-21,19.230000,19.030001,19.190001,13.966555
2011-03-22,19.230000,19.035000,19.145000,13.933801
2011-03-23,19.480000,19.040001,19.424999,14.137592
2011-03-24,19.590000,19.315001,19.510000,14.199458
2011-03-25,19.770000,19.525000,19.615000,14.275869
2011-03-28,19.760000,19.504999,19.525000,14.210370
2011-03-29,19.730000,19.395000,19.730000,14.359569
2011-03-30,19.980000,19.665001,19.934999,14.508767
2011-03-31,20.115000,19.900000,20.010000,14.563351
2011-04-01,20.184999,20.000000,20.084999,14.617936
2011-04-04,20.280001,20.155001,20.215000,14.712556
2011-04-05,20.535000,20.120001,20.455000,14.887229
2011-04-06,20.639999,20.225000,20.285000,14.763501
2011-04-07,20.475000,20.150000,20.245001,14.734393
2011-04-08,20.459999,20.014999,20.100000,14.628854
2011-04-11,20.245001,19.785000,19.875000,14.465099
2011-04-12,19.760000,19.530001,19.605000,14.268594
2011-04-13,19.764999,19.340000,19.490000,14.184890
2011-04-14,19.615000,19.360001,19.549999,14.228565
2011-04-15,19.715000,19.490000,19.680000,14.323181
2011-04-18,19.504999,19.219999,19.405001,14.123029
2011-04-19,19.770000,19.465000,19.750000,14.374123
2011-04-20,20.150000,19.945000,20.010000,14.563351
2011-04-21,20.225000,20.055000,20.225000,14.719840
2011-04-25,20.245001,19.975000,20.070000,14.607017
2011-04-26,20.370001,20.070000,20.295000,14.770773
2011-04-27,20.360001,19.945000,20.360001,14.818087
2011-04-28,20.510000,20.260000,20.355000,14.814447
2011-04-29,20.500000,20.295000,20.434999,14.872667
2011-05-02,20.584999,20.245001,20.290001,14.767143
2011-05-03,20.299999,19.940001,20.105000,14.632491
2011-05-04,20.110001,19.615000,19.750000,14.374123
2011-05-05,19.875000,19.415001,19.514999,14.203093
2011-05-06,19.959999,19.559999,19.674999,14.319540
2011-05-09,20.020000,19.695000,19.959999,14.526963
2011-05-10,20.170000,19.910000,20.129999,14.650687
2011-05-11,20.090000,19.510000,19.594999,14.261308
2011-05-12,19.695000,19.334999,19.575001,14.246759
2011-05-13,19.684999,19.264999,19.325001,14.064809
2011-05-16,19.625000,19.190001,19.254999,14.013858
2011-05-17,19.230000,18.915001,19.030001,13.850109
2011-05-18,19.475000,19.020000,19.455000,14.159420
2011-05-19,19.655001,19.365000,19.450001,14.155783
2011-05-20,19.455000,19.105000,19.254999,14.013858
2011-05-23,19.120001,18.865000,19.055000,13.868299
2011-05-24,19.375000,19.045000,19.150000,13.937447
2011-05-25,19.530001,19.075001,19.420000,14.133949
2011-05-26,19.530001,19.260000,19.465000,14.166703
2011-05-27,19.754999,19.575001,19.674999,14.319540
2011-05-31,19.934999,19.580000,19.875000,14.465099
2011-06-01,19.820000,19.230000,19.254999,14.013858
2011-06-02,19.495001,19.055000,19.285000,14.035695
2011-06-03,19.174999,18.940001,19.040001,13.857390
2011-06-06,19.165001,18.815001,18.850000,13.719102
2011-06-07,19.115000,18.865000,18.920000,13.770045
2011-06-08,18.875000,18.665001,18.725000,13.628125
2011-06-09,19.139999,18.775000,19.035000,13.853746
2011-06-10,19.049999,18.750000,18.795000,13.679073
2011-06-13,18.940001,18.549999,18.684999,13.599014
2011-06-14,19.129999,18.855000,19.045000,13.861021
2011-06-15,18.959999,18.525000,18.605000,13.540789
2011-06-16,18.674999,18.184999,18.424999,13.409784
2011-06-17,18.545000,18.240000,18.320000,13.407952
2011-06-20,18.549999,18.219999,18.475000,13.521395
2011-06-21,18.980000,18.620001,18.950001,13.869032
2011-06-22,19.090000,18.830000,18.870001,13.810484
2011-06-23,18.879999,18.370001,18.855000,13.799500
2011-06-24,18.980000,18.670000,18.735001,13.711686
2011-06-27,18.844999,18.500000,18.775000,13.740959
2011-06-28,19.139999,18.809999,19.139999,14.008088
2011-06-29,19.525000,19.200001,19.445000,14.231317
2011-06-30,19.760000,19.415001,19.684999,14.406962
2011-07-01,19.895000,19.555000,19.865000,14.538705
2011-07-05,19.955000,19.780001,19.889999,14.557000
2011-07-06,20.045000,19.750000,19.969999,14.615551
2011-07-07,20.360001,20.125000,20.270000,14.835108
2011-07-08,20.129999,19.900000,20.115000,14.721665
2011-07-11,19.910000,19.600000,19.709999,14.425263
2011-07-12,19.830000,19.570000,19.629999,14.366709
2011-07-13,20.010000,19.719999,19.799999,14.491123
2011-07-14,19.959999,19.559999,19.610001,14.352071
2011-07-15,19.809999,19.610001,19.785000,14.480151
2011-07-18,19.799999,19.459999,19.549999,14.308161
2011-07-19,19.860001,19.709999,19.844999,14.524062
2011-07-20,19.900000,19.740000,19.830000,14.513084
2011-07-21,20.100000,19.834999,20.070000,14.688733
2011-07-22,20.065001,19.910000,19.975000,14.619209
2011-07-25,20.059999,19.740000,19.924999,14.582621
2011-07-26,19.924999,19.674999,19.709999,14.425263
2011-07-27,19.725000,19.230000,19.260000,14.095922
2011-07-28,19.520000,19.195000,19.219999,14.066636
2011-07-29,19.200001,18.815001,19.004999,13.909288
2011-08-01,19.370001,18.760000,18.940001,13.861719
2011-08-02,18.990000,18.355000,18.355000,13.433573
2011-08-03,18.504999,17.975000,18.450001,13.503100
2011-08-04,18.170000,17.200001,17.200001,12.588260
2011-08-05,17.639999,16.680000,17.160000,12.558982
2011-08-08,16.895000,15.810000,15.905000,11.640474
2011-08-09,16.895000,15.805000,16.885000,12.357715
2011-08-10,16.945000,16.254999,16.305000,11.933228
2011-08-11,17.340000,16.405001,17.110001,12.522388
2011-08-12,17.400000,17.080000,17.219999,12.602894
2011-08-15,17.500000,17.219999,17.495001,12.804154
2011-08-16,17.450001,17.070000,17.215000,12.599234
2011-08-17,17.549999,17.184999,17.264999,12.635823
2011-08-18,16.825001,16.115000,16.260000,11.900287
2011-08-19,16.549999,15.990000,16.000000,11.710008
2011-08-22,16.455000,15.945000,16.000000,11.710008
2011-08-23,16.570000,16.010000,16.565001,12.123511
2011-08-24,16.805000,16.410000,16.799999,12.295504
2011-08-25,16.945000,16.530001,16.615000,12.160106
2011-08-26,17.004999,16.184999,16.965000,12.416262
2011-08-29,17.490000,17.110001,17.480000,12.793176
2011-08-30,17.735001,17.355000,17.625000,12.899298
2011-08-31,17.959999,17.514999,17.670000,12.932237
2011-09-01,17.855000,17.415001,17.430000,12.756588
2011-09-02,17.195000,16.915001,16.985001,12.430905
2011-09-06,16.924999,16.480000,16.895000,12.365036
2011-09-07,17.379999,17.084999,17.379999,12.719994
2011-09-08,17.424999,17.080000,17.150000,12.551658
2011-09-09,16.945000,16.485001,16.584999,12.138145
2011-09-12,16.660000,16.129999,16.475000,12.057642
2011-09-13,16.809999,16.379999,16.745001,12.255251
2011-09-14,17.209999,16.520000,17.004999,12.445538
2011-09-15,17.315001,17.014999,17.295000,12.657780
2011-09-16,17.400000,17.090000,17.260000,12.699353
2011-09-19,17.080000,16.705000,17.004999,12.511729
2011-09-20,17.190001,16.795000,16.805000,12.364575
2011-09-21,16.780001,16.020000,16.045000,11.805395
2011-09-22,15.480000,14.915000,15.145000,11.143206
2011-09-23,15.345000,14.975000,15.120000,11.124811
2011-09-26,15.605000,14.905000,15.605000,11.481654
2011-09-27,16.285000,15.820000,15.930000,11.720784
2011-09-28,16.004999,15.200000,15.225000,11.202064
2011-09-29,15.585000,14.950000,15.240000,11.213102
2011-09-30,15.095000,14.660000,14.680000,10.801074
2011-10-03,14.925000,14.265000,14.265000,10.495732
2011-10-04,14.835000,13.885000,14.820000,10.904081
2011-10-05,15.460000,14.740000,15.410000,11.338185
2011-10-06,15.825000,15.355000,15.800000,11.625134
2011-10-07,15.935000,15.360000,15.560000,11.448551
2011-10-10,16.215000,15.830000,16.215000,11.930478
2011-10-11,16.365000,15.990000,16.235001,11.945190
2011-10-12,16.605000,16.285000,16.395000,12.062915
2011-10-13,16.370001,16.000000,16.309999,12.000377
2011-10-14,16.740000,16.430000,16.740000,12.316751
2011-10-17,16.665001,16.160000,16.170000,11.897367
2011-10-18,16.674999,15.880000,16.584999,12.202710
2011-10-19,16.555000,16.035000,16.105000,11.849539
2011-10-20,16.330000,15.920000,16.254999,11.959908
2011-10-21,16.684999,16.440001,16.684999,12.276285
2011-10-24,17.090000,16.780001,17.084999,12.570594
2011-10-25,17.055000,16.620001,16.650000,12.250532
2011-10-26,17.070000,16.525000,16.950001,12.471270
2011-10-27,18.040001,17.430000,17.870001,13.148170
2011-10-28,18.070000,17.655001,17.995001,13.240142
2011-10-31,17.670000,17.205000,17.225000,12.673606
2011-11-01,17.110001,16.400000,16.764999,12.335148
2011-11-02,17.290001,16.900000,17.180000,12.640491
2011-11-03,17.549999,17.055000,17.530001,12.898012
2011-11-04,17.555000,17.145000,17.490000,12.868576
2011-11-07,17.655001,17.290001,17.639999,12.978947
2011-11-08,17.865000,17.495001,17.850000,13.133459
2011-11-09,17.475000,16.940001,16.980000,12.493338
2011-11-10,17.325001,16.900000,17.184999,12.644170
2011-11-11,17.645000,17.385000,17.584999,12.938478
2011-11-14,17.594999,17.285000,17.400000,12.802361
2011-11-15,17.555000,17.209999,17.434999,12.828111
2011-11-16,17.375000,17.010000,17.025000,12.526448
2011-11-17,17.055000,16.424999,16.540001,12.169600
2011-11-18,16.820000,16.514999,16.629999,12.235816
2011-11-21,16.450001,16.165001,16.340000,12.022449
2011-11-22,16.465000,16.155001,16.215000,11.930478
2011-11-23,16.080000,15.770000,15.785000,11.614099
2011-11-25,15.940000,15.705000,15.705000,11.555238
2011-11-28,16.410000,16.150000,16.295000,11.989336
2011-11-29,16.475000,16.240000,16.325001,12.011412
2011-11-30,17.275000,16.930000,17.260000,12.699353
2011-12-01,17.400000,17.055000,17.150000,12.618418
2011-12-02,17.379999,16.985001,17.000000,12.508057
2011-12-05,17.385000,17.070000,17.200001,12.655211
2011-12-06,17.504999,17.110001,17.360001,12.772934
2011-12-07,17.434999,17.145000,17.375000,12.783963
2011-12-08,17.245001,16.790001,16.834999,12.386651
2011-12-09,17.139999,16.650000,17.049999,12.544842
2011-12-12,16.775000,16.520000,16.645000,12.246860
2011-12-13,16.950001,16.264999,16.365000,12.040840
2011-12-14,16.415001,16.110001,16.165001,11.893690
2011-12-15,16.445000,16.160000,16.275000,11.974620
2011-12-16,16.485001,16.160000,16.264999,12.050567
2011-12-19,16.385000,15.930000,15.975000,11.835706
2011-12-20,16.635000,16.254999,16.605000,12.302468
2011-12-21,16.680000,16.424999,16.629999,12.320987
2011-12-22,16.840000,16.625000,16.795000,12.443235
2011-12-23,16.955000,16.785000,16.955000,12.561781
2011-12-27,17.014999,16.879999,16.950001,12.558078
2011-12-28,16.959999,16.540001,16.545000,12.258013
2011-12-29,16.770000,16.520000,16.760000,12.417304
2011-12-30,16.834999,16.719999,16.750000,12.409894
2012-01-03,17.295000,17.115000,17.215000,12.754412
2012-01-04,17.375000,17.125000,17.360001,12.861841
2012-01-05,17.475000,17.160000,17.410000,12.898884
2012-01-06,17.445000,17.275000,17.385000,12.880358
2012-01-09,17.485001,17.340000,17.420000,12.906291
2012-01-10,17.820000,17.670000,17.745001,13.147084
2012-01-11,17.945000,17.660000,17.920000,13.276738
2012-01-12,18.174999,17.875000,18.170000,13.461959
2012-01-13,18.075001,17.840000,18.049999,13.373055
2012-01-17,18.320000,18.080000,18.150000,13.447138
2012-01-18,18.355000,18.065001,18.355000,13.599025
2012-01-19,18.385000,18.230000,18.370001,13.610137
2012-01-20,18.389999,18.230000,18.290001,13.550872
2012-01-23,18.415001,18.230000,18.280001,13.543457
2012-01-24,18.295000,18.049999,18.280001,13.543457
2012-01-25,18.625000,18.080000,18.570000,13.758315
2012-01-26,18.865000,18.459999,18.565001,13.754611
2012-01-27,18.650000,18.424999,18.590000,13.773133
2012-01-30,18.639999,18.270000,18.570000,13.758315
2012-01-31,18.764999,18.410000,18.590000,13.773133
2012-02-01,18.895000,18.730000,18.775000,13.910199
2012-02-02,18.885000,18.674999,18.684999,13.843519
2012-02-03,18.985001,18.809999,18.940001,14.032448
2012-02-06,18.860001,18.750000,18.834999,13.954646
2012-02-07,18.905001,18.650000,18.815001,13.939835
2012-02-08,18.940001,18.709999,18.834999,13.954646
2012-02-09,18.924999,18.709999,18.855000,13.969462
2012-02-10,18.605000,18.420000,18.525000,13.724974
2012-02-13,18.705000,18.540001,18.575001,13.762017
2012-02-14,18.520000,18.200001,18.334999,13.584205
2012-02-15,18.480000,18.299999,18.350000,13.595320
2012-02-16,18.695000,18.280001,18.674999,13.836111
2012-02-17,18.754999,18.615000,18.684999,13.843519
2012-02-21,18.930000,18.709999,18.795000,13.925014
2012-02-22,18.855000,18.670000,18.764999,13.902786
2012-02-23,18.820000,18.639999,18.785000,13.917607
2012-02-24,18.889999,18.735001,18.775000,13.910199
2012-02-27,18.850000,18.580000,18.780001,13.913899
2012-02-28,18.905001,18.754999,18.840000,13.958354
2012-02-29,18.905001,18.450001,18.485001,13.695344
2012-03-01,18.760000,18.570000,18.690001,13.847220
2012-03-02,18.790001,18.535000,18.645000,13.813878
2012-03-05,18.575001,18.240000,18.344999,13.591614
2012-03-06,18.065001,17.900000,17.969999,13.313781
2012-03-07,18.084999,17.905001,18.014999,13.347124
2012-03-08,18.350000,18.120001,18.315001,13.569389
2012-03-09,18.495001,18.260000,18.320000,13.573091
2012-03-12,18.415001,18.190001,18.219999,13.499003
2012-03-13,18.540001,18.295000,18.520000,13.721272
2012-03-14,18.545000,18.375000,18.450001,13.669408
2012-03-15,18.584999,18.420000,18.584999,13.769427
2012-03-16,18.655001,18.530001,18.549999,13.795835
2012-03-19,18.770000,18.540001,18.665001,13.881356
2012-03-20,18.584999,18.385000,18.559999,13.803263
2012-03-21,18.635000,18.475000,18.559999,13.803263
2012-03-22,18.395000,18.160000,18.260000,13.580154
2012-03-23,18.495001,18.160000,18.455000,13.725176
2012-03-26,18.695000,18.535000,18.695000,13.903666
2012-03-27,18.825001,18.655001,18.655001,13.873916
2012-03-28,18.650000,18.250000,18.395000,13.680547
2012-03-29,18.434999,18.165001,18.420000,13.699144
2012-03-30,18.584999,18.370001,18.485001,13.747494
2012-04-02,18.815001,18.445000,18.745001,13.940852
2012-04-03,18.719999,18.459999,18.605000,13.836731
2012-04-04,18.450001,18.240000,18.344999,13.643367
2012-04-05,18.540001,18.190001,18.240000,13.565278
2012-04-09,18.084999,17.910000,17.975000,13.368196
2012-04-10,17.969999,17.549999,17.605000,13.093021
2012-04-11,17.910000,17.740000,17.795000,13.234325
2012-04-12,18.325001,17.830000,18.280001,13.595027
2012-04-13,18.260000,18.049999,18.065001,13.435125
2012-04-16,18.240000,18.000000,18.120001,13.476035
2012-04-17,18.485001,18.205000,18.365000,13.658243
2012-04-18,18.410000,18.250000,18.315001,13.621058
2012-04-19,18.420000,18.129999,18.250000,13.572720
2012-04-20,18.389999,18.240000,18.240000,13.565278
2012-04-23,18.025000,17.780001,18.014999,13.397943
2012-04-24,18.080000,17.900000,18.014999,13.397943
2012-04-25,18.410000,18.200001,18.395000,13.680547
2012-04-26,18.440001,18.219999,18.375000,13.665679
2012-04-27,18.525000,18.365000,18.465000,13.732611
2012-04-30,18.434999,18.245001,18.334999,13.635933
2012-05-01,18.549999,18.275000,18.445000,13.717736
2012-05-02,18.370001,18.205000,18.355000,13.650805
2012-05-03,18.370001,18.090000,18.145000,13.494627
2012-05-04,18.059999,17.799999,17.840000,13.267795
2012-05-07,17.934999,17.719999,17.855000,13.278952
2012-05-08,17.785000,17.469999,17.770000,13.215734
2012-05-09,17.825001,17.445000,17.610001,13.096747
2012-05-10,17.825001,17.510000,17.555000,13.055839
2012-05-11,17.670000,17.410000,17.504999,13.018650
2012-05-14,17.420000,17.190001,17.264999,12.840159
2012-05-15,17.344999,16.975000,17.004999,12.646793
2012-05-16,17.235001,16.809999,16.820000,12.509209
2012-05-17,16.900000,16.450001,16.450001,12.234038
2012-05-18,16.670000,16.325001,16.385000,12.185693
2012-05-21,16.895000,16.400000,16.865000,12.542676
2012-05-22,17.049999,16.655001,16.760000,12.464585
2012-05-23,16.990000,16.434999,16.959999,12.613328
2012-05-24,17.105000,16.840000,17.065001,12.691420
2012-05-25,17.125000,16.934999,16.995001,12.639361
2012-05-29,17.350000,17.120001,17.290001,12.858754
2012-05-30,17.170000,16.959999,16.980000,12.628201
2012-05-31,17.025000,16.684999,16.910000,12.576141
2012-06-01,16.754999,16.540001,16.549999,12.308405
2012-06-04,16.605000,16.295000,16.565001,12.319562
2012-06-05,16.745001,16.495001,16.725000,12.438555
2012-06-06,17.145000,16.865000,17.145000,12.750916
2012-06-07,17.469999,17.115000,17.174999,12.773225
2012-06-08,17.299999,16.959999,17.290001,12.858754
2012-06-11,17.500000,16.950001,16.969999,12.620765
2012-06-12,17.285000,16.955000,17.285000,12.855037
2012-06-13,17.275000,16.969999,17.020000,12.657951
2012-06-14,17.184999,16.965000,17.160000,12.762072
2012-06-15,17.280001,17.090000,17.264999,12.909748
2012-06-18,17.400000,17.129999,17.355000,12.977049
2012-06-19,17.764999,17.450001,17.684999,13.223802
2012-06-20,17.770000,17.465000,17.584999,13.149027
2012-06-21,17.590000,16.990000,17.010000,12.719075
2012-06-22,17.165001,16.915001,17.100000,12.786372
2012-06-25,16.990000,16.790001,16.885000,12.625607
2012-06-26,17.035000,16.790001,16.940001,12.666737
2012-06-27,17.155001,16.959999,17.125000,12.805069
2012-06-28,17.150000,16.865000,17.129999,12.808804
2012-06-29,17.645000,17.405001,17.645000,13.193892
2012-07-02,17.645000,17.360001,17.555000,13.126596
2012-07-03,17.855000,17.600000,17.805000,13.313534
2012-07-05,17.885000,17.650000,17.780001,13.294839
2012-07-06,17.605000,17.465000,17.575001,13.141554
2012-07-09,17.584999,17.395000,17.465000,13.059298
2012-07-10,17.620001,17.110001,17.205000,12.864882
2012-07-11,17.264999,17.040001,17.150000,12.823760
2012-07-12,17.170000,16.840000,17.065001,12.760202
2012-07-13,17.415001,17.115000,17.370001,12.988263
2012-07-16,17.370001,17.165001,17.305000,12.939659
2012-07-17,17.559999,17.260000,17.525000,13.104163
2012-07-18,17.660000,17.415001,17.629999,13.182675
2012-07-19,17.860001,17.594999,17.820000,13.324749
2012-07-20,17.760000,17.620001,17.709999,13.242494
2012-07-23,17.469999,17.250000,17.430000,13.033127
2012-07-24,17.465000,17.049999,17.160000,12.831240
2012-07-25,17.295000,17.059999,17.160000,12.831240
2012-07-26,17.415001,17.115000,17.240000,12.891056
2012-07-27,17.605000,17.290001,17.555000,13.126596
2012-07-30,17.655001,17.459999,17.540001,13.115385
2012-07-31,17.540001,17.410000,17.420000,13.025649
2012-08-01,17.650000,17.420000,17.424999,13.029384
2012-08-02,17.400000,17.084999,17.219999,12.876103
2012-08-03,17.629999,17.450001,17.559999,13.130330
2012-08-06,17.815001,17.594999,17.719999,13.249972
2012-08-07,17.980000,17.790001,17.924999,13.403260
2012-08-08,18.020000,17.834999,17.945000,13.418214
2012-08-09,18.135000,17.915001,18.045000,13.492987
2012-08-10,18.049999,17.895000,18.030001,13.481775
2012-08-13,18.055000,17.834999,17.930000,13.406999
2012-08-14,18.035000,17.790001,17.850000,13.347179
2012-08-15,17.920000,17.770000,17.879999,13.369609
2012-08-16,18.180000,17.910000,18.145000,13.567763
2012-08-17,18.205000,18.080000,18.120001,13.549070
2012-08-20,18.110001,17.965000,18.084999,13.522890
2012-08-21,18.315001,18.040001,18.110001,13.541592
2012-08-22,18.260000,17.940001,18.260000,13.653754
2012-08-23,18.219999,17.940001,17.955000,13.425692
2012-08-24,17.965000,17.825001,17.920000,13.399521
2012-08-27,17.969999,17.790001,17.815001,13.321008
2012-08-28,17.850000,17.730000,17.775000,13.291095
2012-08-29,17.870001,17.695000,17.815001,13.321008
2012-08-30,17.770000,17.645000,17.655001,13.201368
2012-08-31,17.885000,17.665001,17.825001,13.328489
2012-09-04,17.844999,17.545000,17.594999,13.156507
2012-09-05,17.705000,17.535000,17.674999,13.216322
2012-09-06,18.145000,17.785000,18.120001,13.549070
2012-09-07,18.490000,18.230000,18.475000,13.814519
2012-09-10,18.620001,18.415001,18.445000,13.792082
2012-09-11,18.625000,18.440001,18.510000,13.840693
2012-09-12,18.600000,18.375000,18.485001,13.822000
2012-09-13,19.035000,18.434999,18.940001,14.162220
2012-09-14,19.285000,19.070000,19.174999,14.337934
2012-09-17,19.055000,18.825001,18.879999,14.117352
2012-09-18,18.870001,18.709999,18.830000,14.079964
2012-09-19,19.010000,18.860001,18.934999,14.158474
2012-09-20,18.924999,18.660000,18.905001,14.136046
2012-09-21,19.000000,18.674999,18.725000,14.074787
2012-09-24,18.735001,18.530001,18.670000,14.033445
2012-09-25,18.750000,18.360001,18.370001,13.807949
2012-09-26,18.379999,18.155001,18.280001,13.740299
2012-09-27,18.540001,18.299999,18.504999,13.909422
2012-09-28,18.434999,18.299999,18.400000,13.830496
2012-10-01,18.665001,18.405001,18.459999,13.875593
2012-10-02,18.520000,18.245001,18.360001,13.800428
2012-10-03,18.370001,18.190001,18.275000,13.736542
2012-10-04,18.575001,18.370001,18.510000,13.913182
2012-10-05,18.760000,18.540001,18.600000,13.980830
2012-10-08,18.625000,18.450001,18.565001,13.954519
2012-10-09,18.665001,18.375000,18.389999,13.822974
2012-10-10,18.379999,18.145000,18.190001,13.672647
2012-10-11,18.450001,18.264999,18.264999,13.729020
2012-10-12,18.379999,18.129999,18.184999,13.668889
2012-10-15,18.355000,18.129999,18.340000,13.785397
2012-10-16,18.795000,18.405001,18.780001,14.116127
2012-10-17,18.950001,18.760000,18.934999,14.232635
2012-10-18,19.025000,18.809999,18.940001,14.236397
2012-10-19,18.850000,18.485001,18.545000,13.939487
2012-10-22,18.660000,18.400000,18.629999,14.003378
2012-10-23,18.235001,17.945000,18.070000,13.582448
2012-10-24,18.240000,18.025000,18.059999,13.574933
2012-10-25,18.200001,17.900000,18.020000,13.544866
2012-10-26,18.100000,17.889999,18.055000,13.571177
2012-10-31,18.170000,17.850000,18.014999,13.541111
2012-11-01,18.379999,18.020000,18.365000,13.804193
2012-11-02,18.500000,18.020000,18.035000,13.556142
2012-11-05,18.200001,17.965000,18.160000,13.650097
2012-11-06,18.459999,18.174999,18.350000,13.792915
2012-11-07,18.195000,17.879999,18.059999,13.574933
2012-11-08,18.120001,17.770000,17.815001,13.390774
2012-11-09,18.020000,17.719999,17.780001,13.364472
2012-11-12,17.895000,17.754999,17.780001,13.364472
2012-11-13,17.915001,17.625000,17.750000,13.341917
2012-11-14,17.795000,17.415001,17.450001,13.116421
2012-11-15,17.530001,17.260000,17.389999,13.071323
2012-11-16,17.495001,17.219999,17.430000,13.101389
2012-11-19,17.945000,17.684999,17.924999,13.473462
2012-11-20,18.040001,17.815001,17.940001,13.484735
2012-11-21,17.990000,17.875000,17.969999,13.507286
2012-11-23,18.209999,18.025000,18.200001,13.680166
2012-11-26,18.215000,18.040001,18.215000,13.691446
2012-11-27,18.295000,18.129999,18.135000,13.631305
2012-11-28,18.219999,17.865000,18.209999,13.687676
2012-11-29,18.395000,18.245001,18.334999,13.781640
2012-11-30,18.405001,18.295000,18.350000,13.792915
2012-12-03,18.465000,17.985001,18.010000,13.537351
2012-12-04,18.195000,17.980000,18.045000,13.563658
2012-12-05,17.969999,17.719999,17.830000,13.402055
2012-12-06,17.889999,17.730000,17.875000,13.435878
2012-12-07,18.030001,17.910000,18.025000,13.548630
2012-12-10,18.180000,18.000000,18.139999,13.635063
2012-12-11,18.330000,18.184999,18.285000,13.744053
2012-12-12,18.405001,18.190001,18.240000,13.710234
2012-12-13,18.344999,18.100000,18.190001,13.672647
2012-12-14,18.405001,18.174999,18.325001,13.774126
2012-12-17,18.514999,18.350000,18.510000,13.913182
2012-12-18,18.750000,18.495001,18.730000,14.078545
2012-12-19,18.780001,18.645000,18.650000,14.018406
2012-12-20,18.840000,18.580000,18.830000,14.153709
2012-12-21,18.565001,18.350000,18.500000,14.028586
2012-12-24,18.650000,18.420000,18.594999,14.100629
2012-12-26,18.790001,18.655001,18.709999,14.187829
2012-12-27,18.770000,18.410000,18.645000,14.138543
2012-12-28,18.594999,18.375000,18.410000,13.960344
2012-12-31,18.795000,18.355000,18.770000,14.233335
2013-01-02,19.299999,19.094999,19.240000,14.589736
2013-01-03,19.295000,19.040001,19.100000,14.483568
2013-01-04,19.360001,19.139999,19.334999,14.661770
2013-01-07,19.315001,19.180000,19.295000,14.631440
2013-01-08,19.370001,19.180000,19.325001,14.654191
2013-01-09,19.469999,19.350000,19.450001,14.748971
2013-01-10,19.590000,19.355000,19.535000,14.813434
2013-01-11,19.530001,19.375000,19.504999,14.790686
2013-01-14,19.575001,19.475000,19.510000,14.794478
2013-01-15,19.555000,19.415001,19.530001,14.809639
2013-01-16,19.530001,19.360001,19.389999,14.703473
2013-01-17,19.615000,19.490000,19.540001,14.817223
2013-01-18,19.674999,19.504999,19.670000,14.915800
2013-01-22,19.875000,19.670000,19.860001,15.059875
2013-01-23,19.825001,19.684999,19.750000,14.976470
2013-01-24,19.920000,19.735001,19.809999,15.021961
2013-01-25,19.934999,19.750000,19.879999,15.075044
2013-01-28,19.895000,19.625000,19.690001,14.930970
2013-01-29,19.830000,19.670000,19.799999,15.014380
2013-01-30,19.885000,19.655001,19.690001,14.930970
2013-01-31,19.660000,19.475000,19.510000,14.794478
2013-02-01,19.780001,19.570000,19.750000,14.976470
2013-02-04,19.674999,19.545000,19.559999,14.832393
2013-02-05,19.754999,19.629999,19.660000,14.908218
2013-02-06,19.700001,19.590000,19.680000,14.923396
2013-02-07,19.690001,19.430000,19.575001,14.843763
2013-02-08,19.705000,19.580000,19.690001,14.930970
2013-02-11,19.709999,19.594999,19.665001,14.912011
2013-02-12,19.705000,19.575001,19.674999,14.919596
2013-02-13,19.799999,19.680000,19.745001,14.972677
2013-02-14,19.715000,19.615000,19.680000,14.923396
2013-02-15,19.745001,19.594999,19.674999,14.919596
2013-02-19,19.740000,19.580000,19.590000,14.855136
2013-02-20,19.559999,19.035000,19.040001,14.438078
2013-02-21,19.004999,18.750000,18.865000,14.305375
2013-02-22,19.115000,18.930000,19.115000,14.494946
2013-02-25,19.219999,18.674999,18.674999,14.161292
2013-02-26,18.910000,18.695000,18.875000,14.312950
2013-02-27,19.280001,18.820000,19.209999,14.566982
2013-02-28,19.355000,19.174999,19.245001,14.593527
2013-03-01,19.325001,19.004999,19.254999,14.601104
2013-03-04,19.285000,19.100000,19.280001,14.620065
2013-03-05,19.555000,19.365000,19.410000,14.718642
2013-03-06,19.639999,19.500000,19.580000,14.847556
2013-03-07,19.684999,19.605000,19.635000,14.889264
2013-03-08,19.825001,19.680000,19.795000,15.010587
2013-03-11,19.924999,19.709999,19.905001,15.094004
2013-03-12,20.020000,19.860001,19.920000,15.105377
2013-03-13,19.934999,19.820000,19.870001,15.067459
2013-03-14,20.010000,19.885000,19.990000,15.158462
2013-03-15,19.980000,19.855000,19.924999,15.171405
2013-03-18,19.850000,19.684999,19.785000,15.064803
2013-03-19,19.820000,19.525000,19.700001,15.000085
2013-03-20,19.885000,19.770000,19.850000,15.114292
2013-03-21,19.725000,19.510000,19.510000,14.855418
2013-03-22,19.615000,19.475000,19.535000,14.874448
2013-03-25,19.605000,19.290001,19.385000,14.760235
2013-03-26,19.535000,19.415001,19.520000,14.863027
2013-03-27,19.530001,19.315001,19.514999,14.859226
2013-03-28,19.639999,19.480000,19.590000,14.916324
2013-04-01,19.610001,19.375000,19.420000,14.786884
2013-04-02,19.495001,19.190001,19.230000,14.642213
2013-04-03,19.320000,18.980000,19.070000,14.520387
2013-04-04,19.320000,19.094999,19.235001,14.646022
2013-04-05,19.170000,18.975000,19.155001,14.585103
2013-04-08,19.225000,19.065001,19.215000,14.630796
2013-04-09,19.510000,19.245001,19.440001,14.802115
2013-04-10,19.584999,19.420000,19.575001,14.904905
2013-04-11,19.750000,19.545000,19.660000,14.969623
2013-04-12,19.615000,19.280001,19.370001,14.748814
2013-04-15,19.219999,18.629999,18.655001,14.204391
2013-04-16,19.004999,18.815001,18.995001,14.463278
2013-04-17,18.865000,18.615000,18.715000,14.250074
2013-04-18,18.834999,18.549999,18.660000,14.208200
2013-04-19,18.885000,18.725000,18.879999,14.375712
2013-04-22,19.129999,18.780001,19.059999,14.512774
2013-04-23,19.250000,19.030001,19.225000,14.638413
2013-04-24,19.555000,19.275000,19.514999,14.859226
2013-04-25,19.885000,19.625000,19.730000,15.022923
2013-04-26,19.715000,19.379999,19.450001,14.809723
2013-04-29,19.764999,19.440001,19.745001,15.034351
2013-04-30,19.785000,19.565001,19.775000,15.057190
2013-05-01,19.715000,19.410000,19.424999,14.790696
2013-05-02,19.610001,19.334999,19.565001,14.897291
2013-05-03,20.004999,19.764999,19.910000,15.159984
2013-05-06,19.995001,19.865000,19.965000,15.201859
2013-05-07,20.184999,19.950001,20.155001,15.346531
2013-05-08,20.334999,20.105000,20.330000,15.479777
2013-05-09,20.405001,20.245001,20.305000,15.460748
2013-05-10,20.330000,20.135000,20.285000,15.445514
2013-05-13,20.280001,20.084999,20.139999,15.335115
2013-05-14,20.395000,20.100000,20.389999,15.525459
2013-05-15,20.575001,20.295000,20.504999,15.613031
2013-05-16,20.575001,20.365000,20.410000,15.540693
2013-05-17,20.660000,20.450001,20.629999,15.708207
2013-05-20,20.750000,20.549999,20.650000,15.723439
2013-05-21,20.740000,20.590000,20.625000,15.704398
2013-05-22,20.805000,20.270000,20.344999,15.491203
2013-05-23,20.400000,20.030001,20.355000,15.498818
2013-05-24,20.309999,20.135000,20.285000,15.445514
2013-05-28,20.549999,20.400000,20.469999,15.586380
2013-05-29,20.450001,20.209999,20.405001,15.536888
2013-05-30,20.549999,20.365000,20.469999,15.586380
2013-05-31,20.490000,20.139999,20.150000,15.342726
2013-06-03,20.260000,20.014999,20.250000,15.418870
2013-06-04,20.365000,20.110001,20.225000,15.399840
2013-06-05,20.170000,19.775000,19.775000,15.057190
2013-06-06,19.915001,19.680000,19.905001,15.156176
2013-06-07,20.115000,19.885000,20.090000,15.297040
2013-06-10,20.240000,20.105000,20.184999,15.369381
2013-06-11,20.110001,19.844999,19.905001,15.156176
2013-06-12,20.115000,19.790001,19.805000,15.080032
2013-06-13,20.205000,19.730000,20.170000,15.357953
2013-06-14,20.264999,19.975000,20.025000,15.247547
2013-06-17,20.235001,20.070000,20.195000,15.376994
2013-06-18,20.315001,20.150000,20.285000,15.445514
2013-06-19,20.370001,20.129999,20.129999,15.327495
2013-06-20,19.924999,19.540001,19.610001,14.931549
2013-06-21,19.645000,19.190001,19.395000,14.880918
2013-06-24,19.230000,18.889999,19.084999,14.643065
2013-06-25,19.305000,19.080000,19.200001,14.731301
2013-06-26,19.340000,19.105000,19.290001,14.800360
2013-06-27,19.415001,19.264999,19.280001,14.792682
2013-06-28,19.330000,19.125000,19.174999,14.712111
2013-07-01,19.485001,19.250000,19.285000,14.796520
2013-07-02,19.379999,19.120001,19.225000,14.750480
2013-07-03,19.270000,19.094999,19.230000,14.754313
2013-07-05,19.370001,19.190001,19.360001,14.854063
2013-07-08,19.520000,19.389999,19.469999,14.938456
2013-07-09,19.815001,19.605000,19.770000,15.168646
2013-07-10,19.840000,19.655001,19.764999,15.164803
2013-07-11,20.125000,19.985001,20.084999,15.410321
2013-07-12,20.125000,19.930000,20.014999,15.356619
2013-07-15,20.100000,19.985001,20.065001,15.394977
2013-07-16,20.110001,19.830000,19.915001,15.279892
2013-07-17,20.155001,19.969999,20.100000,15.421827
2013-07-18,20.219999,20.065001,20.110001,15.429502
2013-07-19,20.240000,20.059999,20.240000,15.529247
2013-07-22,20.350000,20.230000,20.260000,15.544595
2013-07-23,20.540001,20.280001,20.320000,15.590630
2013-07-24,20.405001,20.045000,20.129999,15.444849
2013-07-25,20.344999,19.980000,20.320000,15.590630
2013-07-26,20.270000,20.075001,20.245001,15.533088
2013-07-29,20.385000,20.135000,20.360001,15.621317
2013-07-30,20.350000,20.080000,20.309999,15.582954
2013-07-31,20.430000,20.209999,20.240000,15.529247
2013-08-01,20.495001,20.340000,20.389999,15.644333
2013-08-02,20.520000,20.299999,20.504999,15.732564
2013-08-05,20.525000,20.415001,20.450001,15.690367
2013-08-06,20.465000,20.209999,20.260000,15.544595
2013-08-07,20.334999,20.190001,20.270000,15.552262
2013-08-08,20.645000,20.400000,20.570000,15.782441
2013-08-09,20.754999,20.514999,20.690001,15.874505
2013-08-12,20.719999,20.605000,20.660000,15.851494
2013-08-13,20.795000,20.600000,20.735001,15.909034
2013-08-14,20.840000,20.680000,20.690001,15.874505
2013-08-15,20.575001,20.365000,20.540001,15.759426
2013-08-16,20.514999,20.325001,20.379999,15.636659
2013-08-19,20.420000,20.205000,20.219999,15.513898
2013-08-20,20.395000,20.180000,20.334999,15.602139
2013-08-21,20.375000,20.145000,20.180000,15.483216
2013-08-22,20.450001,20.230000,20.420000,15.667354
2013-08-23,20.625000,20.365000,20.584999,15.793955
2013-08-26,20.785000,20.565001,20.584999,15.793955
2013-08-27,20.480000,20.180000,20.225000,15.517741
2013-08-28,20.290001,20.150000,20.184999,15.487047
2013-08-29,20.370001,20.090000,20.250000,15.536921
2013-08-30,20.309999,20.170000,20.215000,15.510066
2013-09-03,20.570000,20.254999,20.334999,15.602139
2013-09-04,20.549999,20.240000,20.525000,15.747913
2013-09-05,20.625000,20.504999,20.559999,15.774770
2013-09-06,20.730000,20.450001,20.535000,15.755587
2013-09-09,20.870001,20.594999,20.844999,15.993442
2013-09-10,21.105000,20.915001,21.030001,16.135376
2013-09-11,21.174999,20.945000,21.160000,16.235126
2013-09-12,21.125000,20.905001,20.940001,16.066324
2013-09-13,21.115000,20.934999,21.080000,16.173746
2013-09-16,21.415001,21.245001,21.315001,16.354048
2013-09-17,21.350000,21.215000,21.254999,16.308004
2013-09-18,21.775000,21.205000,21.745001,16.683966
2013-09-19,21.889999,21.620001,21.670000,16.626423
2013-09-20,21.615000,21.285000,21.309999,16.432100
2013-09-23,21.315001,21.139999,21.150000,16.308727
2013-09-24,21.299999,21.090000,21.139999,16.301025
2013-09-25,21.334999,21.115000,21.195000,16.343424
2013-09-26,21.424999,21.225000,21.334999,16.451380
2013-09-27,21.245001,21.059999,21.080000,16.254753
2013-09-30,21.080000,20.815001,21.004999,16.196917
2013-10-01,21.110001,20.895000,21.094999,16.266321
2013-10-02,21.155001,20.905001,21.150000,16.308727
2013-10-03,21.120001,20.820000,20.969999,16.169928
2013-10-04,21.285000,20.930000,21.275000,16.405113
2013-10-07,21.209999,21.000000,21.014999,16.204634
2013-10-08,21.025000,20.665001,20.680000,15.946319
2013-10-09,20.825001,20.540001,20.709999,15.969451
2013-10-10,21.184999,20.945000,21.150000,16.308727
2013-10-11,21.280001,21.080000,21.275000,16.405113
2013-10-14,21.375000,21.105000,21.350000,16.462957
2013-10-15,21.379999,21.170000,21.219999,16.362705
2013-10-16,21.500000,21.270000,21.434999,16.528494
2013-10-17,21.735001,21.365000,21.715000,16.744394
2013-10-18,21.855000,21.680000,21.780001,16.794527
2013-10-21,21.820000,21.695000,21.775000,16.790665
2013-10-22,22.139999,21.875000,22.090000,17.033562
2013-10-23,22.014999,21.915001,21.945000,16.921745
2013-10-24,22.070000,21.850000,22.055000,17.006577
2013-10-25,22.120001,21.910000,22.120001,17.056694
2013-10-28,22.145000,21.945000,22.010000,16.971874
2013-10-29,22.059999,21.915001,22.055000,17.006577
2013-10-30,22.180000,21.785000,21.920000,16.902470
2013-10-31,22.035000,21.870001,21.885000,16.875492
2013-11-01,21.955000,21.715000,21.834999,16.836927
2013-11-04,21.934999,21.815001,21.924999,16.906334
2013-11-05,21.879999,21.745001,21.830000,16.833076
2013-11-06,22.030001,21.879999,21.980000,16.948738
2013-11-07,22.030001,21.670000,21.690001,16.725122
2013-11-08,22.094999,21.635000,22.094999,17.037415
2013-11-11,22.100000,22.010000,22.084999,17.029703
2013-11-12,22.075001,21.955000,22.014999,16.975727
2013-11-13,22.139999,21.905001,22.135000,17.068262
2013-11-14,22.330000,22.129999,22.320000,17.210913
2013-11-15,22.480000,22.334999,22.465000,17.322721
2013-11-18,22.535000,22.254999,22.325001,17.214773
2013-11-19,22.350000,22.184999,22.254999,17.160797
2013-11-20,22.295000,22.025000,22.075001,17.021986
2013-11-21,22.270000,22.120001,22.254999,17.160797
2013-11-22,22.379999,22.184999,22.370001,17.249468
2013-11-25,22.395000,22.180000,22.230000,17.141510
2013-11-26,22.254999,22.105000,22.174999,17.099106
2013-11-27,22.260000,22.160000,22.190001,17.110670
2013-11-29,22.299999,22.125000,22.170000,17.095251
2013-12-02,22.295000,22.100000,22.115000,17.052835
2013-12-03,22.049999,21.754999,21.855000,16.852352
2013-12-04,22.055000,21.790001,21.959999,16.933319
2013-12-05,21.940001,21.790001,21.834999,16.836927
2013-12-06,22.180000,22.000000,22.135000,17.068262
2013-12-09,22.270000,22.150000,22.250000,17.156939
2013-12-10,22.385000,22.250000,22.315001,17.207052
2013-12-11,22.344999,21.900000,21.934999,16.914040
2013-12-12,21.965000,21.820000,21.889999,16.879339
2013-12-13,22.049999,21.924999,21.995001,16.960310
2013-12-16,22.195000,22.035000,22.084999,17.029703
2013-12-17,22.245001,21.980000,22.230000,17.141510
2013-12-18,22.500000,22.010000,22.500000,17.349712
2013-12-19,22.570000,22.350000,22.535000,17.376696
2013-12-20,22.545000,22.395000,22.465000,17.431789
2013-12-23,22.605000,22.490000,22.575001,17.517145
2013-12-24,22.820000,22.559999,22.820000,17.707254
2013-12-26,22.965000,22.830000,22.945000,17.804251
2013-12-27,23.049999,22.945000,23.014999,17.858568
2013-12-30,23.065001,22.975000,23.030001,17.870209
2013-12-31,23.110001,22.995001,23.110001,17.932285
2014-01-02,23.065001,22.865000,22.924999,17.788733
2014-01-03,22.975000,22.860001,22.870001,17.746054
2014-01-06,22.924999,22.690001,22.745001,17.649067
2014-01-07,22.889999,22.639999,22.705000,17.618015
2014-01-08,22.870001,22.650000,22.840000,17.722769
2014-01-09,22.924999,22.660000,22.750000,17.652939
2014-01-10,22.844999,22.684999,22.820000,17.707254
2014-01-13,22.805000,22.480000,22.510000,17.466711
2014-01-14,22.850000,22.549999,22.825001,17.711138
2014-01-15,23.010000,22.834999,22.965000,17.819769
2014-01-16,23.025000,22.905001,23.020000,17.862448
2014-01-17,23.065001,22.930000,22.965000,17.819769
2014-01-21,23.285000,22.990000,23.105000,17.928404
2014-01-22,23.125000,22.815001,22.879999,17.753813
2014-01-23,22.820000,22.385000,22.540001,17.489992
2014-01-24,22.360001,21.924999,21.934999,17.020531
2014-01-27,22.040001,21.684999,21.844999,16.950697
2014-01-28,22.020000,21.889999,21.969999,17.047695
2014-01-29,22.280001,21.799999,22.059999,17.117531
2014-01-30,22.254999,21.990000,22.165001,17.199011
2014-01-31,22.200001,21.834999,22.020000,17.086498
2014-02-03,22.115000,21.480000,21.504999,16.686878
2014-02-04,21.834999,21.520000,21.695000,16.834309
2014-02-05,21.775000,21.389999,21.719999,16.853708
2014-02-06,22.075001,21.750000,22.045000,17.105898
2014-02-07,22.385000,22.059999,22.350000,17.342562
2014-02-10,22.495001,22.285000,22.459999,17.427914
2014-02-11,22.795000,22.480000,22.719999,17.629660
2014-02-12,22.825001,22.629999,22.680000,17.598618
2014-02-13,22.950001,22.504999,22.875000,17.749931
2014-02-14,23.084999,22.834999,23.059999,17.893484
2014-02-18,23.129999,22.955000,23.075001,17.905127
2014-02-19,23.260000,22.895000,22.915001,17.780973
2014-02-20,23.184999,22.844999,23.155001,17.967203
2014-02-21,23.260000,23.094999,23.094999,17.920649
2014-02-24,23.225000,23.004999,23.014999,17.858568
2014-02-25,23.205000,22.955000,23.100000,17.924511
2014-02-26,23.344999,23.100000,23.275000,18.060316
2014-02-27,23.459999,23.219999,23.459999,18.203865
2014-02-28,23.625000,23.405001,23.540001,18.265944
2014-03-03,23.590000,23.299999,23.485001,18.223263
2014-03-04,23.895000,23.680000,23.855000,18.510361
2014-03-05,23.940001,23.775000,23.910000,18.553045
2014-03-06,24.129999,23.985001,24.000000,18.622885
2014-03-07,24.059999,23.820000,23.895000,18.541407
2014-03-10,23.889999,23.665001,23.875000,18.525888
2014-03-11,23.934999,23.620001,23.629999,18.335781
2014-03-12,23.674999,23.514999,23.620001,18.328022
2014-03-13,23.795000,23.370001,23.450001,18.196110
2014-03-14,23.584999,23.410000,23.450001,18.196110
2014-03-17,23.785000,23.535000,23.639999,18.343544
2014-03-18,23.795000,23.635000,23.775000,18.448290
2014-03-19,23.815001,23.430000,23.565001,18.285341
2014-03-20,23.879999,23.450001,23.879999,18.529766
2014-03-21,23.840000,23.639999,23.684999,18.451866
2014-03-24,23.825001,23.415001,23.500000,18.307743
2014-03-25,23.750000,23.540001,23.629999,18.409016
2014-03-26,23.754999,23.285000,23.290001,18.144136
2014-03-27,23.355000,23.129999,23.225000,18.093498
2014-03-28,23.500000,23.235001,23.385000,18.218153
2014-03-31,23.670000,23.469999,23.639999,18.416811
2014-04-01,23.795000,23.620001,23.770000,18.518084
2014-04-02,24.000000,23.715000,23.945000,18.654417
2014-04-03,24.129999,23.885000,23.975000,18.677797
2014-04-04,24.170000,23.610001,23.670000,18.440180
2014-04-07,23.690001,23.240000,23.325001,18.171400
2014-04-08,23.510000,23.250000,23.415001,18.241518
2014-04-09,23.825001,23.379999,23.770000,18.518084
2014-04-10,23.785000,23.250000,23.295000,18.148033
2014-04-11,23.315001,23.014999,23.014999,17.929901
2014-04-14,23.290001,23.045000,23.200001,18.074022
2014-04-15,23.355000,22.959999,23.340000,18.183088
2014-04-16,23.705000,23.434999,23.684999,18.451866
2014-04-17,23.799999,23.660000,23.760000,18.510292
2014-04-21,23.875000,23.690001,23.764999,18.514185
2014-04-22,23.934999,23.715000,23.850000,18.580406
2014-04-23,23.924999,23.815001,23.855000,18.584291
2014-04-24,23.975000,23.705000,23.750000,18.502499
2014-04-25,23.725000,23.504999,23.580000,18.370056
2014-04-28,23.684999,23.305000,23.480000,18.292158
2014-04-29,23.709999,23.525000,23.645000,18.420700
2014-04-30,23.850000,23.565001,23.834999,18.568724
2014-05-01,23.809999,23.635000,23.684999,18.451866
2014-05-02,23.910000,23.670000,23.775000,18.521973
2014-05-05,23.920000,23.655001,23.905001,18.623251
2014-05-06,23.915001,23.705000,23.785000,18.529774
2014-05-07,23.990000,23.709999,23.969999,18.673897
2014-05-08,24.110001,23.775000,23.875000,18.599884
2014-05-09,23.905001,23.725000,23.875000,18.599884
2014-05-12,24.200001,24.004999,24.180000,18.837496
2014-05-13,24.295000,24.155001,24.200001,18.853077
2014-05-14,24.334999,24.150000,24.205000,18.856970
2014-05-15,24.155001,23.725000,23.865000,18.592093
2014-05-16,23.959999,23.684999,23.950001,18.658308
2014-05-19,24.174999,23.895000,24.049999,18.736216
2014-05-20,24.100000,23.860001,23.920000,18.634939
2014-05-21,24.090000,23.945000,24.030001,18.720634
2014-05-22,24.160000,24.000000,24.084999,18.763477
2014-05-23,24.299999,24.084999,24.290001,18.923187
2014-05-27,24.389999,24.260000,24.290001,18.923187
2014-05-28,24.385000,24.250000,24.299999,18.930979
2014-05-29,24.559999,24.235001,24.545000,19.121853
2014-05-30,24.549999,24.420000,24.540001,19.117952
2014-06-02,24.695000,24.514999,24.639999,19.195860
2014-06-03,24.655001,24.510000,24.584999,19.153006
2014-06-04,24.700001,24.465000,24.625000,19.184168
2014-06-05,24.785000,24.450001,24.740000,19.273764
2014-06-06,24.875000,24.740000,24.860001,19.367250
2014-06-09,24.895000,24.750000,24.795000,19.316612
2014-06-10,24.834999,24.650000,24.830000,19.343876
2014-06-11,24.799999,24.645000,24.690001,19.234808
2014-06-12,24.735001,24.424999,24.480000,19.071207
2014-06-13,24.605000,24.430000,24.575001,19.145224
2014-06-16,24.570000,24.400000,24.520000,19.102369
2014-06-17,24.620001,24.350000,24.570000,19.141327
2014-06-18,24.850000,24.559999,24.834999,19.347773
2014-06-19,24.875000,24.740000,24.785000,19.308823
2014-06-20,24.834999,24.665001,24.820000,19.426620
2014-06-23,24.930000,24.745001,24.855000,19.454018
2014-06-24,24.934999,24.620001,24.620001,19.270075
2014-06-25,24.934999,24.665001,24.815001,19.422703
2014-06-26,24.915001,24.674999,24.809999,19.418785
2014-06-27,24.745001,24.580000,24.735001,19.360090
2014-06-30,24.860001,24.645000,24.820000,19.426620
2014-07-01,24.980000,24.795000,24.879999,19.473576
2014-07-02,24.975000,24.860001,24.910000,19.497063
2014-07-03,25.094999,24.959999,25.070000,19.622290
2014-07-07,25.055000,24.815001,24.860001,19.457922
2014-07-08,24.860001,24.725000,24.795000,19.407047
2014-07-09,24.915001,24.809999,24.879999,19.473576
2014-07-10,24.875000,24.635000,24.770000,19.387489
2014-07-11,24.840000,24.709999,24.815001,19.422703
2014-07-14,24.940001,24.790001,24.799999,19.410959
2014-07-15,24.975000,24.680000,24.750000,19.371838
2014-07-16,24.940001,24.820000,24.920000,19.504890
2014-07-17,24.959999,24.770000,24.815001,19.422703
2014-07-18,25.014999,24.815001,24.969999,19.544020
2014-07-21,24.940001,24.799999,24.900000,19.489231
2014-07-22,25.010000,24.924999,24.934999,19.516624
2014-07-23,25.090000,24.875000,25.040001,19.598812
2014-07-24,25.094999,24.959999,25.010000,19.575331
2014-07-25,25.139999,24.950001,25.055000,19.610554
2014-07-28,25.184999,24.975000,25.120001,19.661432
2014-07-29,25.170000,24.930000,24.940001,19.520533
2014-07-30,25.065001,24.760000,24.809999,19.418785
2014-07-31,24.700001,24.325001,24.325001,19.039177
2014-08-01,24.430000,24.190001,24.344999,19.054827
2014-08-04,24.660000,24.285000,24.635000,19.281813
2014-08-05,24.590000,24.309999,24.379999,19.082224
2014-08-06,24.594999,24.270000,24.559999,19.223118
2014-08-07,24.745001,24.280001,24.344999,19.054827
2014-08-08,24.615000,24.309999,24.600000,19.254423
2014-08-11,24.760000,24.565001,24.575001,19.234859
2014-08-12,24.684999,24.520000,24.655001,19.297470
2014-08-13,24.815001,24.635000,24.790001,19.403137
2014-08-14,24.844999,24.764999,24.790001,19.403137
2014-08-15,24.975000,24.665001,24.865000,19.461838
2014-08-18,25.110001,24.965000,25.110001,19.653603
2014-08-19,25.225000,25.120001,25.184999,19.712309
2014-08-20,25.250000,25.125000,25.219999,19.739693
2014-08-21,25.264999,25.115000,25.184999,19.712309
2014-08-22,25.180000,25.035000,25.084999,19.634027
2014-08-25,25.230000,25.135000,25.180000,19.708397
2014-08-26,25.264999,25.184999,25.205000,19.727953
2014-08-27,25.264999,25.155001,25.205000,19.727953
2014-08-28,25.254999,25.070000,25.225000,19.743618
2014-08-29,25.299999,25.195000,25.264999,19.774916
2014-09-02,25.305000,25.129999,25.180000,19.708397
2014-09-03,25.330000,25.205000,25.219999,19.739693
2014-09-04,25.379999,25.160000,25.219999,19.739693
2014-09-05,25.334999,25.129999,25.330000,19.825787
2014-09-08,25.370001,25.184999,25.230000,19.747522
2014-09-09,25.205000,24.969999,25.025000,19.587067
2014-09-10,25.040001,24.805000,25.025000,19.587067
2014-09-11,25.045000,24.895000,24.990000,19.559675
2014-09-12,25.035000,24.780001,24.875000,19.469662
2014-09-15,24.975000,24.785000,24.910000,19.497063
2014-09-16,25.129999,24.830000,25.025000,19.587067
2014-09-17,25.309999,25.075001,25.174999,19.704475
2014-09-18,25.385000,25.250000,25.344999,19.837534
2014-09-19,25.415001,25.174999,25.219999,19.831242
2014-09-22,25.430000,25.190001,25.209999,19.823381
2014-09-23,25.230000,25.070000,25.080000,19.721159
2014-09-24,25.365000,25.065001,25.340000,19.925608
2014-09-25,25.254999,24.955000,24.955000,19.622866
2014-09-26,25.225000,24.955000,25.200001,19.815519
2014-09-29,25.165001,24.930000,25.094999,19.732952
2014-09-30,25.115000,24.750000,24.795000,19.497055
2014-10-01,24.750000,24.150000,24.209999,19.037046
2014-10-02,24.215000,23.815001,24.150000,18.989874
2014-10-03,24.344999,24.180000,24.219999,19.044920
2014-10-06,24.375000,24.135000,24.215000,19.040985
2014-10-07,24.145000,23.785000,23.790001,18.706791
2014-10-08,24.135000,23.525000,24.100000,18.950552
2014-10-09,24.110001,23.434999,23.510000,18.486618
2014-10-10,23.600000,23.145000,23.150000,18.203539
2014-10-13,23.320000,22.520000,22.555000,17.735674
2014-10-14,22.950001,22.475000,22.625000,17.790714
2014-10-15,22.875000,22.045000,22.780001,17.912600
2014-10-16,23.135000,22.340000,23.004999,18.089520
2014-10-17,23.485001,23.200001,23.309999,18.329351
2014-10-20,23.680000,23.165001,23.665001,18.608496
2014-10-21,24.209999,23.799999,24.174999,19.009527
2014-10-22,24.400000,23.965000,23.980000,18.856199
2014-10-23,24.225000,23.895000,23.959999,18.840467
2014-10-24,24.165001,23.785000,24.139999,18.982004
2014-10-27,23.975000,23.540001,23.635000,18.584911
2014-10-28,23.889999,23.690001,23.870001,18.769695
2014-10-29,23.900000,23.415001,23.575001,18.537733
2014-10-30,23.879999,23.485001,23.754999,18.679272
2014-10-31,24.209999,23.870001,24.200001,19.029190
2014-11-03,24.299999,23.945000,24.030001,18.895512
2014-11-04,24.020000,23.670000,23.780001,18.698929
2014-11-05,24.055000,23.815001,24.010000,18.879786
2014-11-06,24.254999,23.930000,24.205000,19.033115
2014-11-07,24.360001,24.215000,24.320000,19.123547
2014-11-10,24.400000,24.250000,24.385000,19.174660
2014-11-11,24.525000,24.344999,24.504999,19.269014
2014-11-12,24.625000,24.450001,24.565001,19.316195
2014-11-13,24.764999,24.434999,24.570000,19.320135
2014-11-14,24.695000,24.540001,24.645000,19.379105
2014-11-17,24.670000,24.549999,24.639999,19.375166
2014-11-18,24.955000,24.645000,24.934999,19.607143
2014-11-19,24.980000,24.815001,24.900000,19.579618
2014-11-20,25.030001,24.700001,25.030001,19.681837
2014-11-21,25.504999,25.240000,25.334999,19.921673
2014-11-24,25.375000,25.180000,25.219999,19.831242
2014-11-25,25.299999,25.110001,25.129999,19.760477
2014-11-26,25.165001,24.959999,25.150000,19.776203
2014-11-28,24.930000,24.525000,24.580000,19.327990
2014-12-01,24.615000,24.195000,24.325001,19.127481
2014-12-02,24.525000,24.270000,24.469999,19.241501
2014-12-03,24.865000,24.465000,24.830000,19.524572
2014-12-04,24.965000,24.745001,24.905001,19.583548
2014-12-05,25.055000,24.840000,24.885000,19.567827
2014-12-08,24.860001,24.455000,24.490000,19.257225
2014-12-09,24.570000,24.260000,24.555000,19.308334
2014-12-10,24.480000,23.990000,24.049999,18.911242
2014-12-11,24.330000,24.020000,24.070000,18.926964
2014-12-12,23.959999,23.385000,23.400000,18.400124
2014-12-15,23.555000,23.180000,23.275000,18.301830
2014-12-16,23.670000,23.090000,23.094999,18.160292
2014-12-17,23.790001,23.180000,23.725000,18.655682
2014-12-18,24.280001,23.879999,24.264999,19.080296
2014-12-19,24.495001,24.219999,24.410000,19.315313
2014-12-22,24.485001,24.285000,24.424999,19.327171
2014-12-23,24.684999,24.475000,24.615000,19.477526
2014-12-24,24.620001,24.490000,24.530001,19.410271
2014-12-26,24.695000,24.580000,24.615000,19.477526
2014-12-29,24.684999,24.555000,24.615000,19.477526
2014-12-30,24.639999,24.520000,24.530001,19.410271
2014-12-31,24.584999,24.285000,24.290001,19.220348
2015-01-02,24.434999,24.180000,24.325001,19.248053
2015-01-05,24.209999,23.600000,23.705000,18.757448
2015-01-06,23.850000,23.370001,23.495001,18.591280
2015-01-07,23.830000,23.580000,23.760000,18.800974
2015-01-08,24.389999,23.940001,24.325001,19.248053
2015-01-09,24.490000,24.090000,24.200001,19.149139
2015-01-12,24.245001,23.875000,24.145000,19.105619
2015-01-13,24.350000,23.684999,23.875000,18.891970
2015-01-14,23.629999,23.219999,23.594999,18.670420
2015-01-15,23.915001,23.549999,23.549999,18.634804
2015-01-16,23.965000,23.514999,23.924999,18.931534
2015-01-20,24.120001,23.735001,23.965000,18.963192
2015-01-21,24.225000,23.855000,24.200001,19.149139
2015-01-22,24.545000,24.155001,24.504999,19.390490
2015-01-23,24.455000,24.110001,24.125000,19.089798
2015-01-26,24.260000,24.004999,24.230000,19.172878
2015-01-27,24.240000,23.790001,24.065001,19.042320
2015-01-28,24.145000,23.590000,23.629999,18.698109
2015-01-29,23.980000,23.504999,23.940001,18.943411
2015-01-30,24.129999,23.674999,23.844999,18.868229
2015-02-02,24.125000,23.709999,24.059999,19.038363
2015-02-03,24.605000,24.190001,24.590000,19.457745
2015-02-04,24.615000,24.375000,24.430000,19.331137
2015-02-05,25.045000,24.510000,25.020000,19.797993
2015-02-06,25.070000,24.889999,24.959999,19.750515
2015-02-09,25.075001,24.825001,24.930000,19.726784
2015-02-10,25.139999,24.855000,25.115000,19.873163
2015-02-11,25.165001,24.930000,25.075001,19.841520
2015-02-12,25.580000,25.225000,25.504999,20.181772
2015-02-13,25.764999,25.525000,25.719999,20.351900
2015-02-17,25.850000,25.559999,25.750000,20.375633
2015-02-18,25.820000,25.570000,25.820000,20.431025
2015-02-19,25.950001,25.639999,25.889999,20.486416
2015-02-20,26.004999,25.635000,25.965000,20.545769
2015-02-23,25.985001,25.764999,25.934999,20.522017
2015-02-24,26.080000,25.900000,26.045000,20.609064
2015-02-25,26.110001,25.924999,25.969999,20.549715
2015-02-26,26.020000,25.730000,25.805000,20.419153
2015-02-27,25.879999,25.735001,25.745001,20.371677
2015-03-02,25.924999,25.635000,25.915001,20.506195
2015-03-03,25.910000,25.690001,25.775000,20.395422
2015-03-04,25.745001,25.510000,25.684999,20.324205
2015-03-05,25.750000,25.485001,25.575001,20.237160
2015-03-06,25.465000,25.180000,25.230000,19.964167
2015-03-09,25.344999,25.209999,25.264999,19.991861
2015-03-10,25.065001,24.844999,24.879999,19.687212
2015-03-11,24.969999,24.809999,24.850000,19.663481
2015-03-12,25.180000,24.875000,25.160000,19.908781
2015-03-13,25.070000,24.760000,24.920000,19.718868
2015-03-16,25.030001,24.770000,24.879999,19.687212
2015-03-17,24.764999,24.500000,24.605000,19.469614
2015-03-18,25.129999,24.355000,24.980000,19.766350
2015-03-19,24.889999,24.525000,24.549999,19.426094
2015-03-20,24.775000,24.440001,24.615000,19.551184
2015-03-23,24.715000,24.549999,24.615000,19.551184
2015-03-24,24.650000,24.450001,24.535000,19.487652
2015-03-25,24.674999,24.260000,24.260000,19.269222
2015-03-26,24.405001,24.195000,24.315001,19.312906
2015-03-27,24.450001,24.270000,24.305000,19.304970
2015-03-30,24.715000,24.455000,24.635000,19.567078
2015-03-31,24.575001,24.389999,24.389999,19.372484
2015-04-01,24.500000,24.240000,24.459999,19.428072
2015-04-02,24.555000,24.350000,24.485001,19.447929
2015-04-06,24.750000,24.295000,24.680000,19.602816
2015-04-07,24.844999,24.600000,24.639999,19.571041
2015-04-08,24.805000,24.584999,24.709999,19.626654
2015-04-09,24.840000,24.650000,24.780001,19.682247
2015-04-10,24.855000,24.735001,24.850000,19.737844
2015-04-13,24.870001,24.740000,24.750000,19.658419
2015-04-14,24.895000,24.690001,24.855000,19.741814
2015-04-15,25.190001,24.910000,25.094999,19.932444
2015-04-16,25.174999,24.959999,25.040001,19.888763
2015-04-17,24.980000,24.719999,24.809999,19.706083
2015-04-20,25.025000,24.850000,24.990000,19.849049
2015-04-21,25.055000,24.709999,24.805000,19.702105
2015-04-22,24.879999,24.655001,24.855000,19.741814
2015-04-23,25.025000,24.795000,24.920000,19.793447
2015-04-24,25.139999,25.000000,25.129999,19.960247
2015-04-27,25.459999,25.195000,25.350000,20.134993
2015-04-28,25.420000,25.205000,25.385000,20.162785
2015-04-29,25.459999,25.174999,25.370001,20.150877
2015-04-30,25.400000,25.115000,25.209999,20.023783
2015-05-01,25.690001,25.320000,25.625000,20.353411
2015-05-04,25.745001,25.545000,25.555000,20.297813
2015-05-05,25.695000,25.205000,25.264999,20.067476
2015-05-06,25.459999,25.180000,25.270000,20.071444
2015-05-07,25.405001,25.059999,25.379999,20.158813
2015-05-08,25.889999,25.670000,25.785000,20.480499
2015-05-11,25.809999,25.625000,25.665001,20.385180
2015-05-12,25.570000,25.379999,25.395000,20.170731
2015-05-13,25.475000,25.270000,25.365000,20.146910
2015-05-14,25.650000,25.490000,25.629999,20.357382
2015-05-15,25.754999,25.545000,25.754999,20.456671
2015-05-18,25.725000,25.584999,25.639999,20.365322
2015-05-19,25.650000,25.440001,25.514999,20.266041
2015-05-20,25.584999,25.434999,25.500000,20.254120
2015-05-21,25.645000,25.434999,25.590000,20.325609
2015-05-22,25.610001,25.514999,25.559999,20.301783
2015-05-26,25.434999,25.145000,25.240000,20.047613
2015-05-27,25.445000,25.209999,25.405001,20.178675
2015-05-28,25.485001,25.315001,25.469999,20.230299
2015-05-29,25.465000,25.240000,25.305000,20.099247
2015-06-01,25.385000,25.139999,25.315001,20.107191
2015-06-02,25.510000,25.225000,25.395000,20.170731
2015-06-03,25.575001,25.375000,25.420000,20.190586
2015-06-04,25.270000,25.000000,25.120001,19.952307
2015-06-05,25.125000,24.900000,25.004999,19.860966
2015-06-08,25.055000,24.910000,24.915001,19.789476
2015-06-09,25.065001,24.900000,24.930000,19.801390
2015-06-10,25.280001,25.065001,25.190001,20.007902
2015-06-11,25.299999,25.180000,25.250000,20.055561
2015-06-12,25.219999,25.049999,25.100000,19.936420
2015-06-15,25.040001,24.815001,24.945000,19.813311
2015-06-16,25.090000,24.879999,25.075001,19.916565
2015-06-17,25.235001,24.940001,25.180000,19.999962
2015-06-18,25.455000,25.254999,25.389999,20.166759
2015-06-19,25.320000,25.105000,25.105000,20.031506
2015-06-22,25.240000,25.125000,25.200001,20.107311
2015-06-23,25.240000,25.080000,25.129999,20.051460
2015-06-24,25.090000,24.805000,24.809999,19.796124
2015-06-25,24.910000,24.715000,24.790001,19.780174
2015-06-26,24.885000,24.660000,24.695000,19.704369
2015-06-29,24.584999,24.094999,24.120001,19.245569
2015-06-30,24.400000,24.139999,24.195000,19.305416
2015-07-01,24.445000,24.264999,24.330000,19.413134
2015-07-02,24.420000,24.165001,24.254999,19.353289
2015-07-06,24.285000,23.920000,24.055000,19.193707
2015-07-07,24.055000,23.565001,23.975000,19.129877
2015-07-08,23.844999,23.430000,23.450001,18.710974
2015-07-09,23.825001,23.514999,23.520000,18.766827
2015-07-10,23.900000,23.725000,23.850000,19.030132
2015-07-13,24.135000,23.959999,24.110001,19.237587
2015-07-14,24.295000,24.040001,24.245001,19.345306
2015-07-15,24.260000,23.995001,24.055000,19.193707
2015-07-16,24.070000,23.915001,23.995001,19.145830
2015-07-17,23.985001,23.705000,23.830000,19.014187
2015-07-20,23.834999,23.584999,23.629999,18.854595
2015-07-21,23.799999,23.415001,23.485001,18.738899
2015-07-22,23.504999,23.330000,23.385000,18.659105
2015-07-23,23.500000,22.985001,23.045000,18.387815
2015-07-24,23.049999,22.395000,22.540001,17.984873
2015-07-27,22.559999,22.235001,22.290001,17.785397
2015-07-28,22.815001,22.215000,22.754999,18.156418
2015-07-29,22.990000,22.680000,22.920000,18.288078
2015-07-30,23.070000,22.900000,23.035000,18.379835
2015-07-31,23.195000,22.930000,22.975000,18.331966
2015-08-03,23.059999,22.674999,22.795000,18.188335
2015-08-04,23.025000,22.805000,22.895000,18.268131
2015-08-05,23.254999,22.934999,23.010000,18.359892
2015-08-06,23.090000,22.895000,22.930000,18.296061
2015-08-07,22.924999,22.535000,22.610001,18.040726
2015-08-10,23.180000,22.684999,23.165001,18.483574
2015-08-11,22.915001,22.639999,22.735001,18.140463
2015-08-12,22.850000,22.485001,22.820000,18.208290
2015-08-13,22.855000,22.674999,22.754999,18.156418
2015-08-14,22.879999,22.719999,22.860001,18.240210
2015-08-17,23.000000,22.705000,22.990000,18.343931
2015-08-18,22.985001,22.815001,22.840000,18.224249
2015-08-19,22.735001,22.465000,22.559999,18.000830
2015-08-20,22.485001,22.135000,22.135000,17.661722
2015-08-21,22.045000,21.594999,21.594999,17.230850
2015-08-24,21.430000,19.674999,20.690001,16.508739
2015-08-25,21.469999,20.330000,20.365000,16.249422
2015-08-26,20.959999,20.445000,20.915001,16.688271
2015-08-27,21.780001,21.225000,21.674999,17.294683
2015-08-28,21.879999,21.549999,21.799999,17.394419
2015-08-31,21.840000,21.440001,21.680000,17.298670
2015-09-01,21.379999,20.889999,21.020000,16.772051
2015-09-02,21.344999,20.995001,21.320000,17.011427
2015-09-03,21.690001,21.355000,21.450001,17.115158
2015-09-04,21.219999,20.990000,21.025000,16.776039
2015-09-08,21.570000,21.290001,21.549999,17.194942
2015-09-09,21.865000,21.350000,21.385000,17.063288
2015-09-10,21.580000,21.264999,21.434999,17.103186
2015-09-11,21.415001,21.215000,21.405001,17.079248
2015-09-14,21.379999,21.100000,21.150000,16.875776
2015-09-15,21.365000,21.139999,21.305000,16.999466
2015-09-16,21.629999,21.299999,21.610001,17.242819
2015-09-17,21.870001,21.465000,21.510000,17.163031
2015-09-18,21.174999,20.870001,20.940001,16.801165
2015-09-21,21.174999,20.934999,21.010000,16.857330
2015-09-22,20.715000,20.440001,20.620001,16.544416
2015-09-23,20.660000,20.150000,20.180000,16.191385
2015-09-24,20.190001,19.730000,20.125000,16.147251
2015-09-25,20.315001,19.980000,20.100000,16.127193
2015-09-28,20.014999,19.424999,19.475000,15.625730
2015-09-29,19.725000,19.415001,19.549999,15.685904
2015-09-30,20.000000,19.700001,19.959999,16.014868
2015-10-01,20.184999,19.780001,20.184999,16.195393
2015-10-02,20.680000,19.844999,20.680000,16.592562
2015-10-05,21.225000,20.719999,21.219999,17.025824
2015-10-06,21.660000,21.325001,21.495001,17.246471
2015-10-07,21.844999,21.445000,21.780001,17.475142
2015-10-08,22.150000,21.690001,22.084999,17.719862
2015-10-09,22.280001,21.995001,22.075001,17.711836
2015-10-12,22.120001,21.780001,21.885000,17.559389
2015-10-13,21.959999,21.635000,21.799999,17.491186
2015-10-14,22.090000,21.760000,21.975000,17.631603
2015-10-15,22.145000,21.750000,22.035000,17.679747
2015-10-16,22.195000,21.889999,22.045000,17.687763
2015-10-19,21.980000,21.780001,21.889999,17.563395
2015-10-20,22.115000,21.825001,21.924999,17.591480
2015-10-21,21.995001,21.690001,21.730000,17.435026
2015-10-22,22.344999,21.934999,22.325001,17.912424
2015-10-23,22.600000,22.389999,22.510000,18.060858
2015-10-26,22.540001,22.320000,22.325001,17.912424
2015-10-27,22.334999,22.045000,22.230000,17.836195
2015-10-28,22.610001,22.195000,22.565001,18.104986
2015-10-29,22.660000,22.440001,22.610001,18.141092
2015-10-30,22.830000,22.575001,22.639999,18.165154
2015-11-02,22.889999,22.620001,22.780001,18.277491
2015-11-03,23.045000,22.705000,22.870001,18.349701
2015-11-04,22.990000,22.709999,22.719999,18.229349
2015-11-05,22.690001,22.424999,22.605000,18.137081
2015-11-06,22.700001,22.385000,22.665001,18.185217
2015-11-09,22.660000,22.309999,22.510000,18.060858
2015-11-10,22.500000,22.209999,22.344999,17.928465
2015-11-11,22.440001,22.235001,22.370001,17.948524
2015-11-12,22.170000,21.920000,21.920000,17.587467
2015-11-13,22.315001,21.870001,22.200001,17.812134
2015-11-16,22.500000,22.165001,22.485001,18.040798
2015-11-17,22.684999,22.400000,22.459999,18.020741
2015-11-18,22.879999,22.480000,22.860001,18.341673
2015-11-19,22.965000,22.795000,22.834999,18.321621
2015-11-20,22.995001,22.709999,22.764999,18.265450
2015-11-23,22.969999,22.760000,22.795000,18.289524
2015-11-24,23.045000,22.615000,22.985001,18.441971
2015-11-25,23.025000,22.809999,22.840000,18.325632
2015-11-27,22.855000,22.705000,22.809999,18.301558
2015-11-30,22.969999,22.785000,22.865000,18.345688
2015-12-01,23.030001,22.799999,23.025000,18.474056
2015-12-02,23.010000,22.639999,22.715000,18.225342
2015-12-03,22.865000,22.400000,22.514999,18.064867
2015-12-04,22.969999,22.495001,22.910000,18.381792
2015-12-07,22.895000,22.355000,22.500000,18.052832
2015-12-08,22.455000,22.045000,22.075001,17.711836
2015-12-09,23.030001,22.504999,22.740000,18.245399
2015-12-10,22.785000,22.420000,22.570000,18.108997
2015-12-11,22.235001,21.940001,21.969999,17.627588
2015-12-14,21.930000,21.485001,21.680000,17.394907
2015-12-15,22.030001,21.754999,21.799999,17.491186
2015-12-16,22.045000,21.615000,22.025000,17.671715
2015-12-17,22.059999,21.584999,21.584999,17.318678
2015-12-18,21.525000,21.135000,21.135000,17.084663
2015-12-21,21.385000,21.145000,21.325001,17.238255
2015-12-22,21.695000,21.365000,21.594999,17.456514
2015-12-23,22.139999,21.750000,22.105000,17.868773
2015-12-24,22.145000,22.010000,22.055000,17.828348
2015-12-28,21.959999,21.770000,21.900000,17.703058
2015-12-29,22.184999,22.014999,22.105000,17.868773
2015-12-30,22.105000,21.870001,21.900000,17.703058
2015-12-31,21.965000,21.709999,21.709999,17.549473
2016-01-04,21.430000,21.129999,21.370001,17.274630
2016-01-05,21.459999,21.200001,21.360001,17.266542
2016-01-06,21.090000,20.684999,20.799999,16.813866
2016-01-07,20.625000,20.125000,20.235001,16.357145
2016-01-08,20.450001,19.975000,20.030001,16.191429
2016-01-11,20.139999,19.535000,19.690001,15.916587
2016-01-12,19.980000,19.475000,19.719999,15.940838
2016-01-13,19.905001,19.240000,19.264999,15.573035
2016-01-14,19.670000,19.105000,19.525000,15.783204
2016-01-15,19.254999,18.875000,19.125000,15.459858
2016-01-19,19.365000,18.645000,18.889999,15.269895
2016-01-20,18.910000,18.145000,18.750000,15.156726
2016-01-21,19.055000,18.584999,18.915001,15.290109
2016-01-22,19.540001,19.075001,19.254999,15.564944
2016-01-25,19.110001,18.610001,18.639999,15.067810
2016-01-26,19.010000,18.639999,18.959999,15.326484
2016-01-27,19.250000,18.760000,18.809999,15.205232
2016-01-28,19.010000,18.670000,18.840000,15.229482
2016-01-29,19.400000,18.850000,19.385000,15.670037
2016-02-01,19.514999,19.040001,19.465000,15.734705
2016-02-02,19.434999,19.110001,19.334999,15.629623
2016-02-03,19.985001,19.315001,19.985001,16.155054
2016-02-04,20.674999,20.049999,20.540001,16.603687
2016-02-05,20.594999,20.235001,20.305000,16.413723
2016-02-08,20.160000,19.485001,19.770000,15.981256
2016-02-09,20.115000,19.580000,20.014999,16.179306
2016-02-10,20.305000,19.775000,19.825001,16.025713
2016-02-11,19.674999,19.235001,19.395000,15.678120
2016-02-12,19.969999,19.450001,19.969999,16.142925
2016-02-16,20.299999,19.915001,20.275000,16.389479
2016-02-17,20.790001,20.434999,20.674999,16.712816
2016-02-18,20.705000,20.465000,20.615000,16.664318
2016-02-19,20.520000,20.290001,20.375000,16.470306
2016-02-22,20.834999,20.575001,20.764999,16.785570
2016-02-23,20.610001,20.219999,20.254999,16.373310
2016-02-24,20.490000,19.955000,20.465000,16.543068
2016-02-25,20.745001,20.334999,20.730000,16.757282
2016-02-26,21.145000,20.900000,21.030001,16.999794
2016-02-29,21.280001,20.889999,20.900000,16.894697
2016-03-01,21.490000,21.014999,21.434999,17.327169
2016-03-02,21.395000,21.129999,21.350000,17.258457
2016-03-03,21.535000,21.264999,21.480000,17.363548
2016-03-04,21.870001,21.434999,21.730000,17.565639
2016-03-07,22.030001,21.735001,21.980000,17.767725
2016-03-08,21.805000,21.424999,21.549999,17.420135
2016-03-09,21.790001,21.535000,21.684999,17.529263
2016-03-10,21.930000,21.549999,21.799999,17.622221
2016-03-11,22.260000,22.014999,22.200001,17.945570
2016-03-14,22.170000,21.965000,22.049999,17.824312
2016-03-15,22.100000,21.719999,22.100000,17.864738
2016-03-16,22.285000,21.750000,22.285000,18.014275
2016-03-17,22.764999,22.245001,22.695000,18.345703
2016-03-18,22.870001,22.584999,22.709999,18.421545
2016-03-21,22.815001,22.379999,22.815001,18.506723
2016-03-22,22.639999,22.340000,22.555000,18.295816
2016-03-23,22.434999,22.235001,22.275000,18.068695
2016-03-24,22.285000,21.995001,22.275000,18.068695
2016-03-28,22.450001,22.230000,22.370001,18.145752
2016-03-29,22.500000,22.139999,22.495001,18.247149
2016-03-30,22.690001,22.500000,22.594999,18.328260
2016-03-31,22.650000,22.330000,22.405001,18.174147
2016-04-01,22.620001,22.080000,22.620001,18.348539
2016-04-04,22.605000,22.285000,22.325001,18.109251
2016-04-05,22.295000,22.129999,22.184999,17.995693
2016-04-06,22.440001,21.985001,22.440001,18.202532
2016-04-07,22.305000,22.020000,22.115000,17.938908
2016-04-08,22.510000,22.235001,22.260000,18.056519
2016-04-11,22.594999,22.360001,22.360001,18.137646
2016-04-12,22.709999,22.370001,22.670000,18.389103
2016-04-13,22.969999,22.795000,22.895000,18.571613
2016-04-14,23.035000,22.860001,22.910000,18.583782
2016-04-15,23.030001,22.825001,23.014999,18.668955
2016-04-18,23.125000,22.815001,23.120001,18.754126
2016-04-19,23.629999,23.174999,23.615000,19.155649
2016-04-20,23.660000,23.485001,23.545000,19.098871
2016-04-21,23.705000,23.434999,23.440001,19.013702
2016-04-22,23.680000,23.475000,23.605000,19.147541
2016-04-25,23.580000,23.344999,23.525000,19.082651
2016-04-26,23.745001,23.525000,23.715000,19.236769
2016-04-27,23.940001,23.670000,23.915001,19.399008
2016-04-28,23.955000,23.590000,23.690001,19.216488
2016-04-29,23.770000,23.389999,23.549999,19.102928
2016-05-02,23.650000,23.405001,23.635000,19.171879
2016-05-03,23.430000,23.145000,23.245001,18.855518
2016-05-04,23.184999,22.860001,23.010000,18.664890
2016-05-05,23.190001,22.855000,22.895000,18.571613
2016-05-06,23.100000,22.770000,23.080000,18.721674
2016-05-09,22.940001,22.770000,22.799999,18.494556
2016-05-10,23.200001,22.870001,23.180000,18.802797
2016-05-11,23.299999,23.084999,23.100000,18.737909
2016-05-12,23.594999,23.120001,23.200001,18.819016
2016-05-13,23.309999,22.889999,22.975000,18.636505
2016-05-16,23.395000,23.014999,23.370001,18.956917
2016-05-17,23.485001,23.200001,23.250000,18.859577
2016-05-18,23.290001,22.790001,22.895000,18.571613
2016-05-19,23.004999,22.709999,22.975000,18.636505
2016-05-20,23.235001,23.055000,23.139999,18.770351
2016-05-23,23.514999,23.240000,23.410000,18.989363
2016-05-24,23.620001,23.445000,23.565001,19.115091
2016-05-25,24.010000,23.700001,23.855000,19.350330
2016-05-26,24.090000,23.584999,23.600000,19.143480
2016-05-27,23.674999,23.500000,23.590000,19.135378
2016-05-31,23.700001,23.434999,23.469999,19.038034
2016-06-01,23.545000,23.184999,23.500000,19.062372
2016-06-02,23.645000,23.370001,23.629999,19.167812
2016-06-03,23.885000,23.584999,23.830000,19.330055
2016-06-06,24.100000,23.895000,24.075001,19.528784
2016-06-07,24.165001,23.980000,24.084999,19.536894
2016-06-08,24.299999,24.139999,24.225000,19.650455
2016-06-09,24.110001,23.940001,24.049999,19.508512
2016-06-10,24.010000,23.809999,23.870001,19.362499
2016-06-13,23.965000,23.600000,23.605000,19.147541
2016-06-14,23.610001,23.275000,23.430000,19.005590
2016-06-15,23.700001,23.480000,23.535000,19.090759
2016-06-16,23.625000,23.230000,23.615000,19.155649
2016-06-17,23.650000,23.395000,23.600000,19.239208
2016-06-20,24.030001,23.719999,23.735001,19.349264
2016-06-21,23.790001,23.584999,23.670000,19.296278
2016-06-22,23.780001,23.655001,23.695000,19.316664
2016-06-23,24.070000,23.900000,24.059999,19.614206
2016-06-24,23.535000,22.950001,23.010000,18.758230
2016-06-27,22.834999,22.110001,22.235001,18.126432
2016-06-28,22.559999,22.190001,22.424999,18.281330
2016-06-29,22.879999,22.645000,22.805000,18.591112
2016-06-30,23.180000,22.745001,23.170000,18.888668
2016-07-01,23.330000,23.105000,23.180000,18.896822
2016-07-05,23.150000,22.680000,22.760000,18.554426
2016-07-06,22.879999,22.504999,22.850000,18.627794
2016-07-07,23.094999,22.770000,22.910000,18.676710
2016-07-08,23.525000,23.070000,23.480000,19.141384
2016-07-11,23.660000,23.500000,23.594999,19.235132
2016-07-12,24.155001,23.760000,24.025000,19.585680
2016-07-13,24.125000,23.945000,24.090000,19.638668
2016-07-14,24.350000,24.160000,24.305000,19.813942
2016-07-15,24.459999,24.325001,24.389999,19.883240
2016-07-18,24.575001,24.235001,24.549999,20.013664
2016-07-19,24.510000,24.305000,24.405001,19.895466
2016-07-20,24.480000,24.235001,24.415001,19.903616
2016-07-21,24.434999,24.174999,24.264999,19.781336
2016-07-22,24.385000,24.225000,24.330000,19.834322
2016-07-25,24.305000,24.125000,24.290001,19.801712
2016-07-26,24.490000,24.264999,24.475000,19.952528
2016-07-27,24.590000,24.325001,24.504999,19.976992
2016-07-28,24.549999,24.330000,24.469999,19.948460
2016-07-29,24.420000,24.174999,24.344999,19.846550
2016-08-01,24.350000,24.110001,24.209999,19.736502
2016-08-02,24.260000,23.985001,24.145000,19.683508
2016-08-03,24.299999,24.030001,24.205000,19.732420
2016-08-04,24.370001,24.155001,24.305000,19.813942
2016-08-05,24.434999,24.299999,24.385000,19.879158
2016-08-08,24.504999,24.375000,24.434999,19.919920
2016-08-09,24.530001,24.309999,24.360001,19.858776
2016-08-10,24.475000,24.330000,24.365000,19.862856
2016-08-11,24.514999,24.340000,24.469999,19.948460
2016-08-12,24.495001,24.160000,24.209999,19.736502
2016-08-15,24.514999,24.280001,24.455000,19.936232
2016-08-16,24.590000,24.315001,24.325001,19.830252
2016-08-17,24.360001,24.105000,24.305000,19.813942
2016-08-18,24.459999,24.305000,24.459999,19.940296
2016-08-19,24.530001,24.254999,24.495001,19.968834
2016-08-22,24.495001,24.275000,24.459999,19.940296
2016-08-23,24.785000,24.615000,24.670000,20.111500
2016-08-24,24.635000,24.355000,24.385000,19.879158
2016-08-25,24.535000,24.355000,24.504999,19.976992
2016-08-26,24.760000,24.264999,24.365000,19.862856
2016-08-29,24.639999,24.325001,24.584999,20.042202
2016-08-30,24.705000,24.480000,24.525000,19.993288
2016-08-31,24.440001,24.225000,24.280001,19.793558
2016-09-01,24.410000,24.200001,24.379999,19.875086
2016-09-02,24.625000,24.490000,24.625000,20.074816
2016-09-06,24.715000,24.465000,24.570000,20.029978
2016-09-07,24.605000,24.379999,24.535000,20.001442
2016-09-08,24.545000,24.355000,24.430000,19.915842
2016-09-09,24.264999,23.695000,23.719999,19.337046
2016-09-12,24.010000,23.535000,23.945000,19.520466
2016-09-13,23.795000,23.344999,23.500000,19.157690
2016-09-14,23.590000,23.375000,23.445000,19.112848
2016-09-15,23.645000,23.355000,23.594999,19.235132
2016-09-16,23.420000,23.275000,23.379999,19.158104
2016-09-19,23.570000,23.375000,23.415001,19.186794
2016-09-20,23.620001,23.340000,23.344999,19.129431
2016-09-21,23.730000,23.430000,23.700001,19.420328
2016-09-22,23.980000,23.715000,23.775000,19.481775
2016-09-23,23.809999,23.650000,23.655001,19.383448
2016-09-26,23.705000,23.514999,23.545000,19.293314
2016-09-27,23.635000,23.424999,23.615000,19.350674
2016-09-28,23.910000,23.559999,23.885000,19.571918
2016-09-29,23.950001,23.625000,23.700001,19.420328
2016-09-30,23.959999,23.770000,23.875000,19.563725
2016-10-03,23.955000,23.815001,23.844999,19.539139
2016-10-04,23.924999,23.480000,23.520000,19.272825
2016-10-05,23.785000,23.565001,23.680000,19.403936
2016-10-06,23.889999,23.590000,23.875000,19.563725
2016-10-07,23.905001,23.350000,23.430000,19.199083
2016-10-10,23.740000,23.520000,23.570000,19.313803
2016-10-11,23.430000,23.100000,23.250000,19.051584
2016-10-12,23.290001,23.090000,23.205000,19.014706
2016-10-13,23.139999,22.780001,23.084999,18.916378
2016-10-14,23.325001,23.135000,23.160000,18.977835
2016-10-17,23.264999,23.135000,23.180000,18.994223
2016-10-18,23.459999,23.309999,23.389999,19.166302
2016-10-19,23.600000,23.355000,23.559999,19.305605
2016-10-20,23.620001,23.379999,23.540001,19.289217
2016-10-21,23.545000,23.299999,23.530001,19.281019
2016-10-24,23.660000,23.525000,23.584999,19.326092
2016-10-25,23.575001,23.320000,23.370001,19.149916
2016-10-26,23.375000,23.230000,23.334999,19.121239
2016-10-27,23.434999,23.200001,23.305000,19.096655
2016-10-28,23.559999,23.240000,23.365000,19.145817
2016-10-31,23.445000,23.330000,23.375000,19.154015
2016-11-01,23.520000,23.110001,23.240000,19.043394
2016-11-02,23.320000,23.115000,23.115000,18.940960
2016-11-03,23.240000,23.059999,23.120001,18.945061
2016-11-04,23.325001,23.084999,23.200001,19.010618
2016-11-07,23.555000,23.395000,23.555000,19.301510
2016-11-08,23.705000,23.445000,23.629999,19.362965
2016-11-09,24.184999,23.424999,24.129999,19.772678
2016-11-10,24.530001,24.230000,24.410000,20.002115
2016-11-11,24.400000,23.924999,24.075001,19.727610
2016-11-14,24.209999,23.980000,24.129999,19.772678
2016-11-15,24.235001,23.945000,24.230000,19.854612
2016-11-16,24.270000,24.105000,24.184999,19.817749
2016-11-17,24.280001,24.070000,24.195000,19.825947
2016-11-18,24.190001,24.090000,24.160000,19.797260
2016-11-21,24.455000,24.195000,24.445000,20.030802
2016-11-22,24.645000,24.440001,24.594999,20.153708
2016-11-23,24.719999,24.480000,24.705000,20.243845
2016-11-25,24.795000,24.690001,24.780001,20.305309
2016-11-28,24.795000,24.625000,24.680000,20.223364
2016-11-29,24.805000,24.500000,24.705000,20.243845
2016-11-30,25.030001,24.754999,24.969999,20.460993
2016-12-01,25.165001,24.905001,24.980000,20.469185
2016-12-02,25.070000,24.844999,24.990000,20.477383
2016-12-05,25.270000,25.030001,25.184999,20.637167
2016-12-06,25.219999,25.025000,25.215000,20.661757
2016-12-07,25.590000,25.215000,25.575001,20.956745
2016-12-08,25.844999,25.594999,25.745001,21.096045
2016-12-09,25.809999,25.620001,25.750000,21.100140
2016-12-12,25.844999,25.620001,25.635000,21.005909
2016-12-13,25.745001,25.440001,25.594999,20.973131
2016-12-14,25.629999,25.245001,25.290001,20.723211
2016-12-15,25.520000,25.155001,25.455000,20.858410
2016-12-16,25.395000,25.145000,25.209999,20.794075
2016-12-19,25.230000,25.065001,25.160000,20.752838
2016-12-20,25.200001,25.045000,25.180000,20.769331
2016-12-21,25.295000,25.150000,25.190001,20.777575
2016-12-22,25.195000,25.010000,25.084999,20.690971
2016-12-23,25.155001,24.985001,25.135000,20.732214
2016-12-27,25.299999,25.105000,25.270000,20.843569
2016-12-28,25.485001,24.995001,25.014999,20.633240
2016-12-29,25.120001,24.975000,25.014999,20.633240
2016-12-30,25.090000,24.750000,24.850000,20.497137
2017-01-03,25.135000,24.815001,24.995001,20.616741
2017-01-04,25.405001,25.094999,25.360001,20.917803
2017-01-05,25.424999,25.200001,25.285000,20.855938
2017-01-06,25.330000,25.165001,25.309999,20.876560
2017-01-09,25.545000,25.264999,25.305000,20.872437
2017-01-10,25.415001,25.209999,25.320000,20.884806
2017-01-11,25.540001,25.275000,25.525000,21.053900
2017-01-12,25.525000,25.315001,25.475000,21.012657
2017-01-13,25.504999,25.370001,25.434999,20.979664
2017-01-17,25.430000,25.240000,25.320000,20.884806
2017-01-18,25.504999,25.305000,25.480000,21.016781
2017-01-19,25.565001,25.225000,25.320000,20.884806
2017-01-20,25.590000,25.389999,25.545000,21.070395
2017-01-23,25.635000,25.450001,25.594999,21.111637
2017-01-24,26.315001,25.690001,26.254999,21.656031
2017-01-25,26.455000,26.200001,26.430000,21.800375
2017-01-26,26.629999,26.370001,26.500000,21.858110
2017-01-27,26.485001,26.350000,26.405001,21.779755
2017-01-30,26.309999,26.025000,26.135000,21.557053
2017-01-31,26.145000,25.875000,25.980000,21.429201
2017-02-01,26.160000,25.895000,26.110001,21.536432
2017-02-02,26.100000,25.905001,25.995001,21.441570
2017-02-03,26.080000,25.955000,26.040001,21.478689
2017-02-06,26.004999,25.860001,25.969999,21.420950
2017-02-07,25.940001,25.725000,25.764999,21.251860
2017-02-08,25.834999,25.665001,25.825001,21.301346
2017-02-09,25.895000,25.760000,25.815001,21.293097
2017-02-10,26.090000,25.915001,26.049999,21.486935
2017-02-13,26.334999,26.150000,26.264999,21.664278
2017-02-14,26.275000,26.090000,26.260000,21.660152
2017-02-15,26.309999,26.174999,26.225000,21.631283
2017-02-16,26.375000,26.139999,26.225000,21.631283
2017-02-17,26.209999,26.055000,26.150000,21.569414
2017-02-21,26.309999,26.090000,26.235001,21.639534
2017-02-22,26.450001,26.115000,26.305000,21.697264
2017-02-23,26.455000,26.135000,26.160000,21.577667
2017-02-24,26.235001,26.010000,26.215000,21.623035
2017-02-27,26.365000,26.110001,26.150000,21.569414
2017-02-28,26.250000,26.084999,26.125000,21.548798
2017-03-01,26.719999,26.365000,26.635000,21.969463
2017-03-02,26.625000,26.350000,26.350000,21.734386
2017-03-03,26.434999,26.260000,26.330000,21.717888
2017-03-06,26.305000,26.120001,26.160000,21.577667
2017-03-07,26.200001,26.004999,26.014999,21.458067
2017-03-08,26.285000,25.975000,26.014999,21.458067
2017-03-09,26.084999,25.809999,25.934999,21.392078
2017-03-10,26.139999,25.934999,26.055000,21.491064
2017-03-13,26.135000,26.014999,26.129999,21.552921
2017-03-14,26.045000,25.875000,25.905001,21.367332
2017-03-15,26.365000,25.995001,26.320000,21.709646
2017-03-16,26.415001,26.100000,26.139999,21.561172
2017-03-17,26.264999,26.145000,26.170000,21.653845
2017-03-20,26.330000,26.090000,26.315001,21.773823
2017-03-21,26.389999,25.834999,25.875000,21.409756
2017-03-22,25.969999,25.684999,25.950001,21.471807
2017-03-23,26.139999,25.850000,26.059999,21.562830
2017-03-24,26.115000,25.719999,25.830000,21.372522
2017-03-27,25.934999,25.520000,25.885000,21.418032
2017-03-28,26.275000,25.855000,26.184999,21.666256
2017-03-29,26.275000,26.115000,26.205000,21.682806
2017-03-30,26.350000,26.180000,26.209999,21.686941
2017-03-31,26.350000,26.180000,26.205000,21.682806
2017-04-03,26.320000,25.895000,26.105000,21.600065
2017-04-04,26.209999,26.014999,26.200001,21.678667
2017-04-05,26.495001,26.155001,26.180000,21.662117
2017-04-06,26.420000,26.120001,26.320000,21.777956
2017-04-07,26.385000,26.215000,26.295000,21.757273
2017-04-10,26.375000,26.200001,26.299999,21.761412
2017-04-11,26.280001,26.080000,26.230000,21.703491
2017-04-12,26.240000,25.889999,25.905001,21.434576
2017-04-13,25.905001,25.635000,25.655001,21.227720
2017-04-17,25.850000,25.674999,25.840000,21.380796
2017-04-18,25.889999,25.695000,25.809999,21.355970
2017-04-19,25.975000,25.799999,25.844999,21.384926
2017-04-20,26.235001,25.940001,26.129999,21.620747
2017-04-21,26.170000,26.030001,26.100000,21.595928
2017-04-24,26.469999,26.340000,26.400000,21.844149
2017-04-25,26.860001,26.615000,26.825001,22.195810
2017-04-26,26.910000,26.719999,26.820000,22.191669
2017-04-27,26.840000,26.584999,26.760000,22.142027
2017-04-28,26.785000,26.535000,26.535000,21.955853
2017-05-01,26.660000,26.475000,26.549999,21.968262
2017-05-02,26.635000,26.475000,26.594999,22.005505
2017-05-03,26.545000,26.260000,26.334999,21.790371
2017-05-04,26.430000,26.280001,26.365000,21.815195
2017-05-05,26.760000,26.415001,26.740000,22.125475
2017-05-08,26.715000,26.469999,26.525000,21.947578
2017-05-09,26.549999,26.290001,26.325001,21.782101
2017-05-10,26.445000,26.299999,26.410000,21.852428
2017-05-11,26.430000,26.129999,26.370001,21.819334
2017-05-12,26.385000,26.285000,26.305000,21.765549
2017-05-15,26.615000,26.385000,26.535000,21.955853
2017-05-16,26.605000,26.504999,26.540001,21.959993
2017-05-17,26.375000,25.975000,25.980000,21.496634
2017-05-18,26.059999,25.674999,25.995001,21.509045
2017-05-19,26.330000,26.040001,26.219999,21.695217
2017-05-22,26.375000,26.174999,26.250000,21.720039
2017-05-23,26.370001,26.235001,26.270000,21.736589
2017-05-24,26.504999,26.320000,26.445000,21.881384
2017-05-25,26.605000,26.355000,26.415001,21.856564
2017-05-26,26.490000,26.344999,26.465000,21.897936
2017-05-30,26.510000,26.370001,26.459999,21.893799
2017-05-31,26.545000,26.285000,26.540001,21.959993
2017-06-01,26.889999,26.520000,26.860001,22.224771
2017-06-02,26.985001,26.795000,26.924999,22.278557
2017-06-05,26.955000,26.805000,26.840000,22.208223
2017-06-06,26.930000,26.705000,26.855000,22.220633
2017-06-07,26.985001,26.805000,26.889999,22.249596
2017-06-08,27.055000,26.840000,26.969999,22.315788
2017-06-09,27.344999,27.030001,27.315001,22.601254
2017-06-12,27.430000,27.150000,27.209999,22.514372
2017-06-13,27.559999,27.195000,27.549999,22.795696
2017-06-14,27.610001,27.184999,27.260000,22.555742
2017-06-15,27.170000,26.905001,27.020000,22.357162
2017-06-16,27.025000,26.860001,27.010000,22.453594
2017-06-19,27.260000,27.110001,27.225000,22.632318
2017-06-20,27.170000,27.070000,27.075001,22.507624
2017-06-21,27.135000,26.754999,26.790001,22.270702
2017-06-22,26.920000,26.770000,26.820000,22.295641
2017-06-23,27.004999,26.780001,26.924999,22.382936
2017-06-26,27.049999,26.895000,27.004999,22.449430
2017-06-27,27.094999,26.830000,26.840000,22.312271
2017-06-28,27.150000,26.985001,27.084999,22.515942
2017-06-29,27.120001,26.690001,26.760000,22.245766
2017-06-30,27.025000,26.799999,26.905001,22.366308
2017-07-03,27.209999,26.945000,27.139999,22.561666
2017-07-05,27.180000,26.959999,27.049999,22.486843
2017-07-06,27.075001,26.850000,26.930000,22.387091
2017-07-07,27.100000,26.870001,27.070000,22.503469
2017-07-10,27.350000,26.955000,27.240000,22.644794
2017-07-11,27.270000,27.035000,27.200001,22.611538
2017-07-12,27.540001,27.299999,27.514999,22.873404
2017-07-13,27.590000,27.445000,27.485001,22.848461
2017-07-14,27.680000,27.510000,27.625000,22.964851
2017-07-17,27.750000,27.580000,27.680000,23.010569
2017-07-18,27.610001,27.459999,27.565001,22.914968
2017-07-19,27.850000,27.575001,27.830000,23.135258
2017-07-20,27.775000,27.540001,27.625000,22.964851
2017-07-21,27.635000,27.504999,27.629999,22.969002
2017-07-24,27.645000,27.490000,27.605000,22.948221
2017-07-25,27.959999,27.809999,27.900000,23.193453
2017-07-26,27.879999,27.690001,27.730000,23.052132
2017-07-27,27.809999,27.500000,27.629999,22.969002
2017-07-28,27.740000,27.424999,27.530001,22.885862
2017-07-31,27.625000,27.305000,27.320000,22.711298
2017-08-01,27.434999,27.205000,27.340000,22.727924
2017-08-02,27.405001,27.139999,27.365000,22.748705
2017-08-03,27.455000,27.129999,27.160000,22.578289
2017-08-04,27.320000,27.225000,27.290001,22.686357
2017-08-07,27.405001,27.285000,27.305000,22.698824
2017-08-08,27.275000,27.035000,27.090000,22.520096
2017-08-09,27.150000,27.025000,27.115000,22.540880
2017-08-10,27.059999,26.780001,26.805000,22.283173
2017-08-11,26.840000,26.705000,26.740000,22.229132
2017-08-14,27.035000,26.879999,26.990000,22.436962
2017-08-15,27.045000,26.915001,26.995001,22.441126
2017-08-16,27.260000,27.080000,27.260000,22.661419
2017-08-17,27.215000,26.840000,26.844999,22.316425
2017-08-18,26.975000,26.735001,26.855000,22.324739
2017-08-21,26.955000,26.815001,26.879999,22.345520
2017-08-22,27.230000,26.955000,27.230000,22.636478
2017-08-23,27.270000,27.080000,27.180000,22.594912
2017-08-24,27.225000,27.094999,27.129999,22.553349
2017-08-25,27.275000,27.160000,27.215000,22.624008
2017-08-28,27.315001,27.139999,27.254999,22.657263
2017-08-29,27.160000,27.020000,27.125000,22.549192
2017-08-30,27.355000,27.030001,27.325001,22.715454
2017-08-31,27.594999,27.424999,27.535000,22.890030
2017-09-01,27.745001,27.565001,27.715000,23.039663
2017-09-05,27.809999,27.370001,27.400000,22.777800
2017-09-06,27.510000,27.270000,27.469999,22.835995
2017-09-07,27.530001,27.340000,27.514999,22.873404
2017-09-08,27.535000,27.385000,27.504999,22.865088
2017-09-11,27.940001,27.605000,27.865000,23.164360
2017-09-12,28.195000,27.985001,28.100000,23.359716
2017-09-13,28.115000,27.950001,28.090000,23.351400
2017-09-14,28.230000,28.025000,28.184999,23.430378
2017-09-15,28.084999,27.940001,28.035000,23.431213
2017-09-18,28.219999,28.040001,28.190001,23.560759
2017-09-19,28.350000,28.160000,28.334999,23.681946
2017-09-20,28.495001,28.280001,28.434999,23.765528
2017-09-21,28.480000,28.370001,28.375000,23.715380
2017-09-22,28.365000,28.230000,28.275000,23.631804
2017-09-25,28.325001,28.125000,28.325001,23.673590
2017-09-26,28.385000,28.190001,28.200001,23.569120
2017-09-27,28.275000,27.995001,28.200001,23.569120
2017-09-28,28.405001,28.100000,28.400000,23.736273
2017-09-29,28.440001,28.264999,28.400000,23.736273
2017-10-02,28.709999,28.355000,28.709999,23.995365
2017-10-03,28.844999,28.670000,28.830000,24.095663
2017-10-04,28.924999,28.820000,28.840000,24.104019
2017-10-05,29.014999,28.860001,29.014999,24.250280
2017-10-06,28.965000,28.834999,28.950001,24.195959
2017-10-09,28.995001,28.850000,28.945000,24.191772
2017-10-10,29.055000,28.865000,28.965000,24.208490
2017-10-11,28.980000,28.830000,28.980000,24.221027
2017-10-12,29.075001,28.910000,29.035000,24.266991
2017-10-13,29.250000,29.160000,29.174999,24.384005
2017-10-16,29.320000,29.070000,29.155001,24.367289
2017-10-17,29.139999,29.004999,29.080000,24.304607
2017-10-18,29.110001,28.985001,29.010000,24.246101
2017-10-19,29.120001,28.850000,29.120001,24.338043
2017-10-20,29.370001,29.219999,29.370001,24.546988
2017-10-23,29.584999,29.299999,29.315001,24.501015
2017-10-24,29.525000,29.370001,29.480000,24.638916
2017-10-25,29.514999,29.195000,29.325001,24.509369
2017-10-26,29.809999,29.465000,29.715000,24.835331
2017-10-27,29.690001,29.389999,29.559999,24.705780
2017-10-30,29.690001,29.360001,29.420000,24.588774
2017-10-31,29.575001,29.445000,29.500000,24.655642
2017-11-01,29.740000,29.535000,29.645000,24.776827
2017-11-02,29.684999,29.365000,29.430000,24.597134
2017-11-03,29.450001,29.275000,29.415001,24.584595
2017-11-06,29.500000,29.260000,29.290001,24.480122
2017-11-07,29.379999,29.230000,29.320000,24.505201
2017-11-08,29.405001,29.270000,29.350000,24.530270
2017-11-09,29.250000,29.010000,29.100000,24.321329
2017-11-10,29.135000,28.995001,29.055000,24.283712
2017-11-13,29.245001,28.850000,29.205000,24.409081
2017-11-14,29.059999,28.865000,28.940001,24.187597
2017-11-15,28.840000,28.629999,28.764999,24.041334
2017-11-16,29.150000,28.840000,29.115000,24.333857
2017-11-17,29.250000,29.014999,29.155001,24.367289
2017-11-20,29.280001,29.090000,29.195000,24.400723
2017-11-21,29.495001,29.315001,29.350000,24.530270
2017-11-22,29.389999,29.270000,29.270000,24.463409
2017-11-24,29.455000,29.320000,29.420000,24.588774
2017-11-27,29.434999,29.240000,29.245001,24.442514
2017-11-28,29.584999,29.280001,29.570000,24.714142
2017-11-29,29.635000,29.510000,29.615000,24.751755
2017-11-30,29.985001,29.625000,29.780001,24.889656
2017-12-01,29.875000,29.309999,29.535000,24.684887
2017-12-04,30.084999,29.735001,29.840000,24.939798
2017-12-05,29.900000,29.680000,29.690001,24.814438
2017-12-06,29.700001,29.504999,29.514999,24.668165
2017-12-07,29.719999,29.424999,29.715000,24.835331
2017-12-08,29.850000,29.650000,29.715000,24.835331
2017-12-11,29.879999,29.709999,29.754999,24.868759
2017-12-12,29.855000,29.730000,29.760000,24.872934
2017-12-13,29.879999,29.770000,29.840000,24.939798
2017-12-14,29.915001,29.495001,29.510000,24.664000
2017-12-15,29.625000,29.434999,29.540001,24.810127
2017-12-18,30.000000,29.715000,29.975000,25.175480
2017-12-19,30.045000,29.915001,29.940001,25.146086
2017-12-20,30.094999,29.950001,29.950001,25.154486
2017-12-21,30.120001,29.940001,30.055000,25.242678
2017-12-22,30.195000,30.045000,30.170000,25.339258
2017-12-26,30.219999,30.125000,30.145000,25.318268
2017-12-27,30.245001,30.160000,30.184999,25.351852
2017-12-28,30.325001,30.155001,30.320000,25.465242
2017-12-29,30.434999,30.235001,30.264999,25.419052
2018-01-02,30.705000,30.344999,30.695000,25.780201
2018-01-03,30.945000,30.705000,30.910000,25.960777
2018-01-04,31.245001,31.025000,31.180000,26.187540
2018-01-05,31.465000,31.245001,31.430000,26.397518
2018-01-08,31.504999,31.320000,31.475000,26.435310
2018-01-09,31.660000,31.405001,31.424999,26.393311
2018-01-10,31.370001,31.170000,31.235001,26.233740
2018-01-11,31.645000,31.334999,31.645000,26.578083
2018-01-12,31.785000,31.584999,31.695000,26.620081
2018-01-16,31.830000,31.129999,31.325001,26.309328
2018-01-17,31.610001,31.340000,31.469999,26.431101
2018-01-18,31.565001,31.264999,31.450001,26.414309
2018-01-19,31.655001,31.465000,31.639999,26.573887
2018-01-22,31.594999,31.395000,31.565001,26.510897
2018-01-23,31.584999,31.334999,31.559999,26.506691
2018-01-24,31.855000,31.559999,31.695000,26.620081
2018-01-25,32.040001,31.775000,31.905001,26.796457
2018-01-26,32.084999,31.695000,32.044998,26.914036
2018-01-29,32.060001,31.660000,31.680000,26.607479
2018-01-30,31.695000,31.379999,31.450001,26.414309
2018-01-31,31.580000,31.264999,31.475000,26.435310
2018-02-01,31.459999,30.990000,31.045000,26.074158
2018-02-02,30.920000,30.205000,30.230000,25.389647
2018-02-05,30.434999,29.075001,29.075001,24.419584
2018-02-06,30.075001,28.570000,30.025000,25.217478
2018-02-07,30.299999,29.754999,29.754999,24.990707
2018-02-08,29.865000,28.700001,28.709999,24.113026
2018-02-09,29.405001,28.309999,29.209999,24.532974
2018-02-12,29.975000,29.355000,29.799999,25.028507
2018-02-13,29.860001,29.610001,29.725000,24.965509
2018-02-14,30.184999,29.420000,30.125000,25.301462
2018-02-15,30.370001,29.980000,30.350000,25.490435
2018-02-16,30.535000,30.105000,30.240000,25.398052
2018-02-20,30.330000,29.995001,30.105000,25.284670
2018-02-21,30.535000,29.995001,30.000000,25.196480
2018-02-22,30.480000,30.090000,30.200001,25.364462
2018-02-23,30.655001,30.219999,30.645000,25.738207
2018-02-26,30.799999,30.475000,30.780001,25.851593
2018-02-27,30.795000,30.355000,30.355000,25.494635
2018-02-28,30.469999,29.809999,29.815001,25.041100
2018-03-01,29.924999,29.290001,29.510000,24.784941
2018-03-02,29.559999,29.184999,29.480000,24.759745
2018-03-05,29.955000,29.305000,29.870001,25.087296
2018-03-06,30.424999,29.860001,30.200001,25.364462
2018-03-07,30.170000,29.830000,30.090000,25.272068
2018-03-08,30.215000,29.910000,30.115000,25.293070
2018-03-09,30.674999,30.190001,30.660000,25.750809
2018-03-12,30.844999,30.525000,30.584999,25.687811
2018-03-13,30.870001,30.424999,30.459999,25.582829
2018-03-14,30.600000,30.025000,30.084999,25.267868
2018-03-15,30.150000,29.684999,29.690001,24.936121
2018-03-16,29.735001,29.465000,29.575001,24.934433
2018-03-19,29.510000,28.934999,29.150000,24.576113
2018-03-20,29.350000,29.059999,29.120001,24.550827
2018-03-21,29.715000,29.090000,29.450001,24.829039
2018-03-22,29.320000,28.555000,28.570000,24.087124
2018-03-23,28.715000,27.985001,28.010000,23.614994
2018-03-26,28.610001,28.075001,28.584999,24.099773
2018-03-27,28.840000,28.150000,28.295000,23.855272
2018-03-28,28.450001,27.844999,27.934999,23.551762
2018-03-29,28.620001,28.040001,28.469999,24.002813
2018-04-02,28.514999,27.605000,27.850000,23.480099
2018-04-03,28.325001,27.740000,28.245001,23.813124
2018-04-04,28.455000,27.615000,28.430000,23.969091
2018-04-05,29.059999,28.520000,28.959999,24.415928
2018-04-06,28.809999,28.075001,28.254999,23.821548
2018-04-09,28.750000,28.209999,28.410000,23.952225
2018-04-10,29.155001,28.750000,28.995001,24.445436
2018-04-11,28.900000,28.670000,28.780001,24.264168
2018-04-12,29.205000,28.834999,29.084999,24.521313
2018-04-13,29.325001,28.950001,29.055000,24.496017
2018-04-16,29.490000,29.120001,29.445000,24.824831
2018-04-17,29.865000,29.504999,29.780001,25.107265
2018-04-18,30.125000,29.879999,29.995001,25.288530
2018-04-19,30.030001,29.549999,29.660000,25.006096
2018-04-20,29.754999,29.375000,29.500000,24.871193
2018-04-23,29.535000,29.334999,29.415001,24.799541
2018-04-24,29.525000,28.320000,28.620001,24.129282
2018-04-25,28.865000,28.410000,28.775000,24.259966
2018-04-26,29.075001,28.745001,28.955000,24.411716
2018-04-27,29.035000,28.674999,28.879999,24.348490
2018-04-30,29.025000,28.475000,28.504999,24.032328
2018-05-01,28.490000,28.110001,28.480000,24.011246
2018-05-02,28.635000,28.360001,28.415001,23.956440
2018-05-03,28.730000,28.145000,28.545000,24.066048
2018-05-04,29.059999,28.344999,28.900000,24.365343
2018-05-07,29.070000,28.790001,28.889999,24.356915
2018-05-08,28.950001,28.674999,28.830000,24.306324
2018-05-09,29.285000,28.940001,29.245001,24.656210
2018-05-10,29.625000,29.250000,29.455000,24.833258
2018-05-11,29.684999,29.405001,29.445000,24.824831
2018-05-14,29.655001,29.445000,29.559999,24.921789
2018-05-15,29.520000,29.230000,29.469999,24.845907
2018-05-16,29.860001,29.469999,29.820000,25.140989
2018-05-17,30.000000,29.750000,29.889999,25.200005
2018-05-18,30.014999,29.840000,29.930000,25.233727
2018-05-21,30.160000,29.985001,30.090000,25.368622
2018-05-22,30.180000,29.809999,29.840000,25.157848
2018-05-23,29.780001,29.504999,29.770000,25.098837
2018-05-24,29.820000,29.514999,29.665001,25.010315
2018-05-25,29.594999,29.400000,29.504999,24.875416
2018-05-29,29.430000,28.900000,28.995001,24.445436
2018-05-30,29.424999,29.115000,29.334999,24.732092
2018-05-31,29.415001,29.075001,29.090000,24.525534
2018-06-01,29.629999,29.305000,29.535000,24.900709
2018-06-04,29.764999,29.629999,29.705000,25.044031
2018-06-05,30.035000,29.700001,29.930000,25.233727
2018-06-06,30.495001,29.879999,30.485001,25.701637
2018-06-07,30.525000,30.195000,30.330000,25.570965
2018-06-08,30.469999,30.135000,30.415001,25.642630
2018-06-11,30.535000,30.320000,30.459999,25.680567
2018-06-12,30.605000,30.385000,30.500000,25.714287
2018-06-13,30.549999,30.135000,30.170000,25.436069
2018-06-14,30.365000,30.094999,30.215000,25.474010
2018-06-15,29.965000,29.655001,29.865000,25.296137
2018-06-18,29.844999,29.600000,29.790001,25.232613
2018-06-19,29.500000,28.995001,29.245001,24.770987
2018-06-20,29.365000,29.030001,29.150000,24.690517
2018-06-21,29.110001,28.790001,28.840000,24.427942
2018-06-22,29.330000,29.055000,29.260000,24.783693
2018-06-25,29.115000,28.570000,28.805000,24.398294
2018-06-26,29.004999,28.795000,28.915001,24.491474
2018-06-27,29.375000,28.815001,28.825001,24.415241
2018-06-28,29.004999,28.629999,28.934999,24.508413
2018-06-29,29.385000,28.995001,29.035000,24.593107
2018-07-02,28.945000,28.674999,28.879999,24.461832
2018-07-03,29.245001,28.764999,28.830000,24.419472
2018-07-05,29.105000,28.805000,29.080000,24.631233
2018-07-06,29.309999,28.895000,29.225000,24.754049
2018-07-09,29.500000,29.340000,29.485001,24.974266
2018-07-10,29.750000,29.475000,29.735001,25.186026
2018-07-11,29.510000,29.105000,29.235001,24.762514
2018-07-12,29.440001,29.184999,29.305000,24.821806
2018-07-13,29.395000,29.209999,29.290001,24.809103
2018-07-16,29.365000,28.990000,29.055000,24.610048
2018-07-17,29.535000,28.969999,29.434999,24.931915
2018-07-18,29.570000,29.160000,29.160000,24.698988
2018-07-19,29.299999,29.059999,29.264999,24.787928
2018-07-20,29.250000,29.010000,29.145000,24.686289
2018-07-23,29.145000,28.959999,28.985001,24.550762
2018-07-24,29.525000,29.190001,29.360001,24.868391
2018-07-25,29.629999,29.170000,29.590000,25.063204
2018-07-26,29.815001,29.490000,29.760000,25.207199
2018-07-27,29.875000,29.575001,29.650000,25.114031
2018-07-30,29.865000,29.545000,29.594999,25.067438
2018-07-31,29.940001,29.650000,29.865000,25.296137
2018-08-01,29.865000,29.504999,29.559999,25.037802
2018-08-02,29.379999,29.030001,29.365000,24.872623
2018-08-03,29.660000,29.445000,29.645000,25.109797
2018-08-06,29.750000,29.320000,29.635000,25.101324
2018-08-07,29.910000,29.705000,29.735001,25.186026
2018-08-08,29.844999,29.594999,29.610001,25.080149
2018-08-09,29.934999,29.705000,29.770000,25.215673
2018-08-10,29.625000,29.305000,29.340000,24.851446
2018-08-13,29.485001,28.934999,29.045000,24.601583
2018-08-14,29.445000,29.145000,29.290001,24.809103
2018-08-15,29.010000,28.510000,28.825001,24.415241
2018-08-16,29.160000,28.934999,29.000000,24.563467
2018-08-17,29.270000,28.934999,29.215000,24.745583
2018-08-20,29.475000,29.270000,29.420000,24.919216
2018-08-21,29.670000,29.430000,29.535000,25.016624
2018-08-22,29.570000,29.350000,29.385000,24.889572
2018-08-23,29.325001,29.105000,29.184999,24.720163
2018-08-24,29.605000,29.309999,29.565001,25.042028
2018-08-27,30.065001,29.625000,29.969999,25.385073
2018-08-28,30.150000,29.760000,29.855000,25.287666
2018-08-29,30.135000,29.730000,30.080000,25.478245
2018-08-30,30.080000,29.635000,29.725000,25.177549
2018-08-31,29.870001,29.570000,29.635000,25.101324
2018-09-04,29.570000,29.280001,29.430000,24.927677
2018-09-05,29.680000,29.320000,29.625000,25.092852
2018-09-06,29.860001,29.480000,29.684999,25.143671
2018-09-07,29.600000,29.295000,29.490000,24.978502
2018-09-10,29.684999,29.510000,29.525000,25.008152
2018-09-11,29.660000,29.205000,29.584999,25.058969
2018-09-12,29.735001,29.465000,29.600000,25.071676
2018-09-13,29.934999,29.700001,29.715000,25.169085
2018-09-14,29.834999,29.629999,29.705000,25.160612
2018-09-17,29.985001,29.695000,29.809999,25.249552
2018-09-18,30.000000,29.735001,29.840000,25.274960
2018-09-19,30.290001,29.870001,30.165001,25.550243
2018-09-20,30.580000,30.365000,30.490000,25.825523
2018-09-21,30.525000,30.200001,30.280001,25.769779
2018-09-24,30.219999,29.805000,29.855000,25.408085
2018-09-25,29.955000,29.665001,29.700001,25.276173
2018-09-26,29.684999,29.344999,29.405001,25.025110
2018-09-27,29.385000,29.115000,29.150000,24.808094
2018-09-28,29.110001,28.910000,28.965000,24.650652
2018-10-01,29.375000,29.125000,29.254999,24.897451
2018-10-02,29.455000,29.230000,29.379999,25.003836
2018-10-03,29.520000,29.145000,29.170000,24.825113
2018-10-04,29.160000,28.805000,29.035000,24.710217
2018-10-05,29.090000,28.700001,28.820000,24.527248
2018-10-08,28.855000,28.584999,28.805000,24.514481
2018-10-09,28.430000,27.805000,27.850000,23.701725
2018-10-10,27.879999,27.110001,27.120001,23.080469
2018-10-11,27.340000,26.709999,26.805000,22.812382
2018-10-12,27.315001,26.684999,26.879999,22.876205
2018-10-15,27.045000,26.780001,26.790001,22.799618
2018-10-16,27.280001,26.780001,27.219999,23.165565
2018-10-17,27.250000,26.870001,27.045000,23.016630
2018-10-18,27.180000,26.594999,26.740000,22.757059
2018-10-19,26.915001,26.504999,26.549999,22.595362
2018-10-22,26.760000,26.250000,26.340000,22.416645
2018-10-23,26.215000,25.514999,26.080000,22.195370
2018-10-24,26.115000,25.200001,25.254999,21.493252
2018-10-25,25.775000,25.370001,25.580000,21.769846
2018-10-26,25.695000,25.045000,25.430000,21.642189
2018-10-29,25.940001,25.110001,25.370001,21.591120
2018-10-30,26.000000,25.275000,25.950001,22.084738
2018-10-31,26.475000,26.135000,26.305000,22.386854
2018-11-01,27.110001,26.594999,27.045000,23.016630
2018-11-02,27.305000,26.625000,26.980000,22.961319
2018-11-05,27.125000,26.860001,27.059999,23.029402
2018-11-06,27.530001,27.065001,27.504999,23.408112
2018-11-07,28.014999,27.545000,28.000000,23.829384
2018-11-08,28.004999,27.735001,27.879999,23.727259
2018-11-09,27.715000,27.285000,27.490000,23.395353
2018-11-12,27.510000,27.030001,27.084999,23.050680
2018-11-13,27.434999,26.965000,27.004999,22.982588
2018-11-14,27.360001,26.834999,26.975000,22.957064
2018-11-15,27.475000,26.885000,27.344999,23.271946
2018-11-16,27.690001,27.184999,27.620001,23.505987
2018-11-19,27.709999,27.150000,27.225000,23.169817
2018-11-20,27.020000,26.610001,26.730000,22.748547
2018-11-21,27.205000,26.820000,26.945000,22.931532
2018-11-23,26.834999,26.575001,26.655001,22.684727
2018-11-26,27.055000,26.799999,26.959999,22.944290
2018-11-27,26.905001,26.450001,26.629999,22.663445
2018-11-28,27.040001,26.340000,27.040001,23.012381
2018-11-29,27.389999,26.975000,27.235001,23.178333
2018-11-30,27.385000,27.014999,27.305000,23.237907
2018-12-03,28.070000,27.490000,27.785000,23.646412
2018-12-04,27.805000,26.915001,26.959999,22.944290
2018-12-06,26.594999,25.940001,26.594999,22.633656
2018-12-07,27.000000,25.870001,25.955000,22.088989
2018-12-10,26.135000,25.555000,26.025000,22.148560
2018-12-11,26.635000,25.834999,25.940001,22.076223
2018-12-12,26.469999,26.150000,26.165001,22.267712
2018-12-13,26.330000,25.764999,25.860001,22.008142
2018-12-14,25.920000,25.565001,25.660000,21.837931
2018-12-17,25.870001,25.055000,25.219999,21.463469
2018-12-18,25.670000,25.205000,25.360001,21.582619
2018-12-19,25.895000,24.900000,25.014999,21.288998
2018-12-20,25.184999,24.430000,24.680000,21.003902
2018-12-21,25.059999,24.275000,24.299999,20.815023
2018-12-24,24.330000,23.655001,23.670000,20.275373
2018-12-26,24.740000,23.525000,24.730000,21.183359
2018-12-27,25.195000,24.320000,25.184999,21.573099
2018-12-28,25.455000,24.955000,25.049999,21.457464
2018-12-31,25.305000,24.980000,25.260000,21.637341
2019-01-02,25.485001,24.750000,25.389999,21.748701
2019-01-03,25.254999,24.620001,24.670000,21.131960
2019-01-04,25.740000,25.030001,25.639999,21.962847
2019-01-07,26.035000,25.480000,25.730000,22.039938
2019-01-08,26.040001,25.709999,26.000000,22.271221
2019-01-09,26.110001,25.764999,26.010000,22.279778
2019-01-10,26.254999,25.799999,26.240000,22.476799
2019-01-11,26.200001,25.965000,26.135000,22.386858
2019-01-14,26.075001,25.775000,25.934999,22.215544
2019-01-15,25.930000,25.605000,25.764999,22.069920
2019-01-16,26.000000,25.730000,25.865000,22.155579
2019-01-17,26.379999,25.725000,26.320000,22.545322
2019-01-18,26.879999,26.465000,26.754999,22.917938
2019-01-22,26.674999,26.230000,26.385000,22.601006
2019-01-23,26.495001,25.955000,26.205000,22.446817
2019-01-24,26.225000,25.950001,26.065001,22.326899
2019-01-25,26.705000,26.355000,26.559999,22.750908
2019-01-28,26.540001,26.290001,26.520000,22.716644
2019-01-29,26.870001,26.584999,26.795000,22.952204
2019-01-30,27.295000,26.795000,27.080000,23.196331
2019-01-31,26.790001,26.215000,26.674999,22.849417
2019-02-01,26.820000,26.540001,26.754999,22.917938
2019-02-04,26.735001,26.530001,26.709999,22.879395
2019-02-05,26.969999,26.754999,26.905001,23.046431
2019-02-06,26.879999,26.695000,26.745001,22.909378
2019-02-07,26.625000,26.160000,26.375000,22.592440
2019-02-08,26.355000,26.014999,26.350000,22.571020
2019-02-11,26.480000,26.264999,26.389999,22.605288
2019-02-12,27.014999,26.559999,26.980000,23.110678
2019-02-13,27.209999,27.004999,27.014999,23.140652
2019-02-14,27.070000,26.799999,26.875000,23.020731
2019-02-15,27.309999,27.040001,27.240000,23.333387
2019-02-19,27.540001,27.115000,27.410000,23.479004
2019-02-20,28.049999,27.420000,27.879999,23.881594
2019-02-21,27.980000,27.655001,27.770000,23.787373
2019-02-22,27.975000,27.790001,27.889999,23.890163
2019-02-25,28.150000,27.945000,28.070000,24.044352
2019-02-26,28.090000,27.900000,27.910000,23.907297
2019-02-27,27.950001,27.684999,27.865000,23.868753
2019-02-28,27.860001,27.465000,27.525000,23.577509
2019-03-01,27.870001,27.395000,27.490000,23.547533
2019-03-04,27.730000,27.195000,27.615000,23.654604
2019-03-05,27.625000,27.455000,27.485001,23.543251
2019-03-06,27.740000,27.504999,27.545000,23.594639
2019-03-07,27.490000,27.115000,27.320000,23.401911
2019-03-08,27.385000,27.030001,27.365000,23.440458
2019-03-11,27.764999,27.440001,27.754999,23.774529
2019-03-12,28.020000,27.795000,27.860001,23.864470
2019-03-13,28.170000,27.940001,27.995001,23.980106
2019-03-14,27.975000,27.719999,27.785000,23.800220
2019-03-15,27.915001,27.594999,27.700001,23.829903
2019-03-18,27.805000,27.555000,27.764999,23.885826
2019-03-19,28.075001,27.605000,27.730000,23.855709
2019-03-20,27.850000,27.440001,27.705000,23.834206
2019-03-21,28.105000,27.580000,28.000000,24.087990
2019-03-22,27.760000,27.115000,27.165001,23.369648
2019-03-25,27.360001,27.070000,27.115000,23.326633
2019-03-26,27.365000,27.084999,27.280001,23.468584
2019-03-27,27.344999,27.049999,27.245001,23.438478
2019-03-28,27.525000,27.275000,27.510000,23.666451
2019-03-29,27.760000,27.415001,27.750000,23.872919
2019-04-01,28.205000,27.910000,28.165001,24.229939
2019-04-02,28.379999,28.120001,28.260000,24.311665
2019-04-03,28.809999,28.405001,28.629999,24.629969
2019-04-04,28.930000,28.635000,28.920000,24.879450
2019-04-05,29.025000,28.825001,28.910000,24.870846
2019-04-08,28.950001,28.770000,28.920000,24.879450
2019-04-09,28.840000,28.625000,28.709999,24.698793
2019-04-10,28.790001,28.584999,28.695000,24.685890
2019-04-11,28.785000,28.600000,28.680000,24.672979
2019-04-12,29.059999,28.825001,29.059999,24.999889
2019-04-15,29.080000,28.875000,28.924999,24.883757
2019-04-16,29.059999,28.760000,29.055000,24.995586
2019-04-17,29.250000,28.865000,28.875000,24.840734
2019-04-18,28.985001,28.760000,28.910000,24.870846
2019-04-22,28.895000,28.674999,28.715000,24.703096
2019-04-23,28.934999,28.600000,28.844999,24.814924
2019-04-24,28.905001,28.665001,28.665001,24.660078
2019-04-25,28.575001,28.209999,28.299999,24.346075
2019-04-26,28.610001,28.245001,28.535000,24.548244
2019-04-29,28.559999,28.375000,28.480000,24.500927
2019-04-30,28.760000,28.410000,28.725000,24.711699
2019-05-01,28.764999,28.200001,28.205000,24.264349
2019-05-02,28.219999,27.865000,28.059999,24.139603
2019-05-03,28.350000,28.090000,28.334999,24.376183
2019-05-06,28.040001,27.660000,27.930000,24.027771
2019-05-07,27.715000,27.295000,27.440001,23.606228
2019-05-08,27.545000,27.299999,27.415001,23.584723
2019-05-09,27.305000,26.889999,27.200001,23.399761
2019-05-10,27.670000,27.035000,27.570000,23.718065
2019-05-13,27.549999,26.745001,26.950001,23.184690
2019-05-14,27.385000,26.975000,27.180000,23.382555
2019-05-15,27.305000,26.885000,27.110001,23.322336
2019-05-16,27.580000,27.315001,27.490000,23.649244
2019-05-17,27.520000,27.205000,27.325001,23.507303
2019-05-20,27.190001,26.889999,26.934999,23.171789
2019-05-21,27.389999,27.090000,27.350000,23.528805
2019-05-22,27.400000,27.160000,27.160000,23.365353
2019-05-23,26.959999,26.625000,26.745001,23.008329
2019-05-24,27.094999,26.750000,26.895000,23.137373
2019-05-28,26.975000,26.605000,26.625000,22.905098
2019-05-29,26.670000,26.350000,26.629999,22.909399
2019-05-30,26.795000,26.605000,26.674999,22.948116
2019-05-31,26.490000,26.260000,26.375000,22.690025
2019-06-03,27.215000,26.375000,27.205000,23.404060
2019-06-04,28.025000,27.340000,27.969999,24.062180
2019-06-05,28.240000,27.754999,28.174999,24.238543
2019-06-06,28.605000,28.215000,28.510000,24.526735
2019-06-07,28.870001,28.635000,28.764999,24.746101
2019-06-10,28.985001,28.790001,28.815001,24.789122
2019-06-11,29.075001,28.745001,28.795000,24.771917
2019-06-12,28.930000,28.775000,28.889999,24.853647
2019-06-13,29.094999,28.959999,29.059999,24.999889
2019-06-14,29.030001,28.834999,28.934999,24.892355
2019-06-17,28.910000,28.629999,28.670000,24.664375
2019-06-18,29.094999,28.795000,28.895000,24.857948
2019-06-19,28.905001,28.584999,28.735001,24.720299
2019-06-20,29.180000,28.850000,29.100000,25.034306
2019-06-21,28.959999,28.805000,28.834999,24.954678
2019-06-24,29.004999,28.719999,28.945000,25.049879
2019-06-25,29.075001,28.865000,28.959999,25.062864
2019-06-26,29.035000,28.870001,28.910000,25.019588
2019-06-27,29.055000,28.934999,29.004999,25.101805
2019-06-28,29.290001,29.020000,29.250000,25.313841
2019-07-01,29.480000,29.230000,29.475000,25.508562
2019-07-02,29.475000,29.254999,29.445000,25.482597
2019-07-03,29.594999,29.370001,29.594999,25.612410
2019-07-05,29.459999,29.170000,29.459999,25.495577
2019-07-08,29.405001,29.070000,29.120001,25.201330
2019-07-09,29.055000,28.770000,28.834999,24.954678
2019-07-10,29.070000,28.740000,28.775000,24.902761
2019-07-11,28.905001,28.635000,28.900000,25.010933
2019-07-12,29.195000,28.965000,29.184999,25.257582
2019-07-15,29.225000,29.075001,29.205000,25.274895
2019-07-16,29.530001,29.195000,29.275000,25.335474
2019-07-17,29.320000,29.010000,29.014999,25.110460
2019-07-18,29.165001,28.879999,29.139999,25.218643
2019-07-19,29.355000,29.115000,29.205000,25.274895
2019-07-22,29.309999,29.084999,29.129999,25.209984
2019-07-23,29.730000,29.264999,29.730000,25.729242
2019-07-24,29.764999,29.570000,29.709999,25.711939
2019-07-25,29.610001,29.190001,29.495001,25.525867
2019-07-26,29.540001,29.225000,29.530001,25.556160
2019-07-29,29.490000,29.334999,29.430000,25.469614
2019-07-30,29.645000,29.165001,29.625000,25.638372
2019-07-31,29.680000,28.905001,29.170000,25.244600
2019-08-01,29.580000,28.875000,29.004999,25.101805
2019-08-02,28.885000,28.465000,28.665001,24.807564
2019-08-05,28.514999,27.930000,28.125000,24.340225
2019-08-06,28.250000,27.820000,28.160000,24.370518
2019-08-07,28.590000,27.895000,28.549999,24.708038
2019-08-08,29.105000,28.695000,29.094999,25.179695
2019-08-09,29.025000,28.709999,28.865000,24.980642
2019-08-12,28.855000,28.360001,28.415001,24.591202
2019-08-13,29.075001,28.275000,28.719999,24.855158
2019-08-14,28.420000,27.785000,27.809999,24.067617
2019-08-15,27.969999,27.620001,27.820000,24.076275
2019-08-16,28.375000,27.905001,28.309999,24.500334
2019-08-19,28.639999,28.490000,28.535000,24.695055
2019-08-20,28.445000,28.180000,28.200001,24.405140
2019-08-21,28.455000,28.200001,28.344999,24.530622
2019-08-22,28.530001,28.090000,28.155001,24.366196
2019-08-23,28.150000,27.340000,27.475000,23.777700
2019-08-26,27.740000,27.434999,27.565001,23.855589
2019-08-27,27.840000,27.514999,27.584999,23.872892
2019-08-28,27.860001,27.415001,27.799999,24.058964
2019-08-29,28.280001,28.105000,28.155001,24.366196
2019-08-30,28.490000,28.254999,28.344999,24.530622
2019-09-03,28.184999,27.930000,28.120001,24.335901
2019-09-04,28.485001,28.280001,28.465000,24.634474
2019-09-05,28.775000,28.485001,28.510000,24.673418
2019-09-06,28.695000,28.445000,28.620001,24.768620
2019-09-09,28.695000,28.415001,28.469999,24.638802
2019-09-10,28.754999,28.395000,28.750000,24.881123
2019-09-11,29.040001,28.620001,29.025000,25.119112
2019-09-12,29.370001,29.030001,29.250000,25.313841
2019-09-13,29.660000,29.405001,29.570000,25.590769
2019-09-16,29.590000,29.055000,29.084999,25.171041
2019-09-17,29.379999,28.980000,29.320000,25.374416
2019-09-18,29.379999,29.070000,29.334999,25.387400
2019-09-19,29.555000,29.330000,29.385000,25.430666
2019-09-20,29.400000,29.040001,29.170000,25.371525
2019-09-23,29.190001,28.965000,29.100000,25.310638
2019-09-24,29.225000,28.760000,28.850000,25.093195
2019-09-25,29.055000,28.725000,29.000000,25.223660
2019-09-26,29.049999,28.805000,28.934999,25.167126
2019-09-27,29.105000,28.740000,28.855000,25.097542
2019-09-30,29.155001,28.865000,29.100000,25.310638
2019-10-01,29.245001,28.410000,28.415001,24.714842
2019-10-02,28.190001,27.639999,27.905001,24.271248
2019-10-03,28.010000,27.549999,28.004999,24.358232
2019-10-04,28.219999,28.000000,28.155001,24.488695
2019-10-07,28.344999,27.969999,28.055000,24.401724
2019-10-08,27.875000,27.555000,27.565001,23.975521
2019-10-09,27.975000,27.680000,27.875000,24.245153
2019-10-10,28.264999,27.889999,28.129999,24.466951
2019-10-11,28.940001,28.430000,28.674999,24.940987
2019-10-14,28.650000,28.455000,28.469999,24.762682
2019-10-15,28.809999,28.520000,28.670000,24.936632
2019-10-16,28.940001,28.655001,28.730000,24.988823
2019-10-17,29.025000,28.754999,28.805000,25.054060
2019-10-18,28.879999,28.639999,28.754999,25.010569
2019-10-21,28.975000,28.665001,28.665001,24.932285
2019-10-22,28.740000,28.420000,28.545000,24.827915
2019-10-23,28.850000,28.620001,28.725000,24.984472
2019-10-24,28.995001,28.660000,28.815001,25.062754
2019-10-25,29.200001,28.790001,29.129999,25.336735
2019-10-28,29.370001,29.125000,29.219999,25.415009
2019-10-29,29.535000,29.025000,29.400000,25.571575
2019-10-30,29.469999,29.170000,29.424999,25.593319
2019-10-31,29.450001,28.934999,29.094999,25.306290
2019-11-01,29.504999,29.215000,29.504999,25.662899
2019-11-04,29.795000,29.580000,29.735001,25.862949
2019-11-05,29.950001,29.670000,29.785000,25.906439
2019-11-06,29.844999,29.655001,29.764999,25.889044
2019-11-07,29.995001,29.850000,29.965000,26.062998
2019-11-08,30.090000,29.875000,30.084999,26.167374
2019-11-11,30.075001,29.870001,30.040001,26.128233
2019-11-12,30.299999,30.040001,30.195000,26.263048
2019-11-13,30.180000,29.965000,30.020000,26.110840
2019-11-14,30.230000,29.934999,30.205000,26.271751
2019-11-15,30.405001,30.100000,30.180000,26.250006
2019-11-18,30.195000,30.020000,30.105000,26.184771
2019-11-19,30.235001,29.940001,30.040001,26.128233
2019-11-20,29.980000,29.629999,29.665001,25.802071
2019-11-21,29.700001,29.540001,29.615000,25.758579
2019-11-22,29.795000,29.629999,29.665001,25.802071
2019-11-25,29.870001,29.725000,29.860001,25.971676
2019-11-26,30.045000,29.770000,30.010000,26.102142
2019-11-27,30.155001,29.905001,30.129999,26.206514
2019-11-29,30.115000,29.920000,30.020000,26.110840
2019-12-02,30.025000,29.719999,29.719999,25.849905
2019-12-03,29.565001,29.309999,29.530001,25.684649
2019-12-04,29.924999,29.530001,29.594999,25.741184
2019-12-05,29.764999,29.495001,29.745001,25.871651
2019-12-06,30.100000,29.915001,30.049999,26.136932
2019-12-09,30.155001,29.950001,29.990000,26.084742
2019-12-10,29.985001,29.754999,29.809999,25.928185
2019-12-11,30.065001,29.889999,30.035000,26.123886
2019-12-12,30.495001,30.000000,30.455000,26.489193
2019-12-13,30.620001,30.209999,30.219999,26.284794
2019-12-16,30.525000,30.320000,30.350000,26.397867
2019-12-17,30.530001,30.295000,30.395000,26.437010
2019-12-18,30.424999,30.125000,30.355000,26.402212
2019-12-19,30.504999,30.350000,30.459999,26.493544
2019-12-20,30.485001,30.305000,30.440001,26.622110
2019-12-23,30.549999,30.350000,30.525000,26.696447
2019-12-24,30.629999,30.490000,30.559999,26.727057
2019-12-26,30.695000,30.520000,30.695000,26.845119
2019-12-27,30.805000,30.565001,30.580000,26.744547
2019-12-30,30.650000,30.450001,30.485001,26.661465
2019-12-31,30.740000,30.434999,30.709999,26.858240
2020-01-02,30.969999,30.315001,30.350000,26.543396
2020-01-03,30.219999,29.850000,29.860001,26.114853
2020-01-06,29.915001,29.705000,29.730000,26.001158
2020-01-07,29.900000,29.600000,29.695000,25.970549
2020-01-08,29.920000,29.600000,29.799999,26.062376
2020-01-09,29.965000,29.815001,29.910000,26.158583
2020-01-10,30.055000,29.740000,29.790001,26.053633
2020-01-13,30.184999,29.785000,30.174999,26.390347
2020-01-14,30.235001,29.985001,30.049999,26.281019
2020-01-15,30.395000,30.040001,30.254999,26.460308
2020-01-16,30.485001,30.260000,30.434999,26.617735
2020-01-17,30.575001,30.389999,30.570000,26.735798
2020-01-21,30.415001,30.195000,30.240000,26.447195
2020-01-22,30.330000,30.105000,30.120001,26.342241
2020-01-23,30.115000,29.665001,30.084999,26.311634
2020-01-24,30.145000,29.745001,29.870001,26.123596
2020-01-27,29.434999,29.225000,29.225000,25.559500
2020-01-28,29.650000,29.305000,29.555000,25.848104
2020-01-29,29.815001,29.635000,29.650000,25.931192
2020-01-30,29.504999,29.070000,29.465000,25.769390
2020-01-31,29.215000,28.719999,28.815001,25.200918
2020-02-03,29.549999,28.900000,29.420000,25.730036
2020-02-04,30.100000,29.660000,29.940001,26.184816
2020-02-05,30.549999,29.985001,30.495001,26.670208
2020-02-06,30.645000,30.370001,30.480000,26.657093
2020-02-07,30.290001,29.940001,30.045000,26.276649
2020-02-10,30.110001,29.934999,30.030001,26.263531
2020-02-11,30.469999,30.174999,30.195000,26.407841
2020-02-12,30.420000,30.260000,30.360001,26.552141
2020-02-13,30.440001,30.170000,30.250000,26.455935
2020-02-14,30.370001,30.174999,30.254999,26.460308
2020-02-18,30.285000,30.040001,30.180000,26.394712
2020-02-19,30.375000,30.230000,30.260000,26.464685
2020-02-20,30.514999,30.090000,30.309999,26.508413
2020-02-21,30.280001,30.100000,30.170000,26.385971
2020-02-24,29.540001,29.184999,29.320000,25.642582
2020-02-25,29.350000,27.980000,28.055000,24.536243
2020-02-26,28.580000,27.915001,27.959999,24.453159
2020-02-27,27.820000,26.650000,26.650000,23.307457
2020-02-28,26.405001,25.575001,26.360001,23.053837
2020-03-02,27.495001,26.315001,27.490000,24.042103
2020-03-03,28.070000,26.885000,27.250000,23.832211
2020-03-04,28.395000,27.344999,28.379999,24.820480
2020-03-05,27.870001,27.309999,27.480000,24.033360
2020-03-06,26.990000,26.245001,26.764999,23.408041
2020-03-09,25.764999,24.180000,24.260000,21.217226
2020-03-10,25.280001,24.020000,25.245001,22.078686
2020-03-11,24.594999,23.709999,24.045000,21.029188
2020-03-12,23.254999,21.184999,21.730000,19.004539
2020-03-13,23.270000,21.600000,23.254999,20.338272
2020-03-16,21.615000,18.844999,20.695000,18.099365
2020-03-17,22.200001,20.415001,21.975000,19.218813
2020-03-18,21.395000,19.209999,20.570000,17.990036
2020-03-19,21.424999,19.785000,21.094999,18.449190
2020-03-20,21.305000,20.010000,20.340000,17.788881
2020-03-23,20.219999,19.080000,19.174999,16.882053
2020-03-24,21.570000,20.215000,21.430000,18.867395
2020-03-25,22.815001,21.129999,21.930000,19.307604
2020-03-26,23.070000,22.145000,22.959999,20.214439
2020-03-27,22.605000,21.934999,22.129999,19.483690
2020-03-30,22.924999,22.219999,22.834999,20.104389
2020-03-31,23.084999,22.430000,22.520000,19.827053
2020-04-01,22.120001,21.445000,21.504999,18.933426
2020-04-02,22.365000,21.434999,21.830000,19.219564
2020-04-03,22.125000,21.209999,21.305000,18.757349
2020-04-06,23.059999,22.219999,22.889999,20.152815
2020-04-07,24.315001,23.385000,23.500000,20.689865
2020-04-08,24.760000,23.485001,24.650000,21.702349
2020-04-09,25.850000,24.895000,25.709999,22.635595
2020-04-13,25.580000,24.795000,25.145000,22.138157
2020-04-14,25.834999,25.209999,25.469999,22.424295
2020-04-15,24.684999,24.105000,24.299999,21.394203
2020-04-16,24.395000,23.760000,24.160000,21.270945
2020-04-17,25.209999,24.725000,25.129999,22.124952
2020-04-20,25.090000,24.440001,24.510000,21.579092
2020-04-21,24.174999,23.795000,23.905001,21.046440
2020-04-22,24.559999,24.135000,24.375000,21.460241
2020-04-23,25.045000,24.514999,24.545000,21.609907
2020-04-24,25.000000,24.475000,24.930000,21.948868
2020-04-27,25.690001,24.969999,25.594999,22.534344
2020-04-28,26.225000,25.750000,26.070000,22.952543
2020-04-29,26.870001,26.500000,26.735001,23.538025
2020-04-30,26.315001,25.900000,25.940001,22.838093
2020-05-01,25.600000,25.160000,25.395000,22.358261
2020-05-04,25.520000,24.950001,25.485001,22.437510
2020-05-05,25.895000,25.495001,25.549999,22.494724
2020-05-06,25.815001,25.084999,25.110001,22.107346
2020-05-07,25.855000,25.325001,25.625000,22.560757
2020-05-08,26.275000,25.915001,26.240000,23.102217
2020-05-11,25.959999,25.575001,25.840000,22.750051
2020-05-12,26.090000,25.445000,25.445000,22.402285
2020-05-13,25.424999,24.680000,24.910000,21.931261
2020-05-14,25.215000,24.160000,25.215000,22.199789
2020-05-15,25.455000,24.930000,25.434999,22.393478
2020-05-18,26.805000,26.245001,26.594999,23.414766
2020-05-19,26.709999,26.315001,26.340000,23.190260
2020-05-20,27.049999,26.684999,26.760000,23.560034
2020-05-21,26.825001,26.405001,26.504999,23.335531
2020-05-22,26.514999,26.260000,26.465000,23.300318
2020-05-26,27.334999,26.969999,27.190001,23.938618
2020-05-27,27.645000,27.115000,27.465000,24.180733
2020-05-28,27.945000,27.450001,27.719999,24.405239
2020-05-29,27.820000,27.395000,27.725000,24.409641
2020-06-01,28.014999,27.695000,27.915001,24.576921
2020-06-02,28.459999,27.975000,28.420000,25.021530
2020-06-03,29.275000,28.740000,29.065001,25.589401
2020-06-04,29.250000,28.900000,29.170000,25.681847
2020-06-05,30.145000,29.820000,29.915001,26.337763
2020-06-08,30.125000,29.690001,29.955000,26.372974
2020-06-09,29.785000,29.415001,29.590000,26.051624
2020-06-10,29.715000,29.135000,29.254999,25.756683
2020-06-11,28.510000,26.879999,26.995001,23.766935
2020-06-12,28.045000,27.000000,27.520000,24.229156
2020-06-15,27.975000,26.645000,27.809999,24.484478
2020-06-16,28.895000,27.955000,28.389999,24.995125
2020-06-17,28.600000,28.075001,28.155001,24.788223
2020-06-18,28.334999,28.000000,28.174999,24.805830
2020-06-19,28.695000,27.889999,28.090000,24.730999
2020-06-22,28.155001,27.684999,28.040001,24.822617
2020-06-23,28.485001,28.094999,28.105000,24.880159
2020-06-24,27.834999,27.205000,27.285000,24.154247
2020-06-25,27.655001,26.965000,27.625000,24.455235
2020-06-26,27.570000,27.080000,27.245001,24.118841
2020-06-29,27.895000,27.410000,27.775000,24.588026
2020-06-30,28.340000,27.600000,28.174999,24.942125
2020-07-01,28.330000,27.850000,28.235001,24.995243
2020-07-02,29.000000,28.570000,28.764999,25.464430
2020-07-06,29.340000,28.799999,29.174999,25.827385
2020-07-07,29.270000,28.945000,29.184999,25.836241
2020-07-08,29.389999,28.445000,28.770000,25.468855
2020-07-09,28.945000,28.180000,28.500000,25.229834
2020-07-10,29.030001,28.545000,28.995001,25.668039
2020-07-13,29.584999,28.975000,28.995001,25.668039
2020-07-14,29.764999,28.900000,29.725000,26.314278
2020-07-15,30.350000,30.020000,30.225000,26.756907
2020-07-16,30.555000,30.174999,30.325001,26.845434
2020-07-17,30.660000,30.430000,30.580000,27.071175
2020-07-20,30.645000,30.264999,30.315001,26.836578
2020-07-21,30.730000,30.504999,30.580000,27.071175
2020-07-22,30.945000,30.520000,30.934999,27.385441
2020-07-23,31.145000,30.625000,30.840000,27.301340
2020-07-24,30.895000,30.559999,30.735001,27.208389
2020-07-27,31.295000,30.834999,31.180000,27.602327
2020-07-28,31.084999,30.465000,30.495001,26.995926
2020-07-29,30.834999,30.545000,30.745001,27.217241
2020-07-30,30.375000,29.900000,30.150000,26.690510
2020-07-31,30.254999,29.799999,30.180000,26.717070
2020-08-03,30.344999,30.004999,30.010000,26.566574
2020-08-04,30.504999,29.830000,30.434999,26.942810
2020-08-05,31.205000,30.635000,30.879999,27.336746
2020-08-06,30.920000,30.629999,30.750000,27.221664
2020-08-07,30.860001,30.445000,30.855000,27.314615
2020-08-10,31.155001,30.840000,31.155001,27.580194
2020-08-11,31.605000,31.040001,31.100000,27.531506
2020-08-12,31.510000,31.209999,31.285000,27.695284
2020-08-13,31.400000,31.094999,31.280001,27.690859
2020-08-14,31.440001,31.100000,31.315001,27.721838
2020-08-17,31.680000,31.325001,31.455000,27.845778
2020-08-18,31.615000,31.295000,31.325001,27.730690
2020-08-19,31.520000,31.145000,31.235001,27.651016
2020-08-20,31.145000,30.915001,31.125000,27.553635
2020-08-21,31.000000,30.775000,30.945000,27.394293
2020-08-24,31.495001,31.235001,31.490000,27.876762
2020-08-25,31.705000,31.230000,31.365000,27.766104
2020-08-26,31.750000,31.254999,31.695000,28.058233
2020-08-27,31.870001,31.514999,31.610001,27.982990
2020-08-28,32.014999,31.620001,31.985001,28.314962
2020-08-31,32.005001,31.495001,31.495001,27.881182
2020-09-01,32.415001,31.370001,32.380001,28.664635
2020-09-02,33.165001,32.305000,33.115002,29.315304
2020-09-03,33.070000,31.860001,32.200001,28.505289
2020-09-04,32.560001,31.735001,32.220001,28.522995
2020-09-08,31.924999,31.375000,31.615000,27.987411
2020-09-09,32.645000,31.985001,32.430000,28.708900
2020-09-10,32.709999,32.064999,32.125000,28.438898
2020-09-11,32.695000,32.230000,32.535000,28.801851
2020-09-14,33.099998,32.674999,33.005001,29.217922
2020-09-15,33.384998,33.150002,33.165001,29.359566
2020-09-16,33.570000,33.095001,33.189999,29.381691
2020-09-17,33.505001,32.665001,33.435001,29.598585
2020-09-18,33.540001,32.825001,32.860001,29.089569
2020-09-21,32.075001,31.240000,31.605000,28.110300
2020-09-22,31.745001,31.405001,31.665001,28.163668
2020-09-23,31.635000,30.709999,30.735001,27.336500
2020-09-24,31.270000,30.465000,30.955000,27.532173
2020-09-25,31.330000,30.555000,31.230000,27.776760
2020-09-28,31.995001,31.545000,31.735001,28.225927
2020-09-29,31.855000,31.415001,31.500000,28.016911
2020-09-30,32.080002,31.570000,31.820000,28.301531
2020-10-01,32.119999,31.264999,31.370001,27.901289
2020-10-02,31.895000,30.920000,31.650000,28.150326
2020-10-05,32.470001,31.895000,32.255001,28.688431
2020-10-06,32.680000,31.790001,31.850000,28.328209
2020-10-07,32.755001,32.205002,32.669998,29.057537
2020-10-08,33.125000,32.830002,33.000000,29.351053
2020-10-09,33.400002,33.049999,33.255001,29.577854
2020-10-12,33.485001,33.180000,33.200001,29.528934
2020-10-13,33.150002,32.779999,32.904999,29.266554
2020-10-14,33.215000,32.895000,33.000000,29.351053
2020-10-15,32.945000,32.500000,32.904999,29.266554
2020-10-16,33.290001,33.005001,33.134998,29.471128
2020-10-19,33.360001,32.650002,32.750000,29.128695
2020-10-20,33.174999,32.724998,32.825001,29.195400
2020-10-21,33.205002,32.700001,32.700001,29.084215
2020-10-22,32.919998,32.360001,32.880001,29.244320
2020-10-23,33.240002,32.834999,33.000000,29.351053
2020-10-26,32.590000,31.924999,32.174999,28.617271
2020-10-27,32.230000,31.850000,31.870001,28.345999
2020-10-28,31.395000,30.850000,30.969999,27.545515
2020-10-29,31.855000,30.770000,31.610001,28.114752
2020-10-30,31.719999,31.090000,31.590000,28.096962
2020-11-02,32.755001,31.980000,32.639999,29.030859
2020-11-03,33.320000,32.805000,33.150002,29.484468
2020-11-04,33.205002,32.285000,32.584999,28.981939
2020-11-05,34.169998,33.310001,33.915001,30.164871
2020-11-06,34.305000,33.860001,34.000000,30.240477
2020-11-09,36.205002,34.715000,34.764999,30.920893
2020-11-10,35.255001,34.865002,35.174999,31.285549
2020-11-11,35.200001,34.415001,34.650002,30.818609
2020-11-12,34.520000,33.700001,33.919998,30.169329
2020-11-13,34.605000,34.165001,34.505001,30.689640
2020-11-16,35.230000,34.790001,35.185001,31.294439
2020-11-17,35.134998,34.610001,35.055000,31.178820
2020-11-18,35.275002,34.750000,34.764999,30.920893
2020-11-19,34.965000,34.400002,34.910000,31.049864
2020-11-20,35.040001,34.724998,34.880001,31.023176
2020-11-23,35.384998,35.009998,35.169998,31.281101
2020-11-24,36.150002,35.455002,36.044998,32.059357
2020-11-25,35.994999,35.605000,35.669998,31.725821
2020-11-27,35.985001,35.685001,35.855000,31.890360
2020-11-30,35.834999,35.305000,35.494999,31.570166
2020-12-01,36.165001,35.720001,35.884998,31.917032
2020-12-02,35.900002,35.360001,35.424999,31.507910
2020-12-03,35.645000,35.099998,35.180000,31.289999
2020-12-04,35.895000,35.320000,35.889999,31.921501
2020-12-07,35.970001,35.529999,35.654999,31.712475
2020-12-08,35.939999,35.445000,35.855000,31.890360
2020-12-09,36.064999,35.535000,35.875000,31.908148
2020-12-10,35.959999,35.535000,35.654999,31.712475
2020-12-11,35.615002,35.185001,35.450001,31.530142
2020-12-14,35.814999,34.985001,35.000000,31.129902
2020-12-15,35.724998,35.244999,35.634998,31.694691
2020-12-16,35.764999,35.384998,35.535000,31.605738
2020-12-17,35.974998,35.735001,35.945000,31.970407
2020-12-18,36.195000,35.674999,36.105000,32.112720
2020-12-21,35.825001,35.000000,35.735001,31.942444
2020-12-22,35.775002,35.465000,35.514999,31.745790
2020-12-23,35.939999,35.544998,35.564999,31.790466
2020-12-24,35.790001,35.455002,35.790001,31.991596
2020-12-28,36.169998,35.634998,35.650002,31.866457
2020-12-29,35.919998,35.384998,35.564999,31.790466
2020-12-30,36.130001,35.665001,36.055000,32.228474
2020-12-31,36.255001,35.810001,36.195000,32.353622
2021-01-04,36.700001,35.645000,35.849998,32.045238
2021-01-05,36.755001,35.790001,36.654999,32.764797
2021-01-06,38.424999,37.009998,38.154999,34.105595
2021-01-07,38.695000,38.299999,38.439999,34.360352
2021-01-08,38.544998,37.779999,38.255001,34.194996
2021-01-11,38.410000,37.549999,38.255001,34.194996
2021-01-12,38.884998,38.095001,38.740002,34.628525
2021-01-13,38.790001,38.185001,38.345001,34.275440
2021-01-14,38.505001,38.169998,38.215000,34.159237
2021-01-15,37.930000,37.275002,37.669998,33.672073
2021-01-19,38.075001,37.639999,37.799999,33.788280
2021-01-20,38.040001,37.764999,37.924999,33.900005
2021-01-21,37.955002,37.355000,37.369999,33.403915
2021-01-22,37.340000,36.889999,37.189999,33.243019
2021-01-25,37.145000,36.345001,36.994999,33.068707
2021-01-26,37.365002,36.474998,36.485001,32.612839
2021-01-27,35.924999,35.005001,35.410000,31.651924
2021-01-28,36.244999,35.669998,36.020000,32.197189
2021-01-29,36.055000,35.139999,35.320000,31.571474
2021-02-01,35.799999,35.160000,35.735001,31.942444
2021-02-02,36.384998,35.799999,36.205002,32.362568
2021-02-03,36.490002,36.139999,36.275002,32.425133
2021-02-04,36.340000,35.834999,36.145000,32.308929
2021-02-05,36.814999,36.419998,36.764999,32.863121
2021-02-08,37.200001,36.974998,37.070000,33.135750
2021-02-09,37.119999,36.705002,36.794998,32.889938
2021-02-10,37.075001,36.520000,36.755001,32.854179
2021-02-11,37.000000,36.474998,36.790001,32.885468
2021-02-12,37.189999,36.660000,37.169998,33.225136
2021-02-16,37.435001,37.044998,37.099998,33.162567
2021-02-17,37.150002,36.599998,37.080002,33.144691
2021-02-18,37.025002,36.680000,36.849998,32.939106
2021-02-19,37.689999,37.049999,37.525002,33.542461
2021-02-22,37.825001,37.355000,37.669998,33.672073
2021-02-23,37.900002,36.980000,37.799999,33.788280
2021-02-24,38.290001,37.680000,38.130001,34.083252
2021-02-25,38.119999,37.099998,37.250000,33.296646
2021-02-26,37.270000,36.535000,36.775002,32.872047
2021-03-01,37.904999,37.259998,37.705002,33.703358
2021-03-02,38.259998,37.790001,37.915001,33.891075
2021-03-03,38.044998,37.535000,37.540001,33.555866
2021-03-04,37.630001,36.169998,36.810001,32.903366
2021-03-05,37.779999,36.410000,37.654999,33.658665
2021-03-08,38.730000,37.715000,38.160000,34.110069
2021-03-09,38.705002,38.134998,38.395000,34.320129
2021-03-10,39.334999,38.560001,39.029999,34.887737
2021-03-11,39.555000,39.215000,39.240002,35.075447
2021-03-12,39.369999,39.130001,39.345001,35.169308
2021-03-15,39.415001,38.915001,39.389999,35.209526
2021-03-16,39.395000,38.845001,39.064999,34.919022
2021-03-17,39.509998,38.935001,39.415001,35.231876
2021-03-18,39.770000,39.119999,39.195000,35.035217
2021-03-19,39.264999,38.540001,39.000000,34.860916
2021-03-22,39.020000,38.544998,38.860001,34.882469
2021-03-23,38.715000,37.915001,38.049999,34.155373
2021-03-24,38.860001,38.220001,38.325001,34.402214
2021-03-25,38.950001,37.950001,38.880001,34.900417
2021-03-26,39.875000,39.115002,39.845001,35.766647
2021-03-29,40.084999,39.485001,39.709999,35.645470
2021-03-30,39.805000,39.490002,39.595001,35.542233
2021-03-31,39.790001,39.299999,39.400002,35.367195
2021-04-01,39.775002,39.224998,39.744999,35.676880
2021-04-05,40.380001,39.959999,40.235001,36.116737
2021-04-06,40.470001,40.130001,40.325001,36.197510
2021-04-07,40.330002,39.544998,39.630001,35.573650
2021-04-08,39.759998,39.349998,39.680000,35.618530
2021-04-09,40.035000,39.654999,40.025002,35.928226
2021-04-12,40.209999,39.990002,40.165001,36.053883
2021-04-13,40.189999,39.889999,40.070000,35.968609
2021-04-14,40.525002,40.084999,40.360001,36.228939
2021-04-15,40.910000,40.400002,40.834999,36.655308
2021-04-16,41.439999,41.160000,41.330002,37.099651
2021-04-19,41.404999,40.910000,41.139999,36.929092
2021-04-20,41.145000,40.595001,40.744999,36.574528
2021-04-21,41.535000,40.705002,41.485001,37.238781
2021-04-22,41.435001,40.735001,40.785000,36.610420
2021-04-23,41.590000,40.814999,41.455002,37.211849
2021-04-26,41.939999,41.535000,41.700001,37.431770
2021-04-27,41.709999,41.334999,41.590000,37.333035
2021-04-28,41.880001,41.529999,41.705002,37.436256
2021-04-29,41.985001,41.535000,41.965000,37.669647
2021-04-30,41.980000,41.424999,41.520000,37.270195
2021-05-03,42.389999,41.845001,42.139999,37.826740
2021-05-04,42.599998,41.830002,42.599998,38.239655
2021-05-05,43.209999,42.770000,43.139999,38.724384
2021-05-06,43.529999,42.799999,43.505001,39.052021
2021-05-07,44.020000,43.325001,43.935001,39.438019
2021-05-10,44.605000,43.735001,43.740002,39.262962
2021-05-11,43.945000,43.090000,43.884998,39.393127
2021-05-12,43.820000,42.730000,42.779999,38.401234
2021-05-13,43.564999,42.744999,43.435001,38.989189
2021-05-14,44.070000,43.590000,43.955002,39.455959
2021-05-17,44.419998,43.759998,44.340000,39.801559
2021-05-18,44.439999,43.820000,43.849998,39.361706
2021-05-19,43.369999,42.689999,43.180000,38.760284
2021-05-20,43.395000,43.035000,43.205002,38.782730
2021-05-21,43.759998,43.275002,43.299999,38.868011
2021-05-24,43.855000,43.375000,43.685001,39.213596
2021-05-25,43.869999,43.264999,43.314999,38.881474
2021-05-26,43.465000,43.035000,43.330002,38.894932
2021-05-27,43.889999,43.560001,43.674999,39.204613
2021-05-28,43.825001,43.455002,43.630001,39.164234
2021-06-01,44.310001,43.939999,44.240002,39.711796
2021-06-02,44.310001,43.814999,43.869999,39.379658
2021-06-03,43.880001,43.325001,43.860001,39.370689
2021-06-04,44.110001,43.775002,43.955002,39.455959
2021-06-07,43.974998,43.224998,43.419998,38.975723
2021-06-08,43.680000,43.115002,43.500000,39.047535
2021-06-09,43.540001,43.150002,43.160000,38.742340
2021-06-10,43.549999,42.895000,42.900002,38.508945
2021-06-11,43.365002,42.830002,43.060001,38.652573
2021-06-14,43.044998,42.299999,42.529999,38.176815
2021-06-15,42.619999,42.139999,42.439999,38.096024
2021-06-16,42.459999,41.875000,41.970001,37.674145
2021-06-17,41.855000,40.535000,41.035000,36.834835
2021-06-18,40.779999,40.369999,40.369999,36.237915
2021-06-21,41.090000,40.650002,41.029999,36.990246
2021-06-22,41.375000,40.904999,41.195000,37.138988
2021-06-23,41.419998,40.924999,40.930000,36.900078
2021-06-24,41.299999,40.924999,41.060001,37.017296
2021-06-25,41.450001,41.029999,41.064999,37.021805
2021-06-28,41.230000,40.744999,41.064999,37.021805
2021-06-29,41.465000,40.945000,41.044998,37.003765
2021-06-30,41.215000,40.924999,41.154999,37.102932
2021-07-01,41.540001,41.169998,41.380001,37.305782
2021-07-02,41.490002,41.160000,41.439999,37.359875
2021-07-06,41.435001,40.540001,40.825001,36.805424
2021-07-07,41.285000,40.735001,41.250000,37.188583
2021-07-08,40.910000,40.334999,40.689999,36.683720
2021-07-09,41.599998,41.134998,41.490002,37.404945
2021-07-12,41.750000,41.084999,41.625000,37.526665
2021-07-13,41.645000,41.115002,41.244999,37.184071
2021-07-14,41.625000,41.040001,41.160000,37.107449
2021-07-15,41.439999,40.924999,41.165001,37.111958
2021-07-16,41.270000,40.470001,40.544998,36.552994
2021-07-19,39.865002,39.340000,39.674999,35.768650
2021-07-20,40.415001,39.445000,40.125000,36.174343
2021-07-21,40.695000,40.355000,40.564999,36.571022
2021-07-22,40.700001,40.244999,40.580002,36.584541
2021-07-23,40.904999,40.419998,40.865002,36.841492
2021-07-26,41.250000,40.875000,41.209999,37.152512
2021-07-27,41.450001,40.564999,41.264999,37.202099
2021-07-28,41.535000,40.985001,41.384998,37.310299
2021-07-29,41.994999,41.575001,41.840000,37.720497
2021-07-30,42.270000,41.759998,42.009998,37.873745
2021-08-02,42.455002,41.500000,41.500000,37.413963
2021-08-03,41.935001,41.185001,41.930000,37.801636
2021-08-04,41.980000,41.509998,41.529999,37.441010
2021-08-05,42.009998,41.430000,41.470001,37.386925
2021-08-06,42.125000,41.674999,42.070000,37.927856
2021-08-09,42.125000,41.680000,42.020000,37.882778
2021-08-10,42.820000,42.005001,42.654999,38.455254
2021-08-11,43.290001,42.785000,43.255001,38.996170
2021-08-12,43.299999,42.799999,43.185001,38.933067
2021-08-13,43.314999,43.145000,43.224998,38.969124
2021-08-16,43.064999,42.555000,43.009998,38.775288
2021-08-17,42.825001,42.020000,42.514999,38.329033
2021-08-18,42.619999,41.994999,42.020000,37.882778
2021-08-19,41.830002,41.419998,41.645000,37.544685
2021-08-20,41.980000,41.595001,41.889999,37.765575
2021-08-23,42.365002,42.020000,42.250000,38.090122
2021-08-24,42.645000,42.384998,42.514999,38.329033
2021-08-25,42.849998,42.235001,42.709999,38.504833
2021-08-26,42.750000,42.395000,42.415001,38.238888
2021-08-27,43.099998,42.584999,42.974998,38.743744
2021-08-30,43.230000,42.930000,42.930000,38.703171
2021-08-31,42.904999,42.599998,42.805000,38.590473
2021-09-01,42.865002,42.325001,42.695000,38.491306
2021-09-02,43.055000,42.805000,42.970001,38.739235
2021-09-03,43.049999,42.674999,42.685001,38.482281
2021-09-07,42.564999,42.345001,42.404999,38.229866
2021-09-08,42.320000,41.855000,42.000000,37.864731
2021-09-09,42.299999,41.880001,42.014999,37.878265
2021-09-10,42.525002,41.980000,42.005001,37.869247
2021-09-13,42.500000,41.730000,41.994999,37.860229
2021-09-14,42.169998,41.445000,41.535000,37.445518
2021-09-15,42.025002,41.560001,41.974998,37.842197
2021-09-16,41.855000,41.220001,41.520000,37.432003
2021-09-17,41.365002,40.535000,40.665001,36.661175
2021-09-20,39.895000,39.185001,39.709999,35.956715
2021-09-21,40.025002,39.445000,39.615002,35.870697
2021-09-22,40.424999,39.994999,40.025002,36.241947
2021-09-23,40.869999,40.285000,40.595001,36.758064
2021-09-24,40.750000,40.314999,40.535000,36.703739
2021-09-27,41.080002,40.634998,40.849998,36.988960
2021-09-28,40.810001,40.220001,40.345001,36.531700
2021-09-29,40.430000,40.099998,40.180000,36.382298
2021-09-30,40.465000,39.544998,39.555000,35.816368
2021-10-01,40.400002,39.445000,40.185001,36.386829
2021-10-04,40.485001,39.724998,40.009998,36.228348
2021-10-05,40.590000,39.849998,40.365002,36.549812
2021-10-06,40.290001,39.529999,40.290001,36.481903
2021-10-07,41.259998,40.634998,40.814999,36.957275
2021-10-08,41.014999,40.514999,40.590000,36.753540
2021-10-11,41.189999,40.590000,40.595001,36.758064
2021-10-12,40.840000,40.500000,40.650002,36.807877
2021-10-13,41.139999,40.465000,40.955002,37.084045
2021-10-14,42.009998,41.240002,41.950001,37.985001
2021-10-15,42.290001,41.970001,42.075001,38.098179
2021-10-18,42.125000,41.639999,42.044998,38.071014
2021-10-19,42.264999,41.915001,42.264999,38.270222
2021-10-20,42.654999,42.200001,42.605000,38.578087
2021-10-21,42.509998,42.055000,42.494999,38.478481
2021-10-22,42.865002,42.415001,42.415001,38.406044
2021-10-25,43.020000,42.424999,42.840000,38.790878
2021-10-26,43.134998,42.560001,42.959999,38.899532
2021-10-27,42.869999,42.314999,42.345001,38.342663
2021-10-28,42.845001,42.384998,42.764999,38.722961
2021-10-29,42.915001,42.404999,42.560001,38.537338
2021-11-01,42.915001,42.509998,42.660000,38.627888
2021-11-02,43.230000,42.689999,43.145000,39.067039
2021-11-03,43.779999,43.105000,43.595001,39.474514
2021-11-04,43.755001,43.384998,43.570000,39.451874
2021-11-05,44.029999,43.634998,43.910000,39.759739
2021-11-08,44.615002,44.305000,44.459999,40.257763
2021-11-09,44.665001,44.294998,44.665001,40.443375
2021-11-10,44.825001,44.270000,44.360001,40.167210
2021-11-11,44.900002,44.465000,44.715000,40.488651
2021-11-12,45.075001,44.730000,45.049999,40.791985
2021-11-15,45.084999,44.685001,44.845001,40.606369
2021-11-16,44.994999,44.689999,44.720001,40.493187
2021-11-17,44.764999,44.389999,44.424999,40.226063
2021-11-18,44.544998,44.145000,44.235001,40.054024
2021-11-19,44.419998,44.009998,44.154999,39.981586
2021-11-22,44.700001,44.154999,44.224998,40.044971
2021-11-23,44.584999,44.044998,44.270000,40.085712
2021-11-24,44.134998,43.860001,43.955002,39.800488
2021-11-26,43.404999,42.735001,43.200001,39.116859
2021-11-29,43.625000,43.115002,43.400002,39.297939
2021-11-30,43.290001,42.244999,42.325001,38.324551
2021-12-01,43.365002,41.875000,41.895000,37.935184
2021-12-02,42.924999,41.955002,42.750000,38.709385
2021-12-03,43.279999,42.275002,42.654999,38.623367
2021-12-06,43.619999,42.930000,43.279999,39.189285
2021-12-07,44.215000,43.775002,43.939999,39.786903
2021-12-08,44.224998,43.869999,44.125000,39.954418
2021-12-09,44.090000,43.700001,43.880001,39.732578
2021-12-10,44.320000,43.860001,44.150002,39.977066
2021-12-13,44.224998,43.740002,43.884998,39.737103
2021-12-14,44.209999,43.720001,43.840000,39.696354
2021-12-15,43.990002,43.180000,43.935001,39.782387
2021-12-16,44.669998,44.200001,44.384998,40.189850
2021-12-17,44.355000,43.799999,43.830002,39.687298
2021-12-20,43.014999,42.285000,42.830002,38.978348
2021-12-21,43.540001,43.105000,43.369999,39.469791
2021-12-22,43.750000,43.264999,43.715000,39.783772
2021-12-23,44.299999,43.720001,44.154999,40.184193
2021-12-27,44.825001,44.230000,44.820000,40.789402
2021-12-28,45.130001,44.790001,45.080002,41.026016
2021-12-29,45.345001,45.000000,45.264999,41.194374
2021-12-30,45.540001,45.070000,45.105000,41.048771
2021-12-31,45.419998,45.014999,45.305000,41.230778
2022-01-03,45.415001,44.610001,44.715000,40.693836
2022-01-04,45.435001,44.825001,45.264999,41.194374
2022-01-05,46.154999,45.244999,45.259998,41.189823
2022-01-06,45.365002,44.625000,44.689999,40.671093
2022-01-07,44.820000,44.455002,44.650002,40.634682
2022-01-10,44.514999,43.775002,44.195000,40.220596
2022-01-11,44.695000,43.880001,44.680000,40.661991
2022-01-12,45.224998,44.680000,45.130001,41.071529
2022-01-13,45.294998,44.669998,44.779999,40.752991
2022-01-14,44.485001,43.869999,44.400002,40.407169
2022-01-18,43.994999,43.474998,43.814999,39.874779
2022-01-19,44.250000,43.685001,43.705002,39.774673
2022-01-20,44.139999,43.020000,43.070000,39.196774
2022-01-21,42.974998,41.880001,42.020000,38.241199
2022-01-24,42.154999,40.455002,42.044998,38.263950
2022-01-25,42.020000,40.700001,41.665001,37.918125
2022-01-26,42.349998,40.814999,41.230000,37.522243
2022-01-27,42.235001,40.980000,41.369999,37.649654
2022-01-28,41.625000,40.615002,41.610001,37.868069
2022-01-31,42.255001,41.320000,42.224998,38.427769
2022-02-01,42.974998,42.209999,42.875000,39.019306
2022-02-02,43.200001,42.634998,43.009998,39.142170
2022-02-03,42.945000,42.189999,42.259998,38.459614
2022-02-04,42.025002,41.314999,41.560001,37.822575
2022-02-07,41.744999,41.215000,41.355000,37.636005
2022-02-08,42.070000,41.435001,41.994999,38.218445
2022-02-09,42.974998,42.395000,42.910000,39.051163
2022-02-10,43.610001,42.450001,42.660000,38.823647
2022-02-11,42.834999,41.860001,42.000000,38.223003
2022-02-14,42.070000,41.340000,41.654999,37.909016
2022-02-15,42.485001,41.900002,42.419998,38.605228
2022-02-16,42.820000,42.294998,42.730000,38.887356
2022-02-17,42.419998,41.855000,42.000000,38.223003
2022-02-18,42.310001,41.695000,41.930000,38.159290
2022-02-22,41.910000,40.994999,41.334999,37.617798
2022-02-23,41.750000,40.744999,40.805000,37.135468
2022-02-24,40.799999,39.689999,40.685001,37.026260
2022-02-25,42.189999,40.834999,42.169998,38.377705
2022-02-28,41.974998,41.285000,41.689999,37.940880
2022-03-01,41.895000,40.485001,40.730000,37.067200
2022-03-02,41.855000,40.884998,41.625000,37.881721
2022-03-03,42.145000,41.255001,41.674999,37.927223
2022-03-04,41.549999,40.840000,41.529999,37.795265
2022-03-07,41.445000,40.084999,40.090000,36.484764
2022-03-08,40.724998,39.645000,39.884998,36.298195
2022-03-09,41.365002,40.325001,41.119999,37.422127
2022-03-10,41.285000,40.639999,41.230000,37.522243
2022-03-11,41.639999,40.889999,40.924999,37.244671
2022-03-14,41.455002,40.660000,40.865002,37.190060
2022-03-15,41.415001,40.610001,41.334999,37.617798
2022-03-16,42.380001,41.139999,41.985001,38.209358
2022-03-17,42.810001,41.790001,42.790001,38.941956
2022-03-18,43.125000,42.465000,43.049999,39.178566
2022-03-21,43.435001,42.959999,43.244999,39.504238
2022-03-22,43.755001,43.320000,43.480000,39.718903
2022-03-23,43.575001,43.224998,43.279999,39.536201
2022-03-24,44.169998,43.514999,44.150002,40.330956
2022-03-25,44.669998,44.169998,44.645000,40.783131
2022-03-28,44.509998,44.005001,44.445000,40.600437
2022-03-29,44.820000,44.150002,44.820000,40.942997
2022-03-30,44.915001,44.455002,44.669998,40.805969
2022-03-31,44.820000,44.070000,44.075001,40.262444
2022-04-01,44.705002,44.070000,44.540001,40.687218
2022-04-04,44.615002,44.154999,44.549999,40.696350
2022-04-05,44.830002,44.064999,44.195000,40.372051
2022-04-06,43.924999,43.305000,43.685001,39.906178
2022-04-07,44.150002,43.435001,43.970001,40.166519
2022-04-08,44.529999,43.994999,44.240002,40.413174
2022-04-11,44.490002,43.965000,44.020000,40.212196
2022-04-12,44.605000,43.849998,44.029999,40.221325
2022-04-13,44.700001,43.939999,44.680000,40.815105
2022-04-14,45.060001,44.505001,44.529999,40.678082
2022-04-18,44.834999,44.419998,44.570000,40.714619
2022-04-19,45.084999,44.334999,44.990002,41.098282
2022-04-20,45.450001,44.974998,45.275002,41.358639
2022-04-21,45.744999,44.410000,44.535000,40.682648
2022-04-22,44.174999,42.790001,42.869999,39.161678
2022-04-25,42.860001,41.570000,42.750000,39.052055
2022-04-26,43.180000,42.070000,42.090000,38.449146
2022-04-27,43.195000,42.334999,42.709999,39.015514
2022-04-28,43.535000,42.195000,43.384998,39.632122
2022-04-29,43.884998,42.410000,42.514999,38.837379
2022-05-02,42.750000,41.564999,42.384998,38.718628
2022-05-03,43.099998,42.330002,42.860001,39.152534
2022-05-04,44.279999,42.744999,44.250000,40.422298
2022-05-05,44.084999,42.415001,42.880001,39.170811
2022-05-06,42.540001,41.564999,42.264999,38.609009
2022-05-09,41.869999,40.814999,40.930000,37.389488
2022-05-10,41.720001,40.189999,40.674999,37.156548
2022-05-11,41.785000,40.605000,40.695000,37.174812
2022-05-12,41.025002,39.880001,40.619999,37.106300
2022-05-13,41.654999,40.945000,41.244999,37.677235
2022-05-16,41.500000,40.695000,41.169998,37.608719
2022-05-17,42.400002,41.669998,42.334999,38.672943
2022-05-18,42.025002,40.845001,41.020000,37.471699
2022-05-19,41.794998,40.700001,41.310001,37.736618
2022-05-20,41.875000,40.310001,41.209999,37.645256
2022-05-23,42.064999,41.450001,41.965000,38.334957
2022-05-24,41.869999,41.009998,41.724998,38.115723
2022-05-25,42.090000,41.419998,41.910000,38.284710
2022-05-26,42.895000,42.119999,42.680000,38.988110
2022-05-27,43.695000,42.970001,43.680000,39.901608
2022-05-31,43.430000,42.869999,43.014999,39.294132
2022-06-01,43.220001,42.169998,42.584999,38.901325
2022-06-02,43.759998,42.945000,43.759998,39.974682
2022-06-03,43.680000,43.180000,43.334999,39.586449
2022-06-06,43.919998,43.509998,43.744999,39.960987
2022-06-07,44.115002,43.259998,44.060001,40.248734
2022-06-08,43.974998,43.049999,43.145000,39.412880
2022-06-09,42.959999,42.110001,42.125000,38.481117
2022-06-10,41.380001,40.779999,40.834999,37.302708
2022-06-13,39.880001,39.009998,39.240002,35.845673
2022-06-14,39.465000,38.634998,38.939999,35.571617
2022-06-15,39.485001,38.220001,38.930000,35.562489
2022-06-16,37.990002,37.205002,37.525002,34.279030
2022-06-17,37.730000,36.810001,37.459999,34.219646
2022-06-21,37.939999,37.474998,37.764999,34.737049
2022-06-22,37.645000,36.845001,37.279999,34.290936
2022-06-23,37.340000,36.384998,36.770000,33.821827
2022-06-24,38.240002,36.980000,38.230000,35.164761
2022-06-27,38.330002,37.799999,37.915001,34.875023
2022-06-28,38.494999,37.450001,37.509998,34.502495
2022-06-29,37.645000,36.855000,37.240002,34.254143
2022-06-30,37.139999,36.290001,36.799999,33.849419
2022-07-01,37.115002,36.095001,37.060001,34.088577
2022-07-05,36.320000,35.555000,36.314999,33.403309
2022-07-06,36.650002,35.880001,36.544998,33.614868
2022-07-07,37.250000,36.764999,36.869999,33.913799
2022-07-08,36.985001,36.314999,36.509998,33.582672
2022-07-11,36.575001,36.075001,36.410000,33.490688
2022-07-12,36.820000,36.209999,36.340000,33.426304
2022-07-13,36.340000,35.564999,36.130001,33.233147
2022-07-14,35.494999,34.990002,35.465000,32.621460
2022-07-15,36.145000,35.580002,36.020000,33.131954
2022-07-18,36.660000,35.970001,36.105000,33.210144
2022-07-19,37.290001,36.465000,37.205002,34.221954
2022-07-20,37.435001,36.994999,37.270000,34.281734
2022-07-21,37.810001,37.035000,37.799999,34.769241
2022-07-22,38.224998,37.360001,37.529999,34.520893
2022-07-25,37.735001,37.380001,37.685001,34.663467
2022-07-26,37.650002,37.285000,37.430000,34.428905
2022-07-27,38.029999,36.985001,37.880001,34.842831
2022-07-28,38.590000,37.974998,38.549999,35.459110
2022-07-29,39.169998,38.674999,39.064999,35.932816
2022-08-01,38.910000,38.470001,38.750000,35.643074
2022-08-02,38.895000,38.139999,38.355000,35.279739
2022-08-03,38.660000,38.070000,38.395000,35.316536
2022-08-04,38.750000,38.224998,38.419998,35.339535
2022-08-05,38.720001,38.060001,38.555000,35.463718
2022-08-08,39.320000,38.744999,38.770000,35.661472
2022-08-09,38.849998,38.445000,38.580002,35.486710
2022-08-10,39.900002,39.320000,39.674999,36.493912
2022-08-11,40.314999,39.759998,39.810001,36.618076
2022-08-12,40.570000,39.860001,40.560001,37.307957
2022-08-15,40.595001,39.994999,40.535000,37.284954
2022-08-16,40.935001,40.415001,40.759998,37.491913
2022-08-17,40.395000,39.985001,40.200001,36.976814
2022-08-18,40.424999,40.064999,40.325001,37.091785
2022-08-19,40.105000,39.439999,39.584999,36.411118
2022-08-22,39.169998,38.814999,38.955002,35.831635
2022-08-23,39.535000,38.959999,39.340000,36.185768
2022-08-24,39.570000,39.180000,39.424999,36.263943
2022-08-25,40.334999,39.695000,40.320000,37.087193
2022-08-26,40.445000,39.055000,39.084999,35.951214
2022-08-29,39.130001,38.560001,38.810001,35.698257
2022-08-30,38.935001,37.950001,38.174999,35.114170
2022-08-31,38.240002,37.689999,37.705002,34.681862
2022-09-01,37.314999,36.755001,37.209999,34.226555
2022-09-02,38.055000,37.009998,37.174999,34.194355
2022-09-06,37.525002,36.895000,37.060001,34.088577
2022-09-07,38.150002,36.875000,38.084999,35.031387
2022-09-08,38.485001,37.570000,38.455002,35.371727
2022-09-09,39.145000,38.735001,39.035000,35.905220
2022-09-12,39.590000,39.160000,39.400002,36.240959
2022-09-13,38.830002,37.900002,37.994999,34.948608
2022-09-14,37.865002,37.165001,37.529999,34.520893
2022-09-15,37.775002,36.970001,37.035000,34.065578
2022-09-16,36.590000,36.055000,36.450001,33.527481
2022-09-19,36.895000,35.805000,36.845001,34.082497
2022-09-20,36.345001,35.875000,36.145000,33.434986
2022-09-21,36.480000,35.340000,35.355000,32.704216
2022-09-22,35.599998,34.904999,34.930000,32.311077
2022-09-23,34.375000,33.705002,34.215000,31.649679
2022-09-26,34.404999,33.490002,33.660000,31.136293
2022-09-27,34.285000,33.424999,33.735001,31.205671
2022-09-28,34.764999,33.785000,34.605000,32.010441
2022-09-29,34.275002,33.599998,34.095001,31.538687
2022-09-30,34.634998,33.900002,34.005001,31.455431
2022-10-03,35.369999,34.355000,35.110001,32.477577
2022-10-04,36.439999,35.755001,36.400002,33.670864
2022-10-05,36.285000,35.584999,35.990002,33.291595
2022-10-06,36.090000,35.520000,35.610001,32.940090
2022-10-07,35.389999,34.505001,34.730000,32.126072
2022-10-10,35.009998,34.575001,34.805000,32.195454
2022-10-11,35.099998,34.290001,34.535000,31.945688
2022-10-12,34.580002,34.255001,34.275002,31.705185
2022-10-13,35.439999,33.430000,35.279999,32.634834
2022-10-14,35.584999,34.029999,34.090000,31.534056
2022-10-17,35.174999,34.735001,34.939999,32.320335
2022-10-18,36.000000,35.230000,35.625000,32.953964
2022-10-19,35.660000,34.990002,35.205002,32.565456
2022-10-20,35.889999,34.865002,34.950001,32.329578
2022-10-21,36.209999,34.849998,36.160000,33.448845
2022-10-24,36.500000,35.880001,35.950001,33.254597
2022-10-25,36.865002,35.930000,36.840000,34.077866
2022-10-26,37.485001,36.790001,37.099998,34.318371
2022-10-27,37.445000,36.935001,37.005001,34.230503
2022-10-28,37.450001,36.709999,37.375000,34.572758
2022-10-31,37.474998,36.985001,37.040001,34.262871
2022-11-01,37.634998,36.825001,37.134998,34.350750
2022-11-02,37.605000,36.154999,36.169998,33.458107
2022-11-03,36.695000,35.634998,36.445000,33.712486
2022-11-04,37.990002,37.064999,37.709999,34.882648
2022-11-07,38.029999,37.549999,38.005001,35.155525
2022-11-08,39.040001,38.119999,38.660000,35.761414
2022-11-09,38.825001,37.950001,38.035000,35.183273
2022-11-10,40.169998,39.389999,40.139999,37.130447
2022-11-11,41.090000,40.505001,40.625000,37.579082
2022-11-14,41.130001,40.450001,40.570000,37.528210
2022-11-15,41.040001,40.110001,40.509998,37.472713
2022-11-16,40.485001,40.035000,40.115002,37.107330
2022-11-17,39.755001,39.240002,39.730000,36.751183
2022-11-18,40.134998,39.625000,39.994999,36.996315
2022-11-21,40.264999,39.619999,40.130001,37.121193
2022-11-22,41.049999,40.340000,41.040001,37.962971
2022-11-23,41.240002,40.895000,41.200001,38.110973
2022-11-25,41.215000,41.049999,41.185001,38.097099
2022-11-28,40.900002,40.185001,40.264999,37.246071
2022-11-29,40.619999,40.290001,40.400002,37.370964
2022-11-30,41.389999,40.040001,41.375000,38.272854
2022-12-01,41.705002,41.064999,41.424999,38.319111
2022-12-02,41.990002,40.884998,41.880001,38.739994
2022-12-05,41.730000,40.985001,41.049999,37.972225
2022-12-06,41.325001,40.389999,40.685001,37.634590
2022-12-07,40.994999,40.494999,40.595001,37.551338
2022-12-08,41.105000,40.764999,40.895000,37.828838
2022-12-09,41.145000,40.480000,40.490002,37.454212
2022-12-12,40.849998,40.369999,40.840000,37.777966
2022-12-13,42.180000,41.110001,41.404999,38.300598
2022-12-14,41.500000,40.645000,40.959999,37.888969
2022-12-15,40.305000,39.610001,39.709999,36.732685
2022-12-16,39.660000,39.150002,39.540001,36.575439
2022-12-19,39.435001,38.590000,38.775002,36.100159
2022-12-20,39.259998,38.830002,39.029999,36.337555
2022-12-21,39.535000,39.139999,39.369999,36.654099
2022-12-22,39.090000,38.330002,38.990002,36.300323
2022-12-23,39.270000,38.775002,39.259998,36.551697
2022-12-27,39.555000,39.125000,39.294998,36.584286
2022-12-28,39.435001,38.665001,38.695000,36.025673
2022-12-29,39.279999,38.910000,39.115002,36.416691
2022-12-30,38.974998,38.514999,38.840000,36.160667
2023-01-03,39.160000,38.445000,38.799999,36.123432
2023-01-04,39.584999,38.970001,39.474998,36.751862
2023-01-05,39.070000,38.570000,38.849998,36.169971
2023-01-06,40.275002,39.209999,40.185001,37.412888
2023-01-09,40.980000,40.305000,40.439999,37.650299
2023-01-10,40.875000,40.230000,40.845001,38.027359
2023-01-11,41.505001,41.029999,41.485001,38.623203
2023-01-12,41.759998,41.165001,41.639999,38.767513
2023-01-13,41.980000,41.365002,41.895000,39.004925
2023-01-17,42.044998,41.435001,41.474998,38.613888
2023-01-18,41.915001,40.869999,40.889999,38.069252
2023-01-19,40.744999,40.255001,40.575001,37.775978
2023-01-20,41.419998,40.465000,41.389999,38.534760
2023-01-23,41.700001,41.134998,41.525002,38.660450
2023-01-24,41.610001,40.950001,41.549999,38.683723
2023-01-25,41.650002,40.955002,41.634998,38.762856
2023-01-26,41.855000,41.154999,41.834999,38.949062
2023-01-27,41.994999,41.509998,41.700001,38.823376
2023-01-30,41.939999,41.360001,41.415001,38.558033
2023-01-31,42.340000,41.445000,42.325001,39.405258
2023-02-01,42.950001,41.805000,42.605000,39.665943
2023-02-02,42.595001,41.834999,42.470001,39.540260
2023-02-03,42.340000,41.645000,41.705002,38.828030
2023-02-06,41.500000,41.025002,41.244999,38.399757
2023-02-07,41.904999,41.169998,41.799999,38.916470
2023-02-08,41.980000,41.435001,41.465000,38.604584
2023-02-09,41.875000,40.680000,40.865002,38.045975
2023-02-10,41.075001,40.529999,41.014999,38.185631
2023-02-13,41.314999,40.820000,41.230000,38.385788
2023-02-14,41.439999,40.849998,41.325001,38.474243
2023-02-15,41.514999,40.939999,41.505001,38.641819
2023-02-16,41.514999,40.830002,41.035000,38.204250
2023-02-17,40.790001,40.430000,40.650002,37.845814
2023-02-21,40.580002,39.919998,39.980000,37.222027
2023-02-22,40.480000,39.955002,40.279999,37.501335
2023-02-23,40.599998,39.730000,40.325001,37.543221
2023-02-24,40.650002,39.435001,40.595001,37.794601
2023-02-27,41.115002,40.689999,40.730000,37.920284
2023-02-28,41.180000,40.645000,40.915001,38.092522
2023-03-01,41.634998,41.000000,41.235001,38.390453
2023-03-02,41.805000,40.924999,41.705002,38.828030
2023-03-03,42.325001,41.654999,42.299999,39.381985
2023-03-06,42.134998,41.544998,41.615002,38.744244
2023-03-07,41.459999,40.650002,40.794998,37.980801
2023-03-08,41.095001,40.674999,40.994999,38.167007
2023-03-09,41.160000,39.814999,39.939999,37.184780
2023-03-10,39.965000,38.880001,39.090000,36.393421
2023-03-13,39.220001,38.400002,38.689999,36.021011
2023-03-14,39.639999,38.759998,39.185001,36.481865
2023-03-15,38.259998,37.384998,37.915001,35.299477
2023-03-16,38.400002,37.439999,38.349998,35.704472
2023-03-17,38.224998,37.689999,37.755001,35.150517
2023-03-20,38.384998,37.884998,38.365002,35.873787
2023-03-21,38.994999,38.570000,38.830002,36.308586
2023-03-22,39.055000,38.130001,38.139999,35.663399
2023-03-23,38.860001,37.799999,38.095001,35.621323
2023-03-24,38.494999,37.529999,38.404999,35.911186
2023-03-27,38.965000,38.410000,38.689999,36.177685
2023-03-28,38.939999,38.645000,38.875000,36.350670
2023-03-29,39.439999,39.240002,39.415001,36.855614
2023-03-30,39.849998,39.540001,39.685001,37.108082
2023-03-31,40.349998,39.689999,40.330002,37.711193
2023-04-03,40.689999,40.285000,40.584999,37.949635
2023-04-04,40.505001,39.845001,40.000000,37.402618
2023-04-05,39.965000,39.549999,39.910000,37.318462
2023-04-06,39.855000,39.520000,39.814999,37.229630
2023-04-10,40.075001,39.619999,40.005001,37.407295
2023-04-11,40.535000,40.169998,40.314999,37.697166
2023-04-12,40.685001,40.275002,40.345001,37.725224
2023-04-13,40.895000,40.285000,40.759998,38.113266
2023-04-14,40.945000,40.259998,40.465000,37.837421
2023-04-17,40.709999,40.375000,40.700001,38.057171
2023-04-18,41.005001,40.680000,40.869999,38.216129
2023-04-19,40.790001,40.500000,40.755001,38.108597
2023-04-20,40.840000,40.455002,40.709999,38.066521
2023-04-21,40.595001,40.125000,40.349998,37.729897
2023-04-24,40.634998,40.365002,40.625000,37.987041
2023-04-25,40.240002,39.724998,39.744999,37.164177
2023-04-26,39.720001,39.145000,39.275002,36.724705
2023-04-27,39.825001,39.165001,39.810001,37.224964
2023-04-28,40.345001,39.685001,40.275002,37.659767
2023-05-01,40.520000,40.180000,40.255001,37.641056
2023-05-02,39.935001,39.230000,39.865002,37.276394
2023-05-03,40.119999,39.410000,39.424999,36.864956
2023-05-04,39.764999,39.075001,39.169998,36.626514
2023-05-05,39.970001,39.564999,39.830002,37.243660
2023-05-08,40.130001,39.639999,39.700001,37.122101
2023-05-09,39.544998,39.180000,39.340000,36.785480
2023-05-10,39.814999,38.935001,39.365002,36.808857
2023-05-11,39.110001,38.794998,38.980000,36.448856
2023-05-12,39.224998,38.715000,39.049999,36.514313
2023-05-15,39.410000,39.005001,39.380001,36.822880
2023-05-16,39.209999,38.715000,38.730000,36.215088
2023-05-17,39.139999,38.735001,38.985001,36.453537
2023-05-18,39.255001,38.619999,39.215000,36.668602
2023-05-19,39.514999,39.099998,39.314999,36.762100
2023-05-22,39.505001,39.044998,39.110001,36.570419
2023-05-23,38.930000,38.424999,38.505001,36.004696
2023-05-24,38.375000,37.990002,38.064999,35.593273
2023-05-25,38.115002,37.720001,37.930000,35.467033
2023-05-26,38.360001,37.950001,38.119999,35.644699
2023-05-30,38.160000,37.625000,37.915001,35.453011
2023-05-31,37.825001,37.355000,37.509998,35.074306
2023-06-01,38.119999,37.529999,38.009998,35.541840
2023-06-02,39.375000,38.700001,39.285000,36.734047
2023-06-05,39.695000,39.110001,39.255001,36.705994
2023-06-06,39.605000,39.070000,39.505001,36.939770
2023-06-07,40.009998,39.415001,39.974998,37.379242
2023-06-08,40.110001,39.555000,39.830002,37.243660
2023-06-09,39.735001,39.349998,39.500000,36.935089
2023-06-12,39.730000,39.264999,39.680000,37.103397
2023-06-13,40.625000,39.895000,40.599998,37.963657
2023-06-14,40.955002,40.215000,40.430000,37.804699
2023-06-15,40.935001,40.345001,40.775002,38.127304
2023-06-16,40.895000,40.580002,40.875000,38.220802
2023-06-20,40.349998,39.900002,40.125000,37.703529
2023-06-21,40.424999,39.814999,40.255001,37.825668
2023-06-22,40.195000,39.779999,40.160000,37.736416
2023-06-23,39.910000,39.535000,39.834999,37.431026
2023-06-26,40.305000,39.849998,40.250000,37.820980
2023-06-27,40.849998,40.220001,40.820000,38.356579
2023-06-28,40.720001,40.355000,40.540001,38.093479
2023-06-29,41.070000,40.340000,41.049999,38.572693
2023-06-30,41.540001,41.119999,41.435001,38.934467
2023-07-03,41.770000,41.345001,41.590000,39.080120
2023-07-05,41.174999,40.485001,40.564999,38.116974
2023-07-06,40.294998,39.654999,40.270000,37.839775
2023-07-07,41.025002,40.189999,40.619999,38.168648
2023-07-10,40.855000,40.294998,40.610001,38.159260
2023-07-11,41.040001,40.674999,41.009998,38.535114
2023-07-12,41.674999,41.205002,41.549999,39.042526
2023-07-13,41.924999,41.540001,41.875000,39.347919
2023-07-14,41.895000,41.445000,41.630001,39.117706
2023-07-17,41.755001,41.415001,41.669998,39.155289
2023-07-18,42.119999,41.514999,41.994999,39.460670
2023-07-19,42.049999,41.639999,41.770000,39.249252
2023-07-20,41.965000,41.580002,41.869999,39.343212
2023-07-21,41.939999,41.540001,41.875000,39.347919
2023-07-24,42.080002,41.740002,42.005001,39.470070
2023-07-25,42.919998,42.174999,42.759998,40.179508
2023-07-26,42.730000,42.279999,42.615002,40.043251
2023-07-27,42.889999,42.299999,42.340000,39.784855
2023-07-28,42.805000,42.415001,42.634998,40.062054
2023-07-31,42.930000,42.615002,42.860001,40.273472
2023-08-01,42.845001,42.500000,42.669998,40.094933
2023-08-02,42.525002,42.084999,42.139999,39.596924
2023-08-03,42.230000,41.805000,41.880001,39.352612
2023-08-04,42.395000,41.750000,41.785000,39.263348
2023-08-07,42.130001,41.755001,42.060001,39.521748
2023-08-08,41.695000,41.169998,41.615002,39.103607
2023-08-09,41.860001,41.389999,41.445000,38.943863
2023-08-10,41.889999,41.380001,41.474998,38.972054
2023-08-11,41.570000,41.215000,41.360001,38.864002
2023-08-14,41.455002,41.035000,41.450001,38.948555
2023-08-15,41.139999,40.685001,40.775002,38.314301
2023-08-16,40.915001,40.485001,40.500000,38.055897
2023-08-17,41.035000,40.380001,40.419998,37.980724
2023-08-18,40.509998,40.095001,40.415001,37.976028
2023-08-21,40.575001,40.125000,40.419998,37.980724
2023-08-22,40.680000,40.264999,40.384998,37.947830
2023-08-23,40.590000,40.279999,40.450001,38.008907
2023-08-24,40.630001,40.224998,40.279999,37.849171
2023-08-25,40.584999,40.060001,40.400002,37.961933
2023-08-28,40.889999,40.490002,40.695000,38.239128
2023-08-29,41.389999,40.580002,41.369999,38.873390
2023-08-30,41.540001,41.299999,41.465000,38.962658
2023-08-31,41.639999,41.400002,41.445000,38.943863
2023-09-01,42.020000,41.750000,41.910000,39.380795
2023-09-05,41.880001,41.134998,41.134998,38.652573
2023-09-06,41.235001,40.724998,41.044998,38.568001
2023-09-07,41.025002,40.555000,40.860001,38.394165
2023-09-08,41.075001,40.775002,40.900002,38.431751
2023-09-11,41.365002,40.994999,41.075001,38.596195
2023-09-12,41.169998,40.889999,40.980000,38.506927
2023-09-13,41.044998,40.625000,40.740002,38.281414
2023-09-14,41.400002,41.014999,41.314999,38.821705
2023-09-15,41.380001,40.790001,40.855000,38.389473
2023-09-18,40.700001,40.365002,40.490002,38.229916
2023-09-19,40.645000,40.105000,40.455002,38.196854
2023-09-20,40.709999,40.005001,40.029999,37.795578
2023-09-21,39.775002,39.209999,39.224998,37.035515
2023-09-22,39.525002,39.115002,39.185001,36.997746
2023-09-25,39.514999,39.009998,39.494999,37.290443
2023-09-26,39.465000,38.814999,38.924999,36.752258
2023-09-27,39.174999,38.689999,38.919998,36.747540
2023-09-28,39.480000,38.990002,39.340000,37.144093
2023-09-29,39.720001,39.169998,39.275002,37.082729
2023-10-02,39.174999,38.490002,38.755001,36.591751
2023-10-03,39.139999,38.360001,38.650002,36.492619
2023-10-04,39.169998,38.580002,39.105000,36.922211
2023-10-05,39.215000,38.395000,38.630001,36.473732
2023-10-06,39.264999,38.389999,38.994999,36.818356
2023-10-09,39.160000,38.580002,39.044998,36.865559
2023-10-10,39.785000,39.209999,39.459999,37.257397
2023-10-11,39.779999,39.224998,39.555000,37.347099
2023-10-12,39.724998,38.665001,38.965000,36.790028
2023-10-13,39.330002,38.650002,38.820000,36.653118
2023-10-16,39.459999,38.980000,39.200001,37.011909
2023-10-17,39.720001,38.915001,39.584999,37.375420
2023-10-18,39.325001,38.509998,38.560001,36.407631
2023-10-19,38.740002,38.060001,38.110001,35.982746
2023-10-20,38.169998,37.634998,37.650002,35.548431
2023-10-23,37.619999,37.165001,37.230000,35.151878
2023-10-24,37.895000,37.470001,37.669998,35.567314
2023-10-25,37.660000,37.200001,37.230000,35.151878
2023-10-26,37.830002,37.380001,37.490002,35.397358
2023-10-27,37.755001,37.384998,37.474998,35.383194
2023-10-30,38.009998,37.590000,37.860001,35.746708
2023-10-31,38.139999,37.700001,38.029999,35.907211
2023-11-01,38.134998,37.660000,38.049999,35.926102
2023-11-02,38.799999,38.275002,38.785000,36.620075
2023-11-03,39.665001,39.105000,39.395000,37.196022
2023-11-06,39.430000,39.115002,39.200001,37.011909
2023-11-07,38.849998,38.389999,38.439999,36.294331
2023-11-08,38.665001,38.310001,38.560001,36.407631
2023-11-09,38.825001,38.205002,38.230000,36.096054
2023-11-10,38.709999,38.215000,38.680000,36.520935
2023-11-13,38.785000,38.404999,38.625000,36.469002
2023-11-14,39.945000,39.070000,39.764999,37.545372
2023-11-15,40.305000,39.814999,39.939999,37.710602
2023-11-16,40.105000,39.825001,40.060001,37.823917
2023-11-17,40.270000,40.014999,40.134998,37.894718
2023-11-20,40.330002,39.860001,40.205002,37.960812
2023-11-21,40.509998,40.294998,40.360001,38.107162
2023-11-22,40.445000,40.180000,40.384998,38.130764
2023-11-24,40.695000,40.389999,40.560001,38.296001
2023-11-27,40.555000,40.235001,40.509998,38.248779
2023-11-28,40.810001,40.389999,40.590000,38.324322
2023-11-29,40.985001,40.705002,40.799999,38.522602
2023-11-30,41.240002,40.689999,41.205002,38.904999
2023-12-01,41.820000,41.169998,41.674999,39.348766
2023-12-04,41.630001,41.169998,41.189999,38.890831
2023-12-05,41.009998,40.529999,40.625000,38.357368
2023-12-06,40.939999,40.505001,40.540001,38.277115
2023-12-07,40.860001,40.575001,40.814999,38.536766
2023-12-08,41.160000,40.785000,40.965000,38.678391
2023-12-11,41.259998,40.814999,41.255001,38.952209
2023-12-12,41.799999,41.294998,41.494999,39.178810
2023-12-13,42.020000,40.939999,42.000000,39.655624
2023-12-14,42.930000,42.255001,42.695000,40.311821
2023-12-15,42.849998,42.459999,42.584999,40.207958
2023-12-18,42.700001,42.325001,42.355000,40.270245
2023-12-19,42.845001,42.584999,42.744999,40.641041
2023-12-20,42.735001,42.080002,42.090000,40.018284
2023-12-21,42.544998,42.250000,42.535000,40.441376
2023-12-22,42.895000,42.619999,42.799999,40.693329
2023-12-26,43.125000,42.799999,43.000000,40.883488
2023-12-27,43.150002,42.869999,43.105000,40.983322
2023-12-28,43.105000,42.904999,42.939999,40.826443
2023-12-29,42.889999,42.685001,42.770000,40.664818
2024-01-02,42.764999,42.400002,42.695000,40.593502
2024-01-03,42.450001,41.939999,42.235001,40.156143
2024-01-04,42.360001,42.020000,42.099998,40.027794
2024-01-05,42.404999,41.935001,42.169998,40.094345
2024-01-08,42.360001,41.799999,42.349998,40.265488
2024-01-09,42.080002,41.730000,41.865002,39.804356
2024-01-10,41.849998,41.610001,41.810001,39.752064
2024-01-11,41.860001,41.380001,41.685001,39.633217
2024-01-12,42.020000,41.544998,41.724998,39.671249
2024-01-16,41.544998,41.145000,41.244999,39.214870
2024-01-17,41.090000,40.764999,40.945000,38.929646
2024-01-18,41.134998,40.730000,41.075001,39.053242
2024-01-19,41.189999,40.720001,41.115002,39.091274
2024-01-22,41.310001,40.880001,41.235001,39.205372
2024-01-23,41.555000,41.215000,41.369999,39.333717
2024-01-24,41.500000,40.785000,40.810001,38.801289
2024-01-25,41.259998,40.884998,41.240002,39.210129
2024-01-26,41.490002,41.169998,41.255001,39.224392
2024-01-29,41.474998,41.035000,41.459999,39.419285
2024-01-30,41.845001,41.294998,41.650002,39.599934
2024-01-31,41.770000,41.064999,41.105000,39.081768
2024-02-01,41.855000,41.235001,41.790001,39.733051
2024-02-02,41.744999,41.090000,41.544998,39.500103
2024-02-05,40.744999,40.369999,40.490002,38.497040
2024-02-06,41.294998,40.820000,41.205002,39.176849
2024-02-07,41.650002,41.419998,41.535000,39.490601
2024-02-08,41.599998,41.185001,41.480000,39.438305
2024-02-09,41.590000,41.264999,41.570000,39.523876
2024-02-12,42.095001,41.634998,41.900002,39.837639
2024-02-13,41.619999,41.009998,41.310001,39.276672
2024-02-14,41.654999,41.310001,41.575001,39.528633
2024-02-15,42.424999,41.805000,42.360001,40.274990
2024-02-16,42.875000,42.494999,42.584999,40.488918
2024-02-20,42.630001,42.369999,42.494999,40.403351
2024-02-21,42.755001,42.325001,42.730000,40.626781
2024-02-22,43.224998,42.755001,43.160000,41.035618
2024-02-23,43.480000,43.145000,43.415001,41.278065
2024-02-26,43.334999,43.105000,43.154999,41.030865
2024-02-27,43.424999,43.189999,43.314999,41.182991
2024-02-28,43.610001,43.075001,43.450001,41.311348
2024-02-29,43.900002,43.564999,43.779999,41.625099
2024-03-01,44.090000,43.744999,43.980000,41.815254
2024-03-04,44.375000,43.980000,44.299999,42.119511
2024-03-05,44.435001,43.915001,44.064999,41.896069
2024-03-06,44.544998,44.240002,44.389999,42.205078
2024-03-07,45.145000,44.735001,44.935001,42.723244
2024-03-08,45.099998,44.665001,44.674999,42.476044
2024-03-11,45.369999,44.724998,45.180000,42.956184
2024-03-12,45.235001,44.955002,45.174999,42.951439
2024-03-13,45.830002,45.314999,45.619999,43.374531
2024-03-14,45.599998,45.180000,45.380001,43.146347
2024-03-15,45.599998,45.055000,45.400002,43.165356
2024-03-18,45.680000,45.299999,45.320000,43.244083
2024-03-19,45.404999,45.130001,45.325001,43.248852
2024-03-20,45.945000,45.200001,45.779999,43.683014
2024-03-21,46.040001,45.720001,45.970001,43.864307
2024-03-22,45.980000,45.660000,45.685001,43.592373
2024-03-25,45.884998,45.619999,45.700001,43.606678
2024-03-26,45.860001,45.634998,45.665001,43.573284
2024-03-27,46.334999,45.740002,46.320000,44.198280
2024-03-28,46.605000,46.235001,46.445000,44.317547
2024-04-01,46.665001,46.250000,46.334999,44.212593
2024-04-02,46.330002,45.965000,46.165001,44.050377
2024-04-03,46.500000,46.174999,46.439999,44.312778
2024-04-04,46.860001,45.865002,45.970001,43.864307
2024-04-05,46.445000,45.924999,46.384998,44.260300
2024-04-08,46.584999,46.294998,46.419998,44.293694
2024-04-09,46.794998,46.055000,46.529999,44.398655
2024-04-10,46.080002,45.639999,45.805000,43.706875
2024-04-11,45.965000,45.535000,45.770000,43.673473
2024-04-12,45.724998,44.759998,44.959999,42.900578
2024-04-15,45.610001,44.590000,44.744999,42.695419
2024-04-16,44.639999,44.244999,44.400002,42.366222
2024-04-17,44.900002,44.369999,44.500000,42.461647
2024-04-18,44.895000,44.310001,44.514999,42.475960
2024-04-19,44.820000,44.314999,44.480000,42.442558
2024-04-22,44.759998,44.064999,44.525002,42.485504
2024-04-23,44.355000,43.884998,44.139999,42.118130
2024-04-24,44.209999,43.830002,44.169998,42.146755
2024-04-25,44.584999,43.775002,44.485001,42.447334
2024-04-26,44.950001,44.494999,44.759998,42.709736
2024-04-29,45.189999,44.915001,45.134998,43.067554
2024-04-30,44.865002,44.305000,44.314999,42.285118
2024-05-01,45.259998,44.369999,44.544998,42.504581
2024-05-02,44.505001,43.950001,44.314999,42.285118
2024-05-03,44.884998,44.525002,44.764999,42.714508
2024-05-06,45.209999,44.834999,45.035000,42.972141
2024-05-07,45.645000,45.200001,45.570000,43.482628
2024-05-08,45.570000,45.314999,45.360001,43.282253
2024-05-09,45.904999,45.424999,45.865002,43.764118
2024-05-10,46.105000,45.889999,45.919998,43.816601
2024-05-13,46.165001,45.849998,45.889999,43.787971
2024-05-14,46.099998,45.785000,45.935001,43.830914
2024-05-15,46.279999,45.805000,46.014999,43.907242
2024-05-16,46.064999,45.660000,45.685001,43.592373
2024-05-17,46.075001,45.785000,46.075001,43.964500
2024-05-20,46.220001,45.889999,46.139999,44.026527
2024-05-21,46.150002,45.935001,46.139999,44.026527
2024-05-22,45.875000,45.480000,45.689999,43.597134
2024-05-23,45.799999,45.195000,45.285000,43.210682
2024-05-24,45.740002,45.494999,45.680000,43.587597
2024-05-28,45.750000,45.345001,45.505001,43.420609
2024-05-29,45.189999,44.820000,44.855000,42.800385
2024-05-30,45.244999,44.764999,45.220001,43.148659
2024-05-31,45.775002,44.945000,45.764999,43.668701
2024-06-03,45.775002,45.105000,45.494999,43.411068
2024-06-04,45.215000,44.730000,44.990002,42.929192
2024-06-05,45.320000,44.810001,45.299999,43.224995
2024-06-06,45.360001,45.099998,45.349998,43.272709
2024-06-07,45.270000,44.700001,44.895000,42.838554
2024-06-10,44.895000,44.674999,44.849998,42.795612
2024-06-11,44.834999,44.419998,44.834999,42.781296
2024-06-12,45.509998,44.805000,44.919998,42.862408
2024-06-13,44.959999,44.505001,44.904999,42.848091
2024-06-14,44.720001,44.209999,44.490002,42.452103
2024-06-17,44.895000,44.224998,44.820000,42.766983
2024-06-18,44.994999,44.564999,44.770000,42.719276
2024-06-20,45.035000,44.709999,44.814999,42.762207
2024-06-21,44.904999,44.485001,44.820000,42.766983
2024-06-24,45.080002,44.669998,44.895000,43.042625
2024-06-25,44.820000,44.180000,44.325001,42.496147
2024-06-26,44.334999,43.974998,44.294998,42.467377
2024-06-27,44.310001,44.060001,44.169998,42.347534
2024-06-28,44.480000,44.020000,44.154999,42.333153
2024-07-01,44.355000,43.340000,43.474998,41.681213
2024-07-02,43.674999,43.205002,43.555000,41.757915
2024-07-03,43.990002,43.660000,43.880001,42.069496
2024-07-05,44.005001,43.610001,43.950001,42.136612
2024-07-08,44.235001,43.924999,44.080002,42.261253
2024-07-09,43.974998,43.619999,43.630001,41.829819
2024-07-10,44.240002,43.779999,44.215000,42.390678
2024-07-11,44.884998,44.404999,44.820000,42.970722
2024-07-12,45.465000,44.955002,45.250000,43.382977
2024-07-15,45.439999,45.029999,45.134998,43.272720
2024-07-16,46.049999,45.075001,46.009998,44.111618
2024-07-17,46.189999,45.895000,45.915001,44.020538
2024-07-18,46.145000,45.404999,45.459999,43.584309
2024-07-19,45.345001,44.919998,45.055000,43.196022
2024-07-22,45.259998,44.830002,45.205002,43.339832
2024-07-23,45.465000,45.064999,45.384998,43.512405
2024-07-24,45.520000,44.759998,44.805000,42.956337
2024-07-25,45.474998,44.560001,44.930000,43.076180
2024-07-26,45.840000,45.119999,45.665001,43.780861
2024-07-29,45.869999,45.494999,45.744999,43.857555
2024-07-30,45.930000,45.500000,45.595001,43.713745
2024-07-31,46.494999,45.834999,46.070000,44.169144
2024-08-01,46.695000,45.595001,45.884998,43.991779
2024-08-02,45.474998,44.424999,45.020000,43.162468
2024-08-05,44.375000,43.639999,44.014999,42.198933
2024-08-06,44.805000,43.880001,44.240002,42.414646
2024-08-07,44.799999,43.610001,43.639999,41.839405
2024-08-08,44.410000,43.834999,44.314999,42.486553
2024-08-09,44.424999,43.875000,44.279999,42.452995
2024-08-12,44.389999,43.985001,44.084999,42.266045
2024-08-13,44.619999,44.134998,44.525002,42.687893
2024-08-14,44.660000,44.299999,44.525002,42.687893
2024-08-15,45.325001,44.855000,45.230000,43.363804
2024-08-16,45.314999,44.950001,45.285000,43.416534
2024-08-19,45.540001,45.290001,45.500000,43.622662
2024-08-20,45.645000,45.290001,45.334999,43.464470
2024-08-21,45.895000,45.465000,45.855000,43.963013
2024-08-22,45.935001,45.599998,45.759998,43.871929
2024-08-23,46.480000,45.919998,46.365002,44.451969
2024-08-26,46.915001,46.494999,46.570000,44.648506
2024-08-27,46.584999,46.275002,46.575001,44.653309
2024-08-28,46.625000,46.205002,46.375000,44.461559
2024-08-29,46.919998,46.244999,46.630001,44.706036
2024-08-30,47.209999,46.535000,47.139999,45.194992
2024-09-03,46.680000,45.924999,46.070000,44.169144
2024-09-04,46.380001,45.830002,45.880001,43.986988
2024-09-05,46.029999,45.415001,45.520000,43.641838
2024-09-06,45.724998,44.855000,44.945000,43.090557
2024-09-09,45.615002,45.205002,45.380001,43.507614
2024-09-10,45.410000,45.035000,45.400002,43.526783
2024-09-11,45.560001,44.445000,45.509998,43.632248
2024-09-12,45.939999,45.395000,45.930000,44.034924
2024-09-13,46.595001,46.029999,46.345001,44.432796
2024-09-16,46.860001,46.415001,46.775002,44.845058
2024-09-17,47.209999,46.750000,46.865002,44.931343
2024-09-18,47.215000,46.549999,46.665001,44.739597
2024-09-19,47.560001,47.110001,47.369999,45.415501
2024-09-20,47.314999,46.849998,47.035000,45.094326
2024-09-23,47.275002,46.910000,47.235001,45.488201
2024-09-24,47.959999,47.564999,47.880001,46.109352
2024-09-25,48.049999,47.450001,47.560001,45.801186
2024-09-26,48.615002,48.075001,48.544998,46.749756
2024-09-27,48.889999,48.360001,48.459999,46.667904
2024-09-30,48.435001,47.825001,48.189999,46.407887
2024-10-01,48.270000,47.849998,48.070000,46.292320
2024-10-02,48.264999,47.759998,47.884998,46.114162
2024-10-03,47.610001,47.224998,47.355000,45.603764
2024-10-04,47.785000,47.290001,47.584999,45.825260
2024-10-07,47.560001,47.180000,47.445000,45.690441
2024-10-08,47.285000,46.919998,47.224998,45.478573
2024-10-09,47.660000,47.115002,47.525002,45.767479
2024-10-10,47.709999,47.305000,47.634998,45.873409
2024-10-11,48.080002,47.660000,47.945000,46.171947
2024-10-14,48.250000,47.654999,48.220001,46.436779
2024-10-15,48.564999,48.110001,48.169998,46.388626
2024-10-16,48.639999,48.205002,48.544998,46.749756
2024-10-17,48.730000,48.465000,48.619999,46.821980
2024-10-18,48.935001,48.570000,48.814999,47.009769
2024-10-21,48.834999,48.275002,48.439999,46.648640
2024-10-22,48.480000,47.730000,47.994999,46.220100
2024-10-23,48.130001,47.639999,47.865002,46.094902
2024-10-24,47.865002,47.084999,47.279999,45.531532
2024-10-25,47.450001,46.955002,46.980000,45.242634
2024-10-28,47.435001,47.160000,47.369999,45.618206
2024-10-29,47.345001,47.009998,47.064999,45.324493
2024-10-30,47.634998,47.064999,47.320000,45.570057
2024-10-31,47.195000,46.674999,46.695000,44.968174
2024-11-01,46.895000,46.549999,46.564999,44.842979
2024-11-04,47.084999,46.560001,46.770000,45.040405
2024-11-05,47.029999,46.509998,46.840000,45.107811
2024-11-06,47.965000,47.134998,47.485001,45.728962
2024-11-07,47.840000,47.509998,47.669998,45.907112
2024-11-08,47.540001,47.150002,47.235001,45.488201
2024-11-11,47.380001,46.980000,47.029999,45.290787
2024-11-12,46.865002,46.115002,46.230000,44.520367
2024-11-13,46.435001,46.115002,46.340000,44.626301
2024-11-14,46.325001,45.910000,45.959999,44.260357
2024-11-15,46.035000,45.564999,45.639999,43.952187
2024-11-18,45.994999,45.639999,45.994999,44.294056
2024-11-19,45.919998,45.410000,45.845001,44.149609
2024-11-20,46.275002,45.689999,46.220001,44.510738
2024-11-21,46.799999,46.095001,46.785000,45.054848
2024-11-22,47.099998,46.715000,47.044998,45.305229
2024-11-25,47.599998,47.180000,47.529999,45.772289
2024-11-26,47.410000,46.994999,47.174999,45.430416
2024-11-27,47.580002,47.090000,47.150002,45.406342
2024-11-29,47.430000,47.084999,47.389999,45.637470
2024-12-02,47.470001,47.025002,47.360001,45.608574
2024-12-03,47.590000,47.119999,47.209999,45.464127
2024-12-04,47.055000,46.605000,46.750000,45.021141
2024-12-05,46.570000,45.919998,46.134998,44.428875
2024-12-06,46.314999,45.935001,45.955002,44.255539
2024-12-09,46.575001,45.935001,45.945000,44.245911
2024-12-10,45.924999,45.195000,45.474998,43.793289
2024-12-11,45.625000,45.285000,45.314999,43.639210
2024-12-12,45.279999,44.980000,45.000000,43.335854
2024-12-13,44.904999,44.465000,44.615002,42.965092
2024-12-16,44.680000,44.200001,44.220001,42.584702
2024-12-17,44.345001,43.965000,43.974998,42.348759
2024-12-18,44.099998,42.705002,42.724998,41.144985
2024-12-19,43.060001,42.255001,42.264999,40.702000
2024-12-20,43.040001,42.165001,42.790001,41.207584
2024-12-23,42.584999,42.130001,42.535000,41.175636
2024-12-24,42.799999,42.340000,42.764999,41.398289
2024-12-26,42.860001,42.485001,42.700001,41.335361
2024-12-27,42.855000,42.305000,42.470001,41.112720
2024-12-30,42.195000,41.700001,41.900002,40.560936
2024-12-31,42.209999,41.849998,42.070000,40.725498
2025-01-02,42.410000,41.544998,41.605000,40.275356
2025-01-03,41.794998,41.520000,41.595001,40.265678
2025-01-06,42.275002,41.814999,41.875000,40.536724
2025-01-07,42.325001,41.639999,41.849998,40.512524
2025-01-08,42.084999,41.580002,42.080002,40.735184
2025-01-10,41.955002,41.540001,41.650002,40.318920
2025-01-13,42.605000,41.575001,42.580002,41.219200
2025-01-14,43.145000,42.709999,43.110001,41.732265
2025-01-15,43.849998,43.235001,43.520000,42.129166
2025-01-16,43.884998,43.435001,43.880001,42.477654
2025-01-17,44.450001,44.000000,44.165001,42.753548
2025-01-21,44.855000,44.520000,44.730000,43.300491
2025-01-22,44.794998,44.360001,44.369999,42.951992
2025-01-23,44.615002,44.134998,44.615002,43.189163
2025-01-24,44.830002,44.455002,44.500000,43.077839
2025-01-27,44.564999,44.154999,44.525002,43.102043
2025-01-28,44.634998,44.279999,44.380001,42.961674
2025-01-29,44.509998,44.189999,44.299999,42.884232
2025-01-30,44.750000,44.130001,44.720001,43.290810
2025-01-31,44.799999,44.215000,44.395000,42.976196
2025-02-03,44.570000,43.465000,44.439999,43.019753
2025-02-04,44.755001,44.445000,44.570000,43.145603
2025-02-05,44.750000,44.235001,44.535000,43.111721
2025-02-06,44.805000,44.340000,44.689999,43.261768
2025-02-07,44.645000,44.099998,44.145000,42.734184
2025-02-10,44.514999,44.134998,44.369999,42.951992
2025-02-11,44.915001,44.445000,44.630001,43.203690
2025-02-12,44.535000,43.880001,44.310001,42.893909
2025-02-13,45.134998,44.494999,45.080002,43.639305
2025-02-14,45.435001,44.915001,44.924999,43.489250
2025-02-18,45.494999,44.775002,45.494999,44.041039
2025-02-19,45.099998,44.805000,44.959999,43.523136
2025-02-20,45.014999,44.564999,44.855000,43.421494
2025-02-21,44.950001,43.985001,44.035000,42.627701
2025-02-24,44.240002,43.860001,43.985001,42.579300
2025-02-25,44.465000,43.974998,44.325001,42.908432
2025-02-26,44.720001,44.259998,44.305000,42.889072
2025-02-27,44.605000,43.974998,44.005001,42.598663
2025-02-28,44.415001,43.834999,44.380001,42.961674
2025-03-03,44.955002,43.384998,43.490002,42.100121
2025-03-04,43.590000,42.840000,42.900002,41.528973
2025-03-05,44.134998,43.235001,44.020000,42.613174
2025-03-06,44.209999,43.555000,43.790001,42.390533
2025-03-07,44.095001,43.389999,43.910000,42.506691
2025-03-10,43.770000,42.695000,42.994999,41.620934
2025-03-11,43.105000,42.424999,42.665001,41.301483
2025-03-12,42.840000,42.275002,42.465000,41.107876
2025-03-13,42.930000,42.169998,42.435001,41.078831
2025-03-14,43.055000,42.610001,42.990002,41.616096
2025-03-17,43.665001,42.900002,43.529999,42.138840
2025-03-18,43.709999,43.285000,43.455002,42.066238
2025-03-19,43.764999,43.189999,43.599998,42.206604
2025-03-20,43.695000,43.264999,43.325001,41.940392
2025-03-21,42.965000,42.365002,42.895000,41.524132
2025-03-24,43.355000,42.970001,43.270000,42.086815
2025-03-25,43.494999,43.075001,43.259998,42.077087
2025-03-26,43.599998,43.130001,43.340000,42.154900
2025-03-27,43.470001,42.915001,43.320000,42.135448
2025-03-28,43.439999,42.470001,42.525002,41.362190
2025-03-31,43.195000,42.035000,42.990002,41.814472
2025-04-01,43.169998,42.494999,43.150002,41.970097
2025-04-02,43.564999,42.750000,43.505001,42.315392
2025-04-03,42.389999,41.430000,41.540001,40.404118
2025-04-04,40.639999,38.845001,38.939999,37.875214
2025-04-07,39.935001,37.119999,38.314999,37.267303
2025-04-08,39.330002,36.560001,37.134998,36.119572
2025-04-09,40.584999,36.875000,40.380001,39.275841
2025-04-10,39.750000,38.169998,39.090000,38.021111
2025-04-11,40.544998,38.980000,40.250000,39.149391
2025-04-14,40.915001,40.240002,40.735001,39.621136
2025-04-15,40.945000,40.380001,40.415001,39.309879
2025-04-16,40.724998,39.825001,40.099998,39.003498
2025-04-17,40.689999,40.165001,40.375000,39.270973
2025-04-21,40.345001,39.389999,39.759998,38.672791
2025-04-22,40.805000,40.165001,40.689999,39.577358
2025-04-23,41.735001,40.610001,40.740002,39.625996
2025-04-24,41.695000,40.654999,41.619999,40.481930
2025-04-25,41.424999,40.974998,41.310001,40.180405
2025-04-28,41.674999,40.980000,41.384998,40.253357
2025-04-29,41.904999,41.270000,41.730000,40.588924
2025-04-30,42.080002,41.020000,41.945000,40.798046
2025-05-01,42.070000,41.450001,41.759998,40.618103
2025-05-02,42.645000,42.110001,42.465000,41.303829
2025-05-05,42.455002,42.090000,42.150002,40.997448
2025-05-06,42.200001,41.735001,41.845001,40.700783
2025-05-07,41.980000,41.455002,41.615002,40.477070
2025-05-08,42.584999,41.799999,42.169998,41.016891
2025-05-09,42.340000,42.040001,42.279999,41.123886
2025-05-12,43.740002,43.040001,43.259998,42.077087
2025-05-13,43.369999,43.029999,43.044998,41.867966
2025-05-14,42.855000,42.419998,42.650002,41.483772
2025-05-15,43.110001,42.505001,43.084999,41.906876
2025-05-16,43.529999,42.840000,43.525002,42.334843
2025-05-19,43.685001,43.090000,43.634998,42.441833
2025-05-20,43.639999,43.375000,43.560001,42.368889
2025-05-21,43.450001,42.915001,42.980000,41.804745
2025-05-22,43.119999,42.619999,42.935001,41.760975
2025-05-23,43.005001,42.529999,42.849998,41.678299
2025-05-27,43.610001,43.145000,43.599998,42.407795
2025-05-28,43.555000,42.965000,43.005001,41.829060
2025-05-29,43.240002,42.735001,43.165001,41.984684
2025-05-30,43.230000,42.610001,43.169998,41.989548
2025-06-02,43.445000,43.095001,43.424999,42.237579
2025-06-03,43.884998,43.055000,43.869999,42.670410
2025-06-04,44.154999,43.849998,44.035000,42.830898
2025-06-05,44.224998,43.674999,43.775002,42.578003
2025-06-06,44.224998,43.790001,43.889999,42.689861
2025-06-09,44.474998,43.945000,44.185001,42.976799
2025-06-10,44.494999,44.180000,44.459999,43.244278
2025-06-11,44.389999,43.869999,44.020000,42.816303
2025-06-12,44.235001,43.660000,44.205002,42.996250
2025-06-13,44.250000,43.570000,43.689999,42.495331
2025-06-16,44.290001,43.884998,44.060001,42.855213
2025-06-17,43.990002,43.564999,43.630001,42.436977
2025-06-18,43.845001,43.450001,43.505001,42.315392
2025-06-20,43.820000,43.150002,43.209999,42.028454
2025-06-23,43.509998,42.770000,43.470001,42.496735
2025-06-24,43.895000,43.505001,43.830002,42.848671
2025-06-25,43.744999,43.360001,43.410000,42.438076
2025-06-26,44.029999,43.625000,43.889999,42.907326
2025-06-27,44.139999,43.700001,43.945000,42.961094
2025-06-30,44.009998,43.685001,43.904999,42.921986
2025-07-01,45.294998,43.945000,45.040001,44.031578
2025-07-02,45.730000,45.174999,45.715000,44.691463
2025-07-03,45.845001,45.599998,45.685001,44.662140
2025-07-07,45.610001,45.005001,45.244999,44.231987
2025-07-08,45.759998,45.285000,45.615002,44.593712
2025-07-09,45.939999,45.459999,45.889999,44.862549
2025-07-10,46.430000,45.904999,46.134998,45.102058
2025-07-11,45.840000,45.404999,45.759998,44.735455
2025-07-14,45.674999,45.340000,45.505001,44.486172
2025-07-15,45.605000,44.555000,44.570000,43.572105
2025-07-16,44.740002,44.169998,44.689999,43.689415
2025-07-17,45.040001,44.535000,45.005001,43.997364
2025-07-18,45.145000,44.840000,45.110001,44.100014
2025-07-21,45.740002,45.290001,45.340000,44.324860
2025-07-22,46.005001,45.270000,45.965000,44.935867
2025-07-23,46.369999,46.040001,46.119999,45.087395
2025-07-24,46.000000,45.509998,45.645000,44.623035
2025-07-25,46.209999,45.639999,46.185001,45.150940
2025-07-28,45.985001,45.384998,45.514999,44.495941
2025-07-29,45.439999,45.075001,45.340000,44.324860
2025-07-30,45.180000,44.235001,44.424999,43.430344
2025-07-31,44.410000,43.814999,43.865002,42.882885
2025-08-01,43.584999,43.009998,43.360001,42.389194
2025-08-04,43.980000,43.595001,43.935001,42.951321
2025-08-05,44.334999,43.834999,44.244999,43.254379
2025-08-06,44.310001,43.755001,43.764999,42.785126
2025-08-07,44.264999,43.685001,43.955002,42.970871
2025-08-08,44.320000,43.980000,44.174999,43.185944
2025-08-11,44.400002,43.825001,44.075001,43.088184
2025-08-12,44.689999,44.105000,44.650002,43.650311
2025-08-13,45.509998,44.759998,45.490002,44.471508
2025-08-14,45.090000,44.669998,45.014999,44.007133
2025-08-15,45.310001,44.915001,45.014999,44.007133
2025-08-18,45.049999,44.695000,44.755001,43.752964
2025-08-19,45.244999,44.790001,45.025002,44.016914
2025-08-20,45.340000,44.900002,45.060001,44.051132
2025-08-21,45.299999,44.825001,45.195000,44.183105
2025-08-22,46.320000,45.325001,46.090000,45.058067
2025-08-25,46.099998,45.759998,45.834999,44.808777
2025-08-26,46.000000,45.680000,45.959999,44.930977
2025-08-27,46.130001,45.715000,46.075001,45.043404
2025-08-28,46.220001,45.750000,46.075001,45.043404
2025-08-29,46.360001,46.025002,46.139999,45.106945
2025-09-02,45.845001,45.520000,45.794998,44.769676
2025-09-03,45.820000,45.369999,45.485001,44.466618
2025-09-04,45.685001,45.110001,45.660000,44.637699
2025-09-05,46.349998,45.654999,45.980000,44.950531
2025-09-08,46.064999,45.485001,46.020000,44.989635
2025-09-09,45.955002,45.145000,45.270000,44.256428
2025-09-10,45.615002,45.180000,45.355000,44.339527
2025-09-11,46.349998,45.285000,46.305000,45.268253
2025-09-12,46.240002,45.755001,45.840000,44.813671
2025-09-15,45.915001,45.395000,45.470001,44.451950
2025-09-16,45.669998,45.215000,45.330002,44.315086
2025-09-17,46.230000,45.165001,45.435001,44.417740
2025-09-18,45.575001,45.080002,45.435001,44.417740
2025-09-19,45.580002,45.270000,45.415001,44.398186
2025-09-22,45.330002,44.974998,45.185001,44.382957
2025-09-23,45.630001,44.985001,45.040001,44.240532
2025-09-24,45.084999,44.435001,44.490002,43.700298
2025-09-25,44.340000,43.840000,43.910000,43.130585
2025-09-26,44.494999,43.985001,44.419998,43.631535
2025-09-29,44.735001,44.340000,44.590000,43.798519
2025-09-30,44.845001,44.404999,44.810001,44.014618
2025-10-01,44.860001,44.235001,44.340000,43.552959
2025-10-02,44.880001,44.275002,44.855000,44.058815
2025-10-03,45.169998,44.799999,44.930000,44.132484
2025-10-06,45.134998,44.794998,44.889999,44.093193
2025-10-07,45.139999,44.549999,44.709999,43.916389
2025-10-08,45.119999,44.744999,44.950001,44.152130
2025-10-09,45.215000,44.224998,44.334999,43.548042
2025-10-10,44.520000,43.419998,43.424999,42.654202
2025-10-13,44.400002,43.889999,44.115002,43.331955
2025-10-14,44.750000,43.625000,44.555000,43.764141
2025-10-15,45.000000,44.115002,44.355000,43.567692
2025-10-16,44.575001,43.799999,44.025002,43.243549
2025-10-17,44.189999,43.705002,43.939999,43.160053
2025-10-20,44.500000,44.189999,44.465000,43.675739
2025-10-21,44.455002,43.994999,44.294998,43.508755
2025-10-22,44.424999,43.985001,44.160000,43.376152
2025-10-23,44.805000,44.369999,44.689999,43.896744
2025-10-24,44.794998,44.465000,44.505001,43.715031
2025-10-27,44.689999,44.294998,44.485001,43.695385
2025-10-28,44.770000,44.380001,44.544998,43.754318
2025-10-29,44.509998,43.590000,43.669998,42.894848
2025-10-30,43.520000,43.060001,43.084999,42.320232
2025-10-31,43.049999,42.520000,42.834999,42.074669
2025-11-03,42.840000,42.145000,42.570000,41.814373
2025-11-04,42.540001,42.035000,42.360001,41.608101
2025-11-05,42.820000,42.480000,42.610001,41.853664
2025-11-06,42.924999,42.369999,42.400002,41.647396
2025-11-07,42.994999,42.355000,42.910000,42.148342
2025-11-10,43.410000,42.834999,43.314999,42.546150
2025-11-11,43.855000,43.395000,43.764999,42.988163
2025-11-12,44.334999,43.860001,44.075001,43.292660
2025-11-13,44.220001,43.750000,43.785000,43.007805
2025-11-14,43.730000,43.320000,43.384998,42.614910
2025-11-17,43.400002,42.665001,42.724998,41.966618
2025-11-18,43.060001,42.529999,42.759998,42.000999
2025-11-19,43.049999,42.599998,42.869999,42.109047
2025-11-20,43.355000,42.215000,42.230000,41.480412
2025-11-21,43.505001,42.355000,43.174999,42.408638
2025-11-24,43.360001,42.959999,43.259998,42.492126
2025-11-25,44.005001,43.455002,43.904999,43.125675
2025-11-26,44.560001,43.919998,44.445000,43.656094
2025-11-28,44.875000,44.455002,44.700001,43.906570
2025-12-01,44.980000,44.564999,44.590000,43.798519
2025-12-02,44.680000,43.924999,44.185001,43.400711
2025-12-03,44.625000,44.345001,44.494999,43.705208
2025-12-04,44.505001,44.125000,44.235001,43.449821
2025-12-05,44.639999,44.090000,44.090000,43.307392
2025-12-08,44.099998,43.450001,43.480000,42.708221
2025-12-09,43.820000,43.369999,43.389999,42.619820
2025-12-10,44.340000,43.349998,44.240002,43.454731
2025-12-11,45.220001,44.290001,45.119999,44.319107
2025-12-12,45.580002,44.970001,45.150002,44.348579
2025-12-15,45.439999,44.849998,45.119999,44.319107
2025-12-16,45.209999,44.720001,45.000000,44.201241
2025-12-17,45.369999,44.939999,45.189999,44.387871
2025-12-18,45.630001,45.130001,45.169998,44.368221
2025-12-19,45.540001,45.090000,45.369999,44.564674
2025-12-22,45.709999,45.330002,45.669998,45.090916
2025-12-23,45.799999,45.540001,45.750000,45.169903
2025-12-24,45.889999,45.610001,45.840000,45.258762
2025-12-26,46.139999,45.860001,46.110001,45.525337
2025-12-29,45.860001,45.540001,45.740002,45.160030
2025-12-30,45.849998,45.630001,45.730000,45.150158
2025-12-31,45.669998,45.330002,45.349998,44.774971
2026-01-02,46.180000,45.270000,46.119999,45.535206
2026-01-05,46.730000,46.000000,46.580002,45.989380
2026-01-06,47.630001,46.689999,47.500000,46.897713
2026-01-07,47.560001,46.630001,46.680000,46.088108
2026-01-08,47.630001,46.270000,47.500000,46.897713
2026-01-09,48.290001,47.560001,48.259998,47.648075
2026-01-12,48.610001,48.200001,48.520000,47.904778
2026-01-13,48.759998,48.389999,48.730000,48.112114
2026-01-14,49.139999,48.630001,48.750000,48.131863
2026-01-15,49.110001,48.610001,48.959999,48.339199
2026-01-16,48.720001,48.360001,48.680000,48.062752
2026-01-20,48.520000,48.020000,48.189999,47.578964
2026-01-21,49.380001,48.669998,49.240002,48.615654
2026-01-22,49.830002,49.349998,49.520000,48.892097
2026-01-23,49.990002,49.360001,49.970001,49.336391
2026-01-26,50.480000,50.020000,50.029999,49.395630
2026-01-27,50.180000,49.680000,49.980000,49.346268
2026-01-28,50.209999,49.540001,49.950001,49.316647
2026-01-29,50.619999,49.290001,50.000000,49.366013
2026-01-30,49.650002,48.810001,49.270000,48.645271
2026-02-02,49.810001,49.200001,49.650002,49.020451
2026-02-03,51.220001,50.060001,50.700001,50.057137
2026-02-04,52.020000,51.009998,51.889999,51.232044
2026-02-05,51.520000,50.360001,50.500000,49.859673
2026-02-06,51.619999,50.860001,51.509998,50.856865
2026-02-09,52.310001,51.270000,52.180000,51.518372
2026-02-10,52.990002,52.119999,52.910000,52.239117
2026-02-11,53.669998,53.110001,53.619999,52.940109
2026-02-12,54.139999,52.740002,52.830002,52.160133
2026-02-13,53.639999,52.439999,53.310001,52.634045
2026-02-17,52.970001,52.080002,52.700001,52.031776
2026-02-18,53.340000,52.740002,53.020000,52.347721
2026-02-19,53.169998,52.430000,52.830002,52.160133
2026-02-20,53.250000,52.320000,52.959999,52.288479
2026-02-23,53.099998,52.360001,52.959999,52.288479
2026-02-24,53.500000,52.910000,53.360001,52.683411
2026-02-25,53.750000,52.669998,53.060001,52.387211
2026-02-26,53.119999,52.349998,53.000000,52.327972
2026-02-27,53.490002,52.669998,53.410000,52.732773
2026-03-02,53.389999,52.509998,53.250000,52.574802
2026-03-03,52.090000,50.689999,51.939999,51.281410
2026-03-04,52.380001,51.680000,51.919998,51.261662
2026-03-05,51.779999,50.509998,50.830002,50.185490
2026-03-06,50.360001,49.439999,49.860001,49.227787
2026-03-09,50.189999,48.599998,49.990002,49.356140
2026-03-10,50.419998,49.630001,49.880001,49.247532
2026-03-11,49.889999,49.279999,49.840000,49.208038
2026-03-12,50.230000,49.630001,49.680000,49.050068
2026-03-13,50.130001,49.009998,49.189999,48.566280
2026-03-16,49.770000,49.090000,49.400002,48.773624
2026-03-17,49.980000,49.480000,49.520000,48.892097
2026-03-18,49.279999,48.480000,48.480000,47.865284
2026-03-19,48.000000,47.220001,47.740002,47.134670
2026-03-20,47.959999,46.730000,46.980000,46.384308
2026-03-23,48.150002,47.360001,47.549999,47.155857
2026-03-24,48.790001,47.240002,48.450001,48.048397
2026-03-25,49.450001,48.669998,49.410000,49.000443
2026-03-26,49.730000,48.970001,49.090000,48.683094
2026-03-27,49.290001,48.779999,48.910000,48.504585
2026-03-30,49.740002,48.900002,49.090000,48.683094
2026-03-31,50.230000,49.290001,49.970001,49.555798
2026-04-01,50.660000,50.169998,50.459999,50.041737
2026-04-02,50.919998,49.910000,50.410000,49.992153
2026-04-06,50.430000,49.849998,50.220001,49.803726
2026-04-07,50.320000,49.680000,50.080002,49.664886
2026-04-08,51.779999,50.770000,51.750000,51.321045
2026-04-09,52.070000,51.470001,51.669998,51.241707
2026-04-10,52.220001,51.880001,51.959999,51.529301
2026-04-13,52.259998,51.560001,52.189999,51.757393
2026-04-14,52.259998,51.650002,52.009998,51.578884
2026-04-15,51.900002,51.240002,51.380001,50.954113
2026-04-16,51.970001,51.490002,51.750000,51.321045
2026-04-17,52.369999,51.470001,51.880001,51.449966
2026-04-20,52.400002,51.669998,52.230000,51.797062
2026-04-21,52.570000,51.639999,51.770000,51.340881
2026-04-22,52.419998,51.700001,51.830002,51.400379
2026-04-23,51.900002,51.279999,51.810001,51.380547
2026-04-24,52.000000,51.330002,51.919998,51.489632
2026-04-27,52.180000,51.610001,51.779999,51.350796
2026-04-28,51.980000,51.009998,51.400002,50.973946
2026-04-29,51.509998,50.889999,50.959999,50.537590
2026-04-30,51.709999,50.799999,51.470001,51.043365
2026-05-01,51.770000,51.340000,51.349998,50.924358
2026-05-04,51.259998,50.500000,50.650002,50.230160
2026-05-05,51.790001,50.889999,51.529999,51.102867
2026-05-06,52.669998,52.139999,52.410000,51.975571
2026-05-07,52.770000,51.380001,51.400002,50.973946
2026-05-08,51.910000,51.500000,51.590000,51.162373
2026-05-11,52.410000,51.830002,52.259998,51.826813
2026-05-12,52.290001,51.459999,52.139999,51.707809
2026-05-13,52.520000,52.020000,52.060001,51.628475
2026-05-14,52.250000,51.599998,51.669998,51.241707
2026-05-15,51.189999,50.250000,50.299999,49.883060
2026-05-18,50.720001,50.070000,50.220001,49.803726
2026-05-19,49.860001,48.889999,49.040001,48.633507
2026-05-20,49.779999,48.900002,49.720001,49.307869
2026-05-21,50.250000,49.139999,50.020000,49.605385
2026-05-22,50.500000,49.990002,50.290001,49.873146
2026-05-26,51.169998,50.650002,50.990002,50.567345
2026-05-27,51.369999,50.980000,51.180000,50.755768
2026-05-28,51.470001,50.610001,51.360001,50.934277
2026-05-29,51.580002,51.110001,51.150002,50.726017
2026-06-01,51.049999,50.130001,50.919998,50.497921
2026-06-02,51.669998,50.720001,51.520000,51.092953
2026-06-03,52.029999,51.240002,51.630001,51.202042
2026-06-04,52.200001,51.439999,51.619999,51.192120
2026-06-05,51.650002,50.500000,50.630001,50.210327
2026-06-08,50.810001,49.910000,49.959999,49.545879
2026-06-09,50.820000,49.840000,50.770000,50.349167
2026-06-10,50.860001,49.570000,49.599998,49.188862
2026-06-11,51.330002,50.000000,51.220001,50.795437
2026-06-12,52.360001,51.520000,52.180000,51.747478
2026-06-15,53.200001,52.470001,52.500000,52.064827
2026-06-16,53.090000,52.639999,52.720001,52.283005
2026-06-17,53.310001,51.860001,52.020000,51.588806
2026-06-18,52.430000,51.759998,51.810001,51.380547
2026-06-22,51.820000,51.150002,51.619999,51.383533
2026-06-23,51.480000,50.790001,50.869999,50.636967
2026-06-24,51.529999,50.790001,51.160000,50.925640
2026-06-25,52.189999,51.270000,51.840000,51.602524
2026-06-26,51.889999,51.380001,51.599998,51.363625
2026-06-29,51.400002,50.250000,50.660000,50.427929
2026-06-30,51.189999,50.669998,50.830002,50.597153
2026-07-01,51.470001,50.480000,51.020000,50.786282
2026-07-02,52.029999,51.299999,52.009998,51.771744
2026-07-06,52.040001,51.349998,51.980000,51.741882
2026-07-07,52.119999,51.299999,51.509998,51.274036
2026-07-08,51.040001,49.889999,50.160000,49.930222
2026-07-09,50.549999,50.119999,50.259998,50.029762
2026-07-10,51.110001,50.290001,50.889999,50.656876
2026-07-13,51.349998,50.360001,50.580002,50.348301
2026-07-14,51.450001,50.590000,50.639999,50.408020
2026-07-15,50.840000,50.110001,50.500000,50.268665
2026-07-16,50.930000,50.279999,50.889999,50.656876
2026-07-17,51.450001,50.389999,50.529999,50.298527
2026-07-20,50.730000,49.880001,50.029999,49.800816
2026-07-21,50.540001,49.849998,50.099998,49.870495
2026-07-22,50.970001,50.299999,50.820000,50.587196
2026-07-23,50.970001,50.119999,50.290001,50.059628
2026-07-24,51.270000,50.209999,51.259998,51.025181
2026-07-27,51.630001,51.090000,51.389999,51.154587
2026-07-28,52.779999,51.880001,52.340000,52.100235
2026-07-29,52.340000,51.330002,51.740002,51.502987
2026-07-30,52.310001,51.279999,51.639999,51.403442
2026-07-31,51.049999,50.209999,50.430000,50.198986
2026-08-03,51.040001,50.349998,51.009998,50.776325
2026-08-04,52.070000,51.029999,52.000000,51.761791
2026-08-05,52.959999,52.450001,52.639999,52.398861
2026-08-06,52.860001,52.009998,52.169998,51.931011
2026-08-07,52.939999,52.169998,52.860001,52.617855
2026-08-10,53.200001,52.610001,53.180000,52.936386
2026-08-11,53.599998,53.000000,53.240002,52.996113
2026-08-12,53.480000,52.540001,52.580002,52.339138
2026-08-13,52.779999,52.220001,52.310001,52.070374
2026-08-14,52.650002,52.270000,52.540001,52.299320
2026-08-17,52.439999,52.070000,52.240002,52.000694
2026-08-18,52.310001,51.750000,51.779999,51.542801
2026-08-19,53.150002,52.279999,52.520000,52.279411
2026-08-20,53.040001,52.040001,52.419998,52.179867
2026-08-21,53.720001,52.950001,53.540001,53.294739
2026-08-24,54.189999,53.279999,53.580002,53.334557
2026-08-25,53.650002,53.009998,53.580002,53.334557
2026-08-26,54.090000,53.520000,53.669998,53.424141
2026-08-27,53.490002,53.099998,53.230000,52.986156
2026-08-28,53.799999,52.840000,53.180000,52.936386
2026-08-31,53.259998,52.570000,52.689999,52.448631
2026-09-01,52.459999,52.020000,52.070000,51.831470
2026-09-02,53.189999,52.270000,52.950001,52.707439
2026-09-03,53.520000,52.340000,52.619999,52.378952
2026-09-04,52.669998,51.980000,52.439999,52.199776
2026-09-08,52.580002,51.939999,51.939999,51.702065
2026-09-09,52.150002,51.380001,51.389999,51.154587
2026-09-10,51.049999,50.580002,50.759998,50.527470
2026-09-11,51.209999,50.869999,50.950001,50.716602
2026-09-14,50.810001,50.340000,50.490002,50.258713
2026-09-15,50.750000,50.259998,50.730000,50.497608
2026-09-16,51.110001,49.910000,50.360001,50.129307
2026-09-17,51.009998,50.520000,50.709999,50.477699
2026-09-18,50.619999,49.880001,49.990002,49.761002
2026-09-21,50.180000,49.660000,49.709999,49.709999
2026-09-22,50.639999,49.910000,50.529999,50.529999
2026-09-23,50.540001,50.040001,50.279999,50.279999
2026-09-24,50.230000,49.570000,49.680000,49.680000
2026-09-25,49.959999,49.450001,49.799999,49.799999
