date,high,low,close,adjclose
1998-12-22,19.052092,18.849005,18.937855,11.085252
1998-12-23,19.217100,18.861698,19.217100,11.248709
1998-12-24,19.344028,19.153635,19.344028,11.323006
1998-12-28,19.331335,19.039398,19.090172,11.174416
1998-12-29,19.293259,18.887083,19.293259,11.293287
1998-12-30,19.318644,19.090172,19.217100,11.248709
1998-12-31,19.242485,19.039398,19.039398,11.144691
1999-01-04,19.356722,18.810926,19.039398,11.144691
1999-01-05,19.242485,18.963242,19.217100,11.248709
1999-01-06,19.851748,19.445574,19.826361,11.605334
1999-01-07,20.130991,19.572502,20.130991,11.783661
1999-01-08,20.359465,20.042141,20.257919,11.857951
1999-01-11,20.283306,19.762896,19.953291,11.679640
1999-01-12,19.851748,19.394800,19.394800,11.352725
1999-01-13,19.394800,18.455524,19.140942,11.204129
1999-01-14,19.229794,18.480909,18.658611,10.921802
1999-01-15,19.191713,18.823620,19.191713,11.233849
1999-01-19,19.496344,18.836311,19.090172,11.174416
1999-01-20,19.534424,19.115557,19.229794,11.256145
1999-01-21,19.153635,18.836311,18.887083,11.055532
1999-01-22,18.887083,18.658611,18.760155,10.981231
1999-01-25,18.937855,18.633224,18.912470,11.070394
1999-01-26,19.026707,18.785540,18.925161,11.077823
1999-01-27,19.039398,18.683996,18.683996,10.936660
1999-01-28,18.988626,18.633224,18.963242,11.100111
1999-01-29,19.394800,18.810926,19.369415,11.337865
1999-02-01,19.445574,19.039398,19.039398,11.144691
1999-02-02,18.988626,18.645918,18.836311,11.025811
1999-02-03,19.115557,18.595146,18.975933,11.107545
1999-02-04,18.937855,18.531681,18.531681,10.847499
1999-02-05,18.582453,18.252438,18.379366,10.758336
1999-02-08,18.531681,18.201666,18.328594,10.728624
1999-02-09,18.379366,17.947807,18.074736,10.580027
1999-02-10,18.227051,17.922421,18.227051,10.669187
1999-02-11,18.988626,18.303209,18.963242,11.100111
1999-02-12,18.963242,18.480909,18.683996,10.936660
1999-02-16,19.090172,18.836311,18.963242,11.100111
1999-02-17,19.420187,18.861698,19.039398,11.144691
1999-02-18,19.344028,18.988626,19.229794,11.256145
1999-02-19,19.648661,19.255178,19.293259,11.293287
1999-02-22,19.991369,19.445574,19.851748,11.620200
1999-02-23,20.181763,19.826361,20.105604,11.768796
1999-02-24,20.207150,19.369415,19.445574,11.382450
1999-02-25,19.420187,18.912470,19.318644,11.308145
1999-02-26,19.724817,19.229794,19.674046,11.516177
1999-03-01,19.889826,19.521730,19.750202,11.560760
1999-03-02,20.080219,19.674046,19.800976,11.590474
1999-03-03,19.927904,19.509037,19.610580,11.479033
1999-03-04,20.105604,19.674046,20.054832,11.739075
1999-03-05,20.816408,20.283306,20.562551,12.036268
1999-03-08,20.613323,20.321384,20.422930,11.954540
1999-03-09,20.778332,20.308693,20.587936,12.051129
1999-03-10,20.981419,20.613323,20.968725,12.274017
1999-03-11,21.298740,20.867182,21.070269,12.333454
1999-03-12,21.273355,20.943338,21.108347,12.355747
1999-03-15,21.273355,20.994110,21.171812,12.392889
1999-03-16,21.374899,20.867182,20.867182,12.214586
1999-03-17,20.765638,20.486393,20.689480,12.110562
1999-03-18,21.171812,20.537165,21.171812,12.392889
1999-03-19,21.171812,20.689480,20.714867,12.157614
1999-03-22,20.841795,20.587936,20.765638,12.187407
1999-03-23,20.562551,20.004063,20.054832,11.770236
1999-03-24,20.207150,19.902517,20.004063,11.740439
1999-03-25,20.714867,20.257919,20.461006,12.008622
1999-03-26,20.461006,20.194456,20.283306,11.904322
1999-03-29,20.816408,20.537165,20.740252,12.172509
1999-03-30,20.638708,20.397543,20.499086,12.030970
1999-03-31,20.664095,20.181763,20.257919,11.889428
1999-04-01,20.334078,20.105604,20.308693,11.919225
1999-04-05,20.791023,20.435621,20.714867,12.157614
1999-04-06,20.905260,20.486393,20.562551,12.068219
1999-04-07,21.222584,20.740252,21.121040,12.395994
1999-04-08,21.552601,21.273355,21.501827,12.619480
1999-04-09,21.577986,21.222584,21.451056,12.589684
1999-04-12,21.857229,21.298740,21.831844,12.813167
1999-04-13,22.085703,21.755686,21.806458,12.798269
1999-04-14,22.111090,21.527214,21.527214,12.634374
1999-04-15,22.441105,21.197197,21.324127,12.515188
1999-04-16,21.425671,21.044882,21.222584,12.455593
1999-04-19,21.958773,21.222584,21.222584,12.455593
1999-04-20,22.238018,21.324127,21.501827,12.619480
1999-04-21,21.831844,21.501827,21.831844,12.813167
1999-04-22,22.060316,21.781073,22.060316,12.947263
1999-04-23,22.187246,21.831844,21.984159,12.902566
1999-04-26,22.009544,21.552601,21.654142,12.708881
1999-04-27,22.123781,21.654142,22.034931,12.932358
1999-04-28,22.161860,21.781073,21.908003,12.857866
1999-04-29,22.238018,21.882616,21.984159,12.902566
1999-04-30,22.085703,21.298740,21.679529,12.723770
1999-05-03,21.933388,21.501827,21.933388,12.872770
1999-05-04,21.882616,21.247969,21.247969,12.470487
1999-05-05,21.425671,20.968725,21.374899,12.544988
1999-05-06,21.349512,20.917953,21.019497,12.336403
1999-05-07,21.552601,21.247969,21.425671,12.574780
1999-05-10,21.654142,21.298740,21.349512,12.530081
1999-05-11,21.882616,21.501827,21.603371,12.679081
1999-05-12,21.933388,21.298740,21.908003,12.857866
1999-05-13,22.161860,21.920694,22.111090,12.977063
1999-05-14,21.704914,21.171812,21.425671,12.574780
1999-05-17,21.247969,20.791023,21.019497,12.336403
1999-05-18,21.349512,20.740252,21.070269,12.366192
1999-05-19,21.222584,20.943338,21.222584,12.455593
1999-05-20,21.349512,20.943338,20.943338,12.291701
1999-05-21,21.019497,20.727558,20.892567,12.261902
1999-05-24,20.689480,20.207150,20.435621,11.993718
1999-05-25,20.435621,19.902517,19.902517,11.680839
1999-05-26,20.549858,19.800976,20.549858,12.060765
1999-05-27,20.372156,19.965982,20.054832,11.770236
1999-05-28,20.435621,20.067526,20.372156,11.956468
1999-06-01,20.359465,19.851748,20.080219,11.785131
1999-06-02,20.105604,19.623274,19.953291,11.710645
1999-06-03,20.207150,19.877132,19.940598,11.703194
1999-06-04,20.384850,20.054832,20.308693,11.919225
1999-06-07,20.714867,20.359465,20.689480,12.142708
1999-06-08,20.638708,20.321384,20.321384,11.926671
1999-06-09,20.575245,20.194456,20.270613,11.896882
1999-06-10,20.029448,19.750202,19.889826,11.673389
1999-06-11,20.207150,19.775589,19.927904,11.695743
1999-06-14,20.004063,19.750202,19.826361,11.636141
1999-06-15,20.080219,19.851748,19.927904,11.695743
1999-06-16,20.626015,20.384850,20.448315,12.001178
1999-06-17,20.917953,20.410236,20.841795,12.232109
1999-06-18,20.867182,20.651402,20.816408,12.251106
1999-06-21,20.968725,20.714867,20.943338,12.325811
1999-06-22,20.943338,20.714867,20.714867,12.191344
1999-06-23,20.714867,20.308693,20.511780,12.071833
1999-06-24,20.435621,19.940598,20.181763,11.877595
1999-06-25,20.359465,20.181763,20.232534,11.907482
1999-06-28,20.765638,20.372156,20.702173,12.183875
1999-06-29,20.867182,20.511780,20.765638,12.221228
1999-06-30,21.374899,20.511780,21.197197,12.475220
1999-07-01,21.425671,20.917953,21.425671,12.609683
1999-07-02,21.628757,21.324127,21.425671,12.609683
1999-07-06,21.806458,21.400284,21.603371,12.714259
1999-07-07,21.628757,21.400284,21.527214,12.669442
1999-07-08,21.654142,21.298740,21.451056,12.624618
1999-07-09,21.577986,21.349512,21.476442,12.639559
1999-07-12,21.552601,21.298740,21.298740,12.534973
1999-07-13,21.197197,21.019497,21.070269,12.400515
1999-07-14,21.298740,20.994110,21.121040,12.430393
1999-07-15,21.362206,21.197197,21.311434,12.542451
1999-07-16,21.501827,21.121040,21.425671,12.609683
1999-07-19,21.552601,21.247969,21.273355,12.520036
1999-07-20,21.349512,20.943338,21.006804,12.363170
1999-07-21,21.095654,20.664095,20.765638,12.221228
1999-07-22,21.044882,20.638708,20.791023,12.236169
1999-07-23,20.892567,20.359465,20.562551,12.101707
1999-07-26,20.765638,20.359465,20.638708,12.146522
1999-07-27,20.994110,20.714867,20.917953,12.310872
1999-07-28,20.917953,20.638708,20.664095,12.161461
1999-07-29,20.486393,20.207150,20.359465,11.982178
1999-07-30,20.359465,19.877132,19.902517,11.713253
1999-08-02,20.232534,19.750202,19.800976,11.653493
1999-08-03,19.927904,19.445574,19.547115,11.504095
1999-08-04,19.800976,19.242485,19.293259,11.354688
1999-08-05,19.394800,18.899776,19.369415,11.399508
1999-08-06,19.280565,18.709383,18.861698,11.100696
1999-08-09,19.115557,18.823620,18.912470,11.130578
1999-08-10,18.912470,18.404753,18.582453,10.936356
1999-08-11,19.039398,18.709383,18.937855,11.145522
1999-08-12,19.280565,18.963242,19.026707,11.197816
1999-08-13,19.699430,19.356722,19.648661,11.563851
1999-08-16,19.674046,19.470959,19.572502,11.519031
1999-08-17,20.283306,19.978676,20.283306,11.937366
1999-08-18,20.194456,19.915211,20.067526,11.810372
1999-08-19,20.004063,19.762896,19.800976,11.653493
1999-08-20,20.105604,19.762896,20.080219,11.817839
1999-08-23,20.613323,20.308693,20.613323,12.131589
1999-08-24,20.956032,20.435621,20.664095,12.161461
1999-08-25,20.511780,20.004063,20.499086,12.064354
1999-08-26,20.575245,20.029448,20.029448,11.787956
1999-08-27,20.143684,19.699430,19.699430,11.593736
1999-08-30,19.775589,18.950548,19.052092,11.212757
1999-08-31,19.267872,18.836311,19.026707,11.197816
1999-09-01,19.115557,18.874392,19.115557,11.250109
1999-09-02,18.899776,18.658611,18.747461,11.033471
1999-09-03,19.699430,19.356722,19.699430,11.593736
1999-09-07,19.610580,19.166328,19.166328,11.279985
1999-09-08,19.293259,18.912470,19.039398,11.205282
1999-09-09,18.988626,18.582453,18.810926,11.070826
1999-09-10,19.090172,18.798233,18.950548,11.152995
1999-09-13,18.925161,18.734768,18.772846,11.048409
1999-09-14,18.557068,18.328594,18.430138,10.846713
1999-09-15,18.734768,18.277822,18.341288,10.794420
1999-09-16,18.430138,18.074736,18.277822,10.757071
1999-09-17,18.633224,18.341288,18.607840,10.987923
1999-09-20,18.506296,18.353981,18.392059,10.860510
1999-09-21,18.303209,18.011271,18.100122,10.688116
1999-09-22,18.176279,17.808184,18.087429,10.680621
1999-09-23,18.303209,17.808184,17.947807,10.598177
1999-09-24,18.100122,17.782799,18.074736,10.673125
1999-09-27,18.227051,17.706640,17.770105,10.493242
1999-09-28,17.871649,17.465475,17.744720,10.478247
1999-09-29,17.846264,17.605097,17.617790,10.403297
1999-09-30,18.087429,17.592405,17.973192,10.613166
1999-10-01,17.833570,17.414703,17.668562,10.433282
1999-10-04,18.341288,17.871649,18.341288,10.830524
1999-10-05,18.785540,18.023964,18.417444,10.875494
1999-10-06,18.836311,18.607840,18.734768,11.062873
1999-10-07,18.925161,18.557068,18.557068,10.957945
1999-10-08,18.963242,18.341288,18.887083,11.152816
1999-10-11,18.887083,18.633224,18.683996,11.032891
1999-10-12,18.658611,18.328594,18.328594,10.823028
1999-10-13,18.430138,17.668562,17.782799,10.500737
1999-10-14,17.858955,17.351238,17.757414,10.485751
1999-10-15,17.427397,16.957758,16.957758,10.013551
1999-10-18,17.503553,17.059301,17.503553,10.335845
1999-10-19,18.214357,17.820877,17.871649,10.553205
1999-10-20,18.227051,17.909727,18.188972,10.740582
1999-10-21,18.277822,17.897036,18.277822,10.793049
1999-10-22,19.191713,18.582453,19.039398,11.242759
1999-10-25,18.937855,18.633224,18.874392,11.145321
1999-10-26,19.026707,18.582453,18.582453,10.972930
1999-10-27,19.572502,18.798233,19.496344,11.512588
1999-10-28,20.879873,20.105604,20.879873,12.329560
1999-10-29,21.247969,20.664095,20.765638,12.262107
1999-11-01,20.854488,20.461006,20.511780,12.112204
1999-11-02,20.917953,20.422930,20.486393,12.097205
1999-11-03,20.638708,20.334078,20.397543,12.044742
1999-11-04,20.879873,20.575245,20.638708,12.187152
1999-11-05,21.425671,21.044882,21.146425,12.486955
1999-11-08,21.121040,20.917953,21.032188,12.419504
1999-11-09,21.121040,20.511780,20.626015,12.179657
1999-11-10,20.575245,20.270613,20.308693,11.992273
1999-11-11,20.283306,20.016754,20.194456,11.924814
1999-11-12,21.095654,20.080219,21.070269,12.441986
1999-11-15,21.121040,20.905260,21.057575,12.434498
1999-11-16,21.755686,21.184504,21.628757,12.771775
1999-11-17,21.539907,21.070269,21.171812,12.501945
1999-11-18,21.286049,20.841795,21.108347,12.464475
1999-11-19,21.121040,20.765638,20.791023,12.277089
1999-11-22,20.714867,20.537165,20.714867,12.232126
1999-11-23,20.562551,20.156378,20.384850,12.037251
1999-11-24,20.207150,20.016754,20.143684,11.894838
1999-11-26,20.283306,20.004063,20.004063,11.812396
1999-11-29,19.750202,19.521730,19.521730,11.527581
1999-11-30,20.105604,19.521730,19.851748,11.722447
1999-12-01,19.953291,19.648661,19.699430,11.632512
1999-12-02,19.953291,19.597889,19.788282,11.684976
1999-12-03,20.638708,20.257919,20.257919,11.962300
1999-12-06,20.156378,19.623274,19.712124,11.640006
1999-12-07,19.674046,19.445574,19.674046,11.617519
1999-12-08,19.623274,19.204407,19.204407,11.340195
1999-12-09,19.521730,19.179022,19.483652,11.505091
1999-12-10,19.940598,19.610580,19.826361,11.707460
1999-12-13,19.724817,19.483652,19.597889,11.572549
1999-12-14,19.496344,19.102863,19.128248,11.295227
1999-12-15,19.191713,18.988626,19.077478,11.265248
1999-12-16,18.963242,18.531681,18.658611,11.017905
1999-12-17,18.899776,18.633224,18.734768,11.103481
1999-12-20,18.874392,18.455524,18.582453,11.013207
1999-12-21,19.217100,18.531681,18.937855,11.223848
1999-12-22,19.064785,18.810926,18.937855,11.223848
1999-12-23,19.293259,18.937855,19.242485,11.404391
1999-12-27,19.470959,19.090172,19.090172,11.314123
1999-12-28,19.115557,18.963242,19.014013,11.268981
1999-12-29,19.331335,18.963242,19.204407,11.381821
1999-12-30,19.496344,19.166328,19.293259,11.434486
1999-12-31,19.496344,19.217100,19.305950,11.442002
2000-01-03,19.267872,18.455524,18.582453,11.013207
2000-01-04,18.201666,17.605097,17.770105,10.531757
2000-01-05,17.960501,17.440088,17.630484,10.449013
2000-01-06,18.518990,17.681255,18.404753,10.907889
2000-01-07,18.734768,18.277822,18.709383,11.088438
2000-01-10,18.861698,18.328594,18.379366,10.892850
2000-01-11,18.442831,18.074736,18.074736,10.712304
2000-01-12,18.531681,18.214357,18.430138,10.922935
2000-01-13,19.077478,18.658611,18.988626,11.253935
2000-01-14,19.559809,19.204407,19.432880,11.517226
2000-01-18,19.369415,18.785540,18.785540,11.133576
2000-01-19,19.166328,18.683996,18.722076,11.095962
2000-01-20,18.861698,18.277822,18.379366,10.892850
2000-01-21,18.480909,18.049351,18.150894,10.757441
2000-01-24,18.328594,17.668562,17.820877,10.561850
2000-01-25,18.150894,17.795490,18.011271,10.674688
2000-01-26,18.709383,18.125507,18.683996,11.073395
2000-01-27,19.001320,18.582453,18.887083,11.193755
2000-01-28,18.582453,18.074736,18.227051,10.802575
2000-01-31,18.734768,18.023964,18.734768,11.103481
2000-02-01,18.874392,18.557068,18.836311,11.163665
2000-02-02,18.810926,18.480909,18.645918,11.050824
2000-02-03,18.734768,18.188972,18.531681,10.983119
2000-02-04,18.683996,18.227051,18.341288,10.870280
2000-02-07,18.303209,18.023964,18.150894,10.757441
2000-02-08,18.480909,18.252438,18.353981,10.877802
2000-02-09,18.353981,17.795490,17.922421,10.622026
2000-02-10,17.947807,17.262388,17.427397,10.328646
2000-02-11,17.871649,17.313160,17.465475,10.351216
2000-02-14,17.617790,17.122766,17.617790,10.441485
2000-02-15,17.706640,17.160845,17.643175,10.456531
2000-02-16,17.668562,17.173538,17.275082,10.238371
2000-02-17,17.567019,16.881599,17.059301,10.110490
2000-02-18,16.983145,16.297726,16.450041,9.749396
2000-02-22,16.729284,16.246954,16.602356,9.839665
2000-02-23,16.741978,16.373882,16.538891,9.802058
2000-02-24,16.500813,16.018480,16.196182,9.598949
2000-02-25,16.627743,15.967709,16.094639,9.538770
2000-02-28,16.767365,16.246954,16.615049,9.847194
2000-02-29,16.843521,16.450041,16.729284,9.914896
2000-03-01,17.110073,16.653128,16.957758,10.050308
2000-03-02,16.983145,16.564278,16.856215,9.990129
2000-03-03,17.211617,16.856215,17.008530,10.080401
2000-03-06,17.097380,16.678513,16.843521,9.982604
2000-03-07,16.805443,16.145411,16.335804,9.681698
2000-03-08,16.246954,15.840780,16.145411,9.568854
2000-03-09,16.323111,15.891552,16.234261,9.621510
2000-03-10,16.450041,16.196182,16.285032,9.651600
2000-03-13,16.627743,15.815394,16.450041,9.749396
2000-03-14,16.691206,16.348497,16.386576,9.711783
2000-03-15,17.465475,16.246954,17.389318,10.306081
2000-03-16,18.887083,17.770105,18.887083,11.193755
2000-03-17,19.242485,18.709383,18.823620,11.197077
2000-03-20,18.887083,18.265129,18.468218,10.985670
2000-03-21,19.166328,18.252438,19.140942,11.385831
2000-03-22,19.394800,18.988626,19.305950,11.483987
2000-03-23,20.105604,19.102863,19.978676,11.884152
2000-03-24,20.461006,19.877132,20.207150,12.020055
2000-03-27,20.194456,19.394800,19.547115,11.627438
2000-03-28,19.927904,19.344028,19.699430,11.718041
2000-03-29,19.902517,19.356722,19.547115,11.627438
2000-03-30,19.800976,19.420187,19.585196,11.650099
2000-03-31,19.851748,19.293259,19.712124,11.725594
2000-04-03,20.664095,20.029448,20.664095,12.291869
2000-04-04,20.816408,19.077478,19.839054,11.801098
2000-04-05,20.054832,19.610580,19.686737,11.710495
2000-04-06,19.953291,19.712124,19.902517,11.838850
2000-04-07,20.029448,19.445574,19.496344,11.597242
2000-04-10,20.143684,19.356722,20.054832,11.929453
2000-04-11,20.308693,19.775589,20.308693,12.080463
2000-04-12,20.956032,20.308693,20.397543,12.133315
2000-04-13,20.232534,19.813667,19.864439,11.816195
2000-04-14,19.267872,17.973192,18.252438,10.857318
2000-04-17,18.709383,18.074736,18.404753,10.947918
2000-04-18,19.293259,18.328594,19.140942,11.385831
2000-04-19,19.166328,18.633224,18.887083,11.234828
2000-04-20,19.242485,18.785540,19.242485,11.446235
2000-04-24,19.699430,19.039398,19.699430,11.718041
2000-04-25,20.384850,19.699430,20.308693,12.080463
2000-04-26,20.296000,19.813667,19.902517,11.838850
2000-04-27,19.674046,19.153635,19.496344,11.597242
2000-04-28,19.902517,18.937855,19.902517,11.838850
2000-05-01,19.724817,18.963242,19.458265,11.574593
2000-05-02,19.445574,19.204407,19.267872,11.461339
2000-05-03,19.483652,18.760155,18.925161,11.257473
2000-05-04,18.836311,18.506296,18.633224,11.083818
2000-05-05,18.810926,18.404753,18.760155,11.159321
2000-05-08,19.140942,18.557068,19.128248,11.378280
2000-05-09,19.470959,18.861698,19.077478,11.348081
2000-05-10,19.039398,18.557068,18.569759,11.046071
2000-05-11,19.229794,18.810926,19.128248,11.378280
2000-05-12,19.572502,19.039398,19.344028,11.506638
2000-05-15,20.232534,19.445574,20.207150,12.020055
2000-05-16,20.397543,19.927904,20.092913,11.952100
2000-05-17,20.029448,19.699430,19.750202,11.748245
2000-05-18,20.384850,19.877132,20.004063,11.899251
2000-05-19,20.029448,19.496344,19.648661,11.687843
2000-05-22,19.902517,19.394800,19.902517,11.838850
2000-05-23,20.105604,19.724817,20.029448,11.914362
2000-05-24,20.461006,19.915211,20.283306,12.065353
2000-05-25,20.334078,19.572502,19.775589,11.763350
2000-05-26,19.877132,19.496344,19.699430,11.718041
2000-05-30,20.156378,19.851748,20.105604,11.959652
2000-05-31,20.384850,20.004063,20.346771,12.103107
2000-06-01,21.057575,20.410236,21.019497,12.503277
2000-06-02,22.060316,21.577986,21.882616,13.016694
2000-06-05,21.831844,21.171812,21.387590,12.722233
2000-06-06,21.641451,20.714867,20.917953,12.442876
2000-06-07,21.374899,20.854488,21.222584,12.624087
2000-06-08,21.247969,20.740252,20.867182,12.412679
2000-06-09,21.121040,20.410236,20.511780,12.201268
2000-06-12,20.740252,20.537165,20.689480,12.306973
2000-06-13,20.917953,20.410236,20.664095,12.291869
2000-06-14,21.247969,20.765638,21.019497,12.503277
2000-06-15,20.816408,20.181763,20.524471,12.208817
2000-06-16,20.232534,19.344028,19.496344,11.637313
2000-06-19,20.105604,19.394800,20.004063,11.940371
2000-06-20,20.105604,19.699430,19.750202,11.788839
2000-06-21,19.775589,19.394800,19.597889,11.697922
2000-06-22,19.585196,19.191713,19.585196,11.690353
2000-06-23,19.851748,19.420187,19.445574,11.607010
2000-06-26,19.877132,19.547115,19.750202,11.788839
2000-06-27,20.054832,19.775589,19.940598,11.902493
2000-06-28,20.105604,19.750202,19.788282,11.811574
2000-06-29,19.851748,19.496344,19.775589,11.803997
2000-06-30,19.699430,19.014013,19.293259,11.516095
2000-07-03,19.648661,19.140942,19.648661,11.728230
2000-07-05,20.105604,19.597889,19.864439,11.857025
2000-07-06,20.105604,19.559809,20.016754,11.947946
2000-07-07,20.486393,20.067526,20.359465,12.152507
2000-07-10,20.638708,20.359465,20.410236,12.182817
2000-07-11,20.765638,20.422930,20.511780,12.243428
2000-07-12,21.044882,20.714867,20.803717,12.417680
2000-07-13,20.905260,20.511780,20.600630,12.296457
2000-07-14,21.070269,20.689480,20.943338,12.501019
2000-07-17,21.019497,20.537165,20.549858,12.266153
2000-07-18,20.587936,20.283306,20.587936,12.288880
2000-07-19,20.638708,20.384850,20.511780,12.243428
2000-07-20,21.171812,20.537165,21.032188,12.554051
2000-07-21,21.298740,20.892567,20.968725,12.516165
2000-07-24,21.324127,20.892567,21.095654,12.591937
2000-07-25,21.222584,20.943338,21.133734,12.614668
2000-07-26,21.247969,20.867182,21.032188,12.554051
2000-07-27,21.400284,20.994110,21.095654,12.591937
2000-07-28,21.222584,20.638708,20.638708,12.319188
2000-07-31,21.197197,20.689480,20.994110,12.531327
2000-08-01,21.260662,21.019497,21.133734,12.614668
2000-08-02,21.400284,21.044882,21.108347,12.599520
2000-08-03,21.730301,21.146425,21.666836,12.932876
2000-08-04,22.504568,21.869923,22.504568,13.432921
2000-08-07,22.568033,22.060316,22.568033,13.470795
2000-08-08,22.568033,22.288790,22.568033,13.470795
2000-08-09,22.669579,21.984159,22.415718,13.379881
2000-08-10,22.618807,22.161860,22.288790,13.304118
2000-08-11,22.644192,22.187246,22.631498,13.508681
2000-08-14,22.936129,22.339561,22.923435,13.682926
2000-08-15,22.796507,22.415718,22.504568,13.432921
2000-08-16,22.720348,22.060316,22.238018,13.273814
2000-08-17,22.542648,22.161860,22.529955,13.448064
2000-08-18,22.491877,22.263405,22.364946,13.349577
2000-08-21,22.618807,22.250711,22.542648,13.455638
2000-08-22,22.923435,22.466492,22.783813,13.599599
2000-08-23,22.898050,22.441105,22.491877,13.425347
2000-08-24,22.644192,22.288790,22.453798,13.402613
2000-08-25,22.529955,22.149166,22.149166,13.220774
2000-08-28,22.720348,22.238018,22.568033,13.470795
2000-08-29,22.618807,22.136475,22.339561,13.334420
2000-08-30,22.783813,22.339561,22.542648,13.455638
2000-08-31,23.253452,22.517262,23.126522,13.804157
2000-09-01,23.151909,22.745735,22.745735,13.576867
2000-09-05,23.101137,22.733042,23.024981,13.743544
2000-09-06,23.405767,23.050365,23.202681,13.849615
2000-09-07,23.177296,22.898050,23.012287,13.735970
2000-09-08,23.558083,22.948822,23.532698,14.046607
2000-09-11,24.015028,23.659626,24.002335,14.326927
2000-09-12,24.065800,23.811941,23.964256,14.304197
2000-09-13,24.053106,23.608854,23.811941,14.213280
2000-09-14,23.913485,23.685013,23.723091,14.160253
2000-09-15,23.735785,23.177296,23.266146,13.929475
2000-09-18,23.037674,22.403027,22.491877,13.465915
2000-09-19,22.986900,22.529955,22.974209,13.754691
2000-09-20,22.872665,22.212631,22.644192,13.557108
2000-09-21,22.542648,22.034931,22.390333,13.405118
2000-09-22,22.898050,22.288790,22.821894,13.663496
2000-09-25,23.342302,22.898050,23.189987,13.883882
2000-09-26,23.329611,22.898050,23.037674,13.792689
2000-09-27,23.075750,22.758429,23.050365,13.800286
2000-09-28,23.748478,22.923435,23.634239,14.149859
2000-09-29,23.888100,23.507311,23.558083,14.104259
2000-10-02,23.913485,23.151909,23.888100,14.301837
2000-10-03,24.065800,23.773863,23.862713,14.286637
2000-10-04,23.811941,23.418461,23.558083,14.104259
2000-10-05,23.951565,23.608854,23.786556,14.241049
2000-10-06,23.710398,22.542648,22.796507,13.648297
2000-10-09,22.733042,22.390333,22.441105,13.435520
2000-10-10,22.568033,21.577986,21.793764,13.047951
2000-10-11,21.831844,21.121040,21.831844,13.070754
2000-10-12,21.654142,20.473700,20.562551,12.310832
2000-10-13,21.730301,20.740252,21.628757,12.949164
2000-10-16,21.895309,21.438362,21.819151,13.063145
2000-10-17,22.009544,21.019497,21.222584,12.705989
2000-10-18,21.489136,20.207150,20.981419,12.561596
2000-10-19,22.136475,21.552601,21.971466,13.154349
2000-10-20,22.238018,21.933388,22.060316,13.207537
2000-10-23,22.034931,21.603371,21.692223,12.987160
2000-10-24,22.517262,21.882616,22.238018,13.313931
2000-10-25,22.733042,22.136475,22.364946,13.389924
2000-10-26,22.377640,21.286049,21.641451,12.956769
2000-10-27,22.441105,21.844538,22.352255,13.382326
2000-10-30,23.380383,22.555342,23.164602,13.868674
2000-10-31,23.507311,22.961515,23.354996,13.982670
2000-11-01,23.354996,23.050365,23.253452,13.921876
2000-11-02,23.634239,23.266146,23.367689,13.990260
2000-11-03,23.507311,23.202681,23.304224,13.952266
2000-11-06,23.659626,23.304224,23.621548,14.142260
2000-11-07,23.735785,23.418461,23.545389,14.096662
2000-11-08,23.507311,22.961515,23.126522,13.845882
2000-11-09,23.507311,22.847279,23.291531,13.944670
2000-11-10,23.393076,22.923435,23.037674,13.792689
2000-11-13,22.948822,22.149166,22.491877,13.465915
2000-11-14,23.151909,22.542648,22.618807,13.541908
2000-11-15,22.694963,22.187246,22.441105,13.435520
2000-11-16,22.644192,22.212631,22.364946,13.389924
2000-11-17,22.694963,21.984159,22.187246,13.283532
2000-11-20,21.908003,21.374899,21.527214,12.888374
2000-11-21,21.704914,21.121040,21.577986,12.918769
2000-11-22,21.501827,20.917953,21.057575,12.607199
2000-11-24,21.374899,21.184504,21.209890,12.698389
2000-11-27,21.565292,21.324127,21.501827,12.873173
2000-11-28,21.908003,21.425671,21.730301,13.009955
2000-11-29,22.263405,21.730301,22.263405,13.329132
2000-11-30,22.504568,21.628757,22.161860,13.268334
2000-12-01,22.441105,21.946079,22.034931,13.192344
2000-12-04,22.022238,21.704914,21.933388,13.131545
2000-12-05,23.050365,21.908003,22.847279,13.678692
2000-12-06,23.634239,22.339561,22.745735,13.617901
2000-12-07,23.050365,22.568033,22.796507,13.648297
2000-12-08,23.558083,23.101137,23.456539,14.043465
2000-12-11,23.837326,23.380383,23.646933,14.157452
2000-12-12,23.558083,23.177296,23.367689,13.990260
2000-12-13,23.761169,23.215374,23.380383,13.997874
2000-12-14,22.898050,22.441105,22.707657,13.595103
2000-12-15,22.720348,22.199940,22.529955,13.538605
2000-12-18,23.367689,22.771120,23.189987,13.935231
2000-12-19,23.608854,22.796507,22.936129,13.782681
2000-12-20,22.936129,22.529955,22.720348,13.653015
2000-12-21,23.253452,22.466492,23.253452,13.973364
2000-12-22,23.583469,23.228067,23.443846,14.087774
2000-12-26,23.862713,23.469233,23.862713,14.339473
2000-12-27,24.053106,23.634239,24.015028,14.431009
2000-12-28,24.319658,23.964256,24.256193,14.575932
2000-12-29,24.421202,23.862713,23.964256,14.400496
2001-01-02,24.040415,23.063059,23.291531,13.996239
2001-01-03,24.878147,22.948822,24.548132,14.751351
2001-01-04,24.903534,24.065800,24.116571,14.492021
2001-01-05,24.015028,22.948822,23.608854,14.186933
2001-01-08,23.608854,23.202681,23.367689,14.041994
2001-01-09,23.634239,22.974209,22.974209,13.805558
2001-01-10,23.507311,22.872665,23.354996,14.034382
2001-01-11,23.862713,23.304224,23.405767,14.064889
2001-01-12,23.456539,22.796507,22.961515,13.797933
2001-01-16,24.065800,22.872665,23.367689,14.041994
2001-01-17,23.710398,23.253452,23.405767,14.064889
2001-01-18,23.329611,22.898050,23.063059,13.858952
2001-01-19,23.151909,22.745735,22.898050,13.759796
2001-01-22,23.532698,22.948822,23.304224,14.003866
2001-01-23,23.710398,23.228067,23.532698,14.141160
2001-01-24,23.951565,23.583469,23.672319,14.225060
2001-01-25,23.976950,23.558083,23.888100,14.354732
2001-01-26,24.015028,23.659626,23.976950,14.408123
2001-01-29,24.289196,23.948009,23.996752,14.420024
2001-01-30,24.240456,23.761169,24.207960,14.546944
2001-01-31,24.289196,23.834282,23.907393,14.366321
2001-02-01,24.126726,23.850529,23.939886,14.385853
2001-02-02,24.272949,23.931763,24.004873,14.424907
2001-02-05,24.207960,23.899269,24.167343,14.522530
2001-02-06,24.142973,23.655565,23.696182,14.239407
2001-02-07,23.915516,23.484972,23.639318,14.205228
2001-02-08,23.866776,23.452478,23.574329,14.166185
2001-02-09,23.785540,23.363119,23.671812,14.224762
2001-02-12,24.061737,23.704306,24.004873,14.424907
2001-02-13,24.151096,23.769293,23.866776,14.341912
2001-02-14,23.883022,23.468725,23.590576,14.175948
2001-02-15,23.663689,23.306255,23.590576,14.175948
2001-02-16,23.785540,23.306255,23.598700,14.180820
2001-02-20,23.639318,22.672625,22.729488,13.658504
2001-02-21,22.867586,22.055241,22.055241,13.253335
2001-02-22,22.209585,21.267262,22.209585,13.346087
2001-02-23,22.282698,21.445978,22.103981,13.282623
2001-02-26,22.591389,21.917141,22.591389,13.575509
2001-02-27,23.046305,22.437042,22.835093,13.721961
2001-02-28,22.859465,22.047115,22.298944,13.399786
2001-03-01,22.331438,21.868401,22.323315,13.414432
2001-03-02,22.664499,22.079611,22.355808,13.433953
2001-03-05,22.542648,21.941511,22.242081,13.365611
2001-03-06,22.729488,22.258327,22.307068,13.404662
2001-03-07,22.843218,22.144598,22.778229,13.687793
2001-03-08,23.103168,22.705118,22.867586,13.741489
2001-03-09,22.583265,22.209585,22.339561,13.424195
2001-03-12,21.965881,20.722988,21.242891,12.765185
2001-03-13,21.819658,21.186028,21.811535,13.106890
2001-03-14,21.307880,20.552397,20.804224,12.501587
2001-03-15,21.527214,21.104794,21.429731,12.877462
2001-03-16,21.543461,20.958570,21.080421,12.709469
2001-03-19,21.429731,20.714867,21.324127,12.856398
2001-03-20,21.519091,20.666124,20.731113,12.498869
2001-03-21,20.893581,19.983753,20.129976,12.136446
2001-03-22,19.894396,18.992689,19.610073,11.822993
2001-03-23,20.487410,19.740049,20.438667,12.322556
2001-03-26,20.966694,20.536148,20.763607,12.518462
2001-03-27,21.462227,20.487410,21.348497,12.871090
2001-03-28,21.348497,20.942324,21.234768,12.802525
2001-03-29,21.316004,20.982941,21.186028,12.773134
2001-03-30,21.559708,21.161657,21.559708,12.998431
2001-04-02,22.006498,21.332251,21.657188,13.057206
2001-04-03,21.584078,20.844843,20.926077,12.616412
2001-04-04,20.836718,20.186840,20.414297,12.307857
2001-04-05,21.234768,20.828594,21.161657,12.758451
2001-04-06,21.194151,20.463037,20.690496,12.474380
2001-04-09,20.991064,20.601137,20.682371,12.469484
2001-04-10,21.413485,20.958570,21.283508,12.831913
2001-04-11,21.722178,21.380991,21.462227,12.939661
2001-04-12,21.689684,21.364744,21.624695,13.037617
2001-04-16,21.819658,21.324127,21.470348,12.944556
2001-04-17,21.681561,21.275387,21.649067,13.052296
2001-04-18,23.549959,21.827782,22.558895,13.600846
2001-04-19,22.826969,22.502031,22.680746,13.674309
2001-04-20,22.550772,22.201462,22.290819,13.439224
2001-04-23,22.266451,21.884647,22.014622,13.272707
2001-04-24,22.258327,21.844028,21.900894,13.204136
2001-04-25,22.160845,21.754671,22.136475,13.346171
2001-04-26,22.469538,22.152721,22.225834,13.400040
2001-04-27,22.737612,22.420795,22.705118,13.689006
2001-04-30,22.908205,22.307068,22.339561,13.468610
2001-05-01,22.591389,22.225834,22.526402,13.581259
2001-05-02,22.826969,22.477659,22.705118,13.689006
2001-05-03,22.721365,22.380178,22.713242,13.693902
2001-05-04,23.054426,22.469538,22.989439,13.860424
2001-05-07,22.940699,22.680746,22.843218,13.772262
2001-05-08,22.851339,22.599512,22.607635,13.630231
2001-05-09,22.648252,22.420795,22.583265,13.615543
2001-05-10,22.826969,22.526402,22.591389,13.620431
2001-05-11,22.761982,22.274574,22.380178,13.493101
2001-05-14,22.591389,22.298944,22.567019,13.605742
2001-05-15,22.948822,22.550772,22.705118,13.689006
2001-05-16,23.387489,22.591389,23.314379,14.056326
2001-05-17,23.428106,23.127539,23.192526,13.982863
2001-05-18,23.281885,22.932575,23.062551,13.904506
2001-05-21,23.428106,22.965069,23.387489,14.100410
2001-05-22,23.826159,23.387489,23.623072,14.242448
2001-05-23,23.704306,23.403736,23.525589,14.183666
2001-05-24,23.753046,23.525589,23.614946,14.237544
2001-05-25,23.663689,23.298132,23.298132,14.046540
2001-05-29,23.509342,23.208773,23.314379,14.056326
2001-05-30,23.509342,23.103168,23.119415,13.938786
2001-05-31,23.322502,22.997562,23.322502,14.061224
2001-06-01,23.346872,23.030058,23.281885,14.036737
2001-06-04,23.468725,23.168156,23.468725,14.149380
2001-06-05,23.696182,23.436232,23.574329,14.213054
2001-06-06,23.484972,23.200649,23.395613,14.105310
2001-06-07,23.298132,22.997562,23.241266,14.012250
2001-06-08,23.151909,22.940699,23.103168,13.928997
2001-06-11,23.168156,22.851339,22.883835,13.796761
2001-06-12,22.973192,22.558895,22.956945,13.840831
2001-06-13,23.119415,22.696995,22.770105,13.728187
2001-06-14,22.648252,22.372055,22.372055,13.488194
2001-06-15,22.445168,22.047115,22.404549,13.557517
2001-06-18,22.542648,22.168968,22.461412,13.591919
2001-06-19,22.826969,22.607635,22.664499,13.714816
2001-06-20,23.054426,22.664499,22.786352,13.788553
2001-06-21,23.704306,22.948822,23.704306,14.344024
2001-06-22,23.639318,23.346872,23.395613,14.157225
2001-06-25,23.525589,23.095045,23.208773,14.044167
2001-06-26,23.054426,22.745735,22.916328,13.867196
2001-06-27,23.290009,22.924452,22.924452,13.872121
2001-06-28,23.403736,23.046305,23.225019,14.053996
2001-06-29,23.184402,22.956945,23.070675,13.960603
2001-07-02,23.411860,23.095045,23.354996,14.132648
2001-07-03,23.419985,23.265638,23.338749,14.122819
2001-07-05,23.428106,23.176279,23.192526,14.034345
2001-07-06,23.046305,22.696995,22.721365,13.749222
2001-07-09,22.826969,22.567019,22.794476,13.793472
2001-07-10,22.810722,22.242081,22.242081,13.459196
2001-07-11,22.258327,21.868401,22.201462,13.434620
2001-07-12,22.672625,22.217709,22.591389,13.670568
2001-07-13,22.867586,22.518278,22.859465,13.832788
2001-07-16,23.070675,22.534525,22.534525,13.636159
2001-07-17,22.997562,22.493908,22.997562,13.916362
2001-07-18,22.948822,22.680746,22.867586,13.837702
2001-07-19,23.070675,22.623882,22.713242,13.744310
2001-07-20,22.680746,22.558895,22.607635,13.680405
2001-07-23,22.737612,22.420795,22.485785,13.606668
2001-07-24,22.510155,22.152721,22.193338,13.429705
2001-07-25,22.380178,22.071487,22.363932,13.532934
2001-07-26,22.550772,22.217709,22.542648,13.641077
2001-07-27,22.737612,22.420795,22.672625,13.719725
2001-07-30,22.680746,22.542648,22.599512,13.675480
2001-07-31,23.005686,22.648252,22.851339,13.827867
2001-08-01,23.095045,22.745735,22.948822,13.886864
2001-08-02,23.135662,22.916328,22.916328,13.867196
2001-08-03,23.013809,22.778229,23.013809,13.926183
2001-08-06,22.981316,22.632006,22.680746,13.724642
2001-08-07,22.924452,22.688871,22.924452,13.872121
2001-08-08,22.859465,22.461412,22.461412,13.591919
2001-08-09,22.567019,22.347685,22.567019,13.655822
2001-08-10,22.648252,22.339561,22.583265,13.665658
2001-08-13,22.680746,22.420795,22.558895,13.650910
2001-08-14,22.778229,22.469538,22.567019,13.655822
2001-08-15,22.713242,22.469538,22.477659,13.601752
2001-08-16,22.477659,22.242081,22.412674,13.562427
2001-08-17,22.380178,21.990252,22.079611,13.360884
2001-08-20,22.315191,22.095858,22.298944,13.493609
2001-08-21,22.607635,22.022745,22.022745,13.326473
2001-08-22,22.274574,21.974005,22.120228,13.385460
2001-08-23,22.242081,22.063362,22.128351,13.390373
2001-08-24,22.250202,21.990252,22.185215,13.424790
2001-08-27,22.217709,21.900894,21.965881,13.292060
2001-08-28,21.933388,21.616571,21.616571,13.080688
2001-08-29,21.779041,21.380991,21.421608,12.962710
2001-08-30,21.527214,21.194151,21.275387,12.874233
2001-08-31,21.608448,21.267262,21.340374,12.913546
2001-09-04,21.649067,21.039804,21.251015,12.859485
2001-09-05,21.324127,20.812347,21.121040,12.780828
2001-09-06,21.015434,20.576767,20.633631,12.485889
2001-09-07,20.641754,20.073111,20.227457,12.240102
2001-09-10,20.471163,19.853777,20.268076,12.264688
2001-09-17,19.455727,17.871649,19.374493,11.723957
2001-09-18,19.415110,19.090172,19.130789,11.576479
2001-09-19,19.374493,18.318439,18.992689,11.492914
2001-09-20,18.700245,18.115353,18.155972,10.986600
2001-09-21,18.237206,17.181154,17.790415,10.813292
2001-09-24,18.919579,18.399675,18.716492,11.376173
2001-09-25,19.171406,18.692120,19.017059,11.558867
2001-09-26,19.333876,18.943949,19.203899,11.672427
2001-09-27,19.593826,19.082047,19.520716,11.864993
2001-09-28,20.154346,19.666937,20.048740,12.185928
2001-10-01,20.129976,19.861900,19.991877,12.151376
2001-10-02,20.381804,19.902517,20.268076,12.319256
2001-10-03,20.796101,20.203087,20.593014,12.516755
2001-10-04,20.755484,20.324940,20.430544,12.417999
2001-10-05,20.552397,19.658813,19.870024,12.077314
2001-10-08,19.675060,19.333876,19.423233,11.805737
2001-10-09,19.723803,19.341997,19.585703,11.904491
2001-10-10,20.016247,19.471973,19.894396,12.092119
2001-10-11,20.308693,19.983753,20.211210,12.284683
2001-10-12,19.943136,19.536963,19.894396,12.092119
2001-10-15,20.105604,19.618196,19.983753,12.146437
2001-10-16,20.463037,20.064987,20.308693,12.343940
2001-10-17,20.714867,20.105604,20.105604,12.220496
2001-10-18,20.268076,19.861900,20.081236,12.205686
2001-10-19,19.918764,19.512590,19.756296,12.008188
2001-10-22,20.341187,19.740049,20.235580,12.299492
2001-10-23,20.511780,20.186840,20.284323,12.329123
2001-10-24,20.373680,20.105604,20.211210,12.284683
2001-10-25,20.576767,19.861900,20.479284,12.447633
2001-10-26,20.755484,20.471163,20.714867,12.590815
2001-10-29,20.454914,19.983753,19.983753,12.146437
2001-10-30,20.105604,19.536963,19.943136,12.121752
2001-10-31,20.081236,19.642567,19.764420,12.013118
2001-11-01,20.113729,19.415110,20.089357,12.210624
2001-11-02,20.259951,19.902517,20.194963,12.274813
2001-11-05,20.641754,20.389927,20.633631,12.541442
2001-11-06,20.901707,20.398050,20.885460,12.694502
2001-11-07,21.202274,20.731113,20.966694,12.743878
2001-11-08,21.340374,20.917953,21.031681,12.783382
2001-11-09,21.031681,20.690496,20.893581,12.699440
2001-11-12,20.958570,20.308693,20.796101,12.640198
2001-11-13,21.356621,21.088547,21.356621,12.980886
2001-11-14,21.567831,21.186028,21.316004,12.956202
2001-11-15,21.527214,21.186028,21.186028,12.877198
2001-11-16,21.364744,20.917953,21.080421,12.813007
2001-11-19,21.510967,21.129164,21.510967,13.074695
2001-11-20,21.437855,21.202274,21.389114,13.000627
2001-11-21,21.283508,21.015434,21.202274,12.887065
2001-11-23,21.551584,21.080421,21.527214,13.084574
2001-11-26,21.697807,21.372868,21.640942,13.153705
2001-11-27,21.803411,21.372868,21.689684,13.183323
2001-11-28,21.584078,20.999187,21.039804,12.788317
2001-11-29,21.299755,20.958570,21.267262,12.926572
2001-11-30,21.242891,21.039804,21.047930,12.793259
2001-12-03,20.877335,20.641754,20.755484,12.615498
2001-12-04,21.121040,20.690496,21.039804,12.788317
2001-12-05,21.567831,21.039804,21.332251,12.966069
2001-12-06,21.649067,21.324127,21.608448,13.133946
2001-12-07,21.640942,21.380991,21.462227,13.045070
2001-12-10,21.527214,21.080421,21.121040,12.837693
2001-12-11,21.486595,21.121040,21.242891,12.911757
2001-12-12,21.307880,20.991064,21.161657,12.862391
2001-12-13,21.039804,20.796101,20.828594,12.659944
2001-12-14,20.877335,20.641754,20.714867,12.590815
2001-12-17,21.047930,20.714867,20.999187,12.763627
2001-12-18,21.194151,20.982941,21.194151,12.882137
2001-12-19,21.608448,21.039804,21.608448,13.133946
2001-12-20,21.608448,21.332251,21.519091,13.079640
2001-12-21,21.364744,21.080421,21.275387,12.987893
2001-12-24,21.283508,21.153534,21.259138,12.977970
2001-12-26,21.445978,21.259138,21.356621,13.037483
2001-12-27,21.445978,21.210398,21.340374,13.027556
2001-12-28,21.665314,21.405361,21.567831,13.166422
2001-12-31,21.649067,21.364744,21.364744,13.042444
2002-01-02,21.445978,21.039804,21.340374,13.027556
2002-01-03,21.527214,21.291634,21.486595,13.116827
2002-01-04,21.852154,21.608448,21.770918,13.290400
2002-01-07,21.925264,21.608448,21.714054,13.255686
2002-01-08,21.730301,21.291634,21.413485,13.072198
2002-01-09,21.770918,21.413485,21.527214,13.141625
2002-01-10,21.649067,21.405361,21.445978,13.092028
2002-01-11,21.770918,21.324127,21.324127,13.017643
2002-01-14,21.324127,21.161657,21.161657,12.918471
2002-01-15,21.624695,21.210398,21.624695,13.201137
2002-01-16,21.567831,21.324127,21.356621,13.037483
2002-01-17,21.689684,21.462227,21.559708,13.161463
2002-01-18,21.632818,21.405361,21.478474,13.111876
2002-01-22,21.608448,21.364744,21.405361,13.067237
2002-01-23,21.608448,21.283508,21.502844,13.126753
2002-01-24,21.730301,21.494720,21.527214,13.141625
2002-01-25,21.714054,21.405361,21.665314,13.225929
2002-01-28,21.689684,21.291634,21.445978,13.092028
2002-01-29,21.559708,20.398050,20.511780,12.521734
2002-01-30,21.445978,19.943136,20.771730,12.680421
2002-01-31,21.121040,20.690496,21.121040,12.893667
2002-02-01,21.080421,20.747360,20.861090,12.734981
2002-02-04,20.674250,20.105604,20.105604,12.273780
2002-02-05,20.186840,19.780666,20.105604,12.273780
2002-02-06,20.146223,19.626320,19.821283,12.100211
2002-02-07,20.219334,19.740049,20.008123,12.214270
2002-02-08,20.552397,20.146223,20.536148,12.536617
2002-02-11,20.714867,20.316816,20.714867,12.645715
2002-02-12,20.706741,20.471163,20.479284,12.501906
2002-02-13,20.950447,20.511780,20.893581,12.754810
2002-02-14,21.080421,20.593014,20.852964,12.730021
2002-02-15,20.836718,20.487410,20.528027,12.531653
2002-02-19,20.389927,19.967506,19.967506,12.189479
2002-02-20,20.349310,19.715677,20.341187,12.417594
2002-02-21,20.389927,19.943136,20.105604,12.273780
2002-02-22,20.024370,19.577579,19.983753,12.199398
2002-02-25,20.503656,19.943136,20.495531,12.511812
2002-02-26,20.666124,20.308693,20.479284,12.501906
2002-02-27,21.007311,20.552397,20.690496,12.630840
2002-02-28,21.039804,20.674250,20.755484,12.670505
2002-03-01,21.072298,20.755484,21.039804,12.844075
2002-03-04,21.770918,21.242891,21.754671,13.280479
2002-03-05,22.014622,21.624695,21.770918,13.290400
2002-03-06,22.217709,21.779041,22.136475,13.513563
2002-03-07,22.242081,21.770918,21.941511,13.394535
2002-03-08,22.298944,21.974005,22.038994,13.454045
2002-03-11,22.258327,21.974005,22.168968,13.533395
2002-03-12,22.282698,21.933388,22.177092,13.538352
2002-03-13,22.193338,21.868401,21.974005,13.414369
2002-03-14,22.168968,21.933388,22.030869,13.449087
2002-03-15,22.485785,22.055241,22.420795,13.732692
2002-03-18,22.591389,22.185215,22.372055,13.702843
2002-03-19,22.542648,22.339561,22.363932,13.697868
2002-03-20,22.339561,22.014622,22.014622,13.483921
2002-03-21,22.128351,21.730301,22.022745,13.488894
2002-03-22,22.250202,21.900894,22.014622,13.483921
2002-03-25,22.087734,21.665314,21.665314,13.269966
2002-03-26,22.177092,21.689684,21.933388,13.434161
2002-03-27,22.290819,21.933388,22.217709,13.608312
2002-03-28,22.355808,22.022745,22.055241,13.508797
2002-04-01,22.030869,21.730301,22.014622,13.483921
2002-04-02,22.177092,21.811535,22.095858,13.533666
2002-04-03,22.136475,21.738424,21.770918,13.334652
2002-04-04,22.055241,21.770918,21.965881,13.454061
2002-04-05,22.282698,22.071487,22.071487,13.518748
2002-04-08,22.225834,21.925264,22.136475,13.558556
2002-04-09,22.420795,22.185215,22.274574,13.643130
2002-04-10,22.461412,22.266451,22.355808,13.692895
2002-04-11,22.339561,21.738424,21.803411,13.354550
2002-04-12,22.160845,21.884647,22.079611,13.523717
2002-04-15,22.258327,21.673435,21.795288,13.349578
2002-04-16,22.282698,21.933388,22.242081,13.623234
2002-04-17,22.412674,22.120228,22.298944,13.658069
2002-04-18,22.420795,21.892771,22.298944,13.658069
2002-04-19,22.339561,22.193338,22.258327,13.633190
2002-04-22,22.209585,21.892771,21.957758,13.449088
2002-04-23,22.014622,21.787165,21.852154,13.384415
2002-04-24,22.014622,21.673435,21.714054,13.299824
2002-04-25,21.649067,21.332251,21.510967,13.175429
2002-04-26,21.689684,21.332251,21.429731,13.125671
2002-04-29,21.543461,21.202274,21.242891,13.011237
2002-04-30,21.665314,21.226645,21.494720,13.165472
2002-05-01,21.689684,21.251015,21.640942,13.255045
2002-05-02,21.852154,21.608448,21.852154,13.384415
2002-05-03,21.844028,21.632818,21.746548,13.319718
2002-05-06,21.852154,20.495531,21.242891,13.011237
2002-05-07,21.429731,21.129164,21.145411,12.951530
2002-05-08,21.819658,21.567831,21.770918,13.334652
2002-05-09,21.730301,21.307880,21.510967,13.175429
2002-05-10,21.649067,21.234768,21.234768,13.006260
2002-05-13,21.632818,21.202274,21.616571,13.240120
2002-05-14,21.949635,21.730301,21.949635,13.444113
2002-05-15,22.112104,21.844028,21.844028,13.379431
2002-05-16,22.112104,21.852154,22.103981,13.538651
2002-05-17,22.258327,22.071487,22.201462,13.598358
2002-05-20,22.160845,21.770918,21.819658,13.364498
2002-05-21,22.030869,21.616571,21.616571,13.240120
2002-05-22,21.665314,21.462227,21.657188,13.264986
2002-05-23,21.917141,21.649067,21.892771,13.409288
2002-05-24,21.974005,21.657188,21.746548,13.319718
2002-05-28,21.811535,21.405361,21.519091,13.180412
2002-05-29,21.592201,21.421608,21.510967,13.175429
2002-05-30,21.551584,21.218521,21.421608,13.120694
2002-05-31,21.681561,21.364744,21.429731,13.125671
2002-06-03,21.600325,20.942324,21.007311,12.866936
2002-06-04,21.015434,20.739237,20.869211,12.782356
2002-06-05,21.121040,20.909828,21.072298,12.906748
2002-06-06,21.015434,20.609261,20.617384,12.628109
2002-06-07,20.804224,20.406174,20.682371,12.667915
2002-06-10,20.958570,20.593014,20.796101,12.737581
2002-06-11,21.007311,20.430544,20.430544,12.513672
2002-06-12,20.609261,20.194963,20.544273,12.583331
2002-06-13,20.495531,20.048740,20.064987,12.289767
2002-06-14,20.365557,19.634443,20.251827,12.404206
2002-06-17,21.169781,20.349310,21.161657,12.961486
2002-06-18,21.283508,20.991064,21.202274,12.986351
2002-06-19,21.194151,20.934200,20.999187,12.861964
2002-06-20,20.958570,20.528027,20.576767,12.603231
2002-06-21,20.584890,20.227457,20.259951,12.464297
2002-06-24,20.487410,19.853777,20.316816,12.499284
2002-06-25,20.649878,20.121853,20.121853,12.379335
2002-06-26,19.845654,19.431356,19.740049,12.144444
2002-06-27,20.243704,19.731924,20.162470,12.404325
2002-06-28,20.552397,20.235580,20.422421,12.564254
2002-07-01,20.495531,20.000000,20.000000,12.304367
2002-07-02,20.097483,19.675060,19.723803,12.134446
2002-07-03,19.772543,19.236393,19.504469,11.999508
2002-07-05,20.259951,19.723803,20.251827,12.459295
2002-07-08,20.406174,19.991877,20.146223,12.394330
2002-07-09,20.284323,19.593826,19.618196,12.069470
2002-07-10,19.772543,18.927702,18.992689,11.684653
2002-07-11,19.268887,18.074736,19.252640,11.844583
2002-07-12,19.333876,18.862713,18.968319,11.669657
2002-07-15,18.968319,18.204712,18.968319,11.669657
2002-07-16,19.017059,18.497156,18.586515,11.434766
2002-07-17,19.057676,18.285946,18.472786,11.364801
2002-07-18,18.562145,17.782291,17.831032,10.969982
2002-07-19,17.774166,17.376118,17.449228,10.735089
2002-07-22,17.506092,16.685621,16.856215,10.370255
2002-07-23,16.872461,15.775792,15.897644,9.780526
2002-07-24,16.872461,15.109667,16.856215,10.370255
2002-07-25,17.205524,16.003248,16.734362,10.295286
2002-07-26,17.246141,16.734362,17.246141,10.610146
2002-07-29,18.399675,17.766045,18.399675,11.319823
2002-07-30,18.602762,17.944759,18.440292,11.344810
2002-07-31,18.724613,18.253452,18.724613,11.519727
2002-08-01,18.627132,18.220959,18.261576,11.234858
2002-08-02,18.229082,17.562958,17.798538,10.949993
2002-08-05,17.709181,17.067425,17.099918,10.520190
2002-08-06,18.009748,17.481722,17.660439,10.865025
2002-08-07,18.074736,17.522341,17.887896,11.004967
2002-08-08,18.887083,18.188465,18.822096,11.579707
2002-08-09,19.138910,18.521526,18.984566,11.679653
2002-08-12,18.903332,18.570269,18.773355,11.549719
2002-08-13,19.041430,18.326565,18.326565,11.274846
2002-08-14,19.130789,18.123478,19.057676,11.724640
2002-08-15,19.333876,19.041430,19.293259,11.869573
2002-08-16,19.309504,18.367182,19.155157,11.784610
2002-08-19,19.699430,19.090172,19.642567,12.084467
2002-08-20,19.577579,19.212023,19.374493,11.919548
2002-08-21,19.577579,19.106419,19.415110,11.944535
2002-08-22,19.788790,19.293259,19.642567,12.084467
2002-08-23,19.520716,19.171406,19.228270,11.829587
2002-08-26,19.610073,19.147036,19.512590,12.004508
2002-08-27,19.699430,19.228270,19.333876,11.894559
2002-08-28,19.277012,18.838343,19.017059,11.699639
2002-08-29,19.220146,18.643379,19.033306,11.709646
2002-08-30,19.439480,18.927702,19.073923,11.734627
2002-09-03,18.765232,18.123478,18.139725,11.159893
2002-09-04,18.554022,18.090982,18.480909,11.369796
2002-09-05,18.440292,17.920389,18.204712,11.199874
2002-09-06,18.643379,18.424046,18.480909,11.369796
2002-09-09,18.943949,18.212835,18.773355,11.549719
2002-09-10,18.822096,18.480909,18.659626,11.479748
2002-09-11,18.992689,18.505280,18.554022,11.414779
2002-09-12,18.472786,18.009748,18.034119,11.094931
2002-09-13,18.253452,17.936638,18.172218,11.179886
2002-09-16,18.212835,17.871649,18.131599,11.154896
2002-09-17,18.497156,17.725426,17.741673,10.915007
2002-09-18,17.822908,17.319254,17.595451,10.825048
2002-09-19,17.424858,16.945574,16.986191,10.450222
2002-09-20,17.075548,16.693745,16.815598,10.400979
2002-09-23,16.953695,16.409424,16.823721,10.406003
2002-09-24,17.018684,16.376928,16.498781,10.205019
2002-09-25,16.953695,16.344435,16.823721,10.406003
2002-09-26,17.384239,16.896832,17.311129,10.707479
2002-09-27,17.392365,16.774981,16.774981,10.375856
2002-09-30,16.994314,16.238831,16.791227,10.385905
2002-10-01,17.538588,16.709991,17.506092,10.828073
2002-10-02,17.514215,16.693745,16.807474,10.395952
2002-10-03,16.888708,16.133224,16.133224,9.978911
2002-10-04,16.303818,15.532088,15.686434,9.702553
2002-10-07,15.783916,15.109667,15.190902,9.396054
2002-10-08,16.035744,15.272136,15.775792,9.757825
2002-10-09,15.564582,15.060926,15.109667,9.345810
2002-10-10,16.011374,15.044679,15.905768,9.838220
2002-10-11,17.043055,16.328188,16.742485,10.355760
2002-10-14,17.002438,16.588140,16.864338,10.431124
2002-10-15,18.115353,17.684809,18.074736,11.179798
2002-10-16,17.985378,17.660439,17.749798,10.978807
2002-10-17,18.415922,18.147846,18.277822,11.305412
2002-10-18,18.537773,17.952885,18.261576,11.295362
2002-10-21,18.619009,17.993502,18.562145,11.481274
2002-10-22,18.489033,18.212835,18.391552,11.375755
2002-10-23,18.440292,17.814785,18.399675,11.380783
2002-10-24,18.627132,18.001625,18.066612,11.174770
2002-10-25,18.554022,17.879772,18.521526,11.456144
2002-10-28,18.846466,18.326565,18.472786,11.426005
2002-10-29,18.440292,17.928513,18.269699,11.300388
2002-10-30,18.562145,18.237206,18.472786,11.426005
2002-10-31,18.562145,18.172218,18.326565,11.335558
2002-11-01,18.635256,18.050365,18.586515,11.496345
2002-11-04,19.179529,18.683996,18.740862,11.591818
2002-11-05,18.878960,18.602762,18.805849,11.632010
2002-11-06,19.008936,18.440292,18.846466,11.657137
2002-11-07,18.619009,18.139725,18.164095,11.235069
2002-11-08,18.456539,18.009748,18.066612,11.174770
2002-11-11,18.090982,17.749798,17.871649,11.054184
2002-11-12,18.277822,17.928513,18.058489,11.169744
2002-11-13,18.570269,17.692932,17.969131,11.114474
2002-11-14,18.513405,18.253452,18.513405,11.451126
2002-11-15,18.692120,18.220959,18.683996,11.556642
2002-11-18,18.830219,18.261576,18.359058,11.355653
2002-11-19,18.537773,18.172218,18.367182,11.360685
2002-11-20,18.862713,18.359058,18.830219,11.647084
2002-11-21,19.317629,19.017059,19.277012,11.923445
2002-11-22,19.333876,19.114540,19.147036,11.843049
2002-11-25,19.301380,18.911453,19.114540,11.822947
2002-11-26,18.968319,18.505280,18.594639,11.501378
2002-11-27,19.195776,18.724613,19.171406,11.858116
2002-11-29,19.187653,19.008936,19.008936,11.757624
2002-12-02,19.390739,18.822096,19.008936,11.757624
2002-12-03,18.968319,18.700245,18.732738,11.586787
2002-12-04,18.870836,18.537773,18.732738,11.586787
2002-12-05,18.765232,18.367182,18.407799,11.385808
2002-12-06,18.675873,17.985378,18.554022,11.476248
2002-12-09,18.489033,18.155972,18.196589,11.255162
2002-12-10,18.480909,18.139725,18.472786,11.426005
2002-12-11,18.635256,18.399675,18.489033,11.436054
2002-12-12,18.635256,18.367182,18.407799,11.385808
2002-12-13,18.424046,18.131599,18.196589,11.255162
2002-12-16,18.748985,18.277822,18.716492,11.576743
2002-12-17,18.830219,18.602762,18.627132,11.521473
2002-12-18,18.505280,18.229082,18.277822,11.305412
2002-12-19,18.545898,18.034119,18.115353,11.204919
2002-12-20,18.480909,18.237206,18.399675,11.449067
2002-12-23,18.521526,18.253452,18.359058,11.423790
2002-12-24,18.359058,18.164095,18.196589,11.322694
2002-12-26,18.505280,18.107229,18.139725,11.287313
2002-12-27,18.164095,17.757919,17.806662,11.080066
2002-12-30,18.058489,17.749798,17.936638,11.160945
2002-12-31,17.993502,17.676685,17.871649,11.120502
2003-01-02,18.529652,17.912266,18.521526,11.524879
2003-01-03,18.602762,18.424046,18.505280,11.514774
2003-01-06,19.171406,18.578392,19.130789,11.903994
2003-01-07,19.155157,18.862713,18.919579,11.772566
2003-01-08,18.952070,18.683996,18.724613,11.651251
2003-01-09,19.138910,18.683996,19.098293,11.883776
2003-01-10,19.236393,18.846466,19.090172,11.878717
2003-01-13,19.496344,19.025183,19.147036,11.914105
2003-01-14,19.293259,19.000813,19.293259,12.005092
2003-01-15,19.333876,18.943949,19.008936,11.828170
2003-01-16,19.122665,18.781479,18.822096,11.711914
2003-01-17,18.911453,18.651503,18.765232,11.676529
2003-01-21,18.895206,18.456539,18.456539,11.484449
2003-01-22,18.440292,18.155972,18.164095,11.302480
2003-01-23,18.456539,18.123478,18.440292,11.474339
2003-01-24,18.245329,17.668562,17.733549,11.034578
2003-01-27,17.822908,17.384239,17.465475,10.867764
2003-01-28,17.733549,17.530462,17.717302,11.024460
2003-01-29,17.822908,17.343622,17.749798,11.044681
2003-01-30,17.790415,17.303005,17.303005,10.766666
2003-01-31,17.668562,17.238018,17.644192,10.978970
2003-02-03,17.814785,17.587326,17.684809,11.004249
2003-02-04,17.303005,17.091795,17.262388,10.741394
2003-02-05,17.546709,17.099918,17.099918,10.640300
2003-02-06,17.099918,16.848091,16.896832,10.513927
2003-02-07,17.108042,16.693745,16.783104,10.443171
2003-02-10,16.913078,16.620634,16.896832,10.513927
2003-02-11,17.075548,16.596264,16.661251,10.367341
2003-02-12,16.823721,16.450041,16.450041,10.235919
2003-02-13,16.653128,16.328188,16.571894,10.311741
2003-02-14,16.961821,16.490658,16.945574,10.544260
2003-02-18,17.327375,17.116165,17.213648,10.711068
2003-02-19,17.213648,17.018684,17.173031,10.685795
2003-02-20,17.254265,16.961821,17.010561,10.584695
2003-02-21,17.311129,16.823721,17.262388,10.741394
2003-02-24,17.140535,16.799351,16.807474,10.458326
2003-02-25,16.986191,16.515028,16.969942,10.559422
2003-02-26,16.937449,16.693745,16.774981,10.438107
2003-02-27,17.108042,16.774981,17.018684,10.589753
2003-02-28,17.262388,16.978067,17.099918,10.640300
2003-03-03,17.303005,16.872461,16.913078,10.524036
2003-03-04,16.969942,16.669374,16.669374,10.372396
2003-03-05,16.913078,16.612511,16.904955,10.518987
2003-03-06,16.896832,16.661251,16.669374,10.372396
2003-03-07,16.856215,16.425671,16.815598,10.463383
2003-03-10,16.709991,16.173841,16.206335,10.084276
2003-03-11,16.360682,15.905768,15.938262,9.917468
2003-03-12,15.970755,15.556458,15.962632,9.932631
2003-03-13,16.645004,16.149471,16.645004,10.357230
2003-03-14,16.888708,16.555647,16.718115,10.402723
2003-03-17,17.311129,16.531275,17.229895,10.721174
2003-03-18,17.416735,17.156782,17.327375,10.781831
2003-03-19,17.587326,17.294882,17.579205,10.938532
2003-03-20,17.717302,17.173031,17.603575,10.953696
2003-03-21,18.017872,17.522341,17.969131,11.231431
2003-03-24,17.587326,17.303005,17.343622,10.840467
2003-03-25,17.595451,17.270512,17.473598,10.921708
2003-03-26,17.497969,17.270512,17.392365,10.870930
2003-03-27,17.432981,17.116165,17.286758,10.804921
2003-03-28,17.327375,17.140535,17.270512,10.794767
2003-03-31,17.140535,16.864338,16.864338,10.540897
2003-04-01,17.343622,16.904955,17.311129,10.820157
2003-04-02,17.904142,17.619822,17.766045,11.104501
2003-04-03,17.952885,17.619822,17.684809,11.053725
2003-04-04,17.912266,17.733549,17.863525,11.165428
2003-04-07,18.456539,17.847279,17.928513,11.206045
2003-04-08,18.017872,17.806662,17.928513,11.206045
2003-04-09,18.164095,17.627945,17.676685,11.048643
2003-04-10,17.822908,17.636068,17.822908,11.140042
2003-04-11,18.131599,17.749798,17.814785,11.134964
2003-04-14,18.269699,17.839155,18.172218,11.358373
2003-04-15,18.529652,18.147846,18.480909,11.551313
2003-04-16,18.740862,18.196589,18.229082,11.393914
2003-04-17,18.554022,18.204712,18.554022,11.597016
2003-04-21,18.610886,18.415922,18.489033,11.556400
2003-04-22,19.065800,18.342812,19.057676,11.911823
2003-04-23,19.252640,18.943949,19.195776,11.998141
2003-04-24,19.171406,18.692120,18.797726,11.749341
2003-04-25,18.846466,18.545898,18.594639,11.622408
2003-04-28,19.008936,18.627132,18.919579,11.825502
2003-04-29,19.114540,18.748985,18.943949,11.840734
2003-04-30,19.073923,18.805849,18.984566,11.866125
2003-05-01,19.049553,18.651503,18.976442,11.861051
2003-05-02,19.471973,18.846466,19.277012,12.048916
2003-05-05,19.439480,19.138910,19.195776,11.998141
2003-05-06,19.480097,19.179529,19.341997,12.089531
2003-05-07,19.415110,19.130789,19.220146,12.013372
2003-05-08,19.212023,18.846466,19.000813,11.876280
2003-05-09,19.155157,18.862713,19.122665,11.952443
2003-05-12,19.415110,18.992689,19.341997,12.089531
2003-05-13,19.447603,19.236393,19.285133,12.053993
2003-05-14,19.447603,19.187653,19.277012,12.048916
2003-05-15,19.480097,19.268887,19.471973,12.170773
2003-05-16,19.610073,19.309504,19.520716,12.201237
2003-05-19,19.496344,18.976442,18.992689,11.871200
2003-05-20,19.130789,18.813972,19.008936,11.881352
2003-05-21,19.122665,18.854589,19.049553,11.906743
2003-05-22,19.212023,19.000813,19.106419,11.942283
2003-05-23,19.203899,19.025183,19.179529,11.987982
2003-05-27,19.577579,18.968319,19.528837,12.206320
2003-05-28,19.886271,19.618196,19.764420,12.353561
2003-05-29,19.861900,19.520716,19.553209,12.221545
2003-05-30,19.983753,19.618196,19.951260,12.470344
2003-06-02,20.430544,20.064987,20.129976,12.582052
2003-06-03,20.284323,20.048740,20.243704,12.653135
2003-06-04,20.593014,20.194963,20.536148,12.835927
2003-06-05,20.739237,20.389927,20.666124,12.917167
2003-06-06,21.088547,20.593014,20.649878,12.907005
2003-06-09,20.471163,20.146223,20.219334,12.637900
2003-06-10,20.406174,20.186840,20.389927,12.744532
2003-06-11,20.739237,20.373680,20.698620,12.937480
2003-06-12,20.893581,20.479284,20.658003,12.912083
2003-06-13,20.779854,20.479284,20.584890,12.866391
2003-06-16,21.121040,20.674250,21.088547,13.181200
2003-06-17,21.324127,20.999187,21.080421,13.176124
2003-06-18,21.031681,20.755484,20.877335,13.049176
2003-06-19,20.893581,20.373680,20.381804,12.739452
2003-06-20,20.519903,20.292444,20.349310,12.778224
2003-06-23,20.308693,19.943136,20.032494,12.579282
2003-06-24,20.203087,19.926889,20.146223,12.650696
2003-06-25,20.357433,20.008123,20.016247,12.569073
2003-06-26,20.219334,19.902517,20.186840,12.676208
2003-06-27,20.268076,19.959383,20.016247,12.569073
2003-06-30,20.129976,19.902517,19.943136,12.523165
2003-07-01,20.211210,19.731924,20.178717,12.671098
2003-07-02,20.430544,20.227457,20.430544,12.829232
2003-07-03,20.479284,20.268076,20.333063,12.768018
2003-07-07,20.796101,20.422421,20.682371,12.987365
2003-07-08,20.909828,20.609261,20.820471,13.074083
2003-07-09,20.958570,20.674250,20.787977,13.053677
2003-07-10,20.787977,20.373680,20.487410,12.864936
2003-07-11,20.779854,20.536148,20.771730,13.043480
2003-07-14,21.348497,20.349310,21.161657,13.288330
2003-07-15,21.291634,20.982941,21.047930,13.216912
2003-07-16,21.202274,20.804224,20.942324,13.150594
2003-07-17,20.877335,20.528027,20.593014,12.931253
2003-07-18,20.893581,20.617384,20.844843,13.089387
2003-07-21,20.844843,20.552397,20.601137,12.936357
2003-07-22,20.861090,20.503656,20.804224,13.063884
2003-07-23,20.877335,20.601137,20.739237,13.023075
2003-07-24,20.991064,20.649878,20.649878,12.966952
2003-07-25,21.137287,20.674250,21.137287,13.273026
2003-07-28,21.242891,20.958570,21.056051,13.222017
2003-07-29,21.056051,20.755484,20.828594,13.079185
2003-07-30,20.958570,20.763607,20.836718,13.084291
2003-07-31,21.145411,20.796101,20.812347,13.068984
2003-08-01,20.861090,20.389927,20.406174,12.813931
2003-08-04,20.487410,20.000000,20.430544,12.829232
2003-08-05,20.593014,20.097483,20.097483,12.620087
2003-08-06,20.544273,20.113729,20.373680,12.793523
2003-08-07,20.503656,20.178717,20.471163,12.854739
2003-08-08,20.633631,20.495531,20.568644,12.915951
2003-08-11,20.690496,20.414297,20.528027,12.890455
2003-08-12,20.787977,20.601137,20.771730,13.043480
2003-08-13,20.893581,20.552397,20.617384,12.946562
2003-08-14,20.861090,20.536148,20.812347,13.068984
2003-08-15,20.828594,20.698620,20.796101,13.058785
2003-08-18,20.893581,20.739237,20.820471,13.074083
2003-08-19,20.893581,20.658003,20.796101,13.058785
2003-08-20,20.852964,20.674250,20.747360,13.028176
2003-08-21,20.974817,20.658003,20.747360,13.028176
2003-08-22,20.869211,20.349310,20.349310,12.778224
2003-08-25,20.438667,20.227457,20.422421,12.824132
2003-08-26,20.544273,20.194963,20.463037,12.849641
2003-08-27,20.430544,20.324940,20.381804,12.798627
2003-08-28,20.511780,20.235580,20.471163,12.854739
2003-08-29,20.609261,20.381804,20.568644,12.915951
2003-09-02,20.950447,20.568644,20.934200,13.145497
2003-09-03,21.039804,20.836718,20.974817,13.171007
2003-09-04,20.999187,20.812347,20.885460,13.114891
2003-09-05,20.999187,20.739237,20.787977,13.053677
2003-09-08,21.056051,20.714867,20.991064,13.181206
2003-09-09,20.934200,20.779854,20.885460,13.114891
2003-09-10,20.893581,20.511780,20.544273,12.900647
2003-09-11,20.771730,20.552397,20.633631,12.956755
2003-09-12,20.731113,20.511780,20.666124,12.977163
2003-09-15,20.706741,20.528027,20.666124,12.977163
2003-09-16,20.958570,20.625507,20.909828,13.130199
2003-09-17,21.023558,20.877335,20.942324,13.150594
2003-09-18,21.478474,20.966694,21.445978,13.466869
2003-09-19,21.324127,21.145411,21.299755,13.445842
2003-09-22,21.080421,20.893581,20.991064,13.250975
2003-09-23,21.177904,20.958570,21.137287,13.343280
2003-09-24,21.242891,20.755484,20.771730,13.112518
2003-09-25,20.917953,20.373680,20.674250,13.050980
2003-09-26,20.731113,20.552397,20.560520,12.979192
2003-09-29,20.804224,20.584890,20.779854,13.117646
2003-09-30,20.796101,20.487410,20.641754,13.030461
2003-10-01,21.194151,20.714867,21.161657,13.358665
2003-10-02,21.267262,21.096668,21.202274,13.384310
2003-10-03,21.616571,21.283508,21.364744,13.486872
2003-10-06,21.527214,21.316004,21.462227,13.548406
2003-10-07,21.600325,21.275387,21.592201,13.630458
2003-10-08,21.665314,21.486595,21.559708,13.609937
2003-10-09,21.827782,21.584078,21.616571,13.645840
2003-10-10,21.705931,21.592201,21.616571,13.645840
2003-10-13,21.974005,21.746548,21.957758,13.861220
2003-10-14,22.103981,21.876522,22.087734,13.943272
2003-10-15,22.282698,21.909018,22.030869,13.907367
2003-10-16,22.144598,21.941511,22.055241,13.922751
2003-10-17,22.055241,21.738424,21.860275,13.799682
2003-10-20,21.933388,21.714054,21.868401,13.804806
2003-10-21,21.974005,21.762794,21.860275,13.799682
2003-10-22,21.714054,21.445978,21.551584,13.604811
2003-10-23,21.819658,21.405361,21.697807,13.697120
2003-10-24,21.689684,21.454102,21.673435,13.681727
2003-10-27,21.965881,21.575954,21.673435,13.681727
2003-10-28,21.949635,21.665314,21.949635,13.856091
2003-10-29,22.047115,21.811535,21.982128,13.876608
2003-10-30,22.217709,21.933388,22.014622,13.897108
2003-10-31,22.144598,22.038994,22.071487,13.933009
2003-11-03,22.372055,22.095858,22.307068,14.081728
2003-11-04,22.298944,22.160845,22.193338,14.009933
2003-11-05,22.201462,21.949635,22.144598,13.979168
2003-11-06,22.250202,21.974005,22.250202,14.045835
2003-11-07,22.323315,22.014622,22.014622,13.897108
2003-11-10,22.079611,21.933388,22.038994,13.912498
2003-11-11,22.047115,21.892771,21.965881,13.866342
2003-11-12,22.144598,21.990252,22.136475,13.974034
2003-11-13,22.136475,21.990252,22.063362,13.927887
2003-11-14,22.103981,21.730301,21.779041,13.748401
2003-11-17,21.746548,21.543461,21.722178,13.712501
2003-11-18,21.819658,21.470348,21.470348,13.553532
2003-11-19,21.640942,21.372868,21.632818,13.656088
2003-11-20,21.705931,21.413485,21.445978,13.538148
2003-11-21,21.600325,21.462227,21.567831,13.615069
2003-11-24,21.811535,21.689684,21.770918,13.743270
2003-11-25,21.933388,21.730301,21.892771,13.820194
2003-11-26,22.055241,21.827782,22.022745,13.902244
2003-11-28,22.095858,21.965881,21.990252,13.881728
2003-12-01,22.258327,22.079611,22.242081,14.040701
2003-12-02,22.298944,22.128351,22.177092,13.999670
2003-12-03,22.331438,22.128351,22.136475,13.974034
2003-12-04,22.250202,22.103981,22.193338,14.009933
2003-12-05,22.160845,21.982128,22.014622,13.897108
2003-12-08,22.250202,21.949635,22.217709,14.025316
2003-12-09,22.250202,21.982128,22.022745,13.902244
2003-12-10,22.136475,21.827782,21.900894,13.825322
2003-12-11,22.217709,21.941511,22.152721,13.984292
2003-12-12,22.282698,22.128351,22.217709,14.025316
2003-12-15,22.664499,22.103981,22.160845,13.989417
2003-12-16,22.355808,22.095858,22.355808,14.112492
2003-12-17,22.339561,22.152721,22.274574,14.061215
2003-12-18,22.493908,22.225834,22.469538,14.184283
2003-12-19,22.445168,22.307068,22.404549,14.227619
2003-12-22,22.542648,22.258327,22.526402,14.305003
2003-12-23,22.632006,22.502031,22.558895,14.325635
2003-12-24,22.623882,22.502031,22.558895,14.325635
2003-12-26,22.607635,22.550772,22.550772,14.320474
2003-12-29,22.859465,22.542648,22.859465,14.516511
2003-12-30,22.908205,22.770105,22.908205,14.547456
2003-12-31,22.989439,22.810722,22.851339,14.511349
2004-01-02,23.095045,22.729488,22.818846,14.490712
2004-01-05,23.038179,22.843218,23.005686,14.609364
2004-01-06,23.038179,22.745735,22.997562,14.604201
2004-01-07,23.038179,22.883835,23.013809,14.614523
2004-01-08,23.192526,22.973192,23.095045,14.666110
2004-01-09,23.225019,22.786352,23.013809,14.614523
2004-01-12,23.111292,22.997562,23.111292,14.676419
2004-01-13,23.151909,22.826969,22.997562,14.604201
2004-01-14,23.208773,23.013809,23.176279,14.717690
2004-01-15,23.558083,23.233145,23.371243,14.841507
2004-01-16,23.639318,23.395613,23.444353,14.887929
2004-01-20,23.801786,23.354996,23.411860,14.867301
2004-01-21,23.801786,23.371243,23.761169,15.089120
2004-01-22,23.931763,23.761169,23.761169,15.089120
2004-01-23,23.923639,23.582453,23.647442,15.016903
2004-01-26,23.996752,23.598700,23.972380,15.223245
2004-01-27,23.988626,23.761169,23.809912,15.120068
2004-01-28,23.972380,23.314379,23.387489,14.851822
2004-01-29,23.598700,23.290009,23.582453,14.975620
2004-01-30,23.712429,23.452478,23.598700,14.985947
2004-02-02,23.915516,23.606825,23.736799,15.073647
2004-02-03,23.793665,23.647442,23.761169,15.089120
2004-02-04,23.728676,23.549959,23.566206,14.965313
2004-02-05,23.679935,23.476849,23.558083,14.960157
2004-02-06,23.964256,23.590576,23.956133,15.212925
2004-02-09,23.980503,23.858652,23.858652,15.151028
2004-02-10,23.972380,23.809912,23.931763,15.197453
2004-02-11,24.346060,23.842405,24.297319,15.429593
2004-02-12,24.370432,24.183592,24.256702,15.403794
2004-02-13,24.394800,24.167343,24.207960,15.372846
2004-02-17,24.500406,24.305443,24.386677,15.486336
2004-02-18,24.443542,24.232330,24.256702,15.403794
2004-02-19,24.451666,24.207960,24.248577,15.398639
2004-02-20,24.305443,24.061737,24.183592,15.357362
2004-02-23,24.370432,24.118603,24.183592,15.357362
2004-02-24,24.199839,23.923639,24.086109,15.295465
2004-02-25,24.207960,23.972380,24.191713,15.362527
2004-02-26,24.224209,24.045490,24.216084,15.378002
2004-02-27,24.362307,24.175467,24.272949,15.414111
2004-03-01,24.508530,24.297319,24.443542,15.522442
2004-03-02,24.492283,24.321690,24.321690,15.445072
2004-03-03,24.532900,24.289196,24.467913,15.537921
2004-03-04,24.573517,24.467913,24.532900,15.579191
2004-03-05,24.865963,24.476036,24.744110,15.713322
2004-03-08,24.817223,24.589764,24.614136,15.630779
2004-03-09,24.638506,24.329813,24.451666,15.527601
2004-03-10,24.451666,24.029245,24.061737,15.279988
2004-03-11,24.142973,23.647442,23.671812,15.032371
2004-03-12,24.037369,23.679935,24.021120,15.254190
2004-03-15,23.964256,23.590576,23.671812,15.032371
2004-03-16,23.972380,23.704306,23.891146,15.171655
2004-03-17,24.232330,23.988626,24.167343,15.347054
2004-03-18,24.240456,23.972380,24.175467,15.352207
2004-03-19,24.175467,23.761169,23.801786,15.183276
2004-03-22,23.614946,23.354996,23.493095,14.986363
2004-03-23,23.720552,23.476849,23.484972,14.981183
2004-03-24,23.509342,23.225019,23.306255,14.867177
2004-03-25,23.623072,23.346872,23.549959,15.022629
2004-03-26,23.671812,23.452478,23.533712,15.012270
2004-03-29,23.907393,23.655565,23.834282,15.204008
2004-03-30,23.996752,23.826159,23.996752,15.307651
2004-03-31,24.004873,23.809912,23.883022,15.235087
2004-04-01,24.199839,23.939886,24.134850,15.395733
2004-04-02,24.573517,23.923639,24.045490,15.338735
2004-04-05,24.151096,23.964256,24.110479,15.380199
2004-04-06,24.159220,24.037369,24.094233,15.369830
2004-04-07,24.167343,23.956133,24.029245,15.328375
2004-04-08,24.329813,23.915516,23.988626,15.302464
2004-04-12,24.207960,23.988626,24.134850,15.395733
2004-04-13,24.199839,23.558083,23.623072,15.069268
2004-04-14,23.623072,23.160032,23.338749,14.887902
2004-04-15,24.021120,22.989439,23.200649,14.799810
2004-04-16,23.541836,23.241266,23.452478,14.960455
2004-04-19,23.549959,23.273762,23.411860,14.934544
2004-04-20,23.517466,22.965069,22.981316,14.659893
2004-04-21,23.062551,22.875711,22.973192,14.654712
2004-04-22,23.444353,22.908205,23.371243,14.908635
2004-04-23,23.411860,23.127539,23.249392,14.830902
2004-04-26,23.371243,23.127539,23.200649,14.799810
2004-04-27,23.484972,23.233145,23.257515,14.836080
2004-04-28,23.200649,22.867586,22.924452,14.623627
2004-04-29,23.200649,22.753859,22.851339,14.576981
2004-04-30,23.021933,22.753859,22.843218,14.571802
2004-05-03,23.005686,22.794476,22.997562,14.670258
2004-05-04,23.281885,22.916328,23.070675,14.716894
2004-05-05,23.249392,23.030058,23.046305,14.701357
2004-05-06,22.973192,22.680746,22.794476,14.540714
2004-05-07,22.818846,22.307068,22.307068,14.229787
2004-05-10,22.168968,21.787165,22.120228,14.110604
2004-05-11,22.323315,22.128351,22.233955,14.183148
2004-05-12,22.493908,21.957758,22.485785,14.343786
2004-05-13,22.786352,22.160845,22.526402,14.369698
2004-05-14,22.656378,22.380178,22.542648,14.380063
2004-05-17,22.404549,22.095858,22.250202,14.193514
2004-05-18,22.502031,22.307068,22.428921,14.307512
2004-05-19,22.835093,22.380178,22.445168,14.317879
2004-05-20,22.583265,22.420795,22.526402,14.369698
2004-05-21,22.802601,22.558895,22.664499,14.457798
2004-05-24,22.802601,22.599512,22.696995,14.478533
2004-05-25,23.054426,22.502031,23.021933,14.685805
2004-05-26,23.208773,22.965069,23.160032,14.773893
2004-05-27,23.354996,23.070675,23.216896,14.810170
2004-05-28,23.273762,23.143785,23.233145,14.820536
2004-06-01,23.208773,22.973192,23.143785,14.763534
2004-06-02,23.314379,23.086922,23.257515,14.836080
2004-06-03,23.233145,23.070675,23.070675,14.716894
2004-06-04,23.436232,23.208773,23.265638,14.841263
2004-06-07,23.631193,23.403736,23.598700,15.053723
2004-06-08,23.598700,23.460602,23.566206,15.033006
2004-06-09,23.582453,23.322502,23.322502,14.877541
2004-06-10,23.444353,23.354996,23.436232,14.950086
2004-06-14,23.436232,23.095045,23.111292,14.742806
2004-06-15,23.395613,23.151909,23.200649,14.799810
2004-06-16,23.298132,23.168156,23.241266,14.825714
2004-06-17,23.281885,23.095045,23.257515,14.836080
2004-06-18,23.354996,23.095045,23.168156,14.854829
2004-06-21,23.314379,23.062551,23.095045,14.807953
2004-06-22,23.208773,22.997562,23.208773,14.880875
2004-06-23,23.298132,23.054426,23.265638,14.917336
2004-06-24,23.411860,23.233145,23.314379,14.948582
2004-06-25,23.436232,23.216896,23.233145,14.896500
2004-06-28,23.468725,23.168156,23.216896,14.886081
2004-06-29,23.216896,23.062551,23.119415,14.823586
2004-06-30,23.314379,23.054426,23.216896,14.886081
2004-07-01,23.281885,22.932575,23.054426,14.781914
2004-07-02,23.216896,23.013809,23.119415,14.823586
2004-07-06,23.054426,22.875711,22.956945,14.719411
2004-07-07,23.030058,22.826969,22.908205,14.688159
2004-07-08,22.932575,22.737612,22.737612,14.578781
2004-07-09,22.908205,22.672625,22.737612,14.578781
2004-07-12,22.916328,22.648252,22.843218,14.646494
2004-07-13,22.900082,22.778229,22.867586,14.662117
2004-07-14,22.932575,22.672625,22.761982,14.594405
2004-07-15,22.826969,22.526402,22.550772,14.458982
2004-07-16,22.826969,22.510155,22.558895,14.464196
2004-07-19,22.680746,22.502031,22.591389,14.485023
2004-07-20,22.729488,22.404549,22.705118,14.557945
2004-07-21,22.908205,22.461412,22.477659,14.412107
2004-07-22,22.575142,22.185215,22.502031,14.427734
2004-07-23,22.502031,22.323315,22.388302,14.354807
2004-07-26,22.502031,22.290819,22.396425,14.360021
2004-07-27,22.656378,22.420795,22.583265,14.479824
2004-07-28,22.705118,22.388302,22.656378,14.526697
2004-07-29,22.818846,22.656378,22.753859,14.589200
2004-07-30,22.737612,22.632006,22.721365,14.568358
2004-08-02,22.883835,22.567019,22.859465,14.656909
2004-08-03,22.843218,22.688871,22.721365,14.568358
2004-08-04,22.851339,22.558895,22.778229,14.604828
2004-08-05,22.778229,22.363932,22.404549,14.365227
2004-08-06,22.428921,22.144598,22.209585,14.240223
2004-08-09,22.282698,22.136475,22.185215,14.224603
2004-08-10,22.502031,22.258327,22.493908,14.422528
2004-08-11,22.567019,22.339561,22.558895,14.464196
2004-08-12,22.534525,22.323315,22.323315,14.313148
2004-08-13,22.502031,22.242081,22.347685,14.328768
2004-08-16,22.705118,22.298944,22.688871,14.547526
2004-08-17,22.908205,22.778229,22.818846,14.630860
2004-08-18,23.095045,22.745735,23.095045,14.807953
2004-08-19,23.095045,22.916328,22.997562,14.745452
2004-08-20,23.249392,23.005686,23.233145,14.896500
2004-08-23,23.281885,23.119415,23.151909,14.844411
2004-08-24,23.281885,23.119415,23.192526,14.870460
2004-08-25,23.428106,23.151909,23.395613,15.000671
2004-08-26,23.476849,23.322502,23.452478,15.037135
2004-08-27,23.517466,23.387489,23.476849,15.052764
2004-08-30,24.549147,23.338749,23.338749,14.964212
2004-08-31,23.501219,23.281885,23.460602,15.042347
2004-09-01,23.533712,23.281885,23.371243,14.985055
2004-09-02,23.663689,23.314379,23.631193,15.151719
2004-09-03,23.769293,23.484972,23.623072,15.146510
2004-09-07,23.964256,23.785540,23.907393,15.328813
2004-09-08,23.907393,23.696182,23.728676,15.214220
2004-09-09,23.777416,23.590576,23.704306,15.198599
2004-09-10,23.850529,23.639318,23.818033,15.271523
2004-09-13,23.923639,23.720552,23.753046,15.229849
2004-09-14,23.834282,23.728676,23.785540,15.250682
2004-09-15,23.801786,23.663689,23.696182,15.193389
2004-09-16,23.866776,23.696182,23.818033,15.271523
2004-09-17,23.809912,23.696182,23.744923,15.307138
2004-09-20,23.623072,23.444353,23.501219,15.150023
2004-09-21,23.712429,23.484972,23.696182,15.275713
2004-09-22,23.558083,23.225019,23.265638,14.998156
2004-09-23,23.298132,23.021933,23.030058,14.846289
2004-09-24,23.192526,22.956945,23.119415,14.903899
2004-09-27,23.151909,22.965069,23.005686,14.830584
2004-09-28,23.135662,22.932575,23.095045,14.888188
2004-09-29,23.233145,22.981316,23.176279,14.940554
2004-09-30,23.233145,23.030058,23.119415,14.903899
2004-10-01,23.517466,23.151909,23.509342,15.155259
2004-10-04,23.769293,23.501219,23.541836,15.176205
2004-10-05,23.517466,23.363119,23.411860,15.092421
2004-10-06,23.590576,23.346872,23.582453,15.202392
2004-10-07,23.598700,23.501219,23.517466,15.160501
2004-10-08,23.598700,23.363119,23.436232,15.108135
2004-10-11,23.558083,23.395613,23.501219,15.150023
2004-10-12,23.558083,23.216896,23.484972,15.139552
2004-10-13,23.639318,23.257515,23.330626,15.040058
2004-10-14,23.330626,22.672625,22.761982,14.673475
2004-10-15,22.932575,22.550772,22.794476,14.694426
2004-10-18,22.948822,22.664499,22.891958,14.757265
2004-10-19,22.948822,22.493908,22.510155,14.511137
2004-10-20,22.412674,22.095858,22.396425,14.437822
2004-10-21,22.526402,21.933388,22.380178,14.427349
2004-10-22,22.493908,22.233955,22.258327,14.348796
2004-10-25,22.298944,22.112104,22.250202,14.343563
2004-10-26,22.802601,22.217709,22.745735,14.663003
2004-10-27,23.086922,22.615761,23.086922,14.882946
2004-10-28,23.322502,22.908205,23.208773,14.961500
2004-10-29,23.306255,23.135662,23.241266,14.982450
2004-11-01,23.387489,23.273762,23.314379,15.029578
2004-11-02,23.598700,23.314379,23.411860,15.092421
2004-11-03,24.102356,23.493095,23.549959,15.181447
2004-11-04,23.956133,23.509342,23.948009,15.438048
2004-11-05,24.167343,23.769293,23.899269,15.406630
2004-11-08,23.948009,23.826159,23.866776,15.385680
2004-11-09,24.004873,23.826159,23.842405,15.369970
2004-11-10,24.012999,23.826159,23.907393,15.411864
2004-11-11,24.159220,23.956133,24.134850,15.558493
2004-11-12,24.281073,24.012999,24.232330,15.621329
2004-11-15,24.354183,24.207960,24.305443,15.668465
2004-11-16,24.321690,24.077986,24.102356,15.537545
2004-11-17,24.370432,24.110479,24.159220,15.574210
2004-11-18,24.232330,24.077986,24.102356,15.537545
2004-11-19,24.224209,23.736799,23.793665,15.338552
2004-11-22,23.980503,23.679935,23.931763,15.427575
2004-11-23,24.053616,23.858652,23.988626,15.464229
2004-11-24,24.159220,24.053616,24.086109,15.527069
2004-11-26,24.167343,24.086109,24.102356,15.537545
2004-11-29,24.159220,23.850529,23.988626,15.464229
2004-11-30,24.004873,23.850529,23.964256,15.448515
2004-12-01,24.435417,24.069862,24.435417,15.752250
2004-12-02,24.516653,24.337936,24.394800,15.726071
2004-12-03,24.459789,24.256702,24.386677,15.720833
2004-12-06,24.427296,24.207960,24.370432,15.710363
2004-12-07,24.492283,24.151096,24.167343,15.579437
2004-12-08,24.289196,24.167343,24.232330,15.621329
2004-12-09,24.630383,24.094233,24.362307,15.705124
2004-12-10,24.476036,24.167343,24.402924,15.731308
2004-12-13,24.719740,24.411049,24.565393,15.836040
2004-12-14,24.679123,24.492283,24.646629,15.888411
2004-12-15,24.784727,24.614136,24.776604,15.972198
2004-12-16,24.703493,24.524776,24.606010,15.862224
2004-12-17,24.476036,24.329813,24.378553,15.813225
2004-12-20,24.549147,24.329813,24.337936,15.786882
2004-12-21,24.654753,24.086109,24.654753,15.992377
2004-12-22,24.849716,24.597889,24.792850,16.081953
2004-12-23,24.914703,24.809097,24.841593,16.113583
2004-12-27,24.898457,24.671000,24.711617,16.029270
2004-12-28,24.857840,24.711617,24.825344,16.103037
2004-12-29,24.857840,24.727863,24.768480,16.066149
2004-12-30,24.890333,24.776604,24.800976,16.087229
2004-12-31,24.947197,24.776604,24.800976,16.087229
2005-01-03,25.012184,24.679123,24.711617,16.029270
2005-01-04,24.857840,24.427296,24.476036,15.876454
2005-01-05,24.638506,24.427296,24.435417,15.850106
2005-01-06,24.630383,24.476036,24.557270,15.929153
2005-01-07,24.654753,24.427296,24.427296,15.844839
2005-01-10,24.565393,24.329813,24.451666,15.860652
2005-01-11,24.467913,24.297319,24.346060,15.792146
2005-01-12,24.411049,24.134850,24.313566,15.771079
2005-01-13,24.337936,24.045490,24.077986,15.618255
2005-01-14,24.207960,24.061737,24.159220,15.670955
2005-01-18,24.557270,24.061737,24.541023,15.918608
2005-01-19,24.573517,24.289196,24.297319,15.760530
2005-01-20,24.248577,24.045490,24.118603,15.644608
2005-01-21,24.207960,23.972380,23.996752,15.565568
2005-01-24,24.199839,24.004873,24.004873,15.570838
2005-01-25,24.427296,24.012999,24.021120,15.581371
2005-01-26,24.159220,24.012999,24.134850,15.655140
2005-01-27,24.167343,23.939886,24.012999,15.576109
2005-01-28,24.086109,23.866776,23.980503,15.555025
2005-01-31,24.281073,24.004873,24.264826,15.739454
2005-02-01,24.622257,24.289196,24.524776,15.908074
2005-02-02,24.573517,24.427296,24.524776,15.908074
2005-02-03,24.492283,24.346060,24.411049,15.834301
2005-02-04,24.752234,24.476036,24.703493,16.023998
2005-02-07,24.841593,24.614136,24.727863,16.039804
2005-02-08,24.744110,24.630383,24.630383,15.976570
2005-02-09,24.727863,24.549147,24.565393,15.934415
2005-02-10,24.735987,24.573517,24.638506,15.981838
2005-02-11,24.874086,24.573517,24.833469,16.108305
2005-02-14,24.898457,24.727863,24.792850,16.081953
2005-02-15,24.898457,24.768480,24.849716,16.118841
2005-02-16,24.784727,24.638506,24.679123,16.008188
2005-02-17,24.703493,24.459789,24.459789,15.865914
2005-02-18,24.532900,24.199839,24.199839,15.697297
2005-02-22,24.175467,23.826159,23.842405,15.465450
2005-02-23,24.102356,23.842405,24.061737,15.607727
2005-02-24,24.151096,23.972380,24.094233,15.628804
2005-02-25,24.370432,24.061737,24.337936,15.786882
2005-02-28,24.289196,24.053616,24.102356,15.634064
2005-03-01,24.427296,24.167343,24.337936,15.786882
2005-03-02,24.459789,24.199839,24.264826,15.739454
2005-03-03,24.411049,24.102356,24.224209,15.713113
2005-03-04,24.589764,24.362307,24.532900,15.913341
2005-03-07,24.687246,24.532900,24.532900,15.913341
2005-03-08,24.614136,24.411049,24.492283,15.886997
2005-03-09,24.573517,24.191713,24.191713,15.692032
2005-03-10,24.394800,24.183592,24.329813,15.781606
2005-03-11,24.362307,24.021120,24.118603,15.644608
2005-03-14,24.264826,24.045490,24.248577,15.728916
2005-03-15,24.370432,24.061737,24.086109,15.623529
2005-03-16,24.077986,23.809912,23.842405,15.465450
2005-03-17,23.891146,23.712429,23.777416,15.423297
2005-03-18,23.761169,23.419985,23.533712,15.346484
2005-03-21,24.191713,23.281885,23.322502,15.208748
2005-03-22,23.452478,22.891958,22.891958,14.927993
2005-03-23,23.078798,22.794476,22.940699,14.959773
2005-03-24,23.095045,22.826969,22.826969,14.885613
2005-03-28,23.111292,22.908205,22.989439,14.991564
2005-03-29,23.192526,22.883835,22.908205,14.938585
2005-03-30,23.192526,22.883835,23.192526,15.123995
2005-03-31,23.281885,23.062551,23.062551,15.039235
2005-04-01,23.363119,22.680746,22.745735,14.832641
2005-04-04,23.005686,22.510155,22.908205,14.938585
2005-04-05,23.127539,22.932575,22.973192,14.980960
2005-04-06,23.233145,23.070675,23.127539,15.081613
2005-04-07,23.330626,23.078798,23.216896,15.139881
2005-04-08,23.290009,23.005686,23.005686,15.002157
2005-04-11,23.184402,22.989439,23.054426,15.033939
2005-04-12,23.436232,22.916328,23.371243,15.240534
2005-04-13,23.379366,22.981316,23.030058,15.018045
2005-04-14,23.030058,22.753859,22.770105,14.848533
2005-04-15,22.924452,22.469538,22.526402,14.689614
2005-04-18,22.778229,22.550772,22.713242,14.811442
2005-04-19,22.948822,22.721365,22.745735,14.832641
2005-04-20,22.826969,22.428921,22.461412,14.647232
2005-04-21,22.656378,22.250202,22.591389,14.731988
2005-04-22,22.705118,22.363932,22.534525,14.694899
2005-04-25,22.843218,22.623882,22.818846,14.880312
2005-04-26,22.924452,22.664499,22.688871,14.795547
2005-04-27,23.054426,22.502031,23.005686,15.002157
2005-04-28,23.030058,22.753859,22.753859,14.837933
2005-04-29,23.127539,22.648252,23.103168,15.065722
2005-05-02,23.314379,22.989439,23.160032,15.102798
2005-05-03,23.354996,23.070675,23.184402,15.118700
2005-05-04,23.663689,23.168156,23.631193,15.410054
2005-05-05,23.720552,23.338749,23.525589,15.341184
2005-05-06,23.720552,23.346872,23.354996,15.229943
2005-05-09,23.582453,23.346872,23.558083,15.362376
2005-05-10,23.436232,23.200649,23.249392,15.161074
2005-05-11,23.436232,23.135662,23.354996,15.229943
2005-05-12,23.517466,23.119415,23.135662,15.086909
2005-05-13,23.200649,22.778229,22.932575,14.954476
2005-05-16,23.338749,22.948822,23.338749,15.219339
2005-05-17,23.517466,23.160032,23.484972,15.314703
2005-05-18,23.818033,23.598700,23.761169,15.494802
2005-05-19,23.809912,23.639318,23.785540,15.510701
2005-05-20,23.785540,23.639318,23.761169,15.494802
2005-05-23,23.858652,23.639318,23.793665,15.516002
2005-05-24,23.842405,23.598700,23.712429,15.463027
2005-05-25,23.761169,23.549959,23.631193,15.410054
2005-05-26,23.866776,23.639318,23.785540,15.510701
2005-05-27,23.866776,23.777416,23.826159,15.537193
2005-05-31,23.874899,23.728676,23.785540,15.510701
2005-06-01,24.134850,23.744923,23.972380,15.632541
2005-06-02,23.956133,23.834282,23.907393,15.590159
2005-06-03,23.948009,23.712429,23.785540,15.510701
2005-06-06,23.858652,23.671812,23.842405,15.547779
2005-06-07,24.045490,23.801786,23.826159,15.537193
2005-06-08,23.972380,23.809912,23.842405,15.547779
2005-06-09,23.980503,23.769293,23.915516,15.595454
2005-06-10,23.956133,23.744923,23.842405,15.547779
2005-06-13,23.996752,23.761169,23.842405,15.547779
2005-06-14,23.972380,23.801786,23.907393,15.590159
2005-06-15,24.045490,23.850529,23.964256,15.627243
2005-06-16,24.102356,23.883022,24.086109,15.706702
2005-06-17,24.086109,23.956133,24.069862,15.789303
2005-06-20,24.094233,23.883022,24.012999,15.751999
2005-06-21,24.134850,23.948009,24.102356,15.810616
2005-06-22,24.224209,24.061737,24.069862,15.789303
2005-06-23,24.126726,23.818033,23.850529,15.645430
2005-06-24,23.899269,23.769293,23.809912,15.618781
2005-06-27,23.842405,23.720552,23.801786,15.613447
2005-06-28,24.012999,23.834282,23.980503,15.730677
2005-06-29,24.142973,24.021120,24.094233,15.805290
2005-06-30,24.248577,23.915516,23.939886,15.704039
2005-07-01,24.094233,23.915516,23.964256,15.720023
2005-07-05,24.183592,23.891146,24.159220,15.847919
2005-07-06,24.183592,23.980503,23.980503,15.730677
2005-07-07,24.045490,23.696182,24.029245,15.762653
2005-07-08,24.289196,23.972380,24.272949,15.922520
2005-07-11,24.492283,24.216084,24.378553,15.991793
2005-07-12,24.484159,24.297319,24.378553,15.991793
2005-07-13,24.524776,24.370432,24.484159,16.061073
2005-07-14,24.695370,24.541023,24.606010,16.141001
2005-07-15,24.687246,24.500406,24.671000,16.183632
2005-07-18,24.638506,24.402924,24.411049,16.013111
2005-07-19,24.524776,24.394800,24.402924,16.007778
2005-07-20,24.565393,24.313566,24.492283,16.066402
2005-07-21,24.524776,24.321690,24.362307,15.981134
2005-07-22,24.508530,24.321690,24.492283,16.066402
2005-07-25,24.573517,24.386677,24.394800,16.002453
2005-07-26,24.476036,24.370432,24.427296,16.023771
2005-07-27,24.484159,24.354183,24.459789,16.045086
2005-07-28,24.581640,24.435417,24.532900,16.093042
2005-07-29,24.573517,24.305443,24.313566,15.949167
2005-08-01,24.467913,24.281073,24.313566,15.949167
2005-08-02,24.492283,24.297319,24.492283,16.066402
2005-08-03,24.532900,24.362307,24.524776,16.087721
2005-08-04,24.443542,24.321690,24.354183,15.975807
2005-08-05,24.297319,24.053616,24.077986,15.794631
2005-08-08,24.175467,23.948009,23.980503,15.730677
2005-08-09,24.175467,24.004873,24.134850,15.831927
2005-08-10,24.386677,24.037369,24.110479,15.815941
2005-08-11,24.232330,23.988626,24.199839,15.874561
2005-08-12,24.207960,24.012999,24.134850,15.831927
2005-08-15,24.297319,24.029245,24.248577,15.906538
2005-08-16,24.354183,24.086109,24.086109,15.799953
2005-08-17,24.232330,24.045490,24.142973,15.837258
2005-08-18,24.191713,24.012999,24.126726,15.826606
2005-08-19,24.248577,24.134850,24.167343,15.853244
2005-08-22,24.337936,24.126726,24.232330,15.895879
2005-08-23,24.232330,24.045490,24.077986,15.794631
2005-08-24,24.159220,23.801786,23.801786,15.613447
2005-08-25,23.964256,23.761169,23.923639,15.693385
2005-08-26,23.923639,23.671812,23.671812,15.528185
2005-08-29,23.891146,23.541836,23.858652,15.650755
2005-08-30,23.801786,23.574329,23.647442,15.512205
2005-08-31,23.915516,23.314379,23.915516,15.688047
2005-09-01,24.061737,23.728676,23.972380,15.725348
2005-09-02,24.086109,23.907393,23.956133,15.714701
2005-09-06,24.248577,24.029245,24.248577,15.906538
2005-09-07,24.289196,24.118603,24.191713,15.869228
2005-09-08,24.175467,24.053616,24.053616,15.778646
2005-09-09,24.305443,24.077986,24.264826,15.917187
2005-09-12,24.337936,24.248577,24.337936,15.965149
2005-09-13,24.297319,24.134850,24.134850,15.831927
2005-09-14,24.264826,24.086109,24.110479,15.815941
2005-09-15,24.207960,24.029245,24.126726,15.826606
2005-09-16,24.337936,24.045490,24.329813,16.052788
2005-09-19,24.370432,24.069862,24.110479,15.908076
2005-09-20,24.354183,23.972380,23.980503,15.822312
2005-09-21,23.988626,23.574329,23.582453,15.559681
2005-09-22,23.761169,23.395613,23.761169,15.677595
2005-09-23,23.866776,23.623072,23.842405,15.731194
2005-09-26,24.086109,23.688059,23.712429,15.645447
2005-09-27,23.891146,23.631193,23.793665,15.699040
2005-09-28,23.858652,23.598700,23.598700,15.570400
2005-09-29,24.045490,23.590576,24.037369,15.859838
2005-09-30,24.240456,23.907393,23.980503,15.822312
2005-10-03,24.386677,23.842405,23.923639,15.784800
2005-10-04,24.329813,23.623072,23.623072,15.586490
2005-10-05,23.809912,23.525589,23.525589,15.522161
2005-10-06,23.785540,23.468725,23.590576,15.565044
2005-10-07,23.777416,23.582453,23.671812,15.618632
2005-10-10,23.761169,23.419985,23.419985,15.452484
2005-10-11,23.590576,23.314379,23.346872,15.404247
2005-10-12,23.509342,23.135662,23.241266,15.334568
2005-10-13,23.371243,23.095045,23.354996,15.409603
2005-10-14,23.623072,23.411860,23.614946,15.581124
2005-10-17,23.744923,23.484972,23.639318,15.597197
2005-10-18,23.753046,23.452478,23.452478,15.473918
2005-10-19,23.980503,23.379366,23.923639,15.784800
2005-10-20,24.053616,23.614946,23.712429,15.645447
2005-10-21,24.086109,23.720552,23.850529,15.736566
2005-10-24,24.321690,23.907393,24.321690,16.047426
2005-10-25,24.321690,24.045490,24.183592,15.956314
2005-10-26,24.435417,24.102356,24.346060,16.063505
2005-10-27,24.402924,24.207960,24.207960,15.972390
2005-10-28,24.622257,24.264826,24.622257,16.245747
2005-10-31,24.809097,24.630383,24.711617,16.304710
2005-11-01,24.719740,24.532900,24.622257,16.245747
2005-11-02,24.898457,24.565393,24.825344,16.379744
2005-11-03,25.060926,24.735987,24.841593,16.390459
2005-11-04,24.939074,24.752234,24.882210,16.417252
2005-11-07,25.109667,24.930950,25.093420,16.556616
2005-11-08,25.182777,24.890333,25.020309,16.508371
2005-11-09,25.199024,24.963444,25.085297,16.551258
2005-11-10,25.613323,25.101543,25.588951,16.883566
2005-11-11,25.735174,25.548334,25.678310,16.942533
2005-11-14,25.727051,25.588951,25.694557,16.953249
2005-11-15,25.913891,25.361494,25.458977,16.797804
2005-11-16,25.580830,25.255890,25.320877,16.706699
2005-11-17,25.670187,25.320877,25.621447,16.905008
2005-11-18,26.482534,25.572704,25.751423,16.990763
2005-11-21,25.938263,25.710804,25.873274,17.071157
2005-11-22,26.149471,25.767670,26.100731,17.221243
2005-11-23,26.441917,26.060114,26.303818,17.355236
2005-11-25,26.409424,26.287571,26.360682,17.392756
2005-11-28,26.441917,26.190088,26.238831,17.312363
2005-11-29,26.376928,26.035744,26.222584,17.301640
2005-11-30,26.238831,25.824533,25.889521,17.081884
2005-12-01,26.165718,25.995127,26.027620,17.172998
2005-12-02,26.108854,25.987001,26.084484,17.210524
2005-12-05,26.051991,25.800161,26.035744,17.178362
2005-12-06,26.222584,25.938263,25.954510,17.124756
2005-12-07,26.003248,25.629568,25.743298,16.985409
2005-12-08,25.897644,25.629568,25.727051,16.974689
2005-12-09,26.157595,25.702681,25.913891,17.097965
2005-12-12,25.978880,25.710804,25.800161,17.022924
2005-12-13,26.206335,25.759544,26.133224,17.242685
2005-12-14,26.279448,26.060114,26.230707,17.306988
2005-12-15,26.246954,26.051991,26.084484,17.210524
2005-12-16,26.116978,25.930138,25.978880,17.252600
2005-12-19,25.995127,25.735174,25.751423,17.101549
2005-12-20,25.922014,25.751423,25.865150,17.177073
2005-12-21,26.100731,25.865150,25.938263,17.225626
2005-12-22,26.116978,25.913891,26.116978,17.344313
2005-12-23,26.181967,26.076361,26.149471,17.365885
2005-12-27,26.287571,25.922014,25.946384,17.231022
2005-12-28,26.043867,25.873274,25.889521,17.193256
2005-12-29,25.987001,25.824533,25.865150,17.177073
2005-12-30,25.832657,25.653940,25.727051,17.085365
2006-01-03,26.206335,25.645817,26.157595,17.371281
2006-01-04,26.255077,26.035744,26.133224,17.355103
2006-01-05,26.238831,26.125101,26.222584,17.414444
2006-01-06,26.401300,26.165718,26.376928,17.516941
2006-01-09,26.490658,26.344435,26.450041,17.565493
2006-01-10,26.523151,26.287571,26.474411,17.581684
2006-01-11,26.628757,26.303818,26.620634,17.678787
2006-01-12,26.555647,26.393175,26.433794,17.554707
2006-01-13,26.758734,26.344435,26.417547,17.543922
2006-01-17,26.263201,26.092607,26.141348,17.360497
2006-01-18,26.279448,25.970755,26.068237,17.311939
2006-01-19,26.173841,25.946384,25.987001,17.257998
2006-01-20,25.978880,25.426483,25.442730,16.896532
2006-01-23,25.678310,25.312754,25.507717,16.939695
2006-01-24,25.751423,25.580830,25.621447,17.015224
2006-01-25,25.743298,25.572704,25.670187,17.047588
2006-01-26,26.198214,25.832657,26.108854,17.338915
2006-01-27,26.368807,25.987001,26.133224,17.355103
2006-01-30,26.133224,26.051991,26.051991,17.301155
2006-01-31,26.125101,25.922014,25.954510,17.236416
2006-02-01,26.060114,25.816408,25.938263,17.225626
2006-02-02,25.954510,25.718927,25.759544,17.106941
2006-02-03,25.848904,25.491470,25.653940,17.036814
2006-02-06,25.743298,25.629568,25.727051,17.085365
2006-02-07,25.783916,25.548334,25.556458,16.972059
2006-02-08,25.751423,25.523964,25.718927,17.079960
2006-02-09,25.970755,25.718927,25.783916,17.123125
2006-02-10,25.946384,25.629568,25.930138,17.220222
2006-02-13,25.905767,25.718927,25.832657,17.155487
2006-02-14,26.246954,25.848904,26.141348,17.360497
2006-02-15,26.320065,26.076361,26.295694,17.462982
2006-02-16,26.450041,26.246954,26.450041,17.565493
2006-02-17,26.498781,26.255077,26.344435,17.495365
2006-02-21,26.417547,26.230707,26.263201,17.441410
2006-02-22,26.791227,26.328188,26.758734,17.770506
2006-02-23,26.839968,26.539398,26.661251,17.705761
2006-02-24,26.799351,26.596264,26.718115,17.743523
2006-02-27,26.839968,26.726238,26.766855,17.775892
2006-02-28,26.709991,26.433794,26.506905,17.603260
2006-03-01,26.645004,26.515028,26.645004,17.694971
2006-03-02,26.531275,26.368807,26.482534,17.587078
2006-03-03,26.571894,26.336311,26.417547,17.543922
2006-03-06,26.490658,26.255077,26.336311,17.489969
2006-03-07,26.441917,26.230707,26.425671,17.549309
2006-03-08,26.498781,26.271324,26.441917,17.560102
2006-03-09,26.523151,26.263201,26.279448,17.452208
2006-03-10,26.563768,26.279448,26.515028,17.608652
2006-03-13,26.653128,26.450041,26.523151,17.614048
2006-03-14,26.831844,26.531275,26.831844,17.819048
2006-03-15,26.913078,26.685621,26.864338,17.840633
2006-03-16,27.067425,26.929325,26.953695,17.899965
2006-03-17,26.888708,26.791227,26.888708,17.952581
2006-03-20,26.945574,26.758734,26.904955,17.963432
2006-03-21,26.896832,26.604387,26.636881,17.784451
2006-03-22,26.872461,26.588140,26.848091,17.925472
2006-03-23,26.783104,26.636881,26.718115,17.838684
2006-03-24,26.799351,26.588140,26.709991,17.833261
2006-03-27,26.742485,26.612511,26.693745,17.822412
2006-03-28,26.774981,26.425671,26.474411,17.675980
2006-03-29,26.653128,26.417547,26.596264,17.757324
2006-03-30,26.669374,26.385054,26.433794,17.648855
2006-03-31,26.563768,26.401300,26.441917,17.654285
2006-04-03,26.693745,26.417547,26.482534,17.681396
2006-04-04,26.807474,26.417547,26.766855,17.871225
2006-04-05,26.888708,26.718115,26.815598,17.903774
2006-04-06,27.010561,26.612511,26.718115,17.838684
2006-04-07,26.848091,26.425671,26.466288,17.670549
2006-04-10,26.653128,26.450041,26.515028,17.703093
2006-04-11,26.628757,26.238831,26.287571,17.551229
2006-04-12,26.425671,26.279448,26.344435,17.589195
2006-04-13,26.417547,26.263201,26.385054,17.616316
2006-04-17,26.490658,26.287571,26.360682,17.600044
2006-04-18,26.872461,26.409424,26.848091,17.925472
2006-04-19,26.945574,26.774981,26.880585,17.947159
2006-04-20,27.059301,26.823721,26.937449,17.985130
2006-04-21,27.099918,26.580015,26.904955,17.963432
2006-04-24,27.164907,26.596264,26.913078,17.968855
2006-04-25,26.913078,26.669374,26.750608,17.860378
2006-04-26,26.913078,26.653128,26.904955,17.963432
2006-04-27,27.376118,26.791227,27.327375,18.245464
2006-04-28,27.692932,27.213648,27.587326,18.419035
2006-05-01,27.644192,27.091795,27.156782,18.131571
2006-05-02,27.343622,27.205524,27.327375,18.245464
2006-05-03,27.376118,27.197399,27.303005,18.229191
2006-05-04,27.465475,27.311129,27.359871,18.267155
2006-05-05,27.782291,27.465475,27.749798,18.527500
2006-05-08,27.798538,27.603575,27.636068,18.451574
2006-05-09,27.717302,27.595451,27.684809,18.484114
2006-05-10,27.749798,27.506092,27.701056,18.494961
2006-05-11,27.684809,27.156782,27.246141,18.191225
2006-05-12,27.246141,26.807474,26.969942,18.006821
2006-05-15,27.181154,26.921202,27.156782,18.131571
2006-05-16,27.254265,27.010561,27.124289,18.109877
2006-05-17,26.986191,26.498781,26.580015,17.746483
2006-05-18,26.701868,26.336311,26.344435,17.589195
2006-05-19,26.604387,26.320065,26.482534,17.681396
2006-05-22,26.539398,26.198214,26.417547,17.638008
2006-05-23,26.612511,26.271324,26.287571,17.551229
2006-05-24,26.482534,26.076361,26.303818,17.562073
2006-05-25,26.555647,26.360682,26.539398,17.719366
2006-05-26,26.766855,26.571894,26.758734,17.865803
2006-05-30,26.791227,26.352558,26.360682,17.600044
2006-05-31,26.580015,26.295694,26.547522,17.724789
2006-06-01,26.896832,26.531275,26.856215,17.930887
2006-06-02,27.067425,26.726238,27.010561,18.033945
2006-06-05,26.961821,26.547522,26.571894,17.741060
2006-06-06,26.709991,26.246954,26.506905,17.697666
2006-06-07,26.823721,26.458164,26.596264,17.757324
2006-06-08,26.726238,26.271324,26.645004,17.789875
2006-06-09,26.758734,26.515028,26.555647,17.730209
2006-06-12,26.620634,26.255077,26.263201,17.534952
2006-06-13,26.360682,25.678310,25.751423,17.193268
2006-06-14,25.881397,25.329000,25.597076,17.090212
2006-06-15,26.222584,25.727051,26.165718,17.469868
2006-06-16,26.035744,25.767670,25.848904,17.359133
2006-06-19,26.011374,25.613323,25.670187,17.239105
2006-06-20,25.922014,25.678310,25.743298,17.288200
2006-06-21,26.051991,25.743298,25.954510,17.430048
2006-06-22,25.946384,25.775791,25.857027,17.364584
2006-06-23,25.848904,25.621447,25.686434,17.250025
2006-06-26,25.913891,25.670187,25.913891,17.402777
2006-06-27,25.946384,25.645817,25.662064,17.233658
2006-06-28,25.808287,25.629568,25.800161,17.326389
2006-06-29,26.368807,25.873274,26.344435,17.691914
2006-06-30,26.466288,26.222584,26.271324,17.642807
2006-07-03,26.588140,26.303818,26.580015,17.850111
2006-07-05,26.417547,26.222584,26.328188,17.681004
2006-07-06,26.490658,26.303818,26.409424,17.735546
2006-07-07,26.515028,26.255077,26.279448,17.648266
2006-07-10,26.498781,26.336311,26.458164,17.768280
2006-07-11,26.490658,26.181967,26.466288,17.773733
2006-07-12,26.547522,26.149471,26.206335,17.599163
2006-07-13,26.116978,25.783916,25.792040,17.320940
2006-07-14,25.865150,25.580830,25.686434,17.250025
2006-07-17,25.792040,25.540211,25.735174,17.282751
2006-07-18,25.873274,25.580830,25.792040,17.320940
2006-07-19,26.490658,25.857027,26.474411,17.779196
2006-07-20,26.563768,26.344435,26.368807,17.708269
2006-07-21,26.450041,26.133224,26.222584,17.610075
2006-07-24,26.588140,26.263201,26.563768,17.839201
2006-07-25,26.701868,26.425671,26.628757,17.882843
2006-07-26,26.701868,26.498781,26.596264,17.861025
2006-07-27,26.774981,26.433794,26.441917,17.757378
2006-07-28,27.010561,26.636881,26.913078,18.073784
2006-07-31,26.978067,26.807474,26.872461,18.046515
2006-08-01,26.864338,26.636881,26.791227,17.991951
2006-08-02,26.904955,26.709991,26.839968,18.024691
2006-08-03,27.010561,26.726238,26.953695,18.101055
2006-08-04,27.457352,26.913078,27.010561,18.139252
2006-08-07,27.026808,26.872461,26.953695,18.101055
2006-08-08,27.099918,26.718115,26.758734,17.970137
2006-08-09,27.010561,26.417547,26.441917,17.757378
2006-08-10,26.628757,26.328188,26.571894,17.844652
2006-08-11,26.555647,26.376928,26.490658,17.790106
2006-08-14,26.766855,26.474411,26.523151,17.811926
2006-08-15,27.303005,26.799351,26.969942,18.111973
2006-08-16,27.164907,26.994314,27.116165,18.210173
2006-08-17,27.229895,27.026808,27.205524,18.270182
2006-08-18,27.246141,27.116165,27.246141,18.297457
2006-08-21,27.213648,27.075548,27.140535,18.226538
2006-08-22,27.205524,27.034931,27.132414,18.221079
2006-08-23,27.164907,26.994314,27.051178,18.166521
2006-08-24,27.189278,27.083672,27.140535,18.226538
2006-08-25,27.083672,26.969942,26.994314,18.128338
2006-08-28,27.246141,26.961821,27.189278,18.259262
2006-08-29,27.132414,26.921202,27.075548,18.182898
2006-08-30,27.229895,27.116165,27.156782,18.237455
2006-08-31,27.205524,27.108042,27.189278,18.259262
2006-09-01,27.286758,27.140535,27.229895,18.286551
2006-09-05,27.416735,27.213648,27.327375,18.352007
2006-09-06,27.538588,27.173031,27.238018,18.292004
2006-09-07,27.197399,27.002438,27.026808,18.150169
2006-09-08,27.205524,26.896832,27.181154,18.253817
2006-09-11,27.238018,27.099918,27.197399,18.264725
2006-09-12,27.587326,27.213648,27.546709,18.499310
2006-09-13,27.806662,27.457352,27.749798,18.635704
2006-09-14,27.814785,27.627945,27.814785,18.679337
2006-09-15,28.432169,27.709181,27.741673,18.736397
2006-09-18,27.798538,27.611698,27.709181,18.714449
2006-09-19,28.066612,27.603575,27.757919,18.747368
2006-09-20,27.993502,27.814785,27.944759,18.873568
2006-09-21,28.017872,27.701056,27.749798,18.741888
2006-09-22,27.847279,27.684809,27.798538,18.774807
2006-09-25,28.147846,27.822908,28.082859,18.966831
2006-09-26,28.237206,27.985378,28.237206,19.071075
2006-09-27,28.229082,28.034119,28.107229,18.983286
2006-09-28,28.237206,28.034119,28.204712,19.049118
2006-09-29,28.391552,27.879772,28.123478,18.994267
2006-10-02,28.164095,27.952885,28.058489,18.950375
2006-10-03,28.399675,28.050365,28.334686,19.136913
2006-10-04,28.675873,28.261576,28.675873,19.367350
2006-10-05,28.952070,28.554022,28.659626,19.356371
2006-10-06,28.602762,28.489033,28.562145,19.290539
2006-10-09,28.683996,28.456539,28.643379,19.345398
2006-10-10,28.732738,28.562145,28.643379,19.345398
2006-10-11,28.643379,28.237206,28.570269,19.296021
2006-10-12,28.773355,28.627132,28.724613,19.400263
2006-10-13,28.830219,28.643379,28.830219,19.471588
2006-10-16,28.757109,28.635256,28.675873,19.367350
2006-10-17,28.748985,28.529652,28.675873,19.367350
2006-10-18,28.911453,28.586515,28.757109,19.422207
2006-10-19,28.708366,28.440292,28.570269,19.296021
2006-10-20,28.578392,28.415922,28.537773,19.274073
2006-10-23,28.765232,28.432169,28.724613,19.400263
2006-10-24,28.724613,28.578392,28.716492,19.394779
2006-10-25,28.838343,28.627132,28.838343,19.477077
2006-10-26,29.049553,28.757109,29.041430,19.614241
2006-10-27,29.000813,28.740862,28.822096,19.466103
2006-10-30,28.919579,28.732738,28.830219,19.471588
2006-10-31,28.984566,28.781479,28.781479,19.438673
2006-11-01,28.960196,28.545898,28.602762,19.317968
2006-11-02,28.627132,28.432169,28.521526,19.263111
2006-11-03,28.675873,28.383429,28.521526,19.263111
2006-11-06,28.895206,28.537773,28.854589,19.488049
2006-11-07,29.025183,28.862713,28.919579,19.531937
2006-11-08,29.090172,28.797726,29.041430,19.614241
2006-11-09,29.041430,28.797726,28.846466,19.482557
2006-11-10,29.082047,28.878960,29.082047,19.641663
2006-11-13,29.171406,28.952070,29.049553,19.619728
2006-11-14,29.252640,28.870836,29.220146,19.734943
2006-11-15,29.252640,29.122665,29.179529,19.707512
2006-11-16,29.463852,29.260763,29.463852,19.899530
2006-11-17,29.398863,29.244516,29.244516,19.751390
2006-11-20,29.488220,29.293259,29.431356,19.877583
2006-11-21,29.447603,29.317629,29.382616,19.844675
2006-11-22,29.488220,29.301380,29.415110,19.866621
2006-11-24,29.366369,29.203899,29.268887,19.767855
2006-11-27,29.277012,28.805849,28.813972,19.460617
2006-11-28,28.919579,28.675873,28.862713,19.493536
2006-11-29,29.130789,28.878960,29.041430,19.614241
2006-11-30,29.130789,28.846466,28.984566,19.575827
2006-12-01,29.057676,28.619009,28.813972,19.460617
2006-12-04,29.268887,28.903332,29.220146,19.734943
2006-12-05,29.374493,29.138910,29.358246,19.828213
2006-12-06,29.439480,29.325750,29.398863,19.855644
2006-12-07,29.577579,29.277012,29.325750,19.806265
2006-12-08,29.480097,29.220146,29.415110,19.866621
2006-12-11,29.634443,29.463852,29.577579,19.976351
2006-12-12,29.650690,29.447603,29.601950,19.992805
2006-12-13,29.756296,29.585703,29.634443,20.014755
2006-12-14,29.886271,29.593826,29.886271,20.184841
2006-12-15,29.853777,29.675060,29.731924,20.235149
2006-12-18,29.943136,29.780666,29.878147,20.334660
2006-12-19,29.926889,29.707556,29.853777,20.318075
2006-12-20,29.959383,29.764420,29.951260,20.384418
2006-12-21,30.008123,29.796913,29.821283,20.295963
2006-12-22,29.821283,29.593826,29.675060,20.196449
2006-12-26,29.943136,29.715677,29.943136,20.378893
2006-12-27,30.170593,30.016247,30.154346,20.522642
2006-12-28,30.170593,29.967506,30.016247,20.428648
2006-12-29,30.056864,29.829407,29.845654,20.312553
2007-01-03,30.211210,29.764420,29.991877,20.412062
2007-01-04,29.991877,29.764420,29.894396,20.345716
2007-01-05,29.878147,29.601950,29.658813,20.185383
2007-01-08,29.813160,29.471973,29.788790,20.273844
2007-01-09,29.902517,29.577579,29.740049,20.240673
2007-01-10,29.861900,29.585703,29.837530,20.307020
2007-01-11,30.024370,29.821283,30.024370,20.434175
2007-01-12,30.089357,29.910643,30.056864,20.456295
2007-01-16,30.138100,30.016247,30.138100,20.511576
2007-01-17,30.186840,29.991877,30.056864,20.456295
2007-01-18,30.138100,29.918764,29.935013,20.373371
2007-01-19,30.048740,29.910643,30.024370,20.434175
2007-01-22,30.089357,29.918764,30.000000,20.417595
2007-01-23,30.040617,29.853777,29.983753,20.406536
2007-01-24,30.292444,29.943136,30.292444,20.616625
2007-01-25,30.316816,29.813160,29.853777,20.318075
2007-01-26,29.991877,29.691307,29.910643,20.356781
2007-01-29,29.951260,29.723803,29.764420,20.257267
2007-01-30,29.926889,29.748173,29.878147,20.334660
2007-01-31,30.194963,29.788790,30.121853,20.500530
2007-02-01,30.333063,30.178717,30.316816,20.633213
2007-02-02,30.414297,30.292444,30.373680,20.671917
2007-02-05,30.422421,30.243704,30.365557,20.666386
2007-02-06,30.528027,30.357433,30.503656,20.760374
2007-02-07,30.666124,30.503656,30.617384,20.837774
2007-02-08,30.552397,30.357433,30.519903,20.771439
2007-02-09,30.625507,30.016247,30.194963,20.550278
2007-02-12,30.276197,30.040617,30.121853,20.500530
2007-02-13,30.406174,30.138100,30.341187,20.649796
2007-02-14,30.714867,30.381804,30.633631,20.848839
2007-02-15,30.731113,30.584890,30.682371,20.882011
2007-02-16,30.682371,30.552397,30.674250,20.876472
2007-02-20,30.861090,29.951260,30.836718,20.987057
2007-02-21,30.787977,30.641754,30.706741,20.898592
2007-02-22,30.828594,30.560520,30.584890,20.815655
2007-02-23,30.617384,30.219334,30.300570,20.622156
2007-02-26,30.479284,29.959383,30.081236,20.472878
2007-02-27,29.886271,28.367182,28.675873,19.516409
2007-02-28,29.390739,28.870836,29.203899,19.875772
2007-03-01,29.285133,28.594639,29.171406,19.853666
2007-03-02,29.236393,28.838343,28.838343,19.626989
2007-03-05,28.911453,28.050365,28.383429,19.317381
2007-03-06,29.065800,28.610886,28.976442,19.720972
2007-03-07,29.065800,28.773355,28.805849,19.604872
2007-03-08,29.390739,28.984566,29.065800,19.781786
2007-03-09,29.293259,29.000813,29.138910,19.831553
2007-03-12,29.244516,28.935825,29.138910,19.831553
2007-03-13,28.935825,28.107229,28.269699,19.239986
2007-03-14,28.464663,27.766045,28.334686,19.284208
2007-03-15,28.813972,28.350933,28.675873,19.516409
2007-03-16,28.683996,28.253452,28.448416,19.443123
2007-03-19,28.757109,28.464663,28.635256,19.570822
2007-03-20,28.943949,28.627132,28.895206,19.748486
2007-03-21,29.715677,28.870836,29.553209,20.198195
2007-03-22,29.650690,29.317629,29.374493,20.076057
2007-03-23,29.520716,29.293259,29.406986,20.098257
2007-03-26,29.488220,29.049553,29.260763,19.998327
2007-03-27,29.236393,29.041430,29.082047,19.876183
2007-03-28,29.065800,28.619009,28.716492,19.626339
2007-03-29,29.082047,28.708366,28.862713,19.726280
2007-03-30,29.090172,28.610886,28.943949,19.781799
2007-04-02,28.919579,28.529652,28.675873,19.598576
2007-04-03,29.122665,28.870836,29.033306,19.842867
2007-04-04,29.138910,28.943949,29.033306,19.842867
2007-04-05,29.114540,28.927702,29.049553,19.853970
2007-04-09,29.130789,28.976442,29.041430,19.848419
2007-04-10,29.179529,29.041430,29.171406,19.937256
2007-04-11,29.163282,28.838343,28.927702,19.770693
2007-04-12,28.943949,28.700245,28.878960,19.737379
2007-04-13,29.090172,28.895206,29.000813,19.820662
2007-04-16,29.715677,29.260763,29.707556,20.303686
2007-04-17,29.845654,29.601950,29.699430,20.298132
2007-04-18,30.146223,29.740049,30.040617,20.531317
2007-04-19,30.073111,29.772543,30.000000,20.503561
2007-04-20,30.251827,30.040617,30.154346,20.609043
2007-04-23,30.276197,30.040617,30.073111,20.553528
2007-04-24,30.121853,29.780666,29.983753,20.492455
2007-04-25,30.406174,30.024370,30.389927,20.770050
2007-04-26,30.406174,30.170593,30.341187,20.736738
2007-04-27,30.333063,30.113729,30.300570,20.708975
2007-04-30,30.381804,30.032494,30.064987,20.547974
2007-05-01,30.219334,29.870024,30.121853,20.586840
2007-05-02,30.357433,30.064987,30.251827,20.675671
2007-05-03,30.536148,30.292444,30.536148,20.869984
2007-05-04,30.666124,30.511780,30.641754,20.942162
2007-05-07,30.755484,30.601137,30.682371,20.969933
2007-05-08,30.641754,30.479284,30.617384,20.925507
2007-05-09,30.812347,30.544273,30.779854,21.036543
2007-05-10,30.747360,30.341187,30.341187,20.736738
2007-05-11,30.666124,30.471163,30.666124,20.958820
2007-05-14,30.706741,30.357433,30.519903,20.858889
2007-05-15,30.714867,30.381804,30.446791,20.808922
2007-05-16,30.796101,30.495531,30.796101,21.047657
2007-05-17,30.714867,30.576767,30.641754,20.942162
2007-05-18,30.787977,30.641754,30.722988,20.997688
2007-05-21,30.820471,30.641754,30.755484,21.019890
2007-05-22,30.869211,30.658003,30.779854,21.036543
2007-05-23,30.950447,30.714867,30.755484,21.019890
2007-05-24,30.869211,30.373680,30.479284,20.831133
2007-05-25,30.576767,30.389927,30.536148,20.869984
2007-05-29,30.682371,30.503656,30.666124,20.958820
2007-05-30,30.877335,30.479284,30.877335,21.103182
2007-05-31,30.991064,30.706741,30.787977,21.042097
2007-06-01,30.942324,30.771730,30.885460,21.108725
2007-06-04,30.844843,30.747360,30.844843,21.080961
2007-06-05,30.771730,30.576767,30.658003,20.953270
2007-06-06,30.544273,30.324940,30.398050,20.775600
2007-06-07,30.430544,29.805037,29.886271,20.425833
2007-06-08,30.243704,29.829407,30.235580,20.664574
2007-06-11,30.446791,30.064987,30.373680,20.758949
2007-06-12,30.422421,29.894396,29.959383,20.475798
2007-06-13,30.544273,30.064987,30.528027,20.864433
2007-06-14,30.641754,30.422421,30.479284,20.831133
2007-06-15,30.633631,30.398050,30.422421,20.905928
2007-06-18,30.593014,30.341187,30.414297,20.900339
2007-06-19,30.544273,30.259951,30.544273,20.989666
2007-06-20,30.609261,29.894396,30.008123,20.621225
2007-06-21,30.097483,29.650690,30.056864,20.654720
2007-06-22,29.967506,29.488220,29.675060,20.392359
2007-06-25,29.813160,29.236393,29.439480,20.230457
2007-06-26,29.601950,29.163282,29.163282,20.040667
2007-06-27,29.601950,29.082047,29.601950,20.342110
2007-06-28,29.764420,29.374493,29.553209,20.308615
2007-06-29,29.731924,29.082047,29.390739,20.196968
2007-07-02,29.829407,29.398863,29.642567,20.370024
2007-07-03,29.926889,29.748173,29.902517,20.548653
2007-07-05,29.853777,29.585703,29.650690,20.375605
2007-07-06,29.805037,29.528837,29.796913,20.476084
2007-07-09,29.813160,29.618196,29.675060,20.392359
2007-07-10,29.504469,28.919579,29.049553,19.962507
2007-07-11,29.252640,28.870836,29.147036,20.029503
2007-07-12,29.788790,29.260763,29.683184,20.397936
2007-07-13,29.894396,29.634443,29.796913,20.476084
2007-07-16,30.000000,29.658813,29.691307,20.403511
2007-07-17,29.935013,29.691307,29.788790,20.470503
2007-07-18,30.048740,29.057676,29.406986,20.208134
2007-07-19,29.650690,29.187653,29.309504,20.141150
2007-07-20,29.374493,28.659626,28.797726,19.789457
2007-07-23,29.065800,28.659626,28.781479,19.778296
2007-07-24,28.570269,27.847279,28.058489,19.281456
2007-07-25,28.415922,27.822908,28.188465,19.370777
2007-07-26,27.871649,27.083672,27.522341,18.913034
2007-07-27,27.790415,27.083672,27.091795,18.617157
2007-07-30,27.636068,26.807474,27.603575,18.968849
2007-07-31,28.001625,26.726238,26.726238,18.365953
2007-08-01,27.197399,26.409424,27.026808,18.572502
2007-08-02,27.538588,26.961821,27.205524,18.695307
2007-08-03,27.221771,26.011374,26.043867,17.897039
2007-08-06,27.416735,25.962631,27.376118,18.812546
2007-08-07,27.952885,27.108042,27.571079,18.946520
2007-08-08,28.586515,27.636068,28.229082,19.398695
2007-08-09,27.977255,26.921202,27.213648,18.700890
2007-08-10,27.538588,26.685621,27.091795,18.617157
2007-08-13,27.725426,26.555647,26.848091,18.449682
2007-08-14,27.051178,26.255077,26.376928,18.125916
2007-08-15,26.896832,25.962631,26.141348,17.964025
2007-08-16,27.205524,25.597076,26.929325,18.505514
2007-08-17,28.748985,27.319254,28.025995,19.259134
2007-08-20,28.131599,27.278635,27.652315,19.002342
2007-08-21,28.082859,27.481722,27.847279,19.136328
2007-08-22,28.261576,27.668562,27.920389,19.186558
2007-08-23,28.269699,27.782291,27.961006,19.214468
2007-08-24,28.196589,27.701056,28.058489,19.281456
2007-08-27,28.017872,27.692932,27.733549,19.058167
2007-08-28,27.481722,26.815598,26.904955,18.488770
2007-08-29,27.376118,26.693745,27.229895,18.712061
2007-08-30,27.286758,26.880585,27.059301,18.594835
2007-08-31,27.619822,27.156782,27.416735,18.840458
2007-09-04,27.944759,27.343622,27.627945,18.985592
2007-09-05,27.595451,27.132414,27.294882,18.756718
2007-09-06,27.554832,26.921202,27.091795,18.617157
2007-09-07,27.083672,26.653128,26.815598,18.427362
2007-09-10,27.043055,26.441917,26.726238,18.365953
2007-09-11,27.205524,26.839968,27.002438,18.555756
2007-09-12,27.205524,26.872461,27.059301,18.594835
2007-09-13,27.538588,27.205524,27.506092,18.901871
2007-09-14,27.603575,27.173031,27.603575,18.968849
2007-09-17,27.376118,27.108042,27.343622,18.790209
2007-09-18,28.513405,27.254265,28.375305,19.499174
2007-09-19,28.976442,28.472786,28.554022,19.621979
2007-09-20,28.667749,28.066612,28.204712,19.381941
2007-09-21,28.302193,27.790415,28.107229,19.457861
2007-09-24,28.147846,27.603575,27.717302,19.187923
2007-09-25,27.676685,27.359871,27.660439,19.148563
2007-09-26,27.912266,27.514215,27.668562,19.154182
2007-09-27,28.009748,27.709181,27.993502,19.379135
2007-09-28,28.058489,27.749798,27.879772,19.300396
2007-10-01,28.472786,27.701056,28.407799,19.665936
2007-10-02,28.781479,28.472786,28.732738,19.890894
2007-10-03,28.838343,28.529652,28.667749,19.845900
2007-10-04,28.878960,28.643379,28.838343,19.963995
2007-10-05,29.220146,28.878960,29.155157,20.183317
2007-10-08,29.114540,28.635256,28.757109,19.907757
2007-10-09,29.106419,28.692120,29.000813,20.076464
2007-10-10,29.033306,28.683996,28.838343,19.963995
2007-10-11,29.163282,28.602762,28.683996,19.857141
2007-10-12,28.878960,28.578392,28.870836,19.986486
2007-10-15,28.765232,27.985378,28.285946,19.581577
2007-10-16,28.131599,27.619822,27.757919,19.216045
2007-10-17,28.090982,27.238018,27.741673,19.204802
2007-10-18,27.473598,27.132414,27.392365,18.962982
2007-10-19,27.400488,26.441917,26.482534,18.333134
2007-10-22,26.969942,26.214460,26.807474,18.558081
2007-10-23,27.108042,26.653128,26.953695,18.659307
2007-10-24,26.921202,26.076361,26.750608,18.518707
2007-10-25,26.986191,26.141348,26.726238,18.501839
2007-10-26,27.376118,26.612511,27.376118,18.951736
2007-10-29,27.457352,27.124289,27.457352,19.007969
2007-10-30,27.327375,27.010561,27.034931,18.715538
2007-10-31,27.530462,26.888708,27.400488,18.968611
2007-11-01,27.173031,25.995127,25.995127,17.995716
2007-11-02,26.108854,25.174656,25.865150,17.905729
2007-11-05,25.637693,24.947197,25.402111,17.585188
2007-11-06,25.832657,25.142160,25.832657,17.883240
2007-11-07,25.450853,24.419170,24.419170,16.904716
2007-11-08,24.792850,23.793665,24.671000,17.079056
2007-11-09,25.182777,23.923639,24.484159,16.949709
2007-11-12,25.329000,24.516653,24.573517,17.011574
2007-11-13,25.873274,24.995937,25.727051,17.810131
2007-11-14,26.393175,25.613323,25.629568,17.742643
2007-11-15,25.613323,24.679123,24.979691,17.292757
2007-11-16,25.101543,24.459789,24.784727,17.157782
2007-11-19,24.532900,23.834282,24.118603,16.696646
2007-11-20,24.248577,23.111292,23.590576,16.331104
2007-11-21,23.623072,22.948822,23.225019,16.078037
2007-11-23,23.939886,23.436232,23.777416,16.460453
2007-11-26,23.883022,22.826969,22.981316,15.909329
2007-11-27,23.533712,22.940699,23.395613,16.196136
2007-11-28,24.792850,23.874899,24.792850,17.163408
2007-11-29,24.776604,24.191713,24.573517,17.011574
2007-11-30,25.735174,25.036556,25.182777,17.433348
2007-12-03,25.166531,24.784727,24.979691,17.292757
2007-12-04,24.695370,24.411049,24.516653,16.972202
2007-12-05,25.101543,24.606010,24.882210,17.225266
2007-12-06,25.686434,24.857840,25.686434,17.782013
2007-12-07,25.792040,25.345247,25.345247,17.545820
2007-12-10,26.068237,25.418360,25.881397,17.916973
2007-12-11,26.108854,24.565393,24.573517,17.011574
2007-12-12,25.467100,23.923639,24.386677,16.882221
2007-12-13,24.402924,23.696182,24.378553,16.876602
2007-12-14,24.467913,23.834282,23.842405,16.505444
2007-12-17,24.045490,23.574329,23.590576,16.331104
2007-12-18,23.972380,23.208773,23.606825,16.342363
2007-12-19,24.118603,23.493095,23.744923,16.437962
2007-12-20,24.102356,23.233145,23.574329,16.319862
2007-12-21,23.842405,23.428106,23.793665,16.621771
2007-12-24,24.264826,23.883022,24.224209,16.922535
2007-12-26,24.191713,23.891146,24.053616,16.803366
2007-12-27,23.988626,23.549959,23.566206,16.462870
2007-12-28,23.801786,23.338749,23.509342,16.423147
2007-12-31,23.826159,23.265638,23.501219,16.417473
2008-01-02,23.696182,23.013809,23.038179,16.093998
2008-01-03,23.257515,22.875711,22.891958,15.991859
2008-01-04,22.688871,22.201462,22.242081,15.537859
2008-01-07,22.607635,21.990252,22.298944,15.577584
2008-01-08,22.599512,21.486595,21.486595,15.010095
2008-01-09,21.982128,21.047930,21.892771,15.293841
2008-01-10,22.761982,21.470348,22.266451,15.554884
2008-01-11,22.835093,21.933388,22.339561,15.605961
2008-01-14,22.664499,22.258327,22.648252,15.821609
2008-01-15,22.258327,21.714054,21.714054,15.168991
2008-01-16,22.502031,21.632818,22.079611,15.424359
2008-01-17,22.128351,20.942324,20.958570,14.641230
2008-01-18,21.283508,20.284323,20.714867,14.470986
2008-01-22,21.657188,19.585703,21.161657,14.783102
2008-01-23,22.664499,20.479284,22.664499,15.832962
2008-01-24,22.883835,22.372055,22.672625,15.838628
2008-01-25,23.078798,21.933388,22.079611,15.424359
2008-01-28,23.549959,21.876522,22.867586,15.974821
2008-01-29,23.233145,22.640129,23.216896,16.218851
2008-01-30,23.818033,22.745735,22.745735,15.889703
2008-01-31,24.313566,22.307068,23.671812,16.536640
2008-02-01,24.110479,23.468725,24.110479,16.843081
2008-02-04,23.956133,23.298132,23.411860,16.355043
2008-02-05,23.005686,22.307068,22.461412,15.691079
2008-02-06,22.696995,22.055241,22.201462,15.509483
2008-02-07,22.696995,21.933388,22.404549,15.651358
2008-02-08,22.388302,21.722178,22.030869,15.390314
2008-02-11,21.990252,21.348497,21.543461,15.049825
2008-02-12,22.177092,21.559708,22.136475,15.464085
2008-02-13,22.120228,21.575954,22.055241,15.407344
2008-02-14,22.112104,21.454102,21.454102,14.987397
2008-02-15,21.795288,21.259138,21.795288,15.225735
2008-02-19,22.136475,21.421608,21.762794,15.203043
2008-02-20,22.014622,21.275387,22.014622,15.378969
2008-02-21,22.152721,21.535337,21.624695,15.106575
2008-02-22,22.095858,21.194151,22.095858,15.435706
2008-02-25,22.290819,21.543461,22.095858,15.435706
2008-02-26,22.623882,21.941511,22.290819,15.571909
2008-02-27,22.672625,21.933388,22.388302,15.640005
2008-02-28,22.201462,21.689684,21.689684,15.151969
2008-02-29,21.429731,20.804224,20.982941,14.658253
2008-03-03,20.885460,20.406174,20.698620,14.459636
2008-03-04,20.641754,19.967506,20.584890,14.380179
2008-03-05,20.885460,20.162470,20.422421,14.266688
2008-03-06,20.227457,19.577579,19.715677,13.772965
2008-03-07,20.186840,19.333876,19.756296,13.801351
2008-03-10,19.910643,19.090172,19.195776,13.409781
2008-03-11,20.576767,19.520716,20.454914,14.289386
2008-03-12,21.047930,19.943136,20.113729,14.051036
2008-03-13,20.926077,19.041430,20.064987,14.016992
2008-03-14,20.389927,19.106419,19.496344,13.619745
2008-03-17,19.333876,18.107229,19.049553,13.307622
2008-03-18,20.747360,19.666937,20.649878,14.425581
2008-03-19,21.202274,20.105604,20.105604,14.045364
2008-03-20,21.551584,20.243704,21.380991,15.056778
2008-03-24,22.233955,21.567831,21.657188,15.251283
2008-03-25,21.811535,21.169781,21.592201,15.205512
2008-03-26,21.348497,20.731113,20.812347,14.656333
2008-03-27,21.047930,20.406174,20.487410,14.427495
2008-03-28,20.649878,19.943136,20.024370,14.101430
2008-03-31,20.552397,19.829407,20.203087,14.227282
2008-04-01,21.705931,20.869211,21.624695,15.228402
2008-04-02,22.071487,21.445978,21.608448,15.216961
2008-04-03,21.811535,21.267262,21.705931,15.285598
2008-04-04,21.714054,21.259138,21.413485,15.079665
2008-04-07,21.917141,21.462227,21.543461,15.171194
2008-04-08,21.519091,21.096668,21.299755,14.999569
2008-04-09,21.364744,20.787977,20.942324,14.747867
2008-04-10,21.104794,20.568644,20.812347,14.656333
2008-04-11,20.877335,20.357433,20.414297,14.376018
2008-04-14,20.308693,19.821283,19.935013,14.038502
2008-04-15,20.333063,19.796913,20.138100,14.181516
2008-04-16,20.787977,20.398050,20.682371,14.564795
2008-04-17,21.153534,20.495531,21.039804,14.816510
2008-04-18,21.844028,21.348497,21.502844,15.142585
2008-04-21,21.283508,20.966694,21.169781,14.908043
2008-04-22,21.072298,20.755484,20.877335,14.702096
2008-04-23,21.064175,20.593014,20.739237,14.604848
2008-04-24,21.632818,20.812347,21.486595,15.131145
2008-04-25,21.949635,21.259138,21.892771,15.417179
2008-04-28,22.063362,21.689684,21.949635,15.457221
2008-04-29,21.974005,21.608448,21.681561,15.268442
2008-04-30,21.974005,21.462227,21.616571,15.222673
2008-05-01,22.437042,21.486595,22.355808,15.743249
2008-05-02,22.883835,22.266451,22.510155,15.851950
2008-05-05,22.396425,22.038994,22.120228,15.577359
2008-05-06,22.372055,21.056051,22.355808,15.743249
2008-05-07,22.380178,21.462227,21.551584,15.176910
2008-05-08,21.640942,21.031681,21.112917,14.867994
2008-05-09,21.462227,20.934200,21.112917,14.867994
2008-05-12,21.429731,21.056051,21.364744,15.045337
2008-05-13,21.454102,21.031681,21.169781,14.908043
2008-05-14,21.421608,21.161657,21.316004,15.011008
2008-05-15,21.608448,21.121040,21.527214,15.159746
2008-05-16,21.592201,21.137287,21.437855,15.096819
2008-05-19,21.567831,21.064175,21.234768,14.953804
2008-05-20,21.023558,20.617384,20.739237,14.604848
2008-05-21,20.812347,20.097483,20.211210,14.233001
2008-05-22,20.528027,20.073111,20.324940,14.313093
2008-05-23,20.243704,19.926889,20.024370,14.101430
2008-05-27,20.227457,19.918764,20.129976,14.175794
2008-05-28,20.308693,19.731924,20.016247,14.095705
2008-05-29,20.463037,19.967506,20.373680,14.347406
2008-05-30,20.511780,19.943136,20.113729,14.164351
2008-06-02,20.064987,19.618196,19.813160,13.952687
2008-06-03,20.032494,19.447603,19.748173,13.906929
2008-06-04,19.983753,19.390739,19.626320,13.821113
2008-06-05,20.016247,19.658813,20.016247,14.095705
2008-06-06,19.772543,18.943949,18.952070,13.346297
2008-06-09,19.171406,18.367182,18.692120,13.163231
2008-06-10,18.992689,18.391552,18.748985,13.203287
2008-06-11,18.854589,18.139725,18.204712,12.819996
2008-06-12,18.830219,18.261576,18.700245,13.168962
2008-06-13,18.992689,18.424046,18.992689,13.374898
2008-06-16,19.293259,18.692120,19.171406,13.500756
2008-06-17,19.374493,18.537773,18.610886,13.106026
2008-06-18,18.765232,18.090982,18.302193,12.888645
2008-06-19,18.537773,17.936638,18.497156,13.025936
2008-06-20,18.277822,17.757919,18.017872,12.800861
2008-06-23,17.952885,17.327375,17.449228,12.396868
2008-06-24,17.847279,17.173031,17.652315,12.541145
2008-06-25,18.245329,17.603575,17.611698,12.512294
2008-06-26,17.400488,16.904955,16.978067,12.062127
2008-06-27,17.108042,16.531275,16.709991,11.871674
2008-06-30,16.758734,16.295694,16.458164,11.692760
2008-07-01,16.580015,15.897644,16.506905,11.727387
2008-07-02,16.839968,16.246954,16.255077,11.548473
2008-07-03,16.555647,16.076361,16.198214,11.508080
2008-07-07,16.531275,15.499594,15.662063,11.127167
2008-07-08,16.685621,15.580829,16.677498,11.848587
2008-07-09,16.758734,15.702681,15.727051,11.173341
2008-07-10,15.954509,15.393989,15.613323,11.092542
2008-07-11,15.670187,14.857839,15.174655,10.780885
2008-07-14,15.759545,14.394801,14.394801,10.226837
2008-07-15,14.800975,13.623071,13.948010,9.909411
2008-07-16,15.775792,14.216084,15.775792,11.207969
2008-07-17,16.969942,15.848903,16.458164,11.692760
2008-07-18,17.132414,16.409424,16.791227,11.929389
2008-07-21,17.449228,16.742485,16.856215,11.975557
2008-07-22,18.269699,16.165718,18.269699,12.979770
2008-07-23,18.757109,17.757919,18.245329,12.962456
2008-07-24,18.367182,16.969942,17.018684,12.090987
2008-07-25,17.408611,16.636881,16.953695,12.044811
2008-07-28,17.221771,16.084484,16.157595,11.479221
2008-07-29,17.465475,16.043867,17.465475,12.408409
2008-07-30,17.969131,17.116165,17.733549,12.598865
2008-07-31,17.871649,17.311129,17.571079,12.483435
2008-08-01,17.725426,17.091795,17.571079,12.483435
2008-08-04,17.676685,17.091795,17.424858,12.379554
2008-08-05,18.310316,17.571079,18.310316,13.008629
2008-08-06,18.253452,17.798538,18.123478,12.875890
2008-08-07,17.936638,17.067425,17.229895,12.241040
2008-08-08,17.977255,17.083672,17.822908,12.662349
2008-08-11,18.489033,17.627945,18.123478,12.875890
2008-08-12,17.879772,17.059301,17.205524,12.223726
2008-08-13,17.043055,16.441917,16.709991,11.871674
2008-08-14,17.270512,16.555647,17.229895,12.241040
2008-08-15,17.579205,17.132414,17.351748,12.327610
2008-08-18,17.286758,16.612511,16.685621,11.854358
2008-08-19,16.515028,16.019497,16.198214,11.508080
2008-08-20,16.531275,15.930138,16.531275,11.744700
2008-08-21,16.417547,16.060114,16.230707,11.531162
2008-08-22,16.913078,16.450041,16.848091,11.969780
2008-08-25,16.628757,16.246954,16.255077,11.548473
2008-08-26,16.515028,16.092607,16.385054,11.640819
2008-08-27,16.726238,16.263201,16.701868,11.865898
2008-08-28,17.424858,16.815598,17.376118,12.344925
2008-08-29,17.497969,17.148661,17.400488,12.362237
2008-09-02,17.969131,17.327375,17.644192,12.535378
2008-09-03,17.936638,17.384239,17.920389,12.731599
2008-09-04,17.814785,17.034931,17.043055,12.108297
2008-09-05,17.660439,16.758734,17.660439,12.546919
2008-09-08,19.090172,17.749798,18.424046,13.089429
2008-09-09,18.440292,17.189278,17.246141,12.252586
2008-09-10,17.790415,16.766855,17.034931,12.102530
2008-09-11,17.473598,16.385054,17.424858,12.379554
2008-09-12,17.481722,16.880585,17.181154,12.206411
2008-09-15,16.848091,15.507717,15.507717,11.017512
2008-09-16,16.669374,14.622258,16.669374,11.842813
2008-09-17,15.978879,14.711617,15.069050,10.705858
2008-09-18,16.628757,13.939886,16.255077,11.548473
2008-09-19,19.902517,17.270512,18.180342,13.040105
2008-09-22,18.082859,15.800162,16.693745,11.973824
2008-09-23,17.026808,16.246954,16.645004,11.938864
2008-09-24,16.815598,16.206335,16.458164,11.804850
2008-09-25,17.043055,16.401300,16.913078,12.131147
2008-09-26,17.376118,16.019497,17.376118,12.463265
2008-09-29,16.799351,14.939074,15.085297,10.820139
2008-09-30,16.368807,15.166531,16.157595,11.589267
2008-10-01,16.791227,15.913891,16.791227,12.043749
2008-10-02,16.815598,15.913891,15.954509,11.443599
2008-10-03,16.774981,15.255890,15.255890,10.942502
2008-10-06,15.036556,13.996751,14.459789,10.371487
2008-10-07,14.744110,12.932575,12.932575,9.276072
2008-10-08,13.541836,12.258327,12.412673,8.903162
2008-10-09,13.135662,11.112916,11.121040,7.976722
2008-10-10,12.266450,10.389927,12.266450,8.798285
2008-10-13,13.273761,12.071487,13.225020,9.485832
2008-10-14,14.516653,13.493095,14.077985,10.097633
2008-10-15,13.671812,12.550772,12.550772,9.002219
2008-10-16,13.062551,11.852153,12.835093,9.206149
2008-10-17,13.298132,12.453290,12.469537,8.943953
2008-10-20,13.086921,12.388302,13.086921,9.386775
2008-10-21,13.176279,12.680747,12.688871,9.101271
2008-10-22,12.575142,11.502843,11.892770,8.530256
2008-10-23,12.063363,11.047929,11.770918,8.442860
2008-10-24,11.616572,10.698619,11.007311,7.895148
2008-10-27,11.559708,10.666125,10.706742,7.679567
2008-10-28,12.485784,10.560520,12.388302,8.885683
2008-10-29,12.575142,11.624695,11.624695,8.337977
2008-10-30,12.298944,11.779041,12.030869,8.629312
2008-10-31,12.640130,11.868400,12.615760,9.048830
2008-11-03,12.794476,12.534525,12.688871,9.101271
2008-11-04,13.428107,12.867587,13.403737,9.614018
2008-11-05,13.273761,12.144598,12.177092,8.734191
2008-11-06,12.298944,11.332250,11.340374,8.134040
2008-11-07,11.722177,11.267262,11.551584,8.285537
2008-11-10,11.941511,10.974817,11.210398,8.040814
2008-11-11,11.177904,10.641755,10.820471,7.761137
2008-11-12,10.836718,10.129976,10.154346,7.283348
2008-11-13,10.982941,9.504468,10.893582,7.813578
2008-11-14,10.942323,10.203087,10.341186,7.417360
2008-11-17,10.251828,9.626320,9.683184,6.945400
2008-11-18,9.837530,9.147035,9.545085,6.846344
2008-11-19,9.553209,8.480910,8.545898,6.129666
2008-11-20,8.594639,7.506093,7.627945,5.471251
2008-11-21,8.001625,7.043054,7.863526,5.640224
2008-11-24,9.415110,8.188465,9.057677,6.496747
2008-11-25,9.764419,9.114541,9.585703,6.875480
2008-11-26,10.073111,9.260764,10.032494,7.195947
2008-11-28,10.373680,9.935012,10.284322,7.376577
2008-12-01,9.910642,8.554021,8.570268,6.147148
2008-12-02,9.333875,8.480910,9.268887,6.648242
2008-12-03,9.861901,8.846466,9.748172,6.992014
2008-12-04,10.194963,9.415110,9.642567,6.916268
2008-12-05,10.471162,9.390739,10.406174,7.463974
2008-12-08,11.226645,10.714866,11.104793,7.965069
2008-12-09,11.202275,10.560520,10.658002,7.644602
2008-12-10,10.796101,10.243704,10.471162,7.510591
2008-12-11,10.389927,9.618197,9.666937,6.933744
2008-12-12,9.886271,9.203899,9.853777,7.067762
2008-12-15,9.861901,9.309504,9.447604,6.776427
2008-12-16,10.519903,9.610073,10.503656,7.533897
2008-12-17,10.706742,10.194963,10.406174,7.463974
2008-12-18,10.601137,9.991877,10.105605,7.248386
2008-12-19,10.194963,9.788790,9.935012,7.232420
2008-12-22,10.008123,9.439480,9.585703,6.978132
2008-12-23,9.723802,9.333875,9.358245,6.812553
2008-12-24,9.577579,9.341998,9.561332,6.960388
2008-12-26,9.675061,9.455727,9.569456,6.966310
2008-12-29,9.601950,9.309504,9.488221,6.907168
2008-12-30,9.902518,9.504468,9.853777,7.173283
2008-12-31,10.259951,9.805037,10.170593,7.403916
2009-01-02,10.406174,9.918765,10.284322,7.486710
2009-01-05,10.349310,10.056864,10.113729,7.362523
2009-01-06,10.414297,10.162470,10.276198,7.480797
2009-01-07,10.113729,9.723802,9.740049,7.090495
2009-01-08,9.845654,9.593826,9.699431,7.060925
2009-01-09,9.837530,9.374492,9.390739,6.836205
2009-01-12,9.382616,8.765232,8.895207,6.475471
2009-01-13,9.122665,8.675873,9.017059,6.564177
2009-01-14,8.732738,8.432169,8.497157,6.185700
2009-01-15,8.480910,7.790414,8.107230,5.901847
2009-01-16,8.415922,7.506093,7.863526,5.724435
2009-01-20,7.514216,6.555646,6.563769,4.778248
2009-01-21,7.546710,6.669374,7.530463,5.481975
2009-01-22,7.441105,6.872461,7.067425,5.144897
2009-01-23,7.384240,6.726239,7.303006,5.316394
2009-01-26,7.636068,7.067425,7.173030,5.221772
2009-01-27,7.457352,7.197400,7.424858,5.405097
2009-01-28,8.537774,7.952884,8.375305,6.096998
2009-01-29,8.131600,7.676686,7.717303,5.617990
2009-01-30,7.896019,7.376117,7.506093,5.464235
2009-02-02,7.579204,7.238018,7.506093,5.464235
2009-02-03,7.644192,7.205524,7.367994,5.363703
2009-02-04,7.603574,7.229894,7.286759,5.304566
2009-02-05,7.587327,6.937449,7.400487,5.387356
2009-02-06,8.034119,7.546710,7.952884,5.789486
2009-02-09,8.196588,7.904143,8.042242,5.854536
2009-02-10,8.025995,7.148660,7.221771,5.257256
2009-02-11,7.587327,7.311129,7.571080,5.511544
2009-02-12,7.514216,7.026807,7.473599,5.440579
2009-02-13,7.432981,7.164907,7.189277,5.233601
2009-02-17,6.823721,6.474411,6.474411,4.713196
2009-02-18,6.685621,6.271324,6.474411,4.713196
2009-02-19,6.628757,6.092608,6.133225,4.464822
2009-02-20,6.198213,5.564582,6.043867,4.399773
2009-02-23,6.311942,5.832656,5.832656,4.246018
2009-02-24,6.539399,5.840780,6.539399,4.760507
2009-02-25,6.799350,6.116978,6.498781,4.730938
2009-02-26,6.953696,6.539399,6.604387,4.807816
2009-02-27,6.482535,6.125102,6.173842,4.494390
2009-03-02,6.043867,5.718928,5.783916,4.210534
2009-03-03,5.970755,5.556458,5.670187,4.127745
2009-03-04,5.881397,5.442729,5.597076,4.074521
2009-03-05,5.458976,4.947197,5.069050,3.690131
2009-03-06,5.264013,4.776604,5.020309,3.654650
2009-03-09,5.239643,4.849716,5.085297,3.701958
2009-03-10,5.873274,5.361495,5.840780,4.251932
2009-03-11,6.222583,5.857027,5.995126,4.364291
2009-03-12,6.685621,5.897644,6.612510,4.813729
2009-03-13,6.823721,6.368806,6.653128,4.843299
2009-03-16,7.051178,6.498781,6.523152,4.748678
2009-03-17,6.969943,6.393176,6.945573,5.056190
2009-03-18,7.676686,6.791227,7.644192,5.564766
2009-03-19,7.879773,7.018684,7.034931,5.121242
2009-03-20,6.994314,6.571893,6.612510,4.862011
2009-03-23,7.814785,7.034931,7.701056,5.662392
2009-03-24,7.855402,7.270512,7.327376,5.387636
2009-03-25,7.766044,7.059301,7.571080,5.566826
2009-03-26,7.757920,7.408611,7.660439,5.632529
2009-03-27,7.709180,7.408611,7.424858,5.459311
2009-03-30,7.124289,6.718115,6.783103,4.987447
2009-03-31,7.278635,6.856214,7.156783,5.262202
2009-04-01,7.408611,6.937449,7.359870,5.411528
2009-04-02,7.814785,7.457352,7.562957,5.560853
2009-04-03,7.896019,7.449228,7.871649,5.787827
2009-04-06,7.766044,7.538587,7.660439,5.632529
2009-04-07,7.644192,7.416734,7.432981,5.465284
2009-04-08,7.627945,7.319253,7.473599,5.495151
2009-04-09,8.675873,8.034119,8.635256,6.349289
2009-04-13,9.147035,8.407799,9.000812,6.618069
2009-04-14,9.041430,8.350934,8.407799,6.182044
2009-04-15,8.878960,8.172218,8.813972,6.480692
2009-04-16,9.057677,8.602762,8.911454,6.552372
2009-04-17,9.203899,8.708367,9.025183,6.635991
2009-04-20,8.651503,7.993501,8.017872,5.895339
2009-04-21,8.619009,7.644192,8.610885,6.331367
2009-04-22,8.822096,8.277823,8.302193,6.104395
2009-04-23,8.748985,8.302193,8.692120,6.391097
2009-04-24,9.057677,8.578392,8.887084,6.534450
2009-04-27,8.870837,8.554021,8.740861,6.426937
2009-04-28,8.651503,8.375305,8.472786,6.229825
2009-04-29,8.919578,8.570268,8.838343,6.498612
2009-04-30,9.057677,8.643379,8.716491,6.409020
2009-05-01,8.854590,8.570268,8.651503,6.361234
2009-05-04,9.536962,8.757108,9.528838,7.006315
2009-05-05,9.561332,9.293258,9.390739,6.904775
2009-05-06,10.203087,9.626320,10.138099,7.454289
2009-05-07,10.617384,9.691308,9.845654,7.239262
2009-05-08,10.625508,9.918765,10.576767,7.776829
2009-05-11,10.365556,9.918765,9.959383,7.322885
2009-05-12,10.056864,9.439480,9.748172,7.167589
2009-05-13,9.545085,9.203899,9.252640,6.803236
2009-05-14,9.650690,9.163282,9.561332,7.030204
2009-05-15,9.675061,9.285134,9.366369,6.886856
2009-05-18,10.048741,9.561332,9.983753,7.340800
2009-05-19,10.146223,9.764419,9.780666,7.191480
2009-05-20,10.048741,9.455727,9.520715,7.000343
2009-05-21,9.642567,9.358245,9.536962,7.012287
2009-05-22,9.650690,9.431357,9.471974,6.964507
2009-05-26,9.821284,9.350122,9.780666,7.191480
2009-05-27,9.902518,9.455727,9.488221,6.976449
2009-05-28,9.788790,9.398863,9.756296,7.173559
2009-05-29,10.032494,9.650690,9.935012,7.304965
2009-06-01,10.227457,9.943136,10.040617,7.382614
2009-06-02,10.032494,9.821284,9.878148,7.263155
2009-06-03,9.902518,9.650690,9.748172,7.167589
2009-06-04,10.113729,9.813160,10.097482,7.424425
2009-06-05,10.292445,9.935012,10.008123,7.358722
2009-06-08,10.178716,9.902518,10.081235,7.412477
2009-06-09,10.186840,10.032494,10.154346,7.466236
2009-06-10,10.219334,9.878148,10.000000,7.352748
2009-06-11,10.227457,9.983753,10.081235,7.412477
2009-06-12,10.154346,10.048741,10.146223,7.460263
2009-06-15,10.073111,9.845654,9.886271,7.269128
2009-06-16,9.935012,9.675061,9.715678,7.143693
2009-06-17,9.666937,9.350122,9.431357,6.934641
2009-06-18,9.707555,9.455727,9.658814,7.101886
2009-06-19,9.837530,9.593826,9.780666,7.228564
2009-06-22,9.715678,9.203899,9.212023,6.808297
2009-06-23,9.415110,9.179529,9.317628,6.886350
2009-06-24,9.585703,9.358245,9.431357,6.970403
2009-06-25,9.634444,9.341998,9.634444,7.120497
2009-06-26,9.723802,9.536962,9.683184,7.156517
2009-06-29,9.829407,9.601950,9.805037,7.246577
2009-06-30,9.837530,9.634444,9.707555,7.174529
2009-07-01,9.772543,9.642567,9.650690,7.132505
2009-07-02,9.561332,9.293258,9.317628,6.886350
2009-07-06,9.341998,9.138911,9.325751,6.892352
2009-07-07,9.358245,9.147035,9.179529,6.784284
2009-07-08,9.220146,8.797725,9.025183,6.670211
2009-07-09,9.236393,9.065800,9.138911,6.754265
2009-07-10,9.098294,8.952071,9.017059,6.664208
2009-07-13,9.601950,9.163282,9.593826,7.090478
2009-07-14,9.618197,9.439480,9.553209,7.060457
2009-07-15,10.073111,9.691308,9.959383,7.360648
2009-07-16,10.024370,9.764419,9.926889,7.336632
2009-07-17,9.991877,9.788790,9.861901,7.288602
2009-07-20,10.008123,9.870024,9.943136,7.348639
2009-07-21,9.983753,9.756296,9.853777,7.282597
2009-07-22,9.943136,9.658814,9.861901,7.288602
2009-07-23,10.203087,9.821284,10.146223,7.498734
2009-07-24,10.146223,9.959383,10.089358,7.456711
2009-07-27,10.276198,10.081235,10.251828,7.576787
2009-07-28,10.268075,10.129976,10.227457,7.558774
2009-07-29,10.276198,10.129976,10.227457,7.558774
2009-07-30,10.584890,10.324939,10.463038,7.732881
2009-07-31,10.576767,10.398050,10.568643,7.810930
2009-08-03,10.852965,10.690496,10.836718,8.009052
2009-08-04,11.112916,10.739236,11.056052,8.171159
2009-08-05,11.494720,11.064175,11.437855,8.453336
2009-08-06,11.657189,11.259139,11.356621,8.393299
2009-08-07,11.860276,11.454102,11.657189,8.615435
2009-08-10,11.738424,11.470349,11.608448,8.579412
2009-08-11,11.543461,11.161657,11.177904,8.261213
2009-08-12,11.494720,11.137287,11.405361,8.429322
2009-08-13,11.649066,11.372868,11.640942,8.603429
2009-08-14,11.640942,11.372868,11.567831,8.549393
2009-08-17,11.242892,11.064175,11.080422,8.189169
2009-08-18,11.356621,11.169781,11.307880,8.357278
2009-08-19,11.372868,11.104793,11.299756,8.351274
2009-08-20,11.616572,11.324127,11.592201,8.567405
2009-08-21,11.876523,11.657189,11.819659,8.735517
2009-08-24,12.071487,11.697807,11.730301,8.669476
2009-08-25,11.990252,11.819659,11.876523,8.777544
2009-08-26,11.925264,11.705930,11.844029,8.753531
2009-08-27,11.990252,11.705930,11.965881,8.843582
2009-08-28,12.103981,11.844029,11.982128,8.855588
2009-08-31,11.949634,11.746548,11.941511,8.825572
2009-09-01,11.982128,11.275386,11.299756,8.351274
2009-09-02,11.372868,11.161657,11.202275,8.279227
2009-09-03,11.462226,11.242892,11.421608,8.441330
2009-09-04,11.551584,11.389115,11.551584,8.537384
2009-09-08,11.738424,11.535337,11.600325,8.573413
2009-09-09,11.819659,11.600325,11.779041,8.705495
2009-09-10,11.900894,11.600325,11.876523,8.777544
2009-09-11,11.925264,11.795288,11.803412,8.723508
2009-09-14,11.990252,11.640942,11.957758,8.837579
2009-09-15,12.103981,11.835906,11.982128,8.855588
2009-09-16,12.396426,12.022746,12.396426,9.161783
2009-09-17,12.534525,12.266450,12.355808,9.131765
2009-09-18,12.388302,12.225833,12.298944,9.117913
2009-09-21,12.250203,12.144598,12.185215,9.033599
2009-09-22,12.477660,12.290820,12.461413,9.238360
2009-09-23,12.542648,12.193339,12.209586,9.051668
2009-09-24,12.315191,11.892770,11.965881,8.870995
2009-09-25,12.006499,11.762794,11.852153,8.786683
2009-09-28,12.266450,11.900894,12.250203,9.081778
2009-09-29,12.388302,12.168968,12.193339,9.039623
2009-09-30,12.307067,11.998375,12.136474,8.997464
2009-10-01,12.095857,11.592201,11.600325,8.599988
2009-10-02,11.746548,11.348497,11.608448,8.606009
2009-10-05,11.998375,11.722177,11.974005,8.877015
2009-10-06,12.258327,11.949634,12.128351,8.991444
2009-10-07,12.266450,12.047116,12.258327,9.087801
2009-10-08,12.420796,12.233956,12.274574,9.099847
2009-10-09,12.388302,12.217709,12.380179,9.178136
2009-10-12,12.493907,12.363932,12.477660,9.250405
2009-10-13,12.437043,12.250203,12.355808,9.160069
2009-10-14,12.802600,12.534525,12.778229,9.473236
2009-10-15,12.688871,12.550772,12.664500,9.388925
2009-10-16,12.461413,12.331438,12.363932,9.166093
2009-10-19,12.485784,12.307067,12.420796,9.208253
2009-10-20,12.469537,12.250203,12.323314,9.135982
2009-10-21,12.493907,12.079610,12.087734,8.961329
2009-10-22,12.469537,12.095857,12.445167,9.226316
2009-10-23,12.510154,12.185215,12.266450,9.093827
2009-10-26,12.298944,11.884647,11.949634,8.858949
2009-10-27,12.006499,11.787165,11.860276,8.792704
2009-10-28,11.860276,11.462226,11.494720,8.521694
2009-10-29,11.990252,11.608448,11.974005,8.877015
2009-10-30,11.868400,11.348497,11.413485,8.461471
2009-11-02,11.705930,11.194151,11.510967,8.533740
2009-11-03,11.592201,11.307880,11.543461,8.557829
2009-11-04,11.746548,11.364744,11.380991,8.437381
2009-11-05,11.689683,11.397238,11.673436,8.654192
2009-11-06,11.681560,11.462226,11.624695,8.618056
2009-11-09,12.055240,11.714054,12.038993,8.925196
2009-11-10,12.079610,11.884647,11.998375,8.895086
2009-11-11,12.290820,12.079610,12.160845,9.015532
2009-11-12,12.217709,11.909017,11.933387,8.846910
2009-11-13,11.998375,11.811535,11.909017,8.828837
2009-11-16,12.201462,11.982128,12.038993,8.925196
2009-11-17,12.095857,11.965881,12.071487,8.949286
2009-11-18,12.177092,12.038993,12.168968,9.021556
2009-11-19,12.103981,11.884647,11.933387,8.846910
2009-11-20,11.933387,11.811535,11.860276,8.792704
2009-11-23,12.112104,11.965881,12.030869,8.919175
2009-11-24,12.038993,11.876523,11.941511,8.852930
2009-11-25,12.014622,11.892770,11.917141,8.834860
2009-11-27,11.779041,11.535337,11.600325,8.599988
2009-11-30,11.933387,11.649066,11.909017,8.828837
2009-12-01,12.022746,11.852153,11.917141,8.834860
2009-12-02,11.965881,11.844029,11.909017,8.828837
2009-12-03,12.136474,11.640942,11.665313,8.648165
2009-12-04,11.933387,11.681560,11.884647,8.810775
2009-12-07,11.909017,11.649066,11.689683,8.666236
2009-12-08,11.673436,11.551584,11.584078,8.587941
2009-12-09,11.689683,11.519090,11.624695,8.618056
2009-12-10,11.714054,11.551584,11.608448,8.606009
2009-12-11,11.697807,11.519090,11.689683,8.666236
2009-12-14,11.762794,11.608448,11.754671,8.714416
2009-12-15,11.730301,11.519090,11.567831,8.575894
2009-12-16,11.714054,11.592201,11.640942,8.630097
2009-12-17,11.575955,11.421608,11.421608,8.467495
2009-12-18,11.567831,11.380991,11.551584,8.595644
2009-12-21,11.722177,11.600325,11.722177,8.722583
2009-12-22,11.754671,11.689683,11.746548,8.740719
2009-12-23,11.779041,11.673436,11.697807,8.704452
2009-12-24,11.803412,11.730301,11.803412,8.783030
2009-12-28,11.852153,11.714054,11.762794,8.752804
2009-12-29,11.803412,11.714054,11.714054,8.716536
2009-12-30,11.730301,11.616572,11.722177,8.722583
2009-12-31,11.795288,11.681560,11.697807,8.704452
2010-01-04,11.965881,11.770918,11.933387,8.879752
2010-01-05,12.152721,11.900894,12.152721,9.042953
2010-01-06,12.225833,12.055240,12.177092,9.061090
2010-01-07,12.510154,12.177092,12.437043,9.254520
2010-01-08,12.437043,12.266450,12.363932,9.200120
2010-01-11,12.493907,12.298944,12.372055,9.206166
2010-01-12,12.331438,12.112104,12.193339,9.073178
2010-01-13,12.372055,12.095857,12.331438,9.175940
2010-01-14,12.428920,12.258327,12.388302,9.218252
2010-01-15,12.323314,12.120227,12.136474,9.030864
2010-01-19,12.298944,12.022746,12.290820,9.145714
2010-01-20,12.339561,12.128351,12.258327,9.121533
2010-01-21,12.331438,11.779041,11.909017,8.861611
2010-01-22,11.925264,11.454102,11.519090,8.571461
2010-01-25,11.730301,11.470349,11.584078,8.619823
2010-01-26,11.697807,11.364744,11.380991,8.468704
2010-01-27,11.681560,11.364744,11.657189,8.674225
2010-01-28,11.803412,11.454102,11.600325,8.631909
2010-01-29,11.835906,11.486596,11.519090,8.571461
2010-02-01,11.746548,11.592201,11.714054,8.716536
2010-02-02,11.860276,11.673436,11.827782,8.801162
2010-02-03,11.844029,11.665313,11.697807,8.704452
2010-02-04,11.608448,11.186028,11.194151,8.329674
2010-02-05,11.356621,10.974817,11.324127,8.426390
2010-02-08,11.348497,11.080422,11.096669,8.257134
2010-02-09,11.291633,11.047929,11.210398,8.341766
2010-02-10,11.421608,11.153534,11.299756,8.408254
2010-02-11,11.380991,11.031682,11.324127,8.426390
2010-02-12,11.332250,11.121040,11.332250,8.432429
2010-02-16,11.584078,11.340374,11.567831,8.607731
2010-02-17,11.657189,11.551584,11.608448,8.637957
2010-02-18,11.714054,11.551584,11.681560,8.692356
2010-02-19,11.787165,11.600325,11.746548,8.740719
2010-02-22,11.965881,11.770918,11.900894,8.855565
2010-02-23,11.933387,11.640942,11.681560,8.692356
2010-02-24,11.900894,11.689683,11.884647,8.843480
2010-02-25,11.868400,11.649066,11.852153,8.819298
2010-02-26,11.965881,11.787165,11.925264,8.873698
2010-03-01,11.990252,11.884647,11.957758,8.897880
2010-03-02,12.112104,11.982128,11.998375,8.928106
2010-03-03,12.095857,11.974005,12.006499,8.934148
2010-03-04,12.136474,12.022746,12.128351,9.024822
2010-03-05,12.388302,12.177092,12.363932,9.200120
2010-03-08,12.437043,12.363932,12.388302,9.218252
2010-03-09,12.510154,12.282697,12.428920,9.248477
2010-03-10,12.640130,12.485784,12.567019,9.351238
2010-03-11,12.680747,12.518278,12.672624,9.429819
2010-03-12,12.778229,12.567019,12.623883,9.393552
2010-03-15,12.648253,12.485784,12.623883,9.393552
2010-03-16,12.786353,12.632006,12.778229,9.508397
2010-03-17,12.973193,12.835093,12.932575,9.623250
2010-03-18,12.924452,12.778229,12.859464,9.568849
2010-03-19,12.891958,12.696994,12.745735,9.505842
2010-03-22,12.818846,12.607636,12.810723,9.554306
2010-03-23,12.924452,12.770106,12.916328,9.633064
2010-03-24,12.989439,12.835093,12.924452,9.639128
2010-03-25,13.257514,12.965069,12.981316,9.681539
2010-03-26,13.160032,12.924452,12.997563,9.693651
2010-03-29,13.111292,12.932575,13.013810,9.705770
2010-03-30,13.062551,12.900081,12.932575,9.645183
2010-03-31,13.005686,12.843217,12.956946,9.663364
2010-04-01,13.103168,12.973193,13.062551,9.742124
2010-04-05,13.208773,13.103168,13.192526,9.839059
2010-04-06,13.363119,13.160032,13.330626,9.942055
2010-04-07,13.411860,13.200650,13.281885,9.905701
2010-04-08,13.428107,13.176279,13.387490,9.984466
2010-04-09,13.468725,13.354996,13.436231,10.020814
2010-04-12,13.549959,13.460601,13.493095,10.063227
2010-04-13,13.574330,13.411860,13.501219,10.069281
2010-04-14,13.858652,13.655565,13.850528,10.329801
2010-04-15,13.907392,13.753046,13.793664,10.287393
2010-04-16,13.753046,13.054427,13.290008,9.911762
2010-04-19,13.444354,13.119415,13.419984,10.008698
2010-04-20,13.598700,13.444354,13.598700,10.141989
2010-04-21,13.728676,13.363119,13.517465,10.081401
2010-04-22,13.631194,13.314379,13.590577,10.135931
2010-04-23,13.688058,13.541836,13.631194,10.166218
2010-04-26,13.623071,13.387490,13.419984,10.008698
2010-04-27,13.419984,12.932575,12.965069,9.669420
2010-04-28,13.241267,13.030057,13.151909,9.808764
2010-04-29,13.525589,13.257514,13.452478,10.032931
2010-04-30,13.428107,13.103168,13.127539,9.790594
2010-05-03,13.411860,13.200650,13.379366,9.978405
2010-05-04,13.225020,12.932575,13.013810,9.705770
2010-05-05,13.160032,12.753859,12.940699,9.651247
2010-05-06,13.030057,11.827782,12.396426,9.245323
2010-05-07,12.623883,12.079610,12.258327,9.142325
2010-05-10,13.013810,12.729488,12.940699,9.651247
2010-05-11,13.103168,12.737612,12.891958,9.614894
2010-05-12,13.046304,12.867587,13.038180,9.723948
2010-05-13,13.030057,12.802600,12.802600,9.548249
2010-05-14,12.664500,12.339561,12.469537,9.299848
2010-05-17,12.583266,12.177092,12.477660,9.305908
2010-05-18,12.632006,12.030869,12.120227,9.039330
2010-05-19,12.258327,11.892770,12.136474,9.051452
2010-05-20,11.949634,11.551584,11.575955,8.633411
2010-05-21,12.136474,11.332250,11.982128,8.936337
2010-05-24,12.038993,11.624695,11.640942,8.681876
2010-05-25,11.754671,11.242892,11.746548,8.760643
2010-05-26,11.957758,11.600325,11.665313,8.700060
2010-05-27,12.201462,11.852153,12.193339,9.093863
2010-05-28,12.168968,11.884647,11.925264,8.893929
2010-06-01,11.965881,11.657189,11.673436,8.706114
2010-06-02,12.038993,11.681560,12.038993,8.978746
2010-06-03,12.112104,11.844029,11.974005,8.930276
2010-06-04,11.795288,11.437855,11.494720,8.572825
2010-06-07,11.600325,11.226645,11.267262,8.403185
2010-06-08,11.510967,11.129163,11.502843,8.578883
2010-06-09,11.673436,11.332250,11.380991,8.488010
2010-06-10,11.779041,11.470349,11.754671,8.766698
2010-06-11,11.827782,11.608448,11.787165,8.790933
2010-06-14,11.941511,11.722177,11.738424,8.754579
2010-06-15,12.038993,11.738424,12.014622,8.960574
2010-06-16,12.087734,11.892770,12.022746,8.966630
2010-06-17,12.071487,11.876523,12.006499,8.954515
2010-06-18,12.071487,11.957758,12.047116,9.003690
2010-06-21,12.225833,11.965881,12.030869,8.991547
2010-06-22,12.095857,11.827782,11.844029,8.851911
2010-06-23,11.909017,11.714054,11.787165,8.809411
2010-06-24,11.819659,11.527214,11.575955,8.651554
2010-06-25,11.917141,11.559708,11.892770,8.888336
2010-06-28,11.933387,11.746548,11.779041,8.803340
2010-06-29,11.632819,11.267262,11.356621,8.487633
2010-06-30,11.470349,11.169781,11.218522,8.384419
2010-07-01,11.291633,10.844842,11.112916,8.305496
2010-07-02,11.210398,10.893582,10.982941,8.208354
2010-07-06,11.283509,10.926076,11.047929,8.256922
2010-07-07,11.559708,11.104793,11.535337,8.621198
2010-07-08,11.689683,11.445979,11.624695,8.687982
2010-07-09,11.811535,11.575955,11.787165,8.809411
2010-07-12,11.827782,11.657189,11.803412,8.821553
2010-07-13,12.160845,11.949634,12.095857,9.040119
2010-07-14,12.047116,11.876523,12.006499,8.973335
2010-07-15,12.047116,11.722177,11.982128,8.955118
2010-07-16,11.860276,11.445979,11.478473,8.578707
2010-07-19,11.543461,11.283509,11.470349,8.572629
2010-07-20,11.608448,11.242892,11.592201,8.663699
2010-07-21,11.803412,11.372868,11.405361,8.524062
2010-07-22,11.787165,11.551584,11.738424,8.772985
2010-07-23,11.860276,11.608448,11.827782,8.839767
2010-07-26,12.014622,11.779041,11.990252,8.961191
2010-07-27,12.201462,11.998375,12.022746,8.985476
2010-07-28,12.063363,11.876523,11.917141,8.906550
2010-07-29,12.079610,11.811535,11.957758,8.936905
2010-07-30,12.030869,11.803412,11.949634,8.930835
2010-08-02,12.258327,12.071487,12.250203,9.155473
2010-08-03,12.217709,12.095857,12.112104,9.052262
2010-08-04,12.201462,12.087734,12.160845,9.088690
2010-08-05,12.136474,12.038993,12.112104,9.052262
2010-08-06,12.055240,11.844029,12.006499,8.973335
2010-08-09,12.103981,11.949634,12.071487,9.021903
2010-08-10,12.063363,11.884647,11.965881,8.942975
2010-08-11,11.787165,11.527214,11.543461,8.627270
2010-08-12,11.535337,11.380991,11.462226,8.566561
2010-08-13,11.567831,11.429732,11.429732,8.542274
2010-08-16,11.445979,11.340374,11.397238,8.517990
2010-08-17,11.600325,11.421608,11.486596,8.584774
2010-08-18,11.616572,11.437855,11.535337,8.621198
2010-08-19,11.510967,11.242892,11.267262,8.420850
2010-08-20,11.259139,11.129163,11.234768,8.396560
2010-08-23,11.307880,11.153534,11.161657,8.341922
2010-08-24,11.080422,10.942323,10.974817,8.202282
2010-08-25,11.047929,10.796101,11.007311,8.226566
2010-08-26,11.137287,10.885459,10.917953,8.159782
2010-08-27,11.161657,10.844842,11.153534,8.335850
2010-08-30,11.129163,10.909829,10.917953,8.159782
2010-08-31,11.056052,10.828595,11.015435,8.232638
2010-09-01,11.454102,11.145410,11.437855,8.548343
2010-09-02,11.551584,11.421608,11.551584,8.633345
2010-09-03,11.795288,11.657189,11.795288,8.815480
2010-09-07,11.689683,11.510967,11.527214,8.615129
2010-09-08,11.722177,11.559708,11.640942,8.700125
2010-09-09,11.884647,11.714054,11.787165,8.809411
2010-09-10,11.844029,11.754671,11.803412,8.821553
2010-09-13,12.087734,11.982128,12.055240,9.009761
2010-09-14,12.038993,11.884647,11.949634,8.930835
2010-09-15,12.006499,11.819659,11.990252,8.961191
2010-09-16,11.965881,11.876523,11.957758,8.936905
2010-09-17,11.998375,11.852153,11.868400,8.890052
2010-09-20,12.128351,11.868400,12.095857,9.060431
2010-09-21,12.160845,11.941511,11.982128,8.975241
2010-09-22,12.014622,11.762794,11.787165,8.829205
2010-09-23,11.770918,11.535337,11.559708,8.658822
2010-09-24,11.868400,11.689683,11.868400,8.890052
2010-09-27,11.868400,11.714054,11.738424,8.792697
2010-09-28,11.795288,11.624695,11.762794,8.810947
2010-09-29,11.779041,11.616572,11.673436,8.744016
2010-09-30,11.884647,11.649066,11.657189,8.731845
2010-10-01,11.819659,11.649066,11.779041,8.823118
2010-10-04,11.852153,11.640942,11.697807,8.762269
2010-10-05,12.014622,11.714054,11.965881,8.963070
2010-10-06,12.022746,11.917141,11.957758,8.956984
2010-10-07,12.055240,11.844029,11.909017,8.920476
2010-10-08,11.965881,11.876523,11.941511,8.944818
2010-10-11,11.965881,11.876523,11.925264,8.932643
2010-10-12,12.079610,11.835906,12.063363,9.036094
2010-10-13,12.185215,12.038993,12.071487,9.042172
2010-10-14,11.982128,11.746548,11.860276,8.883968
2010-10-15,11.957758,11.575955,11.657189,8.731845
2010-10-18,11.933387,11.616572,11.917141,8.926563
2010-10-19,11.998375,11.705930,11.754671,8.804865
2010-10-20,11.933387,11.657189,11.868400,8.890052
2010-10-21,12.006499,11.770918,11.868400,8.890052
2010-10-22,11.933387,11.827782,11.860276,8.883968
2010-10-25,11.982128,11.803412,11.819659,8.853543
2010-10-26,11.860276,11.746548,11.835906,8.865716
2010-10-27,11.884647,11.754671,11.844029,8.871799
2010-10-28,11.941511,11.770918,11.844029,8.871799
2010-10-29,11.852153,11.762794,11.827782,8.859631
2010-11-01,11.933387,11.714054,11.827782,8.859631
2010-11-02,11.909017,11.827782,11.860276,8.883968
2010-11-03,11.982128,11.779041,11.974005,8.969156
2010-11-04,12.396426,12.087734,12.372055,9.267318
2010-11-05,12.737612,12.372055,12.656377,9.480287
2010-11-08,12.648253,12.445167,12.558895,9.407269
2010-11-09,12.607636,12.242080,12.323314,9.230805
2010-11-10,12.469537,12.217709,12.461413,9.334250
2010-11-11,12.396426,12.274574,12.339561,9.242978
2010-11-12,12.315191,12.103981,12.136474,9.090853
2010-11-15,12.347685,12.177092,12.193339,9.133448
2010-11-16,12.144598,11.892770,11.990252,8.981326
2010-11-17,12.014622,11.876523,11.909017,8.920476
2010-11-18,12.152721,12.022746,12.071487,9.042172
2010-11-19,12.071487,11.957758,12.071487,9.042172
2010-11-22,11.998375,11.811535,11.892770,8.908304
2010-11-23,11.803412,11.697807,11.705930,8.768354
2010-11-24,11.892770,11.754671,11.884647,8.902221
2010-11-26,11.844029,11.714054,11.714054,8.774439
2010-11-29,11.860276,11.665313,11.811535,8.847460
2010-11-30,11.835906,11.697807,11.746548,8.798782
2010-12-01,11.990252,11.884647,11.982128,8.975241
2010-12-02,12.307067,12.022746,12.290820,9.206470
2010-12-03,12.355808,12.144598,12.331438,9.236892
2010-12-06,12.355808,12.250203,12.315191,9.224727
2010-12-07,12.485784,12.298944,12.331438,9.236892
2010-12-08,12.534525,12.323314,12.534525,9.389017
2010-12-09,12.713241,12.550772,12.688871,9.504625
2010-12-10,12.810723,12.648253,12.802600,9.589814
2010-12-13,12.883834,12.753859,12.794476,9.583733
2010-12-14,12.843217,12.632006,12.680747,9.498541
2010-12-15,12.729488,12.550772,12.575142,9.419437
2010-12-16,12.680747,12.526401,12.591389,9.431608
2010-12-17,12.623883,12.502031,12.615760,9.484128
2010-12-20,12.672624,12.583266,12.623883,9.490235
2010-12-21,12.851340,12.672624,12.843217,9.655120
2010-12-22,13.013810,12.867587,12.989439,9.765046
2010-12-23,12.973193,12.843217,12.891958,9.691769
2010-12-27,13.005686,12.818846,13.005686,9.777265
2010-12-28,13.046304,12.973193,13.005686,9.777265
2010-12-29,13.030057,12.965069,12.981316,9.758941
2010-12-30,12.981316,12.891958,12.940699,9.728409
2010-12-31,12.973193,12.891958,12.956946,9.740621
2011-01-03,13.273761,13.103168,13.241267,9.954367
2011-01-04,13.306255,13.111292,13.225020,9.942153
2011-01-05,13.403737,13.160032,13.379366,10.058188
2011-01-06,13.411860,13.281885,13.290008,9.991009
2011-01-07,13.354996,13.013810,13.176279,9.905509
2011-01-10,13.184403,13.021933,13.143786,9.881085
2011-01-11,13.290008,13.135662,13.192526,9.917727
2011-01-12,13.419984,13.322502,13.411860,10.082613
2011-01-13,13.452478,13.322502,13.371243,10.052076
2011-01-14,13.614947,13.346872,13.582453,10.210855
2011-01-18,13.566206,13.436231,13.501219,10.149787
2011-01-19,13.444354,13.160032,13.200650,9.923833
2011-01-20,13.314379,13.151909,13.265638,9.972690
2011-01-21,13.436231,13.306255,13.371243,10.052076
2011-01-24,13.419984,13.306255,13.354996,10.039865
2011-01-25,13.371243,13.168156,13.330626,10.021544
2011-01-26,13.403737,13.306255,13.322502,10.015438
2011-01-27,13.444354,13.306255,13.436231,10.100932
2011-01-28,13.541836,13.184403,13.200650,9.923833
2011-01-31,13.346872,13.225020,13.322502,10.015438
2011-02-01,13.639318,13.395613,13.598700,10.223071
2011-02-02,13.598700,13.476848,13.493095,10.143682
2011-02-03,13.525589,13.371243,13.501219,10.149787
2011-02-04,13.501219,13.387490,13.493095,10.143682
2011-02-07,13.720552,13.533712,13.688058,10.290249
2011-02-08,13.809911,13.655565,13.785540,10.363537
2011-02-09,13.761170,13.590577,13.688058,10.290249
2011-02-10,13.712429,13.598700,13.688058,10.290249
2011-02-11,13.915516,13.606824,13.874898,10.430708
2011-02-14,13.907392,13.818034,13.883022,10.436814
2011-02-15,13.931763,13.818034,13.866775,10.424602
2011-02-16,13.956133,13.858652,13.939886,10.479566
2011-02-17,13.956133,13.858652,13.923639,10.467353
2011-02-18,13.972380,13.891145,13.956133,10.491778
2011-02-22,13.809911,13.493095,13.525589,10.168110
2011-02-23,13.623071,13.298132,13.468725,10.125359
2011-02-24,13.493095,13.273761,13.436231,10.100932
2011-02-25,13.655565,13.517465,13.623071,10.241394
2011-02-28,13.761170,13.631194,13.688058,10.290249
2011-03-01,13.728676,13.395613,13.395613,10.070398
2011-03-02,13.436231,13.265638,13.314379,10.009327
2011-03-03,13.614947,13.452478,13.590577,10.216964
2011-03-04,13.566206,13.322502,13.419984,10.088718
2011-03-07,13.517465,13.273761,13.330626,10.021544
2011-03-08,13.647441,13.387490,13.623071,10.241394
2011-03-09,13.688058,13.517465,13.623071,10.241394
2011-03-10,13.468725,13.314379,13.346872,10.033756
2011-03-11,13.476848,13.265638,13.436231,10.100932
2011-03-14,13.371243,13.200650,13.314379,10.009327
2011-03-15,13.225020,12.924452,13.160032,9.893298
2011-03-16,13.192526,12.826970,12.916328,9.710084
2011-03-17,13.111292,12.916328,13.070674,9.826120
2011-03-18,13.322502,13.160032,13.216897,9.962050
2011-03-21,13.371243,13.208773,13.281885,10.011031
2011-03-22,13.290008,13.200650,13.208773,9.955924
2011-03-23,13.216897,13.013810,13.176279,9.931433
2011-03-24,13.249391,13.086921,13.241267,9.980419
2011-03-25,13.322502,13.208773,13.273761,10.004911
2011-03-28,13.322502,13.225020,13.233144,9.974293
2011-03-29,13.265638,13.127539,13.257514,9.992661
2011-03-30,13.411860,13.281885,13.363119,10.072264
2011-03-31,13.346872,13.265638,13.314379,10.035523
2011-04-01,13.484972,13.371243,13.428107,10.121246
2011-04-04,13.484972,13.354996,13.411860,10.109000
2011-04-05,13.444354,13.346872,13.403737,10.102880
2011-04-06,13.574330,13.419984,13.558083,10.219212
2011-04-07,13.606824,13.452478,13.493095,10.170229
2011-04-08,13.582453,13.338749,13.371243,10.078385
2011-04-11,13.468725,13.338749,13.371243,10.078385
2011-04-12,13.403737,13.233144,13.322502,10.041651
2011-04-13,13.428107,13.176279,13.225020,9.968170
2011-04-14,13.143786,13.038180,13.103168,9.876328
2011-04-15,13.200650,13.078798,13.111292,9.882454
2011-04-18,12.981316,12.851340,12.932575,9.747744
2011-04-19,13.005686,12.883834,12.973193,9.778362
2011-04-20,13.078798,12.956946,13.005686,9.802853
2011-04-21,13.103168,12.989439,13.078798,9.857958
2011-04-25,13.111292,13.046304,13.062551,9.845715
2011-04-26,13.168156,13.070674,13.143786,9.906944
2011-04-27,13.257514,13.078798,13.225020,9.968170
2011-04-28,13.354996,13.200650,13.330626,10.047771
2011-04-29,13.322502,13.249391,13.306255,10.029399
2011-05-02,13.371243,13.233144,13.249391,9.986542
2011-05-03,13.338749,13.208773,13.306255,10.029399
2011-05-04,13.322502,13.160032,13.192526,9.943684
2011-05-05,13.160032,12.981316,13.021933,9.815095
2011-05-06,13.216897,13.046304,13.086921,9.864081
2011-05-09,13.086921,12.989439,13.054427,9.839587
2011-05-10,13.200650,13.070674,13.176279,9.931433
2011-05-11,13.160032,12.981316,12.997563,9.796731
2011-05-12,13.013810,12.851340,12.997563,9.796731
2011-05-13,13.021933,12.794476,12.810723,9.655900
2011-05-16,12.940699,12.729488,12.794476,9.643655
2011-05-17,12.900081,12.737612,12.891958,9.717133
2011-05-18,12.956946,12.835093,12.948822,9.759993
2011-05-19,13.005686,12.900081,12.948822,9.759993
2011-05-20,12.965069,12.753859,12.770106,9.625284
2011-05-23,12.680747,12.591389,12.591389,9.490581
2011-05-24,12.648253,12.502031,12.575142,9.478335
2011-05-25,12.656377,12.510154,12.583266,9.484457
2011-05-26,12.696994,12.526401,12.648253,9.533442
2011-05-27,12.794476,12.680747,12.737612,9.600793
2011-05-31,12.908205,12.778229,12.867587,9.698761
2011-06-01,12.826970,12.420796,12.437043,9.374247
2011-06-02,12.534525,12.355808,12.445167,9.380368
2011-06-03,12.502031,12.290820,12.363932,9.319140
2011-06-06,12.331438,12.095857,12.128351,9.141575
2011-06-07,12.258327,12.087734,12.103981,9.123203
2011-06-08,12.144598,11.965881,11.990252,9.037482
2011-06-09,12.177092,11.982128,12.128351,9.141575
2011-06-10,12.152721,11.876523,12.047116,9.080344
2011-06-13,12.201462,12.022746,12.168968,9.172188
2011-06-14,12.339561,12.201462,12.233956,9.221173
2011-06-15,12.152721,11.884647,11.965881,9.019114
2011-06-16,12.112104,11.900894,12.030869,9.068099
2011-06-17,12.144598,12.038993,12.095857,9.149827
2011-06-20,12.160845,11.998375,12.087734,9.143679
2011-06-21,12.282697,12.087734,12.258327,9.272726
2011-06-22,12.339561,12.168968,12.185215,9.217418
2011-06-23,12.095857,11.917141,12.063363,9.125245
2011-06-24,12.095857,11.925264,11.990252,9.069941
2011-06-27,12.152721,11.974005,12.112104,9.162113
2011-06-28,12.168968,12.087734,12.168968,9.205127
2011-06-29,12.437043,12.250203,12.420796,9.395624
2011-06-30,12.518278,12.355808,12.469537,9.432491
2011-07-01,12.721365,12.445167,12.696994,9.604549
2011-07-05,12.672624,12.526401,12.583266,9.518520
2011-07-06,12.526401,12.420796,12.518278,9.469362
2011-07-07,12.753859,12.656377,12.721365,9.622988
2011-07-08,12.558895,12.469537,12.558895,9.500088
2011-07-11,12.396426,12.160845,12.217709,9.241997
2011-07-12,12.339561,12.152721,12.168968,9.205127
2011-07-13,12.355808,12.160845,12.177092,9.211274
2011-07-14,12.290820,12.079610,12.087734,9.143679
2011-07-15,12.185215,11.965881,12.063363,9.125245
2011-07-18,12.014622,11.762794,11.900894,9.002347
2011-07-19,12.079610,11.900894,12.047116,9.112955
2011-07-20,12.242080,12.103981,12.185215,9.217418
2011-07-21,12.518278,12.307067,12.477660,9.438637
2011-07-22,12.510154,12.388302,12.445167,9.414058
2011-07-25,12.396426,12.250203,12.355808,9.346465
2011-07-26,12.404549,12.274574,12.339561,9.334176
2011-07-27,12.282697,12.030869,12.047116,9.112955
2011-07-28,12.193339,12.022746,12.055240,9.119100
2011-07-29,12.144598,11.884647,12.022746,9.094521
2011-08-01,12.209586,11.876523,11.982128,9.063794
2011-08-02,11.941511,11.649066,11.657189,8.817998
2011-08-03,11.730301,11.478473,11.714054,8.861012
2011-08-04,11.608448,11.096669,11.121040,8.412429
2011-08-05,11.299756,10.698619,10.909829,8.252662
2011-08-08,10.796101,9.780666,9.878148,7.472256
2011-08-09,10.641755,9.780666,10.641755,8.049877
2011-08-10,10.398050,9.861901,9.902518,7.490692
2011-08-11,10.658002,9.943136,10.454915,7.908541
2011-08-12,10.820471,10.308692,10.381803,7.853240
2011-08-15,10.722989,10.511779,10.714866,8.105184
2011-08-16,10.682372,10.414297,10.503656,7.945416
2011-08-17,10.706742,10.479285,10.568643,7.994574
2011-08-18,10.211210,9.943136,10.056864,7.607443
2011-08-19,10.203087,9.829407,9.853777,7.453818
2011-08-22,10.121852,9.707555,9.731925,7.361649
2011-08-23,10.048741,9.593826,10.048741,7.601299
2011-08-24,10.341186,10.000000,10.316816,7.804084
2011-08-25,10.828595,10.146223,10.284322,7.779502
2011-08-26,10.463038,10.000000,10.373680,7.847097
2011-08-29,10.820471,10.552396,10.804224,8.172778
2011-08-30,10.820471,10.576767,10.731113,8.117475
2011-08-31,10.950447,10.763607,10.869212,8.221938
2011-09-01,10.901706,10.609261,10.625508,8.037589
2011-09-02,10.365556,10.162470,10.186840,7.705765
2011-09-06,10.032494,9.821284,10.008123,7.570570
2011-09-07,10.503656,9.837530,10.487409,7.933122
2011-09-08,10.463038,10.227457,10.259951,7.761065
2011-09-09,10.203087,9.894395,9.935012,7.515270
2011-09-12,10.064988,9.748172,10.048741,7.601299
2011-09-13,10.227457,10.000000,10.113729,7.650458
2011-09-14,10.357433,9.983753,10.235581,7.742633
2011-09-15,10.503656,10.292445,10.495532,7.939269
2011-09-16,10.593014,10.316816,10.487409,7.963944
2011-09-19,10.292445,10.113729,10.203087,7.748034
2011-09-20,10.341186,10.170593,10.170593,7.723362
2011-09-21,10.219334,9.666937,9.666937,7.340896
2011-09-22,9.512591,9.212023,9.390739,7.131155
2011-09-23,9.528838,9.309504,9.488221,7.205182
2011-09-26,9.926889,9.536962,9.910642,7.525961
2011-09-27,10.235581,9.870024,9.959383,7.562973
2011-09-28,10.032494,9.658814,9.675061,7.347063
2011-09-29,10.008123,9.675061,9.943136,7.550635
2011-09-30,9.837530,9.585703,9.593826,7.285378
2011-10-03,9.699431,9.147035,9.163282,6.958429
2011-10-04,9.561332,8.895207,9.528838,7.236026
2011-10-05,9.723802,9.317628,9.666937,7.340896
2011-10-06,9.983753,9.488221,9.967506,7.569142
2011-10-07,10.024370,9.593826,9.610073,7.297712
2011-10-10,10.105605,9.837530,10.105605,7.674013
2011-10-11,10.178716,9.935012,10.097482,7.667844
2011-10-12,10.528026,10.194963,10.357433,7.865242
2011-10-13,10.227457,9.975630,10.113729,7.680179
2011-10-14,10.316816,10.064988,10.235581,7.772712
2011-10-17,10.178716,9.894395,9.918765,7.532129
2011-10-18,10.519903,9.926889,10.389927,7.889920
2011-10-19,10.568643,10.203087,10.243704,7.778881
2011-10-20,10.438668,10.113729,10.398050,7.896086
2011-10-21,10.682372,10.495532,10.666125,8.099659
2011-10-24,10.926076,10.682372,10.901706,8.278555
2011-10-25,10.771730,10.503656,10.576767,8.031801
2011-10-26,10.828595,10.544273,10.763607,8.173690
2011-10-27,11.510967,11.112916,11.405361,8.661022
2011-10-28,11.454102,11.251015,11.413485,8.667191
2011-10-31,11.210398,10.950447,10.966694,8.327907
2011-11-01,10.722989,10.422421,10.446791,7.933100
2011-11-02,10.787977,10.568643,10.755483,8.167515
2011-11-03,10.982941,10.560520,10.942323,8.309396
2011-11-04,10.828595,10.658002,10.796101,8.198360
2011-11-07,10.861089,10.658002,10.852965,8.241538
2011-11-08,11.088546,10.812348,11.056052,8.395761
2011-11-09,10.763607,10.422421,10.454915,7.939268
2011-11-10,10.641755,10.422421,10.503656,7.976285
2011-11-11,10.804224,10.674249,10.755483,8.167515
2011-11-14,10.682372,10.463038,10.536149,8.000959
2011-11-15,10.666125,10.422421,10.584890,8.037971
2011-11-16,10.560520,10.300569,10.324939,7.840570
2011-11-17,10.357433,10.048741,10.121852,7.686351
2011-11-18,10.211210,10.089358,10.154346,7.711024
2011-11-21,9.983753,9.829407,9.902518,7.519789
2011-11-22,9.951259,9.796913,9.813160,7.451934
2011-11-23,9.707555,9.528838,9.545085,7.248363
2011-11-25,9.723802,9.528838,9.569456,7.266870
2011-11-28,9.951259,9.748172,9.853777,7.482777
2011-11-29,9.918765,9.772543,9.805037,7.445764
2011-11-30,10.454915,10.113729,10.406174,7.902256
2011-12-01,10.389927,10.227457,10.349310,7.859079
2011-12-02,10.682372,10.454915,10.487409,7.963944
2011-12-05,10.828595,10.609261,10.698619,8.124334
2011-12-06,10.771730,10.576767,10.706742,8.130505
2011-12-07,10.869212,10.544273,10.836718,8.229203
2011-12-08,10.722989,10.381803,10.414297,7.908426
2011-12-09,10.698619,10.495532,10.641755,8.081154
2011-12-12,10.495532,10.300569,10.389927,7.889920
2011-12-13,10.519903,10.113729,10.243704,7.778881
2011-12-14,10.324939,10.113729,10.203087,7.748034
2011-12-15,10.373680,10.194963,10.211210,7.754207
2011-12-16,10.333063,10.154346,10.186840,7.785247
2011-12-19,10.227457,9.918765,9.959383,7.611416
2011-12-20,10.381803,10.138099,10.333063,7.896996
2011-12-21,10.414297,10.243704,10.389927,7.940454
2011-12-22,10.633631,10.422421,10.609261,8.108081
2011-12-23,10.698619,10.584890,10.682372,8.163956
2011-12-27,10.731113,10.617384,10.625508,8.120499
2011-12-28,10.633631,10.446791,10.454915,7.990121
2011-12-29,10.625508,10.479285,10.617384,8.114288
2011-12-30,10.617384,10.552396,10.560520,8.070833
2012-01-03,10.942323,10.779854,10.836718,8.281912
2012-01-04,10.844842,10.682372,10.804224,8.257081
2012-01-05,11.007311,10.658002,10.950447,8.368835
2012-01-06,10.958570,10.812348,10.885459,8.319163
2012-01-09,10.991064,10.869212,10.942323,8.362618
2012-01-10,11.177904,11.064175,11.137287,8.511624
2012-01-11,11.275386,11.047929,11.267262,8.610954
2012-01-12,11.372868,11.169781,11.307880,8.641997
2012-01-13,11.234768,11.031682,11.226645,8.579915
2012-01-17,11.348497,11.096669,11.137287,8.511624
2012-01-18,11.324127,11.064175,11.307880,8.641997
2012-01-19,11.454102,11.364744,11.413485,8.722706
2012-01-20,11.502843,11.340374,11.486596,8.778581
2012-01-23,11.608448,11.454102,11.527214,8.809622
2012-01-24,11.527214,11.356621,11.510967,8.797207
2012-01-25,11.567831,11.405361,11.535337,8.815829
2012-01-26,11.649066,11.372868,11.437855,8.741331
2012-01-27,11.519090,11.356621,11.478473,8.772372
2012-01-30,11.397238,11.275386,11.372868,8.691663
2012-01-31,11.462226,11.340374,11.421608,8.728911
2012-02-01,11.681560,11.519090,11.600325,8.865499
2012-02-02,11.705930,11.575955,11.657189,8.908957
2012-02-03,11.974005,11.835906,11.974005,9.151080
2012-02-06,11.925264,11.844029,11.917141,9.107623
2012-02-07,11.949634,11.819659,11.909017,9.101414
2012-02-08,11.998375,11.884647,11.998375,9.169706
2012-02-09,12.071487,11.884647,11.949634,9.132454
2012-02-10,11.852153,11.770918,11.835906,9.045540
2012-02-13,11.982128,11.909017,11.941511,9.126247
2012-02-14,11.892770,11.714054,11.827782,9.039328
2012-02-15,11.917141,11.722177,11.754671,8.983455
2012-02-16,11.941511,11.689683,11.941511,9.126247
2012-02-17,12.030869,11.949634,12.014622,9.182124
2012-02-21,12.079610,11.957758,12.006499,9.175915
2012-02-22,11.990252,11.844029,11.852153,9.057960
2012-02-23,11.957758,11.811535,11.957758,9.138661
2012-02-24,11.998375,11.884647,11.917141,9.107623
2012-02-27,12.038993,11.762794,12.006499,9.175915
2012-02-28,12.071487,11.949634,12.038993,9.200748
2012-02-29,12.152721,11.957758,11.990252,9.163495
2012-03-01,12.160845,12.014622,12.120227,9.262832
2012-03-02,12.152721,12.063363,12.079610,9.231787
2012-03-05,12.047116,11.965881,12.030869,9.194535
2012-03-06,11.876523,11.697807,11.738424,8.971039
2012-03-07,11.900894,11.762794,11.884647,9.082790
2012-03-08,12.022746,11.900894,11.998375,9.169706
2012-03-09,12.160845,12.014622,12.095857,9.244206
2012-03-12,12.103981,11.974005,12.063363,9.219372
2012-03-13,12.542648,12.144598,12.526401,9.573246
2012-03-14,12.591389,12.412673,12.542648,9.585664
2012-03-15,12.786353,12.485784,12.761982,9.753287
2012-03-16,12.802600,12.696994,12.770106,9.790661
2012-03-19,12.973193,12.721365,12.835093,9.840481
2012-03-20,12.932575,12.729488,12.900081,9.890309
2012-03-21,12.956946,12.810723,12.843217,9.846709
2012-03-22,12.761982,12.615760,12.672624,9.715919
2012-03-23,12.794476,12.567019,12.778229,9.796885
2012-03-26,12.981316,12.851340,12.981316,9.952588
2012-03-27,13.005686,12.843217,12.859464,9.859165
2012-03-28,12.924452,12.745735,12.891958,9.884078
2012-03-29,12.826970,12.648253,12.761982,9.784429
2012-03-30,12.851340,12.713241,12.835093,9.840481
2012-04-02,12.989439,12.753859,12.932575,9.915221
2012-04-03,12.924452,12.745735,12.859464,9.859165
2012-04-04,12.745735,12.599513,12.656377,9.703462
2012-04-05,12.705118,12.567019,12.623883,9.678548
2012-04-09,12.493907,12.347685,12.428920,9.529074
2012-04-10,12.469537,12.144598,12.160845,9.323545
2012-04-11,12.404549,12.298944,12.355808,9.473021
2012-04-12,12.599513,12.347685,12.583266,9.647410
2012-04-13,12.558895,12.266450,12.290820,9.423195
2012-04-16,12.461413,12.274574,12.380179,9.491707
2012-04-17,12.591389,12.428920,12.542648,9.616268
2012-04-18,12.567019,12.445167,12.461413,9.553988
2012-04-19,12.534525,12.315191,12.404549,9.510394
2012-04-20,12.461413,12.331438,12.339561,9.460565
2012-04-23,12.258327,12.120227,12.250203,9.392058
2012-04-24,12.388302,12.258327,12.388302,9.497939
2012-04-25,12.526401,12.380179,12.493907,9.578898
2012-04-26,12.632006,12.445167,12.599513,9.659867
2012-04-27,12.664500,12.518278,12.607636,9.666095
2012-04-30,12.583266,12.453290,12.534525,9.610040
2012-05-01,12.761982,12.518278,12.664500,9.709692
2012-05-02,12.599513,12.469537,12.567019,9.634953
2012-05-03,12.583266,12.412673,12.461413,9.553988
2012-05-04,12.404549,12.217709,12.266450,9.404508
2012-05-07,12.380179,12.185215,12.339561,9.460565
2012-05-08,12.315191,12.144598,12.258327,9.398282
2012-05-09,12.209586,12.022746,12.120227,9.292405
2012-05-10,12.298944,12.144598,12.168968,9.329774
2012-05-11,12.144598,11.892770,12.030869,9.223894
2012-05-14,11.917141,11.779041,11.787165,9.037053
2012-05-15,11.868400,11.697807,11.722177,8.987226
2012-05-16,11.860276,11.543461,11.551584,8.856436
2012-05-17,11.551584,11.307880,11.316003,8.675815
2012-05-18,11.356621,11.145410,11.186028,8.576167
2012-05-21,11.364744,11.129163,11.291633,8.657134
2012-05-22,11.567831,11.299756,11.380991,8.725644
2012-05-23,11.445979,11.169781,11.421608,8.756782
2012-05-24,11.494720,11.307880,11.429732,8.763011
2012-05-25,11.486596,11.356621,11.389115,8.731871
2012-05-29,11.559708,11.445979,11.551584,8.856436
2012-05-30,11.437855,11.283509,11.283509,8.650907
2012-05-31,11.478473,11.194151,11.380991,8.725644
2012-06-01,11.177904,10.950447,10.958570,8.401777
2012-06-04,11.007311,10.804224,10.852965,8.320814
2012-06-05,11.056052,10.820471,11.031682,8.457834
2012-06-06,11.364744,11.096669,11.356621,8.706959
2012-06-07,11.567831,11.316003,11.348497,8.700731
2012-06-08,11.486596,11.226645,11.486596,8.806609
2012-06-11,11.640942,11.259139,11.275386,8.644677
2012-06-12,11.454102,11.202275,11.445979,8.775467
2012-06-13,11.559708,11.348497,11.405361,8.744330
2012-06-14,11.600325,11.397238,11.543461,8.850204
2012-06-15,11.657189,11.470349,11.649066,8.974116
2012-06-18,11.681560,11.527214,11.584078,8.924052
2012-06-19,11.835906,11.649066,11.779041,9.074250
2012-06-20,11.884647,11.689683,11.803412,9.093026
2012-06-21,11.884647,11.519090,11.543461,8.892762
2012-06-22,11.689683,11.584078,11.649066,8.974116
2012-06-25,11.486596,11.348497,11.405361,8.786374
2012-06-26,11.527214,11.364744,11.462226,8.830180
2012-06-27,11.640942,11.454102,11.600325,8.936568
2012-06-28,11.600325,11.389115,11.592201,8.930312
2012-06-29,11.900894,11.787165,11.892770,9.161859
2012-07-02,11.982128,11.819659,11.965881,9.218184
2012-07-03,12.063363,11.917141,12.030869,9.268247
2012-07-05,11.974005,11.835906,11.852153,9.130571
2012-07-06,11.795288,11.689683,11.754671,9.055473
2012-07-09,11.779041,11.673436,11.738424,9.042958
2012-07-10,11.860276,11.600325,11.649066,8.974116
2012-07-11,11.787165,11.640942,11.746548,9.049217
2012-07-12,11.697807,11.575955,11.624695,8.955338
2012-07-13,11.965881,11.681560,11.949634,9.205668
2012-07-16,11.974005,11.868400,11.925264,9.186893
2012-07-17,12.006499,11.803412,11.990252,9.236956
2012-07-18,12.006499,11.892770,11.933387,9.193150
2012-07-19,11.982128,11.811535,11.860276,9.136827
2012-07-20,11.779041,11.665313,11.681560,8.999146
2012-07-23,11.616572,11.445979,11.584078,8.924052
2012-07-24,11.616572,11.445979,11.551584,8.899020
2012-07-25,11.657189,11.527214,11.592201,8.930312
2012-07-26,11.803412,11.697807,11.770918,9.067985
2012-07-27,12.063363,11.795288,11.990252,9.236956
2012-07-30,12.038993,11.933387,11.965881,9.218184
2012-07-31,11.965881,11.884647,11.909017,9.174375
2012-08-01,11.998375,11.852153,11.852153,9.130571
2012-08-02,11.844029,11.649066,11.762794,9.061726
2012-08-03,12.103981,11.925264,12.038993,9.274508
2012-08-06,12.177092,12.071487,12.087734,9.312055
2012-08-07,12.233956,12.112104,12.136474,9.349598
2012-08-08,12.185215,12.079610,12.136474,9.349598
2012-08-09,12.193339,12.095857,12.128351,9.343347
2012-08-10,12.160845,12.055240,12.136474,9.349598
2012-08-13,12.160845,12.063363,12.144598,9.355859
2012-08-14,12.233956,12.103981,12.128351,9.343347
2012-08-15,12.209586,12.112104,12.168968,9.374635
2012-08-16,12.282697,12.136474,12.250203,9.437214
2012-08-17,12.298944,12.250203,12.290820,9.468509
2012-08-20,12.331438,12.258327,12.323314,9.493538
2012-08-21,12.493907,12.315191,12.363932,9.524833
2012-08-22,12.396426,12.274574,12.347685,9.512314
2012-08-23,12.339561,12.209586,12.225833,9.418441
2012-08-24,12.331438,12.160845,12.290820,9.468509
2012-08-27,12.339561,12.250203,12.282697,9.462250
2012-08-28,12.339561,12.225833,12.266450,9.449735
2012-08-29,12.323314,12.250203,12.290820,9.468509
2012-08-30,12.266450,12.160845,12.225833,9.418441
2012-08-31,12.347685,12.225833,12.315191,9.487281
2012-09-04,12.347685,12.242080,12.315191,9.487281
2012-09-05,12.355808,12.274574,12.315191,9.487281
2012-09-06,12.615760,12.380179,12.607636,9.712574
2012-09-07,12.761982,12.648253,12.737612,9.812702
2012-09-10,12.761982,12.623883,12.632006,9.731346
2012-09-11,12.745735,12.607636,12.737612,9.812702
2012-09-12,12.851340,12.753859,12.786353,9.850251
2012-09-13,13.160032,12.737612,13.119415,10.106833
2012-09-14,13.354996,13.184403,13.225020,10.188187
2012-09-17,13.225020,13.070674,13.103168,10.094318
2012-09-18,13.086921,12.997563,13.038180,10.044252
2012-09-19,13.119415,13.005686,13.030057,10.037993
2012-09-20,12.965069,12.843217,12.956946,9.981670
2012-09-21,13.013810,12.851340,12.859464,9.947739
2012-09-24,12.924452,12.770106,12.867587,9.954021
2012-09-25,12.940699,12.664500,12.672624,9.803205
2012-09-26,12.656377,12.550772,12.591389,9.740359
2012-09-27,12.770106,12.623883,12.705118,9.828342
2012-09-28,12.737612,12.607636,12.664500,9.796917
2012-10-01,12.875711,12.688871,12.721365,9.840913
2012-10-02,12.802600,12.688871,12.745735,9.859763
2012-10-03,12.908205,12.721365,12.859464,9.947739
2012-10-04,13.070674,12.908205,13.054427,10.098557
2012-10-05,13.184403,13.005686,13.046304,10.092271
2012-10-08,13.062551,12.965069,13.038180,10.085987
2012-10-09,13.095045,12.916328,12.956946,10.023148
2012-10-10,13.005686,12.875711,12.948822,10.016860
2012-10-11,13.103168,12.997563,13.021933,10.073421
2012-10-12,12.989439,12.802600,12.843217,9.935166
2012-10-15,13.005686,12.835093,12.989439,10.048285
2012-10-16,13.127539,13.030057,13.070674,10.111123
2012-10-17,13.249391,13.103168,13.241267,10.243091
2012-10-18,13.314379,13.192526,13.265638,10.261945
2012-10-19,13.233144,13.021933,13.086921,10.123693
2012-10-22,13.119415,12.965069,13.086921,10.123693
2012-10-23,12.924452,12.818846,12.867587,9.954021
2012-10-24,12.973193,12.851340,12.867587,9.954021
2012-10-25,13.013810,12.810723,12.900081,9.979158
2012-10-26,12.908205,12.745735,12.835093,9.928885
2012-10-31,12.924452,12.826970,12.916328,9.991730
2012-11-01,13.078798,12.908205,13.078798,10.117408
2012-11-02,13.160032,12.973193,12.997563,10.054564
2012-11-05,12.997563,12.835093,12.973193,10.035715
2012-11-06,13.160032,13.005686,13.119415,10.148829
2012-11-07,12.948822,12.656377,12.680747,9.809488
2012-11-08,12.843217,12.567019,12.575142,9.727793
2012-11-09,12.729488,12.502031,12.591389,9.740359
2012-11-12,12.648253,12.567019,12.615760,9.759214
2012-11-13,12.696994,12.493907,12.526401,9.690084
2012-11-14,12.591389,12.266450,12.307067,9.520417
2012-11-15,12.428920,12.274574,12.331438,9.539270
2012-11-16,12.428920,12.233956,12.412673,9.602111
2012-11-19,12.664500,12.583266,12.648253,9.784350
2012-11-20,12.753859,12.575142,12.713241,9.834625
2012-11-21,12.737612,12.640130,12.713241,9.834625
2012-11-23,12.875711,12.778229,12.867587,9.954021
2012-11-26,12.826970,12.737612,12.818846,9.916316
2012-11-27,12.843217,12.688871,12.705118,9.828342
2012-11-28,12.770106,12.534525,12.753859,9.866042
2012-11-29,12.867587,12.753859,12.818846,9.916316
2012-11-30,12.859464,12.753859,12.802600,9.903752
2012-12-03,12.883834,12.745735,12.753859,9.866042
2012-12-04,12.786353,12.656377,12.721365,9.840913
2012-12-05,12.940699,12.729488,12.875711,9.960308
2012-12-06,12.924452,12.843217,12.916328,9.991730
2012-12-07,13.021933,12.932575,13.021933,10.073421
2012-12-10,13.030057,12.940699,12.989439,10.048285
2012-12-11,13.111292,13.005686,13.054427,10.098557
2012-12-12,13.225020,13.078798,13.111292,10.142542
2012-12-13,13.135662,13.005686,13.046304,10.092271
2012-12-14,13.054427,12.981316,12.997563,10.054564
2012-12-17,13.273761,13.070674,13.265638,10.261945
2012-12-18,13.476848,13.290008,13.460601,10.412762
2012-12-19,13.509342,13.371243,13.379366,10.349916
2012-12-20,13.566206,13.387490,13.566206,10.494456
2012-12-21,13.379366,13.233144,13.322502,10.370516
2012-12-24,13.330626,13.249391,13.298132,10.351543
2012-12-26,13.346872,13.249391,13.298132,10.351543
2012-12-27,13.346872,13.070674,13.249391,10.313603
2012-12-28,13.249391,13.127539,13.143786,10.231399
2012-12-31,13.330626,13.095045,13.314379,10.364191
2013-01-02,13.712429,13.598700,13.704305,10.667718
2013-01-03,13.728676,13.631194,13.688058,10.655072
2013-01-04,13.874898,13.679935,13.850528,10.781540
2013-01-07,13.834281,13.736799,13.818034,10.756250
2013-01-08,13.801787,13.712429,13.777417,10.724631
2013-01-09,13.883022,13.712429,13.761170,10.711981
2013-01-10,13.948010,13.809911,13.931763,10.844780
2013-01-11,13.907392,13.809911,13.899269,10.819479
2013-01-14,13.899269,13.777417,13.858652,10.787868
2013-01-15,13.931763,13.769293,13.915516,10.832128
2013-01-16,13.948010,13.842405,13.923639,10.838450
2013-01-17,13.964257,13.874898,13.915516,10.832128
2013-01-18,13.948010,13.834281,13.931763,10.844780
2013-01-22,14.061738,13.907392,14.061738,10.945947
2013-01-23,14.069862,13.980504,14.053615,10.939628
2013-01-24,14.207961,14.061738,14.126726,10.996538
2013-01-25,14.199838,14.102356,14.191714,11.047130
2013-01-28,14.216084,14.077985,14.134850,11.002859
2013-01-29,14.207961,14.086109,14.191714,11.047130
2013-01-30,14.183591,14.094232,14.126726,10.996538
2013-01-31,14.142973,14.053615,14.118603,10.990215
2013-02-01,14.346060,14.191714,14.305443,11.135653
2013-02-04,14.240455,14.110479,14.142973,11.009189
2013-02-05,14.329813,14.191714,14.281072,11.116687
2013-02-06,14.313566,14.183591,14.305443,11.135653
2013-02-07,14.354184,14.151097,14.264825,11.104036
2013-02-08,14.313566,14.256702,14.297319,11.129330
2013-02-11,14.386677,14.272949,14.362307,11.179922
2013-02-12,14.492283,14.329813,14.476036,11.268452
2013-02-13,14.516653,14.386677,14.443542,11.243153
2013-02-14,14.500406,14.370431,14.492283,11.281093
2013-02-15,14.532900,14.378554,14.427295,11.230508
2013-02-19,14.573517,14.459789,14.565394,11.338007
2013-02-20,14.565394,14.337937,14.346060,11.167274
2013-02-21,14.321690,14.175467,14.232331,11.078746
2013-02-22,14.411048,14.305443,14.411048,11.217858
2013-02-25,14.500406,14.012998,14.021121,10.914333
2013-02-26,14.134850,13.939886,14.094232,10.971248
2013-02-27,14.346060,14.061738,14.313566,11.141980
2013-02-28,14.411048,14.256702,14.289196,11.123008
2013-03-01,14.370431,14.102356,14.329813,11.154626
2013-03-04,14.459789,14.272949,14.451665,11.249476
2013-03-05,14.662876,14.516653,14.573517,11.344328
2013-03-06,14.727864,14.606011,14.670999,11.420214
2013-03-07,14.792851,14.703493,14.776604,11.502418
2013-03-08,14.882210,14.719740,14.817222,11.534034
2013-03-11,14.955321,14.784728,14.930950,11.622564
2013-03-12,14.930950,14.809098,14.849716,11.559326
2013-03-13,14.906580,14.817222,14.890333,11.590947
2013-03-14,15.012185,14.922827,14.987815,11.666826
2013-03-15,15.004062,14.865963,14.987815,11.706164
2013-03-18,14.906580,14.760357,14.841592,11.591961
2013-03-19,14.922827,14.670999,14.760357,11.528510
2013-03-20,14.890333,14.817222,14.857839,11.604649
2013-03-21,14.833469,14.679123,14.679123,11.465063
2013-03-22,14.792851,14.687246,14.768481,11.534859
2013-03-25,14.865963,14.646629,14.727864,11.503132
2013-03-26,14.833469,14.727864,14.825345,11.579271
2013-03-27,14.768481,14.670999,14.752234,11.522166
2013-03-28,14.800975,14.711617,14.792851,11.553892
2013-04-01,14.841592,14.670999,14.719740,11.496790
2013-04-02,14.825345,14.752234,14.809098,11.566581
2013-04-03,14.817222,14.508530,14.565394,11.376237
2013-04-04,14.703493,14.573517,14.695370,11.477753
2013-04-05,14.670999,14.435418,14.646629,11.439685
2013-04-08,14.800975,14.573517,14.792851,11.553892
2013-04-09,14.930950,14.776604,14.833469,11.585615
2013-04-10,15.052803,14.890333,15.036556,11.744236
2013-04-11,15.150284,14.995938,15.069050,11.769617
2013-04-12,15.044679,14.922827,15.004062,11.718858
2013-04-15,15.052803,14.670999,14.687246,11.471407
2013-04-16,14.930950,14.735987,14.914703,11.649066
2013-04-17,14.792851,14.516653,14.638505,11.433341
2013-04-18,14.638505,14.419171,14.484159,11.312790
2013-04-19,14.695370,14.516653,14.687246,11.471407
2013-04-22,14.727864,14.557271,14.703493,11.484098
2013-04-23,14.979691,14.800975,14.971568,11.693479
2013-04-24,15.085297,14.971568,15.060926,11.763268
2013-04-25,15.239643,15.085297,15.150284,11.833062
2013-04-26,15.158408,15.020309,15.085297,11.782306
2013-04-29,15.174655,15.085297,15.150284,11.833062
2013-04-30,15.199025,15.077173,15.190902,11.864785
2013-05-01,15.182778,15.012185,15.020309,11.731545
2013-05-02,15.174655,15.044679,15.150284,11.833062
2013-05-03,15.385865,15.288383,15.312754,11.959958
2013-05-06,15.491470,15.345248,15.475223,12.086854
2013-05-07,15.605199,15.442729,15.556458,12.150303
2013-05-08,15.702681,15.507717,15.686434,12.251820
2013-05-09,15.694557,15.532088,15.572705,12.162991
2013-05-10,15.637693,15.540211,15.637693,12.213751
2013-05-13,15.718928,15.572705,15.686434,12.251820
2013-05-14,16.051991,15.702681,15.954509,12.461197
2013-05-15,16.141348,15.913891,16.100731,12.575404
2013-05-16,16.157595,15.954509,15.995126,12.492921
2013-05-17,16.214460,16.060114,16.206335,12.657890
2013-05-20,16.320065,16.173841,16.238831,12.683270
2013-05-21,16.360682,16.230707,16.279448,12.714989
2013-05-22,16.531275,16.043867,16.108854,12.581751
2013-05-23,16.092607,15.832656,16.011374,12.505613
2013-05-24,16.035744,15.857027,16.027620,12.518302
2013-05-28,16.336311,16.116978,16.190088,12.645200
2013-05-29,16.271324,16.068237,16.190088,12.645200
2013-05-30,16.441917,16.181967,16.385054,12.797471
2013-05-31,16.409424,16.108854,16.116978,12.588096
2013-06-03,16.198214,15.881397,16.133224,12.600781
2013-06-04,16.246954,15.946385,15.987002,12.486577
2013-06-05,16.019497,15.670187,15.727051,12.283545
2013-06-06,15.954509,15.613323,15.946385,12.454850
2013-06-07,16.246954,15.987002,16.222584,12.670577
2013-06-10,16.320065,16.173841,16.230707,12.676920
2013-06-11,16.133224,15.938262,15.962632,12.467545
2013-06-12,16.076361,15.759545,15.792039,12.334303
2013-06-13,16.108854,15.743298,16.092607,12.569061
2013-06-14,16.108854,15.857027,15.881397,12.404098
2013-06-17,16.108854,15.946385,16.035744,12.524649
2013-06-18,16.181967,16.035744,16.141348,12.607127
2013-06-19,16.165718,15.905768,15.922015,12.435821
2013-06-20,15.832656,15.515841,15.580829,12.169339
2013-06-21,15.653940,15.345248,15.532088,12.180168
2013-06-24,15.418359,15.093420,15.255890,11.963575
2013-06-25,15.613323,15.369618,15.540211,12.186536
2013-06-26,15.751422,15.597076,15.694557,12.307574
2013-06-27,15.922015,15.775792,15.897644,12.466830
2013-06-28,15.873274,15.710804,15.800162,12.390389
2013-07-01,16.246954,15.840780,15.848903,12.428613
2013-07-02,16.027620,15.792039,15.865150,12.441354
2013-07-03,15.857027,15.710804,15.816409,12.403131
2013-07-05,16.100731,15.889521,16.100731,12.626093
2013-07-08,16.279448,16.165718,16.222584,12.721651
2013-07-09,16.368807,16.206335,16.360682,12.829943
2013-07-10,16.344435,16.173841,16.263201,12.753503
2013-07-11,16.482534,16.295694,16.417547,12.874540
2013-07-12,16.539398,16.417547,16.531275,12.963724
2013-07-15,16.645004,16.506905,16.604387,13.021059
2013-07-16,16.653128,16.466288,16.539398,12.970094
2013-07-17,16.661251,16.531275,16.612511,13.027430
2013-07-18,16.839968,16.653128,16.831844,13.199430
2013-07-19,16.839968,16.734362,16.839968,13.205796
2013-07-22,16.953695,16.823721,16.953695,13.294981
2013-07-23,17.002438,16.872461,16.888708,13.244021
2013-07-24,16.953695,16.734362,16.766855,13.148459
2013-07-25,16.791227,16.628757,16.783104,13.161207
2013-07-26,16.766855,16.596264,16.766855,13.148459
2013-07-29,16.734362,16.580015,16.645004,13.052914
2013-07-30,16.742485,16.588140,16.636881,13.046541
2013-07-31,16.799351,16.620634,16.645004,13.052914
2013-08-01,16.929325,16.783104,16.913078,13.263128
2013-08-02,16.921202,16.848091,16.904955,13.256762
2013-08-05,16.929325,16.839968,16.872461,13.231277
2013-08-06,16.856215,16.701868,16.718115,13.110243
2013-08-07,16.653128,16.523151,16.604387,13.021059
2013-08-08,16.742485,16.523151,16.645004,13.052914
2013-08-09,16.685621,16.555647,16.588140,13.008316
2013-08-12,16.571894,16.466288,16.523151,12.957354
2013-08-13,16.653128,16.441917,16.604387,13.021059
2013-08-14,16.661251,16.531275,16.539398,12.970094
2013-08-15,16.417547,16.238831,16.295694,12.778976
2013-08-16,16.376928,16.230707,16.263201,12.753503
2013-08-19,16.246954,16.043867,16.051991,12.587872
2013-08-20,16.246954,16.019497,16.206335,12.708908
2013-08-21,16.271324,16.019497,16.092607,12.619724
2013-08-22,16.303818,16.141348,16.279448,12.766243
2013-08-23,16.328188,16.214460,16.295694,12.778976
2013-08-26,16.360682,16.190088,16.190088,12.696167
2013-08-27,16.051991,15.767669,15.800162,12.390389
2013-08-28,15.930138,15.718928,15.824533,12.409504
2013-08-29,15.970755,15.775792,15.865150,12.441354
2013-08-30,15.905768,15.743298,15.792039,12.384018
2013-09-03,16.068237,15.832656,15.922015,12.485944
2013-09-04,16.116978,15.897644,16.043867,12.581499
2013-09-05,16.181967,16.043867,16.084484,12.613353
2013-09-06,16.181967,15.905768,16.084484,12.613353
2013-09-09,16.271324,16.108854,16.271324,12.759871
2013-09-10,16.490658,16.393175,16.466288,12.912761
2013-09-11,16.490658,16.393175,16.482534,12.925500
2013-09-12,16.490658,16.344435,16.360682,12.829943
2013-09-13,16.433794,16.336311,16.409424,12.868171
2013-09-16,16.661251,16.555647,16.588140,13.008316
2013-09-17,16.669374,16.580015,16.669374,13.072020
2013-09-18,16.913078,16.588140,16.815598,13.186686
2013-09-19,16.904955,16.718115,16.750608,13.135725
2013-09-20,16.734362,16.571894,16.596264,13.066012
2013-09-23,16.515028,16.336311,16.360682,12.880545
2013-09-24,16.401300,16.238831,16.255077,12.797401
2013-09-25,16.393175,16.198214,16.344435,12.867754
2013-09-26,16.450041,16.271324,16.344435,12.867754
2013-09-27,16.328188,16.214460,16.287571,12.822982
2013-09-30,16.255077,16.076361,16.173841,12.733446
2013-10-01,16.320065,16.181967,16.287571,12.822982
2013-10-02,16.295694,16.133224,16.279448,12.816586
2013-10-03,16.263201,16.027620,16.157595,12.720654
2013-10-04,16.295694,16.149471,16.287571,12.822982
2013-10-07,16.206335,16.084484,16.100731,12.675888
2013-10-08,16.125101,15.873274,15.897644,12.515997
2013-10-09,16.019497,15.824533,15.954509,12.560770
2013-10-10,16.417547,16.157595,16.409424,12.918920
2013-10-11,16.515028,16.320065,16.498781,12.989266
2013-10-14,16.604387,16.368807,16.580015,13.053221
2013-10-15,16.628757,16.425671,16.458164,12.957287
2013-10-16,16.823721,16.563768,16.807474,13.232296
2013-10-17,16.978067,16.693745,16.953695,13.347415
2013-10-18,17.026808,16.880585,16.986191,13.372998
2013-10-21,17.026808,16.937449,16.953695,13.347415
2013-10-22,17.091795,16.961821,16.986191,13.372998
2013-10-23,16.929325,16.807474,16.848091,13.264272
2013-10-24,16.904955,16.791227,16.872461,13.283457
2013-10-25,16.945574,16.848091,16.945574,13.341022
2013-10-28,16.945574,16.872461,16.904955,13.309042
2013-10-29,16.969942,16.896832,16.953695,13.347415
2013-10-30,17.002438,16.831844,16.888708,13.296254
2013-10-31,16.880585,16.701868,16.709991,13.155551
2013-11-01,16.774981,16.661251,16.750608,13.187529
2013-11-04,16.791227,16.709991,16.758734,13.193924
2013-11-05,16.734362,16.645004,16.669374,13.123571
2013-11-06,16.791227,16.709991,16.750608,13.187529
2013-11-07,16.823721,16.555647,16.563768,13.040430
2013-11-08,16.945574,16.563768,16.945574,13.341022
2013-11-11,16.986191,16.880585,16.953695,13.347415
2013-11-12,16.929325,16.742485,16.791227,13.219503
2013-11-13,17.002438,16.693745,16.937449,13.334623
2013-11-14,17.091795,16.896832,17.083672,13.449744
2013-11-15,17.181154,17.067425,17.164907,13.513700
2013-11-18,17.278635,17.116165,17.156782,13.507300
2013-11-19,17.270512,17.132414,17.181154,13.526491
2013-11-20,17.270512,17.075548,17.132414,13.488118
2013-11-21,17.400488,17.173031,17.376118,13.679985
2013-11-22,17.465475,17.359871,17.457352,13.743937
2013-11-25,17.554832,17.449228,17.481722,13.763120
2013-11-26,17.554832,17.457352,17.465475,13.750333
2013-11-27,17.538588,17.465475,17.514215,13.788703
2013-11-29,17.579205,17.441105,17.449228,13.737542
2013-12-02,17.571079,17.392365,17.441105,13.731139
2013-12-03,17.392365,17.173031,17.262388,13.590444
2013-12-04,17.384239,17.156782,17.303005,13.622418
2013-12-05,17.270512,17.124289,17.140535,13.494512
2013-12-06,17.424858,17.262388,17.376118,13.679985
2013-12-09,17.489845,17.416735,17.449228,13.737542
2013-12-10,17.489845,17.384239,17.384239,13.686377
2013-12-11,17.400488,17.116165,17.148661,13.500907
2013-12-12,17.229895,17.108042,17.148661,13.500907
2013-12-13,17.246141,17.124289,17.164907,13.513700
2013-12-16,17.311129,17.238018,17.270512,13.596843
2013-12-17,17.270512,17.140535,17.156782,13.507300
2013-12-18,17.571079,17.059301,17.554832,13.820683
2013-12-19,17.579205,17.473598,17.530462,13.801497
2013-12-20,17.603575,17.473598,17.554832,13.885668
2013-12-23,17.676685,17.611698,17.636068,13.949930
2013-12-24,17.676685,17.619822,17.668562,13.975628
2013-12-26,17.725426,17.668562,17.709181,14.007756
2013-12-27,17.725426,17.668562,17.701056,14.001338
2013-12-30,17.733549,17.644192,17.668562,13.975628
2013-12-31,17.766045,17.692932,17.757919,14.046306
2014-01-02,17.741673,17.611698,17.660439,13.969204
2014-01-03,17.839155,17.676685,17.782291,14.065593
2014-01-06,17.920389,17.766045,17.798538,14.078441
2014-01-07,17.896019,17.749798,17.806662,14.084860
2014-01-08,17.887896,17.790415,17.863525,14.129846
2014-01-09,17.952885,17.814785,17.928513,14.181245
2014-01-10,17.944759,17.814785,17.896019,14.155540
2014-01-13,17.904142,17.595451,17.627945,13.943502
2014-01-14,17.798538,17.636068,17.774166,14.059159
2014-01-15,18.001625,17.847279,17.985378,14.226228
2014-01-16,17.944759,17.831032,17.871649,14.136272
2014-01-17,17.928513,17.774166,17.814785,14.091285
2014-01-21,17.928513,17.725426,17.831032,14.104142
2014-01-22,17.879772,17.790415,17.839155,14.110571
2014-01-23,17.766045,17.465475,17.546709,13.879246
2014-01-24,17.457352,17.148661,17.148661,13.564392
2014-01-27,17.254265,16.945574,17.043055,13.480863
2014-01-28,17.286758,17.116165,17.270512,13.660771
2014-01-29,17.238018,17.026808,17.067425,13.500136
2014-01-30,17.343622,17.164907,17.311129,13.692902
2014-01-31,17.270512,17.018684,17.108042,13.532268
2014-02-03,17.132414,16.653128,16.677498,13.191714
2014-02-04,16.929325,16.701868,16.839968,13.320218
2014-02-05,16.880585,16.701868,16.823721,13.307369
2014-02-06,17.091795,16.848091,17.083672,13.512987
2014-02-07,17.311129,17.099918,17.294882,13.680055
2014-02-10,17.327375,17.213648,17.311129,13.692902
2014-02-11,17.538588,17.286758,17.489845,13.834265
2014-02-12,17.571079,17.424858,17.489845,13.834265
2014-02-13,17.562958,17.335501,17.554832,13.885668
2014-02-14,17.595451,17.497969,17.579205,13.904947
2014-02-18,17.644192,17.530462,17.611698,13.930656
2014-02-19,17.660439,17.359871,17.367994,13.737882
2014-02-20,17.457352,17.286758,17.416735,13.776439
2014-02-21,17.514215,17.384239,17.449228,13.802135
2014-02-24,17.668562,17.449228,17.579205,13.904947
2014-02-25,17.579205,17.432981,17.473598,13.821416
2014-02-26,17.530462,17.359871,17.449228,13.802135
2014-02-27,17.546709,17.367994,17.538588,13.872820
2014-02-28,17.725426,17.514215,17.627945,13.943502
2014-03-03,17.514215,17.376118,17.489845,13.834265
2014-03-04,17.847279,17.660439,17.847279,14.116994
2014-03-05,18.034119,17.814785,18.034119,14.264780
2014-03-06,18.131599,18.025995,18.090982,14.309754
2014-03-07,18.269699,18.099106,18.172218,14.374019
2014-03-10,18.277822,18.066612,18.180342,14.380445
2014-03-11,18.220959,18.017872,18.058489,14.284058
2014-03-12,18.034119,17.896019,18.025995,14.258359
2014-03-13,18.107229,17.782291,17.822908,14.097713
2014-03-14,17.904142,17.692932,17.709181,14.007756
2014-03-17,17.961006,17.839155,17.896019,14.155540
2014-03-18,18.001625,17.912266,17.985378,14.226228
2014-03-19,18.107229,17.847279,17.977255,14.219803
2014-03-20,18.302193,17.944759,18.261576,14.444695
2014-03-21,18.399675,18.172218,18.196589,14.446628
2014-03-24,18.302193,18.082859,18.188465,14.440184
2014-03-25,18.277822,18.082859,18.172218,14.427282
2014-03-26,18.285946,17.985378,17.985378,14.278945
2014-03-27,18.025995,17.790415,17.887896,14.201554
2014-03-28,18.074736,17.896019,17.961006,14.259595
2014-03-31,18.204712,18.074736,18.147846,14.407933
2014-04-01,18.237206,18.131599,18.180342,14.433743
2014-04-02,18.261576,18.164095,18.220959,14.465981
2014-04-03,18.261576,18.131599,18.188465,14.440184
2014-04-04,18.326565,17.993502,18.009748,14.298294
2014-04-07,18.001625,17.717302,17.733549,14.079017
2014-04-08,17.798538,17.611698,17.757919,14.098362
2014-04-09,17.928513,17.725426,17.912266,14.220904
2014-04-10,17.928513,17.489845,17.497969,13.891983
2014-04-11,17.497969,17.213648,17.286758,13.724299
2014-04-14,17.514215,17.246141,17.424858,13.833941
2014-04-15,17.619822,17.335501,17.587326,13.962923
2014-04-16,17.733549,17.562958,17.725426,14.072565
2014-04-17,17.798538,17.668562,17.757919,14.098362
2014-04-21,17.782291,17.701056,17.741673,14.085468
2014-04-22,17.912266,17.701056,17.863525,14.182209
2014-04-23,17.920389,17.822908,17.904142,14.214452
2014-04-24,17.985378,17.822908,17.896019,14.208005
2014-04-25,17.871649,17.717302,17.749798,14.091912
2014-04-28,17.798538,17.473598,17.644192,14.008077
2014-04-29,17.822908,17.668562,17.814785,14.143511
2014-04-30,17.879772,17.749798,17.839155,14.162859
2014-05-01,17.896019,17.782291,17.871649,14.188655
2014-05-02,18.025995,17.822908,17.863525,14.182209
2014-05-05,17.806662,17.636068,17.790415,14.124157
2014-05-06,17.741673,17.538588,17.538588,13.924231
2014-05-07,17.790415,17.579205,17.774166,14.111262
2014-05-08,17.920389,17.749798,17.822908,14.149957
2014-05-09,17.839155,17.701056,17.814785,14.143511
2014-05-12,18.001625,17.863525,17.993502,14.285394
2014-05-13,18.050365,17.952885,17.977255,14.272495
2014-05-14,17.977255,17.814785,17.847279,14.169308
2014-05-15,17.790415,17.514215,17.644192,14.008077
2014-05-16,17.668562,17.530462,17.668562,14.027422
2014-05-19,17.774166,17.611698,17.757919,14.098362
2014-05-20,17.766045,17.587326,17.652315,14.014524
2014-05-21,17.839155,17.709181,17.766045,14.104811
2014-05-22,17.879772,17.741673,17.847279,14.169308
2014-05-23,17.912266,17.831032,17.904142,14.214452
2014-05-27,18.131599,17.944759,18.058489,14.336987
2014-05-28,18.074736,17.985378,18.025995,14.311194
2014-05-29,18.082859,17.985378,18.066612,14.343440
2014-05-30,18.123478,18.017872,18.107229,14.375687
2014-06-02,18.172218,18.034119,18.155972,14.414385
2014-06-03,18.180342,18.074736,18.180342,14.433743
2014-06-04,18.245329,18.123478,18.229082,14.472426
2014-06-05,18.407799,18.180342,18.399675,14.607863
2014-06-06,18.545898,18.415922,18.521526,14.704608
2014-06-09,18.627132,18.513405,18.602762,14.769103
2014-06-10,18.594639,18.521526,18.594639,14.762655
2014-06-11,18.529652,18.415922,18.472786,14.665914
2014-06-12,18.472786,18.326565,18.359058,14.575620
2014-06-13,18.448416,18.310316,18.367182,14.582065
2014-06-16,18.334686,18.229082,18.277822,14.511129
2014-06-17,18.480909,18.245329,18.464663,14.659462
2014-06-18,18.602762,18.383429,18.570269,14.743306
2014-06-19,18.594639,18.480909,18.545898,14.723959
2014-06-20,18.570269,18.489033,18.545898,14.782233
2014-06-23,18.602762,18.480909,18.586515,14.814599
2014-06-24,18.627132,18.440292,18.464663,14.717479
2014-06-25,18.505280,18.359058,18.480909,14.730433
2014-06-26,18.480909,18.277822,18.415922,14.678631
2014-06-27,18.489033,18.359058,18.489033,14.736908
2014-06-30,18.505280,18.424046,18.472786,14.723957
2014-07-01,18.667749,18.513405,18.586515,14.814599
2014-07-02,18.643379,18.562145,18.570269,14.801656
2014-07-03,18.740862,18.659626,18.716492,14.918199
2014-07-07,18.692120,18.578392,18.635256,14.853454
2014-07-08,18.619009,18.432169,18.472786,14.723957
2014-07-09,18.537773,18.456539,18.521526,14.762799
2014-07-10,18.456539,18.245329,18.399675,14.665681
2014-07-11,18.448416,18.285946,18.432169,14.691583
2014-07-14,18.619009,18.521526,18.545898,14.782233
2014-07-15,18.716492,18.578392,18.675873,14.885829
2014-07-16,18.716492,18.586515,18.643379,14.859931
2014-07-17,18.635256,18.383429,18.399675,14.665681
2014-07-18,18.627132,18.456539,18.610886,14.834026
2014-07-21,18.586515,18.480909,18.562145,14.795178
2014-07-22,18.651503,18.578392,18.619009,14.840506
2014-07-23,18.692120,18.594639,18.659626,14.872875
2014-07-24,18.732738,18.667749,18.700245,14.905252
2014-07-25,18.683996,18.578392,18.594639,14.821081
2014-07-28,18.651503,18.480909,18.602762,14.827552
2014-07-29,18.675873,18.497156,18.505280,14.749849
2014-07-30,18.659626,18.472786,18.586515,14.814599
2014-07-31,18.505280,18.196589,18.204712,14.510281
2014-08-01,18.229082,17.969131,18.050365,14.387261
2014-08-04,18.220959,18.034119,18.196589,14.503807
2014-08-05,18.164095,17.936638,18.009748,14.354889
2014-08-06,18.180342,17.952885,18.082859,14.413157
2014-08-07,18.204712,17.952885,18.001625,14.348410
2014-08-08,18.188465,17.952885,18.180342,14.490862
2014-08-11,18.277822,18.180342,18.196589,14.503807
2014-08-12,18.285946,18.139725,18.237206,14.536183
2014-08-13,18.359058,18.261576,18.318439,14.600937
2014-08-14,18.432169,18.334686,18.432169,14.691583
2014-08-15,18.513405,18.237206,18.342812,14.620355
2014-08-18,18.562145,18.424046,18.545898,14.782233
2014-08-19,18.627132,18.562145,18.578392,14.808134
2014-08-20,18.692120,18.521526,18.627132,14.846979
2014-08-21,18.878960,18.635256,18.846466,15.021794
2014-08-22,18.895206,18.757109,18.781479,14.969998
2014-08-25,19.000813,18.870836,18.943949,15.099501
2014-08-26,19.041430,18.919579,18.984566,15.131873
2014-08-27,19.033306,18.911453,18.943949,15.099501
2014-08-28,18.911453,18.813972,18.887083,15.054177
2014-08-29,19.000813,18.895206,18.976442,15.125404
2014-09-02,19.065800,18.943949,19.049553,15.183673
2014-09-03,19.138910,18.976442,19.017059,15.157773
2014-09-04,19.155157,18.968319,19.033306,15.170729
2014-09-05,19.065800,18.895206,19.057676,15.190150
2014-09-08,19.138910,19.000813,19.065800,15.196627
2014-09-09,19.025183,18.838343,18.870836,15.041224
2014-09-10,18.992689,18.878960,18.968319,15.118925
2014-09-11,19.033306,18.887083,19.017059,15.157773
2014-09-12,19.090172,18.927702,19.000813,15.144824
2014-09-15,19.041430,18.935825,18.992689,15.138346
2014-09-16,19.114540,18.935825,19.073923,15.203098
2014-09-17,19.260763,19.049553,19.155157,15.267850
2014-09-18,19.390739,19.228270,19.341997,15.416769
2014-09-19,19.398863,19.163282,19.212023,15.376463
2014-09-22,19.220146,19.057676,19.082047,15.272433
2014-09-23,19.138910,18.943949,18.952070,15.168406
2014-09-24,19.065800,18.911453,19.057676,15.252926
2014-09-25,19.025183,18.740862,18.740862,14.999361
2014-09-26,18.968319,18.765232,18.919579,15.142398
2014-09-29,18.895206,18.724613,18.854589,15.090387
2014-09-30,18.935825,18.781479,18.822096,15.064379
2014-10-01,18.822096,18.562145,18.594639,14.882333
2014-10-02,18.716492,18.472786,18.643379,14.921347
2014-10-03,18.943949,18.748985,18.911453,15.135900
2014-10-06,19.041430,18.830219,18.854589,15.090387
2014-10-07,18.805849,18.529652,18.537773,14.836819
2014-10-08,18.887083,18.489033,18.887083,15.116396
2014-10-09,18.870836,18.472786,18.489033,14.797812
2014-10-10,18.659626,18.334686,18.342812,14.680782
2014-10-13,18.464663,18.164095,18.180342,14.550748
2014-10-14,18.399675,18.172218,18.253452,14.609264
2014-10-15,18.082859,17.506092,17.904142,14.329689
2014-10-16,18.042242,17.579205,17.904142,14.329689
2014-10-17,18.220959,18.009748,18.131599,14.511739
2014-10-20,18.253452,18.090982,18.237206,14.596258
2014-10-21,18.602762,18.350933,18.578392,14.869333
2014-10-22,18.627132,18.407799,18.407799,14.732794
2014-10-23,18.708366,18.554022,18.586515,14.875829
2014-10-24,18.773355,18.586515,18.765232,15.018872
2014-10-27,18.797726,18.667749,18.789602,15.038381
2014-10-28,19.000813,18.838343,18.992689,15.200914
2014-10-29,19.073923,18.895206,19.041430,15.239929
2014-10-30,19.236393,18.968319,19.147036,15.324450
2014-10-31,19.390739,19.285133,19.366369,15.499993
2014-11-03,19.488220,19.358246,19.439480,15.558509
2014-11-04,19.455727,19.293259,19.447603,15.565011
2014-11-05,19.618196,19.463852,19.577579,15.669035
2014-11-06,19.618196,19.488220,19.610073,15.695038
2014-11-07,19.666937,19.520716,19.618196,15.701547
2014-11-10,19.723803,19.593826,19.723803,15.786067
2014-11-11,19.748173,19.658813,19.658813,15.734056
2014-11-12,19.642567,19.545086,19.618196,15.701547
2014-11-13,19.675060,19.528837,19.610073,15.695038
2014-11-14,19.642567,19.520716,19.545086,15.643037
2014-11-17,19.569456,19.471973,19.545086,15.643037
2014-11-18,19.675060,19.528837,19.610073,15.695038
2014-11-19,19.601950,19.488220,19.569456,15.662533
2014-11-20,19.593826,19.439480,19.569456,15.662533
2014-11-21,19.788790,19.642567,19.666937,15.740553
2014-11-24,19.845654,19.723803,19.796913,15.844581
2014-11-25,19.837530,19.715677,19.780666,15.831584
2014-11-26,19.813160,19.756296,19.805037,15.851086
2014-11-28,19.910643,19.796913,19.821283,15.864088
2014-12-01,19.772543,19.634443,19.683184,15.753556
2014-12-02,19.886271,19.666937,19.870024,15.903099
2014-12-03,19.975630,19.845654,19.959383,15.974612
2014-12-04,20.008123,19.853777,19.983753,15.994123
2014-12-05,20.235580,20.064987,20.162470,16.137156
2014-12-08,20.365557,20.129976,20.259951,16.215174
2014-12-09,20.211210,19.943136,20.211210,16.176168
2014-12-10,20.219334,19.918764,19.951260,15.968114
2014-12-11,20.178717,19.967506,20.000000,16.007118
2014-12-12,19.967506,19.585703,19.610073,15.695038
2014-12-15,19.756296,19.333876,19.431356,15.552003
2014-12-16,19.634443,19.236393,19.244516,15.402469
2014-12-17,19.691307,19.293259,19.683184,15.753556
2014-12-18,20.154346,19.878147,20.138100,16.117645
2014-12-19,20.154346,19.983753,20.048740,16.128111
2014-12-22,20.186840,20.056864,20.186840,16.239201
2014-12-23,20.373680,20.219334,20.300570,16.330687
2014-12-24,20.365557,20.259951,20.268076,16.304550
2014-12-26,20.341187,20.259951,20.268076,16.304550
2014-12-29,20.422421,20.211210,20.341187,16.363363
2014-12-30,20.365557,20.251827,20.316816,16.343758
2014-12-31,20.406174,20.064987,20.089357,16.160780
2015-01-02,20.227457,19.935013,20.089357,16.160780
2015-01-05,20.000000,19.618196,19.666937,15.820968
2015-01-06,19.731924,19.277012,19.366369,15.579176
2015-01-07,19.618196,19.415110,19.569456,15.742548
2015-01-08,19.910643,19.756296,19.861900,15.977803
2015-01-09,19.910643,19.585703,19.593826,15.762157
2015-01-12,19.642567,19.374493,19.431356,15.631454
2015-01-13,19.691307,19.228270,19.366369,15.579176
2015-01-14,19.163282,18.838343,19.090172,15.356992
2015-01-15,19.122665,18.822096,18.854589,15.167477
2015-01-16,19.090172,18.732738,19.082047,15.350452
2015-01-20,19.212023,18.935825,19.000813,15.285107
2015-01-21,19.147036,18.870836,19.049553,15.324318
2015-01-22,19.545086,19.033306,19.520716,15.703338
2015-01-23,19.545086,19.309504,19.309504,15.533426
2015-01-26,19.415110,19.228270,19.406986,15.611849
2015-01-27,19.325750,19.122665,19.195776,15.441943
2015-01-28,19.293259,18.813972,18.846466,15.160941
2015-01-29,19.041430,18.748985,19.000813,15.285107
2015-01-30,19.000813,18.683996,18.692120,15.036783
2015-02-02,19.017059,18.594639,18.992689,15.278572
2015-02-03,19.325750,19.065800,19.309504,15.533426
2015-02-04,19.423233,19.228270,19.260763,15.494223
2015-02-05,19.488220,19.301380,19.455727,15.651059
2015-02-06,19.805037,19.561333,19.610073,15.775222
2015-02-09,19.610073,19.463852,19.512590,15.696806
2015-02-10,19.707556,19.520716,19.666937,15.820968
2015-02-11,19.723803,19.536963,19.666937,15.820968
2015-02-12,19.886271,19.658813,19.861900,15.977803
2015-02-13,19.926889,19.772543,19.845654,15.964733
2015-02-17,19.959383,19.796913,19.910643,16.017019
2015-02-18,19.886271,19.740049,19.788790,15.918991
2015-02-19,19.788790,19.658813,19.707556,15.853641
2015-02-20,19.886271,19.553209,19.853777,15.971267
2015-02-23,19.829407,19.699430,19.805037,15.932058
2015-02-24,19.967506,19.813160,19.902517,16.010481
2015-02-25,19.983753,19.878147,19.902517,16.010481
2015-02-26,19.935013,19.788790,19.853777,15.971267
2015-02-27,19.870024,19.764420,19.780666,15.912460
2015-03-02,19.943136,19.748173,19.926889,16.030081
2015-03-03,19.926889,19.772543,19.870024,15.984346
2015-03-04,19.813160,19.675060,19.748173,15.886315
2015-03-05,19.870024,19.715677,19.829407,15.951666
2015-03-06,20.032494,19.650690,19.683184,15.834035
2015-03-09,19.813160,19.691307,19.772543,15.905915
2015-03-10,19.610073,19.350122,19.350122,15.566108
2015-03-11,19.545086,19.382616,19.471973,15.664129
2015-03-12,19.910643,19.610073,19.894396,16.003946
2015-03-13,19.886271,19.642567,19.756296,15.892852
2015-03-16,20.016247,19.837530,20.000000,16.088896
2015-03-17,20.000000,19.813160,19.951260,16.049694
2015-03-18,20.129976,19.829407,20.064987,16.141180
2015-03-19,20.064987,19.788790,19.878147,15.990874
2015-03-20,20.089357,19.837530,20.073111,16.207985
2015-03-23,20.129976,19.959383,19.959383,16.116158
2015-03-24,19.943136,19.788790,19.796913,15.984966
2015-03-25,19.870024,19.480097,19.480097,15.729158
2015-03-26,19.553209,19.317629,19.463852,15.716043
2015-03-27,19.488220,19.366369,19.439480,15.696363
2015-03-30,19.772543,19.577579,19.723803,15.925938
2015-03-31,19.683184,19.545086,19.585703,15.814431
2015-04-01,19.642567,19.431356,19.569456,15.801308
2015-04-02,19.699430,19.520716,19.666937,15.880023
2015-04-06,19.748173,19.463852,19.699430,15.906255
2015-04-07,19.756296,19.593826,19.593826,15.820990
2015-04-08,19.748173,19.610073,19.666937,15.880023
2015-04-09,19.715677,19.561333,19.699430,15.906255
2015-04-10,19.740049,19.658813,19.691307,15.899702
2015-04-13,19.829407,19.642567,19.764420,15.958735
2015-04-14,19.813160,19.650690,19.764420,15.958735
2015-04-15,19.918764,19.756296,19.837530,16.017767
2015-04-16,19.935013,19.723803,19.870024,16.044010
2015-04-17,19.772543,19.528837,19.601950,15.827546
2015-04-20,19.756296,19.666937,19.683184,15.893140
2015-04-21,19.780666,19.569456,19.585703,15.814431
2015-04-22,19.772543,19.536963,19.723803,15.925938
2015-04-23,19.805037,19.658813,19.756296,15.952186
2015-04-24,19.748173,19.650690,19.723803,15.925938
2015-04-27,19.829407,19.618196,19.650690,15.866900
2015-04-28,19.764420,19.536963,19.764420,15.958735
2015-04-29,19.845654,19.569456,19.756296,15.952186
2015-04-30,19.805037,19.528837,19.601950,15.827546
2015-05-01,19.796913,19.683184,19.772543,15.965291
2015-05-04,19.975630,19.821283,19.967506,16.122715
2015-05-05,20.024370,19.772543,19.788790,15.978410
2015-05-06,19.902517,19.553209,19.691307,15.899702
2015-05-07,19.878147,19.610073,19.829407,16.011209
2015-05-08,20.113729,19.935013,20.113729,16.240782
2015-05-11,20.154346,20.008123,20.040617,16.181747
2015-05-12,20.016247,19.805037,19.967506,16.122715
2015-05-13,20.048740,19.935013,19.975630,16.129282
2015-05-14,20.162470,20.032494,20.154346,16.273579
2015-05-15,20.170593,20.000000,20.064987,16.201422
2015-05-18,20.194963,20.048740,20.178717,16.293257
2015-05-19,20.357433,20.203087,20.292444,16.385092
2015-05-20,20.341187,20.203087,20.235580,16.339170
2015-05-21,20.235580,20.170593,20.186840,16.299818
2015-05-22,20.243704,20.146223,20.194963,16.306381
2015-05-26,20.162470,19.951260,19.967506,16.122715
2015-05-27,20.211210,20.000000,20.186840,16.299818
2015-05-28,20.178717,20.040617,20.162470,16.280136
2015-05-29,20.162470,19.935013,19.983753,16.135834
2015-06-01,20.113729,19.943136,20.000000,16.148951
2015-06-02,20.105604,19.902517,20.032494,16.175186
2015-06-03,20.259951,20.064987,20.203087,16.312933
2015-06-04,20.194963,19.991877,20.024370,16.168638
2015-06-05,20.268076,20.081236,20.138100,16.260458
2015-06-08,20.194963,20.008123,20.016247,16.162075
2015-06-09,20.154346,19.951260,20.064987,16.201422
2015-06-10,20.422421,20.146223,20.349310,16.431004
2015-06-11,20.471163,20.357433,20.430544,16.496593
2015-06-12,20.422421,20.276197,20.341187,16.424444
2015-06-15,20.324940,20.121853,20.251827,16.352291
2015-06-16,20.381804,20.194963,20.365557,16.444122
2015-06-17,20.454914,20.292444,20.341187,16.424444
2015-06-18,20.560520,20.341187,20.528027,16.575312
2015-06-19,20.406174,20.097483,20.097483,16.298609
2015-06-22,20.487410,20.381804,20.406174,16.548948
2015-06-23,20.511780,20.414297,20.446791,16.581902
2015-06-24,20.446791,20.276197,20.276197,16.443552
2015-06-25,20.341187,20.138100,20.154346,16.344730
2015-06-26,20.276197,20.162470,20.219334,16.397427
2015-06-29,20.089357,19.723803,19.731924,16.002153
2015-06-30,19.975630,19.740049,19.805037,16.061443
2015-07-01,20.154346,19.983753,20.105604,16.305201
2015-07-02,20.146223,19.935013,20.016247,16.232735
2015-07-06,19.983753,19.764420,19.935013,16.166851
2015-07-07,19.991877,19.601950,19.975630,16.199797
2015-07-08,19.837530,19.593826,19.626320,15.916507
2015-07-09,19.935013,19.740049,19.780666,16.041685
2015-07-10,20.064987,19.926889,20.016247,16.232735
2015-07-13,20.259951,20.146223,20.259951,16.430374
2015-07-14,20.349310,20.154346,20.308693,16.469898
2015-07-15,20.511780,20.333063,20.479284,16.608242
2015-07-16,20.682371,20.609261,20.682371,16.772947
2015-07-17,20.690496,20.536148,20.625507,16.726835
2015-07-20,20.714867,20.593014,20.649878,16.746590
2015-07-21,20.739237,20.576767,20.625507,16.726835
2015-07-22,20.804224,20.609261,20.779854,16.852003
2015-07-23,20.812347,20.560520,20.601137,16.707067
2015-07-24,20.593014,20.373680,20.406174,16.548948
2015-07-27,20.316816,20.186840,20.259951,16.430374
2015-07-28,20.422421,20.211210,20.341187,16.496246
2015-07-29,20.552397,20.357433,20.544273,16.660950
2015-07-30,20.560520,20.430544,20.544273,16.660950
2015-07-31,20.568644,20.422421,20.479284,16.608242
2015-08-03,20.503656,20.316816,20.454914,16.588480
2015-08-04,20.528027,20.389927,20.422421,16.562134
2015-08-05,20.625507,20.446791,20.503656,16.628012
2015-08-06,20.552397,20.357433,20.430544,16.568716
2015-08-07,20.495531,20.300570,20.471163,16.601662
2015-08-10,20.674250,20.552397,20.666124,16.759769
2015-08-11,20.544273,20.398050,20.479284,16.608242
2015-08-12,20.324940,19.983753,20.292444,16.456722
2015-08-13,20.438667,20.211210,20.365557,16.516026
2015-08-14,20.511780,20.333063,20.511780,16.634600
2015-08-17,20.560520,20.349310,20.552397,16.667540
2015-08-18,20.584890,20.487410,20.536148,16.654364
2015-08-19,20.528027,20.276197,20.349310,16.502842
2015-08-20,20.162470,19.918764,19.918764,16.153671
2015-08-21,19.813160,19.203899,19.203899,15.573941
2015-08-24,19.033306,15.044679,18.383429,14.908560
2015-08-25,19.073923,18.074736,18.139725,14.710913
2015-08-26,18.822096,18.220959,18.822096,15.264299
2015-08-27,19.325750,18.911453,19.285133,15.639820
2015-08-28,19.260763,19.073923,19.195776,15.567345
2015-08-31,19.155157,19.017059,19.033306,15.435592
2015-09-01,18.724613,18.277822,18.415922,14.934904
2015-09-02,18.716492,18.424046,18.667749,15.139132
2015-09-03,18.968319,18.692120,18.773355,15.224780
2015-09-04,18.562145,18.277822,18.399675,14.921731
2015-09-08,18.887083,18.627132,18.870836,15.303835
2015-09-09,19.122665,18.570269,18.610886,15.093019
2015-09-10,18.838343,18.537773,18.700245,15.165480
2015-09-11,18.781479,18.570269,18.781479,15.231363
2015-09-14,18.797726,18.667749,18.740862,15.198425
2015-09-15,19.065800,18.740862,19.008936,15.415829
2015-09-16,19.163282,18.927702,19.130789,15.514646
2015-09-17,19.244516,18.822096,18.862713,15.297236
2015-09-18,18.602762,18.375305,18.407799,15.001324
2015-09-21,18.692120,18.497156,18.619009,15.173445
2015-09-22,18.448416,18.245329,18.383429,14.981463
2015-09-23,18.456539,18.285946,18.391552,14.988084
2015-09-24,18.294069,18.099106,18.261576,14.882156
2015-09-25,18.651503,18.440292,18.529652,15.100622
2015-09-28,18.432169,18.042242,18.099106,14.749757
2015-09-29,18.188465,17.969131,18.131599,14.776237
2015-09-30,18.407799,18.188465,18.407799,15.001324
2015-10-01,18.489033,18.220959,18.415922,15.007939
2015-10-02,18.440292,17.855402,18.440292,15.027801
2015-10-05,18.854589,18.562145,18.830219,15.345564
2015-10-06,18.854589,18.708366,18.740862,15.272748
2015-10-07,18.992689,18.748985,18.887083,15.391916
2015-10-08,19.017059,18.773355,19.000813,15.484591
2015-10-09,19.057676,18.797726,18.878960,15.385291
2015-10-12,18.927702,18.822096,18.895206,15.398534
2015-10-13,18.952070,18.748985,18.748985,15.279371
2015-10-14,18.789602,18.570269,18.594639,15.153583
2015-10-15,19.041430,18.683996,19.017059,15.497835
2015-10-16,19.163282,19.033306,19.130789,15.590520
2015-10-19,19.155157,19.000813,19.114540,15.577274
2015-10-20,19.252640,19.098293,19.228270,15.669960
2015-10-21,19.317629,19.057676,19.090172,15.557411
2015-10-22,19.471973,19.122665,19.398863,15.808979
2015-10-23,19.618196,19.463852,19.610073,15.981108
2015-10-26,19.610073,19.455727,19.528837,15.914903
2015-10-27,19.455727,19.350122,19.415110,15.822227
2015-10-28,19.902517,19.455727,19.870024,16.192951
2015-10-29,19.943136,19.748173,19.845654,16.173092
2015-10-30,19.813160,19.536963,19.561333,15.941385
2015-11-02,19.910643,19.601950,19.829407,16.159849
2015-11-03,19.926889,19.731924,19.861900,16.186329
2015-11-04,19.910643,19.748173,19.805037,16.139992
2015-11-05,19.918764,19.772543,19.886271,16.206190
2015-11-06,20.284323,20.016247,20.089357,16.371698
2015-11-09,20.162470,19.756296,19.870024,16.192951
2015-11-10,19.967506,19.788790,19.959383,16.265778
2015-11-11,20.048740,19.878147,19.894396,16.212811
2015-11-12,19.853777,19.585703,19.593826,15.967866
2015-11-13,19.634443,19.374493,19.431356,15.835462
2015-11-16,19.666937,19.333876,19.666937,16.027449
2015-11-17,19.805037,19.585703,19.626320,15.994347
2015-11-18,20.000000,19.675060,19.975630,16.279015
2015-11-19,20.048740,19.910643,20.008123,16.305500
2015-11-20,20.121853,19.983753,20.040617,16.331978
2015-11-23,20.097483,19.935013,19.959383,16.265778
2015-11-24,19.967506,19.731924,19.902517,16.219435
2015-11-25,19.959383,19.861900,19.918764,16.232670
2015-11-27,19.991877,19.853777,19.967506,16.272400
2015-11-30,20.032494,19.918764,19.951260,16.259157
2015-12-01,20.178717,19.983753,20.170593,16.437901
2015-12-02,20.219334,19.894396,19.935013,16.245918
2015-12-03,20.048740,19.545086,19.610073,15.981108
2015-12-04,20.162470,19.683184,20.129976,16.404797
2015-12-07,20.121853,19.845654,19.943136,16.252533
2015-12-08,19.870024,19.642567,19.691307,16.047314
2015-12-09,19.821283,19.350122,19.463852,15.861946
2015-12-10,19.666937,19.390739,19.480097,15.875184
2015-12-11,19.309504,18.943949,19.049553,15.524314
2015-12-14,19.220146,18.878960,19.090172,15.557411
2015-12-15,19.642567,19.268887,19.536963,15.921527
2015-12-16,19.918764,19.528837,19.853777,16.179710
2015-12-17,19.926889,19.545086,19.569456,15.948011
2015-12-18,19.333876,18.927702,18.927702,15.521661
2015-12-21,19.179529,18.943949,19.114540,15.674883
2015-12-22,19.333876,19.057676,19.293259,15.821440
2015-12-23,19.553209,19.358246,19.520716,16.007963
2015-12-24,19.610073,19.455727,19.504469,15.994637
2015-12-28,19.496344,19.325750,19.488220,15.981313
2015-12-29,19.715677,19.585703,19.691307,16.147858
2015-12-30,19.683184,19.520716,19.553209,16.034605
2015-12-31,19.585703,19.317629,19.358246,15.874729
2016-01-04,19.000813,18.765232,18.984566,15.568291
2016-01-05,19.114540,18.887083,19.057676,15.628242
2016-01-06,18.878960,18.667749,18.765232,15.388424
2016-01-07,18.545898,18.164095,18.237206,14.955422
2016-01-08,18.415922,17.912266,17.952885,14.722264
2016-01-11,18.082859,17.798538,17.977255,14.742249
2016-01-12,18.196589,17.879772,18.115353,14.855494
2016-01-13,18.269699,17.562958,17.644192,14.469117
2016-01-14,17.944759,17.514215,17.798538,14.595690
2016-01-15,17.481722,17.164907,17.400488,14.269271
2016-01-19,17.652315,17.270512,17.392365,14.262607
2016-01-20,17.213648,16.677498,17.051178,13.982818
2016-01-21,17.286758,16.921202,16.978067,13.922865
2016-01-22,17.359871,17.164907,17.286758,14.176006
2016-01-25,17.278635,16.896832,16.937449,13.889554
2016-01-26,17.270512,16.978067,17.221771,14.122713
2016-01-27,17.457352,17.034931,17.156782,14.069415
2016-01-28,17.343622,17.051178,17.164907,14.076081
2016-01-29,17.652315,17.229895,17.644192,14.469117
2016-02-01,17.660439,17.441105,17.571079,14.409161
2016-02-02,17.343622,17.043055,17.083672,14.009461
2016-02-03,17.181154,16.612511,17.099918,14.022788
2016-02-04,17.367994,16.994314,17.246141,14.142698
2016-02-05,17.351748,16.969942,17.018684,13.956174
2016-02-08,16.831844,16.360682,16.588140,13.603106
2016-02-09,16.677498,16.263201,16.563768,13.583118
2016-02-10,16.880585,16.466288,16.474411,13.509839
2016-02-11,16.149471,15.865150,15.970755,13.096817
2016-02-12,16.645004,16.279448,16.645004,13.649734
2016-02-16,16.986191,16.758734,16.913078,13.869570
2016-02-17,17.221771,17.075548,17.140535,14.056096
2016-02-18,17.205524,16.961821,17.043055,13.976152
2016-02-19,17.116165,16.880585,17.043055,13.976152
2016-02-22,17.384239,17.246141,17.311129,14.195993
2016-02-23,17.246141,16.969942,17.002438,13.942849
2016-02-24,17.010561,16.612511,16.961821,13.909538
2016-02-25,17.213648,16.961821,17.197399,14.102727
2016-02-26,17.473598,17.221771,17.319254,14.202655
2016-02-29,17.392365,17.124289,17.132414,14.049437
2016-03-01,17.741673,17.254265,17.709181,14.522416
2016-03-02,17.912266,17.701056,17.904142,14.682288
2016-03-03,18.034119,17.814785,18.025995,14.782218
2016-03-04,18.188465,17.961006,18.099106,14.842172
2016-03-07,18.115353,17.920389,18.090982,14.835510
2016-03-08,18.001625,17.774166,17.798538,14.595690
2016-03-09,17.912266,17.757919,17.822908,14.615678
2016-03-10,18.017872,17.595451,17.806662,14.602355
2016-03-11,18.294069,17.985378,18.269699,14.982063
2016-03-14,18.261576,18.099106,18.212835,14.935436
2016-03-15,18.204712,18.025995,18.204712,14.928773
2016-03-16,18.277822,18.025995,18.164095,14.895467
2016-03-17,18.440292,18.034119,18.383429,15.075331
2016-03-18,18.537773,18.367182,18.464663,15.209151
2016-03-21,18.554022,18.359058,18.432169,15.182388
2016-03-22,18.448416,18.261576,18.375305,15.135549
2016-03-23,18.375305,18.229082,18.237206,15.021801
2016-03-24,18.123478,17.952885,18.123478,14.928123
2016-03-28,18.237206,18.090982,18.180342,14.974961
2016-03-29,18.220959,18.001625,18.212835,15.001729
2016-03-30,18.456539,18.294069,18.318439,15.088715
2016-03-31,18.391552,18.237206,18.277822,15.055257
2016-04-01,18.464663,18.115353,18.440292,15.189084
2016-04-04,18.464663,18.310316,18.350933,15.115476
2016-04-05,18.212835,18.058489,18.090982,14.901358
2016-04-06,18.204712,18.001625,18.188465,14.981656
2016-04-07,18.074736,17.749798,17.847279,14.700624
2016-04-08,18.090982,17.879772,17.912266,14.754148
2016-04-11,18.139725,17.969131,17.985378,14.814373
2016-04-12,18.245329,17.969131,18.212835,15.001729
2016-04-13,18.643379,18.383429,18.627132,15.342977
2016-04-14,18.765232,18.537773,18.667749,15.376436
2016-04-15,18.740862,18.570269,18.602762,15.322908
2016-04-18,18.757109,18.497156,18.740862,15.436655
2016-04-19,18.976442,18.797726,18.976442,15.630702
2016-04-20,19.155157,18.960196,19.122665,15.751143
2016-04-21,19.195776,18.903332,18.952070,15.610628
2016-04-22,19.171406,18.968319,19.130789,15.757830
2016-04-25,19.106419,18.952070,19.090172,15.724373
2016-04-26,19.236393,19.082047,19.212023,15.824747
2016-04-27,19.309504,19.130789,19.244516,15.851508
2016-04-28,19.236393,18.976442,19.041430,15.684237
2016-04-29,19.008936,18.765232,18.935825,15.597239
2016-05-02,19.130789,18.911453,19.106419,15.737760
2016-05-03,18.903332,18.700245,18.862713,15.537028
2016-05-04,18.813972,18.627132,18.716492,15.416584
2016-05-05,18.830219,18.659626,18.708366,15.409895
2016-05-06,18.797726,18.570269,18.789602,15.476808
2016-05-09,18.846466,18.667749,18.740862,15.436655
2016-05-10,19.017059,18.822096,19.008936,15.657469
2016-05-11,19.000813,18.789602,18.805849,15.490181
2016-05-12,18.952070,18.700245,18.813972,15.496881
2016-05-13,18.903332,18.554022,18.586515,15.309517
2016-05-16,18.765232,18.570269,18.683996,15.389815
2016-05-17,18.716492,18.497156,18.578392,15.302835
2016-05-18,18.919579,18.521526,18.903332,15.570482
2016-05-19,18.903332,18.610886,18.724613,15.423269
2016-05-20,18.960196,18.789602,18.854589,15.530332
2016-05-23,18.903332,18.757109,18.838343,15.516949
2016-05-24,19.163282,18.943949,19.122665,15.751143
2016-05-25,19.423233,19.195776,19.325750,15.918426
2016-05-26,19.358246,19.187653,19.212023,15.824747
2016-05-27,19.350122,19.220146,19.341997,15.931809
2016-05-31,19.439480,19.228270,19.293259,15.891665
2016-06-01,19.358246,19.073923,19.333876,15.925117
2016-06-02,19.374493,19.220146,19.374493,15.958573
2016-06-03,19.155157,18.895206,19.098293,15.731065
2016-06-06,19.301380,19.090172,19.212023,15.824747
2016-06-07,19.285133,19.155157,19.171406,15.791286
2016-06-08,19.236393,19.138910,19.187653,15.804672
2016-06-09,19.106419,18.952070,19.049553,15.690922
2016-06-10,18.903332,18.757109,18.813972,15.496881
2016-06-13,18.927702,18.675873,18.683996,15.389815
2016-06-14,18.708366,18.310316,18.407799,15.162314
2016-06-15,18.643379,18.415922,18.432169,15.182388
2016-06-16,18.497156,18.180342,18.480909,15.222538
2016-06-17,18.456539,18.285946,18.367182,15.209760
2016-06-20,18.757109,18.464663,18.472786,15.297212
2016-06-21,18.619009,18.464663,18.578392,15.384659
2016-06-22,18.716492,18.521526,18.562145,15.371199
2016-06-23,18.952070,18.773355,18.952070,15.694098
2016-06-24,18.350933,17.871649,17.936638,14.853223
2016-06-27,17.692932,17.319254,17.424858,14.429427
2016-06-28,17.871649,17.587326,17.871649,14.799409
2016-06-29,18.277822,17.985378,18.277822,15.135756
2016-06-30,18.570269,18.245329,18.570269,15.377928
2016-07-01,18.602762,18.440292,18.472786,15.297212
2016-07-05,18.342812,18.107229,18.196589,15.068488
2016-07-06,18.269699,18.001625,18.245329,15.108849
2016-07-07,18.424046,18.180342,18.269699,15.129032
2016-07-08,18.643379,18.497156,18.619009,15.418292
2016-07-11,18.781479,18.659626,18.724613,15.505739
2016-07-12,18.984566,18.838343,18.960196,15.700826
2016-07-13,19.000813,18.854589,18.960196,15.700826
2016-07-14,19.333876,19.090172,19.138910,15.848824
2016-07-15,19.228270,18.984566,19.106419,15.821917
2016-07-18,19.195776,19.098293,19.171406,15.875727
2016-07-19,19.187653,19.057676,19.179529,15.882459
2016-07-20,19.252640,19.130789,19.212023,15.909366
2016-07-21,19.220146,19.090172,19.114540,15.828646
2016-07-22,19.244516,19.106419,19.236393,15.929543
2016-07-25,19.244516,19.138910,19.195776,15.895905
2016-07-26,19.236393,19.130789,19.212023,15.909366
2016-07-27,19.260763,19.138910,19.203899,15.902640
2016-07-28,19.285133,19.090172,19.244516,15.936270
2016-07-29,19.301380,19.171406,19.212023,15.909366
2016-08-01,19.309504,19.122665,19.163282,15.869003
2016-08-02,19.179529,18.952070,19.000813,15.734461
2016-08-03,19.203899,19.000813,19.195776,15.895905
2016-08-04,19.212023,19.106419,19.147036,15.855550
2016-08-05,19.512590,19.293259,19.512590,16.158270
2016-08-08,19.593826,19.480097,19.536963,16.178446
2016-08-09,19.585703,19.504469,19.553209,16.191900
2016-08-10,19.569456,19.366369,19.398863,16.064083
2016-08-11,19.488220,19.366369,19.439480,16.097719
2016-08-12,19.415110,19.301380,19.382616,16.050632
2016-08-15,19.528837,19.439480,19.512590,16.158270
2016-08-16,19.512590,19.415110,19.463852,16.117897
2016-08-17,19.536963,19.415110,19.528837,16.171715
2016-08-18,19.553209,19.455727,19.512590,16.158270
2016-08-19,19.520716,19.382616,19.504469,16.151539
2016-08-22,19.520716,19.423233,19.504469,16.151539
2016-08-23,19.626320,19.528837,19.528837,16.171715
2016-08-24,19.585703,19.471973,19.520716,16.164991
2016-08-25,19.593826,19.471973,19.561333,16.198620
2016-08-26,19.731924,19.463852,19.585703,16.218807
2016-08-29,19.829407,19.610073,19.756296,16.360071
2016-08-30,19.935013,19.764420,19.935013,16.508070
2016-08-31,19.967506,19.788790,19.951260,16.521524
2016-09-01,20.016247,19.715677,19.870024,16.454247
2016-09-02,20.016247,19.870024,19.959383,16.528248
2016-09-06,19.983753,19.772543,19.926889,16.501341
2016-09-07,19.943136,19.813160,19.918764,16.494614
2016-09-08,19.975630,19.861900,19.902517,16.481153
2016-09-09,19.861900,19.528837,19.528837,16.171715
2016-09-12,19.821283,19.350122,19.748173,16.353346
2016-09-13,19.569456,19.325750,19.398863,16.064083
2016-09-14,19.528837,19.293259,19.350122,16.023716
2016-09-15,19.520716,19.268887,19.463852,16.117897
2016-09-16,19.301380,19.130789,19.187653,15.965143
2016-09-19,19.450001,19.180000,19.309999,16.066946
2016-09-20,19.480000,19.290001,19.320000,16.075268
2016-09-21,19.459999,19.250000,19.440001,16.175112
2016-09-22,19.559999,19.440001,19.480000,16.208393
2016-09-23,19.510000,19.350000,19.379999,16.125183
2016-09-26,19.270000,19.020000,19.070000,15.867256
2016-09-27,19.240000,18.940001,19.219999,15.992057
2016-09-28,19.340000,19.120001,19.309999,16.066946
2016-09-29,19.400000,18.940001,19.040001,15.842288
2016-09-30,19.400000,19.110001,19.299999,16.058620
2016-10-03,19.309999,19.160000,19.209999,15.983743
2016-10-04,19.430000,19.190001,19.290001,16.050297
2016-10-05,19.639999,19.340000,19.600000,16.308237
2016-10-06,19.660000,19.459999,19.629999,16.333197
2016-10-07,19.660000,19.490000,19.620001,16.324875
2016-10-10,19.809999,19.700001,19.719999,16.408087
2016-10-11,19.719999,19.410000,19.540001,16.258322
2016-10-12,19.650000,19.490000,19.520000,16.241678
2016-10-13,19.370001,19.110001,19.330000,16.083586
2016-10-14,19.620001,19.360001,19.420000,16.158466
2016-10-17,19.469999,19.280001,19.330000,16.083586
2016-10-18,19.549999,19.410000,19.490000,16.216713
2016-10-19,19.709999,19.530001,19.660000,16.358162
2016-10-20,19.780001,19.580000,19.660000,16.358162
2016-10-21,19.670000,19.469999,19.650000,16.349840
2016-10-24,19.809999,19.700001,19.709999,16.399761
2016-10-25,19.760000,19.639999,19.690001,16.383123
2016-10-26,19.840000,19.580000,19.809999,16.482969
2016-10-27,19.950001,19.770000,19.860001,16.524578
2016-10-28,19.920000,19.620001,19.770000,16.449690
2016-10-31,19.870001,19.740000,19.740000,16.424726
2016-11-01,19.860001,19.500000,19.660000,16.358162
2016-11-02,19.629999,19.440001,19.530001,16.249994
2016-11-03,19.730000,19.520000,19.549999,16.266630
2016-11-04,19.650000,19.400000,19.490000,16.216713
2016-11-07,19.990000,19.799999,19.980000,16.624422
2016-11-08,20.090000,19.790001,19.990000,16.632746
2016-11-09,20.940001,20.110001,20.840000,17.339985
2016-11-10,21.700001,21.080000,21.610001,17.980663
2016-11-11,21.700001,21.400000,21.670000,18.030594
2016-11-14,22.330000,21.850000,22.200001,18.471569
2016-11-15,22.200001,21.790001,22.180000,18.454933
2016-11-16,22.030001,21.799999,21.860001,18.188677
2016-11-17,22.180000,21.809999,22.160000,18.438299
2016-11-18,22.240000,22.059999,22.160000,18.438299
2016-11-21,22.299999,22.090000,22.240000,18.504858
2016-11-22,22.350000,22.120001,22.250000,18.513180
2016-11-23,22.410000,22.170000,22.379999,18.621347
2016-11-25,22.450001,22.320000,22.410000,18.646311
2016-11-28,22.379999,22.090000,22.150000,18.429968
2016-11-29,22.280001,22.110001,22.209999,18.479895
2016-11-30,22.570000,22.430000,22.510000,18.729517
2016-12-01,22.950001,22.600000,22.900000,19.054010
2016-12-02,22.850000,22.549999,22.650000,18.846003
2016-12-05,23.000000,22.790001,22.920000,19.070660
2016-12-06,23.139999,22.840000,23.120001,19.237070
2016-12-07,23.500000,23.100000,23.480000,19.536600
2016-12-08,23.840000,23.469999,23.700001,19.719660
2016-12-09,23.750000,23.530001,23.750000,19.761257
2016-12-12,23.780001,23.459999,23.520000,19.569887
2016-12-13,23.719999,23.379999,23.580000,19.619812
2016-12-14,23.830000,23.309999,23.469999,19.528284
2016-12-15,23.870001,23.500000,23.670000,19.694693
2016-12-16,23.690001,23.330000,23.360001,19.525024
2016-12-19,23.430000,23.180000,23.370001,19.533377
2016-12-20,23.660000,23.510000,23.660000,19.775774
2016-12-21,23.670000,23.520000,23.600000,19.725628
2016-12-22,23.590000,23.459999,23.540001,19.675468
2016-12-23,23.580000,23.469999,23.580000,19.708902
2016-12-27,23.639999,23.580000,23.610001,19.733978
2016-12-28,23.670000,23.350000,23.370001,19.533377
2016-12-29,23.430000,23.100000,23.200001,19.391285
2016-12-30,23.330000,23.170000,23.250000,19.433075
2017-01-03,23.670000,23.260000,23.510000,19.650400
2017-01-04,23.730000,23.510000,23.700001,19.809206
2017-01-05,23.660000,23.240000,23.459999,19.608603
2017-01-06,23.639999,23.420000,23.540001,19.675468
2017-01-09,23.530001,23.330000,23.379999,19.541735
2017-01-10,23.629999,23.309999,23.430000,19.583529
2017-01-11,23.580000,23.299999,23.580000,19.708902
2017-01-12,23.500000,23.180000,23.379999,19.541735
2017-01-13,23.790001,23.410000,23.510000,19.650400
2017-01-17,23.350000,22.940001,22.950001,19.182337
2017-01-18,23.170000,22.850000,23.139999,19.341137
2017-01-19,23.250000,22.959999,23.040001,19.257553
2017-01-20,23.230000,23.030001,23.150000,19.349497
2017-01-23,23.190001,22.920000,23.000000,19.224125
2017-01-24,23.379999,23.010000,23.290001,19.466515
2017-01-25,23.690001,23.430000,23.680000,19.792484
2017-01-26,23.799999,23.610001,23.740000,19.842638
2017-01-27,23.750000,23.580000,23.650000,19.767408
2017-01-30,23.510000,23.250000,23.459999,19.608603
2017-01-31,23.520000,23.180000,23.309999,19.483231
2017-02-01,23.610001,23.270000,23.340000,19.508307
2017-02-02,23.360001,23.100000,23.250000,19.433075
2017-02-03,23.740000,23.440001,23.719999,19.825914
2017-02-06,23.780001,23.559999,23.610001,19.733978
2017-02-07,23.760000,23.520000,23.549999,19.683832
2017-02-08,23.549999,23.280001,23.389999,19.550091
2017-02-09,23.740000,23.330000,23.709999,19.817558
2017-02-10,23.860001,23.690001,23.780001,19.876070
2017-02-13,24.160000,23.889999,24.049999,20.101748
2017-02-14,24.360001,23.990000,24.330000,20.335777
2017-02-15,24.570000,24.270000,24.520000,20.494583
2017-02-16,24.530001,24.309999,24.459999,20.444437
2017-02-17,24.469999,24.250000,24.469999,20.452791
2017-02-21,24.650000,24.510000,24.590000,20.553093
2017-02-22,24.680000,24.450001,24.610001,20.569809
2017-02-23,24.670000,24.469999,24.610001,20.569809
2017-02-24,24.480000,24.309999,24.420000,20.411003
2017-02-27,24.600000,24.440001,24.549999,20.519661
2017-02-28,24.549999,24.379999,24.540001,20.511299
2017-03-01,25.290001,24.980000,25.240000,21.096380
2017-03-02,25.299999,24.840000,24.850000,20.770414
2017-03-03,25.030001,24.860001,24.969999,20.870708
2017-03-06,24.860001,24.670000,24.780001,20.711901
2017-03-07,24.820000,24.650000,24.709999,20.653395
2017-03-08,25.059999,24.709999,24.719999,20.661751
2017-03-09,24.940001,24.700001,24.809999,20.736980
2017-03-10,24.950001,24.629999,24.790001,20.720261
2017-03-13,24.879999,24.700001,24.850000,20.770414
2017-03-14,24.799999,24.600000,24.780001,20.711901
2017-03-15,24.920000,24.629999,24.740000,20.678469
2017-03-16,24.969999,24.770000,24.780001,20.711901
2017-03-17,24.760000,24.450001,24.450001,20.508909
2017-03-20,24.469999,24.250000,24.250000,20.341148
2017-03-21,24.379999,23.510000,23.570000,19.770760
2017-03-22,23.629999,23.230000,23.520000,19.728809
2017-03-23,23.840000,23.440001,23.570000,19.770760
2017-03-24,23.730000,23.379999,23.540001,19.745592
2017-03-27,23.459999,22.980000,23.450001,19.670099
2017-03-28,23.860001,23.370001,23.770000,19.938519
2017-03-29,23.770000,23.600000,23.620001,19.812696
2017-03-30,23.990000,23.610001,23.930000,20.072723
2017-03-31,23.910000,23.730000,23.730000,19.904970
2017-04-03,23.830000,23.400000,23.680000,19.863020
2017-04-04,23.700001,23.540001,23.650000,19.837858
2017-04-05,23.959999,23.469999,23.469999,19.686874
2017-04-06,23.719999,23.330000,23.620001,19.812696
2017-04-07,23.680000,23.400000,23.520000,19.728809
2017-04-10,23.670000,23.379999,23.459999,19.678484
2017-04-11,23.430000,23.150000,23.389999,19.619768
2017-04-12,23.379999,23.139999,23.200001,19.460394
2017-04-13,23.370001,22.900000,22.900000,19.208755
2017-04-17,23.309999,22.889999,23.299999,19.544281
2017-04-18,23.250000,22.940001,23.080000,19.359741
2017-04-19,23.320000,22.980000,23.010000,19.301023
2017-04-20,23.450001,23.090000,23.400000,19.628159
2017-04-21,23.430000,23.150000,23.160000,19.426844
2017-04-24,23.809999,23.590000,23.680000,19.863020
2017-04-25,24.010000,23.860001,23.889999,20.039177
2017-04-26,24.090000,23.820000,23.870001,20.022398
2017-04-27,23.920000,23.620001,23.760000,19.930130
2017-04-28,23.790001,23.530001,23.530001,19.737209
2017-05-01,23.799999,23.549999,23.680000,19.863020
2017-05-02,23.709999,23.520000,23.650000,19.837858
2017-05-03,23.840000,23.549999,23.840000,19.997240
2017-05-04,24.070000,23.780001,23.879999,20.030788
2017-05-05,23.959999,23.760000,23.840000,19.997240
2017-05-08,23.910000,23.780001,23.820000,19.980455
2017-05-09,23.959999,23.650000,23.730000,19.904970
2017-05-10,23.809999,23.650000,23.809999,19.972075
2017-05-11,23.760000,23.469999,23.660000,19.846252
2017-05-12,23.570000,23.430000,23.559999,19.762362
2017-05-15,23.790001,23.600000,23.740000,19.913357
2017-05-16,23.830000,23.670000,23.809999,19.972075
2017-05-17,23.490000,22.969999,23.059999,19.342960
2017-05-18,23.290001,23.000000,23.150000,19.418459
2017-05-19,23.480000,23.180000,23.350000,19.586220
2017-05-22,23.480000,23.250000,23.410000,19.636551
2017-05-23,23.660000,23.320000,23.590000,19.787531
2017-05-24,23.639999,23.480000,23.580000,19.779144
2017-05-25,23.730000,23.559999,23.620001,19.812696
2017-05-26,23.680000,23.559999,23.610001,19.804308
2017-05-30,23.570000,23.400000,23.450001,19.670099
2017-05-31,23.459999,23.100000,23.250000,19.502340
2017-06-01,23.559999,23.219999,23.540001,19.745592
2017-06-02,23.570000,23.320000,23.450001,19.670099
2017-06-05,23.639999,23.459999,23.490000,19.703653
2017-06-06,23.450001,23.260000,23.389999,19.619768
2017-06-07,23.629999,23.389999,23.570000,19.770760
2017-06-08,24.010000,23.549999,23.840000,19.997240
2017-06-09,24.330000,23.969999,24.290001,20.374697
2017-06-12,24.510000,24.200001,24.340000,20.416641
2017-06-13,24.549999,24.400000,24.469999,20.525686
2017-06-14,24.540001,24.129999,24.510000,20.559240
2017-06-15,24.540001,24.309999,24.410000,20.475359
2017-06-16,24.370001,24.219999,24.290001,20.452625
2017-06-19,24.590000,24.420000,24.540001,20.663132
2017-06-20,24.480000,24.320000,24.330000,20.486303
2017-06-21,24.370001,24.120001,24.129999,20.317900
2017-06-22,24.110001,23.950001,23.980000,20.191601
2017-06-23,24.090000,23.809999,23.889999,20.115814
2017-06-26,24.120001,23.860001,24.020000,20.225275
2017-06-27,24.320000,24.049999,24.139999,20.326319
2017-06-28,24.559999,24.280001,24.520000,20.646288
2017-06-29,25.020000,24.510000,24.690001,20.789433
2017-06-30,24.879999,24.620001,24.670000,20.772589
2017-07-03,25.190001,24.780001,25.030001,21.075714
2017-07-05,25.129999,24.920000,25.070000,21.109396
2017-07-06,25.170000,24.879999,24.879999,20.949419
2017-07-07,25.100000,24.879999,25.049999,21.092558
2017-07-10,25.080000,24.930000,25.020000,21.067307
2017-07-11,25.010000,24.730000,24.799999,20.882051
2017-07-12,24.900000,24.730000,24.879999,20.949419
2017-07-13,25.030001,24.860001,25.030001,21.075714
2017-07-14,24.959999,24.590000,24.920000,20.983091
2017-07-17,24.900000,24.740000,24.840000,20.915728
2017-07-18,24.840000,24.639999,24.799999,20.882051
2017-07-19,24.920000,24.719999,24.809999,20.890469
2017-07-20,24.940001,24.750000,24.799999,20.882051
2017-07-21,24.879999,24.730000,24.799999,20.882051
2017-07-24,24.940001,24.790001,24.910000,20.974672
2017-07-25,25.320000,25.150000,25.219999,21.235701
2017-07-26,25.290001,24.990000,25.049999,21.092558
2017-07-27,25.110001,24.799999,24.910000,20.974672
2017-07-28,24.980000,24.770000,24.910000,20.974672
2017-07-31,25.180000,24.969999,25.090000,21.126238
2017-08-01,25.290001,25.139999,25.270000,21.277803
2017-08-02,25.330000,25.180000,25.309999,21.311489
2017-08-03,25.309999,25.180000,25.219999,21.235701
2017-08-04,25.490000,25.340000,25.389999,21.378839
2017-08-07,25.400000,25.309999,25.350000,21.345163
2017-08-08,25.590000,25.270000,25.280001,21.286219
2017-08-09,25.299999,25.070000,25.280001,21.286219
2017-08-10,25.180000,24.830000,24.830000,20.907314
2017-08-11,24.959999,24.670000,24.730000,20.823111
2017-08-14,25.139999,24.920000,25.070000,21.109396
2017-08-15,25.309999,25.090000,25.090000,21.126238
2017-08-16,25.240000,25.000000,25.040001,21.084135
2017-08-17,25.020000,24.600000,24.610001,20.722071
2017-08-18,24.799999,24.480000,24.620001,20.730492
2017-08-21,24.629999,24.450001,24.549999,20.671543
2017-08-22,24.840000,24.620001,24.820000,20.898891
2017-08-23,24.879999,24.620001,24.740000,20.831532
2017-08-24,24.850000,24.690001,24.740000,20.831532
2017-08-25,24.920000,24.780001,24.809999,20.890469
2017-08-28,24.840000,24.590000,24.650000,20.755749
2017-08-29,24.610001,24.350000,24.570000,20.688387
2017-08-30,24.780001,24.590000,24.670000,20.772589
2017-08-31,24.780001,24.620001,24.700001,20.797848
2017-09-01,24.910000,24.670000,24.770000,20.856792
2017-09-05,24.620001,24.170000,24.240000,20.410522
2017-09-06,24.420000,24.219999,24.299999,20.461044
2017-09-07,24.360001,23.790001,23.879999,20.107395
2017-09-08,24.190001,23.850000,24.100000,20.292641
2017-09-11,24.590000,24.330000,24.520000,20.646288
2017-09-12,24.830000,24.590000,24.809999,20.890469
2017-09-13,24.860001,24.680000,24.850000,20.924152
2017-09-14,24.920000,24.750000,24.799999,20.882051
2017-09-15,24.790001,24.629999,24.770000,20.943777
2017-09-18,25.070000,24.840000,25.059999,21.188978
2017-09-19,25.309999,25.020000,25.250000,21.349630
2017-09-20,25.490000,25.150000,25.400000,21.476460
2017-09-21,25.520000,25.320000,25.459999,21.527189
2017-09-22,25.459999,25.290001,25.430000,21.501822
2017-09-25,25.490000,25.230000,25.400000,21.476460
2017-09-26,25.480000,25.320000,25.389999,21.468004
2017-09-27,25.830000,25.600000,25.700001,21.730122
2017-09-28,25.799999,25.610001,25.740000,21.763947
2017-09-29,25.860001,25.700001,25.860001,21.865402
2017-10-02,26.080000,25.809999,26.080000,22.051422
2017-10-03,26.170000,26.010000,26.170000,22.127527
2017-10-04,26.180000,26.040001,26.049999,22.026056
2017-10-05,26.410000,26.010000,26.320000,22.254349
2017-10-06,26.459999,26.209999,26.350000,22.279716
2017-10-09,26.420000,26.190001,26.250000,22.195160
2017-10-10,26.370001,26.219999,26.370001,22.296625
2017-10-11,26.350000,26.209999,26.320000,22.254349
2017-10-12,26.400000,26.090000,26.120001,22.085245
2017-10-13,26.219999,25.889999,26.129999,22.093695
2017-10-16,26.309999,26.139999,26.299999,22.237438
2017-10-17,26.400000,26.110001,26.170000,22.127527
2017-10-18,26.350000,26.170000,26.309999,22.245895
2017-10-19,26.340000,26.080000,26.330000,22.262804
2017-10-20,26.660000,26.520000,26.639999,22.524918
2017-10-23,26.700001,26.559999,26.620001,22.508005
2017-10-24,26.860001,26.690001,26.809999,22.668659
2017-10-25,26.920000,26.500000,26.650000,22.533373
2017-10-26,26.920000,26.750000,26.799999,22.660204
2017-10-27,26.830000,26.610001,26.780001,22.643291
2017-10-30,26.790001,26.600000,26.670000,22.550282
2017-10-31,26.770000,26.570000,26.600000,22.491100
2017-11-01,26.830000,26.610001,26.639999,22.524918
2017-11-02,26.930000,26.540001,26.889999,22.736300
2017-11-03,26.820000,26.700001,26.780001,22.643291
2017-11-06,26.799999,26.660000,26.750000,22.617928
2017-11-07,26.850000,26.309999,26.379999,22.305079
2017-11-08,26.340000,26.160000,26.250000,22.195160
2017-11-09,26.250000,25.889999,26.160000,22.119062
2017-11-10,26.230000,26.059999,26.080000,22.051422
2017-11-13,26.180000,25.900000,26.120001,22.085245
2017-11-14,26.120001,25.930000,26.110001,22.076788
2017-11-15,26.270000,25.860001,26.180000,22.135975
2017-11-16,26.360001,26.170000,26.190001,22.144430
2017-11-17,26.219999,26.030001,26.160000,22.119062
2017-11-20,26.320000,26.129999,26.280001,22.220531
2017-11-21,26.400000,26.299999,26.360001,22.288172
2017-11-22,26.430000,26.230000,26.230000,22.178249
2017-11-24,26.379999,26.200001,26.219999,22.169792
2017-11-27,26.340000,26.180000,26.200001,22.152885
2017-11-28,26.910000,26.209999,26.879999,22.727844
2017-11-29,27.520000,27.070000,27.340000,23.116789
2017-11-30,27.879999,27.379999,27.520000,23.268984
2017-12-01,27.709999,26.950001,27.580000,23.319717
2017-12-04,28.200001,28.000000,28.000000,23.674839
2017-12-05,28.150000,27.780001,27.850000,23.548004
2017-12-06,27.910000,27.670000,27.750000,23.463457
2017-12-07,27.940001,27.580000,27.840000,23.539560
2017-12-08,28.010000,27.780001,28.010000,23.683294
2017-12-11,28.049999,27.860001,27.940001,23.624107
2017-12-12,28.330000,27.959999,28.219999,23.860855
2017-12-13,28.250000,27.850000,27.870001,23.564919
2017-12-14,28.010000,27.660000,27.690001,23.412724
2017-12-15,28.000000,27.629999,27.809999,23.623386
2017-12-18,28.200001,27.990000,28.059999,23.835747
2017-12-19,28.240000,27.940001,27.940001,23.733818
2017-12-20,28.219999,27.870001,27.889999,23.691345
2017-12-21,28.209999,28.010000,28.129999,23.895212
2017-12-22,28.250000,27.920000,28.049999,23.827253
2017-12-26,28.139999,27.860001,27.969999,23.759296
2017-12-27,28.010000,27.910000,28.000000,23.784784
2017-12-28,28.120001,28.000000,28.110001,23.878225
2017-12-29,28.200001,27.910000,27.910000,23.708332
2018-01-02,28.090000,27.790001,27.920000,23.716835
2018-01-03,28.090000,27.879999,28.070000,23.844248
2018-01-04,28.540001,28.180000,28.330000,24.065105
2018-01-05,28.480000,28.230000,28.410000,24.133062
2018-01-08,28.430000,28.270000,28.370001,24.099085
2018-01-09,28.740000,28.440001,28.590000,24.285963
2018-01-10,28.950001,28.629999,28.830000,24.489840
2018-01-11,29.000000,28.809999,28.969999,24.608759
2018-01-12,29.250000,28.959999,29.230000,24.829617
2018-01-16,29.530001,28.990000,29.150000,24.761654
2018-01-17,29.450001,28.990000,29.370001,24.948542
2018-01-18,29.480000,29.290001,29.330000,24.914560
2018-01-19,29.549999,29.370001,29.540001,25.092949
2018-01-22,29.790001,29.510000,29.780001,25.296822
2018-01-23,29.860001,29.570000,29.809999,25.322300
2018-01-24,30.080000,29.770000,30.010000,25.492191
2018-01-25,30.129999,29.850000,29.950001,25.441223
2018-01-26,30.180000,29.900000,30.170000,25.628107
2018-01-29,30.330000,30.030001,30.049999,25.526176
2018-01-30,30.020000,29.660000,29.660000,25.194880
2018-01-31,29.889999,29.639999,29.740000,25.262842
2018-02-01,30.049999,29.670000,30.020000,25.500685
2018-02-02,30.040001,29.340000,29.360001,24.940048
2018-02-05,29.209999,27.600000,27.879999,23.682844
2018-02-06,28.459999,27.170000,28.389999,24.116074
2018-02-07,28.809999,28.219999,28.410000,24.133062
2018-02-08,28.510000,27.139999,27.160000,23.071247
2018-02-09,27.889999,26.760000,27.680000,23.512959
2018-02-12,28.350000,27.709999,28.070000,23.844248
2018-02-13,28.250000,27.830000,28.190001,23.946182
2018-02-14,28.870001,28.070000,28.860001,24.515320
2018-02-15,29.139999,28.700001,29.020000,24.651226
2018-02-16,29.230000,28.840000,28.980000,24.617247
2018-02-20,29.209999,28.799999,28.889999,24.540802
2018-02-21,29.400000,28.870001,28.930000,24.574781
2018-02-22,29.160000,28.620001,28.690001,24.370907
2018-02-23,29.120001,28.770000,29.120001,24.736179
2018-02-26,29.559999,29.139999,29.559999,25.109934
2018-02-27,29.770000,29.260000,29.280001,24.872093
2018-02-28,29.540001,28.870001,28.870001,24.523813
2018-03-01,29.110001,28.209999,28.370001,24.099085
2018-03-02,28.520000,27.889999,28.440001,24.158548
2018-03-05,29.000000,28.209999,28.840000,24.498329
2018-03-06,29.020000,28.660000,28.959999,24.600260
2018-03-07,28.969999,28.570000,28.910000,24.557793
2018-03-08,29.040001,28.690001,29.000000,24.634243
2018-03-09,29.719999,29.190001,29.700001,25.228867
2018-03-12,29.809999,29.549999,29.600000,25.143917
2018-03-13,29.770000,29.200001,29.270000,24.863598
2018-03-14,29.400000,28.850000,28.940001,24.583273
2018-03-15,29.110001,28.860001,28.950001,24.591766
2018-03-16,29.150000,28.870001,28.870001,24.613083
2018-03-19,28.930000,28.389999,28.660000,24.434042
2018-03-20,28.850000,28.660000,28.730000,24.493727
2018-03-21,29.100000,28.620001,28.719999,24.485197
2018-03-22,28.450001,27.559999,27.660000,23.581499
2018-03-23,27.730000,26.770000,26.820000,22.865362
2018-03-26,27.770000,27.100000,27.690001,23.607071
2018-03-27,27.900000,26.930000,27.150000,23.146696
2018-03-28,27.469999,26.850000,27.200001,23.189323
2018-03-29,27.760000,27.200001,27.570000,23.504765
2018-04-02,27.600000,26.549999,26.959999,22.984711
2018-04-03,27.389999,26.889999,27.330000,23.300159
2018-04-04,27.700001,26.820000,27.620001,23.547398
2018-04-05,28.040001,27.750000,27.840000,23.734961
2018-04-06,27.700001,26.920000,27.170000,23.163750
2018-04-09,27.870001,27.270000,27.320000,23.291628
2018-04-10,27.889999,27.549999,27.730000,23.641176
2018-04-11,27.610001,27.330000,27.400000,23.359837
2018-04-12,28.059999,27.590000,27.879999,23.769054
2018-04-13,28.240000,27.309999,27.459999,23.410992
2018-04-16,27.780001,27.500000,27.580000,23.513288
2018-04-17,27.850000,27.480000,27.580000,23.513288
2018-04-18,27.760000,27.389999,27.450001,23.402458
2018-04-19,27.930000,27.480000,27.870001,23.760534
2018-04-20,28.040001,27.760000,27.879999,23.769054
2018-04-23,27.990000,27.760000,27.850000,23.743483
2018-04-24,28.170000,27.480000,27.670000,23.590021
2018-04-25,27.790001,27.370001,27.650000,23.572971
2018-04-26,27.809999,27.520000,27.660000,23.581499
2018-04-27,27.770000,27.570000,27.700001,23.615597
2018-04-30,27.920000,27.440001,27.450001,23.402458
2018-05-01,27.480000,27.170000,27.459999,23.410992
2018-05-02,27.469999,27.110001,27.150000,23.146696
2018-05-03,27.059999,26.459999,26.920000,22.950607
2018-05-04,27.420000,26.670000,27.270000,23.249002
2018-05-07,27.559999,27.260000,27.450001,23.402458
2018-05-08,27.830000,27.459999,27.639999,23.564445
2018-05-09,28.120001,27.670000,28.049999,23.913988
2018-05-10,28.340000,27.959999,28.280001,24.110077
2018-05-11,28.450001,28.200001,28.260000,24.093025
2018-05-14,28.389999,28.190001,28.240000,24.075974
2018-05-15,28.340000,28.080000,28.190001,24.033350
2018-05-16,28.320000,28.100000,28.240000,24.075974
2018-05-17,28.280001,28.000000,28.180000,24.024820
2018-05-18,28.190001,27.940001,27.950001,23.828735
2018-05-21,28.260000,28.100000,28.150000,23.999249
2018-05-22,28.500000,28.170000,28.340000,24.161232
2018-05-23,28.240000,27.860001,28.160000,24.007776
2018-05-24,28.090000,27.660000,27.940001,23.820213
2018-05-25,27.900000,27.719999,27.850000,23.743483
2018-05-29,27.500000,26.719999,26.920000,22.950607
2018-05-30,27.520000,27.110001,27.410000,23.368370
2018-05-31,27.389999,27.100000,27.180000,23.172274
2018-06-01,27.629999,27.400000,27.480000,23.428041
2018-06-04,27.670000,27.520000,27.570000,23.504765
2018-06-05,27.520000,27.309999,27.450001,23.402458
2018-06-06,27.969999,27.580000,27.950001,23.828735
2018-06-07,28.180000,27.850000,28.040001,23.905466
2018-06-08,28.110001,27.860001,28.080000,23.939568
2018-06-11,28.270000,28.020000,28.020000,23.888411
2018-06-12,28.170000,27.809999,27.950001,23.828735
2018-06-13,28.180000,27.820000,27.850000,23.743483
2018-06-14,27.950001,27.510000,27.590000,23.521824
2018-06-15,27.559999,27.110001,27.469999,23.520966
2018-06-18,27.459999,27.139999,27.420000,23.478151
2018-06-19,27.420000,27.129999,27.350000,23.418211
2018-06-20,27.600000,27.250000,27.280001,23.358280
2018-06-21,27.360001,27.010000,27.200001,23.289780
2018-06-22,27.420000,27.049999,27.070000,23.178469
2018-06-25,27.000000,26.600000,26.780001,22.930155
2018-06-26,26.830000,26.520000,26.690001,22.853096
2018-06-27,26.879999,26.350000,26.360001,22.570536
2018-06-28,26.700001,26.309999,26.590000,22.767473
2018-06-29,27.070000,26.549999,26.590000,22.767473
2018-07-02,26.730000,26.350000,26.719999,22.878780
2018-07-03,26.870001,26.420000,26.480000,22.673283
2018-07-05,26.680000,26.450001,26.540001,22.724659
2018-07-06,26.780001,26.370001,26.670000,22.835968
2018-07-09,27.309999,26.780001,27.280001,23.358280
2018-07-10,27.389999,27.100000,27.180000,23.272655
2018-07-11,27.190001,26.990000,27.049999,23.161335
2018-07-12,27.240000,26.940001,27.100000,23.204157
2018-07-13,27.070000,26.700001,26.980000,23.101406
2018-07-16,27.480000,27.040001,27.459999,23.512402
2018-07-17,27.600000,27.340000,27.490000,23.538090
2018-07-18,27.980000,27.559999,27.930000,23.914833
2018-07-19,27.799999,27.469999,27.510000,23.555212
2018-07-20,27.639999,27.360001,27.559999,23.598026
2018-07-23,27.980000,27.549999,27.940001,23.923401
2018-07-24,28.190001,27.950001,28.020000,23.991896
2018-07-25,28.129999,27.850000,28.080000,24.043274
2018-07-26,28.260000,28.040001,28.070000,24.034714
2018-07-27,28.270000,27.969999,28.129999,24.086084
2018-07-30,28.360001,28.110001,28.150000,24.103209
2018-07-31,28.240000,27.889999,27.950001,23.931961
2018-08-01,28.270000,27.879999,27.950001,23.931961
2018-08-02,28.010000,27.680000,27.959999,23.940521
2018-08-03,28.120001,27.920000,28.120001,24.077522
2018-08-06,28.340000,28.100000,28.270000,24.205961
2018-08-07,28.559999,28.330000,28.400000,24.317263
2018-08-08,28.520000,28.340000,28.469999,24.377203
2018-08-09,28.469999,28.299999,28.299999,24.231646
2018-08-10,28.070000,27.830000,27.969999,23.949085
2018-08-13,28.040001,27.690001,27.700001,23.717892
2018-08-14,28.010000,27.719999,27.959999,23.940521
2018-08-15,27.879999,27.610001,27.740000,23.752150
2018-08-16,28.190001,27.870001,28.110001,24.068960
2018-08-17,28.209999,28.030001,28.170000,24.120335
2018-08-20,28.309999,28.129999,28.260000,24.197399
2018-08-21,28.510000,28.219999,28.370001,24.291574
2018-08-22,28.379999,28.230000,28.270000,24.205961
2018-08-23,28.290001,28.100000,28.139999,24.094645
2018-08-24,28.299999,28.190001,28.240000,24.180265
2018-08-27,28.719999,28.340000,28.620001,24.505644
2018-08-28,28.719999,28.540001,28.590000,24.479959
2018-08-29,28.660000,28.440001,28.580000,24.471390
2018-08-30,28.559999,28.309999,28.360001,24.283014
2018-08-31,28.350000,28.170000,28.330000,24.257334
2018-09-04,28.500000,28.200001,28.469999,24.377203
2018-09-05,28.639999,28.430000,28.490000,24.394333
2018-09-06,28.530001,28.270000,28.360001,24.283014
2018-09-07,28.440001,28.209999,28.330000,24.257334
2018-09-10,28.440001,28.270000,28.299999,24.231646
2018-09-11,28.410000,28.120001,28.330000,24.257334
2018-09-12,28.389999,28.049999,28.070000,24.034714
2018-09-13,28.280001,27.969999,28.030001,24.000458
2018-09-14,28.260000,28.059999,28.230000,24.171705
2018-09-17,28.309999,28.080000,28.110001,24.068960
2018-09-18,28.280001,28.059999,28.250000,24.188833
2018-09-19,28.820000,28.230000,28.730000,24.599833
2018-09-20,29.070000,28.870001,28.980000,24.813890
2018-09-21,29.000000,28.700001,28.740000,24.717564
2018-09-24,28.750000,28.400000,28.420000,24.442348
2018-09-25,28.549999,28.299999,28.309999,24.347750
2018-09-26,28.389999,27.900000,27.969999,24.055332
2018-09-27,28.100000,27.840000,27.870001,23.969334
2018-09-28,27.770000,27.540001,27.580000,23.719915
2018-10-01,27.889999,27.600000,27.690001,23.814518
2018-10-02,27.740000,27.469999,27.690001,23.814518
2018-10-03,28.070000,27.790001,27.950001,24.038134
2018-10-04,28.350000,27.920000,28.139999,24.201538
2018-10-05,28.309999,27.930000,28.000000,24.081131
2018-10-08,28.280001,27.900000,28.190001,24.244547
2018-10-09,28.200001,27.879999,28.080000,24.149940
2018-10-10,28.139999,27.209999,27.209999,23.401703
2018-10-11,27.219999,26.320000,26.400000,22.705070
2018-10-12,26.920000,26.030001,26.430000,22.730871
2018-10-15,26.629999,26.309999,26.309999,22.627668
2018-10-16,26.770000,26.309999,26.750000,23.006083
2018-10-17,27.190001,26.559999,27.020000,23.238287
2018-10-18,27.070000,26.490000,26.570000,22.851280
2018-10-19,26.879999,26.420000,26.670000,22.937279
2018-10-22,26.760000,26.100000,26.100000,22.447062
2018-10-23,26.040001,25.420000,25.889999,22.266447
2018-10-24,25.850000,25.139999,25.240000,21.707422
2018-10-25,25.840000,25.330000,25.629999,22.042837
2018-10-26,25.520000,25.020000,25.260000,21.724628
2018-10-29,25.930000,25.209999,25.480000,21.913830
2018-10-30,25.940001,25.440001,25.920000,22.292253
2018-10-31,26.610001,26.129999,26.280001,22.601864
2018-11-01,26.510000,26.219999,26.400000,22.705070
2018-11-02,26.809999,26.180000,26.379999,22.687870
2018-11-05,26.879999,26.490000,26.799999,23.049082
2018-11-06,26.940001,26.650000,26.940001,23.169489
2018-11-07,27.320000,26.820000,27.290001,23.470507
2018-11-08,27.520000,27.040001,27.370001,23.539312
2018-11-09,27.379999,26.980000,27.120001,23.324301
2018-11-12,27.180000,26.530001,26.580000,22.859879
2018-11-13,26.990000,26.600000,26.730000,22.988880
2018-11-14,26.980000,26.080000,26.370001,22.679270
2018-11-15,26.780001,26.030001,26.760000,23.014687
2018-11-16,26.910000,26.469999,26.790001,23.040485
2018-11-19,26.900000,26.540001,26.780001,23.031885
2018-11-20,26.580000,26.110001,26.190001,22.524458
2018-11-21,26.590000,26.129999,26.209999,22.541658
2018-11-23,26.219999,25.930000,26.000000,22.361052
2018-11-26,26.629999,26.260000,26.530001,22.816879
2018-11-27,26.629999,26.420000,26.549999,22.834076
2018-11-28,27.059999,26.400000,27.059999,23.272696
2018-11-29,27.010000,26.719999,26.830000,23.074886
2018-11-30,27.080000,26.709999,26.969999,23.195288
2018-12-03,27.469999,26.950001,27.139999,23.341497
2018-12-04,27.010000,25.830000,25.959999,22.326647
2018-12-06,25.610001,24.930000,25.600000,22.017035
2018-12-07,25.900000,24.990000,25.110001,21.595617
2018-12-10,25.080000,24.299999,24.760000,21.294601
2018-12-11,25.219999,24.430000,24.520000,21.088196
2018-12-12,25.020000,24.540001,24.660000,21.208599
2018-12-13,24.780001,24.389999,24.480000,21.053791
2018-12-14,24.580000,24.190001,24.240000,20.847378
2018-12-17,24.469999,23.889999,24.000000,20.640972
2018-12-18,24.400000,23.760000,23.910000,20.563564
2018-12-19,24.389999,23.420000,23.610001,20.305561
2018-12-20,23.750000,23.270000,23.400000,20.124945
2018-12-21,23.670000,22.740000,22.790001,19.722530
2018-12-24,22.750000,22.280001,22.309999,19.307146
2018-12-26,23.330000,22.049999,23.320000,20.181200
2018-12-27,23.600000,22.709999,23.600000,20.423510
2018-12-28,23.900000,23.490000,23.590000,20.414862
2018-12-31,23.920000,23.520000,23.820000,20.613901
2019-01-02,24.070000,23.400000,24.020000,20.786978
2019-01-03,23.900000,23.420000,23.480000,20.319658
2019-01-04,24.309999,23.820000,24.260000,20.994678
2019-01-07,24.510000,24.059999,24.290001,21.020638
2019-01-08,24.549999,24.030001,24.309999,21.037951
2019-01-09,24.520000,24.200001,24.430000,21.141792
2019-01-10,24.520000,24.209999,24.440001,21.150454
2019-01-11,24.549999,24.180000,24.500000,21.202375
2019-01-14,24.750000,24.230000,24.670000,21.349495
2019-01-15,24.930000,24.500000,24.889999,21.539883
2019-01-16,25.570000,25.110001,25.420000,21.998543
2019-01-17,25.650000,25.170000,25.559999,22.119701
2019-01-18,26.030001,25.530001,26.000000,22.500477
2019-01-22,25.910000,25.570000,25.700001,22.240860
2019-01-23,25.830000,25.440001,25.730000,22.266817
2019-01-24,25.860001,25.559999,25.790001,22.318750
2019-01-25,26.170000,25.900000,26.000000,22.500477
2019-01-28,25.950001,25.709999,25.920000,22.431250
2019-01-29,26.010000,25.820000,25.830000,22.353363
2019-01-30,26.139999,25.730000,25.980000,22.483170
2019-01-31,25.980000,25.719999,25.940001,22.448551
2019-02-01,26.170000,25.950001,26.049999,22.543749
2019-02-04,26.170000,25.920000,26.160000,22.638947
2019-02-05,26.230000,25.990000,26.090000,22.578365
2019-02-06,26.200001,25.969999,26.059999,22.552395
2019-02-07,26.049999,25.590000,25.799999,22.327402
2019-02-08,25.780001,25.340000,25.670000,22.214895
2019-02-11,25.799999,25.620001,25.750000,22.284124
2019-02-12,26.230000,25.930000,26.129999,22.612980
2019-02-13,26.430000,26.190001,26.200001,22.673563
2019-02-14,26.080000,25.730000,25.879999,22.396631
2019-02-15,26.430000,25.879999,26.430000,22.872601
2019-02-19,26.549999,26.219999,26.469999,22.907221
2019-02-20,26.650000,26.400000,26.639999,23.054338
2019-02-21,26.680000,26.410000,26.500000,22.933186
2019-02-22,26.580000,26.360001,26.459999,22.898567
2019-02-25,26.820000,26.540001,26.570000,22.993757
2019-02-26,26.690001,26.360001,26.490000,22.924526
2019-02-27,26.639999,26.410000,26.590000,23.011066
2019-02-28,26.650000,26.510000,26.520000,22.950493
2019-03-01,26.940001,26.610001,26.690001,23.097609
2019-03-04,26.940001,26.299999,26.520000,22.950493
2019-03-05,26.580000,26.219999,26.420000,22.863949
2019-03-06,26.510000,26.230000,26.250000,22.716833
2019-03-07,26.150000,25.830000,25.980000,22.483170
2019-03-08,25.990000,25.680000,25.969999,22.474510
2019-03-11,26.320000,25.980000,26.240000,22.708174
2019-03-12,26.389999,26.240000,26.299999,22.760094
2019-03-13,26.580000,26.320000,26.480000,22.915873
2019-03-14,26.680000,26.430000,26.580000,23.002415
2019-03-15,26.709999,26.430000,26.629999,23.163328
2019-03-18,26.980000,26.680000,26.900000,23.398184
2019-03-19,27.100000,26.620001,26.690001,23.215521
2019-03-20,26.639999,26.110001,26.139999,22.737118
2019-03-21,26.170000,25.780001,26.059999,22.667534
2019-03-22,25.889999,25.230000,25.340000,22.041262
2019-03-25,25.530001,25.080000,25.230000,21.945578
2019-03-26,25.590000,25.280001,25.530001,22.206533
2019-03-27,25.600000,25.299999,25.420000,22.110849
2019-03-28,25.650000,25.350000,25.639999,22.302208
2019-03-29,25.879999,25.610001,25.709999,22.363104
2019-04-01,26.360001,25.910000,26.340000,22.911083
2019-04-02,26.459999,26.230000,26.320000,22.893686
2019-04-03,26.620001,26.290001,26.400000,22.963266
2019-04-04,26.670000,26.400000,26.559999,23.102448
2019-04-05,26.700001,26.520000,26.600000,23.137236
2019-04-08,26.639999,26.469999,26.629999,23.163328
2019-04-09,26.510000,26.290001,26.410000,22.971970
2019-04-10,26.530001,26.280001,26.490000,23.041553
2019-04-11,26.750000,26.510000,26.650000,23.180723
2019-04-12,27.330000,26.900000,27.139999,23.606934
2019-04-15,27.160000,26.910000,26.969999,23.459070
2019-04-16,27.379999,27.010000,27.350000,23.789598
2019-04-17,27.459999,27.200001,27.420000,23.850491
2019-04-18,27.450001,27.299999,27.340000,23.780899
2019-04-22,27.340000,27.170000,27.260000,23.711323
2019-04-23,27.459999,27.139999,27.430000,23.859184
2019-04-24,27.520000,27.280001,27.400000,23.833097
2019-04-25,27.559999,27.200001,27.450001,23.876581
2019-04-26,27.719999,27.410000,27.700001,24.094038
2019-04-29,28.129999,27.730000,27.980000,24.337589
2019-04-30,28.059999,27.780001,28.020000,24.372379
2019-05-01,28.139999,27.770000,27.790001,24.172327
2019-05-02,27.950001,27.620001,27.820000,24.198420
2019-05-03,28.120001,27.889999,28.070000,24.415873
2019-05-06,27.980000,27.530001,27.879999,24.250601
2019-05-07,27.889999,27.230000,27.420000,23.850491
2019-05-08,27.590000,27.240000,27.360001,23.798298
2019-05-09,27.360001,26.900000,27.299999,23.746103
2019-05-10,27.530001,26.910000,27.480000,23.902678
2019-05-13,26.990000,26.590000,26.680000,23.206821
2019-05-14,27.120001,26.709999,26.889999,23.389477
2019-05-15,26.920000,26.520000,26.790001,23.302502
2019-05-16,27.209999,26.860001,27.059999,23.537346
2019-05-17,27.139999,26.750000,26.879999,23.380785
2019-05-20,27.030001,26.780001,26.910000,23.406883
2019-05-21,27.190001,27.020000,27.190001,23.650429
2019-05-22,27.110001,26.950001,27.030001,23.511259
2019-05-23,26.780001,26.420000,26.650000,23.180723
2019-05-24,26.870001,26.670000,26.860001,23.363392
2019-05-28,26.860001,26.549999,26.549999,23.093742
2019-05-29,26.549999,26.219999,26.500000,23.050255
2019-05-30,26.709999,26.280001,26.410000,22.971970
2019-05-31,26.200001,25.990000,26.010000,22.624037
2019-06-03,26.290001,25.920000,26.180000,22.771917
2019-06-04,26.920000,26.430000,26.889999,23.389477
2019-06-05,27.080000,26.709999,27.059999,23.537346
2019-06-06,27.270000,26.920000,27.160000,23.624334
2019-06-07,27.250000,27.080000,27.120001,23.589544
2019-06-10,27.549999,27.280001,27.350000,23.789598
2019-06-11,27.610001,27.280001,27.360001,23.798298
2019-06-12,27.379999,27.030001,27.090000,23.563448
2019-06-13,27.270000,27.070000,27.180000,23.641731
2019-06-14,27.330000,27.000000,27.240000,23.693920
2019-06-17,27.309999,26.959999,26.990000,23.476467
2019-06-18,27.459999,26.930000,27.350000,23.789598
2019-06-19,27.590000,27.270000,27.299999,23.746103
2019-06-20,27.530001,27.120001,27.420000,23.850491
2019-06-21,27.480000,27.180000,27.219999,23.797157
2019-06-24,27.360001,27.080000,27.110001,23.700996
2019-06-25,27.150000,26.889999,27.020000,23.622309
2019-06-26,27.209999,26.959999,26.969999,23.578594
2019-06-27,27.290001,27.070000,27.209999,23.788416
2019-06-28,27.700001,27.240000,27.600000,24.129383
2019-07-01,28.049999,27.780001,27.930000,24.417879
2019-07-02,27.980000,27.709999,27.860001,24.356678
2019-07-03,28.090000,27.870001,28.080000,24.549017
2019-07-05,28.270000,28.030001,28.160000,24.618959
2019-07-08,28.129999,27.940001,28.020000,24.496561
2019-07-09,28.120001,27.809999,28.070000,24.540272
2019-07-10,28.230000,27.930000,27.969999,24.452848
2019-07-11,28.170000,27.959999,28.129999,24.592726
2019-07-12,28.320000,28.100000,28.320000,24.758841
2019-07-15,28.350000,28.080000,28.160000,24.618959
2019-07-16,28.260000,28.030001,28.090000,24.557764
2019-07-17,28.080000,27.809999,27.850000,24.347942
2019-07-18,28.110001,27.780001,28.059999,24.531530
2019-07-19,28.180000,27.920000,27.940001,24.426624
2019-07-22,28.049999,27.830000,28.000000,24.479078
2019-07-23,28.330000,28.059999,28.290001,24.732613
2019-07-24,28.580000,28.209999,28.580000,24.986151
2019-07-25,28.610001,28.320000,28.379999,24.811295
2019-07-26,28.709999,28.379999,28.690001,25.082317
2019-07-29,28.719999,28.440001,28.469999,24.889973
2019-07-30,28.420000,28.190001,28.389999,24.820032
2019-07-31,28.530001,28.200001,28.250000,24.697638
2019-08-01,28.420000,27.570000,27.610001,24.138111
2019-08-02,27.740000,27.230000,27.600000,24.129383
2019-08-05,27.120001,26.480000,26.680000,23.325066
2019-08-06,27.129999,26.590000,27.110001,23.700996
2019-08-07,26.870001,26.240000,26.750000,23.386257
2019-08-08,27.270000,26.879999,27.260000,23.832130
2019-08-09,27.309999,26.900000,27.170000,23.753447
2019-08-12,26.950001,26.570000,26.650000,23.298830
2019-08-13,27.170000,26.500000,26.980000,23.587339
2019-08-14,26.520000,25.959999,25.980000,22.713085
2019-08-15,26.280001,25.920000,26.110001,22.826740
2019-08-16,26.639999,26.240000,26.570000,23.228893
2019-08-19,27.030001,26.790001,26.840000,23.464949
2019-08-20,26.740000,26.450001,26.480000,23.150215
2019-08-21,26.690001,26.530001,26.600000,23.255121
2019-08-22,26.850000,26.570000,26.780001,23.412497
2019-08-23,26.790001,25.920000,26.100000,22.817999
2019-08-26,26.370001,26.110001,26.350000,23.036562
2019-08-27,26.530001,26.030001,26.190001,22.896677
2019-08-28,26.469999,26.030001,26.430000,23.106497
2019-08-29,26.920000,26.620001,26.830000,23.456196
2019-08-30,27.059999,26.820000,26.920000,23.534882
2019-09-03,26.730000,26.410000,26.639999,23.290094
2019-09-04,26.950001,26.780001,26.900000,23.517399
2019-09-05,27.680000,27.270000,27.450001,23.998241
2019-09-06,27.559999,27.340000,27.440001,23.989498
2019-09-09,27.969999,27.570000,27.860001,24.356678
2019-09-10,28.080000,27.700001,27.959999,24.444107
2019-09-11,28.150000,27.730000,28.120001,24.583988
2019-09-12,28.379999,27.950001,28.270000,24.715120
2019-09-13,28.600000,28.360001,28.490000,24.907461
2019-09-16,28.430000,28.209999,28.389999,24.820032
2019-09-17,28.420000,28.190001,28.420000,24.846264
2019-09-18,28.590000,28.230000,28.520000,24.933685
2019-09-19,28.670000,28.379999,28.389999,24.820032
2019-09-20,28.400000,28.059999,28.080000,24.674173
2019-09-23,28.209999,27.889999,28.129999,24.718102
2019-09-24,28.270000,27.780001,27.860001,24.480854
2019-09-25,28.139999,27.809999,28.090000,24.682961
2019-09-26,28.080000,27.920000,27.959999,24.568722
2019-09-27,28.290001,27.920000,28.070000,24.665382
2019-09-30,28.170000,27.980000,28.000000,24.603870
2019-10-01,28.150000,27.410000,27.410000,24.085436
2019-10-02,27.250000,26.790001,26.850000,23.593359
2019-10-03,26.959999,26.450001,26.959999,23.690010
2019-10-04,27.480000,26.969999,27.459999,24.129374
2019-10-07,27.570000,27.290001,27.320000,24.006350
2019-10-08,27.059999,26.760000,26.780001,23.531847
2019-10-09,27.160000,26.930000,27.030001,23.751530
2019-10-10,27.510000,27.100000,27.309999,23.997559
2019-10-11,27.990000,27.639999,27.650000,24.296329
2019-10-14,27.750000,27.530001,27.690001,24.331472
2019-10-15,28.260000,27.740000,28.090000,24.682961
2019-10-16,28.160000,27.950001,28.020000,24.621449
2019-10-17,28.250000,27.969999,28.040001,24.639025
2019-10-18,28.219999,27.959999,28.110001,24.700535
2019-10-21,28.540001,28.340000,28.500000,25.043226
2019-10-22,28.610001,28.330000,28.420000,24.972929
2019-10-23,28.540001,28.350000,28.540001,25.078379
2019-10-24,28.620001,28.389999,28.500000,25.043226
2019-10-25,28.730000,28.230000,28.639999,25.166246
2019-10-28,28.920000,28.740000,28.790001,25.298054
2019-10-29,29.000000,28.700001,28.860001,25.359560
2019-10-30,28.920000,28.639999,28.840000,25.341988
2019-10-31,28.750000,28.469999,28.700001,25.218975
2019-11-01,29.150000,28.860001,29.120001,25.588030
2019-11-04,29.420000,29.290001,29.370001,25.807709
2019-11-05,29.620001,29.410000,29.480000,25.904362
2019-11-06,29.629999,29.420000,29.629999,26.036163
2019-11-07,30.030001,29.740000,29.850000,26.229481
2019-11-08,29.850000,29.639999,29.840000,26.220697
2019-11-11,29.820000,29.620001,29.760000,26.150398
2019-11-12,29.889999,29.690001,29.799999,26.185553
2019-11-13,29.709999,29.450001,29.610001,26.018599
2019-11-14,29.670000,29.469999,29.670000,26.071318
2019-11-15,29.799999,29.660000,29.750000,26.141619
2019-11-18,29.820000,29.660000,29.809999,26.194330
2019-11-19,29.969999,29.790001,29.870001,26.247057
2019-11-20,29.809999,29.520000,29.730000,26.124039
2019-11-21,29.840000,29.600000,29.700001,26.097685
2019-11-22,29.950001,29.740000,29.920000,26.290997
2019-11-25,30.150000,29.950001,30.110001,26.457951
2019-11-26,30.110001,29.930000,30.080000,26.431587
2019-11-27,30.209999,30.059999,30.200001,26.537031
2019-11-29,30.240000,30.090000,30.150000,26.493099
2019-12-02,30.260000,29.930000,29.959999,26.326147
2019-12-03,29.620001,29.350000,29.540001,25.957090
2019-12-04,29.900000,29.549999,29.820000,26.203127
2019-12-05,30.010000,29.830000,29.959999,26.326147
2019-12-06,30.459999,30.280001,30.360001,26.677628
2019-12-09,30.420000,30.280001,30.290001,26.616117
2019-12-10,30.360001,30.129999,30.299999,26.624908
2019-12-11,30.340000,30.200001,30.230000,26.563398
2019-12-12,30.910000,30.250000,30.820000,27.081835
2019-12-13,30.969999,30.530001,30.709999,26.985176
2019-12-16,31.020000,30.790001,30.820000,27.081835
2019-12-17,31.040001,30.830000,30.940001,27.187281
2019-12-18,31.040001,30.809999,30.809999,27.073050
2019-12-19,30.889999,30.770000,30.799999,27.064260
2019-12-20,30.879999,30.639999,30.680000,27.096060
2019-12-23,30.770000,30.570000,30.610001,27.034235
2019-12-24,30.690001,30.600000,30.680000,27.096060
2019-12-26,30.850000,30.709999,30.850000,27.246199
2019-12-27,30.910000,30.750000,30.770000,27.175543
2019-12-30,30.959999,30.650000,30.680000,27.096060
2019-12-31,30.790001,30.620001,30.780001,27.184376
2020-01-02,31.080000,30.799999,31.080000,27.449329
2020-01-03,30.879999,30.590000,30.750000,27.157881
2020-01-06,30.750000,30.459999,30.730000,27.140217
2020-01-07,30.709999,30.530001,30.530001,26.963575
2020-01-08,30.900000,30.559999,30.730000,27.140217
2020-01-09,30.980000,30.830000,30.920000,27.308020
2020-01-10,30.950001,30.650000,30.690001,27.104889
2020-01-13,30.930000,30.680000,30.900000,27.290356
2020-01-14,31.080000,30.799999,30.840000,27.237366
2020-01-15,30.790001,30.570000,30.670000,27.087221
2020-01-16,30.940001,30.750000,30.940001,27.325682
2020-01-17,31.100000,30.910000,31.030001,27.405169
2020-01-21,31.020000,30.770000,30.770000,27.175543
2020-01-22,30.940001,30.820000,30.860001,27.255028
2020-01-23,30.850000,30.490000,30.780001,27.184376
2020-01-24,30.790001,30.200001,30.389999,26.839937
2020-01-27,30.059999,29.750000,29.920000,26.424833
2020-01-28,30.400000,30.030001,30.270000,26.733955
2020-01-29,30.480000,30.170000,30.219999,26.689791
2020-01-30,30.620001,29.930000,30.600000,27.025402
2020-01-31,30.379999,29.850000,29.959999,26.460165
2020-02-03,30.469999,30.150000,30.170000,26.645636
2020-02-04,30.750000,30.450001,30.459999,26.901754
2020-02-05,31.100000,30.799999,31.070000,27.440496
2020-02-06,31.270000,30.969999,31.030001,27.405169
2020-02-07,31.010000,30.790001,30.920000,27.308020
2020-02-10,31.010000,30.809999,31.010000,27.387508
2020-02-11,31.260000,31.090000,31.120001,27.484657
2020-02-12,31.379999,31.100000,31.139999,27.502323
2020-02-13,31.200001,30.950001,31.129999,27.493486
2020-02-14,31.190001,31.020000,31.170000,27.528814
2020-02-18,31.160000,30.719999,30.900000,27.290356
2020-02-19,31.209999,30.969999,31.129999,27.493486
2020-02-20,31.280001,30.860001,31.070000,27.440496
2020-02-21,30.990000,30.600000,30.770000,27.175543
2020-02-24,30.059999,29.629999,29.770000,26.292368
2020-02-25,29.840000,28.620001,28.760000,25.400345
2020-02-26,29.219999,28.549999,28.549999,25.214874
2020-02-27,28.389999,27.309999,27.330000,24.137394
2020-02-28,26.850000,25.969999,26.590000,23.483839
2020-03-02,27.950001,26.360001,27.950001,24.684969
2020-03-03,28.250000,26.629999,26.900000,23.757624
2020-03-04,27.799999,26.799999,27.790001,24.543661
2020-03-05,26.940001,26.150000,26.450001,23.360195
2020-03-06,25.840000,25.030001,25.549999,22.565327
2020-03-09,23.879999,22.520000,22.809999,20.145407
2020-03-10,24.170000,22.840000,24.150000,21.328869
2020-03-11,23.650000,22.520000,22.840000,20.171902
2020-03-12,22.209999,20.299999,20.370001,17.990437
2020-03-13,23.090000,20.900000,23.049999,20.357368
2020-03-16,21.340000,18.930000,19.889999,17.566511
2020-03-17,21.190001,19.540001,20.969999,18.520348
2020-03-18,20.049999,18.280001,19.190001,16.948282
2020-03-19,19.889999,18.110001,19.610001,17.319221
2020-03-20,19.920000,18.670000,18.910000,16.700993
2020-03-23,18.600000,17.490000,17.660000,15.729269
2020-03-24,19.959999,18.580000,19.850000,17.679844
2020-03-25,21.230000,19.389999,20.389999,18.160801
2020-03-26,21.820000,20.629999,21.670000,19.300863
2020-03-27,21.670000,20.549999,21.010000,18.713018
2020-03-30,21.530001,20.600000,21.410000,19.069288
2020-03-31,21.450001,20.639999,20.820000,18.543791
2020-04-01,19.940001,19.370001,19.549999,17.412638
2020-04-02,20.200001,19.360001,20.040001,17.849070
2020-04-03,20.139999,19.360001,19.639999,17.492796
2020-04-06,21.219999,20.469999,21.049999,18.748648
2020-04-07,22.219999,21.250000,21.260000,18.935684
2020-04-08,22.330000,21.340000,22.190001,19.764013
2020-04-09,23.660000,22.730000,23.379999,20.823914
2020-04-13,23.330000,22.330000,22.530001,20.066841
2020-04-14,23.139999,22.209999,22.629999,20.155905
2020-04-15,21.860001,21.540001,21.650000,19.283052
2020-04-16,21.639999,21.059999,21.270000,18.944595
2020-04-17,22.520000,21.920000,22.389999,19.942150
2020-04-20,22.360001,21.750000,22.000000,19.594786
2020-04-21,21.709999,21.209999,21.290001,18.962410
2020-04-22,21.790001,21.469999,21.520000,19.167259
2020-04-23,21.860001,21.400000,21.430000,19.087101
2020-04-24,21.830000,21.330000,21.740000,19.363211
2020-04-27,22.600000,21.920000,22.480000,20.022303
2020-04-28,23.330000,22.670000,22.719999,20.236063
2020-04-29,23.660000,23.180000,23.379999,20.823914
2020-04-30,23.160000,22.680000,22.790001,20.298416
2020-05-01,22.309999,21.910000,22.059999,19.648226
2020-05-04,21.889999,21.440001,21.860001,19.470087
2020-05-05,22.280001,21.790001,21.790001,19.407747
2020-05-06,22.049999,21.299999,21.320000,18.989128
2020-05-07,22.180000,21.600000,21.820000,19.434467
2020-05-08,22.320000,22.010000,22.290001,19.853075
2020-05-11,22.049999,21.740000,21.860001,19.470087
2020-05-12,22.030001,21.270000,21.290001,18.962410
2020-05-13,21.139999,20.500000,20.660000,18.401281
2020-05-14,21.209999,20.090000,21.190001,18.873341
2020-05-15,21.230000,20.799999,21.049999,18.748648
2020-05-18,22.299999,21.680000,22.129999,19.710571
2020-05-19,22.110001,21.580000,21.590000,19.229614
2020-05-20,22.200001,21.930000,22.070000,19.657127
2020-05-21,22.209999,21.879999,22.000000,19.594786
2020-05-22,22.020000,21.700001,21.920000,19.523527
2020-05-26,23.299999,22.730000,23.059999,20.538895
2020-05-27,24.100000,23.540001,24.059999,21.429565
2020-05-28,24.340000,23.610001,23.680000,21.091118
2020-05-29,23.620001,23.170000,23.410000,20.850636
2020-06-01,23.790001,23.340000,23.680000,21.091118
2020-06-02,24.040001,23.700001,23.870001,21.260342
2020-06-03,24.870001,24.340000,24.760000,22.053040
2020-06-04,25.299999,24.520000,25.299999,22.534004
2020-06-05,26.830000,26.150000,26.240000,23.371237
2020-06-08,26.799999,26.370001,26.740000,23.816572
2020-06-09,26.400000,25.920000,26.170000,23.308880
2020-06-10,26.160000,25.170000,25.190001,22.436026
2020-06-11,24.360001,23.090000,23.129999,20.601242
2020-06-12,24.059999,23.219999,23.830000,21.224712
2020-06-15,24.240000,22.959999,24.160000,21.518635
2020-06-16,25.120001,23.950001,24.540001,21.857094
2020-06-17,24.610001,24.129999,24.170000,21.527544
2020-06-18,24.370001,23.860001,24.139999,21.500826
2020-06-19,24.610001,23.709999,23.980000,21.358315
2020-06-22,23.879999,23.530001,23.709999,21.252544
2020-06-23,24.219999,23.799999,23.820000,21.351145
2020-06-24,23.520000,22.910000,22.980000,20.598200
2020-06-25,23.639999,22.860001,23.590000,21.144983
2020-06-26,23.260000,22.520000,22.580000,20.239668
2020-06-29,22.980000,22.629999,22.830000,20.463758
2020-06-30,23.299999,22.690001,23.139999,20.741623
2020-07-01,23.350000,22.870001,22.940001,20.562355
2020-07-02,23.530001,22.920000,22.969999,20.589247
2020-07-06,23.660000,23.280001,23.410000,20.983643
2020-07-07,23.230000,22.870001,22.930000,20.553391
2020-07-08,23.230000,22.840000,23.170000,20.768515
2020-07-09,23.209999,22.490000,22.680000,20.329302
2020-07-10,23.490000,22.670000,23.459999,21.028458
2020-07-13,23.910000,23.420000,23.559999,21.118093
2020-07-14,23.750000,23.250000,23.680000,21.225658
2020-07-15,24.260000,23.889999,24.150000,21.646940
2020-07-16,24.400000,23.850000,24.150000,21.646940
2020-07-17,24.219999,23.940001,23.950001,21.467672
2020-07-20,23.980000,23.750000,23.840000,21.369070
2020-07-21,24.430000,23.969999,24.309999,21.790358
2020-07-22,24.330000,24.110001,24.309999,21.790358
2020-07-23,24.469999,24.180000,24.330000,21.808285
2020-07-24,24.480000,24.190001,24.270000,21.754505
2020-07-27,24.180000,23.860001,24.070000,21.575233
2020-07-28,24.120001,23.900000,24.010000,21.521456
2020-07-29,24.490000,23.930000,24.459999,21.924810
2020-07-30,24.070000,23.709999,24.020000,21.530415
2020-07-31,24.059999,23.709999,24.030001,21.539385
2020-08-03,24.290001,23.959999,24.100000,21.602125
2020-08-04,24.040001,23.870001,24.000000,21.512486
2020-08-05,24.389999,24.129999,24.330000,21.808285
2020-08-06,24.420000,24.150000,24.320000,21.799318
2020-08-07,24.860001,24.150000,24.840000,22.265423
2020-08-10,25.110001,24.870001,25.020000,22.426775
2020-08-11,25.719999,25.250000,25.309999,22.686708
2020-08-12,25.770000,25.059999,25.240000,22.623968
2020-08-13,25.260000,24.930000,25.080000,22.480551
2020-08-14,25.299999,24.930000,25.180000,22.570187
2020-08-17,25.110001,24.750000,24.760000,22.193716
2020-08-18,24.840000,24.580000,24.600000,22.050295
2020-08-19,24.940001,24.520000,24.590000,22.041334
2020-08-20,24.500000,24.290001,24.360001,21.835175
2020-08-21,24.530001,24.230000,24.309999,21.790358
2020-08-24,24.889999,24.389999,24.889999,22.310244
2020-08-25,25.170000,24.799999,24.959999,22.372986
2020-08-26,24.959999,24.750000,24.840000,22.265423
2020-08-27,25.379999,24.820000,25.260000,22.641895
2020-08-28,25.450001,25.150000,25.360001,22.731531
2020-08-31,25.340000,25.059999,25.059999,22.462624
2020-09-01,25.219999,24.850000,25.129999,22.525370
2020-09-02,25.580000,25.049999,25.490000,22.848057
2020-09-03,26.010000,24.940001,25.100000,22.498472
2020-09-04,25.690001,24.889999,25.290001,22.668783
2020-09-08,25.100000,24.549999,24.639999,22.086157
2020-09-09,25.070000,24.709999,24.889999,22.310244
2020-09-10,25.139999,24.490000,24.540001,21.996521
2020-09-11,24.840000,24.500000,24.709999,22.148899
2020-09-14,25.270000,24.860001,25.049999,22.453657
2020-09-15,25.120001,24.690001,24.709999,22.148899
2020-09-16,25.270000,24.709999,24.990000,22.399879
2020-09-17,24.879999,24.580000,24.730000,22.166824
2020-09-18,24.930000,24.629999,24.680000,22.122013
2020-09-21,24.170000,23.559999,23.930000,21.567719
2020-09-22,24.100000,23.530001,23.730000,21.387461
2020-09-23,23.950001,23.200001,23.200001,20.909782
2020-09-24,23.580000,22.940001,23.250000,20.954847
2020-09-25,23.570000,23.030001,23.490000,21.171152
2020-09-28,24.219999,23.820000,24.049999,21.675871
2020-09-29,24.020000,23.620001,23.750000,21.405485
2020-09-30,24.270000,23.840000,24.070000,21.693905
2020-10-01,24.330000,23.920000,24.110001,21.729954
2020-10-02,24.440001,23.730000,24.299999,21.901194
2020-10-05,24.780001,24.469999,24.700001,22.261707
2020-10-06,25.080000,24.360001,24.450001,22.036386
2020-10-07,24.980000,24.680000,24.860001,22.405914
2020-10-08,25.260000,24.940001,25.200001,22.712351
2020-10-09,25.370001,25.030001,25.230000,22.739386
2020-10-12,25.590000,25.209999,25.510000,22.991749
2020-10-13,25.510000,24.940001,25.020000,22.550123
2020-10-14,25.129999,24.750000,24.780001,22.333809
2020-10-15,24.980000,24.510000,24.969999,22.505053
2020-10-16,25.150000,24.870001,24.990000,22.523081
2020-10-19,25.090000,24.570000,24.610001,22.180592
2020-10-20,25.100000,24.760000,24.809999,22.360847
2020-10-21,24.930000,24.680000,24.680000,22.243687
2020-10-22,25.200001,24.660000,25.170000,22.685308
2020-10-23,25.410000,25.049999,25.250000,22.757416
2020-10-26,24.930000,24.450001,24.680000,22.243687
2020-10-27,24.670000,24.209999,24.230000,21.838104
2020-10-28,23.930000,23.469999,23.610001,21.279306
2020-10-29,23.959999,23.250000,23.790001,21.441542
2020-10-30,23.900000,23.469999,23.860001,21.504629
2020-11-02,24.420000,23.959999,24.309999,21.910206
2020-11-03,25.100000,24.730000,24.850000,22.396902
2020-11-04,25.000000,24.190001,24.559999,22.135530
2020-11-05,25.340000,24.770000,25.160000,22.676300
2020-11-06,25.309999,24.879999,24.959999,22.496040
2020-11-09,27.440001,26.660000,27.010000,24.343674
2020-11-10,27.250000,26.790001,27.150000,24.469854
2020-11-11,27.320000,26.879999,27.040001,24.370710
2020-11-12,26.770000,26.350000,26.590000,23.965139
2020-11-13,27.139999,26.770000,27.030001,24.361704
2020-11-16,27.730000,27.360001,27.629999,24.902470
2020-11-17,27.639999,27.129999,27.590000,24.866421
2020-11-18,27.940001,27.320000,27.330000,24.632088
2020-11-19,27.450001,27.020000,27.420000,24.713198
2020-11-20,27.389999,27.120001,27.180000,24.496889
2020-11-23,27.770000,27.389999,27.690001,24.956545
2020-11-24,28.690001,28.100000,28.660000,25.830791
2020-11-25,28.580000,28.219999,28.559999,25.740662
2020-11-27,28.590000,28.360001,28.469999,25.659552
2020-11-30,28.379999,27.830000,27.879999,25.127790
2020-12-01,28.570000,28.290001,28.309999,25.515341
2020-12-02,28.670000,28.219999,28.620001,25.794741
2020-12-03,28.799999,28.459999,28.629999,25.803753
2020-12-04,29.030001,28.799999,28.980000,26.119202
2020-12-07,28.860001,28.610001,28.780001,25.938946
2020-12-08,28.840000,28.510000,28.770000,25.929935
2020-12-09,28.950001,28.590000,28.700001,25.866842
2020-12-10,28.780001,28.389999,28.750000,25.911911
2020-12-11,28.530001,28.230000,28.459999,25.650532
2020-12-14,28.840000,28.110001,28.129999,25.353109
2020-12-15,28.690001,28.190001,28.610001,25.785730
2020-12-16,28.680000,28.520000,28.660000,25.830791
2020-12-17,28.790001,28.580000,28.740000,25.902893
2020-12-18,28.780001,28.320000,28.490000,25.677572
2020-12-21,28.860001,28.230000,28.719999,26.023710
2020-12-22,28.780001,28.420000,28.440001,25.769999
2020-12-23,29.070000,28.600000,28.910000,26.195871
2020-12-24,28.980000,28.709999,28.950001,26.232119
2020-12-28,29.320000,28.990000,29.090000,26.358973
2020-12-29,29.219999,28.959999,28.990000,26.268360
2020-12-30,29.209999,29.020000,29.120001,26.386160
2020-12-31,29.520000,29.000000,29.480000,26.712357
2021-01-04,29.600000,28.830000,29.080000,26.349911
2021-01-05,29.340000,28.920000,29.209999,26.467710
2021-01-06,30.740000,29.770000,30.500000,27.636599
2021-01-07,31.260000,30.879999,30.940001,28.035295
2021-01-08,31.100000,30.510000,30.920000,28.017170
2021-01-11,31.070000,30.490000,31.020000,28.107784
2021-01-12,31.490000,31.110001,31.340000,28.397743
2021-01-13,31.400000,31.090000,31.320000,28.379614
2021-01-14,31.620001,31.290001,31.459999,28.506474
2021-01-15,31.190001,30.709999,30.940001,28.035295
2021-01-19,31.180000,30.830000,31.020000,28.107784
2021-01-20,31.120001,30.780001,30.889999,27.989986
2021-01-21,30.930000,30.559999,30.559999,27.690971
2021-01-22,30.459999,30.200001,30.340000,27.491623
2021-01-25,30.160000,29.740000,30.120001,27.292276
2021-01-26,30.280001,29.860001,29.879999,27.074810
2021-01-27,29.500000,28.940001,29.000000,26.277424
2021-01-28,29.879999,29.280001,29.540001,26.766729
2021-01-29,29.540001,28.820000,28.950001,26.232119
2021-02-01,29.370001,29.020000,29.330000,26.576445
2021-02-02,30.190001,29.660000,30.040001,27.219788
2021-02-03,30.219999,29.940001,30.209999,27.373827
2021-02-04,30.889999,30.299999,30.879999,27.980925
2021-02-05,31.129999,30.820000,30.889999,27.989986
2021-02-08,31.290001,30.990000,31.290001,28.352434
2021-02-09,31.400000,31.080000,31.299999,28.361494
2021-02-10,31.500000,31.150000,31.299999,28.361494
2021-02-11,31.440001,30.990000,31.200001,28.270884
2021-02-12,31.549999,31.139999,31.520000,28.560839
2021-02-16,32.209999,31.700001,32.060001,29.050148
2021-02-17,32.259998,31.850000,32.220001,29.195127
2021-02-18,32.200001,31.770000,32.029999,29.022961
2021-02-19,32.520000,32.200001,32.410000,29.367287
2021-02-22,32.830002,32.290001,32.709999,29.639124
2021-02-23,32.950001,32.570000,32.910000,29.820345
2021-02-24,33.639999,32.939999,33.549999,30.400259
2021-02-25,33.840000,32.849998,32.939999,29.847534
2021-02-26,32.990002,32.189999,32.310001,29.276672
2021-03-01,33.520000,32.860001,33.320000,30.191854
2021-03-02,33.470001,33.169998,33.200001,30.083120
2021-03-03,33.959999,33.290001,33.459999,30.318703
2021-03-04,33.689999,32.599998,33.080002,29.974390
2021-03-05,33.799999,32.779999,33.709999,30.545238
2021-03-08,34.580002,33.820000,34.139999,30.934868
2021-03-09,34.330002,33.520000,33.830002,30.653973
2021-03-10,34.650002,33.930000,34.520000,31.279192
2021-03-11,34.689999,34.139999,34.419998,31.188583
2021-03-12,34.950001,34.660000,34.770000,31.505732
2021-03-15,34.910000,34.250000,34.570000,31.324511
2021-03-16,34.430000,33.939999,34.209999,30.998293
2021-03-17,34.639999,34.080002,34.439999,31.206711
2021-03-18,35.290001,34.500000,34.619999,31.369797
2021-03-19,34.380001,33.860001,34.220001,31.007366
2021-03-22,33.889999,33.509998,33.630001,30.607815
2021-03-23,33.660000,33.040001,33.160000,30.180050
2021-03-24,33.799999,33.279999,33.279999,30.289268
2021-03-25,33.889999,33.000000,33.840000,30.798933
2021-03-26,34.430000,33.950001,34.369999,31.281317
2021-03-29,34.290001,33.720001,34.070000,31.008278
2021-03-30,34.470001,34.209999,34.310001,31.226702
2021-03-31,34.380001,34.029999,34.049999,30.990074
2021-04-01,34.470001,34.000000,34.470001,31.372324
2021-04-05,34.910000,34.630001,34.740002,31.618063
2021-04-06,34.830002,34.549999,34.669998,31.554344
2021-04-07,34.919998,34.599998,34.840000,31.709070
2021-04-08,34.889999,34.470001,34.849998,31.718178
2021-04-09,35.169998,34.889999,35.150002,31.991219
2021-04-12,35.310001,35.139999,35.299999,32.127731
2021-04-13,35.139999,34.779999,34.970001,31.827387
2021-04-14,35.430000,34.830002,35.180000,32.018520
2021-04-15,35.299999,34.820000,35.150002,31.991219
2021-04-16,35.529999,35.240002,35.400002,32.218750
2021-04-19,35.490002,35.180000,35.299999,32.127731
2021-04-20,35.110001,34.520000,34.639999,31.527050
2021-04-21,35.150002,34.419998,35.119999,31.963909
2021-04-22,35.130001,34.669998,34.730000,31.608957
2021-04-23,35.529999,34.669998,35.380001,32.200554
2021-04-26,35.849998,35.480000,35.520000,32.327972
2021-04-27,35.849998,35.490002,35.799999,32.582802
2021-04-28,36.040001,35.830002,35.939999,32.710217
2021-04-29,36.610001,36.189999,36.580002,33.292717
2021-04-30,36.509998,36.200001,36.259998,33.001457
2021-05-03,36.639999,36.299999,36.439999,33.165295
2021-05-04,36.730000,36.040001,36.730000,33.429222
2021-05-05,37.169998,36.840000,37.029999,33.702267
2021-05-06,37.590000,36.959999,37.580002,34.202847
2021-05-07,37.790001,37.060001,37.779999,34.384876
2021-05-10,38.259998,37.720001,37.750000,34.357563
2021-05-11,37.709999,36.939999,37.080002,33.747787
2021-05-12,37.509998,36.549999,36.700001,33.401924
2021-05-13,37.520000,36.540001,37.290001,33.938904
2021-05-14,37.980000,37.459999,37.880001,34.475883
2021-05-17,37.990002,37.610001,37.950001,34.539589
2021-05-18,38.049999,37.400002,37.419998,34.057224
2021-05-19,37.209999,36.590000,37.189999,33.847889
2021-05-20,37.470001,36.950001,37.209999,33.866096
2021-05-21,37.779999,37.340000,37.580002,34.202847
2021-05-24,37.849998,37.549999,37.759998,34.366669
2021-05-25,38.099998,37.330002,37.380001,34.020809
2021-05-26,37.660000,37.220001,37.490002,34.120926
2021-05-27,38.020000,37.610001,37.919998,34.512287
2021-05-28,38.090000,37.709999,37.990002,34.575996
2021-06-01,38.480000,38.119999,38.220001,34.785320
2021-06-02,38.380001,38.070000,38.279999,34.839931
2021-06-03,38.599998,38.040001,38.369999,34.921852
2021-06-04,38.500000,38.130001,38.470001,35.012863
2021-06-07,38.529999,38.150002,38.220001,34.785320
2021-06-08,38.240002,37.730000,38.119999,34.694321
2021-06-09,38.020000,37.660000,37.759998,34.366669
2021-06-10,38.180000,37.290001,37.320000,33.966209
2021-06-11,37.580002,37.380001,37.560001,34.184639
2021-06-14,37.549999,36.950001,37.169998,33.829689
2021-06-15,37.430000,37.000000,37.240002,33.893391
2021-06-16,37.450001,36.740002,37.200001,33.856983
2021-06-17,37.410000,35.990002,36.099998,32.855846
2021-06-18,35.740002,35.180000,35.230000,32.064026
2021-06-21,35.930000,35.380001,35.910000,32.812382
2021-06-22,36.110001,35.630001,35.970001,32.867203
2021-06-23,36.209999,35.950001,36.040001,32.931168
2021-06-24,36.580002,36.080002,36.490002,33.342354
2021-06-25,37.029999,36.470001,36.930000,33.744396
2021-06-28,36.889999,36.450001,36.660000,33.497688
2021-06-29,37.049999,36.430000,36.529999,33.378899
2021-06-30,36.770000,36.410000,36.689999,33.525089
2021-07-01,37.000000,36.680000,36.980000,33.790077
2021-07-02,37.020000,36.790001,36.939999,33.753525
2021-07-06,36.869999,36.119999,36.360001,33.223560
2021-07-07,36.490002,36.060001,36.410000,33.269253
2021-07-08,36.040001,35.509998,35.680000,32.602226
2021-07-09,36.759998,36.090000,36.709999,33.543365
2021-07-12,37.139999,36.330002,37.070000,33.872322
2021-07-13,37.009998,36.529999,36.669998,33.506817
2021-07-14,36.930000,36.099998,36.500000,33.351494
2021-07-15,36.849998,36.139999,36.619999,33.461124
2021-07-16,36.810001,36.040001,36.119999,33.004265
2021-07-19,35.610001,34.900002,35.110001,32.081387
2021-07-20,36.220001,35.000000,35.980000,32.876343
2021-07-21,36.779999,36.240002,36.599998,33.442856
2021-07-22,36.560001,36.049999,36.200001,33.077370
2021-07-23,36.650002,36.160000,36.259998,33.132198
2021-07-26,36.540001,36.169998,36.470001,33.324078
2021-07-27,36.619999,36.020000,36.459999,33.314934
2021-07-28,36.639999,36.160000,36.410000,33.269253
2021-07-29,36.970001,36.490002,36.810001,33.634747
2021-07-30,36.980000,36.430000,36.520000,33.369766
2021-08-02,37.189999,36.480000,36.529999,33.378899
2021-08-03,36.990002,36.119999,36.939999,33.753525
2021-08-04,37.020000,36.430000,36.630001,33.470276
2021-08-05,37.110001,36.849998,37.110001,33.908871
2021-08-06,37.930000,37.450001,37.860001,34.594177
2021-08-09,38.139999,37.599998,37.959999,34.685551
2021-08-10,38.470001,37.889999,38.360001,35.051041
2021-08-11,38.810001,38.290001,38.799999,35.453091
2021-08-12,38.919998,38.599998,38.869999,35.517040
2021-08-13,38.950001,38.490002,38.580002,35.252056
2021-08-16,38.520000,37.990002,38.480000,35.160694
2021-08-17,38.500000,37.830002,38.209999,34.913971
2021-08-18,38.330002,37.709999,37.740002,34.484524
2021-08-19,37.740002,37.220001,37.459999,34.228680
2021-08-20,37.750000,37.320000,37.689999,34.438839
2021-08-23,38.160000,37.880001,38.000000,34.722107
2021-08-24,38.320000,38.040001,38.230000,34.932262
2021-08-25,38.919998,38.250000,38.680000,35.343449
2021-08-26,38.900002,38.450001,38.490002,35.169830
2021-08-27,39.009998,38.529999,39.000000,35.635841
2021-08-30,39.040001,38.430000,38.450001,35.133278
2021-08-31,38.689999,38.259998,38.400002,35.087589
2021-09-01,38.450001,38.049999,38.180000,34.886574
2021-09-02,38.450001,38.160000,38.310001,35.005352
2021-09-03,38.320000,37.980000,38.070000,34.786053
2021-09-07,38.200001,37.840000,37.840000,34.575897
2021-09-08,37.930000,37.549999,37.750000,34.493660
2021-09-09,38.220001,37.669998,37.860001,34.594177
2021-09-10,38.110001,37.570000,37.580002,34.338314
2021-09-13,38.070000,37.740002,38.009998,34.731232
2021-09-14,38.279999,37.380001,37.500000,34.265224
2021-09-15,37.950001,37.439999,37.860001,34.594177
2021-09-16,38.189999,37.580002,37.750000,34.493660
2021-09-17,37.939999,37.480000,37.580002,34.338314
2021-09-20,36.689999,36.029999,36.549999,33.541763
2021-09-21,36.919998,36.410000,36.500000,33.495884
2021-09-22,37.369999,36.880001,37.110001,34.055672
2021-09-23,38.200001,37.410000,38.020000,34.890778
2021-09-24,38.349998,37.939999,38.220001,35.074318
2021-09-27,38.849998,38.490002,38.740002,35.551525
2021-09-28,38.919998,38.040001,38.099998,34.964184
2021-09-29,38.299999,37.950001,38.130001,34.991734
2021-09-30,38.360001,37.520000,37.529999,34.441109
2021-10-01,38.410000,37.490002,38.150002,35.010082
2021-10-04,38.590000,37.759998,37.820000,34.707241
2021-10-05,38.750000,37.959999,38.560001,35.386326
2021-10-06,38.630001,37.930000,38.599998,35.423046
2021-10-07,39.240002,38.779999,38.830002,35.634113
2021-10-08,39.160000,38.689999,39.020000,35.808475
2021-10-11,39.400002,38.610001,38.630001,35.450569
2021-10-12,38.770000,38.410000,38.509998,35.340450
2021-10-13,38.540001,37.740002,38.290001,35.138561
2021-10-14,38.939999,38.349998,38.930000,35.725876
2021-10-15,39.709999,39.180000,39.509998,36.258141
2021-10-18,39.750000,39.320000,39.520000,36.267315
2021-10-19,39.910000,39.549999,39.910000,36.625225
2021-10-20,40.230000,39.730000,40.230000,36.918877
2021-10-21,40.310001,39.849998,40.060001,36.762875
2021-10-22,40.689999,40.209999,40.619999,37.276787
2021-10-25,40.770000,40.470001,40.570000,37.230896
2021-10-26,40.860001,40.540001,40.599998,37.258423
2021-10-27,40.680000,39.919998,39.930000,36.643574
2021-10-28,40.439999,40.060001,40.419998,37.093243
2021-10-29,40.549999,40.180000,40.259998,36.946411
2021-11-01,40.630001,40.119999,40.279999,36.964760
2021-11-02,40.500000,40.160000,40.380001,37.056538
2021-11-03,40.680000,40.169998,40.529999,37.194187
2021-11-04,40.480000,39.689999,40.000000,36.707813
2021-11-05,40.490002,39.889999,40.020000,36.726170
2021-11-08,40.529999,40.139999,40.240002,36.928055
2021-11-09,40.160000,39.759998,40.020000,36.726170
2021-11-10,40.200001,39.849998,39.950001,36.661926
2021-11-11,40.189999,39.840000,40.060001,36.762875
2021-11-12,40.160000,39.790001,40.150002,36.845467
2021-11-15,40.360001,40.070000,40.150002,36.845467
2021-11-16,40.349998,40.000000,40.110001,36.808758
2021-11-17,40.049999,39.540001,39.650002,36.386623
2021-11-18,39.770000,39.270000,39.450001,36.203075
2021-11-19,39.250000,38.720001,39.020000,35.808475
2021-11-22,39.959999,39.220001,39.570000,36.313202
2021-11-23,40.220001,39.660000,40.189999,36.882172
2021-11-24,40.259998,39.950001,40.099998,36.799580
2021-11-26,39.009998,38.330002,38.770000,35.579044
2021-11-29,39.360001,38.599998,38.889999,35.689171
2021-11-30,38.580002,37.900002,37.959999,34.835716
2021-12-01,38.880001,37.540001,37.540001,34.450279
2021-12-02,38.869999,37.750000,38.660000,35.478104
2021-12-03,38.810001,37.730000,38.029999,34.899952
2021-12-06,38.980000,38.330002,38.610001,35.432213
2021-12-07,39.410000,38.869999,39.299999,36.065430
2021-12-08,39.480000,38.990002,39.090000,35.872711
2021-12-09,39.209999,38.759998,39.009998,35.799294
2021-12-10,39.290001,38.799999,39.049999,35.836002
2021-12-13,38.970001,38.500000,38.630001,35.450569
2021-12-14,39.150002,38.540001,38.860001,35.661644
2021-12-15,39.090000,38.480000,38.970001,35.762589
2021-12-16,39.740002,39.220001,39.459999,36.212254
2021-12-17,39.250000,38.349998,38.590000,35.413860
2021-12-20,37.860001,37.209999,37.660000,34.725979
2021-12-21,38.610001,38.040001,38.439999,35.445213
2021-12-22,38.650002,38.270000,38.619999,35.611183
2021-12-23,39.169998,38.799999,38.820000,35.795620
2021-12-27,39.220001,38.740002,39.220001,36.164448
2021-12-28,39.490002,39.139999,39.240002,36.182896
2021-12-29,39.430000,39.139999,39.189999,36.136787
2021-12-30,39.529999,39.000000,39.119999,36.072231
2021-12-31,39.240002,38.970001,39.049999,36.007687
2022-01-03,39.680000,39.320000,39.529999,36.450298
2022-01-04,40.700001,39.970001,40.570000,37.409271
2022-01-05,40.900002,40.070000,40.099998,36.975891
2022-01-06,40.720001,40.150002,40.689999,37.519917
2022-01-07,41.270000,40.639999,41.169998,37.962528
2022-01-10,41.459999,40.599998,41.029999,37.833431
2022-01-11,41.410000,40.799999,41.389999,38.165379
2022-01-12,41.660000,41.220001,41.419998,38.193043
2022-01-13,41.700001,41.119999,41.259998,38.045517
2022-01-14,40.869999,40.340000,40.830002,37.649006
2022-01-18,40.599998,39.669998,39.919998,36.809914
2022-01-19,40.240002,39.220001,39.250000,36.192108
2022-01-20,39.869999,38.919998,39.000000,35.961578
2022-01-21,38.950001,38.040001,38.200001,35.223915
2022-01-24,38.389999,36.820000,38.310001,35.325336
2022-01-25,38.750000,37.259998,38.470001,35.472878
2022-01-26,39.209999,38.110001,38.570000,35.565094
2022-01-27,39.340000,37.970001,38.220001,35.242355
2022-01-28,38.730000,37.590000,38.720001,35.703411
2022-01-31,39.090000,38.220001,39.060001,36.016918
2022-02-01,39.700001,38.910000,39.599998,36.514843
2022-02-02,39.939999,39.330002,39.869999,36.763802
2022-02-03,40.000000,39.369999,39.430000,36.358086
2022-02-04,40.439999,39.480000,40.099998,36.975891
2022-02-07,40.480000,39.919998,40.220001,37.086533
2022-02-08,40.880001,40.400002,40.779999,37.602913
2022-02-09,41.310001,40.900002,41.040001,37.842659
2022-02-10,41.389999,40.509998,40.680000,37.510700
2022-02-11,41.040001,39.869999,40.110001,36.985104
2022-02-14,40.230000,39.330002,39.660000,36.570164
2022-02-15,40.410000,40.000000,40.200001,37.068096
2022-02-16,40.410000,39.950001,40.230000,37.095757
2022-02-17,39.939999,39.119999,39.230000,36.173672
2022-02-18,39.549999,39.020000,39.220001,36.164448
2022-02-22,39.400002,38.689999,39.020000,35.980022
2022-02-23,39.430000,38.240002,38.340000,35.353004
2022-02-24,38.000000,36.799999,37.880001,34.928848
2022-02-25,39.200001,38.119999,39.099998,36.053795
2022-02-28,38.770000,38.119999,38.520000,35.518986
2022-03-01,38.259998,36.849998,37.099998,34.209602
2022-03-02,38.279999,37.389999,38.060001,35.094822
2022-03-03,38.430000,37.619999,37.939999,34.984165
2022-03-04,37.279999,36.799999,37.230000,34.329487
2022-03-07,36.930000,35.849998,35.869999,33.075436
2022-03-08,36.669998,35.490002,35.660000,32.881798
2022-03-09,37.279999,36.700001,36.970001,34.089737
2022-03-10,36.900002,36.250000,36.660000,33.803890
2022-03-11,37.209999,36.380001,36.400002,33.564144
2022-03-14,37.459999,36.689999,36.860001,33.988316
2022-03-15,37.439999,36.910000,37.380001,34.467800
2022-03-16,38.490002,37.740002,38.430000,35.435993
2022-03-17,38.919998,37.959999,38.910000,35.878593
2022-03-18,39.099998,38.529999,39.000000,35.961578
2022-03-21,39.139999,38.610001,38.810001,35.926414
2022-03-22,39.689999,39.220001,39.439999,36.509594
2022-03-23,39.279999,38.689999,38.709999,35.833843
2022-03-24,39.060001,38.700001,39.020000,36.120808
2022-03-25,39.599998,39.090000,39.520000,36.583672
2022-03-28,39.439999,38.959999,39.410000,36.481831
2022-03-29,40.009998,39.270000,39.500000,36.565136
2022-03-30,39.520000,38.990002,39.220001,36.305950
2022-03-31,39.330002,38.310001,38.320000,35.472813
2022-04-01,38.660000,37.950001,38.220001,35.380241
2022-04-04,38.360001,37.779999,38.049999,35.222874
2022-04-05,38.310001,37.720001,37.810001,35.000713
2022-04-06,37.709999,37.410000,37.549999,34.760021
2022-04-07,37.689999,36.980000,37.509998,34.723000
2022-04-08,38.060001,37.560001,37.889999,35.074768
2022-04-11,38.160000,37.660000,37.720001,34.917404
2022-04-12,38.040001,37.150002,37.310001,34.537868
2022-04-13,37.330002,36.889999,37.310001,34.537868
2022-04-14,37.490002,36.880001,36.889999,34.149067
2022-04-18,37.279999,36.650002,37.110001,34.352722
2022-04-19,37.680000,37.200001,37.619999,34.824825
2022-04-20,38.150002,37.790001,37.880001,35.065510
2022-04-21,38.320000,37.209999,37.279999,34.510082
2022-04-22,37.230000,36.130001,36.169998,33.482555
2022-04-25,36.310001,35.330002,36.230000,33.538105
2022-04-26,36.200001,35.299999,35.320000,32.695717
2022-04-27,35.650002,35.160000,35.290001,32.667953
2022-04-28,35.869999,35.119999,35.740002,33.084511
2022-04-29,35.689999,34.430000,34.509998,31.945900
2022-05-02,34.790001,33.840000,34.520000,31.955158
2022-05-03,35.320000,34.639999,34.970001,32.371719
2022-05-04,36.099998,34.910000,36.040001,33.362209
2022-05-05,35.689999,34.560001,34.990002,32.390244
2022-05-06,34.900002,34.240002,34.740002,32.158810
2022-05-09,34.480000,33.750000,33.910000,31.390482
2022-05-10,34.439999,33.189999,33.610001,31.112761
2022-05-11,34.330002,33.250000,33.299999,30.825806
2022-05-12,33.360001,32.410000,33.049999,30.594383
2022-05-13,33.810001,33.230000,33.529999,31.038715
2022-05-16,33.549999,32.990002,33.250000,30.779526
2022-05-17,34.240002,33.709999,34.139999,31.603392
2022-05-18,33.869999,33.070000,33.200001,30.733231
2022-05-19,33.220001,32.700001,32.980000,30.529583
2022-05-20,33.380001,32.230000,32.919998,30.474033
2022-05-23,34.240002,33.380001,33.990002,31.464537
2022-05-24,34.029999,33.220001,33.919998,31.399736
2022-05-25,34.400002,33.740002,34.189999,31.649681
2022-05-26,35.099998,34.529999,34.980000,32.380974
2022-05-27,35.639999,35.070000,35.570000,32.927139
2022-05-31,35.740002,35.090000,35.470001,32.834576
2022-06-01,35.470001,34.570000,34.900002,32.306927
2022-06-02,35.410000,34.660000,35.380001,32.751259
2022-06-03,35.200001,34.830002,34.869999,32.279148
2022-06-06,35.520000,34.959999,34.970001,32.371719
2022-06-07,35.270000,34.700001,35.240002,32.621670
2022-06-08,35.070000,34.490002,34.619999,32.047733
2022-06-09,34.599998,33.730000,33.750000,31.242361
2022-06-10,33.139999,32.500000,32.529999,30.113016
2022-06-13,32.099998,31.370001,31.559999,29.215088
2022-06-14,31.910000,31.049999,31.290001,28.965147
2022-06-15,32.090000,31.100000,31.639999,29.289139
2022-06-16,31.010000,30.580000,30.840000,28.548584
2022-06-17,31.280001,30.629999,30.930000,28.631895
2022-06-21,31.580000,31.190001,31.379999,29.203306
2022-06-22,31.600000,30.980000,31.309999,29.138157
2022-06-23,31.389999,30.680000,31.190001,29.026482
2022-06-24,32.369999,31.270000,32.340000,30.096710
2022-06-27,32.590000,32.080002,32.230000,29.994345
2022-06-28,32.869999,31.889999,31.910000,29.696539
2022-06-29,32.060001,31.620001,31.730000,29.529028
2022-06-30,31.730000,30.850000,31.450001,29.268452
2022-07-01,31.980000,31.139999,31.879999,29.668619
2022-07-05,31.790001,31.020000,31.770000,29.566252
2022-07-06,31.950001,31.389999,31.690001,29.491800
2022-07-07,32.240002,31.930000,32.150002,29.919893
2022-07-08,32.340000,31.950001,32.080002,29.854752
2022-07-11,32.060001,31.730000,31.820000,29.612783
2022-07-12,32.200001,31.559999,31.620001,29.426662
2022-07-13,31.549999,30.950001,31.340000,29.166079
2022-07-14,30.840000,30.370001,30.740000,28.607698
2022-07-15,31.959999,31.100000,31.780001,29.575560
2022-07-18,32.450001,31.520000,31.660000,29.463882
2022-07-19,32.709999,31.990000,32.610001,30.347984
2022-07-20,32.790001,32.439999,32.730000,30.459665
2022-07-21,32.939999,32.389999,32.939999,30.655092
2022-07-22,33.160000,32.500000,32.750000,30.478279
2022-07-25,33.110001,32.720001,32.959999,30.673708
2022-07-26,32.990002,32.419998,32.500000,30.245615
2022-07-27,33.160000,32.520000,33.000000,30.710928
2022-07-28,33.250000,32.500000,33.240002,30.934286
2022-07-29,33.820000,33.290001,33.709999,31.371683
2022-08-01,33.619999,33.200001,33.430000,31.111107
2022-08-02,33.490002,33.020000,33.060001,30.766773
2022-08-03,33.639999,33.119999,33.560001,31.232092
2022-08-04,33.619999,33.389999,33.450001,31.129721
2022-08-05,33.849998,33.240002,33.689999,31.353060
2022-08-08,34.049999,33.639999,33.669998,31.334454
2022-08-09,33.930000,33.669998,33.840000,31.492661
2022-08-10,34.730000,34.360001,34.599998,32.199940
2022-08-11,35.230000,34.880001,35.009998,32.581512
2022-08-12,35.570000,35.000000,35.560001,33.093349
2022-08-15,35.650002,35.130001,35.549999,33.084049
2022-08-16,35.970001,35.389999,35.810001,33.326015
2022-08-17,35.790001,35.380001,35.630001,33.158497
2022-08-18,35.720001,35.430000,35.669998,33.195724
2022-08-19,35.459999,34.840000,34.959999,32.534973
2022-08-22,34.459999,34.099998,34.189999,31.818386
2022-08-23,34.400002,34.049999,34.049999,31.688091
2022-08-24,34.340000,33.919998,34.230000,31.855616
2022-08-25,34.790001,34.209999,34.759998,32.348846
2022-08-26,34.919998,33.689999,33.720001,31.380993
2022-08-29,33.720001,33.279999,33.480000,31.157635
2022-08-30,33.700001,33.099998,33.299999,30.990124
2022-08-31,33.590000,33.000000,33.049999,30.757469
2022-09-01,33.200001,32.509998,33.150002,30.850527
2022-09-02,33.810001,32.730000,32.889999,30.608562
2022-09-06,33.139999,32.480000,32.810001,30.534113
2022-09-07,33.520000,32.660000,33.459999,31.139023
2022-09-08,34.070000,33.150002,34.049999,31.688091
2022-09-09,34.450001,34.189999,34.360001,31.976601
2022-09-12,34.820000,34.419998,34.639999,32.237175
2022-09-13,34.080002,33.240002,33.349998,31.036655
2022-09-14,33.580002,32.950001,33.250000,30.943590
2022-09-15,33.790001,33.200001,33.360001,31.045963
2022-09-16,33.119999,32.709999,33.060001,30.766773
2022-09-19,33.279999,32.500000,33.259998,31.115719
2022-09-20,33.060001,32.470001,32.770000,30.657314
2022-09-21,33.099998,32.070000,32.090000,30.021158
2022-09-22,32.209999,31.490000,31.549999,29.515965
2022-09-23,31.309999,30.600000,31.049999,29.048203
2022-09-26,31.110001,30.340000,30.559999,28.589792
2022-09-27,30.959999,30.120001,30.430000,28.468172
2022-09-28,31.209999,30.440001,31.030001,29.029495
2022-09-29,30.820000,30.260000,30.639999,28.664637
2022-09-30,31.040001,30.280001,30.360001,28.402683
2022-10-03,31.340000,30.299999,31.180000,29.169825
2022-10-04,32.369999,31.620001,32.340000,30.255033
2022-10-05,32.270000,31.730000,32.090000,30.021158
2022-10-06,32.130001,31.570000,31.639999,29.600163
2022-10-07,31.459999,30.719999,30.889999,28.898518
2022-10-10,31.190001,30.570000,30.750000,28.767544
2022-10-11,30.870001,30.230000,30.360001,28.402683
2022-10-12,30.690001,30.180000,30.290001,28.337202
2022-10-13,31.620001,29.590000,31.540001,29.506611
2022-10-14,32.189999,30.940001,31.010000,29.010778
2022-10-17,32.000000,31.580000,31.790001,29.740490
2022-10-18,32.660000,31.930000,32.299999,30.217615
2022-10-19,32.290001,31.590000,31.770000,29.721783
2022-10-20,32.049999,31.170000,31.260000,29.244667
2022-10-21,32.220001,31.120001,32.189999,30.114706
2022-10-24,32.770000,32.279999,32.619999,30.516983
2022-10-25,33.070000,32.389999,33.009998,30.881834
2022-10-26,33.459999,33.020000,33.090000,30.956684
2022-10-27,33.730000,33.299999,33.360001,31.209274
2022-10-28,34.230000,33.389999,34.189999,31.985771
2022-10-31,34.209999,33.930000,33.980000,31.789307
2022-11-01,34.349998,33.919998,34.070000,31.873501
2022-11-02,34.599998,33.610001,33.639999,31.471230
2022-11-03,33.560001,33.080002,33.299999,31.153147
2022-11-04,34.090000,33.430000,33.910000,31.723808
2022-11-07,34.270000,33.939999,34.250000,32.041897
2022-11-08,34.619999,34.090000,34.450001,32.229008
2022-11-09,34.349998,33.799999,33.869999,31.686392
2022-11-10,35.630001,34.810001,35.580002,33.286152
2022-11-11,36.029999,35.630001,35.869999,33.557453
2022-11-14,35.799999,35.330002,35.360001,33.080334
2022-11-15,35.880001,35.080002,35.439999,33.155182
2022-11-16,35.509998,35.150002,35.270000,32.996136
2022-11-17,35.099998,34.759998,35.080002,32.818390
2022-11-18,35.599998,35.080002,35.369999,33.089691
2022-11-21,35.549999,35.279999,35.480000,33.192600
2022-11-22,35.880001,35.669998,35.840000,33.529396
2022-11-23,36.080002,35.779999,35.990002,33.669716
2022-11-25,36.160000,35.959999,36.110001,33.781986
2022-11-28,36.060001,35.430000,35.490002,33.201954
2022-11-29,35.779999,35.410000,35.700001,33.398415
2022-11-30,36.320000,35.139999,36.310001,33.969086
2022-12-01,36.490002,35.820000,36.099998,33.772629
2022-12-02,35.959999,35.610001,35.930000,33.613586
2022-12-05,35.720001,34.849998,35.040001,32.780964
2022-12-06,35.200001,34.450001,34.730000,32.490948
2022-12-07,34.980000,34.509998,34.590000,32.359978
2022-12-08,34.860001,34.500000,34.619999,32.388042
2022-12-09,34.779999,34.480000,34.529999,32.303848
2022-12-12,35.029999,34.389999,34.990002,32.734192
2022-12-13,35.900002,34.849998,35.080002,32.818390
2022-12-14,35.330002,34.490002,34.639999,32.406754
2022-12-15,34.240002,33.740002,33.959999,31.770590
2022-12-16,33.799999,33.389999,33.700001,31.527355
2022-12-19,33.740002,33.189999,33.400002,31.442633
2022-12-20,33.770000,33.410000,33.540001,31.574427
2022-12-21,34.160000,33.840000,34.060001,32.063953
2022-12-22,33.869999,33.209999,33.759998,31.781528
2022-12-23,34.000000,33.570000,33.950001,31.960400
2022-12-27,34.099998,33.799999,33.939999,31.950981
2022-12-28,34.090000,33.779999,33.820000,31.838017
2022-12-29,34.349998,33.919998,34.290001,32.280468
2022-12-30,34.270000,33.919998,34.200001,32.195744
2023-01-03,34.689999,34.070000,34.320000,32.308723
2023-01-04,35.119999,34.570000,34.869999,32.826485
2023-01-05,34.750000,34.369999,34.610001,32.581718
2023-01-06,35.490002,34.599998,35.380001,33.306599
2023-01-09,35.700001,35.160000,35.250000,33.184219
2023-01-10,35.480000,35.070000,35.450001,33.372494
2023-01-11,35.779999,35.470001,35.779999,33.683147
2023-01-12,36.060001,35.619999,35.849998,33.749046
2023-01-13,36.169998,35.259998,36.119999,34.003227
2023-01-17,36.049999,35.770000,35.880001,33.777290
2023-01-18,35.900002,35.180000,35.209999,33.146553
2023-01-19,34.980000,34.560001,34.799999,32.760582
2023-01-20,35.369999,34.740002,35.349998,33.278351
2023-01-23,35.910000,35.270000,35.759998,33.664326
2023-01-24,35.939999,35.299999,35.779999,33.683147
2023-01-25,36.070000,35.459999,36.060001,33.946754
2023-01-26,36.310001,35.910000,36.250000,34.125607
2023-01-27,36.459999,36.150002,36.250000,34.125607
2023-01-30,36.330002,36.009998,36.070000,33.956161
2023-01-31,36.570000,35.970001,36.560001,34.417450
2023-02-01,36.880001,36.099998,36.560001,34.417450
2023-02-02,36.810001,36.369999,36.660000,34.511589
2023-02-03,36.900002,36.360001,36.590000,34.445679
2023-02-06,36.590000,36.299999,36.580002,34.436264
2023-02-07,37.110001,36.349998,37.000000,34.831661
2023-02-08,37.099998,36.680000,36.779999,34.624542
2023-02-09,37.040001,36.290001,36.369999,34.238579
2023-02-10,36.520000,36.070000,36.490002,34.351540
2023-02-13,36.910000,36.439999,36.910000,34.746929
2023-02-14,37.080002,36.480000,36.709999,34.558647
2023-02-15,36.770000,36.369999,36.750000,34.596313
2023-02-16,36.660000,36.310001,36.380001,34.247986
2023-02-17,36.439999,36.090000,36.389999,34.257401
2023-02-21,36.130001,35.480000,35.639999,33.551361
2023-02-22,35.779999,35.410000,35.599998,33.513699
2023-02-23,35.919998,35.299999,35.630001,33.541946
2023-02-24,35.770000,35.259998,35.660000,33.570187
2023-02-27,36.049999,35.580002,35.650002,33.560768
2023-02-28,35.900002,35.610001,35.720001,33.626667
2023-03-01,35.759998,35.459999,35.599998,33.513699
2023-03-02,35.470001,35.009998,35.430000,33.353668
2023-03-03,36.000000,35.500000,35.990002,33.880840
2023-03-06,36.240002,35.910000,36.020000,33.909092
2023-03-07,35.919998,35.000000,35.090000,33.033588
2023-03-08,35.240002,34.779999,34.959999,32.911209
2023-03-09,34.820000,33.369999,33.540001,31.574427
2023-03-10,33.720001,32.529999,32.930000,31.000174
2023-03-13,32.320000,31.370001,31.629999,29.776358
2023-03-14,32.849998,31.870001,32.270000,30.378857
2023-03-15,31.540001,30.959999,31.410000,29.569256
2023-03-16,32.340000,30.900000,32.009998,30.134090
2023-03-17,31.709999,30.900000,30.980000,29.164454
2023-03-20,31.440001,31.020000,31.170000,29.488955
2023-03-21,32.040001,31.809999,31.959999,30.236347
2023-03-22,32.049999,31.200001,31.219999,29.536255
2023-03-23,31.600000,30.790001,31.010000,29.337582
2023-03-24,31.020000,30.389999,30.990000,29.318663
2023-03-27,31.590000,31.240000,31.420000,29.725468
2023-03-28,31.520000,31.219999,31.410000,29.716011
2023-03-29,31.879999,31.610001,31.870001,30.151199
2023-03-30,32.119999,31.620001,31.799999,30.084974
2023-03-31,32.160000,31.860001,32.150002,30.416101
2023-04-03,32.340000,32.020000,32.209999,30.472866
2023-04-04,32.340000,31.700001,31.910000,30.189043
2023-04-05,31.959999,31.660000,31.870001,30.151199
2023-04-06,32.049999,31.780001,31.990000,30.264727
2023-04-10,32.070000,31.799999,32.060001,30.330956
2023-04-11,32.480000,32.119999,32.340000,30.595854
2023-04-12,32.669998,32.189999,32.270000,30.529631
2023-04-13,32.580002,32.070000,32.560001,30.803989
2023-04-14,33.150002,32.720001,32.880001,31.106731
2023-04-17,33.270000,32.720001,33.259998,31.466230
2023-04-18,33.430000,33.080002,33.360001,31.560846
2023-04-19,33.529999,33.250000,33.439999,31.636524
2023-04-20,33.430000,33.209999,33.340000,31.541922
2023-04-21,33.259998,33.029999,33.220001,31.428392
2023-04-24,33.320000,33.060001,33.139999,31.352709
2023-04-25,32.990002,32.560001,32.570000,30.813448
2023-04-26,32.660000,32.119999,32.259998,30.520166
2023-04-27,32.840000,32.380001,32.779999,31.012123
2023-04-28,33.200001,32.549999,33.169998,31.381090
2023-05-01,33.430000,33.040001,33.080002,31.295942
2023-05-02,32.959999,32.029999,32.330002,30.586395
2023-05-03,32.529999,31.930000,31.959999,30.236347
2023-05-04,31.850000,31.260000,31.549999,29.848455
2023-05-05,32.380001,32.020000,32.330002,30.586395
2023-05-08,32.619999,32.340000,32.380001,30.633692
2023-05-09,32.389999,32.070000,32.259998,30.520166
2023-05-10,32.540001,31.799999,32.080002,30.349880
2023-05-11,32.080002,31.740000,32.029999,30.302572
2023-05-12,32.240002,31.690001,31.900000,30.179581
2023-05-15,32.220001,31.900000,32.160000,30.425556
2023-05-16,32.189999,31.840000,31.860001,30.141741
2023-05-17,32.590000,32.040001,32.500000,30.747227
2023-05-18,32.779999,32.320000,32.740002,30.974281
2023-05-19,32.919998,32.450001,32.599998,30.841829
2023-05-22,32.779999,32.459999,32.660000,30.898594
2023-05-23,32.689999,32.259998,32.279999,30.539085
2023-05-24,32.070000,31.790001,31.860001,30.141741
2023-05-25,31.959999,31.660000,31.850000,30.132280
2023-05-26,32.189999,31.870001,32.110001,30.378258
2023-05-30,32.230000,31.889999,32.099998,30.368797
2023-05-31,31.940001,31.490000,31.760000,30.047134
2023-06-01,32.169998,31.719999,32.099998,30.368797
2023-06-02,32.919998,32.410000,32.799999,31.031048
2023-06-05,32.840000,32.480000,32.630001,30.870207
2023-06-06,33.090000,32.580002,33.040001,31.258104
2023-06-07,33.240002,32.869999,33.169998,31.381090
2023-06-08,33.189999,32.880001,33.139999,31.352709
2023-06-09,33.290001,33.060001,33.150002,31.362171
2023-06-12,33.270000,32.889999,33.139999,31.352709
2023-06-13,33.480000,33.070000,33.340000,31.541922
2023-06-14,33.590000,33.099998,33.209999,31.418932
2023-06-15,33.730000,33.070000,33.650002,31.835205
2023-06-16,33.830002,33.540001,33.580002,31.768976
2023-06-20,33.270000,32.980000,33.180000,31.531401
2023-06-21,33.299999,33.000000,33.139999,31.493383
2023-06-22,33.090000,32.770000,32.880001,31.246305
2023-06-23,32.849998,32.520000,32.740002,31.113264
2023-06-26,32.939999,32.580002,32.669998,31.046738
2023-06-27,33.000000,32.709999,32.930000,31.293823
2023-06-28,32.900002,32.700001,32.849998,31.217796
2023-06-29,33.419998,32.980000,33.419998,31.759472
2023-06-30,33.849998,33.580002,33.709999,32.035065
2023-07-03,34.000000,33.660000,33.900002,32.215626
2023-07-05,33.919998,33.599998,33.830002,32.149101
2023-07-06,33.580002,33.250000,33.540001,31.873512
2023-07-07,33.869999,33.400002,33.590000,31.921030
2023-07-10,33.930000,33.570000,33.740002,32.063576
2023-07-11,34.180000,33.790001,34.139999,32.443695
2023-07-12,34.599998,34.270000,34.360001,32.652771
2023-07-13,34.529999,34.349998,34.480000,32.766808
2023-07-14,34.740002,34.200001,34.250000,32.548237
2023-07-17,34.680000,34.209999,34.580002,32.861839
2023-07-18,35.000000,34.610001,34.970001,33.232456
2023-07-19,35.259998,34.959999,35.119999,33.375004
2023-07-20,35.389999,35.049999,35.380001,33.622086
2023-07-21,35.459999,35.169998,35.259998,33.508053
2023-07-24,35.709999,35.270000,35.599998,33.831154
2023-07-25,35.580002,35.340000,35.369999,33.612587
2023-07-26,35.689999,35.279999,35.580002,33.812157
2023-07-27,35.669998,35.080002,35.130001,33.384514
2023-07-28,35.419998,35.009998,35.200001,33.451038
2023-07-31,35.439999,35.180000,35.330002,33.574581
2023-08-01,35.360001,35.139999,35.330002,33.574581
2023-08-02,35.160000,34.830002,35.029999,33.289478
2023-08-03,35.130001,34.720001,35.049999,33.308483
2023-08-04,35.360001,34.880001,34.910000,33.175442
2023-08-07,35.459999,35.119999,35.400002,33.641090
2023-08-08,35.110001,34.669998,35.080002,33.336990
2023-08-09,35.160000,34.779999,34.820000,33.089909
2023-08-10,35.259998,34.759998,34.849998,33.118427
2023-08-11,34.980000,34.660000,34.919998,33.184944
2023-08-14,34.919998,34.689999,34.849998,33.118427
2023-08-15,34.599998,34.169998,34.209999,32.510212
2023-08-16,34.419998,34.119999,34.160000,32.462708
2023-08-17,34.320000,33.889999,33.990002,32.301155
2023-08-18,34.080002,33.720001,33.980000,32.291653
2023-08-21,34.099998,33.669998,33.939999,32.253639
2023-08-22,33.990002,33.570000,33.619999,31.949537
2023-08-23,33.959999,33.630001,33.950001,32.263138
2023-08-24,34.310001,33.830002,33.830002,32.149101
2023-08-25,34.119999,33.709999,33.990002,32.301155
2023-08-28,34.299999,34.070000,34.180000,32.481716
2023-08-29,34.500000,34.099998,34.490002,32.776318
2023-08-30,34.709999,34.439999,34.509998,32.795311
2023-08-31,34.619999,34.340000,34.380001,32.671776
2023-09-01,34.799999,34.560001,34.689999,32.966370
2023-09-05,34.790001,34.330002,34.340000,32.633762
2023-09-06,34.389999,34.070000,34.320000,32.614758
2023-09-07,34.380001,34.130001,34.230000,32.529228
2023-09-08,34.369999,34.130001,34.299999,32.595753
2023-09-11,34.639999,34.369999,34.459999,32.747803
2023-09-12,34.939999,34.410000,34.689999,32.966370
2023-09-13,34.889999,34.560001,34.689999,32.966370
2023-09-14,35.060001,34.759998,35.009998,33.270477
2023-09-15,35.040001,34.759998,34.830002,33.099419
2023-09-18,34.820000,34.520000,34.770000,33.190105
2023-09-19,34.869999,34.509998,34.730000,33.151917
2023-09-20,34.959999,34.480000,34.490002,32.922829
2023-09-21,34.369999,33.919998,33.919998,32.378719
2023-09-22,34.000000,33.660000,33.660000,32.130535
2023-09-25,33.759998,33.480000,33.740002,32.206905
2023-09-26,33.639999,33.230000,33.290001,31.777348
2023-09-27,33.380001,32.950001,33.240002,31.729624
2023-09-28,33.599998,33.259998,33.480000,31.958717
2023-09-29,33.689999,33.090000,33.169998,31.662804
2023-10-02,33.139999,32.709999,32.889999,31.395525
2023-10-03,32.820000,32.240002,32.369999,30.899153
2023-10-04,32.630001,32.209999,32.610001,31.128248
2023-10-05,32.820000,32.450001,32.759998,31.271425
2023-10-06,33.230000,32.509998,33.040001,31.538712
2023-10-09,33.130001,32.709999,33.060001,31.557802
2023-10-10,33.509998,33.150002,33.299999,31.786896
2023-10-11,33.529999,33.099998,33.349998,31.834620
2023-10-12,33.450001,32.910000,33.139999,31.634161
2023-10-13,33.660000,33.029999,33.209999,31.700989
2023-10-16,33.720001,33.389999,33.560001,32.035084
2023-10-17,33.939999,33.400002,33.720001,32.187817
2023-10-18,33.580002,33.070000,33.139999,31.634161
2023-10-19,33.259998,32.680000,32.700001,31.214159
2023-10-20,32.750000,32.169998,32.200001,30.736877
2023-10-23,32.360001,31.969999,32.000000,30.545965
2023-10-24,32.369999,32.049999,32.220001,30.755974
2023-10-25,32.320000,32.009998,32.099998,30.641418
2023-10-26,32.349998,31.969999,32.029999,30.574602
2023-10-27,32.029999,31.360001,31.450001,30.020962
2023-10-30,32.090000,31.590000,32.009998,30.555513
2023-10-31,32.369999,32.009998,32.360001,30.889606
2023-11-01,32.700001,32.349998,32.570000,31.090065
2023-11-02,33.360001,32.810001,33.340000,31.825083
2023-11-03,33.939999,33.650002,33.779999,32.245090
2023-11-06,33.919998,33.500000,33.680000,32.149628
2023-11-07,33.709999,33.520000,33.630001,32.101898
2023-11-08,33.700001,33.459999,33.669998,32.140083
2023-11-09,33.830002,33.470001,33.529999,32.006443
2023-11-10,33.939999,33.490002,33.910000,32.369183
2023-11-13,33.950001,33.740002,33.860001,32.321453
2023-11-14,34.689999,34.200001,34.500000,32.932369
2023-11-15,34.790001,34.549999,34.689999,33.113739
2023-11-16,34.869999,34.680000,34.830002,33.247383
2023-11-17,35.020000,34.869999,35.009998,33.419189
2023-11-20,35.230000,34.889999,35.150002,33.552830
2023-11-21,35.220001,35.070000,35.130001,33.533745
2023-11-22,35.340000,35.150002,35.270000,33.667377
2023-11-24,35.439999,35.259998,35.380001,33.772381
2023-11-27,35.320000,35.180000,35.259998,33.657833
2023-11-28,35.369999,35.160000,35.250000,33.648293
2023-11-29,35.709999,35.349998,35.500000,33.886932
2023-11-30,35.900002,35.470001,35.900002,34.268757
2023-12-01,36.209999,35.779999,36.169998,34.526482
2023-12-04,36.270000,35.919998,36.130001,34.488297
2023-12-05,36.029999,35.790001,35.950001,34.316486
2023-12-06,36.279999,35.720001,35.770000,34.144665
2023-12-07,35.959999,35.770000,35.939999,34.306931
2023-12-08,36.189999,35.860001,36.130001,34.488297
2023-12-11,36.419998,36.139999,36.349998,34.698311
2023-12-12,36.619999,36.290001,36.610001,34.946495
2023-12-13,37.240002,36.549999,37.200001,35.509689
2023-12-14,37.709999,37.369999,37.570000,35.862881
2023-12-15,37.439999,37.189999,37.349998,35.652866
2023-12-18,37.419998,37.250000,37.290001,35.771832
2023-12-19,37.580002,37.169998,37.570000,36.040428
2023-12-20,37.560001,36.900002,36.900002,35.397705
2023-12-21,37.270000,36.919998,37.259998,35.743034
2023-12-22,37.490002,37.200001,37.340000,35.819782
2023-12-26,37.560001,37.310001,37.490002,35.963676
2023-12-27,37.610001,37.349998,37.610001,36.078793
2023-12-28,37.799999,37.540001,37.720001,36.184311
2023-12-29,37.770000,37.490002,37.599998,36.069195
2024-01-02,37.779999,37.430000,37.759998,36.222683
2024-01-03,37.650002,37.380001,37.439999,35.915714
2024-01-04,37.889999,37.520000,37.590000,36.059601
2024-01-05,37.950001,37.570000,37.750000,36.213093
2024-01-08,38.009998,37.560001,37.990002,36.443314
2024-01-09,37.799999,37.630001,37.750000,36.213093
2024-01-10,37.840000,37.570000,37.810001,36.270657
2024-01-11,37.810001,37.369999,37.669998,36.136349
2024-01-12,37.990002,37.450001,37.599998,36.069195
2024-01-16,37.410000,37.130001,37.340000,35.819782
2024-01-17,37.419998,37.000000,37.270000,35.752636
2024-01-18,37.369999,36.950001,37.330002,35.810188
2024-01-19,37.980000,37.349998,37.930000,36.385765
2024-01-22,38.299999,38.020000,38.110001,36.558434
2024-01-23,38.200001,38.009998,38.169998,36.615993
2024-01-24,38.529999,38.290001,38.320000,36.759888
2024-01-25,38.549999,38.270000,38.509998,36.942150
2024-01-26,38.720001,38.410000,38.650002,37.076454
2024-01-29,38.779999,38.430000,38.750000,37.172386
2024-01-30,39.279999,38.770000,39.240002,37.642437
2024-01-31,39.450001,38.740002,38.759998,37.181969
2024-02-01,38.849998,38.250000,38.820000,37.239525
2024-02-02,39.160000,38.669998,38.980000,37.393013
2024-02-05,38.880001,38.580002,38.750000,37.172386
2024-02-06,38.889999,38.650002,38.830002,37.249126
2024-02-07,39.169998,38.770000,39.119999,37.527313
2024-02-08,39.090000,38.720001,38.970001,37.383423
2024-02-09,39.099998,38.820000,39.080002,37.488949
2024-02-12,39.430000,38.990002,39.259998,37.661613
2024-02-13,39.060001,38.419998,38.730000,37.153198
2024-02-14,39.130001,38.810001,39.099998,37.508137
2024-02-15,39.849998,39.209999,39.770000,38.150856
2024-02-16,39.810001,39.549999,39.630001,38.016552
2024-02-20,39.660000,39.320000,39.520000,37.911034
2024-02-21,39.639999,39.330002,39.639999,38.026142
2024-02-22,40.240002,39.790001,40.099998,38.467419
2024-02-23,40.470001,40.220001,40.299999,38.659275
2024-02-26,40.529999,40.029999,40.099998,38.467419
2024-02-27,40.220001,39.939999,40.209999,38.572941
2024-02-28,40.500000,40.119999,40.360001,38.716835
2024-02-29,40.549999,40.169998,40.340000,38.697647
2024-03-01,40.419998,40.160000,40.290001,38.649685
2024-03-04,40.500000,40.209999,40.389999,38.745609
2024-03-05,40.630001,40.250000,40.400002,38.755207
2024-03-06,40.730000,40.279999,40.610001,38.956657
2024-03-07,40.840000,40.400002,40.549999,38.899097
2024-03-08,40.830002,40.570000,40.619999,38.966251
2024-03-11,40.730000,40.400002,40.689999,39.033401
2024-03-12,40.980000,40.639999,40.860001,39.196484
2024-03-13,41.169998,40.910000,41.160000,39.484261
2024-03-14,41.250000,40.610001,40.830002,39.167698
2024-03-15,40.980000,40.520000,40.790001,39.129326
2024-03-18,40.919998,40.580002,40.869999,39.353676
2024-03-19,41.090000,40.880001,41.070000,39.546265
2024-03-20,41.590000,40.950001,41.560001,40.018082
2024-03-21,42.000000,41.610001,41.900002,40.345467
2024-03-22,42.040001,41.389999,41.419998,39.883274
2024-03-25,41.459999,41.259998,41.259998,39.729206
2024-03-26,41.529999,41.270000,41.400002,39.864017
2024-03-27,41.900002,41.490002,41.889999,40.335838
2024-03-28,42.220001,41.869999,42.119999,40.557312
2024-04-01,42.200001,41.810001,41.889999,40.335838
2024-04-02,41.820000,41.599998,41.669998,40.124001
2024-04-03,41.959999,41.540001,41.650002,40.104748
2024-04-04,42.080002,41.130001,41.180000,39.652176
2024-04-05,41.680000,41.200001,41.570000,40.027710
2024-04-08,41.820000,41.560001,41.750000,40.201038
2024-04-09,41.880001,41.180000,41.509998,39.969936
2024-04-10,41.270000,40.759998,40.889999,39.372940
2024-04-11,40.930000,40.349998,40.599998,39.093697
2024-04-12,40.500000,39.910000,40.060001,38.573734
2024-04-15,40.740002,39.740002,39.860001,38.381157
2024-04-16,39.980000,39.529999,39.590000,38.121166
2024-04-17,39.950001,39.529999,39.689999,38.217449
2024-04-18,40.180000,39.740002,39.830002,38.352261
2024-04-19,40.459999,39.970001,40.380001,38.881859
2024-04-22,41.099998,40.430000,40.869999,39.353676
2024-04-23,41.230000,40.950001,41.130001,39.604034
2024-04-24,41.180000,40.910000,41.119999,39.594402
2024-04-25,41.029999,40.529999,40.880001,39.363308
2024-04-26,41.049999,40.720001,40.820000,39.305538
2024-04-29,40.990002,40.610001,40.759998,39.247761
2024-04-30,40.759998,40.360001,40.360001,38.862606
2024-05-01,40.849998,40.279999,40.360001,38.862606
2024-05-02,40.700001,40.169998,40.459999,38.958904
2024-05-03,40.790001,40.349998,40.549999,39.045555
2024-05-06,41.070000,40.770000,41.070000,39.546265
2024-05-07,41.290001,41.099998,41.209999,39.681068
2024-05-08,41.430000,41.060001,41.360001,39.825504
2024-05-09,41.669998,41.250000,41.669998,40.124001
2024-05-10,41.910000,41.770000,41.830002,40.278061
2024-05-13,42.020000,41.660000,41.660000,40.114372
2024-05-14,41.900002,41.660000,41.869999,40.316582
2024-05-15,42.220001,41.959999,42.180000,40.615074
2024-05-16,42.380001,42.160000,42.180000,40.615074
2024-05-17,42.490002,42.200001,42.490002,40.913582
2024-05-20,42.459999,41.889999,41.910000,40.355099
2024-05-21,42.220001,41.970001,42.180000,40.615074
2024-05-22,42.270000,41.849998,41.939999,40.383980
2024-05-23,41.939999,41.200001,41.360001,39.825504
2024-05-24,41.619999,41.439999,41.610001,40.066231
2024-05-28,41.520000,41.000000,41.150002,39.623295
2024-05-29,40.950001,40.700001,40.820000,39.305538
2024-05-30,41.130001,40.759998,41.040001,39.517380
2024-05-31,41.680000,41.000000,41.639999,40.095112
2024-06-03,41.680000,41.020000,41.380001,39.844761
2024-06-04,41.500000,41.000000,41.189999,39.661808
2024-06-05,41.360001,41.009998,41.310001,39.777359
2024-06-06,41.500000,41.130001,41.290001,39.758102
2024-06-07,41.709999,41.220001,41.480000,39.941055
2024-06-10,41.369999,41.049999,41.320000,39.786987
2024-06-11,41.139999,40.650002,40.849998,39.334423
2024-06-12,41.320000,40.750000,40.810001,39.295910
2024-06-13,40.820000,40.500000,40.779999,39.267017
2024-06-14,40.730000,40.369999,40.650002,39.141846
2024-06-17,41.020000,40.480000,41.009998,39.488483
2024-06-18,41.270000,40.919998,41.270000,39.738846
2024-06-20,41.599998,41.139999,41.490002,39.950680
2024-06-21,41.430000,41.090000,41.330002,39.796616
2024-06-24,41.849998,41.240002,41.590000,40.205536
2024-06-25,41.639999,41.160000,41.279999,39.905853
2024-06-26,41.110001,40.820000,41.020000,39.654510
2024-06-27,41.020000,40.720001,40.970001,39.606174
2024-06-28,41.369999,40.939999,41.110001,39.741505
2024-07-01,41.549999,41.029999,41.200001,39.828514
2024-07-02,41.680000,41.099998,41.680000,40.292545
2024-07-03,41.759998,41.529999,41.549999,40.166859
2024-07-05,41.639999,41.299999,41.540001,40.157196
2024-07-08,41.849998,41.380001,41.430000,40.050861
2024-07-09,42.020000,41.419998,41.750000,40.360210
2024-07-10,41.919998,41.529999,41.910000,40.514889
2024-07-11,42.310001,41.820000,42.240002,40.833897
2024-07-12,42.560001,42.080002,42.380001,40.969234
2024-07-15,43.040001,42.500000,43.000000,41.568596
2024-07-16,43.509998,42.950001,43.490002,42.042290
2024-07-17,43.900002,43.369999,43.820000,42.361301
2024-07-18,44.110001,43.189999,43.290001,41.848942
2024-07-19,43.360001,42.799999,42.849998,41.423592
2024-07-22,43.169998,42.750000,43.090000,41.655602
2024-07-23,43.389999,43.099998,43.169998,41.732937
2024-07-24,43.130001,42.580002,42.580002,41.162575
2024-07-25,43.369999,42.650002,42.740002,41.317257
2024-07-26,43.540001,42.950001,43.410000,41.964951
2024-07-29,43.540001,43.130001,43.349998,41.906948
2024-07-30,44.000000,43.599998,43.849998,42.390301
2024-07-31,44.110001,43.709999,43.740002,42.283962
2024-08-01,43.959999,42.930000,43.119999,41.684605
2024-08-02,42.779999,41.799999,42.060001,40.659889
2024-08-05,41.230000,40.660000,40.840000,39.480503
2024-08-06,41.990002,40.910000,41.500000,40.118534
2024-08-07,42.360001,41.490002,41.549999,40.166859
2024-08-08,42.270000,41.759998,42.220001,40.814560
2024-08-09,42.509998,42.040001,42.400002,40.988567
2024-08-12,42.590000,42.090000,42.180000,40.775898
2024-08-13,42.560001,42.119999,42.529999,41.114243
2024-08-14,43.130001,42.599998,43.049999,41.616932
2024-08-15,43.689999,43.310001,43.450001,42.003616
2024-08-16,43.770000,43.400002,43.770000,42.312965
2024-08-19,44.020000,43.779999,44.009998,42.544971
2024-08-20,44.000000,43.779999,43.869999,42.409637
2024-08-21,43.990002,43.570000,43.799999,42.341965
2024-08-22,44.049999,43.810001,44.049999,42.583637
2024-08-23,44.540001,44.090000,44.430000,42.950996
2024-08-26,44.810001,44.470001,44.570000,43.086330
2024-08-27,44.820000,44.580002,44.799999,43.308678
2024-08-28,45.160000,44.639999,44.910000,43.415016
2024-08-29,45.459999,44.750000,45.310001,43.801704
2024-08-30,45.779999,45.230000,45.740002,44.217388
2024-09-03,45.880001,45.189999,45.400002,43.888710
2024-09-04,45.770000,45.220001,45.450001,43.937046
2024-09-05,45.660000,44.750000,44.950001,43.453686
2024-09-06,45.200001,44.189999,44.290001,42.815655
2024-09-09,45.200001,44.650002,44.950001,43.453686
2024-09-10,45.139999,43.980000,44.490002,43.008999
2024-09-11,44.349998,43.380001,44.279999,42.805984
2024-09-12,44.520000,44.000000,44.380001,42.902657
2024-09-13,44.689999,44.410000,44.509998,43.028336
2024-09-16,45.099998,44.700001,45.090000,43.589024
2024-09-17,45.480000,45.139999,45.330002,43.821041
2024-09-18,45.689999,45.090000,45.189999,43.685692
2024-09-19,45.810001,45.340000,45.689999,44.169052
2024-09-20,45.660000,45.340000,45.660000,44.140049
2024-09-23,45.669998,45.360001,45.439999,44.086681
2024-09-24,45.299999,44.900002,45.060001,43.718006
2024-09-25,45.139999,44.650002,44.790001,43.456047
2024-09-26,45.110001,44.770000,45.020000,43.679199
2024-09-27,45.439999,45.049999,45.150002,43.805328
2024-09-30,45.340000,44.840000,45.320000,43.970264
2024-10-01,45.310001,44.779999,45.080002,43.737411
2024-10-02,45.230000,44.830002,45.130001,43.785923
2024-10-03,45.049999,44.669998,44.889999,43.553070
2024-10-04,45.689999,45.150002,45.650002,44.290428
2024-10-07,45.669998,44.900002,45.090000,43.747108
2024-10-08,45.459999,45.180000,45.349998,43.999359
2024-10-09,45.860001,45.259998,45.770000,44.406860
2024-10-10,45.860001,45.439999,45.630001,44.271030
2024-10-11,46.599998,45.889999,46.509998,45.124817
2024-10-14,46.849998,46.459999,46.799999,45.406181
2024-10-15,47.389999,46.840000,46.900002,45.503204
2024-10-16,47.500000,46.990002,47.480000,46.065926
2024-10-17,47.810001,47.580002,47.610001,46.192059
2024-10-18,47.720001,47.349998,47.619999,46.201759
2024-10-21,47.650002,47.150002,47.240002,45.833080
2024-10-22,47.230000,46.779999,47.150002,45.745758
2024-10-23,47.220001,46.880001,47.110001,45.706955
2024-10-24,47.209999,46.860001,47.150002,45.745758
2024-10-25,47.419998,46.520000,46.630001,45.241245
2024-10-28,47.250000,46.860001,47.209999,45.803974
2024-10-29,47.220001,46.880001,46.919998,45.522614
2024-10-30,47.430000,46.939999,47.130001,45.726360
2024-10-31,47.209999,46.480000,46.480000,45.095711
2024-11-01,47.000000,46.520000,46.639999,45.250942
2024-11-04,46.650002,46.029999,46.279999,44.901665
2024-11-05,46.730000,46.230000,46.709999,45.318863
2024-11-06,49.680000,48.700001,49.549999,48.074284
2024-11-07,49.439999,48.660000,48.750000,47.298107
2024-11-08,49.470001,48.849998,49.189999,47.724998
2024-11-11,50.139999,49.669998,49.889999,48.404152
2024-11-12,49.939999,49.590000,49.740002,48.258621
2024-11-13,50.130001,49.689999,49.770000,48.287735
2024-11-14,49.990002,49.549999,49.639999,48.161602
2024-11-15,50.009998,49.610001,49.869999,48.384754
2024-11-18,50.110001,49.700001,50.020000,48.530285
2024-11-19,49.880001,49.419998,49.689999,48.210114
2024-11-20,49.919998,49.299999,49.540001,48.064579
2024-11-21,50.400002,49.660000,50.169998,48.675816
2024-11-22,50.779999,50.130001,50.730000,49.219135
2024-11-25,51.250000,50.860001,51.060001,49.539314
2024-11-26,51.259998,50.759998,51.160000,49.636330
2024-11-27,51.619999,51.209999,51.259998,49.733349
2024-11-29,51.570000,51.250000,51.340000,49.810970
2024-12-02,51.490002,50.700001,50.830002,49.316158
2024-12-03,51.130001,50.450001,50.450001,48.947479
2024-12-04,50.439999,50.090000,50.259998,48.763134
2024-12-05,50.669998,50.299999,50.410000,48.908669
2024-12-06,50.570000,50.259998,50.400002,48.898972
2024-12-09,50.490002,49.689999,49.709999,48.229515
2024-12-10,49.980000,49.389999,49.700001,48.219814
2024-12-11,49.919998,49.580002,49.799999,48.316837
2024-12-12,49.970001,49.580002,49.580002,48.103386
2024-12-13,49.799999,49.430000,49.540001,48.064579
2024-12-16,49.630001,49.360001,49.450001,47.977264
2024-12-17,49.270000,48.930000,49.099998,47.637684
2024-12-18,49.299999,47.590000,47.630001,46.211468
2024-12-19,48.529999,47.790001,47.799999,46.376400
2024-12-20,48.889999,47.599998,48.509998,47.065258
2024-12-23,48.459999,47.869999,48.419998,47.178280
2024-12-24,49.009998,48.430000,48.990002,47.733665
2024-12-26,49.130001,48.740002,49.110001,47.850586
2024-12-27,49.169998,48.490002,48.750000,47.499813
2024-12-30,48.500000,47.860001,48.279999,47.041870
2024-12-31,48.570000,48.160000,48.330002,47.090588
2025-01-02,48.770000,47.939999,48.209999,46.973663
2025-01-03,48.619999,48.080002,48.590000,47.343914
2025-01-06,49.020000,48.349998,48.439999,47.197765
2025-01-07,48.759998,48.119999,48.330002,47.090588
2025-01-08,48.500000,48.020000,48.490002,47.246483
2025-01-10,48.139999,47.150002,47.320000,46.106491
2025-01-13,47.680000,47.040001,47.660000,46.437767
2025-01-14,48.290001,47.740002,48.250000,47.012638
2025-01-15,49.610001,49.009998,49.480000,48.211094
2025-01-16,49.849998,49.459999,49.810001,48.532635
2025-01-17,50.320000,49.730000,50.230000,48.941864
2025-01-21,50.709999,50.389999,50.650002,49.351093
2025-01-22,50.660000,50.209999,50.410000,49.117245
2025-01-23,50.790001,50.480000,50.700001,49.399811
2025-01-24,50.900002,50.480000,50.849998,49.545959
2025-01-27,51.439999,50.619999,51.410000,50.091606
2025-01-28,51.549999,51.110001,51.320000,50.003906
2025-01-29,51.740002,51.169998,51.279999,49.964935
2025-01-30,52.040001,51.430000,51.770000,50.442368
2025-01-31,51.970001,51.439999,51.470001,50.150066
2025-02-03,51.400002,50.410000,51.259998,49.945446
2025-02-04,51.389999,51.000000,51.139999,49.828526
2025-02-05,51.689999,51.139999,51.680000,50.354679
2025-02-06,52.130001,51.759998,52.110001,50.773651
2025-02-07,52.259998,51.779999,51.820000,50.491089
2025-02-10,51.980000,51.189999,51.410000,50.091606
2025-02-11,51.639999,51.020000,51.540001,50.218277
2025-02-12,51.380001,50.919998,51.360001,50.042881
2025-02-13,51.770000,51.279999,51.700001,50.374168
2025-02-14,52.020000,51.750000,51.799999,50.471600
2025-02-18,52.200001,51.750000,52.169998,50.832108
2025-02-19,52.250000,51.900002,52.189999,50.851597
2025-02-20,52.150002,51.040001,51.389999,50.072113
2025-02-21,51.500000,50.650002,50.750000,49.448528
2025-02-24,51.410000,50.680000,50.970001,49.662880
2025-02-25,51.410000,50.310001,50.959999,49.653141
2025-02-26,51.320000,50.750000,50.849998,49.545959
2025-02-27,51.799999,50.990002,51.130001,49.818783
2025-02-28,52.259998,51.169998,52.180000,50.841854
2025-03-03,52.639999,51.369999,51.740002,50.413139
2025-03-04,51.279999,49.639999,49.919998,48.639809
2025-03-05,50.450001,49.560001,50.209999,48.922371
2025-03-06,49.959999,49.060001,49.380001,48.113659
2025-03-07,49.330002,48.250000,49.119999,47.860325
2025-03-10,48.610001,47.459999,48.020000,46.788540
2025-03-11,48.080002,47.279999,47.610001,46.389053
2025-03-12,48.189999,47.220001,47.680000,46.457256
2025-03-13,48.080002,47.279999,47.419998,46.203922
2025-03-14,48.599998,47.619999,48.520000,47.275711
2025-03-17,49.330002,48.320000,49.090000,47.831100
2025-03-18,49.290001,48.849998,49.029999,47.772633
2025-03-19,49.830002,48.860001,49.570000,48.298786
2025-03-20,49.980000,49.200001,49.639999,48.366989
2025-03-21,49.639999,49.029999,49.459999,48.191612
2025-03-24,50.270000,49.660000,50.150002,49.041397
2025-03-25,50.509998,50.080002,50.430000,49.315208
2025-03-26,50.910000,50.090000,50.279999,49.168526
2025-03-27,50.450001,49.790001,50.180000,49.070732
2025-03-28,50.299999,49.020000,49.209999,48.122181
2025-03-31,50.060001,48.580002,49.810001,48.708916
2025-04-01,49.970001,49.200001,49.750000,48.650246
2025-04-02,50.330002,49.270000,50.160000,49.051178
2025-04-03,48.650002,47.599998,47.689999,46.635773
2025-04-04,46.410000,44.090000,44.200001,43.222927
2025-04-07,45.650002,42.209999,44.090000,43.115356
2025-04-08,46.220001,43.240002,43.919998,42.949116
2025-04-09,47.610001,43.070000,47.230000,46.185951
2025-04-10,46.599998,44.540001,45.910000,44.895123
2025-04-11,46.970001,45.369999,46.669998,45.638321
2025-04-14,47.619999,46.869999,47.150002,46.107719
2025-04-15,47.900002,47.230000,47.270000,46.225067
2025-04-16,47.340000,46.180000,46.529999,45.501419
2025-04-17,47.209999,46.430000,46.650002,45.618771
2025-04-21,46.549999,45.139999,45.650002,44.640877
2025-04-22,47.279999,46.200001,47.160000,46.117500
2025-04-23,48.730000,47.560001,47.720001,46.665112
2025-04-24,48.340000,47.360001,48.250000,47.183399
2025-04-25,48.230000,47.700001,48.020000,46.958485
2025-04-28,48.570000,47.830002,48.169998,47.105167
2025-04-29,48.759998,47.959999,48.669998,47.594109
2025-04-30,48.930000,47.500000,48.759998,47.682125
2025-05-01,49.070000,48.439999,48.750000,47.672344
2025-05-02,49.939999,49.330002,49.759998,48.660023
2025-05-05,49.830002,49.099998,49.439999,48.347092
2025-05-06,49.560001,48.970001,49.160000,48.073284
2025-05-07,49.720001,49.259998,49.450001,48.356873
2025-05-08,50.369999,49.730000,49.860001,48.757809
2025-05-09,50.040001,49.720001,49.860001,48.757809
2025-05-12,51.200001,50.549999,50.869999,49.745487
2025-05-13,51.320000,50.910000,51.080002,49.950844
2025-05-14,51.169998,50.790001,50.939999,49.813934
2025-05-15,51.360001,50.830002,51.279999,50.146420
2025-05-16,51.669998,51.160000,51.590000,50.449566
2025-05-19,51.770000,51.240002,51.619999,50.478905
2025-05-20,51.520000,51.110001,51.340000,50.205090
2025-05-21,51.169998,50.250000,50.290001,49.178307
2025-05-22,50.520000,49.970001,50.230000,49.119633
2025-05-23,50.290001,49.570000,50.049999,48.943607
2025-05-27,50.959999,50.259998,50.930000,49.804157
2025-05-28,51.020000,50.509998,50.590000,49.471672
2025-05-29,50.860001,50.360001,50.849998,49.725922
2025-05-30,51.049999,50.459999,50.959999,49.833496
2025-06-02,51.000000,50.290001,50.980000,49.853050
2025-06-03,51.130001,50.410000,51.080002,49.950844
2025-06-04,51.209999,50.779999,50.790001,49.667252
2025-06-05,50.880001,50.450001,50.650002,49.530346
2025-06-06,51.439999,51.049999,51.279999,50.146420
2025-06-09,51.360001,50.689999,51.000000,49.872608
2025-06-10,51.080002,50.880001,51.060001,49.931282
2025-06-11,51.340000,50.810001,51.000000,49.872608
2025-06-12,51.009998,50.500000,51.000000,49.872608
2025-06-13,50.459999,49.810001,49.959999,48.855602
2025-06-16,50.880001,50.310001,50.529999,49.412994
2025-06-17,50.480000,50.090000,50.240002,49.129406
2025-06-18,50.770000,50.150002,50.220001,49.109852
2025-06-20,50.580002,50.220001,50.360001,49.246761
2025-06-23,50.840000,49.840000,50.820000,49.866901
2025-06-24,51.770000,51.279999,51.580002,50.612652
2025-06-25,51.599998,51.299999,51.410000,50.445839
2025-06-26,51.830002,51.410000,51.790001,50.818710
2025-06-27,52.230000,51.700001,51.939999,50.965900
2025-06-30,52.439999,52.139999,52.369999,51.387836
2025-07-01,52.770000,52.209999,52.660000,51.672398
2025-07-02,52.759998,52.340000,52.619999,51.633152
2025-07-03,53.270000,52.700001,53.189999,52.192455
2025-07-07,53.250000,52.419998,52.680000,51.692024
2025-07-08,52.599998,52.180000,52.209999,51.230831
2025-07-09,52.500000,52.139999,52.400002,51.417271
2025-07-10,52.759998,52.279999,52.709999,51.721455
2025-07-11,52.410000,52.080002,52.160000,51.181774
2025-07-14,52.580002,52.020000,52.549999,51.564461
2025-07-15,52.450001,51.650002,51.650002,50.681339
2025-07-16,52.060001,51.330002,52.009998,51.034584
2025-07-17,52.599998,51.810001,52.509998,51.525208
2025-07-18,52.650002,52.430000,52.540001,51.554649
2025-07-21,52.939999,52.369999,52.389999,51.407459
2025-07-22,52.750000,52.470001,52.680000,51.692024
2025-07-23,53.099998,52.560001,53.099998,52.104141
2025-07-24,53.439999,53.009998,53.070000,52.074707
2025-07-25,53.490002,52.990002,53.439999,52.437763
2025-07-28,53.439999,52.959999,53.070000,52.074707
2025-07-29,53.299999,52.680000,52.799999,51.809769
2025-07-30,53.029999,52.439999,52.700001,51.711643
2025-07-31,52.990002,52.270000,52.369999,51.387836
2025-08-01,51.759998,51.049999,51.400002,50.436028
2025-08-04,51.910000,51.490002,51.910000,50.936459
2025-08-05,52.090000,51.360001,51.700001,50.730400
2025-08-06,52.029999,51.660000,51.950001,50.975716
2025-08-07,52.250000,51.220001,51.369999,50.406582
2025-08-08,51.970001,51.500000,51.849998,50.877583
2025-08-11,52.029999,51.720001,51.830002,50.857964
2025-08-12,52.549999,52.040001,52.459999,51.476143
2025-08-13,52.910000,52.490002,52.759998,51.770515
2025-08-14,53.049999,52.529999,53.009998,52.015835
2025-08-15,53.160000,52.419998,52.459999,51.476143
2025-08-18,52.560001,52.290001,52.500000,51.515396
2025-08-19,52.869999,52.450001,52.599998,51.613522
2025-08-20,53.009998,52.509998,52.869999,51.878456
2025-08-21,52.799999,52.349998,52.700001,51.711643
2025-08-22,53.680000,52.950001,53.570000,52.565327
2025-08-25,53.580002,53.240002,53.259998,52.261143
2025-08-26,53.689999,53.099998,53.669998,52.663456
2025-08-27,53.939999,53.509998,53.779999,52.771389
2025-08-28,53.910000,53.700001,53.849998,52.840073
2025-08-29,54.139999,53.799999,53.990002,52.977455
2025-09-02,53.700001,53.119999,53.590000,52.584953
2025-09-03,53.599998,53.130001,53.500000,52.496643
2025-09-04,54.080002,53.570000,54.060001,53.046143
2025-09-05,54.250000,52.869999,53.070000,52.074707
2025-09-08,53.169998,52.840000,53.110001,52.113956
2025-09-09,53.590000,52.959999,53.340000,52.339645
2025-09-10,53.400002,52.930000,53.160000,52.163021
2025-09-11,54.070000,53.180000,54.029999,53.016701
2025-09-12,54.070000,53.709999,53.799999,52.791016
2025-09-15,54.090000,53.619999,53.680000,52.673267
2025-09-16,53.669998,53.270000,53.560001,52.555519
2025-09-17,54.330002,53.650002,54.080002,53.065769
2025-09-18,54.500000,53.990002,54.130001,53.114830
2025-09-19,54.410000,53.919998,54.250000,53.232578
2025-09-22,54.060001,53.639999,54.000000,53.161697
2025-09-23,54.490002,53.630001,53.759998,52.925419
2025-09-24,53.959999,53.500000,53.610001,52.777752
2025-09-25,53.709999,53.240002,53.470001,52.639923
2025-09-26,54.099998,53.639999,53.860001,53.023869
2025-09-29,54.150002,53.740002,54.130001,53.289680
2025-09-30,54.240002,53.419998,53.869999,53.033714
2025-10-01,53.759998,53.369999,53.389999,52.561165
2025-10-02,53.480000,53.060001,53.349998,52.521782
2025-10-03,53.970001,53.380001,53.720001,52.886040
2025-10-06,54.070000,53.299999,53.700001,52.866352
2025-10-07,54.049999,53.520000,53.770000,52.935261
2025-10-08,53.950001,53.340000,53.509998,52.679302
2025-10-09,53.810001,53.189999,53.320000,52.492249
2025-10-10,53.680000,52.160000,52.160000,51.350262
2025-10-13,52.820000,52.340000,52.660000,51.842499
2025-10-14,53.650002,52.250000,53.240002,52.413490
2025-10-15,53.759998,52.860001,53.240002,52.413490
2025-10-16,53.119999,51.540001,51.759998,50.956467
2025-10-17,52.360001,51.730000,52.180000,51.369949
2025-10-20,52.900002,52.290001,52.790001,51.970478
2025-10-21,53.130001,52.660000,52.730000,51.911411
2025-10-22,52.820000,52.119999,52.430000,51.616066
2025-10-23,52.680000,52.290001,52.540001,51.724361
2025-10-24,53.279999,52.810001,53.110001,52.285511
2025-10-27,53.430000,53.200001,53.330002,52.502098
2025-10-28,53.400002,52.939999,52.990002,52.167374
2025-10-29,52.580002,51.869999,52.090000,51.281349
2025-10-30,52.820000,52.020000,52.230000,51.419170
2025-10-31,52.500000,51.939999,52.369999,51.556999
2025-11-03,52.340000,51.650002,52.150002,51.340416
2025-11-04,52.540001,51.840000,52.419998,51.606224
2025-11-05,52.820000,52.180000,52.599998,51.783428
2025-11-06,52.700001,52.169998,52.410000,51.596378
2025-11-07,52.799999,52.090000,52.779999,51.960632
2025-11-10,53.150002,52.650002,52.970001,52.147686
2025-11-11,53.340000,52.880001,53.209999,52.383957
2025-11-12,53.889999,53.220001,53.669998,52.836819
2025-11-13,53.759998,52.880001,52.980000,52.157532
2025-11-14,52.810001,52.270000,52.450001,51.635757
2025-11-17,52.490002,51.250000,51.450001,50.651283
2025-11-18,51.750000,51.150002,51.369999,50.572517
2025-11-19,51.650002,51.189999,51.560001,50.759579
2025-11-20,52.389999,51.080002,51.110001,50.316563
2025-11-21,51.970001,51.139999,51.669998,50.867867
2025-11-24,51.970001,51.330002,51.889999,51.084454
2025-11-25,52.660000,51.910000,52.540001,51.724361
2025-11-26,53.150002,52.599998,52.950001,52.127998
2025-11-28,53.549999,53.029999,53.330002,52.502098
2025-12-01,53.400002,52.840000,52.889999,52.068928
2025-12-02,53.139999,52.639999,52.840000,52.019703
2025-12-03,53.599998,52.880001,53.549999,52.718681
2025-12-04,53.910000,53.470001,53.660000,52.826973
2025-12-05,53.930000,53.450001,53.680000,52.846664
2025-12-08,53.709999,53.279999,53.480000,52.649769
2025-12-09,53.950001,53.250000,53.279999,52.452873
2025-12-10,54.080002,53.209999,53.889999,53.053402
2025-12-11,54.980000,53.930000,54.869999,54.018188
2025-12-12,55.209999,54.709999,54.950001,54.096947
2025-12-15,55.310001,54.820000,54.990002,54.136326
2025-12-16,55.160000,54.480000,54.639999,53.791759
2025-12-17,55.070000,54.580002,54.630001,53.781914
2025-12-18,55.020000,54.360001,54.540001,53.693317
2025-12-19,55.020000,54.560001,54.840000,53.988655
2025-12-22,55.439999,54.740002,55.320000,54.651550
2025-12-23,55.560001,55.310001,55.430000,54.760220
2025-12-24,55.889999,55.410000,55.730000,55.056595
2025-12-26,55.799999,55.439999,55.619999,54.947922
2025-12-29,55.680000,55.259998,55.320000,54.651550
2025-12-30,55.400002,55.139999,55.180000,54.513241
2025-12-31,55.259998,54.750000,54.770000,54.108192
2026-01-02,55.000000,54.340000,54.930000,54.266262
2026-01-05,56.509998,54.820000,56.130001,55.451759
2026-01-06,56.520000,55.990002,56.400002,55.718502
2026-01-07,56.340000,55.540001,55.610001,54.938046
2026-01-08,56.250000,55.410000,55.900002,55.224541
2026-01-09,56.160000,55.720001,55.730000,55.056595
2026-01-12,55.360001,54.840000,55.290001,54.621910
2026-01-13,55.230000,54.150002,54.230000,53.574718
2026-01-14,54.180000,53.689999,54.150002,53.495689
2026-01-15,54.700001,54.209999,54.369999,53.713028
2026-01-16,54.759998,54.290001,54.439999,53.782177
2026-01-20,54.110001,53.099998,53.200001,52.557167
2026-01-21,53.830002,53.240002,53.459999,52.814022
2026-01-22,54.049999,53.639999,53.810001,53.159798
2026-01-23,53.509998,52.880001,53.070000,52.428734
2026-01-26,53.549999,53.090000,53.410000,52.764626
2026-01-27,53.430000,52.840000,53.000000,52.359581
2026-01-28,53.209999,52.759998,52.990002,52.349701
2026-01-29,53.630001,52.990002,53.549999,52.902935
2026-01-30,53.660000,53.020000,53.439999,52.794262
2026-02-02,54.090000,53.200001,54.029999,53.377132
2026-02-03,54.169998,53.160000,53.529999,52.883175
2026-02-04,54.180000,53.400002,53.959999,53.307976
2026-02-05,54.060001,53.180000,53.290001,52.646072
2026-02-06,54.349998,53.830002,54.259998,53.604355
2026-02-09,54.389999,53.900002,53.939999,53.288223
2026-02-10,54.259998,53.119999,53.549999,52.902935
2026-02-11,53.930000,52.689999,52.740002,52.102726
2026-02-12,53.110001,51.430000,51.689999,51.065411
2026-02-13,51.930000,51.250000,51.650002,51.025894
2026-02-17,52.410000,51.820000,52.200001,51.569248
2026-02-18,52.779999,52.279999,52.590000,51.954536
2026-02-19,52.380001,51.740002,52.150002,51.519852
2026-02-20,52.500000,51.720001,52.490002,51.855747
2026-02-23,52.470001,50.639999,50.730000,50.117012
2026-02-24,51.180000,50.240002,50.980000,50.363991
2026-02-25,51.889999,51.169998,51.869999,51.243237
2026-02-26,52.660000,51.980000,52.500000,51.865623
2026-02-27,52.060001,51.009998,51.430000,50.808552
2026-03-02,51.630001,50.459999,51.299999,50.680119
2026-03-03,51.549999,50.080002,51.209999,50.591209
2026-03-04,51.650002,51.080002,51.500000,50.877705
2026-03-05,51.820000,50.910000,51.230000,50.610973
2026-03-06,50.619999,49.750000,50.570000,49.958939
2026-03-09,50.520000,49.180000,50.330002,49.721844
2026-03-10,50.689999,49.750000,50.060001,49.455109
2026-03-11,50.119999,49.220001,49.639999,49.040184
2026-03-12,49.220001,48.790001,48.830002,48.239971
2026-03-13,49.459999,48.849998,48.889999,48.299244
2026-03-16,49.750000,49.110001,49.299999,48.704292
2026-03-17,50.189999,49.509998,49.560001,48.961151
2026-03-18,49.709999,48.919998,48.970001,48.378281
2026-03-19,49.180000,48.520000,48.990002,48.398037
2026-03-20,49.340000,48.790001,49.080002,48.486950
2026-03-23,49.860001,49.220001,49.270000,48.924858
2026-03-24,49.590000,48.779999,49.279999,48.934788
2026-03-25,49.950001,48.990002,49.340000,48.994366
2026-03-26,49.490002,48.880001,49.049999,48.706398
2026-03-27,48.840000,47.669998,47.810001,47.475086
2026-03-30,48.720001,48.090000,48.360001,48.021233
2026-03-31,49.459999,48.509998,49.369999,49.024158
2026-04-01,49.849998,49.139999,49.439999,49.093666
2026-04-02,49.810001,48.599998,49.529999,49.183033
2026-04-06,50.009998,49.450001,49.880001,49.530586
2026-04-07,50.020000,49.500000,49.880001,49.530586
2026-04-08,51.480000,50.959999,51.200001,50.841339
2026-04-09,51.540001,50.799999,51.330002,50.970428
2026-04-10,51.290001,50.639999,50.770000,50.414349
2026-04-13,51.669998,50.419998,51.660000,51.298115
2026-04-14,51.910000,51.439999,51.779999,51.417271
2026-04-15,52.330002,51.820000,52.169998,51.804539
2026-04-16,52.410000,51.919998,52.029999,51.665520
2026-04-17,52.980000,52.299999,52.430000,52.062721
2026-04-20,52.759998,52.259998,52.630001,52.261318
2026-04-21,53.189999,52.200001,52.299999,51.933628
2026-04-22,52.650002,52.070000,52.209999,51.844261
2026-04-23,52.169998,51.299999,51.799999,51.437134
2026-04-24,51.669998,51.320000,51.419998,51.059795
2026-04-27,51.900002,51.270000,51.810001,51.447067
2026-04-28,52.400002,51.799999,51.849998,51.486782
2026-04-29,52.299999,51.700001,51.919998,51.556293
2026-04-30,52.250000,51.200001,52.130001,51.764824
2026-05-01,52.610001,51.919998,51.919998,51.556293
2026-05-04,52.189999,51.490002,51.580002,51.218678
2026-05-05,51.770000,51.380001,51.590000,51.228607
2026-05-06,52.240002,51.779999,51.840000,51.476852
2026-05-07,52.080002,51.419998,51.549999,51.188885
2026-05-08,51.740002,51.139999,51.240002,50.881058
2026-05-11,51.459999,50.959999,51.180000,50.821476
2026-05-12,51.700001,50.810001,51.580002,51.218678
2026-05-13,51.330002,50.959999,50.990002,50.632809
2026-05-14,51.490002,51.099998,51.290001,50.930710
2026-05-15,51.500000,51.040001,51.099998,50.742039
2026-05-18,51.799999,50.970001,51.740002,51.377556
2026-05-19,51.790001,51.049999,51.099998,50.742039
2026-05-20,51.709999,50.779999,51.660000,51.298115
2026-05-21,51.830002,51.209999,51.730000,51.367626
2026-05-22,52.169998,51.840000,51.939999,51.576153
2026-05-26,52.230000,51.720001,51.849998,51.486782
2026-05-27,51.990002,51.299999,51.419998,51.059795
2026-05-28,51.500000,51.020000,51.270000,50.910847
2026-05-29,51.790001,51.169998,51.580002,51.218678
2026-06-01,51.599998,51.189999,51.430000,51.069729
2026-06-02,51.660000,50.980000,51.459999,51.099514
2026-06-03,51.160000,50.520000,50.869999,50.513649
2026-06-04,52.299999,51.480000,52.189999,51.824402
2026-06-05,52.480000,52.060001,52.299999,51.933628
2026-06-08,52.470001,51.959999,51.970001,51.605942
2026-06-09,52.700001,52.040001,52.459999,52.092510
2026-06-10,52.810001,52.209999,52.230000,51.864120
2026-06-11,52.770000,52.040001,52.619999,52.251392
2026-06-12,53.549999,52.810001,53.340000,52.966347
2026-06-15,53.970001,53.480000,53.560001,53.184807
2026-06-16,54.430000,53.849998,54.349998,53.969273
2026-06-17,54.889999,53.900002,54.049999,53.671371
2026-06-18,54.610001,53.459999,53.570000,53.194733
2026-06-22,54.020000,53.570000,53.700001,53.510616
2026-06-23,54.029999,53.490002,53.880001,53.689983
2026-06-24,54.099998,53.540001,53.720001,53.530548
2026-06-25,54.680000,53.400002,53.450001,53.261497
2026-06-26,53.939999,53.200001,53.570000,53.381077
2026-06-29,54.029999,53.680000,53.720001,53.530548
2026-06-30,53.849998,53.400002,53.610001,53.420937
2026-07-01,55.080002,53.750000,54.779999,54.586807
2026-07-02,55.639999,55.009998,55.619999,55.423843
2026-07-06,56.160000,55.580002,56.139999,55.942013
2026-07-07,56.590000,56.009998,56.049999,55.852329
2026-07-08,55.799999,54.950001,54.970001,54.776138
2026-07-09,55.689999,54.970001,55.540001,55.344128
2026-07-10,56.029999,55.360001,55.709999,55.513527
2026-07-13,56.160000,55.610001,56.070000,55.872257
2026-07-14,56.799999,55.590000,56.180000,55.981873
2026-07-15,56.820000,56.180000,56.560001,56.360531
2026-07-16,56.840000,56.389999,56.750000,56.549862
2026-07-17,56.939999,56.119999,56.259998,56.061588
2026-07-20,56.380001,55.889999,56.040001,55.842365
2026-07-21,56.340000,55.720001,56.110001,55.912117
2026-07-22,56.279999,55.910000,56.049999,55.852329
2026-07-23,55.860001,55.450001,55.830002,55.633106
2026-07-24,56.380001,55.689999,56.310001,56.111412
2026-07-27,57.130001,56.590000,56.880001,56.679401
2026-07-28,57.599998,56.950001,57.599998,57.396862
2026-07-29,57.470001,56.590000,56.680000,56.480106
2026-07-30,57.049999,56.180000,57.000000,56.798981
2026-07-31,57.119999,56.689999,56.939999,56.739189
2026-08-03,57.549999,57.000000,57.380001,57.177639
2026-08-04,58.020000,57.189999,57.880001,57.675877
2026-08-05,58.410000,57.799999,58.000000,57.795452
2026-08-06,58.380001,57.590000,57.810001,57.606125
2026-08-07,57.790001,57.340000,57.599998,57.396862
2026-08-10,58.020000,57.459999,57.810001,57.606125
2026-08-11,58.099998,57.720001,57.799999,57.596157
2026-08-12,58.000000,57.680000,57.919998,57.715733
2026-08-13,58.310001,57.750000,58.259998,58.054535
2026-08-14,58.290001,58.060001,58.160000,57.954887
2026-08-17,58.270000,57.549999,57.580002,57.376934
2026-08-18,57.980000,57.570000,57.840000,57.636017
2026-08-19,58.200001,57.419998,57.480000,57.277287
2026-08-20,57.660000,56.910000,56.950001,56.749157
2026-08-21,57.700001,57.250000,57.480000,57.277287
2026-08-24,58.380001,57.639999,58.220001,58.014679
2026-08-25,58.360001,57.869999,58.310001,58.104359
2026-08-26,58.380001,58.020000,58.259998,58.054535
2026-08-27,58.230000,57.730000,57.880001,57.675877
2026-08-28,58.410000,57.919998,58.099998,57.895100
2026-08-31,57.930000,57.689999,57.709999,57.506474
2026-09-01,57.980000,57.130001,57.200001,56.998276
2026-09-02,58.230000,57.320000,57.660000,57.456650
2026-09-03,58.599998,57.990002,58.560001,58.353477
2026-09-04,58.380001,57.919998,58.099998,57.895100
2026-09-08,57.820000,57.259998,57.299999,57.097919
2026-09-09,57.330002,56.730000,57.060001,56.858768
2026-09-10,57.110001,56.689999,56.869999,56.669437
2026-09-11,57.619999,56.959999,57.250000,57.048096
2026-09-14,57.570000,56.759998,57.029999,56.828873
2026-09-15,56.990002,56.459999,56.849998,56.649506
2026-09-16,56.849998,55.439999,55.930000,55.732754
2026-09-17,56.400002,55.560001,55.880001,55.682930
2026-09-18,55.980000,55.459999,55.860001,55.662998
2026-09-21,56.209999,55.720001,55.900002,55.900002
2026-09-22,56.049999,54.549999,54.799999,54.799999
2026-09-23,55.080002,54.459999,54.540001,54.540001
2026-09-24,54.820000,54.250000,54.529999,54.529999
2026-09-25,54.884998,54.310001,54.840000,54.840000
