date,high,low,close,adjclose
1998-12-22,23.281250,23.203125,23.281250,14.358093
1998-12-23,23.750000,23.453125,23.687500,14.608626
1998-12-24,24.015625,23.828125,24.000000,14.801359
1998-12-28,24.140625,24.000000,24.125000,14.878455
1998-12-29,24.468750,24.250000,24.468750,15.090449
1998-12-30,24.453125,24.296875,24.359375,15.022998
1998-12-31,24.562500,24.312500,24.562500,15.148265
1999-01-04,24.843750,24.218750,24.218750,14.936272
1999-01-05,24.765625,24.359375,24.718750,15.244634
1999-01-06,25.328125,24.953125,25.250000,15.572264
1999-01-07,25.125000,24.843750,25.031250,15.437350
1999-01-08,25.250000,24.828125,25.218750,15.552991
1999-01-11,25.156250,24.875000,24.984375,15.408442
1999-01-12,24.921875,24.609375,24.687500,15.225359
1999-01-13,24.359375,24.000000,24.062500,14.839907
1999-01-14,24.218750,23.953125,23.953125,14.772454
1999-01-15,24.421875,24.078125,24.359375,15.022998
1999-01-19,24.578125,24.109375,24.312500,14.994078
1999-01-20,24.500000,24.203125,24.203125,14.926630
1999-01-21,24.140625,23.984375,24.000000,14.801359
1999-01-22,23.750000,23.531250,23.531250,14.512267
1999-01-25,23.921875,23.609375,23.921875,14.753182
1999-01-26,23.921875,23.921875,23.921875,14.753182
1999-01-27,24.203125,24.109375,24.109375,14.868814
1999-01-28,24.187500,23.953125,24.140625,14.888080
1999-01-29,24.406250,23.953125,24.296875,14.984457
1999-02-01,24.500000,24.328125,24.328125,15.003722
1999-02-02,24.187500,23.859375,24.140625,14.888080
1999-02-03,24.375000,24.140625,24.375000,15.032634
1999-02-04,24.421875,24.250000,24.406250,15.051903
1999-02-05,24.484375,24.296875,24.328125,15.003722
1999-02-08,24.500000,24.140625,24.406250,15.051903
1999-02-09,24.359375,24.078125,24.078125,14.849539
1999-02-10,24.171875,24.046875,24.171875,14.907355
1999-02-11,24.500000,24.328125,24.500000,15.109719
1999-02-12,24.390625,24.312500,24.359375,15.022998
1999-02-16,24.531250,24.468750,24.484375,15.100082
1999-02-17,24.750000,24.281250,24.484375,15.100082
1999-02-18,24.531250,24.265625,24.484375,15.100082
1999-02-19,24.671875,24.375000,24.640625,15.196450
1999-02-22,25.015625,24.656250,25.015625,15.427722
1999-02-23,25.046875,24.859375,25.000000,15.418081
1999-02-24,25.171875,24.875000,24.937500,15.379540
1999-02-25,24.578125,24.281250,24.437500,15.071172
1999-02-26,24.656250,24.375000,24.515625,15.119361
1999-03-01,24.500000,24.312500,24.500000,15.109719
1999-03-02,24.609375,24.296875,24.296875,14.984457
1999-03-03,24.484375,24.109375,24.156250,14.897717
1999-03-04,24.625000,24.343750,24.625000,15.186809
1999-03-05,25.171875,25.046875,25.171875,15.524081
1999-03-08,25.312500,25.187500,25.312500,15.610806
1999-03-09,25.515625,25.296875,25.437500,15.687899
1999-03-10,25.468750,25.234375,25.390625,15.658978
1999-03-11,25.703125,25.406250,25.421875,15.678264
1999-03-12,25.546875,25.453125,25.500000,15.726444
1999-03-15,25.578125,25.437500,25.437500,15.687899
1999-03-16,25.500000,25.265625,25.265625,15.581898
1999-03-17,25.453125,25.187500,25.218750,15.552991
1999-03-18,25.281250,25.109375,25.281250,15.591537
1999-03-19,25.421875,25.265625,25.343750,15.688409
1999-03-22,25.343750,25.140625,25.156250,15.572345
1999-03-23,25.156250,24.562500,24.562500,15.204807
1999-03-24,25.578125,24.437500,24.500000,15.166105
1999-03-25,24.921875,24.609375,24.765625,15.330547
1999-03-26,24.859375,24.578125,24.828125,15.369229
1999-03-29,25.234375,25.125000,25.234375,15.620711
1999-03-30,25.250000,25.062500,25.218750,15.611030
1999-03-31,25.109375,24.937500,24.937500,15.436936
1999-04-01,25.203125,24.968750,25.203125,15.601357
1999-04-05,25.750000,25.375000,25.750000,15.939893
1999-04-06,25.671875,25.500000,25.609375,15.852834
1999-04-07,25.765625,25.468750,25.656250,15.881857
1999-04-08,25.843750,25.531250,25.796875,15.968904
1999-04-09,25.843750,25.671875,25.812500,15.978584
1999-04-12,26.437500,25.781250,26.437500,16.365465
1999-04-13,26.640625,26.375000,26.640625,16.491207
1999-04-14,27.453125,26.750000,27.218750,16.849094
1999-04-15,28.046875,27.468750,27.921875,17.284334
1999-04-16,28.187500,27.750000,28.078125,17.381062
1999-04-19,29.312500,28.187500,28.312500,17.526146
1999-04-20,28.468750,27.843750,28.125000,17.410078
1999-04-21,28.265625,27.937500,28.218750,17.468107
1999-04-22,29.218750,28.109375,28.234375,17.477777
1999-04-23,28.453125,28.000000,28.453125,17.613192
1999-04-26,28.625000,28.421875,28.421875,17.593845
1999-04-27,28.781250,28.500000,28.562500,17.680897
1999-04-28,29.062500,28.578125,28.921875,17.903360
1999-04-29,29.218750,28.765625,29.031250,17.971071
1999-04-30,29.062500,28.390625,28.687500,17.758276
1999-05-03,29.250000,28.578125,29.250000,18.106478
1999-05-04,29.562500,29.187500,29.375000,18.183859
1999-05-05,29.453125,29.046875,29.375000,18.183859
1999-05-06,29.437500,29.109375,29.437500,18.222546
1999-05-07,30.000000,29.531250,30.000000,18.570745
1999-05-10,29.953125,29.593750,29.593750,18.319275
1999-05-11,30.140625,29.796875,30.093750,18.628786
1999-05-12,30.000000,29.671875,29.796875,18.445007
1999-05-13,29.796875,29.406250,29.500000,18.261230
1999-05-14,29.500000,29.031250,29.125000,18.029102
1999-05-17,29.093750,28.828125,29.062500,17.990416
1999-05-18,28.921875,28.343750,28.687500,17.758276
1999-05-19,29.156250,28.843750,29.125000,18.029102
1999-05-20,29.390625,28.250000,29.203125,18.077459
1999-05-21,29.093750,28.796875,28.859375,17.864676
1999-05-24,29.203125,28.609375,28.609375,17.709909
1999-05-25,28.875000,28.515625,28.515625,17.651878
1999-05-26,28.421875,28.187500,28.312500,17.526146
1999-05-27,28.187500,27.656250,27.843750,17.235979
1999-05-28,28.234375,27.906250,28.125000,17.410078
1999-06-01,28.500000,27.890625,28.140625,17.419754
1999-06-02,28.687500,28.390625,28.515625,17.651878
1999-06-03,28.859375,28.515625,28.812500,17.835648
1999-06-04,29.109375,28.968750,29.109375,18.019423
1999-06-07,29.421875,29.312500,29.390625,18.193531
1999-06-08,29.343750,29.125000,29.125000,18.029102
1999-06-09,29.312500,29.093750,29.156250,18.048445
1999-06-10,28.921875,28.671875,28.812500,17.835648
1999-06-11,29.078125,28.765625,28.765625,17.806641
1999-06-14,29.156250,29.000000,29.109375,18.019423
1999-06-15,29.265625,29.125000,29.203125,18.077459
1999-06-16,29.718750,29.453125,29.609375,18.328943
1999-06-17,29.859375,29.468750,29.843750,18.474022
1999-06-18,30.031250,29.812500,30.031250,18.613785
1999-06-21,30.000000,29.562500,29.625000,18.361996
1999-06-22,29.765625,29.484375,29.484375,18.274843
1999-06-23,29.578125,29.203125,29.578125,18.332945
1999-06-24,29.515625,28.984375,29.265625,18.139244
1999-06-25,29.296875,29.062500,29.093750,18.032726
1999-06-28,29.312500,29.140625,29.140625,18.061771
1999-06-29,29.296875,29.140625,29.296875,18.158617
1999-06-30,29.843750,29.171875,29.812500,18.478203
1999-07-01,29.828125,29.578125,29.828125,18.487896
1999-07-02,30.015625,29.843750,29.968750,18.575050
1999-07-06,30.156250,29.781250,30.000000,18.594431
1999-07-07,30.000000,29.546875,29.781250,18.458838
1999-07-08,29.921875,29.656250,29.890625,18.526628
1999-07-09,29.984375,29.859375,29.921875,18.546011
1999-07-12,29.953125,29.609375,29.656250,18.381359
1999-07-13,29.578125,29.406250,29.546875,18.313572
1999-07-14,29.781250,29.515625,29.703125,18.410418
1999-07-15,29.906250,29.796875,29.906250,18.536314
1999-07-16,30.062500,29.890625,29.953125,18.565369
1999-07-19,30.187500,29.984375,29.984375,18.584745
1999-07-20,30.093750,29.875000,29.953125,18.565369
1999-07-21,30.078125,29.859375,29.921875,18.546011
1999-07-22,30.625000,29.812500,29.812500,18.478203
1999-07-23,29.953125,29.625000,29.656250,18.381359
1999-07-26,29.812500,29.421875,29.437500,18.245789
1999-07-27,29.828125,29.562500,29.828125,18.487896
1999-07-28,29.718750,29.656250,29.656250,18.381359
1999-07-29,29.375000,29.015625,29.062500,18.013346
1999-07-30,29.062500,28.718750,28.718750,17.800297
1999-08-02,29.031250,28.796875,28.796875,17.848711
1999-08-03,28.953125,28.625000,28.812500,17.858395
1999-08-04,28.906250,28.593750,28.593750,17.722811
1999-08-05,28.765625,28.375000,28.750000,17.819654
1999-08-06,28.500000,28.296875,28.484375,17.655018
1999-08-09,28.578125,28.375000,28.390625,17.596910
1999-08-10,28.468750,28.078125,28.125000,17.432276
1999-08-11,28.625000,28.156250,28.625000,17.742178
1999-08-12,28.750000,28.500000,28.515625,17.674387
1999-08-13,29.046875,28.718750,29.015625,17.984301
1999-08-16,29.203125,29.031250,29.125000,18.052084
1999-08-17,29.531250,29.250000,29.531250,18.303885
1999-08-18,29.328125,29.203125,29.250000,18.129564
1999-08-19,28.921875,28.687500,28.875000,17.897133
1999-08-20,29.281250,29.078125,29.171875,18.081137
1999-08-23,29.843750,29.500000,29.796875,18.468521
1999-08-24,30.000000,29.781250,29.812500,18.478203
1999-08-25,30.234375,29.812500,30.140625,18.681581
1999-08-26,30.171875,29.984375,29.984375,18.584745
1999-08-27,29.875000,29.609375,29.640625,18.371681
1999-08-30,29.515625,28.890625,28.890625,17.906816
1999-08-31,29.015625,28.812500,28.953125,17.945555
1999-09-01,29.125000,28.859375,29.031250,17.993984
1999-09-02,28.843750,28.671875,28.781250,17.839027
1999-09-03,29.484375,29.359375,29.484375,18.274843
1999-09-07,29.812500,29.484375,29.812500,18.478203
1999-09-08,30.000000,29.718750,29.906250,18.536314
1999-09-09,30.046875,29.687500,29.687500,18.400732
1999-09-10,29.812500,29.609375,29.609375,18.352310
1999-09-13,29.437500,29.265625,29.390625,18.216730
1999-09-14,29.265625,29.046875,29.125000,18.052084
1999-09-15,29.406250,29.125000,29.171875,18.081137
1999-09-16,29.000000,28.765625,28.906250,17.916506
1999-09-17,29.328125,29.000000,29.328125,18.212008
1999-09-20,29.390625,29.156250,29.359375,18.231413
1999-09-21,29.171875,28.828125,28.984375,17.998550
1999-09-22,29.046875,28.828125,28.890625,17.940331
1999-09-23,28.906250,28.578125,28.656250,17.794790
1999-09-24,28.265625,27.906250,28.046875,17.416386
1999-09-27,28.406250,28.125000,28.406250,17.639544
1999-09-28,28.218750,27.718750,28.062500,17.426090
1999-09-29,28.453125,28.000000,28.218750,17.523119
1999-09-30,28.750000,28.234375,28.750000,17.853008
1999-10-01,28.531250,28.343750,28.359375,17.610435
1999-10-04,28.875000,28.546875,28.859375,17.920927
1999-10-05,28.984375,28.562500,28.562500,17.736578
1999-10-06,29.078125,28.812500,28.968750,17.988840
1999-10-07,29.203125,28.984375,29.000000,18.008251
1999-10-08,29.515625,29.078125,29.390625,18.250820
1999-10-11,29.484375,29.250000,29.437500,18.279932
1999-10-12,29.140625,28.703125,28.828125,17.901527
1999-10-13,28.703125,28.000000,28.015625,17.396980
1999-10-14,27.968750,27.453125,27.734375,17.222328
1999-10-15,27.625000,27.140625,27.343750,16.979761
1999-10-18,27.328125,26.812500,26.812500,16.649860
1999-10-19,27.375000,26.796875,26.828125,16.659573
1999-10-20,27.156250,27.031250,27.062500,16.805113
1999-10-21,26.968750,26.484375,26.765625,16.620758
1999-10-22,27.656250,27.093750,27.484375,17.067089
1999-10-25,27.468750,27.125000,27.437500,17.037985
1999-10-26,27.609375,27.250000,27.265625,16.931250
1999-10-27,27.359375,27.062500,27.359375,16.989470
1999-10-28,28.000000,27.687500,27.984375,17.377577
1999-10-29,28.359375,28.109375,28.125000,17.464895
1999-11-01,28.015625,27.406250,27.406250,17.018568
1999-11-02,28.031250,27.656250,27.750000,17.232029
1999-11-03,27.750000,27.562500,27.562500,17.115597
1999-11-04,27.906250,27.359375,27.484375,17.067089
1999-11-05,27.859375,27.562500,27.625000,17.154402
1999-11-08,27.671875,27.484375,27.671875,17.183527
1999-11-09,27.687500,27.562500,27.687500,17.193218
1999-11-10,27.640625,27.453125,27.578125,17.125301
1999-11-11,27.812500,27.593750,27.687500,17.193218
1999-11-12,27.906250,27.593750,27.875000,17.309649
1999-11-15,28.250000,28.000000,28.031250,17.406681
1999-11-16,28.687500,28.265625,28.687500,17.814194
1999-11-17,28.937500,28.734375,28.875000,17.930622
1999-11-18,29.062500,28.812500,28.968750,17.988840
1999-11-19,28.859375,28.593750,28.625000,17.775381
1999-11-22,28.500000,28.203125,28.500000,17.697762
1999-11-23,28.328125,28.125000,28.218750,17.523119
1999-11-24,28.281250,28.093750,28.234375,17.532820
1999-11-26,28.203125,28.062500,28.093750,17.445488
1999-11-29,27.781250,27.531250,27.625000,17.154402
1999-11-30,27.750000,27.484375,27.500000,17.076790
1999-12-01,27.937500,27.562500,27.718750,17.212631
1999-12-02,28.031250,27.656250,27.656250,17.173815
1999-12-03,28.343750,28.046875,28.109375,17.455189
1999-12-06,28.046875,27.843750,28.031250,17.406681
1999-12-07,28.031250,27.500000,27.500000,17.076790
1999-12-08,28.078125,27.656250,27.984375,17.377577
1999-12-09,27.625000,27.140625,27.234375,16.911846
1999-12-10,27.750000,27.500000,27.734375,17.222328
1999-12-13,28.015625,27.718750,27.890625,17.319357
1999-12-14,28.109375,27.875000,27.890625,17.319357
1999-12-15,27.953125,27.593750,27.625000,17.154402
1999-12-16,27.906250,27.656250,27.875000,17.309649
1999-12-17,28.531250,28.000000,28.531250,17.787355
1999-12-20,28.312500,27.625000,27.671875,17.251602
1999-12-21,28.109375,27.484375,28.062500,17.495127
1999-12-22,28.093750,27.843750,27.937500,17.417202
1999-12-23,28.453125,28.203125,28.312500,17.650991
1999-12-27,28.875000,28.421875,28.593750,17.826326
1999-12-28,29.187500,28.687500,28.890625,18.011406
1999-12-29,29.140625,28.953125,29.109375,18.147783
1999-12-30,29.343750,29.171875,29.171875,18.186750
1999-12-31,29.609375,29.250000,29.609375,18.459511
2000-01-03,29.484375,28.687500,28.843750,17.982189
2000-01-04,28.609375,27.937500,28.046875,17.485386
2000-01-05,28.125000,27.718750,27.921875,17.407455
2000-01-06,28.375000,27.812500,28.296875,17.641245
2000-01-07,29.375000,28.625000,29.375000,18.313379
2000-01-10,29.625000,29.281250,29.375000,18.313379
2000-01-11,29.468750,29.000000,29.000000,18.079596
2000-01-12,28.921875,28.656250,28.656250,17.865292
2000-01-13,29.265625,28.843750,29.203125,18.206240
2000-01-14,29.296875,28.890625,29.000000,18.079596
2000-01-18,29.093750,28.765625,28.968750,18.060114
2000-01-19,29.031250,28.875000,28.875000,18.001663
2000-01-20,29.000000,28.375000,28.687500,17.884768
2000-01-21,28.765625,28.328125,28.328125,17.660725
2000-01-24,28.546875,27.500000,27.515625,17.154184
2000-01-25,27.390625,26.812500,27.359375,17.056778
2000-01-26,27.750000,26.265625,27.578125,17.193146
2000-01-27,28.281250,27.640625,27.734375,17.290562
2000-01-28,27.734375,27.000000,27.000000,16.832729
2000-01-31,27.296875,26.859375,27.187500,16.949621
2000-02-01,27.156250,26.906250,27.000000,16.832729
2000-02-02,27.234375,26.875000,27.015625,16.842466
2000-02-03,27.156250,26.750000,27.000000,16.832729
2000-02-04,27.296875,27.062500,27.109375,16.900909
2000-02-07,26.937500,26.500000,26.640625,16.608675
2000-02-08,27.093750,26.703125,26.750000,16.676865
2000-02-09,26.734375,26.375000,26.468750,16.501532
2000-02-10,26.375000,26.000000,26.015625,16.219034
2000-02-11,26.062500,25.328125,25.468750,15.878090
2000-02-14,25.906250,25.453125,25.875000,16.131359
2000-02-15,26.578125,25.812500,26.328125,16.413858
2000-02-16,26.453125,26.156250,26.265625,16.374893
2000-02-17,26.437500,26.140625,26.375000,16.443079
2000-02-18,26.500000,25.703125,25.796875,16.082657
2000-02-22,26.250000,25.796875,26.218750,16.345676
2000-02-23,26.390625,26.015625,26.015625,16.219034
2000-02-24,26.000000,25.421875,25.781250,16.072910
2000-02-25,25.828125,25.296875,25.328125,15.790421
2000-02-28,25.812500,25.000000,25.406250,15.839132
2000-02-29,25.750000,25.578125,25.687500,16.014471
2000-03-01,25.906250,25.500000,25.546875,15.926795
2000-03-02,25.812500,25.406250,25.640625,15.985250
2000-03-03,26.609375,26.015625,26.343750,16.423601
2000-03-06,26.484375,26.015625,26.234375,16.355408
2000-03-07,26.453125,25.187500,25.187500,15.702746
2000-03-08,25.453125,25.000000,25.453125,15.868354
2000-03-09,25.859375,25.187500,25.718750,16.033947
2000-03-10,26.250000,25.734375,25.781250,16.072910
2000-03-13,25.703125,25.171875,25.390625,15.829393
2000-03-14,25.750000,25.171875,25.250000,15.741715
2000-03-15,26.343750,24.906250,26.265625,16.374893
2000-03-16,27.734375,26.312500,27.687500,17.261335
2000-03-17,28.125000,27.390625,27.593750,17.238379
2000-03-20,27.921875,27.500000,27.750000,17.335993
2000-03-21,28.343750,27.437500,28.343750,17.706913
2000-03-22,28.343750,27.968750,28.218750,17.628830
2000-03-23,29.031250,28.234375,28.875000,18.038801
2000-03-24,29.375000,28.984375,29.046875,18.146173
2000-03-27,29.078125,28.671875,28.687500,17.921665
2000-03-28,29.000000,28.609375,28.609375,17.872866
2000-03-29,29.062500,28.562500,28.968750,18.097380
2000-03-30,29.453125,28.968750,29.156250,18.214502
2000-03-31,29.515625,29.109375,29.203125,18.243788
2000-04-03,29.406250,29.078125,29.328125,18.321880
2000-04-04,29.875000,27.875000,29.000000,18.116899
2000-04-05,29.265625,28.750000,28.890625,18.048563
2000-04-06,29.437500,29.093750,29.140625,18.204748
2000-04-07,29.687500,29.296875,29.578125,18.478056
2000-04-10,29.750000,29.421875,29.625000,18.507343
2000-04-11,30.078125,29.500000,29.984375,18.731855
2000-04-12,30.125000,29.328125,29.453125,18.399967
2000-04-13,29.625000,29.203125,29.531250,18.448780
2000-04-14,28.468750,27.593750,27.593750,17.238379
2000-04-17,28.265625,27.687500,28.265625,17.658117
2000-04-18,28.515625,28.187500,28.375000,17.726444
2000-04-19,28.687500,28.250000,28.484375,17.794771
2000-04-20,28.718750,28.500000,28.718750,17.941187
2000-04-24,29.109375,28.500000,28.750000,17.960718
2000-04-25,30.328125,29.312500,30.250000,18.897787
2000-04-26,30.437500,29.609375,29.796875,18.614717
2000-04-27,29.828125,29.359375,29.828125,18.634235
2000-04-28,29.859375,29.500000,29.625000,18.507343
2000-05-01,30.312500,29.609375,30.312500,18.936846
2000-05-02,30.218750,29.718750,30.000000,18.741615
2000-05-03,29.687500,28.843750,29.000000,18.116899
2000-05-04,29.281250,28.828125,29.046875,18.146173
2000-05-05,29.781250,29.171875,29.562500,18.468298
2000-05-08,29.703125,29.500000,29.546875,18.458530
2000-05-09,29.546875,29.171875,29.312500,18.312113
2000-05-10,29.109375,28.750000,29.015625,18.126663
2000-05-11,29.734375,29.453125,29.734375,18.575672
2000-05-12,30.093750,29.875000,30.093750,18.800177
2000-05-15,30.593750,30.000000,30.593750,19.112543
2000-05-16,31.062500,30.625000,30.875000,19.288239
2000-05-17,30.718750,30.437500,30.671875,19.161350
2000-05-18,30.781250,30.531250,30.531250,19.073496
2000-05-19,30.000000,29.687500,29.687500,18.546389
2000-05-22,29.203125,29.000000,29.171875,18.224272
2000-05-23,29.171875,28.906250,29.046875,18.146173
2000-05-24,29.468750,29.000000,29.468750,18.409740
2000-05-25,29.750000,28.937500,28.937500,18.077848
2000-05-26,29.234375,28.671875,28.781250,17.980238
2000-05-30,29.453125,28.906250,29.296875,18.302353
2000-05-31,29.906250,29.453125,29.500000,18.429258
2000-06-01,29.843750,29.546875,29.734375,18.575672
2000-06-02,30.078125,29.687500,29.953125,18.712322
2000-06-05,30.187500,29.875000,29.906250,18.683046
2000-06-06,29.875000,29.656250,29.687500,18.546389
2000-06-07,29.968750,29.500000,29.546875,18.458530
2000-06-08,29.437500,29.000000,29.078125,18.165701
2000-06-09,29.406250,28.968750,29.187500,18.234032
2000-06-12,29.296875,29.046875,29.218750,18.253551
2000-06-13,29.437500,28.953125,29.343750,18.331629
2000-06-14,29.640625,29.187500,29.281250,18.292597
2000-06-15,29.625000,29.453125,29.562500,18.468298
2000-06-16,29.343750,28.984375,28.984375,18.144575
2000-06-19,28.937500,28.359375,28.687500,17.958721
2000-06-20,28.375000,27.796875,27.796875,17.401188
2000-06-21,27.921875,27.703125,27.906250,17.469652
2000-06-22,27.671875,27.296875,27.296875,17.088177
2000-06-23,27.734375,27.593750,27.593750,17.274023
2000-06-26,28.265625,27.968750,28.250000,17.684855
2000-06-27,28.453125,28.265625,28.375000,17.763100
2000-06-28,28.734375,28.000000,28.734375,17.988071
2000-06-29,28.500000,27.781250,28.234375,17.675058
2000-06-30,28.281250,28.093750,28.281250,17.704397
2000-07-03,28.656250,28.406250,28.656250,17.939167
2000-07-05,29.000000,28.406250,28.406250,17.782660
2000-07-06,28.562500,28.187500,28.328125,17.733757
2000-07-07,28.609375,28.406250,28.468750,17.821785
2000-07-10,28.750000,28.156250,28.500000,17.841349
2000-07-11,29.171875,28.468750,29.046875,18.183702
2000-07-12,29.312500,29.109375,29.156250,18.252165
2000-07-13,29.437500,29.156250,29.390625,18.398890
2000-07-14,29.687500,29.437500,29.687500,18.584740
2000-07-17,30.078125,29.796875,29.859375,18.692339
2000-07-18,30.015625,29.750000,29.937500,18.741243
2000-07-19,29.890625,29.421875,29.687500,18.584740
2000-07-20,30.156250,29.906250,30.046875,18.809713
2000-07-21,30.109375,29.781250,30.000000,18.780367
2000-07-24,30.031250,29.656250,29.781250,18.643429
2000-07-25,29.937500,29.687500,29.843750,18.682550
2000-07-26,29.609375,29.406250,29.468750,18.447802
2000-07-27,29.812500,29.265625,29.265625,18.320639
2000-07-28,29.000000,28.281250,28.281250,17.704397
2000-07-31,29.000000,28.562500,28.718750,17.978291
2000-08-01,29.000000,28.828125,28.937500,18.115229
2000-08-02,29.000000,28.750000,28.812500,18.036974
2000-08-03,29.000000,28.703125,28.859375,18.066320
2000-08-04,29.250000,29.000000,29.218750,18.291294
2000-08-07,30.078125,29.203125,30.078125,18.829277
2000-08-08,30.406250,29.968750,30.343750,18.995560
2000-08-09,30.750000,30.359375,30.609375,19.161844
2000-08-10,30.812500,30.468750,30.531250,19.112936
2000-08-11,31.062500,30.593750,30.875000,19.328125
2000-08-14,31.218750,30.750000,31.187500,19.523752
2000-08-15,31.000000,30.625000,30.796875,19.279221
2000-08-16,30.843750,30.593750,30.656250,19.191189
2000-08-17,30.906250,30.812500,30.812500,19.289011
2000-08-18,30.968750,30.718750,30.718750,19.230307
2000-08-21,31.156250,30.843750,31.156250,19.504206
2000-08-22,31.312500,31.062500,31.093750,19.465071
2000-08-23,31.218750,30.937500,30.937500,19.367247
2000-08-24,31.468750,30.937500,31.265625,19.572664
2000-08-25,31.562500,31.343750,31.406250,19.660696
2000-08-28,31.937500,31.562500,31.828125,19.924791
2000-08-29,31.796875,31.562500,31.625000,19.797636
2000-08-30,31.687500,31.156250,31.328125,19.611792
2000-08-31,31.750000,31.312500,31.562500,19.758507
2000-09-01,31.843750,31.562500,31.843750,19.934574
2000-09-05,32.031250,31.718750,31.843750,19.934574
2000-09-06,32.187500,31.781250,32.000000,20.032383
2000-09-07,31.906250,31.750000,31.812500,19.915016
2000-09-08,31.718750,31.250000,31.437500,19.680269
2000-09-11,31.843750,31.250000,31.281250,19.582445
2000-09-12,31.312500,31.140625,31.187500,19.523752
2000-09-13,31.406250,31.156250,31.281250,19.582445
2000-09-14,31.343750,31.187500,31.250000,19.562889
2000-09-15,30.812500,30.375000,30.375000,19.066994
2000-09-18,30.625000,30.031250,30.031250,18.851204
2000-09-19,30.062500,29.593750,29.687500,18.635422
2000-09-20,29.843750,29.343750,29.843750,18.733503
2000-09-21,29.937500,29.625000,29.937500,18.792356
2000-09-22,29.718750,29.437500,29.718750,18.655039
2000-09-25,30.593750,30.250000,30.593750,19.204290
2000-09-26,30.625000,30.218750,30.625000,19.223911
2000-09-27,30.625000,30.312500,30.375000,19.066994
2000-09-28,30.843750,30.218750,30.781250,19.321991
2000-09-29,30.812500,30.421875,30.562500,19.184681
2000-10-02,30.484375,30.125000,30.250000,18.988520
2000-10-03,31.062500,30.375000,30.843750,19.361225
2000-10-04,31.062500,30.843750,31.062500,19.498545
2000-10-05,31.156250,30.937500,31.093750,19.518154
2000-10-06,31.062500,30.250000,30.250000,18.988520
2000-10-09,30.437500,30.125000,30.437500,19.106205
2000-10-10,30.343750,30.031250,30.031250,18.851204
2000-10-11,29.843750,29.468750,29.500000,18.517733
2000-10-12,29.625000,28.593750,28.828125,18.095980
2000-10-13,29.718750,28.906250,29.718750,18.655039
2000-10-16,30.250000,29.843750,30.125000,18.910053
2000-10-17,30.156250,29.312500,29.312500,18.400032
2000-10-18,29.375000,28.609375,28.781250,18.066544
2000-10-19,29.281250,29.000000,29.281250,18.380411
2000-10-20,29.437500,29.250000,29.437500,18.478495
2000-10-23,30.062500,29.750000,29.781250,18.694271
2000-10-24,30.437500,30.062500,30.250000,18.988520
2000-10-25,30.000000,29.687500,29.687500,18.635422
2000-10-26,29.843750,29.000000,29.843750,18.733503
2000-10-27,29.875000,29.500000,29.828125,18.723692
2000-10-30,30.203125,30.000000,30.156250,18.929663
2000-10-31,31.250000,30.718750,31.250000,19.616236
2000-11-01,31.468750,31.062500,31.281250,19.635860
2000-11-02,31.406250,31.203125,31.218750,19.596622
2000-11-03,31.187500,30.968750,30.968750,19.439690
2000-11-06,31.468750,31.093750,31.250000,19.616236
2000-11-07,31.375000,31.125000,31.375000,19.694706
2000-11-08,31.531250,31.093750,31.171875,19.567188
2000-11-09,31.375000,31.031250,31.375000,19.694706
2000-11-10,31.125000,30.656250,30.656250,19.243534
2000-11-13,30.250000,29.609375,30.093750,18.890436
2000-11-14,30.687500,30.187500,30.687500,19.263147
2000-11-15,30.937500,30.687500,30.750000,19.302374
2000-11-16,31.031250,30.765625,30.906250,19.400465
2000-11-17,31.281250,30.750000,30.781250,19.321991
2000-11-20,30.781250,30.312500,30.343750,19.047371
2000-11-21,30.718750,30.312500,30.718750,19.282759
2000-11-22,30.343750,30.031250,30.218750,18.968903
2000-11-24,30.750000,30.218750,30.718750,19.282759
2000-11-27,31.062500,30.593750,30.781250,19.321991
2000-11-28,30.593750,30.250000,30.390625,19.076794
2000-11-29,30.781250,30.500000,30.640625,19.233728
2000-11-30,30.187500,29.843750,30.187500,18.949280
2000-12-01,30.750000,30.453125,30.453125,19.116030
2000-12-04,31.312500,30.812500,31.281250,19.635860
2000-12-05,32.421875,31.687500,32.421875,20.351852
2000-12-06,32.265625,31.781250,31.781250,19.949711
2000-12-07,31.796875,31.593750,31.687500,19.890858
2000-12-08,32.406250,31.968750,32.234375,20.234158
2000-12-11,32.656250,32.281250,32.593750,20.459732
2000-12-12,32.468750,31.968750,32.109375,20.155685
2000-12-13,32.093750,31.531250,31.546875,19.802589
2000-12-14,31.546875,30.875000,30.875000,19.380838
2000-12-15,30.468750,29.937500,30.250000,19.067566
2000-12-18,30.859375,30.531250,30.812500,19.422127
2000-12-19,30.906250,30.281250,30.281250,19.087265
2000-12-20,29.656250,29.125000,29.281250,18.456928
2000-12-21,29.500000,29.031250,29.453125,18.565269
2000-12-22,30.218750,29.625000,30.156250,19.008480
2000-12-26,30.500000,30.000000,30.500000,19.225153
2000-12-27,31.000000,30.328125,31.000000,19.540323
2000-12-28,31.453125,31.000000,31.453125,19.825937
2000-12-29,31.781250,31.250000,31.250000,19.697891
2001-01-02,31.218750,29.703125,29.859375,18.821350
2001-01-03,31.375000,29.187500,31.156250,19.638809
2001-01-04,31.625000,31.328125,31.406250,19.796396
2001-01-05,31.031250,30.281250,30.500000,19.225153
2001-01-08,30.250000,29.875000,30.250000,19.067566
2001-01-09,30.468750,30.000000,30.343750,19.126663
2001-01-10,30.625000,29.781250,30.625000,19.303938
2001-01-11,31.156250,30.562500,31.000000,19.540323
2001-01-12,31.125000,30.531250,30.906250,19.481220
2001-01-16,31.312500,30.718750,31.203125,19.668352
2001-01-17,31.562500,31.156250,31.156250,19.638809
2001-01-18,31.437500,30.718750,31.359375,19.766848
2001-01-19,31.687500,30.796875,31.031250,19.560009
2001-01-22,31.000000,30.593750,30.968750,19.520628
2001-01-23,31.406250,30.937500,31.375000,19.776697
2001-01-24,31.406250,31.156250,31.203125,19.668352
2001-01-25,31.250000,31.031250,31.187500,19.658504
2001-01-26,31.000000,30.578125,30.671875,19.333488
2001-01-29,30.910000,30.660000,30.799999,19.414251
2001-01-30,31.309999,30.450001,31.299999,19.729412
2001-01-31,31.580000,31.190001,31.370001,19.773548
2001-02-01,31.340000,30.830000,30.959999,19.515099
2001-02-02,31.230000,30.650000,30.860001,19.452070
2001-02-05,31.160000,30.750000,31.010000,19.546621
2001-02-06,31.280001,31.059999,31.160000,19.641174
2001-02-07,31.059999,30.670000,30.889999,19.470976
2001-02-08,31.170000,30.850000,30.850000,19.445765
2001-02-09,30.670000,30.100000,30.120001,18.985626
2001-02-12,30.580000,30.219999,30.469999,19.206251
2001-02-13,31.110001,30.719999,30.790001,19.407951
2001-02-14,30.660000,30.240000,30.469999,19.206251
2001-02-15,31.120001,30.580000,30.990000,19.534012
2001-02-16,30.590000,30.020000,30.080000,18.960411
2001-02-20,30.490000,30.129999,30.190001,19.029747
2001-02-21,30.420000,29.820000,29.820000,18.796532
2001-02-22,29.780001,29.450001,29.540001,18.620037
2001-02-23,29.580000,28.889999,29.500000,18.594812
2001-02-26,30.250000,29.480000,30.090000,18.966707
2001-02-27,30.250000,29.799999,30.020000,18.922590
2001-02-28,30.020000,29.280001,29.490000,18.588520
2001-03-01,29.430000,29.000000,29.280001,18.456142
2001-03-02,29.850000,29.299999,29.450001,18.563305
2001-03-05,29.860001,29.600000,29.820000,18.796532
2001-03-06,30.600000,30.120001,30.250000,19.067566
2001-03-07,30.610001,30.309999,30.610001,19.294483
2001-03-08,30.850000,30.570000,30.799999,19.414251
2001-03-09,30.490000,29.920000,30.150000,19.004541
2001-03-12,29.549999,28.500000,28.500000,17.964485
2001-03-13,28.620001,28.250000,28.540001,17.989700
2001-03-14,28.299999,27.709999,27.940001,17.611498
2001-03-15,28.100000,27.700001,27.809999,17.529562
2001-03-16,27.709999,27.010000,27.010000,17.073790
2001-03-19,27.549999,26.889999,27.549999,17.415142
2001-03-20,27.780001,26.990000,26.990000,17.061142
2001-03-21,26.850000,26.139999,26.290001,16.618662
2001-03-22,26.139999,24.500000,25.580000,16.169844
2001-03-23,26.170000,25.549999,26.090000,16.492229
2001-03-26,26.879999,26.480000,26.559999,16.789326
2001-03-27,27.129999,26.629999,26.990000,17.061142
2001-03-28,26.600000,26.200001,26.500000,16.751394
2001-03-29,26.590000,26.000000,26.500000,16.751394
2001-03-30,26.590000,26.340000,26.590000,16.808296
2001-04-02,26.910000,26.160000,26.400000,16.688183
2001-04-03,26.180000,25.299999,25.299999,15.992856
2001-04-04,25.980000,25.240000,25.420000,16.068707
2001-04-05,26.930000,26.000000,26.900000,17.004251
2001-04-06,26.520000,26.070000,26.360001,16.662916
2001-04-09,27.010000,26.530001,26.830000,16.960007
2001-04-10,27.820000,27.000000,27.620001,17.459389
2001-04-11,28.150000,27.150000,27.309999,17.263428
2001-04-12,27.969999,27.100000,27.850000,17.604778
2001-04-16,27.910000,27.639999,27.799999,17.573172
2001-04-17,28.150000,27.670000,28.150000,17.794415
2001-04-18,29.760000,28.299999,29.360001,18.559294
2001-04-19,29.549999,29.170000,29.459999,18.622503
2001-04-20,29.590000,29.090000,29.379999,18.571926
2001-04-23,29.379999,28.750000,28.930000,18.287474
2001-04-24,29.250000,28.639999,28.639999,18.104164
2001-04-25,29.309999,28.600000,29.309999,18.527687
2001-04-26,29.719999,29.420000,29.719999,18.786856
2001-04-27,29.990000,29.670000,29.940001,18.925932
2001-04-30,30.240000,29.629999,29.629999,18.729961
2001-05-01,29.900000,29.430000,29.900000,18.900642
2001-05-02,29.950001,29.549999,29.910000,18.906969
2001-05-03,29.540001,29.320000,29.469999,18.628839
2001-05-04,29.920000,29.389999,29.920000,18.913282
2001-05-07,30.100000,29.889999,30.030001,18.982826
2001-05-08,30.299999,29.780001,30.080000,19.014416
2001-05-09,30.209999,29.700001,29.910000,18.906969
2001-05-10,30.440001,30.219999,30.240000,19.115561
2001-05-11,30.600000,29.920000,30.090000,19.020744
2001-05-14,30.240000,29.950001,30.230000,19.109241
2001-05-15,30.459999,30.000000,30.350000,19.185099
2001-05-16,31.450001,30.299999,31.330000,19.804583
2001-05-17,31.990000,31.459999,31.850000,20.133287
2001-05-18,31.950001,31.580000,31.950001,20.196503
2001-05-21,32.259998,31.700001,32.259998,20.392460
2001-05-22,32.349998,32.000000,32.160000,20.329254
2001-05-23,32.400002,31.629999,31.670000,20.019516
2001-05-24,32.470001,31.400000,31.629999,19.994232
2001-05-25,31.379999,31.000000,31.160000,19.697126
2001-05-29,31.400000,30.969999,31.080000,19.646557
2001-05-30,31.010000,30.450001,30.450001,19.248316
2001-05-31,30.990000,30.650000,30.870001,19.513803
2001-06-01,30.980000,30.389999,30.780001,19.456919
2001-06-04,31.490000,30.709999,30.980000,19.583345
2001-06-05,31.340000,30.940001,31.309999,19.791950
2001-06-06,31.400000,30.950001,30.950001,19.564365
2001-06-07,31.190001,30.750000,31.090000,19.652870
2001-06-08,31.100000,30.610001,30.709999,19.412664
2001-06-11,30.709999,30.170000,30.180000,19.077631
2001-06-12,30.559999,29.799999,30.379999,19.204063
2001-06-13,30.650000,30.270000,30.270000,19.134531
2001-06-14,30.200001,29.860001,30.070000,19.008101
2001-06-15,30.000000,29.580000,29.850000,18.909912
2001-06-18,30.150000,29.750000,29.809999,18.884569
2001-06-19,30.290001,29.500000,29.500000,18.688183
2001-06-20,29.770000,29.510000,29.629999,18.770542
2001-06-21,30.020000,29.740000,29.760000,18.852896
2001-06-22,30.000000,29.490000,29.500000,18.688183
2001-06-25,29.790001,29.110001,29.110001,18.441126
2001-06-26,29.440001,28.809999,29.190001,18.491812
2001-06-27,29.270000,28.879999,29.129999,18.453794
2001-06-28,29.500000,28.950001,29.230000,18.517139
2001-06-29,29.340000,28.900000,28.900000,18.308092
2001-07-02,29.530001,28.950001,29.320000,18.574162
2001-07-03,29.500000,29.250000,29.500000,18.688183
2001-07-05,29.469999,29.250000,29.270000,18.542486
2001-07-06,29.299999,28.680000,28.730000,18.200394
2001-07-09,28.900000,28.670000,28.820000,18.257408
2001-07-10,28.940001,28.379999,28.379999,17.978676
2001-07-11,28.330000,27.820000,28.090000,17.794949
2001-07-12,28.959999,28.510000,28.770000,18.225739
2001-07-13,29.040001,28.590000,29.000000,18.371437
2001-07-16,29.200001,28.459999,28.510000,18.061024
2001-07-17,29.090000,28.330000,29.090000,18.428459
2001-07-18,29.180000,28.770000,29.180000,18.485462
2001-07-19,29.500000,29.100000,29.100000,18.434790
2001-07-20,29.330000,29.200001,29.250000,18.529812
2001-07-23,29.250000,28.930000,28.930000,18.327093
2001-07-24,28.830000,27.969999,28.160000,17.839298
2001-07-25,28.500000,28.059999,28.350000,17.959669
2001-07-26,28.639999,28.200001,28.629999,18.137041
2001-07-27,28.969999,28.570000,28.900000,18.308092
2001-07-30,28.990000,28.650000,28.840000,18.270079
2001-07-31,29.180000,28.750000,28.840000,18.270079
2001-08-01,29.280001,29.000000,29.000000,18.371437
2001-08-02,29.219999,28.950001,29.040001,18.396778
2001-08-03,29.180000,28.730000,29.180000,18.485462
2001-08-06,29.040001,28.549999,28.549999,18.086370
2001-08-07,28.959999,28.520000,28.760000,18.219406
2001-08-08,29.000000,28.389999,28.500000,18.054689
2001-08-09,28.570000,28.270000,28.510000,18.061024
2001-08-10,29.040001,28.280001,29.040001,18.396778
2001-08-13,29.100000,28.700001,28.770000,18.225739
2001-08-14,29.740000,27.330000,28.790001,18.238403
2001-08-15,29.000000,28.700001,28.730000,18.200394
2001-08-16,28.790001,28.379999,28.719999,18.194061
2001-08-17,28.590000,28.209999,28.370001,17.972332
2001-08-20,28.620001,28.180000,28.350000,17.959669
2001-08-21,28.670000,28.240000,28.309999,17.934328
2001-08-22,28.510000,28.170000,28.260000,17.902658
2001-08-23,28.420000,28.240000,28.350000,17.959669
2001-08-24,28.870001,28.400000,28.870001,18.289087
2001-08-27,28.969999,28.709999,28.860001,18.282749
2001-08-28,28.700001,28.309999,28.309999,17.934328
2001-08-29,28.500000,28.010000,28.120001,17.813961
2001-08-30,28.160000,27.440001,27.600000,17.484539
2001-08-31,27.879999,27.490000,27.850000,17.642914
2001-09-04,28.260000,27.590000,27.590000,17.478205
2001-09-05,27.799999,27.400000,27.660000,17.522547
2001-09-06,27.600000,27.180000,27.180000,17.218472
2001-09-07,27.030001,26.450001,26.500000,16.787689
2001-09-10,26.580000,26.240000,26.450001,16.756020
2001-09-17,26.150000,23.930000,24.000000,15.203950
2001-09-18,24.200001,23.549999,23.660000,14.988560
2001-09-19,23.750000,22.180000,23.070000,14.614788
2001-09-20,22.469999,21.719999,21.750000,13.778573
2001-09-21,21.900000,20.400000,21.680000,13.791935
2001-09-24,23.190001,22.450001,23.129999,14.714371
2001-09-25,23.379999,22.860001,23.280001,14.809795
2001-09-26,23.379999,22.700001,22.870001,14.548974
2001-09-27,23.120001,22.580000,23.120001,14.708000
2001-09-28,23.740000,23.150000,23.670000,15.057893
2001-10-01,23.700001,23.170000,23.459999,14.924302
2001-10-02,23.920000,23.510000,23.920000,15.216941
2001-10-03,24.540001,23.770000,24.500000,15.585903
2001-10-04,24.790001,24.400000,24.530001,15.604993
2001-10-05,24.510000,24.000000,24.510000,15.592278
2001-10-08,24.400000,24.030001,24.219999,15.407787
2001-10-09,24.200001,23.950001,24.129999,15.350533
2001-10-10,24.730000,24.129999,24.570000,15.630440
2001-10-11,25.330000,24.900000,25.299999,16.094835
2001-10-12,25.400000,24.629999,25.059999,15.942156
2001-10-15,25.250000,24.820000,25.230000,16.050301
2001-10-16,25.440001,25.010000,25.170000,16.012133
2001-10-17,25.299999,24.580000,24.580000,15.636800
2001-10-18,24.590000,24.350000,24.480000,15.573193
2001-10-19,24.360001,24.190001,24.340000,15.484124
2001-10-22,24.870001,24.450001,24.850000,15.808562
2001-10-23,25.020000,24.639999,24.719999,15.725868
2001-10-24,24.940001,24.700001,24.840000,15.802198
2001-10-25,25.230000,24.520000,25.230000,16.050301
2001-10-26,25.750000,25.200001,25.700001,16.349297
2001-10-29,25.350000,24.750000,24.750000,15.744948
2001-10-30,24.559999,24.200001,24.209999,15.401416
2001-10-31,24.549999,24.000000,24.090000,15.325085
2001-11-01,24.590000,23.799999,24.590000,15.643158
2001-11-02,24.969999,24.480000,24.969999,15.884904
2001-11-05,25.420000,25.180000,25.340000,16.120275
2001-11-06,25.700001,25.150000,25.700001,16.349297
2001-11-07,25.969999,25.590000,25.639999,16.311125
2001-11-08,26.180000,25.860001,25.910000,16.482891
2001-11-09,26.020000,25.799999,25.820000,16.425631
2001-11-12,25.799999,25.010000,25.520000,16.234797
2001-11-13,26.150000,25.860001,26.150000,16.635574
2001-11-14,26.410000,26.160000,26.280001,16.718279
2001-11-15,26.520000,26.230000,26.410000,16.800976
2001-11-16,26.750000,26.450001,26.620001,16.934565
2001-11-19,26.950001,26.700001,26.860001,17.087238
2001-11-20,26.870001,26.500000,26.500000,16.858223
2001-11-21,26.740000,26.350000,26.549999,16.890026
2001-11-23,26.900000,26.540001,26.870001,17.093607
2001-11-26,27.010000,26.709999,27.000000,17.176304
2001-11-27,27.250000,26.709999,26.820000,17.061800
2001-11-28,26.740000,26.389999,26.400000,16.794605
2001-11-29,26.600000,26.360001,26.549999,16.890026
2001-11-30,26.670000,26.500000,26.500000,16.858223
2001-12-03,26.370001,26.049999,26.270000,16.711916
2001-12-04,26.620001,26.320000,26.590000,16.915483
2001-12-05,27.370001,26.900000,27.160000,17.278090
2001-12-06,27.600000,27.250000,27.490000,17.488031
2001-12-07,27.400000,27.070000,27.190001,17.297171
2001-12-10,27.190001,26.670000,26.770000,17.029995
2001-12-11,27.049999,26.650000,26.650000,16.953646
2001-12-12,26.900000,26.610001,26.780001,17.036352
2001-12-13,26.730000,26.480000,26.590000,16.915483
2001-12-14,26.629999,26.250000,26.320000,16.743723
2001-12-17,26.889999,26.639999,26.719999,16.998182
2001-12-18,27.370001,27.139999,27.360001,17.405327
2001-12-19,27.660000,27.200001,27.620001,17.570728
2001-12-20,27.639999,27.379999,27.459999,17.468941
2001-12-21,27.770000,27.450001,27.770000,17.666155
2001-12-24,27.799999,27.570000,27.799999,17.685240
2001-12-26,28.020000,27.670000,27.900000,17.748850
2001-12-27,27.980000,27.830000,27.889999,17.742487
2001-12-28,28.120001,27.910000,28.049999,17.844271
2001-12-31,28.080000,27.700001,27.700001,17.621618
2002-01-02,27.700001,27.299999,27.700001,17.621618
2002-01-03,27.700001,27.389999,27.690001,17.615259
2002-01-04,27.959999,27.650000,27.700001,17.621618
2002-01-07,27.990000,27.510000,27.510000,17.500742
2002-01-08,27.750000,27.290001,27.430000,17.449860
2002-01-09,27.799999,27.200001,27.280001,17.354437
2002-01-10,27.290001,26.990000,27.000000,17.176304
2002-01-11,27.120001,26.559999,26.559999,16.896402
2002-01-14,26.750000,26.260000,26.260000,16.705555
2002-01-15,26.340000,25.940001,26.290001,16.724634
2002-01-16,25.870001,25.320000,25.400000,16.158451
2002-01-17,25.750000,25.500000,25.500000,16.222065
2002-01-18,25.690001,25.400000,25.680000,16.336578
2002-01-22,26.350000,25.709999,25.830000,16.431997
2002-01-23,25.709999,25.260000,25.700001,16.349297
2002-01-24,26.020000,25.700001,25.930000,16.495626
2002-01-25,26.320000,25.920000,26.290001,16.724634
2002-01-28,26.400000,26.100000,26.270000,16.711916
2002-01-29,26.400000,25.040001,25.270000,16.075754
2002-01-30,25.620001,24.350000,25.549999,16.253860
2002-01-31,25.959999,25.500000,25.950001,16.508337
2002-02-01,25.940001,25.530001,25.750000,16.381102
2002-02-04,25.280001,24.610001,24.610001,15.655887
2002-02-05,24.700001,24.120001,24.270000,15.439593
2002-02-06,24.830000,24.379999,24.450001,15.554093
2002-02-07,25.030001,24.639999,24.740000,15.738586
2002-02-08,25.070000,24.540001,24.889999,15.834010
2002-02-11,25.590000,25.000000,25.430000,16.177536
2002-02-12,25.510000,25.209999,25.209999,16.037588
2002-02-13,25.750000,25.400000,25.480000,16.209345
2002-02-14,25.629999,25.350000,25.570000,16.266598
2002-02-15,25.680000,25.330000,25.389999,16.152084
2002-02-19,25.430000,25.100000,25.320000,16.107555
2002-02-20,25.690001,25.110001,25.690001,16.342934
2002-02-21,26.090000,25.570000,25.590000,16.279322
2002-02-22,25.959999,25.400000,25.840000,16.438356
2002-02-25,26.570000,25.990000,26.520000,16.870956
2002-02-26,26.750000,26.280001,26.620001,16.934565
2002-02-27,27.120001,26.660000,26.940001,17.138132
2002-02-28,27.250000,26.600000,26.600000,16.921841
2002-03-01,27.219999,26.610001,27.219999,17.316256
2002-03-04,28.340000,27.440001,28.150000,17.907887
2002-03-05,28.250000,27.680000,27.799999,17.685240
2002-03-06,28.650000,27.850000,28.639999,18.219616
2002-03-07,28.700001,28.110001,28.299999,18.003307
2002-03-08,28.700001,28.209999,28.490000,18.124186
2002-03-11,28.780001,28.250000,28.549999,18.162361
2002-03-12,28.690001,28.200001,28.490000,18.124186
2002-03-13,28.469999,28.100000,28.100000,17.876089
2002-03-14,28.309999,28.100000,28.129999,17.895176
2002-03-15,28.200001,27.920000,28.070000,17.909203
2002-03-18,28.299999,27.809999,27.959999,17.839014
2002-03-19,28.389999,28.100000,28.260000,18.030434
2002-03-20,28.260000,27.799999,27.950001,17.832640
2002-03-21,27.950001,27.070000,27.389999,17.475346
2002-03-22,27.530001,26.980000,27.230000,17.373274
2002-03-25,27.440001,26.750000,26.799999,17.098919
2002-03-26,27.340000,26.830000,26.969999,17.207380
2002-03-27,27.440001,26.920000,27.150000,17.322216
2002-03-28,27.480000,27.209999,27.240000,17.379644
2002-04-01,27.290001,26.730000,27.230000,17.373274
2002-04-02,27.120001,26.879999,26.969999,17.207380
2002-04-03,27.000000,26.410000,26.600000,16.971310
2002-04-04,26.879999,26.500000,26.809999,17.105301
2002-04-05,27.250000,26.900000,26.930000,17.181864
2002-04-08,27.139999,26.700001,27.139999,17.315849
2002-04-09,27.299999,27.090000,27.120001,17.303082
2002-04-10,27.750000,27.330000,27.750000,17.705038
2002-04-11,27.600000,26.820000,26.860001,17.137196
2002-04-12,27.049999,26.700001,26.820000,17.111679
2002-04-15,26.709999,26.400000,26.540001,16.933035
2002-04-16,27.100000,26.770000,27.010000,17.232901
2002-04-17,27.000000,26.700001,26.820000,17.111679
2002-04-18,26.830000,26.200001,26.620001,16.984077
2002-04-19,26.730000,26.459999,26.469999,16.888374
2002-04-22,26.440001,25.980000,26.049999,16.620396
2002-04-23,26.240000,25.860001,26.000000,16.588505
2002-04-24,26.180000,25.760000,25.780001,16.448139
2002-04-25,25.570000,25.090000,25.469999,16.250357
2002-04-26,25.690001,25.200001,25.209999,16.084469
2002-04-29,25.340000,24.650000,24.660000,15.733560
2002-04-30,25.540001,24.740000,25.360001,16.180168
2002-05-01,25.469999,24.780001,25.440001,16.231209
2002-05-02,25.570000,25.370001,25.530001,16.288633
2002-05-03,25.629999,25.299999,25.540001,16.295008
2002-05-06,25.510000,24.780001,24.820000,15.835641
2002-05-07,25.150000,24.770000,24.840000,15.848394
2002-05-08,25.889999,25.400000,25.870001,16.505568
2002-05-09,25.750000,25.400000,25.430000,16.224829
2002-05-10,25.670000,25.049999,25.049999,15.982389
2002-05-13,25.340000,24.980000,25.209999,16.084469
2002-05-14,25.850000,25.580000,25.770000,16.441759
2002-05-15,26.120001,25.670000,25.870001,16.505568
2002-05-16,26.059999,25.870001,26.030001,16.607647
2002-05-17,26.299999,26.100000,26.260000,16.754393
2002-05-20,26.219999,25.940001,26.049999,16.620396
2002-05-21,26.350000,25.600000,25.650000,16.365187
2002-05-22,25.870001,25.520000,25.760000,16.435368
2002-05-23,26.240000,25.719999,26.240000,16.741634
2002-05-24,26.219999,25.950001,25.950001,16.556595
2002-05-28,26.049999,25.629999,25.660000,16.371582
2002-05-29,25.580000,25.360001,25.370001,16.186554
2002-05-30,25.430000,25.100000,25.260000,16.116371
2002-05-31,25.700001,25.320000,25.469999,16.250357
2002-06-03,25.600000,24.510000,24.510000,15.637863
2002-06-04,24.600000,24.150000,24.309999,15.510253
2002-06-05,24.719999,24.370001,24.719999,15.771843
2002-06-06,24.660000,24.100000,24.129999,15.395411
2002-06-07,24.350000,23.580000,24.129999,15.395411
2002-06-10,24.450001,24.059999,24.320000,15.516630
2002-06-11,24.590000,23.940001,24.030001,15.331597
2002-06-12,24.120001,23.620001,24.020000,15.325228
2002-06-13,24.270000,23.959999,23.959999,15.286940
2002-06-14,23.910000,23.580000,23.840000,15.210377
2002-06-17,24.510000,23.959999,24.510000,15.637863
2002-06-18,24.820000,24.440001,24.740000,15.784601
2002-06-19,24.990000,24.500000,24.549999,15.663377
2002-06-20,24.650000,24.350000,24.360001,15.542157
2002-06-21,24.170000,23.680000,23.690001,15.151379
2002-06-24,24.260000,23.440001,24.020000,15.362434
2002-06-25,24.190001,23.379999,23.510000,15.036248
2002-06-26,23.500000,22.700001,23.500000,15.029860
2002-06-27,23.870001,23.340000,23.870001,15.266495
2002-06-28,24.209999,23.850000,23.850000,15.253709
2002-07-01,24.010000,23.320000,23.320000,14.914729
2002-07-02,23.500000,22.790001,22.959999,14.684484
2002-07-03,22.990000,22.400000,22.990000,14.703673
2002-07-05,23.940001,23.190001,23.940001,15.311273
2002-07-08,24.000000,23.469999,23.540001,15.055435
2002-07-09,23.760000,22.950001,22.950001,14.678094
2002-07-10,23.180000,22.309999,22.389999,14.319934
2002-07-11,22.500000,21.750000,22.420000,14.339115
2002-07-12,22.820000,22.070000,22.350000,14.294348
2002-07-15,22.180000,21.309999,22.180000,14.185624
2002-07-16,22.150000,21.620001,21.719999,13.891427
2002-07-17,22.250000,21.580000,21.980000,14.057709
2002-07-18,21.950001,21.340000,21.340000,13.648392
2002-07-19,21.170000,20.480000,20.680000,13.226267
2002-07-22,20.629999,19.740000,20.020000,12.804159
2002-07-23,20.170000,19.570000,19.570000,12.516356
2002-07-24,20.670000,19.100000,20.620001,13.187899
2002-07-25,20.889999,20.129999,20.639999,13.200691
2002-07-26,21.059999,20.610001,20.969999,13.411750
2002-07-29,22.410000,21.000000,22.280001,14.249584
2002-07-30,22.680000,21.870001,22.540001,14.415874
2002-07-31,22.500000,21.850000,22.500000,14.390285
2002-08-01,22.490000,21.950001,22.000000,14.070504
2002-08-02,22.000000,21.059999,21.200001,13.558854
2002-08-05,21.200001,20.500000,20.500000,13.111152
2002-08-06,21.760000,21.000000,21.200001,13.558854
2002-08-07,21.820000,21.180000,21.730000,13.897817
2002-08-08,22.559999,21.719999,22.360001,14.300746
2002-08-09,22.559999,22.049999,22.530001,14.409476
2002-08-12,22.459999,22.049999,22.270000,14.243183
2002-08-13,22.360001,21.750000,21.750000,13.910606
2002-08-14,22.309999,21.160000,22.219999,14.211210
2002-08-15,22.559999,21.969999,22.400000,14.326333
2002-08-16,22.620001,22.209999,22.379999,14.313538
2002-08-19,23.049999,22.450001,22.910000,14.652514
2002-08-20,22.910000,22.540001,22.799999,14.582163
2002-08-21,23.129999,22.610001,22.870001,14.626932
2002-08-22,23.340000,22.930000,23.200001,14.837988
2002-08-23,23.110001,22.650000,22.660000,14.492620
2002-08-26,22.940001,22.389999,22.940001,14.671703
2002-08-27,23.280001,22.690001,22.740000,14.543783
2002-08-28,22.549999,22.170000,22.299999,14.262370
2002-08-29,22.180000,21.799999,22.129999,14.153641
2002-08-30,22.459999,21.990000,22.150000,14.166432
2002-09-03,21.760000,21.330000,21.379999,13.673972
2002-09-04,21.709999,21.000000,21.590000,13.808283
2002-09-05,21.420000,21.000000,21.209999,13.565243
2002-09-06,21.620001,21.200001,21.480000,13.737922
2002-09-09,21.900000,21.250000,21.660000,13.853050
2002-09-10,21.980000,21.680000,21.900000,14.006550
2002-09-11,22.219999,21.879999,21.900000,14.006550
2002-09-12,22.000000,21.510000,21.600000,13.814677
2002-09-13,21.180000,20.900000,21.080000,13.482099
2002-09-16,21.320000,20.900000,21.290001,13.616409
2002-09-17,22.059999,20.850000,20.850000,13.334998
2002-09-18,20.910000,20.570000,20.820000,13.315820
2002-09-19,20.799999,20.309999,20.410000,13.053596
2002-09-20,20.450001,20.150000,20.410000,13.103030
2002-09-23,20.280001,19.959999,20.150000,12.936106
2002-09-24,20.000000,19.639999,19.719999,12.660055
2002-09-25,20.219999,19.760000,20.100000,12.904005
2002-09-26,20.600000,20.129999,20.490000,13.154389
2002-09-27,20.450001,19.690001,19.709999,12.653635
2002-09-30,19.680000,19.020000,19.520000,12.531652
2002-10-01,20.370001,19.500000,20.370001,13.077341
2002-10-02,20.250000,19.650000,19.670000,12.627949
2002-10-03,20.010000,19.469999,19.510000,12.525236
2002-10-04,19.580000,18.850000,19.000000,12.197815
2002-10-07,19.160000,18.330000,18.490000,11.870400
2002-10-08,18.860001,18.180000,18.629999,11.960281
2002-10-09,18.629999,17.950001,18.000000,11.555829
2002-10-10,18.660000,17.750000,18.620001,11.953861
2002-10-11,19.740000,19.170000,19.480000,12.505977
2002-10-14,19.600000,19.299999,19.370001,12.435352
2002-10-15,20.370001,19.370001,20.309999,13.038819
2002-10-16,20.309999,19.750000,19.809999,12.717830
2002-10-17,20.650000,20.250000,20.430000,13.115857
2002-10-18,20.459999,20.010000,20.400000,13.096601
2002-10-21,21.049999,20.200001,21.020000,13.494638
2002-10-22,21.049999,20.480000,20.730000,13.308462
2002-10-23,20.940001,20.350000,20.940001,13.443274
2002-10-24,21.080000,20.440001,20.500000,13.160805
2002-10-25,20.760000,20.350000,20.760000,13.327722
2002-10-28,21.049999,20.430000,20.469999,13.141549
2002-10-29,20.469999,19.930000,20.299999,13.032402
2002-10-30,20.559999,20.200001,20.320000,13.045252
2002-10-31,20.580000,20.270000,20.480000,13.147965
2002-11-01,20.750000,20.049999,20.750000,13.321301
2002-11-04,21.200001,20.700001,20.770000,13.334138
2002-11-05,21.000000,20.600000,20.969999,13.462538
2002-11-06,21.400000,21.000000,21.360001,13.712914
2002-11-07,21.100000,20.750000,20.900000,13.417600
2002-11-08,21.070000,20.500000,20.590000,13.218585
2002-11-11,21.240000,20.059999,20.200001,12.968208
2002-11-12,20.440001,20.120001,20.209999,12.974627
2002-11-13,20.420000,19.969999,20.170000,12.948943
2002-11-14,20.590000,20.370001,20.450001,13.128699
2002-11-15,20.520000,20.209999,20.450001,13.128699
2002-11-18,20.750000,20.299999,20.299999,13.032402
2002-11-19,20.490000,20.100000,20.330000,13.051661
2002-11-20,20.670000,20.250000,20.629999,13.244261
2002-11-21,21.480000,20.629999,21.480000,13.789947
2002-11-22,21.469999,21.240000,21.379999,13.725752
2002-11-25,21.459999,21.049999,21.340000,13.700076
2002-11-26,21.299999,20.950001,21.040001,13.507482
2002-11-27,21.750000,21.230000,21.600000,13.866995
2002-11-29,21.750000,21.510000,21.549999,13.834893
2002-12-02,22.090000,21.500000,21.690001,13.924769
2002-12-03,21.750000,21.240000,21.330000,13.693648
2002-12-04,21.530001,21.040001,21.260000,13.648715
2002-12-05,21.280001,20.950001,21.040001,13.507482
2002-12-06,21.180000,20.740000,21.030001,13.501053
2002-12-09,21.049999,20.700001,20.700001,13.289202
2002-12-10,20.969999,20.620001,20.870001,13.398334
2002-12-11,21.120001,20.740000,20.980000,13.468959
2002-12-12,21.100000,20.770000,20.900000,13.417600
2002-12-13,21.000000,20.459999,20.540001,13.186484
2002-12-16,21.049999,20.610001,21.049999,13.513897
2002-12-17,21.090000,20.790001,20.790001,13.346979
2002-12-18,20.850000,20.610001,20.760000,13.327722
2002-12-19,20.950001,20.469999,20.610001,13.231423
2002-12-20,20.820000,20.600000,20.820000,13.439929
2002-12-23,20.889999,20.570000,20.719999,13.375376
2002-12-24,20.809999,20.570000,20.620001,13.310823
2002-12-26,21.059999,20.500000,20.690001,13.356009
2002-12-27,20.680000,20.290001,20.290001,13.097791
2002-12-30,20.700001,20.160000,20.400000,13.168804
2002-12-31,20.650000,20.270000,20.590000,13.291458
2003-01-02,21.260000,20.620001,21.120001,13.633582
2003-01-03,21.250000,20.969999,21.190001,13.678769
2003-01-06,21.559999,21.250000,21.379999,13.801424
2003-01-07,21.440001,21.100000,21.260000,13.723964
2003-01-08,21.219999,20.820000,21.000000,13.556124
2003-01-09,21.290001,21.000000,21.270000,13.730421
2003-01-10,21.360001,20.980000,21.230000,13.704597
2003-01-13,21.299999,20.980000,21.190001,13.678769
2003-01-14,21.250000,21.010000,21.230000,13.704597
2003-01-15,21.350000,20.760000,20.930000,13.510935
2003-01-16,21.150000,20.760000,20.809999,13.433470
2003-01-17,20.820000,20.500000,20.660000,13.336643
2003-01-21,20.799999,20.139999,20.150000,13.007420
2003-01-22,20.150000,19.700001,19.770000,12.762123
2003-01-23,20.170000,19.750000,20.129999,12.994512
2003-01-24,19.950001,19.459999,19.510000,12.594287
2003-01-27,19.600000,19.200001,19.360001,12.497454
2003-01-28,19.650000,19.200001,19.480000,12.574926
2003-01-29,19.799999,19.150000,19.500000,12.587831
2003-01-30,19.650000,19.160000,19.160000,12.368353
2003-01-31,19.680000,19.260000,19.480000,12.574926
2003-02-03,19.770000,19.520000,19.650000,12.684656
2003-02-04,19.480000,19.209999,19.480000,12.574926
2003-02-05,19.760000,19.299999,19.500000,12.587831
2003-02-06,19.549999,19.100000,19.340000,12.484545
2003-02-07,19.450001,19.020000,19.150000,12.361896
2003-02-10,19.299999,18.900000,19.170000,12.374807
2003-02-11,19.370001,18.950001,18.969999,12.245695
2003-02-12,19.020000,18.750000,18.809999,12.142419
2003-02-13,18.860001,18.350000,18.570000,11.987489
2003-02-14,19.010000,18.590000,19.000000,12.265064
2003-02-18,19.450001,19.049999,19.209999,12.400621
2003-02-19,19.400000,19.100000,19.299999,12.458722
2003-02-20,19.450001,19.000000,19.200001,12.394170
2003-02-21,19.500000,19.000000,19.500000,12.587831
2003-02-24,19.400000,18.850000,18.850000,12.168235
2003-02-25,19.150000,18.600000,19.150000,12.361896
2003-02-26,19.250000,18.900000,19.000000,12.265064
2003-02-27,19.240000,18.799999,19.129999,12.348984
2003-02-28,19.400000,19.049999,19.180000,12.381262
2003-03-03,19.400000,19.010000,19.100000,12.329614
2003-03-04,19.100000,18.750000,18.750000,12.103684
2003-03-05,18.950001,18.600000,18.900000,12.200512
2003-03-06,18.830000,17.850000,18.760000,12.110142
2003-03-07,18.950001,18.350000,18.830000,12.155324
2003-03-10,18.900000,18.350000,18.350000,11.845469
2003-03-11,18.490000,18.000000,18.010000,11.625989
2003-03-12,18.219999,17.850000,18.219999,11.761555
2003-03-13,18.790001,18.299999,18.750000,12.103684
2003-03-14,19.100000,18.670000,19.049999,12.297335
2003-03-17,19.709999,18.650000,19.590000,12.645930
2003-03-18,19.900000,19.540001,19.850000,12.813761
2003-03-19,20.020000,19.639999,19.969999,12.891218
2003-03-20,20.100000,19.650000,19.959999,12.884774
2003-03-21,20.580000,19.920000,20.580000,13.335780
2003-03-24,20.049999,19.700001,19.850000,12.862749
2003-03-25,20.080000,19.620001,19.889999,12.888664
2003-03-26,19.969999,19.650000,19.889999,12.888664
2003-03-27,19.850000,19.420000,19.840000,12.856267
2003-03-28,19.750000,19.500000,19.620001,12.713697
2003-03-31,19.480000,19.100000,19.309999,12.512825
2003-04-01,19.639999,19.200001,19.580000,12.687779
2003-04-02,20.139999,19.760000,20.020000,12.972904
2003-04-03,20.350000,19.940001,20.000000,12.959931
2003-04-04,20.200001,19.860001,20.049999,12.992338
2003-04-07,20.670000,20.170000,20.200001,13.089544
2003-04-08,20.299999,20.000000,20.120001,13.037701
2003-04-09,20.299999,19.840000,19.879999,12.882183
2003-04-10,20.049999,19.700001,19.910000,12.901619
2003-04-11,20.230000,19.850000,19.940001,12.921057
2003-04-14,20.280001,19.920000,20.280001,13.141387
2003-04-15,20.459999,20.129999,20.450001,13.251537
2003-04-16,20.549999,20.110001,20.170000,13.070104
2003-04-17,20.500000,20.129999,20.500000,13.283934
2003-04-21,20.580000,20.320000,20.320000,13.167300
2003-04-22,20.950001,20.250000,20.930000,13.562578
2003-04-23,21.129999,20.900000,21.100000,13.672736
2003-04-24,21.000000,20.750000,20.900000,13.543133
2003-04-25,20.910000,20.600000,20.740000,13.439460
2003-04-28,21.219999,20.740000,21.110001,13.679215
2003-04-29,21.350000,21.000000,21.170000,13.718094
2003-04-30,21.400000,20.950001,21.400000,13.867134
2003-05-01,21.400000,20.850000,21.080000,13.659783
2003-05-02,21.490000,20.980000,21.370001,13.847693
2003-05-05,21.480000,21.160000,21.299999,13.802334
2003-05-06,21.559999,21.260000,21.360001,13.841224
2003-05-07,21.500000,21.209999,21.330000,13.821776
2003-05-08,21.280001,20.950001,21.129999,13.692176
2003-05-09,21.450001,21.059999,21.450001,13.899538
2003-05-12,21.650000,21.190001,21.610001,14.003222
2003-05-13,21.700001,21.430000,21.540001,13.957850
2003-05-14,21.620001,21.330000,21.469999,13.912500
2003-05-15,21.719999,21.500000,21.700001,14.061531
2003-05-16,21.709999,21.440001,21.600000,13.996736
2003-05-19,21.600000,21.040001,21.040001,13.633855
2003-05-20,21.290001,20.870001,21.160000,13.711613
2003-05-21,21.160000,20.850000,21.040001,13.633855
2003-05-22,21.299999,21.030001,21.200001,13.737535
2003-05-23,21.400000,21.110001,21.280001,13.789372
2003-05-27,21.799999,21.120001,21.799999,14.126334
2003-05-28,22.180000,21.639999,21.719999,14.074499
2003-05-29,21.840000,21.400000,21.480000,13.918971
2003-05-30,21.990000,21.480000,21.980000,14.242984
2003-06-02,22.410000,22.049999,22.200001,14.385534
2003-06-03,22.309999,22.040001,22.230000,14.404972
2003-06-04,22.570000,22.160000,22.520000,14.592895
2003-06-05,22.639999,22.290001,22.580000,14.631775
2003-06-06,23.070000,22.600000,22.770000,14.754893
2003-06-09,22.770000,22.420000,22.469999,14.560493
2003-06-10,22.709999,22.250000,22.590000,14.638249
2003-06-11,23.129999,22.639999,23.040001,14.929855
2003-06-12,23.290001,23.000000,23.100000,14.968725
2003-06-13,23.209999,22.770000,22.850000,14.806733
2003-06-16,23.400000,22.700001,23.400000,15.163132
2003-06-17,23.590000,23.250000,23.410000,15.169614
2003-06-18,23.450001,23.180000,23.290001,15.091843
2003-06-19,23.400000,22.799999,22.860001,14.813211
2003-06-20,23.100000,22.830000,22.920000,14.884645
2003-06-23,23.000000,22.540001,22.639999,14.702809
2003-06-24,22.740000,22.530001,22.650000,14.709302
2003-06-25,22.750000,22.299999,22.299999,14.482006
2003-06-26,22.610001,22.270000,22.570000,14.657344
2003-06-27,22.650000,22.250000,22.350000,14.514477
2003-06-30,22.500000,21.530001,22.389999,14.540455
2003-07-01,22.440001,22.000000,22.440001,14.572927
2003-07-02,22.600000,22.330000,22.500000,14.611897
2003-07-03,22.620001,22.370001,22.480000,14.598909
2003-07-07,22.930000,22.620001,22.780001,14.793728
2003-07-08,22.950001,22.690001,22.950001,14.904136
2003-07-09,22.950001,22.620001,22.700001,14.741776
2003-07-10,22.660000,22.370001,22.400000,14.546949
2003-07-11,22.730000,22.459999,22.629999,14.696313
2003-07-14,22.990000,22.549999,22.549999,14.644361
2003-07-15,22.780001,22.370001,22.410000,14.553443
2003-07-16,22.620001,22.260000,22.360001,14.520979
2003-07-17,22.450001,21.309999,22.299999,14.482006
2003-07-18,22.750000,22.299999,22.600000,14.676838
2003-07-21,22.799999,22.480000,22.500000,14.611897
2003-07-22,22.840000,22.469999,22.780001,14.793728
2003-07-23,22.950001,22.510000,22.709999,14.748259
2003-07-24,23.049999,22.670000,22.709999,14.748259
2003-07-25,23.219999,22.700001,23.219999,15.079475
2003-07-28,23.400000,23.049999,23.240000,15.092459
2003-07-29,23.260000,22.830000,22.920000,14.884645
2003-07-30,23.100000,22.809999,22.920000,14.884645
2003-07-31,23.450001,23.030001,23.129999,15.021023
2003-08-01,23.150000,22.900000,22.950001,14.904136
2003-08-04,23.100000,22.650000,23.000000,14.936600
2003-08-05,23.150000,22.549999,22.610001,14.683331
2003-08-06,22.700001,22.379999,22.570000,14.657344
2003-08-07,22.730000,22.400000,22.709999,14.748259
2003-08-08,22.900000,22.610001,22.740000,14.767744
2003-08-11,22.969999,22.690001,22.920000,14.884645
2003-08-12,23.139999,22.820000,23.139999,15.027519
2003-08-13,23.490000,23.000000,23.059999,14.975574
2003-08-14,23.420000,23.000000,23.330000,15.150906
2003-08-15,23.549999,23.290001,23.549999,15.293780
2003-08-18,23.900000,23.450001,23.900000,15.521076
2003-08-19,24.040001,23.780001,24.040001,15.612008
2003-08-20,24.030001,23.780001,23.900000,15.521076
2003-08-21,24.209999,23.959999,24.180000,15.702914
2003-08-22,24.400000,23.860001,23.950001,15.553548
2003-08-25,23.920000,23.650000,23.730000,15.410672
2003-08-26,23.889999,23.530001,23.870001,15.501602
2003-08-27,23.870001,23.670000,23.850000,15.488608
2003-08-28,24.049999,23.730000,24.040001,15.612008
2003-08-29,24.129999,23.870001,24.030001,15.605500
2003-09-02,24.480000,23.969999,24.379999,15.832802
2003-09-03,24.639999,24.410000,24.580000,15.962677
2003-09-04,24.620001,24.370001,24.559999,15.949696
2003-09-05,24.590000,24.170000,24.290001,15.774350
2003-09-08,24.549999,24.309999,24.410000,15.852283
2003-09-09,24.490000,24.110001,24.150000,15.683430
2003-09-10,24.100000,23.820000,23.870001,15.501602
2003-09-11,24.170000,23.750000,24.070000,15.631474
2003-09-12,24.150000,23.799999,24.059999,15.624989
2003-09-15,24.250000,24.000000,24.090000,15.644467
2003-09-16,24.469999,23.910000,24.400000,15.845781
2003-09-17,24.549999,24.270000,24.299999,15.780844
2003-09-18,24.629999,24.280001,24.590000,15.969180
2003-09-19,24.670000,24.260000,24.400000,15.902040
2003-09-22,24.250000,24.010000,24.080000,15.693494
2003-09-23,24.200001,23.950001,24.170000,15.752154
2003-09-24,24.350000,23.680000,23.700001,15.445836
2003-09-25,23.750000,23.450001,23.520000,15.328528
2003-09-26,23.500000,23.219999,23.270000,15.165602
2003-09-29,23.610001,23.260000,23.510000,15.322013
2003-09-30,23.600000,23.049999,23.290001,15.178633
2003-10-01,23.799999,23.350000,23.750000,15.478431
2003-10-02,23.900000,23.650000,23.860001,15.550123
2003-10-03,24.350000,23.910000,24.100000,15.706530
2003-10-06,24.240000,24.040001,24.110001,15.713047
2003-10-07,24.230000,23.900000,24.230000,15.791253
2003-10-08,24.250000,24.010000,24.120001,15.719566
2003-10-09,24.500000,24.230000,24.280001,15.823846
2003-10-10,24.480000,24.049999,24.139999,15.732591
2003-10-13,24.469999,24.100000,24.240000,15.797772
2003-10-14,24.420000,24.080000,24.360001,15.875983
2003-10-15,24.660000,24.230000,24.400000,15.902040
2003-10-16,24.500000,24.000000,24.410000,15.908565
2003-10-17,24.490000,24.120001,24.240000,15.797772
2003-10-20,24.350000,24.139999,24.299999,15.836874
2003-10-21,24.450001,24.250000,24.260000,15.810803
2003-10-22,24.250000,23.950001,23.980000,15.628323
2003-10-23,24.120001,23.850000,24.040001,15.667433
2003-10-24,24.100000,23.750000,24.049999,15.673944
2003-10-27,24.209999,24.000000,24.059999,15.680460
2003-10-28,24.340000,24.080000,24.340000,15.862940
2003-10-29,24.580000,24.340000,24.500000,15.967215
2003-10-30,24.870001,24.559999,24.690001,16.091043
2003-10-31,24.879999,24.700001,24.730000,16.117111
2003-11-03,25.020000,24.790001,24.850000,16.195312
2003-11-04,25.000000,24.799999,24.920000,16.240940
2003-11-05,24.990000,24.730000,24.900000,16.227909
2003-11-06,25.049999,24.750000,25.030001,16.312634
2003-11-07,25.150000,24.889999,24.940001,16.253973
2003-11-10,25.100000,24.700001,24.709999,16.104082
2003-11-11,24.750000,24.590000,24.620001,16.045431
2003-11-12,25.070000,24.680000,25.020000,16.306114
2003-11-13,25.059999,24.820000,25.010000,16.299595
2003-11-14,25.120001,24.750000,24.820000,16.175770
2003-11-17,24.750000,24.450001,24.750000,16.130142
2003-11-18,24.900000,24.570000,24.629999,16.051947
2003-11-19,24.940001,24.639999,24.850000,16.195312
2003-11-20,24.980000,24.620001,24.670000,16.078009
2003-11-21,24.799999,24.540001,24.690001,16.091043
2003-11-24,24.990000,24.780001,24.990000,16.286564
2003-11-25,25.250000,25.000000,25.190001,16.416910
2003-11-26,25.299999,24.980000,25.190001,16.416910
2003-11-28,25.270000,25.150000,25.219999,16.436459
2003-12-01,25.590000,25.299999,25.590000,16.677595
2003-12-02,25.889999,25.440001,25.540001,16.645021
2003-12-03,25.750000,25.530001,25.559999,16.658045
2003-12-04,25.670000,25.520000,25.639999,16.710186
2003-12-05,25.660000,25.420000,25.450001,16.586359
2003-12-08,25.690001,25.459999,25.680000,16.736256
2003-12-09,25.860001,25.610001,25.680000,16.736256
2003-12-10,25.750000,25.500000,25.629999,16.703667
2003-12-11,26.080000,25.690001,26.030001,16.964361
2003-12-12,26.110001,25.799999,26.070000,16.990429
2003-12-15,26.420000,26.010000,26.100000,17.009974
2003-12-16,26.299999,25.959999,26.260000,17.114243
2003-12-17,26.350000,26.070000,26.290001,17.133806
2003-12-18,26.600000,26.330000,26.590000,17.329317
2003-12-19,26.650000,26.320000,26.480000,17.342415
2003-12-22,26.680000,26.410000,26.639999,17.447208
2003-12-23,26.820000,26.610001,26.700001,17.486498
2003-12-24,27.000000,26.530001,26.600000,17.421009
2003-12-26,26.719999,26.530001,26.549999,17.388264
2003-12-29,26.889999,26.650000,26.889999,17.610937
2003-12-30,27.049999,26.700001,26.730000,17.506149
2003-12-31,26.889999,26.680000,26.760000,17.525797
2004-01-02,27.010000,26.629999,26.740000,17.512701
2004-01-05,27.049999,26.820000,27.000000,17.682978
2004-01-06,27.150000,26.870001,26.959999,17.656780
2004-01-07,27.040001,26.760000,27.000000,17.682978
2004-01-08,27.250000,27.020000,27.170000,17.794317
2004-01-09,27.129999,26.830000,26.900000,17.617495
2004-01-12,27.040001,26.830000,26.990000,17.676434
2004-01-13,27.160000,26.730000,26.879999,17.604383
2004-01-14,27.290001,27.000000,27.250000,17.846718
2004-01-15,27.420000,27.090000,27.290001,17.872902
2004-01-16,27.799999,27.430000,27.799999,18.206921
2004-01-20,27.950001,27.340000,27.459999,17.984251
2004-01-21,27.730000,27.240000,27.650000,18.108679
2004-01-22,27.850000,27.480000,27.520000,18.023544
2004-01-23,27.670000,27.250000,27.420000,17.958048
2004-01-26,27.780001,27.299999,27.770000,18.187277
2004-01-27,27.850000,27.480000,27.500000,18.010439
2004-01-28,27.700001,27.000000,27.070000,17.728828
2004-01-29,27.350000,26.820000,27.080000,17.735378
2004-01-30,27.120001,26.809999,27.030001,17.702627
2004-02-02,27.180000,26.770000,26.980000,17.669882
2004-02-03,27.900000,25.840000,26.879999,17.604383
2004-02-04,26.959999,26.680000,26.750000,17.519249
2004-02-05,27.059999,26.700001,27.000000,17.682978
2004-02-06,27.200001,26.860001,27.120001,17.761572
2004-02-09,27.200001,26.990000,27.049999,17.715725
2004-02-10,27.049999,26.900000,27.030001,17.702627
2004-02-11,27.469999,26.920000,27.330000,17.899107
2004-02-12,27.500000,27.280001,27.309999,17.886005
2004-02-13,27.480000,27.100000,27.180000,17.800863
2004-02-17,27.459999,27.209999,27.389999,17.938398
2004-02-18,27.490000,27.139999,27.250000,17.846718
2004-02-19,27.450001,27.040001,27.040001,17.709187
2004-02-20,27.290001,26.850000,26.990000,17.676434
2004-02-23,27.150000,26.750000,26.889999,17.610937
2004-02-24,27.030001,26.639999,26.889999,17.610937
2004-02-25,26.950001,26.719999,26.820000,17.565094
2004-02-26,26.889999,26.660000,26.840000,17.578186
2004-02-27,26.950001,26.730000,26.830000,17.571651
2004-03-01,27.059999,26.790001,26.969999,17.663332
2004-03-02,27.059999,26.780001,26.879999,17.604383
2004-03-03,26.920000,26.760000,26.870001,17.597845
2004-03-04,27.000000,26.830000,26.969999,17.663332
2004-03-05,27.139999,26.740000,27.030001,17.702627
2004-03-08,27.020000,26.570000,26.570000,17.401365
2004-03-09,26.600000,26.309999,26.389999,17.283478
2004-03-10,26.430000,25.879999,25.900000,16.962563
2004-03-11,26.070000,25.160000,25.510000,16.707144
2004-03-12,26.000000,25.500000,25.950001,16.995317
2004-03-15,26.040001,25.610001,25.629999,16.785732
2004-03-16,25.980000,25.549999,25.920000,16.975668
2004-03-17,26.340000,26.049999,26.240000,17.185236
2004-03-18,26.309999,25.980000,26.270000,17.204887
2004-03-19,26.180000,25.850000,25.850000,16.988667
2004-03-22,25.650000,25.290001,25.500000,16.758646
2004-03-23,25.650000,25.400000,25.430000,16.712643
2004-03-24,25.520000,25.280001,25.430000,16.712643
2004-03-25,25.950001,25.469999,25.850000,16.988667
2004-03-26,26.150000,25.870001,25.990000,17.080673
2004-03-29,26.450001,26.170000,26.299999,17.284405
2004-03-30,26.480000,26.200001,26.459999,17.389557
2004-03-31,26.549999,26.270000,26.410000,17.356699
2004-04-01,26.639999,26.430000,26.559999,17.455275
2004-04-02,27.000000,26.730000,26.860001,17.652449
2004-04-05,27.180000,26.860001,27.180000,17.862743
2004-04-06,27.240000,27.049999,27.160000,17.849607
2004-04-07,27.299999,26.969999,27.100000,17.810162
2004-04-08,27.400000,26.870001,26.950001,17.711588
2004-04-12,27.270000,27.080000,27.219999,17.889038
2004-04-13,27.420000,26.740000,26.799999,17.613010
2004-04-14,26.910000,26.580000,26.780001,17.599869
2004-04-15,26.940001,26.600000,26.860001,17.652449
2004-04-16,27.120001,26.700001,27.100000,17.810162
2004-04-19,27.049999,26.870001,26.950001,17.711588
2004-04-20,27.110001,26.639999,26.680000,17.534147
2004-04-21,26.850000,26.410000,26.850000,17.645874
2004-04-22,27.440001,26.799999,27.440001,18.033617
2004-04-23,27.400000,27.080000,27.320000,17.954752
2004-04-26,27.420000,27.120001,27.180000,17.862743
2004-04-27,27.450001,27.190001,27.200001,17.875893
2004-04-28,27.299999,26.830000,26.840000,17.639294
2004-04-29,26.950001,26.500000,26.600000,17.481569
2004-04-30,26.740000,26.400000,26.400000,17.350126
2004-05-03,26.750000,26.299999,26.700001,17.547289
2004-05-04,26.959999,26.549999,26.809999,17.619581
2004-05-05,26.990000,26.650000,26.830000,17.632723
2004-05-06,26.770000,26.400000,26.690001,17.540712
2004-05-07,26.719999,26.219999,26.219999,17.231829
2004-05-10,26.120001,25.660000,25.840000,16.982100
2004-05-11,26.059999,25.700001,26.000000,17.087240
2004-05-12,26.219999,25.660000,26.219999,17.231829
2004-05-13,26.290001,26.000000,26.219999,17.231829
2004-05-14,26.290001,25.959999,26.170000,17.198967
2004-05-17,25.969999,25.770000,25.879999,17.008377
2004-05-18,26.160000,25.920000,26.139999,17.179260
2004-05-19,26.540001,26.059999,26.100000,17.152960
2004-05-20,26.070000,25.910000,26.040001,17.113529
2004-05-21,26.280001,26.070000,26.219999,17.231829
2004-05-24,26.549999,26.270000,26.420000,17.363274
2004-05-25,26.850000,26.049999,26.799999,17.613010
2004-05-26,26.920000,26.730000,26.860001,17.652449
2004-05-27,27.180000,26.900000,27.049999,17.777309
2004-05-28,27.219999,26.900000,27.049999,17.777309
2004-06-01,27.049999,26.850000,27.049999,17.777309
2004-06-02,27.320000,27.049999,27.299999,17.941608
2004-06-03,27.290001,27.080000,27.100000,17.810162
2004-06-04,27.340000,27.080000,27.250000,17.908752
2004-06-07,27.719999,27.370001,27.719999,18.217627
2004-06-08,27.809999,27.600000,27.780001,18.257071
2004-06-09,27.900000,27.540001,27.540001,18.099342
2004-06-10,27.730000,27.530001,27.730000,18.224211
2004-06-14,27.650000,27.490000,27.580000,18.125628
2004-06-15,27.870001,27.690001,27.830000,18.289930
2004-06-16,28.000000,27.770000,27.900000,18.335924
2004-06-17,27.990000,27.740000,27.920000,18.349070
2004-06-18,28.110001,27.650000,28.020000,18.453131
2004-06-21,28.139999,27.910000,27.910000,18.380688
2004-06-22,28.200001,27.870001,28.170000,18.551920
2004-06-23,28.590000,28.129999,28.570000,18.815336
2004-06-24,28.780001,28.400000,28.510000,18.775831
2004-06-25,28.620001,28.370001,28.469999,18.749483
2004-06-28,28.600000,28.260000,28.260000,18.611177
2004-06-29,28.559999,28.260000,28.480000,18.756071
2004-06-30,28.690001,28.340000,28.660000,18.874609
2004-07-01,28.780001,28.129999,28.230000,18.591431
2004-07-02,28.240000,27.920000,27.990000,18.433365
2004-07-06,28.049999,27.750000,27.930000,18.393862
2004-07-07,28.080000,27.889999,27.980000,18.426786
2004-07-08,28.000000,27.799999,27.820000,18.321411
2004-07-09,28.049999,27.940001,28.049999,18.472879
2004-07-12,28.170000,27.870001,28.090000,18.499224
2004-07-13,28.219999,28.129999,28.150000,18.538744
2004-07-14,28.330000,27.799999,28.100000,18.505806
2004-07-15,28.360001,28.080000,28.240000,18.598017
2004-07-16,28.480000,28.110001,28.129999,18.525572
2004-07-19,28.139999,27.879999,28.010000,18.446543
2004-07-20,28.190001,27.750000,28.180000,18.558491
2004-07-21,28.389999,27.809999,27.809999,18.314829
2004-07-22,27.750000,27.360001,27.639999,18.202869
2004-07-23,27.660000,27.389999,27.510000,18.117252
2004-07-26,27.799999,27.260000,27.420000,18.057991
2004-07-27,27.750000,27.299999,27.700001,18.242386
2004-07-28,27.940001,27.430000,27.870001,18.354345
2004-07-29,28.020000,27.690001,27.900000,18.374102
2004-07-30,27.959999,27.730000,27.860001,18.347761
2004-08-02,28.030001,27.639999,27.990000,18.433365
2004-08-03,28.020000,27.700001,27.840000,18.334587
2004-08-04,27.870001,27.600000,27.840000,18.334587
2004-08-05,28.049999,27.250000,27.270000,17.959200
2004-08-06,27.100000,26.670000,26.709999,17.590397
2004-08-09,26.900000,26.549999,26.770000,17.629919
2004-08-10,27.219999,26.809999,27.219999,17.926273
2004-08-11,27.219999,26.860001,27.190001,17.906519
2004-08-12,27.190001,26.700001,26.790001,17.643082
2004-08-13,26.840000,26.660000,26.740000,17.610159
2004-08-16,27.280001,26.700001,27.240000,17.939444
2004-08-17,27.500000,27.150000,27.219999,17.926273
2004-08-18,27.650000,27.000000,27.650000,18.209463
2004-08-19,27.510000,27.190001,27.320000,17.992125
2004-08-20,27.620001,27.299999,27.590000,18.169935
2004-08-23,27.850000,27.500000,27.580000,18.163359
2004-08-24,27.760000,27.500000,27.600000,18.176535
2004-08-25,27.950001,27.500000,27.900000,18.374102
2004-08-26,27.969999,27.809999,27.910000,18.380688
2004-08-27,27.940001,27.790001,27.900000,18.374102
2004-08-30,27.900000,27.600000,27.750000,18.275309
2004-08-31,27.879999,27.549999,27.879999,18.360929
2004-09-01,28.020000,27.760000,27.889999,18.367521
2004-09-02,28.290001,27.889999,28.270000,18.617767
2004-09-03,28.389999,28.100000,28.190001,18.565083
2004-09-07,28.480000,28.270000,28.400000,18.703386
2004-09-08,28.469999,28.250000,28.350000,18.670456
2004-09-09,28.500000,28.150000,28.280001,18.624352
2004-09-10,28.440001,28.049999,28.360001,18.677040
2004-09-13,28.559999,28.379999,28.389999,18.696791
2004-09-14,28.459999,28.219999,28.459999,18.742897
2004-09-15,28.500000,28.180000,28.200001,18.571676
2004-09-16,28.459999,28.150000,28.379999,18.690212
2004-09-17,28.639999,28.389999,28.590000,18.894428
2004-09-20,28.620001,28.389999,28.440001,18.795298
2004-09-21,28.639999,28.450001,28.549999,18.867992
2004-09-22,28.549999,28.080000,28.150000,18.603640
2004-09-23,28.100000,27.870001,27.879999,18.425205
2004-09-24,28.070000,27.700001,27.980000,18.491283
2004-09-27,27.900000,27.760000,27.760000,18.345900
2004-09-28,28.080000,27.600000,28.040001,18.530947
2004-09-29,28.180000,27.959999,28.139999,18.597027
2004-09-30,28.440001,28.059999,28.379999,18.755634
2004-10-01,28.790001,28.200001,28.780001,19.019995
2004-10-04,29.000000,28.750000,28.750000,19.000156
2004-10-05,28.740000,28.590000,28.629999,18.920849
2004-10-06,28.930000,28.650000,28.930000,19.119127
2004-10-07,28.870001,28.600000,28.600000,18.901031
2004-10-08,28.600000,28.240000,28.370001,18.749029
2004-10-11,28.480000,28.370001,28.400000,18.768860
2004-10-12,28.459999,28.150000,28.389999,18.762253
2004-10-13,28.580000,27.980000,28.059999,18.544155
2004-10-14,28.129999,27.500000,27.940001,18.464859
2004-10-15,28.280001,28.000000,28.139999,18.597027
2004-10-18,28.219999,27.870001,28.219999,18.649902
2004-10-19,28.389999,27.969999,27.969999,18.484686
2004-10-20,28.090000,27.700001,27.889999,18.431805
2004-10-21,28.110001,27.760000,28.030001,18.524334
2004-10-22,28.150000,27.719999,27.780001,18.359125
2004-10-25,27.870001,27.580000,27.780001,18.359125
2004-10-26,28.209999,27.740000,28.200001,18.636679
2004-10-27,28.600000,28.100000,28.600000,18.901031
2004-10-28,28.700001,28.400000,28.540001,18.861378
2004-10-29,28.690001,28.530001,28.670000,18.947296
2004-11-01,28.820000,28.590000,28.760000,19.006767
2004-11-02,29.030001,28.730000,28.790001,19.026604
2004-11-03,29.250000,28.910000,29.110001,19.238075
2004-11-04,29.670000,29.080000,29.590000,19.555300
2004-11-05,29.940001,29.680000,29.820000,19.707302
2004-11-08,29.950001,29.730000,29.900000,19.760168
2004-11-09,30.100000,29.799999,30.010000,19.832857
2004-11-10,30.209999,30.000000,30.100000,19.892340
2004-11-11,30.469999,30.160000,30.450001,20.123646
2004-11-12,30.600000,30.340000,30.559999,20.196348
2004-11-15,30.629999,30.410000,30.540001,20.183125
2004-11-16,30.600000,30.309999,30.340000,20.050957
2004-11-17,30.799999,30.430000,30.559999,20.196348
2004-11-18,30.750000,30.590000,30.730000,20.308701
2004-11-19,30.889999,30.290001,30.360001,20.064173
2004-11-22,30.500000,30.100000,30.430000,20.110435
2004-11-23,30.500000,30.250000,30.379999,20.077391
2004-11-24,30.580000,30.420000,30.520000,20.169912
2004-11-26,30.650000,30.379999,30.520000,20.169912
2004-11-29,30.629999,30.180000,30.400000,20.090607
2004-11-30,30.549999,30.309999,30.469999,20.136869
2004-12-01,30.980000,30.250000,30.980000,20.473915
2004-12-02,31.030001,30.700001,30.879999,20.407824
2004-12-03,31.010000,30.750000,30.889999,20.414438
2004-12-06,30.930000,30.709999,30.719999,20.302094
2004-12-07,30.900000,30.440001,30.469999,20.136869
2004-12-08,30.650000,30.400000,30.549999,20.189734
2004-12-09,30.760000,30.340000,30.740000,20.315296
2004-12-10,30.900000,30.639999,30.850000,20.388002
2004-12-13,31.209999,30.920000,31.190001,20.612700
2004-12-14,31.340000,31.139999,31.250000,20.652359
2004-12-15,31.350000,31.040001,31.290001,20.678785
2004-12-16,31.299999,30.990000,31.110001,20.559826
2004-12-17,31.020000,30.500000,30.920000,20.537252
2004-12-20,31.150000,30.900000,30.940001,20.550537
2004-12-21,31.170000,30.850000,31.110001,20.663443
2004-12-22,31.290001,31.110001,31.209999,20.729864
2004-12-23,31.350000,31.209999,31.250000,20.756433
2004-12-27,31.450001,31.049999,31.070000,20.636875
2004-12-28,31.270000,31.110001,31.240000,20.749786
2004-12-29,31.350000,31.080000,31.160000,20.696655
2004-12-30,31.290001,31.160000,31.180000,20.709944
2004-12-31,31.250000,31.070000,31.070000,20.636875
2005-01-03,31.290001,30.770000,30.799999,20.457544
2005-01-04,30.940001,30.290001,30.420000,20.205141
2005-01-05,30.420000,30.190001,30.209999,20.065659
2005-01-06,30.459999,30.200001,30.309999,20.132078
2005-01-07,30.450001,30.100000,30.170000,20.039095
2005-01-10,30.379999,30.120001,30.280001,20.112156
2005-01-11,30.299999,30.000000,30.139999,20.019165
2005-01-12,30.299999,29.799999,30.180000,20.045727
2005-01-13,30.250000,29.799999,29.889999,19.853113
2005-01-14,30.150000,29.870001,30.090000,19.985950
2005-01-18,30.219999,29.600000,30.209999,20.065659
2005-01-19,30.209999,29.959999,29.969999,19.906256
2005-01-20,30.020000,29.700001,29.700001,19.726921
2005-01-21,29.900000,29.490000,29.510000,19.600716
2005-01-24,29.650000,29.389999,29.420000,19.540945
2005-01-25,29.799999,29.510000,29.700001,19.726921
2005-01-26,29.980000,29.549999,29.760000,19.766769
2005-01-27,29.900000,29.600000,29.840000,19.819901
2005-01-28,29.900000,29.629999,29.809999,19.799984
2005-01-31,30.200001,29.790001,30.200001,20.059015
2005-02-01,30.340000,30.049999,30.290001,20.118801
2005-02-02,30.360001,30.120001,30.290001,20.118801
2005-02-03,30.240000,30.090000,30.200001,20.059015
2005-02-04,30.459999,30.230000,30.450001,20.225067
2005-02-07,30.520000,30.299999,30.430000,20.211781
2005-02-08,30.600000,30.410000,30.600000,20.324703
2005-02-09,30.700001,30.270000,30.280001,20.112156
2005-02-10,30.469999,30.250000,30.420000,20.205141
2005-02-11,30.719999,30.299999,30.620001,20.337986
2005-02-14,30.780001,30.549999,30.590000,20.318050
2005-02-15,30.730000,30.420000,30.690001,20.384485
2005-02-16,30.850000,30.549999,30.780001,20.444258
2005-02-17,30.760000,30.500000,30.500000,20.258276
2005-02-18,30.580000,30.400000,30.500000,20.258276
2005-02-22,30.450001,30.000000,30.010000,19.932808
2005-02-23,30.420000,29.809999,30.049999,19.959385
2005-02-24,30.480000,30.030001,30.480000,20.244991
2005-02-25,30.750000,30.389999,30.730000,20.411053
2005-02-28,30.719999,30.389999,30.549999,20.291491
2005-03-01,30.719999,30.510000,30.650000,20.357904
2005-03-02,30.809999,30.400000,30.740000,20.417683
2005-03-03,30.900000,30.590000,30.809999,20.464190
2005-03-04,31.340000,30.930000,31.240000,20.749786
2005-03-07,31.500000,31.299999,31.389999,20.849417
2005-03-08,31.469999,31.340000,31.370001,20.836134
2005-03-09,31.340000,31.030001,31.030001,20.610313
2005-03-10,31.230000,30.940001,31.100000,20.656805
2005-03-11,31.280001,30.930000,31.020000,20.603668
2005-03-14,31.200001,30.950001,31.190001,20.716579
2005-03-15,31.350000,31.020000,31.020000,20.603668
2005-03-16,30.980000,30.580000,30.660000,20.364559
2005-03-17,30.820000,30.610001,30.650000,20.357904
2005-03-18,30.740000,30.440001,30.580000,20.382566
2005-03-21,30.750000,30.420000,30.680000,20.449226
2005-03-22,30.910000,30.459999,30.510000,20.335911
2005-03-23,30.500000,30.299999,30.320000,20.209278
2005-03-24,30.700001,30.389999,30.469999,20.309256
2005-03-28,30.600000,30.420000,30.440001,20.289268
2005-03-29,30.500000,29.900000,29.940001,19.956005
2005-03-30,30.510000,30.120001,30.510000,20.335911
2005-03-31,30.500000,30.320000,30.430000,20.282593
2005-04-01,30.650000,30.040001,30.139999,20.089294
2005-04-04,30.190001,29.920000,30.110001,20.069311
2005-04-05,30.299999,30.110001,30.260000,20.169289
2005-04-06,30.450001,30.150000,30.270000,20.175949
2005-04-07,30.540001,30.260000,30.520000,20.342577
2005-04-08,30.530001,30.209999,30.209999,20.135962
2005-04-11,30.490000,30.190001,30.270000,20.175949
2005-04-12,30.570000,29.910000,30.510000,20.335911
2005-04-13,30.500000,29.950001,29.980000,19.982653
2005-04-14,30.070000,29.430000,29.530001,19.682716
2005-04-15,29.570000,28.950001,28.950001,19.296125
2005-04-18,29.200001,28.799999,29.040001,19.356113
2005-04-19,29.240000,29.000000,29.170000,19.442766
2005-04-20,29.299999,28.809999,28.870001,19.242798
2005-04-21,29.639999,29.000000,29.639999,19.756041
2005-04-22,29.799999,29.040001,29.290001,19.522745
2005-04-25,29.700001,29.450001,29.639999,19.756041
2005-04-26,29.700001,29.230000,29.260000,19.502756
2005-04-27,29.350000,28.900000,29.299999,19.529411
2005-04-28,29.360001,28.950001,28.980000,19.316120
2005-04-29,29.370001,28.910000,29.320000,19.542749
2005-05-02,29.570000,29.280001,29.480000,19.649391
2005-05-03,29.500000,29.139999,29.270000,19.509413
2005-05-04,29.650000,29.250000,29.610001,19.736036
2005-05-05,29.680000,29.389999,29.459999,19.636051
2005-05-06,29.700001,29.520000,29.580000,19.716032
2005-05-09,29.780001,29.410000,29.780001,19.849346
2005-05-10,29.900000,29.360001,29.430000,19.616066
2005-05-11,29.709999,29.309999,29.639999,19.756041
2005-05-12,29.840000,29.290001,29.320000,19.542749
2005-05-13,29.469999,28.959999,29.170000,19.442766
2005-05-16,29.580000,29.100000,29.580000,19.716032
2005-05-17,29.780001,29.350000,29.780001,19.849346
2005-05-18,30.330000,29.620001,30.230000,20.149282
2005-05-19,30.309999,30.080000,30.270000,20.175949
2005-05-20,30.299999,29.469999,30.260000,20.169289
2005-05-23,30.570000,30.100000,30.469999,20.309256
2005-05-24,30.780001,30.260000,30.389999,20.255919
2005-05-25,30.400000,30.049999,30.129999,20.082636
2005-05-26,30.410000,30.150000,30.350000,20.229269
2005-05-27,30.400000,30.299999,30.330000,20.215942
2005-05-31,30.360001,30.150000,30.250000,20.162617
2005-06-01,30.440001,30.129999,30.360001,20.235943
2005-06-02,30.440001,30.260000,30.360001,20.235943
2005-06-03,30.420000,30.160000,30.219999,20.142622
2005-06-06,30.280001,30.120001,30.240000,20.155951
2005-06-07,30.629999,30.200001,30.370001,20.242599
2005-06-08,30.459999,30.160000,30.180000,20.115963
2005-06-09,30.230000,29.990000,30.190001,20.122625
2005-06-10,30.320000,30.000000,30.150000,20.095963
2005-06-13,30.370001,30.070000,30.200001,20.129293
2005-06-14,30.250000,30.120001,30.129999,20.082636
2005-06-15,30.230000,29.940001,30.160000,20.102636
2005-06-16,30.320000,30.049999,30.190001,20.122625
2005-06-17,30.480000,30.059999,30.360001,20.286337
2005-06-20,30.360001,30.170000,30.250000,20.212828
2005-06-21,30.340000,30.190001,30.240000,20.206148
2005-06-22,30.360001,30.090000,30.090000,20.105921
2005-06-23,30.040001,29.480000,29.480000,19.698324
2005-06-24,29.549999,29.120001,29.290001,19.571363
2005-06-27,29.340000,29.129999,29.250000,19.544638
2005-06-28,29.780001,29.350000,29.760000,19.885418
2005-06-29,29.799999,29.570000,29.570000,19.758459
2005-06-30,29.740000,29.340000,29.379999,19.631508
2005-07-01,29.600000,29.389999,29.480000,19.698324
2005-07-05,29.620001,29.290001,29.570000,19.758459
2005-07-06,29.570000,29.240000,29.240000,19.537954
2005-07-07,29.360001,28.830000,29.309999,19.584730
2005-07-08,29.820000,29.320000,29.820000,19.925512
2005-07-11,30.000000,29.700001,29.870001,19.958920
2005-07-12,29.840000,29.700001,29.709999,19.852005
2005-07-13,29.860001,29.650000,29.799999,19.912149
2005-07-14,30.139999,29.980000,30.070000,20.092556
2005-07-15,30.420000,29.910000,30.030001,20.065826
2005-07-18,30.110001,29.850000,29.969999,20.025736
2005-07-19,30.250000,30.100000,30.219999,20.192781
2005-07-20,30.600000,30.000000,30.570000,20.426653
2005-07-21,30.690001,30.389999,30.410000,20.319740
2005-07-22,30.600000,30.379999,30.500000,20.379885
2005-07-25,30.639999,30.280001,30.280001,20.232874
2005-07-26,30.500000,30.330000,30.430000,20.333105
2005-07-27,30.559999,30.410000,30.549999,20.413286
2005-07-28,30.760000,30.540001,30.719999,20.526878
2005-07-29,30.750000,30.500000,30.500000,20.379885
2005-08-01,30.610001,30.430000,30.480000,20.366512
2005-08-02,30.520000,30.350000,30.440001,20.339798
2005-08-03,30.450001,30.309999,30.379999,20.299698
2005-08-04,30.400000,30.150000,30.180000,20.166059
2005-08-05,30.209999,30.000000,30.020000,20.059149
2005-08-08,30.190001,29.950001,29.950001,20.012375
2005-08-09,30.250000,30.030001,30.170000,20.159376
2005-08-10,30.500000,30.049999,30.150000,20.146009
2005-08-11,30.420000,30.070000,30.400000,20.313061
2005-08-12,30.500000,30.170000,30.270000,20.226198
2005-08-15,30.400000,30.059999,30.330000,20.266291
2005-08-16,30.290001,29.959999,29.980000,20.032423
2005-08-17,30.209999,29.860001,30.059999,20.085882
2005-08-18,30.090000,29.900000,29.930000,19.999012
2005-08-19,30.200001,30.040001,30.049999,20.079193
2005-08-22,30.320000,30.020000,30.110001,20.119289
2005-08-23,30.150000,29.920000,29.969999,20.025736
2005-08-24,30.120001,29.709999,29.730000,19.865366
2005-08-25,29.840000,29.700001,29.780001,19.898785
2005-08-26,29.799999,29.580000,29.620001,19.791861
2005-08-29,29.799999,29.459999,29.799999,19.912149
2005-08-30,29.680000,29.330000,29.559999,19.751776
2005-08-31,29.799999,29.379999,29.780001,19.898785
2005-09-01,29.860001,29.150000,29.660000,19.818602
2005-09-02,29.870001,29.549999,29.760000,19.885418
2005-09-06,30.129999,29.650000,30.110001,20.119289
2005-09-07,30.230000,30.010000,30.230000,20.199469
2005-09-08,30.170000,29.980000,30.059999,20.085882
2005-09-09,30.260000,30.059999,30.230000,20.199469
2005-09-12,30.420000,30.100000,30.420000,20.326418
2005-09-13,30.420000,30.200001,30.290001,20.239557
2005-09-14,30.330000,30.000000,30.059999,20.085882
2005-09-15,30.180000,29.940001,30.020000,20.059149
2005-09-16,30.160000,29.860001,30.110001,20.198685
2005-09-19,30.020000,29.580000,29.709999,19.930346
2005-09-20,30.059999,29.510000,29.510000,19.796183
2005-09-21,29.600000,29.299999,29.410000,19.729095
2005-09-22,29.620001,29.309999,29.530001,19.809607
2005-09-23,29.820000,29.469999,29.750000,19.957182
2005-09-26,30.000000,29.580000,29.709999,19.930346
2005-09-27,29.940001,29.559999,29.870001,20.037676
2005-09-28,29.950001,29.680000,29.879999,20.044392
2005-09-29,30.040001,29.600000,30.020000,20.138306
2005-09-30,30.160000,29.959999,30.160000,20.232220
2005-10-03,30.260000,29.930000,29.980000,20.111473
2005-10-04,30.150000,29.690001,29.709999,19.930346
2005-10-05,29.690001,29.330000,29.340000,19.682144
2005-10-06,29.709999,29.330000,29.540001,19.816305
2005-10-07,29.799999,29.590000,29.799999,19.990719
2005-10-10,29.770000,29.520000,29.570000,19.836430
2005-10-11,29.670000,29.370001,29.410000,19.729095
2005-10-12,29.620001,29.230000,29.410000,19.729095
2005-10-13,29.500000,29.180000,29.370001,19.702274
2005-10-14,29.680000,29.379999,29.629999,19.876688
2005-10-17,29.879999,29.469999,29.690001,19.916927
2005-10-18,29.709999,29.420000,29.480000,19.776060
2005-10-19,29.870001,29.299999,29.870001,20.037676
2005-10-20,30.040001,29.400000,29.490000,19.782761
2005-10-21,29.610001,29.240000,29.290001,19.648600
2005-10-24,29.770000,29.299999,29.740000,19.950476
2005-10-25,29.889999,29.490000,29.700001,19.923639
2005-10-26,29.760000,29.440001,29.440001,19.749224
2005-10-27,29.600000,29.120001,29.180000,19.574812
2005-10-28,29.650000,29.200001,29.650000,19.890102
2005-10-31,29.840000,29.660000,29.730000,19.943764
2005-11-01,29.850000,29.600000,29.639999,19.883394
2005-11-02,29.969999,29.480000,29.940001,20.084633
2005-11-03,30.209999,30.020000,30.070000,20.171846
2005-11-04,30.170000,29.959999,30.090000,20.185253
2005-11-07,30.250000,30.020000,30.200001,20.259056
2005-11-08,30.110001,29.959999,30.010000,20.131592
2005-11-09,30.250000,29.969999,30.080000,20.178556
2005-11-10,30.500000,30.059999,30.469999,20.440182
2005-11-11,30.580000,30.350000,30.530001,20.480421
2005-11-14,30.610001,30.490000,30.590000,20.520676
2005-11-15,30.750000,30.500000,30.580000,20.513975
2005-11-16,30.760000,30.639999,30.690001,20.587763
2005-11-17,31.020000,30.620001,30.980000,20.782293
2005-11-18,31.370001,31.100000,31.299999,20.996969
2005-11-21,31.530001,31.250000,31.480000,21.117718
2005-11-22,31.709999,31.360001,31.559999,21.171385
2005-11-23,31.690001,31.549999,31.600000,21.198215
2005-11-25,31.799999,31.549999,31.610001,21.204922
2005-11-28,31.709999,31.420000,31.440001,21.090885
2005-11-29,31.740000,31.240000,31.510000,21.137844
2005-11-30,31.750000,31.420000,31.459999,21.104294
2005-12-01,31.860001,31.500000,31.809999,21.339094
2005-12-02,31.780001,31.600000,31.690001,21.258581
2005-12-05,31.600000,31.440001,31.520000,21.144543
2005-12-06,31.889999,31.600000,31.650000,21.231749
2005-12-07,31.969999,31.320000,31.420000,21.077467
2005-12-08,31.670000,31.170000,31.280001,20.983541
2005-12-09,31.590000,31.090000,31.450001,21.097591
2005-12-12,31.700001,31.370001,31.459999,21.104294
2005-12-13,31.700001,31.330000,31.490000,21.124428
2005-12-14,31.860001,31.530001,31.760000,21.305544
2005-12-15,31.910000,31.690001,31.809999,21.339094
2005-12-16,31.840000,31.620001,31.670000,21.372837
2005-12-19,31.610001,31.270000,31.360001,21.163630
2005-12-20,31.480000,31.320000,31.379999,21.177122
2005-12-21,31.670000,31.450001,31.540001,21.285107
2005-12-22,31.820000,31.600000,31.780001,21.447063
2005-12-23,31.900000,31.770000,31.840000,21.487564
2005-12-27,32.029999,31.520000,31.559999,21.298601
2005-12-28,31.670000,31.450001,31.610001,21.332336
2005-12-29,31.799999,31.600000,31.600000,21.325594
2005-12-30,31.520000,31.389999,31.420000,21.204115
2006-01-03,31.690001,31.120001,31.629999,21.345835
2006-01-04,31.790001,31.620001,31.709999,21.399824
2006-01-05,31.790001,31.570000,31.660000,21.366079
2006-01-06,31.889999,31.629999,31.780001,21.447063
2006-01-09,32.049999,31.620001,32.040001,21.622532
2006-01-10,31.969999,31.799999,31.950001,21.561792
2006-01-11,32.020000,31.860001,31.969999,21.575285
2006-01-12,31.990000,31.690001,31.730000,21.413326
2006-01-13,31.709999,31.410000,31.620001,21.339096
2006-01-17,31.870001,31.360001,31.459999,21.231112
2006-01-18,31.549999,31.230000,31.500000,21.258110
2006-01-19,31.700001,31.440001,31.650000,21.359333
2006-01-20,31.600000,30.900000,30.959999,20.893675
2006-01-23,31.110001,30.950001,30.980000,20.907175
2006-01-24,31.299999,31.070000,31.209999,21.062391
2006-01-25,31.389999,31.110001,31.200001,21.055647
2006-01-26,31.549999,31.209999,31.549999,21.291853
2006-01-27,31.680000,31.430000,31.620001,21.339096
2006-01-30,31.690001,31.440001,31.690001,21.386337
2006-01-31,31.700001,31.480000,31.510000,21.264854
2006-02-01,31.840000,31.410000,31.780001,21.447063
2006-02-02,31.850000,31.420000,31.510000,21.264854
2006-02-03,31.600000,31.360001,31.440001,21.217613
2006-02-06,31.559999,31.379999,31.549999,21.291853
2006-02-07,31.610001,31.280001,31.320000,21.136629
2006-02-08,31.530001,31.250000,31.469999,21.237856
2006-02-09,31.790001,31.430000,31.650000,21.359333
2006-02-10,31.959999,31.580000,31.860001,21.501059
2006-02-13,31.959999,31.580000,31.900000,21.528049
2006-02-14,32.330002,31.780001,32.279999,21.784498
2006-02-15,32.380001,32.130001,32.369999,21.845230
2006-02-16,32.520000,32.250000,32.459999,21.905975
2006-02-17,32.590000,32.349998,32.540001,21.959965
2006-02-21,32.610001,32.320000,32.410000,21.872231
2006-02-22,32.779999,32.549999,32.750000,22.101681
2006-02-23,32.799999,32.599998,32.639999,22.027449
2006-02-24,32.759998,32.480000,32.660000,22.040945
2006-02-27,32.970001,32.560001,32.869999,22.182661
2006-02-28,32.889999,32.430000,32.490002,21.926222
2006-03-01,32.750000,32.549999,32.750000,22.101681
2006-03-02,32.689999,32.209999,32.660000,22.040945
2006-03-03,33.000000,32.439999,32.740002,22.094933
2006-03-06,33.040001,32.439999,32.570000,21.980198
2006-03-07,32.680000,32.430000,32.590000,21.993708
2006-03-08,32.590000,32.250000,32.549999,21.966707
2006-03-09,32.959999,32.480000,32.509998,21.939709
2006-03-10,32.869999,32.459999,32.849998,22.169165
2006-03-13,32.970001,32.750000,32.830002,22.155674
2006-03-14,33.240002,32.799999,33.139999,22.364880
2006-03-15,33.660000,33.230000,33.639999,22.702305
2006-03-16,33.860001,33.650002,33.660000,22.715809
2006-03-17,33.840000,33.669998,33.790001,22.889221
2006-03-20,34.099998,33.709999,33.730000,22.848574
2006-03-21,33.950001,33.560001,33.599998,22.760519
2006-03-22,33.919998,33.520000,33.849998,22.929865
2006-03-23,33.840000,33.570000,33.709999,22.835032
2006-03-24,33.830002,33.610001,33.680000,22.814697
2006-03-27,33.740002,33.580002,33.709999,22.835032
2006-03-28,33.820000,33.450001,33.470001,22.672449
2006-03-29,33.860001,33.570000,33.810001,22.902769
2006-03-30,33.970001,33.660000,33.810001,22.902769
2006-03-31,33.939999,33.779999,33.799999,22.895990
2006-04-03,34.200001,33.840000,33.919998,22.977282
2006-04-04,34.169998,33.799999,34.150002,23.133089
2006-04-05,34.480000,33.959999,34.169998,23.146622
2006-04-06,34.250000,34.000000,34.119999,23.112762
2006-04-07,34.340000,33.830002,33.950001,22.997608
2006-04-10,33.970001,33.790001,33.830002,22.916311
2006-04-11,33.959999,33.619999,33.770000,22.875669
2006-04-12,34.020000,33.810001,34.000000,23.031466
2006-04-13,34.029999,33.750000,33.860001,22.936634
2006-04-17,33.970001,33.560001,33.689999,22.821480
2006-04-18,34.540001,33.770000,34.500000,23.370180
2006-04-19,34.790001,34.410000,34.720001,23.519203
2006-04-20,34.950001,34.650002,34.849998,23.607252
2006-04-21,35.119999,34.619999,34.889999,23.634352
2006-04-24,35.009998,34.840000,35.009998,23.715635
2006-04-25,35.049999,34.480000,34.599998,23.437908
2006-04-26,34.860001,34.560001,34.790001,23.566610
2006-04-27,34.880001,34.410000,34.599998,23.437908
2006-04-28,34.750000,34.500000,34.529999,23.390497
2006-05-01,34.810001,34.450001,34.619999,23.451460
2006-05-02,34.930000,34.639999,34.900002,23.641132
2006-05-03,35.000000,34.849998,34.910000,23.647898
2006-05-04,35.400002,34.990002,35.330002,23.932421
2006-05-05,35.730000,35.509998,35.680000,24.169491
2006-05-08,36.020000,35.520000,35.650002,24.149179
2006-05-09,35.889999,35.590000,35.650002,24.149179
2006-05-10,35.830002,35.570000,35.669998,24.162722
2006-05-11,35.669998,35.369999,35.490002,24.040787
2006-05-12,35.330002,34.900002,34.930000,23.661446
2006-05-15,34.980000,34.619999,34.939999,23.668221
2006-05-16,35.270000,34.889999,34.930000,23.661446
2006-05-17,34.799999,34.099998,34.209999,23.173717
2006-05-18,34.349998,33.820000,33.930000,22.984060
2006-05-19,34.169998,33.750000,34.040001,23.058569
2006-05-22,34.110001,33.660000,33.970001,23.011152
2006-05-23,34.240002,33.779999,33.810001,22.902769
2006-05-24,33.900002,33.349998,33.720001,22.841797
2006-05-25,33.980000,33.720001,33.950001,22.997608
2006-05-26,34.169998,33.959999,34.139999,23.126307
2006-05-30,34.160000,33.669998,33.700001,22.828257
2006-05-31,34.000000,33.700001,33.939999,22.990826
2006-06-01,34.330002,33.860001,34.290001,23.227915
2006-06-02,34.500000,34.139999,34.340000,23.261789
2006-06-05,34.340000,33.549999,33.599998,22.760519
2006-06-06,33.869999,33.200001,33.470001,22.672449
2006-06-07,33.669998,33.099998,33.099998,22.421810
2006-06-08,33.180000,32.340000,33.119999,22.435360
2006-06-09,33.290001,32.840000,32.840000,22.245689
2006-06-12,32.980000,32.410000,32.430000,21.967957
2006-06-13,32.680000,32.259998,32.330002,21.900223
2006-06-14,32.619999,32.310001,32.610001,22.089888
2006-06-15,33.450001,32.730000,33.349998,22.591160
2006-06-16,33.340000,33.070000,33.259998,22.587769
2006-06-19,33.450001,32.849998,33.000000,22.411194
2006-06-20,33.160000,32.869999,32.959999,22.384026
2006-06-21,33.450001,33.000000,33.349998,22.648886
2006-06-22,33.389999,33.020000,33.150002,22.513060
2006-06-23,33.470001,32.970001,33.240002,22.574183
2006-06-26,33.340000,33.090000,33.330002,22.635307
2006-06-27,33.430000,32.970001,33.020000,22.424774
2006-06-28,33.169998,32.820000,33.119999,22.492697
2006-06-29,33.849998,33.250000,33.820000,22.968077
2006-06-30,34.009998,33.779999,33.810001,22.961292
2006-07-03,34.000000,33.849998,33.930000,23.042784
2006-07-05,33.799999,33.570000,33.680000,22.873005
2006-07-06,33.900002,33.669998,33.770000,22.934120
2006-07-07,33.599998,33.200001,33.270000,22.594559
2006-07-10,33.470001,33.240002,33.360001,22.655684
2006-07-11,33.470001,33.049999,33.450001,22.716803
2006-07-12,33.540001,33.009998,33.110001,22.485897
2006-07-13,32.910000,32.439999,32.459999,22.044470
2006-07-14,32.459999,31.740000,32.000000,21.732067
2006-07-17,32.110001,31.790001,31.889999,21.657360
2006-07-18,32.049999,31.650000,32.040001,21.759235
2006-07-19,32.720001,32.070000,32.689999,22.200672
2006-07-20,32.860001,32.000000,32.020000,21.745644
2006-07-21,32.040001,31.559999,31.700001,21.528332
2006-07-24,32.270000,31.809999,32.220001,21.881477
2006-07-25,32.200001,31.650000,32.130001,21.820362
2006-07-26,32.130001,31.520000,31.719999,21.541908
2006-07-27,31.950001,31.580000,31.660000,21.501162
2006-07-28,32.099998,31.700001,32.020000,21.745644
2006-07-31,32.040001,31.820000,31.889999,21.657360
2006-08-01,31.850000,31.549999,31.690001,21.521544
2006-08-02,31.969999,31.650000,31.889999,21.657360
2006-08-03,32.259998,31.660000,32.150002,21.833939
2006-08-04,32.580002,31.860001,32.060001,21.772814
2006-08-07,32.099998,31.770000,31.930000,21.684523
2006-08-08,32.000000,31.500000,31.650000,21.494373
2006-08-09,31.850000,31.129999,31.160000,21.161604
2006-08-10,31.459999,31.030001,31.410000,21.331381
2006-08-11,31.490000,31.120001,31.230000,21.209141
2006-08-14,31.760000,31.280001,31.290001,21.249884
2006-08-15,31.900000,31.559999,31.860001,21.636992
2006-08-16,32.650002,32.060001,32.570000,22.119169
2006-08-17,32.730000,32.450001,32.610001,22.146332
2006-08-18,32.779999,32.430000,32.529999,22.092005
2006-08-21,32.419998,32.209999,32.240002,21.895056
2006-08-22,32.430000,32.130001,32.340000,21.962975
2006-08-23,32.369999,31.959999,32.099998,21.799978
2006-08-24,32.240002,31.820000,31.930000,21.684523
2006-08-25,31.940001,31.700001,31.940001,21.691326
2006-08-28,32.180000,31.870001,32.070000,21.779608
2006-08-29,32.169998,31.879999,32.150002,21.833939
2006-08-30,32.209999,32.040001,32.180000,21.854311
2006-08-31,32.290001,32.080002,32.250000,21.901852
2006-09-01,32.500000,32.250000,32.480000,22.058046
2006-09-05,32.590000,32.330002,32.549999,22.105583
2006-09-06,32.490002,32.209999,32.209999,21.874695
2006-09-07,32.220001,32.000000,32.130001,21.820362
2006-09-08,32.189999,32.080002,32.189999,21.861099
2006-09-11,32.240002,31.910000,32.220001,21.881477
2006-09-12,32.540001,32.169998,32.520000,22.085218
2006-09-13,32.910000,32.500000,32.849998,22.309322
2006-09-14,32.799999,32.630001,32.700001,22.207462
2006-09-15,32.889999,32.619999,32.730000,22.322037
2006-09-18,32.889999,32.680000,32.810001,22.376591
2006-09-19,32.810001,32.480000,32.680000,22.287930
2006-09-20,32.959999,32.660000,32.860001,22.410698
2006-09-21,32.990002,32.419998,32.549999,22.199266
2006-09-22,32.490002,32.279999,32.389999,22.090155
2006-09-25,32.820000,32.369999,32.779999,22.356140
2006-09-26,33.279999,32.799999,33.189999,22.635752
2006-09-27,33.459999,33.250000,33.270000,22.690311
2006-09-28,33.549999,33.259998,33.500000,22.847178
2006-09-29,33.669998,33.330002,33.340000,22.738060
2006-10-02,33.619999,33.299999,33.439999,22.806257
2006-10-03,33.779999,33.369999,33.650002,22.949478
2006-10-04,34.150002,33.570000,34.150002,23.290483
2006-10-05,34.430000,34.029999,34.320000,23.406416
2006-10-06,34.320000,34.099998,34.250000,23.358677
2006-10-09,34.360001,34.060001,34.290001,23.385958
2006-10-10,34.480000,34.220001,34.340000,23.420061
2006-10-11,34.360001,34.090000,34.349998,23.426880
2006-10-12,34.650002,34.369999,34.639999,23.624660
2006-10-13,34.630001,34.459999,34.560001,23.570110
2006-10-16,34.910000,34.459999,34.790001,23.726967
2006-10-17,34.700001,34.400002,34.599998,23.597383
2006-10-18,35.049999,34.410000,34.509998,23.535994
2006-10-19,34.520000,34.349998,34.430000,23.481449
2006-10-20,34.490002,34.160000,34.279999,23.379141
2006-10-23,34.580002,34.090000,34.459999,23.501902
2006-10-24,34.520000,34.360001,34.480000,23.515547
2006-10-25,34.570000,34.330002,34.509998,23.535994
2006-10-26,34.540001,34.250000,34.500000,23.529179
2006-10-27,34.490002,34.169998,34.250000,23.358677
2006-10-30,34.450001,33.700001,34.360001,23.433699
2006-10-31,34.480000,34.119999,34.279999,23.379141
2006-11-01,34.439999,33.990002,34.110001,23.263195
2006-11-02,34.049999,33.880001,33.990002,23.181364
2006-11-03,34.139999,33.790001,33.919998,23.133625
2006-11-06,34.310001,33.990002,34.220001,23.338226
2006-11-07,34.680000,34.099998,34.610001,23.604204
2006-11-08,34.750000,34.400002,34.660000,23.638296
2006-11-09,34.689999,34.349998,34.450001,23.495081
2006-11-10,34.570000,34.340000,34.500000,23.529179
2006-11-13,34.830002,34.500000,34.770000,23.713331
2006-11-14,34.970001,34.520000,34.880001,23.788355
2006-11-15,35.259998,34.889999,35.220001,24.020220
2006-11-16,35.500000,35.270000,35.380001,24.129347
2006-11-17,35.419998,35.279999,35.400002,24.142992
2006-11-20,35.450001,35.250000,35.279999,24.061150
2006-11-21,35.500000,35.200001,35.400002,24.142992
2006-11-22,35.580002,35.439999,35.540001,24.238474
2006-11-24,35.520000,35.250000,35.470001,24.190725
2006-11-27,35.369999,34.860001,34.900002,23.801985
2006-11-28,34.860001,34.650002,34.860001,23.774712
2006-11-29,35.139999,34.840000,35.139999,23.965666
2006-11-30,35.270000,34.900002,35.119999,23.952023
2006-12-01,35.209999,34.680000,34.919998,23.815622
2006-12-04,35.389999,34.959999,35.369999,24.122524
2006-12-05,35.480000,35.250000,35.450001,24.177088
2006-12-06,35.459999,35.330002,35.330002,24.095253
2006-12-07,35.549999,35.270000,35.270000,24.054325
2006-12-08,35.340000,35.160000,35.310001,24.081598
2006-12-11,35.340000,35.150002,35.150002,23.972486
2006-12-12,35.250000,34.930000,35.209999,24.013414
2006-12-13,35.349998,34.959999,35.090000,23.931570
2006-12-14,35.369999,34.959999,35.290001,24.067968
2006-12-15,35.259998,35.080002,35.200001,24.200653
2006-12-18,35.380001,35.160000,35.240002,24.228167
2006-12-19,35.340000,35.029999,35.250000,24.235033
2006-12-20,35.430000,35.119999,35.299999,24.269405
2006-12-21,35.480000,35.150002,35.230000,24.221279
2006-12-22,35.270000,34.930000,35.009998,24.070030
2006-12-26,35.180000,35.020000,35.180000,24.186909
2006-12-27,35.389999,35.160000,35.360001,24.310652
2006-12-28,35.459999,35.209999,35.240002,24.228167
2006-12-29,35.290001,35.009998,35.009998,24.070030
2007-01-03,35.560001,35.020000,35.230000,24.221279
2007-01-04,35.189999,34.830002,35.080002,24.118158
2007-01-05,35.080002,34.770000,34.959999,24.035652
2007-01-08,35.150002,34.750000,35.090000,24.125032
2007-01-09,35.240002,34.930000,35.070000,24.111284
2007-01-10,35.189999,34.869999,35.189999,24.193779
2007-01-11,35.520000,35.099998,35.480000,24.393166
2007-01-12,35.619999,35.410000,35.580002,24.461922
2007-01-16,35.840000,35.450001,35.770000,24.592546
2007-01-17,35.959999,35.730000,35.799999,24.613171
2007-01-18,35.900002,35.630001,35.639999,24.503168
2007-01-19,35.810001,35.590000,35.619999,24.489424
2007-01-22,35.619999,35.130001,35.230000,24.221279
2007-01-23,35.709999,35.150002,35.639999,24.503168
2007-01-24,35.730000,35.500000,35.540001,24.434412
2007-01-25,35.680000,35.240002,35.349998,24.303785
2007-01-26,35.459999,34.950001,35.209999,24.207539
2007-01-29,35.340000,35.080002,35.290001,24.262531
2007-01-30,35.400002,35.110001,35.270000,24.248781
2007-01-31,35.779999,35.200001,35.740002,24.571920
2007-02-01,36.189999,35.509998,36.049999,24.785049
2007-02-02,36.310001,36.000000,36.189999,24.881306
2007-02-05,36.330002,35.900002,36.259998,24.929420
2007-02-06,36.279999,36.139999,36.270000,24.936302
2007-02-07,36.349998,36.189999,36.240002,24.915678
2007-02-08,36.279999,35.970001,35.990002,24.743795
2007-02-09,36.070000,35.740002,35.849998,24.647551
2007-02-12,35.930000,35.750000,35.910000,24.688793
2007-02-13,36.200001,35.820000,36.200001,24.888170
2007-02-14,36.779999,36.259998,36.730000,25.252573
2007-02-15,36.840000,36.250000,36.810001,25.307562
2007-02-16,36.799999,36.560001,36.660000,25.204441
2007-02-20,36.790001,36.500000,36.720001,25.245697
2007-02-21,36.830002,36.500000,36.820000,25.314440
2007-02-22,36.950001,36.509998,36.700001,25.231943
2007-02-23,36.610001,36.369999,36.599998,25.163187
2007-02-26,36.599998,36.250000,36.389999,25.018806
2007-02-27,36.200001,35.000000,35.299999,24.269405
2007-02-28,35.630001,35.090000,35.340000,24.296909
2007-03-01,35.470001,34.090000,35.279999,24.255661
2007-03-02,35.349998,34.840000,34.840000,23.953157
2007-03-05,35.040001,34.349998,34.750000,23.891283
2007-03-06,35.150002,34.770000,35.150002,24.166275
2007-03-07,35.250000,35.009998,35.009998,24.070030
2007-03-08,35.990002,35.189999,35.270000,24.248781
2007-03-09,35.599998,35.259998,35.450001,24.372538
2007-03-12,35.709999,35.250000,35.619999,24.489424
2007-03-13,35.619999,34.880001,35.020000,24.076900
2007-03-14,35.200001,34.549999,35.160000,24.173153
2007-03-15,35.330002,34.959999,35.200001,24.200653
2007-03-16,35.380001,34.990002,35.250000,24.287474
2007-03-19,35.560001,35.330002,35.500000,24.459730
2007-03-20,35.639999,35.459999,35.590000,24.521734
2007-03-21,36.189999,35.570000,36.080002,24.859348
2007-03-22,36.189999,35.930000,36.150002,24.907574
2007-03-23,36.360001,35.889999,36.360001,25.052273
2007-03-26,36.470001,35.840000,36.060001,24.845579
2007-03-27,36.029999,35.750000,35.889999,24.728441
2007-03-28,35.980000,35.410000,35.599998,24.528627
2007-03-29,35.779999,35.369999,35.590000,24.521734
2007-03-30,35.889999,35.310001,35.549999,24.494167
2007-04-02,35.639999,35.410000,35.610001,24.535522
2007-04-03,35.939999,35.740002,35.860001,24.707769
2007-04-04,35.900002,35.599998,35.720001,24.611307
2007-04-05,35.840000,35.630001,35.830002,24.687103
2007-04-09,36.060001,35.790001,35.790001,24.659533
2007-04-10,35.959999,35.689999,35.779999,24.652645
2007-04-11,35.959999,35.590000,35.639999,24.556187
2007-04-12,36.070000,35.500000,36.070000,24.852457
2007-04-13,36.150002,35.889999,36.060001,24.845579
2007-04-16,36.369999,36.250000,36.349998,25.045372
2007-04-17,36.369999,36.180000,36.349998,25.045372
2007-04-18,36.650002,36.099998,36.450001,25.114271
2007-04-19,36.709999,36.320000,36.570000,25.196962
2007-04-20,37.200001,36.820000,36.820000,25.369215
2007-04-23,37.119999,36.900002,36.959999,25.465675
2007-04-24,37.200001,36.830002,36.849998,25.389872
2007-04-25,37.860001,36.840000,37.230000,25.651701
2007-04-26,37.360001,37.160000,37.209999,25.637928
2007-04-27,37.810001,37.180000,37.639999,25.934196
2007-04-30,38.000000,37.200001,37.200001,25.631046
2007-05-01,37.500000,37.259998,37.430000,25.789503
2007-05-02,37.900002,37.330002,37.669998,25.954870
2007-05-03,37.980000,37.830002,37.939999,26.140905
2007-05-04,38.400002,37.889999,37.980000,26.168467
2007-05-07,38.150002,37.980000,38.080002,26.237354
2007-05-08,38.070000,37.840000,38.060001,26.223574
2007-05-09,38.290001,37.919998,38.160000,26.292490
2007-05-10,38.200001,37.750000,37.900002,26.113338
2007-05-11,38.189999,37.700001,38.189999,26.313166
2007-05-14,38.279999,37.900002,38.020000,26.196030
2007-05-15,38.459999,38.040001,38.119999,26.264919
2007-05-16,38.349998,38.020000,38.310001,26.395840
2007-05-17,38.459999,38.200001,38.380001,26.444059
2007-05-18,38.500000,38.250000,38.250000,26.354492
2007-05-21,38.540001,38.299999,38.470001,26.506081
2007-05-22,38.720001,38.310001,38.389999,26.450958
2007-05-23,38.660000,38.340000,38.580002,26.581865
2007-05-24,38.740002,38.200001,38.270000,26.368267
2007-05-25,38.590000,38.349998,38.500000,26.526743
2007-05-29,38.750000,38.250000,38.750000,26.699005
2007-05-30,38.939999,38.360001,38.919998,26.816130
2007-05-31,39.200001,39.009998,39.130001,26.960814
2007-06-01,39.430000,39.090000,39.279999,27.064173
2007-06-04,39.360001,39.029999,39.290001,27.071072
2007-06-05,39.400002,39.009998,39.169998,26.988384
2007-06-06,39.009998,38.630001,38.750000,26.699005
2007-06-07,38.790001,38.060001,38.119999,26.264919
2007-06-08,38.730000,38.070000,38.650002,26.630093
2007-06-11,38.900002,38.549999,38.700001,26.664543
2007-06-12,38.750000,38.200001,38.200001,26.320038
2007-06-13,39.110001,38.439999,39.110001,26.947042
2007-06-14,39.480000,39.110001,39.310001,27.084835
2007-06-15,39.619999,39.419998,39.419998,27.230583
2007-06-18,39.639999,39.279999,39.400002,27.216780
2007-06-19,39.700001,39.169998,39.520000,27.299681
2007-06-20,39.869999,39.299999,39.299999,27.147699
2007-06-21,39.509998,39.040001,39.380001,27.202967
2007-06-22,39.459999,38.990002,39.150002,27.044083
2007-06-25,39.410000,38.820000,39.049999,26.975000
2007-06-26,39.160000,38.709999,38.720001,26.747057
2007-06-27,39.099998,38.419998,39.099998,27.009542
2007-06-28,39.169998,38.849998,38.900002,26.871389
2007-06-29,39.349998,38.799999,39.040001,26.968096
2007-07-02,39.459999,38.889999,39.320000,27.161512
2007-07-03,39.660000,39.500000,39.599998,27.354942
2007-07-05,40.490002,39.410000,39.560001,27.327314
2007-07-06,39.830002,39.500000,39.799999,27.493086
2007-07-09,40.119999,39.810001,40.099998,27.700335
2007-07-10,40.180000,39.340000,39.430000,27.237499
2007-07-11,39.849998,39.389999,39.849998,27.527624
2007-07-12,40.959999,39.930000,40.439999,27.935192
2007-07-13,40.889999,40.500000,40.720001,28.128624
2007-07-16,41.110001,40.700001,40.980000,28.308214
2007-07-17,41.439999,40.990002,41.220001,28.474001
2007-07-18,41.419998,40.889999,41.130001,28.411827
2007-07-19,41.590000,41.360001,41.500000,28.667406
2007-07-20,41.480000,40.730000,40.900002,28.252960
2007-07-23,41.369999,41.020000,41.169998,28.439461
2007-07-24,41.200001,40.560001,40.599998,28.045713
2007-07-25,41.040001,40.290001,40.700001,28.114799
2007-07-26,40.590000,39.369999,39.849998,27.527624
2007-07-27,40.009998,39.049999,39.110001,27.016460
2007-07-30,40.009998,39.299999,39.950001,27.596703
2007-07-31,40.590000,39.310001,39.410000,27.223698
2007-08-01,40.290001,39.119999,39.700001,27.424025
2007-08-02,40.150002,39.669998,39.970001,27.610523
2007-08-03,40.119999,39.099998,39.150002,27.044083
2007-08-06,39.740002,39.000000,39.740002,27.451649
2007-08-07,40.009998,39.250000,39.740002,27.451649
2007-08-08,40.049999,39.400002,40.049999,27.665792
2007-08-09,39.529999,38.660000,38.980000,26.926640
2007-08-10,38.820000,37.680000,38.529999,26.615803
2007-08-13,39.270000,38.770000,39.049999,26.975000
2007-08-14,39.250000,38.049999,38.049999,26.284227
2007-08-15,38.450001,37.360001,37.599998,25.973381
2007-08-16,37.619999,36.040001,37.619999,25.987186
2007-08-17,38.810001,37.549999,38.000000,26.249681
2007-08-20,38.660000,37.970001,38.549999,26.629612
2007-08-21,38.720001,38.279999,38.400002,26.525995
2007-08-22,39.200001,38.639999,39.090000,27.002632
2007-08-23,39.400002,38.610001,38.880001,26.857576
2007-08-24,39.369999,38.750000,39.200001,27.078629
2007-08-27,39.389999,39.110001,39.110001,27.016460
2007-08-28,39.070000,38.119999,38.169998,26.367117
2007-08-29,39.080002,38.349998,39.070000,26.988811
2007-08-30,39.130001,38.570000,38.830002,26.823029
2007-08-31,39.549999,39.040001,39.419998,27.230583
2007-09-04,39.770000,39.139999,39.599998,27.354942
2007-09-05,39.349998,38.950001,39.200001,27.078629
2007-09-06,39.520000,38.889999,39.520000,27.299681
2007-09-07,39.080002,38.570000,38.709999,26.740139
2007-09-10,38.959999,38.209999,38.740002,26.760872
2007-09-11,39.189999,38.639999,39.090000,27.002632
2007-09-12,39.389999,38.860001,39.060001,26.981905
2007-09-13,39.650002,39.180000,39.470001,27.265135
2007-09-14,39.610001,39.160000,39.540001,27.313478
2007-09-17,39.540001,39.200001,39.200001,27.078629
2007-09-18,40.619999,39.410000,40.470001,27.955917
2007-09-19,41.040001,40.660000,40.900002,28.252960
2007-09-20,40.810001,40.509998,40.560001,28.018091
2007-09-21,40.799999,40.500000,40.630001,28.208317
2007-09-24,40.730000,40.209999,40.240002,27.937565
2007-09-25,40.599998,40.049999,40.400002,28.048637
2007-09-26,40.869999,40.560001,40.680000,28.243015
2007-09-27,40.990002,40.709999,40.860001,28.367996
2007-09-28,41.080002,40.740002,41.080002,28.520741
2007-10-01,41.639999,40.919998,41.610001,28.888704
2007-10-02,41.770000,41.189999,41.270000,28.652651
2007-10-03,41.270000,40.880001,40.990002,28.458265
2007-10-04,41.150002,40.930000,41.130001,28.555452
2007-10-05,41.750000,41.299999,41.580002,28.867870
2007-10-08,41.669998,41.340000,41.509998,28.819265
2007-10-09,41.900002,41.450001,41.900002,29.090040
2007-10-10,41.990002,41.250000,41.439999,28.770679
2007-10-11,41.790001,40.959999,41.139999,28.562401
2007-10-12,41.320000,40.869999,41.320000,28.687361
2007-10-15,41.740002,40.310001,41.000000,28.465200
2007-10-16,41.000000,40.630001,40.820000,28.340229
2007-10-17,41.169998,40.430000,40.930000,28.416597
2007-10-18,41.049999,40.610001,41.040001,28.492973
2007-10-19,40.750000,39.689999,39.900002,27.701490
2007-10-22,40.049999,39.330002,40.049999,27.805643
2007-10-23,40.369999,39.970001,40.320000,27.993097
2007-10-24,40.480000,39.009998,40.200001,27.909771
2007-10-25,40.490002,39.810001,40.270000,27.958382
2007-10-26,40.750000,39.529999,40.299999,27.979208
2007-10-29,40.560001,40.279999,40.560001,28.159725
2007-10-30,40.490002,40.189999,40.200001,27.909771
2007-10-31,40.820000,40.099998,40.549999,28.152782
2007-11-01,40.419998,39.840000,39.860001,27.673729
2007-11-02,40.349998,39.680000,40.220001,27.923668
2007-11-05,40.439999,39.689999,40.049999,27.805643
2007-11-06,40.700001,40.119999,40.680000,28.243015
2007-11-07,40.540001,39.669998,39.700001,27.562651
2007-11-08,39.919998,39.230000,39.709999,27.569582
2007-11-09,39.400002,38.919998,38.919998,27.021105
2007-11-12,39.250000,38.500000,38.500000,26.729513
2007-11-13,39.509998,38.799999,39.480000,27.409895
2007-11-14,39.849998,39.209999,39.349998,27.319653
2007-11-15,39.630001,38.639999,38.799999,26.937807
2007-11-16,38.970001,38.340000,38.810001,26.944740
2007-11-19,38.560001,38.080002,38.250000,26.555944
2007-11-20,38.759998,37.799999,38.310001,26.597603
2007-11-21,38.099998,37.619999,37.669998,26.153269
2007-11-23,38.290001,37.639999,38.169998,26.500399
2007-11-26,38.619999,37.570000,37.570000,26.083841
2007-11-27,38.450001,37.509998,38.320000,26.604542
2007-11-28,39.490002,38.250000,39.250000,27.250227
2007-11-29,39.439999,38.790001,39.250000,27.250227
2007-11-30,39.959999,39.119999,39.400002,27.354361
2007-12-03,39.650002,39.000000,39.000000,27.076647
2007-12-04,39.080002,38.799999,38.910000,27.014172
2007-12-05,39.560001,39.240002,39.549999,27.458502
2007-12-06,40.220001,39.419998,40.000000,27.770920
2007-12-07,40.369999,40.160000,40.299999,27.979208
2007-12-10,40.590000,40.220001,40.490002,28.111126
2007-12-11,40.820000,39.200001,39.200001,27.215508
2007-12-12,40.360001,39.200001,39.700001,27.562651
2007-12-13,39.990002,39.180000,39.900002,27.701490
2007-12-14,39.910000,39.270000,39.459999,27.396011
2007-12-17,39.279999,38.619999,38.750000,26.903091
2007-12-18,39.009998,38.369999,38.860001,26.979450
2007-12-19,39.209999,38.439999,38.730000,26.889198
2007-12-20,39.049999,38.560001,39.049999,27.111361
2007-12-21,39.680000,39.099998,39.549999,27.589903
2007-12-24,40.029999,39.580002,39.990002,27.896862
2007-12-26,39.939999,39.590000,39.840000,27.792213
2007-12-27,39.959999,39.299999,39.380001,27.471325
2007-12-28,39.660000,39.240002,39.340000,27.443413
2007-12-31,39.540001,39.049999,39.160000,27.317850
2008-01-02,39.209999,38.220001,38.509998,26.864403
2008-01-03,38.810001,38.490002,38.540001,26.885345
2008-01-04,38.310001,37.549999,37.750000,26.334238
2008-01-07,37.900002,37.040001,37.279999,26.006372
2008-01-08,37.540001,36.259998,36.450001,25.427374
2008-01-09,36.799999,35.910000,36.560001,25.504107
2008-01-10,37.439999,36.310001,37.070000,25.859884
2008-01-11,37.119999,36.240002,36.439999,25.420399
2008-01-14,36.939999,36.500000,36.889999,25.734318
2008-01-15,36.660000,35.919998,36.119999,25.197170
2008-01-16,36.389999,35.660000,35.700001,24.904165
2008-01-17,36.160000,34.490002,34.750000,24.241444
2008-01-18,35.560001,34.630001,34.680000,24.192627
2008-01-22,35.169998,32.400002,34.799999,24.276327
2008-01-23,35.849998,33.750000,35.750000,24.939047
2008-01-24,36.169998,35.639999,35.959999,25.085539
2008-01-25,36.509998,35.750000,35.799999,24.973930
2008-01-28,36.439999,35.720001,36.330002,25.343653
2008-01-29,36.750000,36.410000,36.650002,25.566893
2008-01-30,37.500000,36.459999,36.799999,25.671528
2008-01-31,37.490002,36.139999,37.000000,25.811047
2008-02-01,37.849998,37.240002,37.849998,26.403986
2008-02-04,37.990002,37.439999,37.439999,26.117977
2008-02-05,37.070000,36.430000,36.490002,25.455267
2008-02-06,36.919998,36.250000,36.430000,25.413410
2008-02-07,36.599998,36.060001,36.439999,25.420399
2008-02-08,36.529999,35.950001,36.169998,25.232040
2008-02-11,36.619999,35.939999,36.529999,25.483179
2008-02-12,37.150002,36.549999,36.900002,25.741282
2008-02-13,37.560001,36.619999,37.560001,26.201704
2008-02-14,37.700001,36.820000,37.000000,25.811047
2008-02-15,36.930000,36.540001,36.770000,25.650597
2008-02-19,37.270000,36.650002,36.950001,25.776169
2008-02-20,37.139999,36.400002,37.070000,25.859884
2008-02-21,37.450001,36.509998,36.779999,25.657578
2008-02-22,37.150002,36.189999,37.150002,25.915684
2008-02-25,37.490002,36.689999,37.439999,26.117977
2008-02-26,37.779999,37.150002,37.470001,26.138924
2008-02-27,37.820000,37.049999,37.540001,26.187740
2008-02-28,37.450001,37.029999,37.270000,25.999393
2008-02-29,36.990002,36.250000,36.250000,25.287844
2008-03-03,36.779999,35.990002,36.779999,25.657578
2008-03-04,36.560001,35.970001,36.349998,25.357611
2008-03-05,37.029999,36.380001,36.830002,25.692450
2008-03-06,36.869999,36.130001,36.130001,25.204138
2008-03-07,36.279999,35.389999,35.610001,24.841396
2008-03-10,35.709999,34.889999,35.040001,24.443747
2008-03-11,36.230000,35.290001,36.230000,25.273895
2008-03-12,36.680000,36.119999,36.160000,25.225065
2008-03-13,36.660000,35.419998,36.660000,25.573854
2008-03-14,37.009998,35.490002,36.080002,25.169260
2008-03-17,36.240002,35.130001,35.900002,25.043688
2008-03-18,37.790001,36.369999,37.790001,26.362148
2008-03-19,37.570000,36.320000,36.410000,25.399460
2008-03-20,36.849998,36.020000,36.630001,25.666430
2008-03-24,37.459999,36.810001,37.459999,26.248005
2008-03-25,37.770000,37.090000,37.689999,26.409155
2008-03-26,37.490002,37.150002,37.389999,26.198948
2008-03-27,37.619999,36.919998,36.980000,25.911678
2008-03-28,37.320000,36.810001,36.840000,25.813576
2008-03-31,37.400002,36.770000,37.400002,26.205967
2008-04-01,38.389999,37.450001,38.250000,26.801552
2008-04-02,38.529999,38.080002,38.419998,26.920666
2008-04-03,38.290001,37.939999,38.250000,26.801552
2008-04-04,38.639999,38.020000,38.400002,26.906664
2008-04-07,38.730000,38.139999,38.160000,26.738487
2008-04-08,38.139999,37.820000,38.130001,26.717466
2008-04-09,38.119999,37.490002,37.759998,26.458218
2008-04-10,38.040001,37.450001,37.919998,26.570335
2008-04-11,36.990002,36.330002,36.430000,25.526283
2008-04-14,36.619999,36.380001,36.450001,25.540310
2008-04-15,36.700001,36.220001,36.619999,25.659422
2008-04-16,37.639999,36.860001,37.639999,26.374126
2008-04-17,37.459999,37.090000,37.200001,26.065826
2008-04-18,38.380001,37.840000,38.320000,26.850597
2008-04-21,38.189999,37.880001,38.189999,26.759520
2008-04-22,37.970001,37.439999,37.580002,26.332092
2008-04-23,38.000000,37.480000,37.599998,26.346104
2008-04-24,38.290001,37.450001,37.840000,26.514265
2008-04-25,38.480000,37.849998,38.369999,26.885635
2008-04-28,38.590000,38.259998,38.590000,27.039789
2008-04-29,38.490002,38.150002,38.230000,26.787531
2008-04-30,38.779999,38.130001,38.500000,26.976727
2008-05-01,38.880001,38.139999,38.750000,27.151897
2008-05-02,39.240002,38.610001,38.900002,27.257000
2008-05-05,38.980000,38.529999,38.799999,27.186924
2008-05-06,39.080002,38.419998,38.950001,27.292036
2008-05-07,39.060001,38.270000,38.349998,26.871614
2008-05-08,38.709999,38.299999,38.480000,26.962717
2008-05-09,38.360001,38.110001,38.240002,26.794542
2008-05-12,38.849998,38.150002,38.849998,27.221973
2008-05-13,39.169998,38.509998,39.110001,27.404158
2008-05-14,39.500000,39.099998,39.150002,27.432177
2008-05-15,39.389999,39.009998,39.380001,27.593338
2008-05-16,39.459999,39.029999,39.279999,27.523275
2008-05-19,39.970001,39.189999,39.720001,27.831573
2008-05-20,39.360001,38.889999,39.090000,27.390133
2008-05-21,39.250000,38.299999,38.430000,26.927683
2008-05-22,38.549999,38.200001,38.340000,26.864614
2008-05-23,38.209999,37.650002,37.790001,26.479231
2008-05-27,38.189999,37.660000,38.189999,26.759520
2008-05-28,38.490002,38.090000,38.450001,26.941696
2008-05-29,38.919998,38.130001,38.599998,27.046793
2008-05-30,39.020000,38.570000,38.840000,27.214960
2008-06-02,38.939999,38.250000,38.509998,26.983727
2008-06-03,38.680000,37.900002,38.380001,26.892639
2008-06-04,38.389999,37.939999,38.230000,26.787531
2008-06-05,38.599998,38.040001,38.509998,26.983727
2008-06-06,38.290001,37.009998,37.009998,25.932692
2008-06-09,37.490002,37.090000,37.389999,26.198948
2008-06-10,37.590000,37.020000,37.169998,26.044804
2008-06-11,37.150002,36.400002,36.470001,25.554319
2008-06-12,37.330002,36.430000,36.599998,25.645397
2008-06-13,37.160000,36.709999,37.020000,25.939693
2008-06-16,37.259998,36.700001,36.820000,25.799566
2008-06-17,37.150002,36.549999,36.740002,25.743502
2008-06-18,36.570000,36.169998,36.209999,25.372145
2008-06-19,36.830002,36.169998,36.680000,25.701469
2008-06-20,36.400002,35.810001,35.900002,25.272738
2008-06-23,36.200001,35.869999,35.970001,25.322021
2008-06-24,35.880001,35.380001,35.540001,25.019308
2008-06-25,35.590000,35.000000,35.279999,24.836267
2008-06-26,34.950001,33.799999,34.700001,24.427969
2008-06-27,34.080002,33.509998,33.700001,23.723993
2008-06-30,34.220001,33.590000,34.009998,23.942226
2008-07-01,34.160000,33.369999,33.990002,23.928144
2008-07-02,34.169998,32.900002,32.950001,23.196011
2008-07-03,33.529999,32.950001,33.410000,23.519840
2008-07-07,33.820000,33.000000,33.369999,23.491680
2008-07-08,34.139999,33.250000,34.139999,24.033741
2008-07-09,34.279999,33.160000,33.189999,23.364967
2008-07-10,33.790001,33.180000,33.700001,23.723993
2008-07-11,33.790001,32.950001,33.090000,23.294567
2008-07-14,33.889999,32.889999,33.240002,23.400167
2008-07-15,33.139999,32.000000,32.580002,22.935537
2008-07-16,33.590000,32.340000,33.330002,23.463526
2008-07-17,34.250000,33.459999,34.250000,24.111179
2008-07-18,34.299999,33.799999,34.299999,24.146376
2008-07-21,34.330002,33.830002,34.330002,24.167501
2008-07-22,34.790001,34.080002,34.750000,24.463165
2008-07-23,35.209999,34.619999,35.020000,24.653242
2008-07-24,35.349998,34.130001,34.150002,24.040783
2008-07-25,34.639999,34.250000,34.470001,24.266058
2008-07-28,34.599998,33.570000,33.680000,23.709921
2008-07-29,34.950001,33.869999,34.950001,24.603971
2008-07-30,35.480000,34.840000,35.360001,24.892588
2008-07-31,35.250000,34.270000,34.279999,24.132299
2008-08-01,34.700001,34.049999,34.250000,24.111179
2008-08-04,34.320000,33.869999,34.099998,24.005587
2008-08-05,35.090000,34.419998,35.049999,24.674374
2008-08-06,35.720001,34.689999,35.720001,25.146027
2008-08-07,35.099998,34.520000,34.520000,24.301262
2008-08-08,35.889999,34.529999,35.709999,25.138988
2008-08-11,36.110001,35.500000,35.799999,25.202343
2008-08-12,35.799999,35.290001,35.450001,24.955956
2008-08-13,35.389999,34.720001,35.320000,24.864435
2008-08-14,35.730000,34.889999,35.450001,24.955956
2008-08-15,35.860001,35.430000,35.650002,25.096748
2008-08-18,35.799999,35.000000,35.250000,24.815161
2008-08-19,35.209999,34.509998,34.810001,24.505405
2008-08-20,34.849998,34.209999,34.529999,24.308300
2008-08-21,34.770000,34.200001,34.610001,24.364609
2008-08-22,35.290001,34.730000,35.290001,24.843307
2008-08-25,35.099998,34.410000,34.740002,24.456137
2008-08-26,34.740002,34.290001,34.730000,24.449083
2008-08-27,34.990002,34.430000,34.830002,24.519485
2008-08-28,35.770000,34.910000,35.610001,25.068586
2008-08-29,35.750000,35.189999,35.220001,24.794039
2008-09-02,36.160000,35.000000,35.230000,24.801079
2008-09-03,35.310001,34.700001,34.970001,24.618052
2008-09-04,34.660000,33.520000,33.770000,23.773270
2008-09-05,33.790001,33.139999,33.759998,23.766233
2008-09-08,34.820000,33.939999,34.299999,24.146376
2008-09-09,34.570000,33.259998,33.290001,23.435364
2008-09-10,33.860001,33.200001,33.430000,23.533918
2008-09-11,34.200001,33.040001,34.200001,24.075974
2008-09-12,34.169998,33.570000,34.110001,24.012625
2008-09-15,33.669998,32.639999,32.740002,23.048180
2008-09-16,33.200001,31.920000,32.840000,23.118586
2008-09-17,32.369999,31.430000,31.730000,22.337160
2008-09-18,32.849998,30.559999,32.380001,22.794750
2008-09-19,35.000000,33.099998,33.110001,23.436035
2008-09-22,33.380001,32.200001,32.230000,22.813156
2008-09-23,32.590000,31.500000,31.520000,22.310600
2008-09-24,31.879999,30.969999,31.450001,22.261049
2008-09-25,31.930000,31.000000,31.700001,22.438005
2008-09-26,31.610001,30.639999,31.570000,22.345978
2008-09-29,31.340000,29.290001,30.500000,21.588614
2008-09-30,30.799999,29.760000,30.799999,21.800966
2008-10-01,30.309999,29.379999,30.070000,21.284246
2008-10-02,29.629999,27.809999,28.270000,20.010164
2008-10-03,28.930000,27.580000,27.820000,19.691648
2008-10-06,27.209999,25.570000,27.090000,19.174927
2008-10-07,27.780001,25.820000,26.190001,18.537901
2008-10-08,26.750000,25.030001,25.790001,18.254768
2008-10-09,26.420000,24.000000,24.320000,17.214270
2008-10-10,24.920000,22.200001,23.540001,16.662167
2008-10-13,26.459999,24.600000,26.059999,18.445879
2008-10-14,27.799999,25.059999,26.049999,18.438808
2008-10-15,25.440001,23.410000,23.600000,16.704632
2008-10-16,24.580000,22.459999,24.080000,17.044382
2008-10-17,25.180000,23.240000,23.559999,16.676323
2008-10-20,24.920000,23.969999,24.730000,17.504469
2008-10-21,25.100000,24.180000,24.510000,17.348759
2008-10-22,23.850000,22.330000,23.379999,16.548912
2008-10-23,23.600000,21.920000,23.440001,16.591385
2008-10-24,22.719999,21.559999,22.090000,15.635824
2008-10-27,22.760000,21.240000,21.240000,15.034169
2008-10-28,23.730000,21.389999,23.420000,16.577229
2008-10-29,24.920000,23.469999,23.520000,16.648006
2008-10-30,24.830000,23.850000,24.370001,17.249657
2008-10-31,25.299999,24.090000,25.180000,17.822996
2008-11-03,25.190001,24.620001,24.750000,17.518625
2008-11-04,26.360001,25.250000,25.830000,18.283085
2008-11-05,26.180000,24.690001,24.750000,17.518625
2008-11-06,24.930000,23.150000,23.590000,16.697552
2008-11-07,24.059999,23.280001,23.830000,16.867432
2008-11-10,24.610001,23.520000,23.840000,16.874506
2008-11-11,23.750000,22.830000,23.309999,16.499361
2008-11-12,22.920000,21.959999,22.200001,15.713682
2008-11-13,23.469999,20.900000,23.389999,16.555994
2008-11-14,23.559999,22.190001,22.400000,15.855247
2008-11-17,22.620001,21.639999,21.950001,15.536730
2008-11-18,22.260000,21.270000,21.969999,15.550881
2008-11-19,22.209999,20.510000,20.549999,14.545770
2008-11-20,21.070000,19.240000,20.000000,14.156469
2008-11-21,20.760000,19.190001,20.590000,14.574080
2008-11-24,22.160000,20.809999,21.620001,15.303144
2008-11-25,22.379999,21.370001,21.930000,15.522569
2008-11-26,22.760000,21.410000,22.620001,16.010963
2008-11-28,23.250000,22.510000,23.110001,16.357803
2008-12-01,22.780001,21.139999,21.209999,15.012940
2008-12-02,22.240000,21.379999,22.190001,15.706603
2008-12-03,22.770000,21.530001,22.570000,15.975573
2008-12-04,22.870001,21.730000,22.120001,15.657052
2008-12-05,22.730000,21.240000,22.660000,16.039282
2008-12-08,23.950001,22.900000,23.250000,16.456892
2008-12-09,23.459999,22.600000,22.840000,16.166685
2008-12-10,23.469999,22.820000,23.209999,16.428577
2008-12-11,23.080000,22.059999,22.209999,15.720762
2008-12-12,22.370001,21.500000,22.270000,15.763233
2008-12-15,22.570000,21.870001,22.260000,15.756146
2008-12-16,23.510000,22.250000,23.360001,16.534752
2008-12-17,23.629999,22.930000,23.370001,16.541840
2008-12-18,23.559999,22.490000,22.549999,15.961420
2008-12-19,23.030001,22.459999,22.580000,16.137957
2008-12-22,22.750000,21.920000,22.230000,15.887806
2008-12-23,22.580000,22.020000,22.160000,15.837773
2008-12-24,22.389999,22.129999,22.299999,15.937829
2008-12-26,22.559999,22.219999,22.469999,16.059332
2008-12-29,22.480000,21.860001,22.049999,15.759161
2008-12-30,22.969999,22.290001,22.870001,16.345207
2008-12-31,23.540001,22.860001,23.420000,16.738298
2009-01-02,24.420000,23.270000,24.280001,17.352945
2009-01-05,24.459999,23.879999,24.090000,17.217150
2009-01-06,24.740000,24.230000,24.620001,17.595943
2009-01-07,24.260000,23.510000,23.520000,16.809769
2009-01-08,23.770000,23.350000,23.750000,16.974146
2009-01-09,23.889999,23.200001,23.230000,16.602509
2009-01-12,23.270000,22.610001,22.719999,16.238010
2009-01-13,22.809999,22.010000,22.330000,15.959274
2009-01-14,22.010000,21.389999,21.500000,15.366076
2009-01-15,21.860001,20.799999,21.700001,15.509010
2009-01-16,22.059999,21.219999,21.820000,15.594778
2009-01-20,21.840000,20.799999,20.809999,14.872933
2009-01-21,21.440001,20.570000,21.340000,15.251719
2009-01-22,21.480000,20.670000,21.270000,15.201689
2009-01-23,21.080000,20.540001,20.629999,14.744281
2009-01-26,21.280001,20.500000,20.870001,14.915820
2009-01-27,21.389999,20.969999,21.250000,15.187401
2009-01-28,22.100000,21.650000,21.860001,15.623367
2009-01-29,21.730000,20.990000,21.059999,15.051601
2009-01-30,21.230000,20.400000,20.610001,14.729987
2009-02-02,20.330000,19.850000,20.139999,14.394082
2009-02-03,20.610001,20.110001,20.510000,14.658512
2009-02-04,20.980000,20.400000,20.400000,14.579905
2009-02-05,20.900000,20.040001,20.639999,14.751427
2009-02-06,21.309999,20.709999,21.139999,15.108784
2009-02-09,21.719999,21.049999,21.540001,15.394659
2009-02-10,21.549999,20.320000,20.410000,14.587047
2009-02-11,20.780001,20.350000,20.570000,14.701401
2009-02-12,20.400000,19.700001,20.340000,14.537019
2009-02-13,20.760000,20.299999,20.340000,14.537019
2009-02-17,19.820000,19.280001,19.309999,13.800881
2009-02-18,19.660000,19.129999,19.340000,13.822318
2009-02-19,19.660000,18.910000,18.910000,13.515000
2009-02-20,18.930000,18.270000,18.620001,13.307742
2009-02-23,18.940001,17.770000,17.900000,12.793147
2009-02-24,18.549999,17.639999,18.290001,13.071883
2009-02-25,18.330000,17.670000,17.850000,12.757412
2009-02-26,18.230000,17.540001,17.540001,12.535854
2009-02-27,17.639999,17.070000,17.100000,12.221389
2009-03-02,16.900000,15.980000,15.980000,11.420921
2009-03-03,16.490000,15.780000,15.860000,11.335159
2009-03-04,16.600000,15.850000,16.299999,11.649631
2009-03-05,16.090000,15.380000,15.670000,11.199365
2009-03-06,16.030001,15.140000,15.500000,11.077865
2009-03-09,15.840000,15.160000,15.360000,10.977807
2009-03-10,16.610001,15.630000,16.520000,11.806865
2009-03-11,17.030001,16.500000,16.680000,11.921214
2009-03-12,17.420000,16.430000,17.219999,12.307149
2009-03-13,17.650000,16.969999,17.250000,12.328589
2009-03-16,18.040001,17.410000,17.440001,12.464387
2009-03-17,17.950001,17.280001,17.950001,12.828881
2009-03-18,18.520000,17.430000,18.290001,13.071883
2009-03-19,18.580000,18.080000,18.110001,12.943237
2009-03-20,18.090000,17.270000,17.389999,12.548523
2009-03-23,18.730000,17.690001,18.650000,13.457726
2009-03-24,18.990000,18.370001,18.500000,13.349494
2009-03-25,19.219999,18.150000,18.650000,13.457726
2009-03-26,19.650000,18.900000,19.650000,14.179328
2009-03-27,19.490000,19.100000,19.280001,13.912341
2009-03-30,18.690001,18.090000,18.320000,13.219606
2009-03-31,18.870001,18.260000,18.430000,13.298977
2009-04-01,18.850000,18.129999,18.840000,13.594836
2009-04-02,20.120001,19.200001,19.850000,14.323650
2009-04-03,19.969999,19.610001,19.870001,14.338079
2009-04-06,20.090000,19.440001,19.920000,14.374154
2009-04-07,19.780001,19.340000,19.350000,13.962845
2009-04-08,19.650000,19.240000,19.520000,14.085515
2009-04-09,20.639999,19.930000,20.480000,14.778255
2009-04-13,20.719999,20.070000,20.540001,14.821544
2009-04-14,20.700001,20.160000,20.240000,14.605062
2009-04-15,20.650000,20.090000,20.430000,14.742167
2009-04-16,21.260000,20.459999,21.120001,15.240067
2009-04-17,21.340000,20.969999,21.110001,15.232859
2009-04-20,20.799999,20.110001,20.180000,14.561771
2009-04-21,20.719999,19.980000,20.670000,14.915359
2009-04-22,21.480000,20.410000,20.990000,15.146266
2009-04-23,21.290001,20.690001,21.219999,15.312236
2009-04-24,21.799999,21.280001,21.660000,15.629734
2009-04-27,21.690001,21.180000,21.230000,15.319439
2009-04-28,21.330000,20.799999,20.980000,15.139048
2009-04-29,21.950001,21.180000,21.680000,15.644168
2009-04-30,22.320000,21.650000,21.760000,15.701893
2009-05-01,22.240000,21.660000,22.000000,15.875070
2009-05-04,22.840000,22.059999,22.719999,16.394627
2009-05-05,22.889999,22.520000,22.790001,16.445139
2009-05-06,23.230000,22.700001,23.150000,16.704901
2009-05-07,23.389999,22.510000,22.680000,16.365757
2009-05-08,23.510000,22.870001,23.510000,16.964676
2009-05-11,23.219999,22.780001,22.809999,16.459562
2009-05-12,23.070000,22.160000,22.559999,16.279161
2009-05-13,22.250000,21.549999,21.629999,15.608084
2009-05-14,22.070000,21.580000,21.790001,15.723536
2009-05-15,22.190001,21.629999,21.799999,15.730755
2009-05-18,22.600000,21.910000,22.600000,16.308039
2009-05-19,22.709999,22.330000,22.430000,16.185356
2009-05-20,23.090000,22.450001,22.450001,16.199789
2009-05-21,22.250000,21.549999,21.770000,15.709110
2009-05-22,21.990000,21.570000,21.690001,15.651383
2009-05-26,22.510000,21.510000,22.480000,16.221436
2009-05-27,22.580000,21.750000,21.750000,15.694672
2009-05-28,22.090000,21.469999,21.959999,15.846208
2009-05-29,22.520000,21.930000,22.490000,16.228655
2009-06-01,23.580000,22.770000,23.530001,16.979115
2009-06-02,23.750000,23.370001,23.570000,17.007969
2009-06-03,23.459999,22.900000,23.110001,16.676046
2009-06-04,23.580000,23.059999,23.530001,16.979115
2009-06-05,24.080000,23.600000,23.730000,17.123440
2009-06-08,23.920000,23.320000,23.790001,17.166733
2009-06-09,23.870001,23.490000,23.740000,17.130646
2009-06-10,24.129999,23.170000,23.590000,17.022404
2009-06-11,23.860001,23.500000,23.549999,16.993547
2009-06-12,23.600000,23.230000,23.590000,17.022404
2009-06-15,23.480000,22.660000,22.870001,16.502853
2009-06-16,23.059999,22.450001,22.450001,16.199789
2009-06-17,22.540001,22.160000,22.280001,16.077124
2009-06-18,22.459999,22.030001,22.299999,16.091551
2009-06-19,22.639999,22.059999,22.200001,16.126419
2009-06-22,22.049999,21.370001,21.459999,15.588873
2009-06-23,21.469999,21.080000,21.260000,15.443586
2009-06-24,21.900000,21.290001,21.400000,15.545286
2009-06-25,22.110001,21.320000,22.059999,16.024725
2009-06-26,22.200001,21.910000,21.969999,15.959341
2009-06-29,22.350000,21.950001,22.190001,16.119154
2009-06-30,22.290001,21.770000,21.959999,15.952083
2009-07-01,22.370001,21.750000,22.049999,16.017460
2009-07-02,22.010000,21.320000,21.360001,15.516237
2009-07-06,21.370001,21.000000,21.370001,15.523498
2009-07-07,21.299999,20.590000,20.639999,14.993207
2009-07-08,20.770000,20.290001,20.559999,14.935099
2009-07-09,20.840000,20.580000,20.750000,15.073118
2009-07-10,20.809999,20.209999,20.719999,15.051319
2009-07-13,21.290001,20.570000,21.250000,15.436322
2009-07-14,21.559999,21.240000,21.559999,15.661517
2009-07-15,22.280001,21.770000,22.230000,16.148203
2009-07-16,22.750000,22.100000,22.639999,16.446041
2009-07-17,22.590000,22.209999,22.379999,16.257174
2009-07-20,22.900000,22.530001,22.830000,16.584064
2009-07-21,23.299999,22.580000,22.840000,16.591324
2009-07-22,23.059999,22.690001,22.910000,16.642172
2009-07-23,23.510000,22.780001,23.389999,16.990854
2009-07-24,23.440001,23.040001,23.410000,17.005381
2009-07-27,23.580000,23.219999,23.540001,17.099815
2009-07-28,23.690001,23.240000,23.520000,17.085289
2009-07-29,23.420000,23.090000,23.410000,17.005381
2009-07-30,24.129999,23.780001,23.790001,17.281416
2009-07-31,24.100000,23.790001,23.879999,17.346790
2009-08-03,24.520000,23.990000,24.400000,17.724539
2009-08-04,24.590000,24.200001,24.580000,17.855284
2009-08-05,24.660000,24.190001,24.379999,17.710003
2009-08-06,24.650000,24.309999,24.510000,17.804438
2009-08-07,25.330000,24.719999,25.120001,18.247555
2009-08-10,25.080000,24.690001,24.879999,18.073208
2009-08-11,24.850000,24.379999,24.549999,17.833494
2009-08-12,25.230000,24.459999,24.980000,18.145853
2009-08-13,25.180000,24.820000,25.090000,18.225752
2009-08-14,25.129999,24.450001,24.730000,17.964249
2009-08-17,24.209999,23.840000,24.000000,17.433969
2009-08-18,24.370001,24.020000,24.290001,17.644629
2009-08-19,24.490000,23.969999,24.360001,17.695478
2009-08-20,24.709999,24.290001,24.660000,17.913395
2009-08-21,25.320000,24.570000,25.299999,18.378305
2009-08-24,25.559999,25.200001,25.350000,18.414618
2009-08-25,25.690001,25.330000,25.490000,18.516323
2009-08-26,25.480000,25.120001,25.230000,18.327454
2009-08-27,25.559999,25.020000,25.459999,18.494532
2009-08-28,25.730000,25.160000,25.320000,18.392832
2009-08-31,25.150000,24.830000,25.020000,18.174913
2009-09-01,25.379999,24.540001,24.600000,17.869818
2009-09-02,24.629999,24.360001,24.500000,17.797178
2009-09-03,24.870001,24.389999,24.820000,18.029617
2009-09-04,25.350000,24.760000,25.309999,18.385567
2009-09-08,25.750000,25.450001,25.530001,18.545382
2009-09-09,26.100000,25.620001,25.959999,18.857742
2009-09-10,26.260000,25.750000,26.180000,19.017550
2009-09-11,26.540001,26.240000,26.350000,19.141043
2009-09-14,26.650000,26.049999,26.600000,19.322643
2009-09-15,27.030001,26.540001,26.920000,19.555103
2009-09-16,27.290001,26.840000,27.260000,19.802082
2009-09-17,27.549999,27.020000,27.309999,19.838398
2009-09-18,27.350000,26.959999,27.010000,19.724483
2009-09-21,27.110001,26.700001,26.850000,19.607641
2009-09-22,27.280001,27.000000,27.170000,19.841316
2009-09-23,27.379999,26.860001,26.940001,19.673361
2009-09-24,27.020000,26.350000,26.500000,19.352053
2009-09-25,26.480000,26.070000,26.129999,19.081846
2009-09-28,26.780001,26.290001,26.670000,19.476192
2009-09-29,26.910000,26.580000,26.610001,19.432381
2009-09-30,26.719999,26.090000,26.340000,19.235205
2009-10-01,26.360001,25.620001,25.680000,18.753229
2009-10-02,25.559999,25.260000,25.350000,18.512234
2009-10-05,25.889999,25.379999,25.870001,18.891975
2009-10-06,26.370001,25.940001,26.120001,19.074543
2009-10-07,26.129999,25.889999,26.020000,19.001516
2009-10-08,26.520000,26.180000,26.480000,19.337440
2009-10-09,26.549999,26.230000,26.549999,19.388548
2009-10-12,26.750000,26.370001,26.500000,19.352053
2009-10-13,26.520000,26.240000,26.520000,19.366652
2009-10-14,27.290001,26.740000,27.290001,19.928959
2009-10-15,27.270000,27.000000,27.250000,19.899740
2009-10-16,27.190001,26.780001,27.059999,19.760992
2009-10-19,27.469999,27.090000,27.350000,19.972778
2009-10-20,27.420000,26.980000,27.160000,19.834017
2009-10-21,27.500000,26.900000,26.969999,19.695280
2009-10-22,27.260000,26.700001,27.160000,19.834017
2009-10-23,27.299999,26.610001,26.680000,19.483492
2009-10-26,27.120001,26.360001,26.469999,19.330133
2009-10-27,26.629999,26.110001,26.110001,19.067245
2009-10-28,26.250000,25.570000,25.570000,18.672901
2009-10-29,26.180000,25.629999,26.180000,19.118362
2009-10-30,26.170000,25.270000,25.290001,18.468424
2009-11-02,25.790001,25.200001,25.580000,18.680195
2009-11-03,26.020000,25.549999,26.020000,19.001516
2009-11-04,26.400000,25.920000,25.969999,18.965000
2009-11-05,26.639999,26.049999,26.639999,19.454277
2009-11-06,26.930000,26.540001,26.879999,19.629543
2009-11-09,27.559999,27.049999,27.559999,20.126129
2009-11-10,27.600000,27.240000,27.400000,20.009283
2009-11-11,27.799999,27.459999,27.610001,20.162638
2009-11-12,27.690001,27.219999,27.290001,19.928959
2009-11-13,27.610001,27.160000,27.500000,20.082314
2009-11-16,28.170000,27.549999,28.129999,20.542370
2009-11-17,28.150000,27.820000,28.080000,20.505861
2009-11-18,28.110001,27.799999,27.930000,20.396330
2009-11-19,27.799999,27.299999,27.510000,20.089613
2009-11-20,27.520000,27.250000,27.459999,20.053110
2009-11-23,28.070000,27.700001,27.959999,20.418232
2009-11-24,27.879999,27.549999,27.730000,20.250277
2009-11-25,28.030001,27.709999,27.959999,20.418232
2009-11-27,27.690001,27.040001,27.420000,20.023890
2009-11-30,27.650000,27.299999,27.510000,20.089613
2009-12-01,28.059999,27.709999,27.959999,20.418232
2009-12-02,28.139999,27.780001,27.879999,20.359812
2009-12-03,28.139999,27.690001,27.750000,20.264877
2009-12-04,28.370001,27.780001,28.170000,20.571589
2009-12-07,28.280001,28.049999,28.070000,20.498560
2009-12-08,27.980000,27.459999,27.639999,20.184551
2009-12-09,27.790001,27.490000,27.770000,20.279482
2009-12-10,28.110001,27.820000,27.889999,20.367115
2009-12-11,28.230000,27.900000,28.170000,20.571589
2009-12-14,28.549999,28.309999,28.549999,20.849087
2009-12-15,28.559999,28.320000,28.469999,20.790657
2009-12-16,28.549999,28.280001,28.350000,20.703039
2009-12-17,28.240000,28.010000,28.040001,20.476658
2009-12-18,28.070000,27.680000,27.850000,20.470039
2009-12-21,28.139999,27.969999,28.059999,20.624393
2009-12-22,28.240000,28.020000,28.090000,20.646442
2009-12-23,28.180000,27.980000,28.139999,20.683191
2009-12-24,28.309999,28.170000,28.250000,20.764040
2009-12-28,28.299999,28.090000,28.200001,20.727297
2009-12-29,28.330000,28.240000,28.280001,20.786095
2009-12-30,28.250000,28.100000,28.139999,20.683191
2009-12-31,28.240000,27.770000,27.790001,20.425934
2010-01-04,28.320000,27.959999,28.320000,20.815493
2010-01-05,28.450001,28.180000,28.420000,20.888992
2010-01-06,28.510000,28.340000,28.480000,20.933102
2010-01-07,28.830000,28.330000,28.790001,21.160952
2010-01-08,29.260000,28.780001,29.250000,21.499054
2010-01-11,29.610001,29.299999,29.570000,21.734255
2010-01-12,29.410000,29.120001,29.330000,21.557854
2010-01-13,29.510000,29.170000,29.450001,21.646057
2010-01-14,29.469999,29.330000,29.450001,21.646057
2010-01-15,29.440001,28.990000,29.070000,21.366751
2010-01-19,29.430000,29.040001,29.389999,21.601954
2010-01-20,29.129999,28.670000,28.940001,21.271202
2010-01-21,29.049999,28.250000,28.270000,20.778746
2010-01-22,28.459999,27.830000,27.840000,20.462696
2010-01-25,28.209999,27.860001,28.020000,20.594990
2010-01-26,28.180000,27.750000,27.900000,20.506786
2010-01-27,28.040001,27.520000,27.980000,20.565594
2010-01-28,28.150000,27.400000,27.660000,20.330387
2010-01-29,27.980000,27.309999,27.379999,20.124582
2010-02-01,27.799999,27.500000,27.790001,20.425934
2010-02-02,28.370001,27.889999,28.320000,20.815493
2010-02-03,28.410000,28.080000,28.150000,20.690540
2010-02-04,28.010000,27.320000,27.320000,20.080479
2010-02-05,27.530001,26.660000,27.200001,19.992283
2010-02-08,27.320000,26.900000,26.900000,19.771778
2010-02-09,27.670000,27.110001,27.420000,20.153984
2010-02-10,27.510000,27.129999,27.379999,20.124582
2010-02-11,27.820000,27.200001,27.790001,20.425934
2010-02-12,27.670000,27.280001,27.570000,20.264231
2010-02-16,28.250000,27.790001,28.219999,20.741991
2010-02-17,28.490000,28.250000,28.459999,20.918398
2010-02-18,28.770000,28.290001,28.719999,21.109491
2010-02-19,29.000000,28.590000,28.860001,21.212399
2010-02-22,29.020000,28.809999,28.879999,21.227100
2010-02-23,28.990000,28.430000,28.510000,20.955151
2010-02-24,28.860001,28.510000,28.799999,21.168301
2010-02-25,28.790001,28.150000,28.730000,21.116852
2010-02-26,28.930000,28.580000,28.840000,21.197704
2010-03-01,29.260000,28.850000,29.219999,21.476997
2010-03-02,29.410000,29.219999,29.270000,21.513758
2010-03-03,29.600000,29.240000,29.309999,21.543154
2010-03-04,29.490000,29.250000,29.450001,21.646057
2010-03-05,29.910000,29.600000,29.900000,21.976810
2010-03-08,29.980000,29.719999,29.760000,21.873905
2010-03-09,30.090000,29.620001,30.000000,22.050312
2010-03-10,30.180000,29.889999,30.059999,22.094414
2010-03-11,30.180000,29.790001,30.170000,22.175264
2010-03-12,30.370001,30.040001,30.370001,22.322266
2010-03-15,30.440001,30.120001,30.370001,22.322266
2010-03-16,30.780001,30.389999,30.780001,22.623619
2010-03-17,30.969999,30.730000,30.830000,22.660374
2010-03-18,31.049999,30.750000,31.040001,22.814730
2010-03-19,31.120001,30.690001,30.809999,22.723269
2010-03-22,30.950001,30.559999,30.900000,22.789644
2010-03-23,31.250000,30.910000,31.250000,23.047789
2010-03-24,31.270000,30.969999,31.030001,22.885525
2010-03-25,31.420000,30.950001,31.010000,22.870771
2010-03-26,31.280001,30.920000,31.090000,22.929779
2010-03-29,31.410000,31.190001,31.370001,23.136293
2010-03-30,31.590000,31.290001,31.420000,23.173164
2010-03-31,31.430000,31.150000,31.240000,23.040407
2010-04-01,31.590000,31.209999,31.440001,23.187910
2010-04-05,31.750000,31.450001,31.670000,23.357548
2010-04-06,31.730000,31.510000,31.680000,23.364914
2010-04-07,31.670000,31.340000,31.500000,23.232162
2010-04-08,31.660000,31.270000,31.600000,23.305920
2010-04-09,31.790001,31.590000,31.780001,23.438671
2010-04-12,31.969999,31.790001,31.850000,23.490303
2010-04-13,31.980000,31.650000,31.900000,23.527172
2010-04-14,32.340000,31.980000,32.310001,23.829559
2010-04-15,32.689999,32.259998,32.619999,24.058197
2010-04-16,32.580002,31.820000,32.090000,23.667305
2010-04-19,32.150002,31.730000,32.029999,23.623051
2010-04-20,32.500000,32.230000,32.400002,23.895941
2010-04-21,32.689999,32.360001,32.619999,24.058197
2010-04-22,32.939999,32.189999,32.919998,24.279444
2010-04-23,33.150002,32.750000,33.119999,24.426960
2010-04-26,33.400002,33.139999,33.189999,24.478592
2010-04-27,33.270000,32.270000,32.389999,23.888567
2010-04-28,32.730000,32.340000,32.619999,24.058197
2010-04-29,33.360001,32.799999,33.360001,24.603973
2010-04-30,33.459999,32.560001,32.570000,24.021320
2010-05-03,33.320000,32.590000,33.220001,24.500710
2010-05-04,33.000000,31.920000,32.169998,23.726311
2010-05-05,32.130001,31.540001,31.760000,23.423927
2010-05-06,31.930000,28.440001,30.709999,22.649511
2010-05-07,30.850000,29.600000,30.030001,22.148001
2010-05-10,31.870001,31.270000,31.750000,23.416544
2010-05-11,32.119999,31.350000,31.660000,23.350164
2010-05-12,32.410000,31.719999,32.360001,23.866438
2010-05-13,32.400002,31.850000,31.860001,23.497675
2010-05-14,31.750000,30.940001,31.190001,23.003531
2010-05-17,31.430000,30.469999,31.110001,22.944532
2010-05-18,31.610001,30.610001,30.719999,22.656895
2010-05-19,30.770000,29.850000,30.330000,22.369253
2010-05-20,29.860001,28.900000,29.010000,21.395721
2010-05-21,29.540001,28.389999,29.420000,21.698105
2010-05-24,29.459999,28.940001,28.980000,21.373594
2010-05-25,28.969999,27.910000,28.959999,21.358839
2010-05-26,29.670000,28.930000,29.020000,21.403086
2010-05-27,30.010000,29.430000,30.000000,22.125872
2010-05-28,30.020000,29.309999,29.600000,21.830856
2010-06-01,29.770000,28.900000,28.940001,21.344088
2010-06-02,29.690001,28.910000,29.690001,21.897240
2010-06-03,29.990000,29.549999,29.830000,22.000486
2010-06-04,29.260000,28.299999,28.430000,20.967953
2010-06-07,28.540001,27.680000,27.700001,20.429554
2010-06-08,28.070000,27.400000,27.990000,20.643436
2010-06-09,28.670000,27.870001,27.990000,20.643436
2010-06-10,29.070000,28.379999,29.070000,21.439968
2010-06-11,29.200001,28.620001,29.170000,21.513725
2010-06-14,29.680000,29.090000,29.139999,21.491590
2010-06-15,30.070000,29.309999,30.020000,22.140627
2010-06-16,30.170000,29.799999,29.940001,22.081619
2010-06-17,30.129999,29.600000,30.030001,22.148001
2010-06-18,30.049999,29.799999,30.000000,22.234713
2010-06-21,30.600000,29.900000,30.049999,22.271767
2010-06-22,30.200001,29.270000,29.320000,21.730726
2010-06-23,29.500000,28.940001,29.209999,21.649197
2010-06-24,29.230000,28.629999,28.700001,21.271212
2010-06-25,28.980000,28.490000,28.920000,21.434256
2010-06-28,29.100000,28.639999,28.719999,21.286026
2010-06-29,28.330000,27.370001,27.610001,20.463348
2010-06-30,27.940001,27.370001,27.430000,20.329935
2010-07-01,27.540001,26.850000,27.350000,20.270645
2010-07-02,27.480000,26.879999,27.010000,20.018654
2010-07-06,27.610001,26.790001,27.059999,20.055712
2010-07-07,28.040001,27.070000,28.000000,20.752394
2010-07-08,28.480000,28.000000,28.360001,21.019211
2010-07-09,28.639999,28.340000,28.639999,21.226744
2010-07-12,28.650000,28.250000,28.490000,21.115561
2010-07-13,29.150000,28.809999,28.990000,21.486139
2010-07-14,29.230000,28.809999,29.049999,21.530611
2010-07-15,29.120001,28.600000,29.040001,21.523197
2010-07-16,28.889999,27.990000,28.070000,20.804277
2010-07-19,28.330000,27.900000,28.230000,20.922861
2010-07-20,28.740000,27.740000,28.670000,21.248970
2010-07-21,29.020000,28.370001,28.600000,21.197096
2010-07-22,29.639999,28.930000,29.480000,21.849310
2010-07-23,30.160000,29.430000,30.070000,22.286596
2010-07-26,30.600000,30.120001,30.559999,22.649759
2010-07-27,30.809999,30.280001,30.350000,22.494118
2010-07-28,30.389999,30.150000,30.270000,22.434826
2010-07-29,30.580000,29.920000,30.170000,22.360706
2010-07-30,30.400000,29.770000,30.290001,22.449650
2010-08-02,30.930000,30.570000,30.889999,22.894342
2010-08-03,30.900000,30.580000,30.730000,22.775749
2010-08-04,31.030001,30.740000,31.000000,22.975874
2010-08-05,31.059999,30.700001,31.020000,22.990690
2010-08-06,30.959999,30.379999,30.850000,22.864693
2010-08-09,31.150000,30.840000,31.010000,22.983278
2010-08-10,30.950001,30.469999,30.799999,22.827637
2010-08-11,30.290001,29.469999,29.650000,21.975304
2010-08-12,29.540001,29.150000,29.440001,21.819660
2010-08-13,29.549999,29.250000,29.400000,21.790014
2010-08-16,29.459999,28.940001,29.340000,21.745548
2010-08-17,30.180000,29.570000,29.850000,22.123539
2010-08-18,30.110001,29.639999,29.959999,22.205057
2010-08-19,29.889999,29.139999,29.320000,21.730726
2010-08-20,29.230000,28.840000,29.170000,21.619551
2010-08-23,29.480000,28.809999,28.850000,21.382381
2010-08-24,28.490000,27.990000,28.260000,20.945105
2010-08-25,28.350000,27.670000,28.209999,20.908045
2010-08-26,28.620001,28.059999,28.170000,20.878395
2010-08-27,28.809999,27.980000,28.740000,21.300856
2010-08-30,28.770000,28.280001,28.299999,20.974745
2010-08-31,28.430000,27.990000,28.190001,20.893221
2010-09-01,29.400000,28.590000,29.309999,21.723312
2010-09-02,29.730000,29.340000,29.680000,21.997543
2010-09-03,30.350000,29.920000,30.129999,22.331060
2010-09-07,30.010000,29.770000,29.850000,22.123539
2010-09-08,30.330000,29.850000,30.160000,22.353296
2010-09-09,30.580000,29.950001,30.129999,22.331060
2010-09-10,30.459999,30.150000,30.400000,22.531170
2010-09-13,30.830000,30.540001,30.700001,22.753521
2010-09-14,30.790001,30.500000,30.610001,22.686819
2010-09-15,30.680000,30.340000,30.610001,22.686819
2010-09-16,30.620001,30.400000,30.570000,22.657171
2010-09-17,30.750000,30.320000,30.700001,22.869478
2010-09-20,31.209999,30.670000,31.160000,23.212147
2010-09-21,31.459999,31.080000,31.219999,23.256838
2010-09-22,31.370001,30.930000,31.059999,23.137653
2010-09-23,31.010000,30.510000,30.600000,22.794987
2010-09-24,31.480000,30.980000,31.440001,23.420727
2010-09-27,31.480000,31.190001,31.240000,23.271742
2010-09-28,31.480000,30.840000,31.410000,23.398388
2010-09-29,31.510000,31.209999,31.400000,23.390938
2010-09-30,31.910000,31.150000,31.280001,23.301542
2010-10-01,31.610001,31.200001,31.309999,23.323889
2010-10-04,31.450001,30.790001,30.980000,23.078049
2010-10-05,31.940001,31.280001,31.809999,23.696358
2010-10-06,32.080002,31.660000,32.000000,23.837887
2010-10-07,32.160000,31.740000,31.930000,23.785738
2010-10-08,32.320000,31.860001,32.200001,23.986876
2010-10-11,32.290001,32.029999,32.110001,23.919832
2010-10-12,32.200001,31.639999,32.090000,23.904940
2010-10-13,32.779999,32.290001,32.619999,24.299746
2010-10-14,32.619999,32.209999,32.430000,24.158218
2010-10-15,32.580002,32.049999,32.230000,24.009220
2010-10-18,32.360001,32.130001,32.209999,23.994326
2010-10-19,32.060001,31.580000,31.780001,23.674006
2010-10-20,32.369999,31.860001,32.230000,24.009220
2010-10-21,32.669998,32.200001,32.490002,24.202908
2010-10-22,32.639999,32.299999,32.480000,24.195463
2010-10-25,32.950001,32.549999,32.590000,24.277405
2010-10-26,32.570000,32.209999,32.439999,24.165663
2010-10-27,32.270000,31.870001,32.200001,23.986876
2010-10-28,32.459999,31.870001,32.130001,23.934740
2010-10-29,32.230000,31.980000,32.180000,23.971983
2010-11-01,32.619999,32.009998,32.180000,23.971983
2010-11-02,32.560001,32.349998,32.490002,24.202908
2010-11-03,32.590000,32.119999,32.540001,24.240156
2010-11-04,33.290001,32.869999,33.230000,24.754158
2010-11-05,33.529999,33.200001,33.430000,24.903149
2010-11-08,33.369999,33.139999,33.290001,24.798859
2010-11-09,33.439999,32.860001,32.990002,24.575382
2010-11-10,33.060001,32.680000,32.980000,24.567926
2010-11-11,32.849998,32.580002,32.790001,24.426388
2010-11-12,32.720001,32.250000,32.410000,24.143316
2010-11-15,32.779999,32.450001,32.509998,24.217812
2010-11-16,32.400002,31.820000,31.990000,23.830437
2010-11-17,32.099998,31.840000,32.009998,23.845337
2010-11-18,32.740002,32.380001,32.660000,24.329542
2010-11-19,32.770000,32.419998,32.759998,24.404037
2010-11-22,32.750000,32.250000,32.689999,24.351889
2010-11-23,32.380001,32.070000,32.240002,24.016674
2010-11-24,33.009998,32.450001,32.970001,24.560478
2010-11-26,32.880001,32.610001,32.700001,24.359346
2010-11-29,32.779999,32.240002,32.689999,24.351889
2010-11-30,32.790001,32.310001,32.610001,24.292301
2010-12-01,33.520000,33.110001,33.450001,24.918039
2010-12-02,34.040001,33.459999,33.970001,25.305416
2010-12-03,34.090000,33.660000,34.040001,25.357559
2010-12-06,34.130001,33.820000,34.020000,25.342661
2010-12-07,34.430000,34.099998,34.110001,25.409712
2010-12-08,34.250000,33.889999,33.990002,25.320312
2010-12-09,34.259998,33.970001,34.090000,25.394804
2010-12-10,34.459999,34.090000,34.400002,25.625732
2010-12-13,34.660000,34.400002,34.419998,25.640636
2010-12-14,34.709999,34.459999,34.580002,25.759823
2010-12-15,34.740002,34.380001,34.439999,25.655525
2010-12-16,34.820000,34.380001,34.820000,25.938602
2010-12-17,34.720001,34.389999,34.540001,25.861479
2010-12-20,34.680000,34.360001,34.529999,25.854000
2010-12-21,34.840000,34.560001,34.810001,26.063646
2010-12-22,34.910000,34.779999,34.889999,26.123545
2010-12-23,34.889999,34.709999,34.820000,26.071133
2010-12-27,34.900002,34.599998,34.880001,26.116062
2010-12-28,34.950001,34.709999,34.860001,26.101084
2010-12-29,35.000000,34.869999,34.889999,26.123545
2010-12-30,34.959999,34.790001,34.830002,26.078623
2010-12-31,34.919998,34.709999,34.869999,26.108562
2011-01-03,35.320000,35.049999,35.119999,26.295753
2011-01-04,35.220001,34.730000,35.070000,26.258310
2011-01-05,35.349998,34.889999,35.250000,26.393101
2011-01-06,35.389999,35.080002,35.189999,26.348160
2011-01-07,35.500000,35.029999,35.259998,26.400576
2011-01-10,35.389999,35.029999,35.310001,26.438013
2011-01-11,35.610001,35.250000,35.439999,26.535341
2011-01-12,35.840000,35.630001,35.730000,26.752480
2011-01-13,35.880001,35.669998,35.770000,26.782440
2011-01-14,35.939999,35.669998,35.910000,26.887253
2011-01-18,36.180000,35.970001,36.169998,27.081930
2011-01-19,36.139999,35.660000,35.790001,26.797405
2011-01-20,35.779999,35.380001,35.610001,26.662647
2011-01-21,36.180000,35.790001,35.900002,26.879772
2011-01-24,36.290001,35.860001,36.240002,27.134342
2011-01-25,36.230000,35.869999,36.200001,27.104391
2011-01-26,36.520000,36.180000,36.410000,27.261625
2011-01-27,36.650002,36.380001,36.540001,27.358982
2011-01-28,36.820000,35.779999,35.830002,26.827368
2011-01-31,36.279999,35.869999,36.240002,27.134342
2011-02-01,36.799999,36.380001,36.750000,27.516191
2011-02-02,36.820000,36.599998,36.630001,27.426355
2011-02-03,36.689999,36.400002,36.650002,27.441332
2011-02-04,36.810001,36.509998,36.779999,27.538652
2011-02-07,37.220001,36.880001,37.130001,27.800728
2011-02-08,37.389999,37.090000,37.380001,27.987907
2011-02-09,37.410000,37.180000,37.369999,27.980410
2011-02-10,37.619999,37.130001,37.570000,28.130163
2011-02-11,37.930000,37.380001,37.849998,28.339802
2011-02-14,37.900002,37.689999,37.810001,28.309853
2011-02-15,37.740002,37.480000,37.669998,28.205044
2011-02-16,38.000000,37.599998,37.849998,28.339802
2011-02-17,37.980000,37.689999,37.939999,28.407192
2011-02-18,38.090000,37.900002,38.040001,28.482069
2011-02-22,37.689999,36.820000,36.939999,27.658470
2011-02-23,36.910000,35.910000,36.290001,27.171787
2011-02-24,36.730000,36.099998,36.500000,27.329029
2011-02-25,36.880001,36.599998,36.830002,27.576103
2011-02-28,37.200001,36.820000,37.009998,27.710875
2011-03-01,37.220001,36.139999,36.220001,27.119375
2011-03-02,36.650002,36.130001,36.400002,27.254141
2011-03-03,37.380001,36.799999,37.279999,27.913031
2011-03-04,37.270000,36.540001,36.840000,27.583588
2011-03-07,37.139999,36.099998,36.500000,27.329029
2011-03-08,37.230000,36.430000,37.070000,27.755795
2011-03-09,37.130001,36.650002,36.990002,27.695898
2011-03-10,36.680000,36.130001,36.240002,27.134342
2011-03-11,36.830002,36.090000,36.669998,27.456306
2011-03-14,36.540001,35.959999,36.360001,27.224186
2011-03-15,36.270000,35.180000,36.020000,26.969620
2011-03-16,36.060001,35.080002,35.349998,26.467974
2011-03-17,36.279999,35.680000,35.900002,26.879772
2011-03-18,36.380001,35.869999,35.970001,27.050489
2011-03-21,36.939999,36.520000,36.759998,27.644590
2011-03-22,36.779999,36.400002,36.470001,27.426504
2011-03-23,36.689999,36.180000,36.590000,27.516743
2011-03-24,37.000000,36.580002,36.970001,27.802515
2011-03-25,37.279999,36.930000,37.099998,27.900269
2011-03-28,37.330002,37.060001,37.070000,27.877710
2011-03-29,37.369999,36.849998,37.369999,28.103313
2011-03-30,37.650002,37.419998,37.520000,28.216129
2011-03-31,37.770000,37.470001,37.669998,28.328932
2011-04-01,38.209999,37.849998,37.980000,28.562067
2011-04-04,38.130001,37.869999,38.029999,28.599663
2011-04-05,38.150002,37.810001,37.889999,28.494373
2011-04-06,38.150002,37.730000,37.930000,28.524473
2011-04-07,38.020000,37.580002,37.750000,28.389093
2011-04-08,37.980000,37.209999,37.419998,28.140917
2011-04-11,37.650002,37.250000,37.389999,28.118370
2011-04-12,37.310001,36.910000,37.110001,27.907789
2011-04-13,37.299999,36.790001,37.000000,27.825081
2011-04-14,37.060001,36.470001,37.000000,27.825081
2011-04-15,37.259998,36.980000,37.130001,27.922842
2011-04-18,36.750000,36.240002,36.599998,27.524263
2011-04-19,36.980000,36.689999,36.919998,27.764894
2011-04-20,37.700001,37.389999,37.520000,28.216129
2011-04-21,37.790001,37.450001,37.630001,28.298853
2011-04-25,37.669998,37.410000,37.520000,28.216129
2011-04-26,38.349998,37.759998,38.240002,28.757587
2011-04-27,38.490002,37.990002,38.410000,28.885429
2011-04-28,38.630001,38.340000,38.540001,28.983202
2011-04-29,38.869999,38.639999,38.700001,29.103516
2011-05-02,38.980000,38.570000,38.639999,29.058409
2011-05-03,38.650002,38.290001,38.480000,28.938068
2011-05-04,38.520000,37.820000,37.919998,28.516930
2011-05-05,38.220001,37.529999,37.740002,28.381577
2011-05-06,38.520000,37.930000,38.070000,28.629742
2011-05-09,38.389999,37.970001,38.230000,28.750072
2011-05-10,38.590000,38.360001,38.580002,29.013283
2011-05-11,38.549999,37.930000,38.060001,28.622213
2011-05-12,38.250000,37.700001,38.139999,28.682383
2011-05-13,38.279999,37.580002,37.680000,28.336449
2011-05-16,37.880001,37.450001,37.540001,28.231157
2011-05-17,37.400002,36.880001,37.029999,27.847630
2011-05-18,37.580002,36.910000,37.529999,28.223650
2011-05-19,37.980000,37.590000,37.770000,28.404133
2011-05-20,37.720001,37.250000,37.369999,28.103313
2011-05-23,37.049999,36.650002,36.840000,27.704748
2011-05-24,37.049999,36.580002,36.650002,27.561867
2011-05-25,37.139999,36.419998,36.959999,27.794994
2011-05-26,37.180000,36.709999,37.110001,27.907789
2011-05-27,37.389999,37.160000,37.290001,28.043158
2011-05-31,37.740002,37.290001,37.630001,28.298853
2011-06-01,37.560001,36.279999,36.400002,27.373852
2011-06-02,36.830002,36.299999,36.590000,27.516743
2011-06-03,36.389999,35.980000,36.099998,27.148243
2011-06-06,36.169998,35.770000,35.840000,26.952711
2011-06-07,36.119999,35.799999,35.820000,26.937677
2011-06-08,35.790001,35.450001,35.509998,26.704533
2011-06-09,35.930000,35.549999,35.779999,26.907591
2011-06-10,35.660000,35.160000,35.209999,26.478935
2011-06-13,35.459999,35.049999,35.220001,26.486467
2011-06-14,36.040001,35.580002,35.889999,26.990322
2011-06-15,35.779999,35.259998,35.349998,26.584234
2011-06-16,35.709999,35.180000,35.470001,26.674475
2011-06-17,35.740002,35.330002,35.450001,26.791618
2011-06-20,35.820000,35.290001,35.759998,27.025900
2011-06-21,36.400002,35.950001,36.320000,27.449125
2011-06-22,36.529999,36.090000,36.119999,27.297964
2011-06-23,36.070000,35.330002,36.040001,27.237505
2011-06-24,36.099998,35.570000,35.630001,26.927637
2011-06-27,36.060001,35.500000,35.910000,27.139257
2011-06-28,36.480000,35.950001,36.470001,27.562496
2011-06-29,36.779999,36.369999,36.660000,27.706081
2011-06-30,37.340000,36.689999,37.240002,28.144417
2011-07-01,37.990002,37.200001,37.910000,28.650776
2011-07-05,37.889999,37.580002,37.700001,28.492056
2011-07-06,38.000000,37.599998,37.900002,28.643213
2011-07-07,38.430000,38.110001,38.299999,28.945524
2011-07-08,37.840000,37.570000,37.820000,28.582745
2011-07-11,37.459999,36.980000,37.119999,28.053724
2011-07-12,37.119999,36.720001,36.759998,27.781662
2011-07-13,37.340000,36.810001,36.910000,27.895016
2011-07-14,37.139999,36.400002,36.509998,27.592714
2011-07-15,36.669998,36.189999,36.540001,27.615402
2011-07-18,36.450001,35.910000,36.130001,27.305523
2011-07-19,36.689999,36.270000,36.599998,27.660740
2011-07-20,36.810001,36.540001,36.669998,27.713640
2011-07-21,37.349998,36.840000,37.220001,28.129303
2011-07-22,37.090000,36.700001,36.830002,27.834557
2011-07-25,37.029999,36.450001,36.810001,27.819441
2011-07-26,36.709999,36.040001,36.130001,27.305523
2011-07-27,35.980000,35.049999,35.150002,26.564888
2011-07-28,35.509998,34.770000,34.849998,26.338154
2011-07-29,35.020000,34.189999,34.680000,26.209671
2011-08-01,35.220001,34.060001,34.459999,26.043407
2011-08-02,34.430000,33.259998,33.259998,25.136509
2011-08-03,33.580002,32.669998,33.560001,25.363218
2011-08-04,33.070000,31.700001,31.760000,24.002865
2011-08-05,32.410000,30.969999,31.760000,24.002865
2011-08-08,31.180000,29.500000,29.520000,22.309967
2011-08-09,30.980000,29.030001,30.980000,23.413370
2011-08-10,30.549999,29.379999,29.400000,22.219269
2011-08-11,31.260000,29.450001,30.799999,23.277338
2011-08-12,31.570000,30.860001,31.400000,23.730795
2011-08-15,31.940001,31.530001,31.870001,24.085993
2011-08-16,31.780001,31.150000,31.420000,23.745914
2011-08-17,31.870001,31.080000,31.320000,23.670334
2011-08-18,30.440001,29.299999,29.590000,22.362867
2011-08-19,30.059999,29.090000,29.129999,22.015226
2011-08-22,29.900000,29.139999,29.240000,22.098354
2011-08-23,30.270000,29.170000,30.270000,22.876787
2011-08-24,30.940001,30.090000,30.879999,23.337795
2011-08-25,31.250000,30.190001,30.299999,22.899460
2011-08-26,31.049999,29.590000,30.930000,23.375584
2011-08-29,31.940001,31.280001,31.910000,24.116224
2011-08-30,32.410000,31.559999,32.180000,24.320276
2011-08-31,32.889999,32.119999,32.400002,24.486547
2011-09-01,32.779999,31.840000,31.870001,24.085993
2011-09-02,31.299999,30.730000,30.850000,23.315121
2011-09-06,30.600000,29.750000,30.530001,23.073269
2011-09-07,31.510000,30.950001,31.480000,23.791250
2011-09-08,31.559999,30.879999,31.010000,23.436049
2011-09-09,30.790001,29.990000,30.180000,22.808765
2011-09-12,30.270000,29.490000,30.240000,22.854113
2011-09-13,31.010000,30.170000,30.799999,23.277338
2011-09-14,31.790001,30.340000,31.340000,23.685440
2011-09-15,32.000000,31.520000,31.980000,24.169132
2011-09-16,32.200001,31.639999,31.969999,24.296799
2011-09-19,31.809999,31.160000,31.670000,24.068819
2011-09-20,32.040001,31.410000,31.440001,23.894014
2011-09-21,31.400000,30.110001,30.139999,22.906033
2011-09-22,29.459999,28.650000,29.010000,22.047243
2011-09-23,29.590000,28.860001,29.309999,22.275244
2011-09-26,30.110001,29.150000,30.049999,22.837629
2011-09-27,31.120001,30.379999,30.580000,23.240425
2011-09-28,30.910000,29.760000,29.799999,22.647631
2011-09-29,30.620001,29.590000,30.230000,22.974428
2011-09-30,29.889999,29.209999,29.219999,22.206841
2011-10-03,29.510000,28.360001,28.400000,21.583651
2011-10-04,29.190001,27.670000,29.190001,22.184052
2011-10-05,29.889999,29.010000,29.809999,22.655239
2011-10-06,30.450001,29.490000,30.410000,23.111225
2011-10-07,30.740000,30.040001,30.340000,23.058033
2011-10-10,31.410000,30.760000,31.400000,23.863621
2011-10-11,31.610001,31.110001,31.490000,23.932014
2011-10-12,32.250000,31.639999,31.889999,24.236013
2011-10-13,31.730000,31.219999,31.620001,24.030819
2011-10-14,32.230000,31.790001,32.189999,24.464010
2011-10-17,32.099998,31.219999,31.270000,23.764820
2011-10-18,32.509998,31.150000,32.169998,24.448809
2011-10-19,32.360001,31.670000,31.780001,24.152407
2011-10-20,32.180000,31.540001,32.049999,24.357607
2011-10-21,32.709999,32.240002,32.669998,24.828802
2011-10-24,33.400002,32.799999,33.279999,25.292387
2011-10-25,32.990002,32.340000,32.599998,24.775604
2011-10-26,33.099998,32.389999,32.830002,24.950397
2011-10-27,34.580002,33.689999,34.259998,26.037176
2011-10-28,34.349998,34.049999,34.259998,26.037176
2011-10-31,33.959999,33.389999,33.419998,25.398788
2011-11-01,32.910000,32.160000,32.410000,24.631203
2011-11-02,33.250000,32.730000,33.049999,25.117603
2011-11-03,33.910000,33.090000,33.860001,25.733189
2011-11-04,33.660000,33.060001,33.599998,25.535583
2011-11-07,33.790001,33.080002,33.680000,25.596388
2011-11-08,34.090000,33.410000,34.060001,25.885183
2011-11-09,33.360001,32.610001,32.740002,24.882000
2011-11-10,33.369999,32.910000,33.139999,25.185997
2011-11-11,34.049999,33.500000,33.930000,25.786386
2011-11-14,33.970001,33.529999,33.720001,25.626791
2011-11-15,34.070000,33.470001,33.919998,25.778786
2011-11-16,34.009998,33.360001,33.419998,25.398788
2011-11-17,33.419998,32.560001,32.840000,24.958000
2011-11-18,33.110001,32.740002,32.919998,25.018789
2011-11-21,32.419998,31.799999,32.160000,24.441210
2011-11-22,32.189999,31.719999,31.950001,24.281614
2011-11-23,31.700001,31.190001,31.209999,23.719223
2011-11-25,31.580000,31.080000,31.160000,23.681215
2011-11-28,32.410000,31.969999,32.209999,24.479214
2011-11-29,32.630001,32.150002,32.240002,24.502008
2011-11-30,33.889999,33.110001,33.889999,25.755995
2011-12-01,33.970001,33.639999,33.779999,25.672386
2011-12-02,34.240002,33.669998,33.709999,25.619190
2011-12-05,34.340000,33.830002,34.070000,25.892776
2011-12-06,34.320000,33.930000,34.060001,25.885183
2011-12-07,34.169998,33.599998,34.049999,25.877588
2011-12-08,33.900002,33.130001,33.209999,25.239189
2011-12-09,34.049999,33.389999,33.970001,25.816782
2011-12-12,33.689999,33.080002,33.349998,25.345591
2011-12-13,33.779999,32.759998,32.910000,25.011200
2011-12-14,32.900002,32.450001,32.520000,24.714808
2011-12-15,33.020000,32.619999,32.750000,24.889601
2011-12-16,33.130001,32.540001,32.669998,24.995182
2011-12-19,33.000000,32.220001,32.330002,24.735052
2011-12-20,33.500000,32.810001,33.439999,25.584291
2011-12-21,33.540001,32.980000,33.450001,25.591940
2011-12-22,33.830002,33.490002,33.770000,25.836769
2011-12-23,34.090000,33.759998,34.090000,26.081600
2011-12-27,34.150002,33.889999,34.080002,26.073946
2011-12-28,34.119999,33.459999,33.540001,25.660807
2011-12-29,33.990002,33.549999,33.959999,25.982136
2011-12-30,34.020000,33.750000,33.750000,25.821476
2012-01-03,34.810001,34.410000,34.490002,26.387619
2012-01-04,34.689999,34.299999,34.650002,26.510036
2012-01-05,34.680000,34.150002,34.660000,26.517685
2012-01-06,34.740002,34.480000,34.590000,26.464132
2012-01-09,34.900002,34.540001,34.849998,26.663057
2012-01-10,35.419998,35.250000,35.349998,27.045605
2012-01-11,35.529999,35.200001,35.459999,27.129755
2012-01-12,35.840000,35.389999,35.770000,27.366940
2012-01-13,35.540001,35.160000,35.490002,27.152712
2012-01-17,36.029999,35.619999,35.669998,27.290419
2012-01-18,36.009998,35.509998,35.990002,27.535242
2012-01-19,36.380001,36.090000,36.369999,27.825975
2012-01-20,36.250000,36.020000,36.160000,27.665319
2012-01-23,36.450001,36.000000,36.119999,27.634703
2012-01-24,36.169998,35.770000,36.160000,27.665319
2012-01-25,36.669998,35.860001,36.560001,27.971340
2012-01-26,36.919998,36.380001,36.490002,27.917788
2012-01-27,36.590000,36.290001,36.459999,27.894836
2012-01-30,36.360001,36.000000,36.330002,27.795376
2012-01-31,36.619999,36.040001,36.220001,27.711222
2012-02-01,36.820000,36.500000,36.610001,28.009600
2012-02-02,36.750000,36.520000,36.630001,28.024910
2012-02-03,37.320000,36.980000,37.259998,28.506905
2012-02-06,37.259998,36.980000,37.169998,28.438030
2012-02-07,37.209999,36.779999,37.130001,28.407452
2012-02-08,37.279999,37.029999,37.209999,28.468649
2012-02-09,37.380001,37.099998,37.310001,28.545149
2012-02-10,36.990002,36.730000,36.970001,28.285040
2012-02-13,37.450001,37.029999,37.419998,28.629303
2012-02-14,37.320000,37.020000,37.290001,28.529854
2012-02-15,37.419998,36.709999,36.799999,28.154963
2012-02-16,37.160000,36.709999,37.139999,28.415085
2012-02-17,37.389999,37.150002,37.279999,28.522209
2012-02-21,37.570000,37.270000,37.410000,28.621668
2012-02-22,37.470001,37.230000,37.369999,28.591038
2012-02-23,37.529999,37.169998,37.490002,28.682867
2012-02-24,37.660000,37.419998,37.480000,28.675224
2012-02-27,37.660000,37.110001,37.509998,28.698166
2012-02-28,37.549999,37.299999,37.459999,28.659912
2012-02-29,37.619999,37.160000,37.230000,28.483948
2012-03-01,37.509998,37.200001,37.360001,28.583418
2012-03-02,37.450001,37.020000,37.139999,28.415085
2012-03-05,37.090000,36.750000,36.880001,28.216175
2012-03-06,36.480000,35.959999,36.049999,27.581160
2012-03-07,36.480000,36.150002,36.419998,27.864229
2012-03-08,37.020000,36.590000,36.939999,28.262075
2012-03-09,37.169998,36.810001,37.020000,28.323265
2012-03-12,37.130001,36.900002,37.009998,28.315622
2012-03-13,37.799999,37.070000,37.779999,28.904739
2012-03-14,37.880001,37.580002,37.689999,28.835899
2012-03-15,38.169998,37.610001,38.139999,29.180164
2012-03-16,38.099998,37.849998,37.980000,29.193232
2012-03-19,38.110001,37.830002,37.980000,29.193232
2012-03-20,37.759998,37.389999,37.540001,28.855032
2012-03-21,37.669998,37.430000,37.520000,28.839653
2012-03-22,37.250000,36.799999,37.099998,28.516827
2012-03-23,37.220001,36.849998,37.160000,28.562950
2012-03-26,37.709999,37.450001,37.709999,28.985699
2012-03-27,37.790001,37.580002,37.590000,28.893463
2012-03-28,37.630001,36.910000,37.230000,28.616756
2012-03-29,37.299999,36.750000,37.250000,28.632114
2012-03-30,37.520000,37.230000,37.419998,28.762789
2012-04-02,37.790001,37.160000,37.660000,28.947268
2012-04-03,37.660000,37.220001,37.389999,28.739738
2012-04-04,37.189999,36.950001,37.119999,28.532196
2012-04-05,37.169998,36.919998,36.970001,28.416904
2012-04-09,36.529999,36.270000,36.369999,27.955708
2012-04-10,36.330002,35.560001,35.630001,27.386919
2012-04-11,36.189999,35.900002,36.029999,27.694372
2012-04-12,36.820000,36.029999,36.799999,28.286240
2012-04-13,36.630001,36.320000,36.330002,27.924980
2012-04-16,36.709999,36.290001,36.430000,28.001835
2012-04-17,37.119999,36.529999,37.029999,28.463022
2012-04-18,37.020000,36.770000,36.869999,28.340055
2012-04-19,36.970001,36.250000,36.459999,28.024899
2012-04-20,36.939999,36.619999,36.770000,28.263186
2012-04-23,36.400002,36.080002,36.360001,27.948034
2012-04-24,36.869999,36.500000,36.840000,28.316980
2012-04-25,37.169998,36.799999,36.910000,28.370771
2012-04-26,37.169998,36.759998,37.130001,28.539898
2012-04-27,37.450001,37.099998,37.360001,28.716684
2012-04-30,37.279999,36.869999,37.009998,28.447645
2012-05-01,37.400002,36.639999,37.119999,28.532196
2012-05-02,37.160000,36.779999,37.130001,28.539898
2012-05-03,37.200001,36.730000,36.830002,28.309292
2012-05-04,36.689999,36.200001,36.299999,27.901907
2012-05-07,36.380001,36.090000,36.200001,27.825052
2012-05-08,36.180000,35.619999,36.110001,27.755863
2012-05-09,36.029999,35.459999,35.689999,27.433035
2012-05-10,36.130001,35.669998,35.740002,27.471458
2012-05-11,36.049999,35.509998,35.669998,27.417656
2012-05-14,35.560001,35.110001,35.259998,27.102520
2012-05-15,35.470001,34.980000,35.080002,26.964169
2012-05-16,35.529999,35.000000,35.040001,26.933418
2012-05-17,35.070000,34.270000,34.290001,26.356928
2012-05-18,34.619999,34.020000,34.119999,26.226257
2012-05-21,34.910000,34.310001,34.880001,26.810431
2012-05-22,35.230000,34.770000,35.009998,26.910355
2012-05-23,35.270000,34.380001,35.200001,27.056396
2012-05-24,35.330002,34.770000,35.160000,27.025650
2012-05-25,35.240002,34.840000,34.919998,26.841175
2012-05-29,35.500000,35.180000,35.389999,27.202446
2012-05-30,35.070000,34.730000,34.799999,26.748936
2012-05-31,34.919998,34.270000,34.669998,26.649010
2012-06-01,34.150002,33.669998,33.709999,25.911110
2012-06-04,33.770000,33.080002,33.360001,25.642084
2012-06-05,33.509998,33.139999,33.459999,25.718948
2012-06-06,34.360001,33.700001,34.349998,26.403044
2012-06-07,35.060001,34.490002,34.540001,26.549084
2012-06-08,34.830002,34.320000,34.799999,26.748936
2012-06-11,35.180000,34.310001,34.349998,26.403044
2012-06-12,34.939999,34.330002,34.900002,26.825811
2012-06-13,34.900002,34.389999,34.549999,26.556774
2012-06-14,34.959999,34.430000,34.820000,26.764315
2012-06-15,34.970001,34.759998,34.959999,26.999090
2012-06-18,35.169998,34.700001,35.040001,27.060875
2012-06-19,35.700001,35.189999,35.509998,27.423840
2012-06-20,35.509998,35.070000,35.320000,27.277111
2012-06-21,35.540001,34.590000,34.630001,26.744228
2012-06-22,34.830002,34.490002,34.750000,26.836914
2012-06-25,34.400002,33.970001,34.110001,26.342649
2012-06-26,34.270000,33.840000,34.169998,26.388983
2012-06-27,34.580002,34.240002,34.500000,26.643837
2012-06-28,34.509998,34.060001,34.470001,26.620676
2012-06-29,35.669998,35.070000,35.669998,27.547405
2012-07-02,35.820000,35.119999,35.360001,27.307999
2012-07-03,35.740002,35.299999,35.730000,27.593748
2012-07-05,35.840000,35.470001,35.689999,27.562857
2012-07-06,35.360001,34.990002,35.209999,27.192156
2012-07-09,35.270000,34.889999,35.189999,27.176718
2012-07-10,35.490002,34.410000,34.619999,26.736504
2012-07-11,34.660000,34.169998,34.340000,26.520269
2012-07-12,34.380001,33.869999,34.209999,26.419863
2012-07-13,34.889999,34.230000,34.869999,26.929577
2012-07-16,34.740002,34.380001,34.630001,26.744228
2012-07-17,34.919998,34.320000,34.779999,26.860073
2012-07-18,35.520000,34.669998,35.430000,27.362062
2012-07-19,35.720001,35.340000,35.599998,27.493349
2012-07-20,35.500000,35.119999,35.160000,27.153538
2012-07-23,35.110001,34.500000,34.980000,27.014536
2012-07-24,35.060001,34.320000,34.590000,26.713337
2012-07-25,35.020000,34.480000,34.709999,26.806019
2012-07-26,35.389999,34.970001,35.240002,27.215321
2012-07-27,36.189999,35.290001,36.009998,27.809984
2012-07-30,36.169998,35.799999,35.910000,27.732758
2012-07-31,36.090000,35.790001,35.810001,27.655521
2012-08-01,36.049999,35.549999,35.570000,27.470181
2012-08-02,35.590000,35.000000,35.389999,27.331175
2012-08-03,36.320000,35.830002,36.160000,27.925838
2012-08-06,36.470001,36.160000,36.160000,27.925838
2012-08-07,36.700001,36.310001,36.529999,28.211578
2012-08-08,36.529999,36.290001,36.480000,28.172970
2012-08-09,36.590000,36.369999,36.509998,28.196129
2012-08-10,36.700001,36.279999,36.680000,28.327427
2012-08-13,36.639999,36.349998,36.599998,28.265638
2012-08-14,36.779999,36.459999,36.549999,28.227015
2012-08-15,36.689999,36.349998,36.630001,28.288795
2012-08-16,37.070000,36.560001,37.000000,28.574554
2012-08-17,37.209999,37.000000,37.180000,28.713560
2012-08-20,37.169998,36.930000,37.099998,28.651773
2012-08-21,37.389999,36.919998,37.020000,28.589991
2012-08-22,37.000000,36.689999,36.840000,28.450985
2012-08-23,36.790001,36.459999,36.540001,28.219311
2012-08-24,36.810001,36.400002,36.709999,28.350592
2012-08-27,36.830002,36.570000,36.599998,28.265638
2012-08-28,36.650002,36.450001,36.459999,28.157520
2012-08-29,36.590000,36.320000,36.450001,28.149792
2012-08-30,36.340000,36.049999,36.139999,27.910379
2012-08-31,36.529999,36.130001,36.360001,28.080290
2012-09-04,36.320000,35.820000,35.980000,27.786810
2012-09-05,36.060001,35.750000,35.880001,27.709579
2012-09-06,36.700001,36.080002,36.689999,28.335150
2012-09-07,37.040001,36.790001,37.000000,28.574554
2012-09-10,36.980000,36.750000,36.759998,28.389200
2012-09-11,37.060001,36.730000,36.959999,28.543669
2012-09-12,37.180000,36.939999,37.110001,28.659491
2012-09-13,37.689999,36.849998,37.529999,28.983862
2012-09-14,38.070000,37.380001,37.759998,29.161489
2012-09-17,37.709999,37.490002,37.580002,29.022472
2012-09-18,37.599998,37.419998,37.590000,29.030188
2012-09-19,37.740002,37.410000,37.680000,29.099703
2012-09-20,37.360001,37.150002,37.320000,28.821669
2012-09-21,37.279999,36.840000,36.970001,28.736185
2012-09-24,37.060001,36.700001,36.970001,28.736185
2012-09-25,37.020000,36.470001,36.480000,28.355314
2012-09-26,36.509998,36.209999,36.340000,28.246492
2012-09-27,36.730000,36.299999,36.680000,28.510769
2012-09-28,36.680000,36.259998,36.529999,28.394165
2012-10-01,37.020000,36.580002,36.700001,28.526310
2012-10-02,36.869999,36.500000,36.639999,28.479670
2012-10-03,36.900002,36.540001,36.830002,28.627363
2012-10-04,37.119999,36.900002,37.040001,28.790579
2012-10-05,37.419998,37.000000,37.160000,28.883862
2012-10-08,37.130001,36.889999,37.070000,28.813911
2012-10-09,37.110001,36.619999,36.639999,28.479670
2012-10-10,36.619999,36.259998,36.299999,28.215401
2012-10-11,36.709999,36.410000,36.410000,28.300905
2012-10-12,36.740002,36.310001,36.450001,28.331987
2012-10-15,36.720001,36.389999,36.700001,28.526310
2012-10-16,37.119999,36.790001,37.090000,28.829453
2012-10-17,37.360001,37.090000,37.310001,29.000458
2012-10-18,37.540001,37.130001,37.419998,29.085957
2012-10-19,37.220001,36.650002,36.790001,28.596270
2012-10-22,36.950001,36.369999,36.689999,28.518555
2012-10-23,36.439999,36.110001,36.320000,28.230947
2012-10-24,36.509998,36.040001,36.090000,28.052166
2012-10-25,36.500000,35.990002,36.290001,28.207636
2012-10-26,36.490002,36.110001,36.320000,28.230947
2012-10-31,36.779999,36.360001,36.490002,28.363094
2012-11-01,37.209999,36.450001,37.139999,28.868303
2012-11-02,37.439999,36.810001,36.830002,28.627363
2012-11-05,37.090000,36.669998,37.029999,28.782810
2012-11-06,37.610001,37.139999,37.430000,29.093723
2012-11-07,37.119999,36.349998,36.549999,28.409708
2012-11-08,36.660000,36.160000,36.169998,28.114351
2012-11-09,36.580002,36.000000,36.270000,28.192076
2012-11-12,36.549999,36.240002,36.369999,28.269800
2012-11-13,36.639999,36.060001,36.270000,28.192076
2012-11-14,36.389999,35.320000,35.419998,27.531384
2012-11-15,35.610001,35.250000,35.419998,27.531384
2012-11-16,35.610001,35.189999,35.520000,27.609121
2012-11-19,36.200001,35.860001,36.189999,28.129890
2012-11-20,36.259998,35.930000,36.220001,28.153217
2012-11-21,36.349998,36.130001,36.270000,28.192076
2012-11-23,36.740002,36.349998,36.740002,28.557417
2012-11-26,36.790001,36.520000,36.770000,28.580727
2012-11-27,37.009998,36.650002,36.689999,28.518555
2012-11-28,37.029999,36.349998,37.000000,28.759491
2012-11-29,37.340000,36.970001,37.209999,28.922724
2012-11-30,37.279999,37.049999,37.130001,28.860552
2012-12-03,37.389999,36.730000,36.730000,28.549633
2012-12-04,37.029999,36.709999,36.869999,28.658447
2012-12-05,37.400002,36.709999,37.259998,28.961601
2012-12-06,37.290001,37.009998,37.250000,28.953810
2012-12-07,37.520000,37.250000,37.490002,29.140371
2012-12-10,37.720001,37.389999,37.680000,29.288048
2012-12-11,37.970001,37.680000,37.759998,29.350239
2012-12-12,38.119999,37.779999,37.820000,29.396868
2012-12-13,37.980000,37.580002,37.700001,29.303598
2012-12-14,37.830002,37.599998,37.619999,29.241404
2012-12-17,37.980000,37.720001,37.970001,29.513466
2012-12-18,38.500000,37.910000,38.459999,29.894327
2012-12-19,38.529999,38.230000,38.250000,29.731096
2012-12-20,38.450001,38.209999,38.450001,29.886560
2012-12-21,37.990002,37.500000,37.930000,29.698643
2012-12-24,37.930000,37.750000,37.820000,29.612518
2012-12-26,37.959999,37.639999,37.689999,29.510727
2012-12-27,37.770000,37.230000,37.630001,29.463743
2012-12-28,37.619999,37.180000,37.220001,29.142733
2012-12-31,37.930000,37.040001,37.900002,29.675150
2013-01-02,38.910000,38.549999,38.810001,30.387665
2013-01-03,39.090000,38.730000,38.830002,30.403337
2013-01-04,39.150002,38.889999,39.119999,30.630400
2013-01-07,39.029999,38.810001,38.950001,30.497278
2013-01-08,38.919998,38.520000,38.650002,30.262392
2013-01-09,39.119999,38.770000,39.040001,30.567764
2013-01-10,39.259998,38.950001,39.230000,30.716511
2013-01-11,39.189999,39.009998,39.090000,30.606911
2013-01-14,39.250000,39.070000,39.240002,30.724367
2013-01-15,39.389999,39.009998,39.349998,30.810469
2013-01-16,39.209999,39.090000,39.189999,30.685202
2013-01-17,39.680000,39.279999,39.610001,31.014057
2013-01-18,39.959999,39.590000,39.930000,31.264622
2013-01-22,40.090000,39.770000,40.090000,31.389891
2013-01-23,40.160000,39.900002,40.099998,31.397711
2013-01-24,40.910000,40.070000,40.340000,31.585644
2013-01-25,40.520000,40.290001,40.470001,31.687407
2013-01-28,40.650002,40.320000,40.500000,31.710911
2013-01-29,40.599998,40.349998,40.590000,31.781370
2013-01-30,40.639999,40.200001,40.220001,31.491690
2013-01-31,40.279999,39.990002,40.080002,31.382069
2013-02-01,40.520000,40.240002,40.470001,31.687407
2013-02-04,40.349998,40.070000,40.119999,31.413383
2013-02-05,40.580002,40.279999,40.490002,31.703085
2013-02-06,40.529999,40.259998,40.500000,31.710911
2013-02-07,40.610001,40.150002,40.450001,31.671772
2013-02-08,40.639999,40.439999,40.610001,31.797050
2013-02-11,40.639999,40.490002,40.580002,31.773556
2013-02-12,40.830002,40.650002,40.759998,31.914490
2013-02-13,41.119999,40.860001,40.980000,32.086765
2013-02-14,41.060001,40.730000,41.040001,32.133728
2013-02-15,41.169998,40.930000,41.060001,32.149364
2013-02-19,41.389999,41.099998,41.360001,32.384285
2013-02-20,41.419998,40.790001,40.820000,31.961462
2013-02-21,40.730000,40.340000,40.520000,31.726568
2013-02-22,40.889999,40.669998,40.840000,31.977131
2013-02-25,41.110001,39.980000,40.000000,31.319427
2013-02-26,40.330002,39.970001,40.240002,31.507349
2013-02-27,41.119999,40.189999,41.000000,32.102413
2013-02-28,41.290001,40.930000,40.970001,32.078915
2013-03-01,41.049999,40.470001,40.900002,32.024109
2013-03-04,40.830002,40.419998,40.820000,31.961462
2013-03-05,41.619999,41.080002,41.400002,32.415607
2013-03-06,41.669998,41.330002,41.400002,32.415607
2013-03-07,41.590000,41.369999,41.430000,32.439083
2013-03-08,41.860001,41.540001,41.820000,32.744465
2013-03-11,41.980000,41.689999,41.959999,32.854069
2013-03-12,41.930000,41.540001,41.720001,32.666157
2013-03-13,41.950001,41.630001,41.919998,32.822754
2013-03-14,42.160000,41.959999,42.119999,32.979351
2013-03-15,42.009998,41.799999,41.970001,33.004509
2013-03-18,42.049999,41.490002,41.709999,32.800064
2013-03-19,41.889999,41.389999,41.669998,32.768612
2013-03-20,41.930000,41.580002,41.720001,32.807922
2013-03-21,41.950001,41.220001,41.299999,32.477631
2013-03-22,41.630001,41.310001,41.619999,32.729279
2013-03-25,41.759998,41.070000,41.250000,32.438309
2013-03-26,41.490002,41.310001,41.459999,32.603466
2013-03-27,41.490002,41.049999,41.459999,32.603466
2013-03-28,41.770000,41.400002,41.759998,32.839367
2013-04-01,41.709999,41.169998,41.250000,32.438309
2013-04-02,41.439999,41.040001,41.119999,32.336090
2013-04-03,41.259998,40.810001,40.869999,32.139488
2013-04-04,41.110001,40.869999,41.049999,32.281044
2013-04-05,41.000000,40.439999,40.970001,32.218136
2013-04-08,41.209999,40.810001,41.209999,32.406860
2013-04-09,41.490002,41.060001,41.340000,32.509087
2013-04-10,41.930000,41.369999,41.889999,32.941605
2013-04-11,42.130001,41.779999,42.000000,33.028111
2013-04-12,41.919998,41.610001,41.759998,32.839367
2013-04-15,41.529999,40.459999,40.490002,31.840666
2013-04-16,41.070000,40.730000,41.040001,32.273178
2013-04-17,40.779999,40.130001,40.360001,31.738449
2013-04-18,40.500000,40.020000,40.180000,31.596888
2013-04-19,40.419998,40.029999,40.380001,31.754162
2013-04-22,40.549999,40.029999,40.430000,31.793472
2013-04-23,40.790001,40.330002,40.720001,32.021530
2013-04-24,41.209999,40.880001,41.139999,32.351826
2013-04-25,41.540001,41.160000,41.349998,32.516949
2013-04-26,41.450001,41.139999,41.230000,32.422585
2013-04-29,41.540001,41.160000,41.439999,32.587730
2013-04-30,41.500000,41.130001,41.450001,32.595608
2013-05-01,41.340000,40.900002,40.910000,32.170959
2013-05-02,41.470001,41.049999,41.419998,32.571995
2013-05-03,42.369999,41.830002,42.130001,33.130352
2013-05-06,42.439999,42.080002,42.400002,33.342659
2013-05-07,42.799999,42.450001,42.790001,33.649357
2013-05-08,43.070000,42.639999,43.060001,33.861691
2013-05-09,43.290001,42.939999,43.060001,33.861691
2013-05-10,43.209999,42.880001,43.189999,33.963905
2013-05-13,43.160000,42.889999,43.020000,33.830215
2013-05-14,43.549999,43.040001,43.549999,34.246998
2013-05-15,43.740002,43.290001,43.730000,34.388561
2013-05-16,43.799999,43.439999,43.509998,34.215542
2013-05-17,44.180000,43.680000,44.169998,34.734554
2013-05-20,44.439999,44.040001,44.299999,34.836784
2013-05-21,44.549999,44.240002,44.360001,34.883972
2013-05-22,44.700001,43.820000,43.970001,34.577290
2013-05-23,43.950001,43.430000,43.849998,34.482933
2013-05-24,43.779999,43.380001,43.709999,34.372818
2013-05-28,44.349998,43.860001,43.939999,34.553688
2013-05-29,43.889999,43.549999,43.689999,34.357090
2013-05-30,44.150002,43.709999,43.950001,34.561554
2013-05-31,44.279999,43.490002,43.529999,34.231258
2013-06-03,43.810001,43.230000,43.740002,34.396420
2013-06-04,43.970001,43.200001,43.500000,34.207680
2013-06-05,43.380001,42.660000,42.709999,33.586430
2013-06-06,43.020000,42.549999,42.980000,33.798763
2013-06-07,43.810001,43.169998,43.790001,34.435734
2013-06-10,43.939999,43.520000,43.660000,34.333504
2013-06-11,43.630001,43.110001,43.259998,34.018951
2013-06-12,43.619999,42.889999,42.959999,33.783047
2013-06-13,43.669998,42.830002,43.590000,34.278454
2013-06-14,43.759998,43.250000,43.299999,34.050407
2013-06-17,43.790001,43.380001,43.639999,34.317776
2013-06-18,44.259998,43.650002,44.150002,34.718830
2013-06-19,44.169998,43.480000,43.480000,34.191952
2013-06-20,43.139999,42.439999,42.490002,33.413429
2013-06-21,42.669998,42.000000,42.299999,33.433990
2013-06-24,41.970001,41.369999,41.590000,32.872799
2013-06-25,42.189999,41.790001,42.060001,33.244308
2013-06-26,42.650002,42.230000,42.470001,33.568352
2013-06-27,43.009998,42.689999,42.889999,33.900333
2013-06-28,42.959999,42.570000,42.639999,33.702721
2013-07-01,43.340000,42.820000,43.070000,34.042599
2013-07-02,43.119999,42.470001,42.610001,33.679016
2013-07-03,42.770000,42.349998,42.630001,33.694828
2013-07-05,43.299999,42.779999,43.299999,34.224392
2013-07-08,43.689999,43.349998,43.419998,34.319233
2013-07-09,44.240002,43.730000,44.029999,34.801380
2013-07-10,44.240002,43.869999,44.020000,34.793484
2013-07-11,44.750000,44.470001,44.720001,35.346764
2013-07-12,44.660000,44.220001,44.450001,35.133343
2013-07-15,44.689999,44.509998,44.610001,35.259815
2013-07-16,44.740002,44.310001,44.369999,35.070107
2013-07-17,44.689999,44.419998,44.500000,35.172855
2013-07-18,45.080002,44.540001,44.950001,35.528549
2013-07-19,45.430000,45.049999,45.410000,35.892147
2013-07-22,45.570000,45.360001,45.439999,35.915848
2013-07-23,45.639999,45.270000,45.410000,35.892147
2013-07-24,45.639999,44.990002,45.060001,35.615498
2013-07-25,45.080002,44.680000,45.080002,35.631290
2013-07-26,44.959999,44.669998,44.930000,35.512753
2013-07-29,44.980000,44.730000,44.810001,35.417885
2013-07-30,45.240002,44.880001,45.000000,35.568073
2013-07-31,45.500000,45.070000,45.160000,35.694530
2013-08-01,45.990002,45.419998,45.930000,36.303158
2013-08-02,46.020000,45.650002,46.020000,36.374290
2013-08-05,45.970001,45.770000,45.840000,36.232006
2013-08-06,45.759998,45.419998,45.500000,35.963268
2013-08-07,45.450001,45.189999,45.430000,35.907944
2013-08-08,45.779999,45.450001,45.639999,36.073925
2013-08-09,45.669998,45.310001,45.490002,35.955357
2013-08-12,45.599998,45.189999,45.549999,36.002796
2013-08-13,45.869999,45.400002,45.750000,36.160873
2013-08-14,45.799999,45.419998,45.430000,35.907944
2013-08-15,45.060001,44.770000,44.919998,35.504833
2013-08-16,45.110001,44.790001,44.980000,35.552273
2013-08-19,45.049999,44.740002,44.740002,35.362564
2013-08-20,45.009998,44.619999,44.820000,35.425797
2013-08-21,44.860001,44.459999,44.509998,35.180763
2013-08-22,45.189999,44.610001,45.119999,35.662918
2013-08-23,45.230000,44.910000,45.130001,35.670822
2013-08-26,45.400002,44.980000,45.029999,35.591774
2013-08-27,44.669998,44.070000,44.119999,34.872528
2013-08-28,44.340000,43.970001,44.160000,34.904133
2013-08-29,44.520000,44.029999,44.290001,35.006889
2013-08-30,44.470001,43.930000,44.040001,34.809277
2013-09-03,44.750000,44.130001,44.320000,35.030590
2013-09-04,44.849998,44.240002,44.770000,35.386272
2013-09-05,45.020000,44.669998,44.880001,35.473217
2013-09-06,45.230000,44.450001,44.860001,35.457417
2013-09-09,45.529999,45.009998,45.419998,35.900040
2013-09-10,46.160000,45.720001,46.080002,36.421703
2013-09-11,46.290001,45.939999,46.270000,36.571880
2013-09-12,46.349998,46.040001,46.080002,36.421703
2013-09-13,46.220001,45.930000,46.209999,36.524467
2013-09-16,46.950001,46.639999,46.810001,36.998699
2013-09-17,47.070000,46.740002,47.009998,37.156776
2013-09-18,47.700001,46.889999,47.599998,37.623112
2013-09-19,48.009998,47.720001,47.759998,37.749565
2013-09-20,47.680000,46.930000,46.959999,37.288239
2013-09-23,47.009998,46.590000,46.810001,37.169140
2013-09-24,47.250000,46.759998,46.980000,37.304134
2013-09-25,47.130001,46.770000,46.770000,37.137390
2013-09-26,47.080002,46.750000,46.980000,37.304134
2013-09-27,46.740002,46.490002,46.680000,37.065907
2013-09-30,46.590000,46.119999,46.410000,36.851517
2013-10-01,46.810001,46.380001,46.700001,37.081799
2013-10-02,46.549999,46.200001,46.480000,36.907089
2013-10-03,46.470001,45.669998,45.970001,36.502144
2013-10-04,46.299999,45.869999,46.270000,36.740345
2013-10-07,46.259998,45.680000,45.950001,36.486267
2013-10-08,46.110001,45.410000,45.430000,36.073349
2013-10-09,45.619999,45.090000,45.410000,36.057480
2013-10-10,46.599998,45.860001,46.580002,36.986496
2013-10-11,46.880001,46.470001,46.799999,37.161186
2013-10-14,47.009998,46.450001,46.980000,37.304134
2013-10-15,47.000000,46.459999,46.509998,36.930916
2013-10-16,46.919998,46.470001,46.820000,37.177082
2013-10-17,47.189999,46.630001,47.180000,37.462925
2013-10-18,47.790001,47.369999,47.689999,37.867897
2013-10-21,47.860001,47.720001,47.810001,37.963181
2013-10-22,48.410000,47.970001,48.130001,38.217270
2013-10-23,48.180000,47.830002,48.150002,38.233150
2013-10-24,48.560001,48.200001,48.509998,38.518997
2013-10-25,48.779999,48.340000,48.759998,38.717525
2013-10-28,48.820000,48.580002,48.689999,38.661942
2013-10-29,48.830002,48.509998,48.830002,38.773098
2013-10-30,48.990002,48.470001,48.610001,38.598408
2013-10-31,48.950001,48.419998,48.619999,38.606346
2013-11-01,49.080002,48.570000,48.970001,38.884266
2013-11-04,49.169998,48.990002,49.150002,39.027184
2013-11-05,49.209999,48.689999,49.099998,38.987499
2013-11-06,49.369999,48.990002,49.240002,39.098663
2013-11-07,49.520000,48.639999,48.720001,38.685768
2013-11-08,49.380001,48.650002,49.380001,39.209820
2013-11-11,49.400002,49.230000,49.340000,39.178066
2013-11-12,49.450001,49.119999,49.360001,39.193939
2013-11-13,49.650002,49.060001,49.650002,39.424210
2013-11-14,49.950001,49.580002,49.840000,39.575092
2013-11-15,50.060001,49.790001,50.009998,39.710064
2013-11-18,50.400002,49.970001,50.090000,39.773602
2013-11-19,50.169998,49.669998,49.730000,39.487728
2013-11-20,49.910000,49.400002,49.509998,39.313038
2013-11-21,49.959999,49.560001,49.910000,39.630653
2013-11-22,50.349998,49.889999,50.349998,39.980045
2013-11-25,50.509998,50.119999,50.240002,39.892708
2013-11-26,50.459999,50.189999,50.340000,39.972111
2013-11-27,50.619999,50.410000,50.540001,40.130917
2013-11-29,50.779999,50.340000,50.400002,40.019753
2013-12-02,50.480000,50.070000,50.189999,39.852993
2013-12-03,50.110001,49.580002,49.759998,39.511559
2013-12-04,49.919998,49.130001,49.560001,39.352753
2013-12-05,49.810001,49.459999,49.580002,39.368637
2013-12-06,50.360001,50.049999,50.340000,39.972111
2013-12-09,50.540001,50.360001,50.470001,40.075325
2013-12-10,50.650002,50.200001,50.360001,39.987984
2013-12-11,50.380001,49.520000,49.570000,39.360691
2013-12-12,49.770000,49.430000,49.619999,39.400406
2013-12-13,49.880001,49.540001,49.770000,39.519505
2013-12-16,50.410000,49.930000,50.240002,39.892708
2013-12-17,50.470001,50.139999,50.220001,39.876823
2013-12-18,51.090000,49.910000,51.060001,40.543823
2013-12-19,51.139999,50.770000,51.110001,40.583515
2013-12-20,51.419998,50.830002,51.259998,40.909916
2013-12-23,51.580002,51.349998,51.459999,41.069553
2013-12-24,51.709999,51.450001,51.700001,41.261093
2013-12-26,52.110001,51.700001,52.060001,41.548389
2013-12-27,52.290001,51.930000,52.000000,41.500523
2013-12-30,52.060001,51.889999,51.950001,41.460617
2013-12-31,52.299999,52.029999,52.259998,41.708031
2014-01-02,52.070000,51.459999,51.529999,41.125416
2014-01-03,51.900002,51.580002,51.669998,41.237141
2014-01-06,52.070000,51.369999,51.369999,40.997723
2014-01-07,51.810001,51.509998,51.689999,41.253105
2014-01-08,51.720001,51.400002,51.599998,41.181286
2014-01-09,52.049999,51.520000,51.849998,41.380791
2014-01-10,51.970001,51.590000,51.930000,41.444645
2014-01-13,52.099998,51.240002,51.299999,40.941872
2014-01-14,51.880001,51.360001,51.840000,41.372826
2014-01-15,52.320000,51.919998,52.209999,41.668118
2014-01-16,52.150002,51.910000,52.080002,41.564373
2014-01-17,51.959999,51.700001,51.820000,41.356865
2014-01-21,52.310001,51.580002,51.869999,41.396763
2014-01-22,52.099998,51.849998,52.029999,41.524460
2014-01-23,51.869999,51.240002,51.410000,41.029655
2014-01-24,51.060001,49.799999,49.810001,39.752708
2014-01-27,50.240002,49.520000,49.860001,39.792610
2014-01-28,50.470001,50.009998,50.330002,40.167725
2014-01-29,50.209999,49.660000,49.790001,39.736748
2014-01-30,50.400002,49.939999,50.279999,40.127811
2014-01-31,50.380001,49.439999,50.029999,39.928284
2014-02-03,50.230000,48.619999,48.639999,38.818947
2014-02-04,49.119999,48.380001,48.950001,39.066360
2014-02-05,49.119999,48.389999,48.930000,39.050385
2014-02-06,49.680000,49.040001,49.610001,39.593090
2014-02-07,50.509998,49.860001,50.470001,40.279442
2014-02-10,50.540001,50.040001,50.150002,40.024067
2014-02-11,50.910000,50.240002,50.709999,40.470970
2014-02-12,51.049999,50.770000,51.000000,40.702427
2014-02-13,51.110001,50.490002,51.040001,40.734360
2014-02-14,51.509998,50.900002,51.369999,40.997723
2014-02-18,51.619999,51.150002,51.330002,40.965809
2014-02-19,51.570000,50.820000,50.849998,40.582722
2014-02-20,51.500000,50.779999,51.330002,40.965809
2014-02-21,51.630001,51.320000,51.389999,41.013695
2014-02-24,52.230000,51.500000,51.779999,41.324940
2014-02-25,51.900002,51.470001,51.610001,41.189266
2014-02-26,51.869999,51.459999,51.660000,41.229179
2014-02-27,51.959999,51.509998,51.959999,41.468609
2014-02-28,52.340000,51.799999,52.060001,41.548389
2014-03-03,51.880001,51.330002,51.709999,41.269073
2014-03-04,52.720001,52.119999,52.459999,41.867641
2014-03-05,52.709999,52.459999,52.529999,41.923512
2014-03-06,52.950001,52.669998,52.830002,42.162937
2014-03-07,53.250000,52.869999,53.000000,42.298611
2014-03-10,52.919998,52.439999,52.770000,42.115036
2014-03-11,52.980000,52.259998,52.389999,41.811768
2014-03-12,52.299999,51.900002,52.290001,41.731976
2014-03-13,52.619999,51.330002,51.549999,41.141384
2014-03-14,51.740002,51.270000,51.349998,40.981766
2014-03-17,52.160000,51.560001,51.980000,41.484566
2014-03-18,52.380001,52.060001,52.259998,41.708031
2014-03-19,52.349998,51.430000,51.720001,41.277054
2014-03-20,51.919998,51.480000,51.869999,41.396763
2014-03-21,52.119999,51.610001,51.650002,41.400784
2014-03-24,51.930000,51.189999,51.480000,41.264507
2014-03-25,52.090000,51.680000,51.950001,41.641247
2014-03-26,52.279999,51.419998,51.419998,41.216427
2014-03-27,51.500000,51.020000,51.349998,41.160313
2014-03-28,51.939999,51.450001,51.730000,41.464909
2014-03-31,52.419998,52.000000,52.330002,41.945847
2014-04-01,52.869999,52.360001,52.700001,42.242416
2014-04-02,53.110001,52.720001,53.070000,42.538994
2014-04-03,53.180000,52.900002,53.150002,42.603130
2014-04-04,53.490002,52.410000,52.540001,42.114162
2014-04-07,52.570000,51.680000,51.790001,41.512989
2014-04-08,51.970001,51.459999,51.790001,41.512989
2014-04-09,52.490002,51.849998,52.450001,42.042034
2014-04-10,52.570000,51.410000,51.410000,41.208401
2014-04-11,51.480000,50.889999,50.900002,40.799603
2014-04-14,51.470001,50.779999,51.189999,41.032055
2014-04-15,51.619999,50.740002,51.549999,41.320618
2014-04-16,52.349998,51.709999,52.340000,41.953854
2014-04-17,52.900002,52.360001,52.750000,42.282494
2014-04-21,52.950001,52.570000,52.900002,42.402744
2014-04-22,53.240002,52.910000,52.930000,42.426788
2014-04-23,53.240002,52.910000,53.130001,42.587086
2014-04-24,53.389999,52.790001,53.029999,42.506931
2014-04-25,52.950001,52.380001,52.509998,42.090122
2014-04-28,52.889999,52.009998,52.540001,42.114162
2014-04-29,52.740002,52.310001,52.680000,42.226391
2014-04-30,53.099998,52.580002,53.029999,42.506931
2014-05-01,53.160000,52.709999,52.900002,42.402744
2014-05-02,53.169998,52.810001,52.820000,42.338600
2014-05-05,53.000000,52.400002,52.930000,42.426788
2014-05-06,52.860001,52.480000,52.529999,42.106155
2014-05-07,53.000000,52.380001,52.980000,42.466850
2014-05-08,53.310001,52.810001,52.970001,42.458832
2014-05-09,53.040001,52.650002,53.009998,42.490910
2014-05-12,53.820000,53.169998,53.799999,43.124157
2014-05-13,54.070000,53.799999,53.889999,43.196270
2014-05-14,53.939999,53.389999,53.490002,42.875660
2014-05-15,53.360001,52.669998,53.020000,42.498924
2014-05-16,53.090000,52.779999,53.090000,42.555031
2014-05-19,53.340000,52.849998,53.299999,42.723373
2014-05-20,53.299999,52.410000,52.590000,42.154251
2014-05-21,53.130001,52.740002,53.110001,42.571056
2014-05-22,53.369999,52.990002,53.209999,42.651218
2014-05-23,53.580002,53.209999,53.549999,42.923748
2014-05-27,53.910000,53.680000,53.830002,43.148182
2014-05-28,54.090000,53.849998,53.869999,43.180237
2014-05-29,54.090000,53.759998,54.090000,43.356594
2014-05-30,54.119999,53.880001,54.049999,43.324528
2014-06-02,54.360001,53.869999,54.279999,43.508884
2014-06-03,54.320000,54.009998,54.220001,43.460800
2014-06-04,54.259998,54.060001,54.209999,43.452782
2014-06-05,54.840000,54.240002,54.759998,43.893642
2014-06-06,55.310001,54.830002,55.310001,44.334492
2014-06-09,55.820000,55.220001,55.590000,44.558933
2014-06-10,55.570000,55.230000,55.459999,44.454723
2014-06-11,55.279999,54.950001,55.049999,44.126099
2014-06-12,54.980000,54.209999,54.310001,43.532928
2014-06-13,54.639999,54.270000,54.500000,43.685234
2014-06-16,54.570000,54.250000,54.439999,43.637146
2014-06-17,54.689999,54.250000,54.590000,43.757378
2014-06-18,54.959999,54.369999,54.900002,44.005859
2014-06-19,55.060001,54.750000,55.040001,44.118076
2014-06-20,55.049999,54.840000,55.020000,44.303284
2014-06-23,55.160000,54.599998,54.700001,44.045601
2014-06-24,54.820000,54.090000,54.150002,43.602745
2014-06-25,54.310001,53.970001,54.200001,43.643005
2014-06-26,54.310001,53.790001,54.160000,43.610790
2014-06-27,54.480000,53.779999,54.290001,43.715473
2014-06-30,54.299999,54.009998,54.060001,43.530266
2014-07-01,54.590000,54.119999,54.389999,43.795982
2014-07-02,54.459999,54.200001,54.299999,43.723526
2014-07-03,54.810001,54.520000,54.750000,44.085861
2014-07-07,54.740002,54.290001,54.360001,43.771843
2014-07-08,54.290001,53.840000,53.990002,43.473907
2014-07-09,54.259998,53.930000,54.080002,43.546375
2014-07-10,53.980000,53.410000,53.759998,43.288708
2014-07-11,54.090000,53.639999,54.070000,43.538326
2014-07-14,54.560001,54.270000,54.380001,43.787933
2014-07-15,54.660000,54.189999,54.410000,43.812092
2014-07-16,54.720001,54.410000,54.639999,43.997295
2014-07-17,54.500000,53.770000,53.790001,43.312866
2014-07-18,54.290001,53.919998,54.240002,43.675220
2014-07-21,54.279999,53.840000,54.209999,43.651051
2014-07-22,54.540001,54.320000,54.410000,43.812092
2014-07-23,54.520000,54.180000,54.189999,43.634949
2014-07-24,54.250000,53.860001,53.930000,43.425591
2014-07-25,54.020000,53.709999,53.790001,43.312866
2014-07-28,53.799999,53.240002,53.520000,43.095451
2014-07-29,53.570000,52.849998,52.849998,42.555946
2014-07-30,53.119999,52.570000,52.900002,42.596222
2014-07-31,52.869999,51.799999,51.830002,41.734623
2014-08-01,52.090000,51.410000,51.779999,41.694359
2014-08-04,52.029999,51.509998,51.959999,41.839302
2014-08-05,52.200001,51.500000,51.650002,41.589691
2014-08-06,51.619999,51.200001,51.389999,41.380333
2014-08-07,51.860001,51.340000,51.439999,41.420593
2014-08-08,52.209999,51.389999,52.169998,42.008400
2014-08-11,52.680000,52.200001,52.380001,42.177494
2014-08-12,52.590000,52.169998,52.259998,42.080872
2014-08-13,52.799999,52.459999,52.770000,42.491516
2014-08-14,53.020000,52.770000,53.000000,42.676731
2014-08-15,53.279999,52.509998,52.889999,42.588161
2014-08-18,53.689999,53.220001,53.689999,43.232334
2014-08-19,53.900002,53.730000,53.820000,43.337017
2014-08-20,54.480000,53.810001,54.389999,43.795982
2014-08-21,54.500000,54.189999,54.340000,43.755733
2014-08-22,54.380001,54.020000,54.150002,43.602745
2014-08-25,54.480000,54.270000,54.360001,43.771843
2014-08-26,54.459999,54.160000,54.180000,43.626896
2014-08-27,54.320000,54.040001,54.150002,43.602745
2014-08-28,54.080002,53.799999,54.070000,43.538326
2014-08-29,54.160000,53.810001,54.020000,43.498058
2014-09-02,54.360001,53.959999,54.200001,43.643005
2014-09-03,54.389999,54.029999,54.130001,43.586643
2014-09-04,54.549999,54.049999,54.150002,43.602745
2014-09-05,54.340000,53.869999,54.330002,43.747681
2014-09-08,54.470001,54.230000,54.279999,43.707413
2014-09-09,54.369999,54.020000,54.110001,43.570538
2014-09-10,54.220001,53.860001,54.150002,43.602745
2014-09-11,54.230000,53.910000,54.169998,43.618847
2014-09-12,54.150002,53.840000,53.990002,43.473907
2014-09-15,54.049999,53.709999,53.970001,43.457813
2014-09-16,54.340000,53.709999,54.270000,43.699356
2014-09-17,54.750000,54.230000,54.480000,43.868458
2014-09-18,54.820000,54.580002,54.740002,44.077831
2014-09-19,54.830002,54.349998,54.430000,44.034946
2014-09-22,54.360001,53.759998,53.820000,43.541439
2014-09-23,53.740002,53.360001,53.380001,43.185471
2014-09-24,53.720001,53.189999,53.660000,43.411995
2014-09-25,53.509998,52.810001,52.820000,42.732418
2014-09-26,53.439999,52.830002,53.310001,43.128841
2014-09-29,53.320000,52.750000,53.230000,43.064114
2014-09-30,53.540001,53.060001,53.150002,42.999397
2014-10-01,52.980000,52.029999,52.150002,42.190384
2014-10-02,52.320000,51.619999,52.090000,42.141838
2014-10-03,52.889999,52.400002,52.799999,42.716240
2014-10-06,53.189999,52.490002,52.639999,42.586796
2014-10-07,52.349998,51.360001,51.360001,41.551247
2014-10-08,52.330002,51.009998,52.279999,42.295555
2014-10-09,52.259998,50.980000,51.070000,41.316628
2014-10-10,51.169998,50.310001,50.320000,40.709877
2014-10-13,50.930000,49.500000,49.540001,40.078842
2014-10-14,50.849998,49.820000,50.230000,40.637074
2014-10-15,50.349998,48.830002,50.110001,40.539970
2014-10-16,50.910000,49.150002,50.480000,40.839310
2014-10-17,51.799999,51.220001,51.480000,41.648323
2014-10-20,51.639999,51.209999,51.630001,41.769688
2014-10-21,52.840000,51.959999,52.779999,42.700073
2014-10-22,52.990002,52.040001,52.090000,42.141838
2014-10-23,53.599998,52.750000,53.240002,43.072216
2014-10-24,53.740002,53.090000,53.709999,43.452465
2014-10-27,53.740002,53.230000,53.689999,43.436272
2014-10-28,54.689999,54.009998,54.639999,44.204826
2014-10-29,54.830002,54.040001,54.450001,44.051125
2014-10-30,54.869999,53.990002,54.669998,44.229111
2014-10-31,55.529999,55.049999,55.209999,44.665974
2014-11-03,55.340000,54.900002,55.139999,44.609352
2014-11-04,55.360001,54.919998,55.110001,44.585079
2014-11-05,55.590000,55.139999,55.450001,44.860134
2014-11-06,56.099998,55.470001,56.029999,45.329369
2014-11-07,56.150002,55.849998,56.110001,45.394096
2014-11-10,56.419998,56.090000,56.389999,45.620617
2014-11-11,56.540001,56.169998,56.320000,45.563984
2014-11-12,56.490002,56.080002,56.400002,45.628712
2014-11-13,56.619999,56.070000,56.240002,45.499271
2014-11-14,56.439999,56.130001,56.310001,45.555893
2014-11-17,56.369999,56.060001,56.230000,45.491188
2014-11-18,56.790001,56.200001,56.650002,45.830975
2014-11-19,56.639999,56.270000,56.480000,45.693439
2014-11-20,56.700001,56.119999,56.630001,45.814793
2014-11-21,57.340000,57.049999,57.180000,46.259735
2014-11-24,57.529999,57.200001,57.330002,46.381100
2014-11-25,57.619999,57.290001,57.500000,46.518627
2014-11-26,57.540001,57.279999,57.389999,46.429642
2014-11-28,57.549999,56.830002,56.910000,46.041298
2014-12-01,56.730000,56.040001,56.180000,45.450714
2014-12-02,56.720001,56.169998,56.660000,45.839046
2014-12-03,57.500000,56.700001,57.419998,46.453918
2014-12-04,57.380001,56.880001,57.130001,46.219288
2014-12-05,57.480000,57.090000,57.259998,46.324451
2014-12-08,57.259998,56.450001,56.630001,45.814793
2014-12-09,56.709999,55.840000,56.639999,45.822880
2014-12-10,56.590000,55.500000,55.560001,44.949131
2014-12-11,56.299999,55.389999,55.830002,45.167576
2014-12-12,55.610001,54.790001,54.820000,44.350456
2014-12-15,55.310001,54.349998,54.639999,44.204826
2014-12-16,55.770000,54.509998,54.689999,44.245296
2014-12-17,55.340000,54.139999,55.200001,44.657883
2014-12-18,56.630001,55.770000,56.590000,45.782425
2014-12-19,56.810001,56.310001,56.590000,46.039520
2014-12-22,57.150002,56.720001,57.130001,46.478836
2014-12-23,57.570000,57.240002,57.340000,46.649681
2014-12-24,57.560001,57.349998,57.400002,46.698494
2014-12-26,57.599998,57.400002,57.400002,46.698494
2014-12-29,57.540001,56.910000,57.490002,46.771721
2014-12-30,57.730000,57.070000,57.150002,46.495102
2014-12-31,57.380001,56.549999,56.580002,46.031376
2015-01-02,56.939999,56.020000,56.509998,45.974415
2015-01-05,56.259998,55.070000,55.189999,44.900520
2015-01-06,55.310001,54.160000,54.509998,44.347294
2015-01-07,55.160000,54.650002,54.919998,44.680855
2015-01-08,56.049999,55.290001,56.020000,45.575787
2015-01-09,56.150002,55.330002,55.419998,45.087631
2015-01-12,55.509998,54.790001,55.040001,44.778488
2015-01-13,55.930000,54.410000,54.930000,44.689003
2015-01-14,54.709999,53.980000,54.630001,44.444935
2015-01-15,55.049999,54.330002,54.369999,44.233406
2015-01-16,54.770000,53.889999,54.730000,44.526276
2015-01-20,55.240002,54.529999,55.119999,44.843582
2015-01-21,55.689999,54.919998,55.570000,45.209675
2015-01-22,56.580002,55.590000,56.459999,45.933743
2015-01-23,56.389999,55.939999,55.990002,45.551373
2015-01-26,56.160000,55.599998,56.060001,45.608330
2015-01-27,55.639999,54.869999,55.320000,45.006290
2015-01-28,55.810001,54.770000,54.840000,44.615776
2015-01-29,55.570000,54.529999,55.470001,45.128326
2015-01-30,55.240002,54.520000,54.570000,44.396114
2015-02-02,55.439999,54.209999,55.380001,45.055103
2015-02-03,56.320000,55.660000,56.279999,45.787300
2015-02-04,56.209999,55.680000,55.849998,45.437477
2015-02-05,56.400002,55.880001,56.330002,45.827984
2015-02-06,56.680000,56.070000,56.200001,45.722218
2015-02-09,56.310001,55.880001,56.049999,45.600189
2015-02-10,56.459999,55.889999,56.360001,45.852394
2015-02-11,56.590000,56.139999,56.380001,45.868664
2015-02-12,56.959999,56.509998,56.910000,46.299843
2015-02-13,57.279999,56.860001,57.169998,46.511368
2015-02-17,57.360001,56.980000,57.250000,46.576450
2015-02-18,57.610001,57.200001,57.570000,46.836803
2015-02-19,57.810001,57.389999,57.669998,46.918156
2015-02-20,58.220001,57.220001,58.160000,47.316799
2015-02-23,58.110001,57.810001,57.910000,47.113403
2015-02-24,58.200001,57.770000,58.139999,47.300529
2015-02-25,58.230000,57.939999,58.020000,47.202896
2015-02-26,58.070000,57.630001,57.759998,46.991371
2015-02-27,57.840000,57.490002,57.490002,46.771721
2015-03-02,58.029999,57.490002,58.020000,47.202896
2015-03-03,57.889999,57.419998,57.650002,46.901886
2015-03-04,57.459999,56.939999,57.200001,46.535774
2015-03-05,57.299999,57.029999,57.240002,46.568325
2015-03-06,57.070000,56.389999,56.459999,45.933743
2015-03-09,57.090000,56.459999,56.990002,46.364941
2015-03-10,56.590000,55.939999,55.939999,45.510689
2015-03-11,56.160000,55.840000,55.880001,45.461880
2015-03-12,56.650002,55.980000,56.599998,46.047653
2015-03-13,56.549999,55.750000,56.080002,45.624596
2015-03-16,57.040001,56.310001,57.009998,46.381207
2015-03-17,56.939999,56.580002,56.779999,46.194080
2015-03-18,57.630001,56.250000,57.450001,46.739174
2015-03-19,57.349998,56.849998,57.060001,46.421886
2015-03-20,57.310001,56.950001,57.119999,46.684231
2015-03-23,57.220001,56.639999,56.639999,46.291935
2015-03-24,56.759998,56.349998,56.450001,46.136646
2015-03-25,56.599998,55.490002,55.490002,45.352043
2015-03-26,55.540001,54.950001,55.340000,45.229439
2015-03-27,55.630001,55.200001,55.549999,45.401077
2015-03-30,56.490002,55.709999,56.330002,46.038567
2015-03-31,56.900002,55.740002,55.770000,45.580875
2015-04-01,55.639999,55.070000,55.400002,45.278473
2015-04-02,55.759998,55.250000,55.430000,45.302994
2015-04-06,56.060001,55.020000,55.849998,45.646267
2015-04-07,56.139999,55.720001,55.720001,45.540009
2015-04-08,55.980000,55.590000,55.910000,45.695305
2015-04-09,56.279999,55.639999,56.180000,45.915977
2015-04-10,57.060001,56.529999,56.970001,46.561626
2015-04-13,56.990002,56.400002,56.430000,46.120296
2015-04-14,56.540001,55.900002,56.500000,46.177517
2015-04-15,56.830002,56.520000,56.599998,46.259243
2015-04-16,56.669998,56.270000,56.480000,46.161171
2015-04-17,56.209999,55.599998,55.799999,45.605400
2015-04-20,56.580002,56.000000,56.450001,46.136646
2015-04-21,56.720001,56.139999,56.380001,46.079433
2015-04-22,56.680000,56.020000,56.619999,46.275581
2015-04-23,56.799999,56.310001,56.560001,46.226551
2015-04-24,56.580002,56.169998,56.320000,46.030388
2015-04-27,56.540001,56.230000,56.299999,46.014053
2015-04-28,56.419998,55.790001,56.400002,46.095783
2015-04-29,56.630001,55.790001,56.119999,45.866932
2015-04-30,56.110001,55.439999,55.630001,45.466461
2015-05-01,56.360001,55.810001,56.330002,46.038567
2015-05-04,56.740002,56.349998,56.419998,46.112118
2015-05-05,56.520000,55.599998,55.660000,45.490978
2015-05-06,55.980000,55.320000,55.630001,45.466461
2015-05-07,56.049999,55.459999,55.919998,45.703480
2015-05-08,56.740002,56.360001,56.580002,46.242897
2015-05-11,56.770000,56.480000,56.529999,46.202030
2015-05-12,56.660000,56.099998,56.470001,46.152985
2015-05-13,56.970001,56.509998,56.590000,46.251076
2015-05-14,57.220001,56.790001,57.160000,46.716919
2015-05-15,57.270000,56.939999,57.110001,46.676060
2015-05-18,57.290001,56.980000,57.220001,46.765976
2015-05-19,57.290001,56.980000,57.060001,46.635208
2015-05-20,57.130001,56.759998,56.849998,46.463566
2015-05-21,57.279999,56.779999,57.160000,46.716919
2015-05-22,57.189999,56.880001,56.900002,46.504414
2015-05-26,56.810001,56.139999,56.279999,45.997696
2015-05-27,56.709999,56.290001,56.639999,46.291935
2015-05-28,56.540001,56.160000,56.369999,46.071236
2015-05-29,56.340000,55.700001,55.810001,45.613575
2015-06-01,56.250000,55.669998,56.060001,45.817909
2015-06-02,56.410000,55.730000,56.169998,45.907799
2015-06-03,56.639999,56.130001,56.450001,46.136646
2015-06-04,56.330002,55.730000,55.820000,45.621758
2015-06-05,55.930000,55.500000,55.860001,45.654453
2015-06-08,55.860001,55.439999,55.450001,45.319340
2015-06-09,55.680000,55.299999,55.439999,45.311180
2015-06-10,56.139999,55.580002,55.990002,45.760685
2015-06-11,56.340000,56.049999,56.310001,46.022221
2015-06-12,56.169998,55.830002,55.980000,45.752514
2015-06-15,55.730000,55.250000,55.509998,45.368366
2015-06-16,55.650002,55.330002,55.560001,45.409248
2015-06-17,55.830002,55.259998,55.709999,45.531837
2015-06-18,56.470001,55.580002,56.270000,45.989525
2015-06-19,56.090000,55.720001,55.720001,45.766109
2015-06-22,56.200001,55.939999,56.060001,46.045395
2015-06-23,56.169998,55.840000,55.919998,45.930401
2015-06-24,55.889999,55.389999,55.400002,45.503284
2015-06-25,55.570000,54.970001,54.970001,45.150105
2015-06-26,55.240002,54.950001,55.070000,45.232246
2015-06-29,54.840000,54.000000,54.029999,44.378014
2015-06-30,54.570000,53.970001,54.060001,44.402672
2015-07-01,54.700001,54.060001,54.330002,44.624439
2015-07-02,54.520000,54.130001,54.230000,44.542290
2015-07-06,54.380001,53.770000,54.020000,44.369820
2015-07-07,54.490002,53.450001,54.459999,44.731205
2015-07-08,54.080002,53.349998,53.480000,43.926273
2015-07-09,54.259998,53.610001,53.610001,44.033054
2015-07-10,54.369999,53.959999,54.169998,44.493011
2015-07-13,54.799999,54.529999,54.770000,44.985828
2015-07-14,55.009998,54.610001,54.919998,45.109035
2015-07-15,54.939999,54.580002,54.689999,44.920124
2015-07-16,55.110001,54.840000,54.939999,45.125458
2015-07-17,55.150002,54.779999,54.919998,45.109035
2015-07-20,55.049999,54.840000,54.930000,45.117252
2015-07-21,54.709999,54.279999,54.340000,44.632656
2015-07-22,54.520000,53.959999,54.099998,44.435513
2015-07-23,54.200001,53.470001,53.599998,44.024841
2015-07-24,53.619999,52.810001,52.900002,43.449890
2015-07-27,52.799999,52.459999,52.639999,43.236332
2015-07-28,53.740002,52.840000,53.660000,44.074116
2015-07-29,54.360001,53.529999,54.320000,44.616203
2015-07-30,54.320000,53.970001,54.270000,44.575142
2015-07-31,54.500000,54.160000,54.220001,44.534081
2015-08-03,54.230000,53.689999,53.959999,44.320530
2015-08-04,54.259998,53.799999,53.930000,44.295883
2015-08-05,54.580002,54.150002,54.230000,44.542290
2015-08-06,54.320000,53.840000,53.950001,44.312305
2015-08-07,53.950001,53.529999,53.689999,44.098766
2015-08-10,54.770000,54.090000,54.740002,44.961182
2015-08-11,54.320000,53.860001,54.070000,44.410877
2015-08-12,54.180000,53.240002,54.080002,44.419102
2015-08-13,54.220001,53.820000,54.040001,44.386246
2015-08-14,54.410000,53.959999,54.380001,44.665504
2015-08-17,54.650002,53.869999,54.650002,44.887260
2015-08-18,54.639999,54.349998,54.549999,44.805134
2015-08-19,54.520000,53.849998,54.040001,44.386246
2015-08-20,53.709999,52.910000,52.919998,43.466316
2015-08-21,52.570000,51.459999,51.459999,42.267136
2015-08-24,51.060001,47.599998,49.630001,40.764038
2015-08-25,51.490002,48.950001,48.980000,40.230156
2015-08-26,50.570000,49.150002,50.509998,41.486832
2015-08-27,51.770000,50.470001,51.730000,42.488895
2015-08-28,51.820000,51.259998,51.750000,42.505322
2015-08-31,51.730000,51.110001,51.290001,42.127506
2015-09-01,50.779999,49.680000,49.930000,41.010452
2015-09-02,51.049999,50.209999,51.040001,41.922146
2015-09-03,51.580002,50.930000,51.070000,41.946796
2015-09-04,50.660000,50.180000,50.360001,41.363651
2015-09-08,51.779999,51.020000,51.750000,42.505322
2015-09-09,53.049999,51.119999,51.200001,42.053581
2015-09-10,51.590000,50.990002,51.230000,42.078224
2015-09-11,51.509998,50.990002,51.509998,42.308197
2015-09-14,51.610001,51.139999,51.250000,42.094646
2015-09-15,52.240002,51.349998,52.139999,42.825657
2015-09-16,52.619999,52.060001,52.520000,43.137764
2015-09-17,53.119999,52.160000,52.290001,42.948864
2015-09-18,51.470001,50.770000,50.860001,42.000034
2015-09-21,51.450001,50.869999,51.110001,42.206478
2015-09-22,50.549999,50.040001,50.369999,41.595383
2015-09-23,50.490002,49.840000,50.020000,41.306351
2015-09-24,49.830002,49.040001,49.709999,41.050354
2015-09-25,50.220001,49.599998,49.810001,41.132927
2015-09-28,49.590000,48.830002,48.830002,40.323650
2015-09-29,49.330002,48.810001,49.150002,40.587917
2015-09-30,49.950001,49.270000,49.889999,41.198994
2015-10-01,50.130001,49.310001,49.779999,41.108177
2015-10-02,50.410000,48.990002,50.410000,41.628410
2015-10-05,51.959999,50.709999,51.840000,42.809307
2015-10-06,52.110001,51.720001,51.790001,42.768017
2015-10-07,52.709999,51.959999,52.470001,43.329559
2015-10-08,53.360001,52.180000,53.200001,43.932384
2015-10-09,53.759998,53.209999,53.380001,44.081017
2015-10-12,53.439999,53.119999,53.389999,44.089287
2015-10-13,53.310001,52.799999,52.820000,43.618587
2015-10-14,52.919998,52.169998,52.250000,43.147873
2015-10-15,52.849998,52.200001,52.820000,43.618587
2015-10-16,53.000000,52.320000,52.549999,43.395607
2015-10-19,52.680000,52.270000,52.619999,43.453419
2015-10-20,53.139999,52.340000,52.970001,43.742470
2015-10-21,53.580002,52.910000,52.980000,43.750698
2015-10-22,54.669998,53.110001,54.459999,44.972885
2015-10-23,54.860001,54.310001,54.660000,45.138046
2015-10-26,54.820000,54.419998,54.540001,45.038960
2015-10-27,54.200001,53.830002,53.939999,44.543472
2015-10-28,54.400002,53.709999,54.369999,44.898567
2015-10-29,54.419998,54.029999,54.340000,44.873787
2015-10-30,54.560001,54.250000,54.270000,44.815975
2015-11-02,55.009998,54.279999,54.900002,45.336239
2015-11-03,55.090000,54.730000,54.939999,45.369274
2015-11-04,55.099998,54.680000,54.790001,45.245396
2015-11-05,55.000000,54.470001,54.860001,45.303204
2015-11-06,54.869999,54.290001,54.860001,45.303204
2015-11-09,54.689999,53.919998,54.439999,44.956367
2015-11-10,54.610001,53.980000,54.430000,44.948112
2015-11-11,54.790001,54.389999,54.500000,45.005909
2015-11-12,54.480000,53.750000,53.759998,44.394825
2015-11-13,53.959999,53.430000,53.520000,44.196632
2015-11-16,54.250000,53.240002,54.209999,44.766441
2015-11-17,54.480000,53.939999,54.099998,44.675598
2015-11-18,54.869999,54.150002,54.849998,45.294941
2015-11-19,55.139999,54.720001,55.090000,45.493141
2015-11-20,55.560001,55.160000,55.369999,45.724361
2015-11-23,55.490002,54.950001,55.090000,45.493141
2015-11-24,55.130001,54.540001,55.000000,45.418823
2015-11-25,55.160000,54.900002,55.000000,45.418823
2015-11-27,55.169998,54.860001,55.099998,45.501392
2015-11-30,55.139999,54.709999,54.740002,45.204113
2015-12-01,55.180000,54.689999,55.000000,45.418823
2015-12-02,55.060001,54.330002,54.439999,44.956367
2015-12-03,54.610001,53.560001,53.759998,44.394825
2015-12-04,54.570000,53.720001,54.560001,45.055466
2015-12-07,54.570000,54.099998,54.290001,44.832504
2015-12-08,53.840000,53.320000,53.419998,44.114063
2015-12-09,53.900002,52.910000,53.259998,43.981937
2015-12-10,53.860001,53.209999,53.509998,44.188381
2015-12-11,53.209999,52.529999,52.610001,43.445168
2015-12-14,52.880001,52.130001,52.799999,43.602070
2015-12-15,53.150002,52.680000,52.810001,43.610321
2015-12-16,53.869999,52.959999,53.750000,44.386578
2015-12-17,54.009998,52.860001,52.860001,43.651608
2015-12-18,52.430000,51.700001,51.740002,42.986134
2015-12-21,52.360001,51.830002,52.139999,43.318470
2015-12-22,52.980000,52.230000,52.860001,43.916637
2015-12-23,53.520000,52.959999,53.480000,44.431740
2015-12-24,53.599998,53.290001,53.459999,44.415131
2015-12-28,53.450001,52.990002,53.340000,44.315430
2015-12-29,53.950001,53.529999,53.849998,44.739151
2015-12-30,53.849998,53.330002,53.400002,44.365292
2015-12-31,53.450001,52.919998,53.009998,44.041245
2016-01-04,52.320000,51.709999,52.299999,43.451393
2016-01-05,52.529999,51.970001,52.439999,43.567703
2016-01-06,52.060001,51.310001,51.630001,42.894741
2016-01-07,51.099998,50.090000,50.230000,41.731625
2016-01-08,50.709999,49.650002,49.720001,41.307896
2016-01-11,50.090000,49.279999,49.750000,41.332817
2016-01-12,50.240002,49.509998,50.150002,41.665138
2016-01-13,50.480000,48.799999,48.939999,40.659863
2016-01-14,49.869999,48.599998,49.520000,41.141727
2016-01-15,48.840000,48.020000,48.650002,40.418941
2016-01-19,49.270000,48.189999,48.639999,40.410614
2016-01-20,48.430000,46.820000,48.009998,39.887192
2016-01-21,48.680000,47.660000,48.220001,40.061687
2016-01-22,48.990002,48.220001,48.639999,40.410614
2016-01-25,48.650002,47.959999,48.040001,39.912132
2016-01-26,48.970001,48.139999,48.950001,40.668167
2016-01-27,49.279999,48.139999,48.400002,40.211231
2016-01-28,48.810001,48.180000,48.680000,40.443851
2016-01-29,50.009998,48.880001,49.990002,41.532219
2016-02-01,50.119999,49.270000,49.869999,41.432518
2016-02-02,49.419998,48.709999,48.869999,40.601711
2016-02-03,49.740002,48.349998,49.660000,41.258053
2016-02-04,50.910000,49.549999,50.520000,41.972557
2016-02-05,50.540001,49.799999,50.040001,41.573761
2016-02-08,49.759998,48.970001,49.619999,41.224823
2016-02-09,50.259998,49.040001,49.919998,41.474060
2016-02-10,50.509998,49.639999,49.660000,41.258053
2016-02-11,49.360001,48.110001,48.689999,40.452168
2016-02-12,49.680000,48.880001,49.669998,41.266354
2016-02-16,50.730000,49.869999,50.669998,42.097168
2016-02-17,51.639999,50.849998,51.450001,42.745209
2016-02-18,51.610001,51.230000,51.419998,42.720276
2016-02-19,51.380001,50.889999,51.320000,42.637188
2016-02-22,52.439999,51.799999,52.189999,43.359997
2016-02-23,52.160000,51.560001,51.669998,42.927967
2016-02-24,51.830002,50.740002,51.700001,42.952908
2016-02-25,52.400002,51.689999,52.380001,43.517853
2016-02-26,52.849998,52.439999,52.450001,43.576008
2016-02-29,52.720001,52.099998,52.119999,43.301834
2016-03-01,53.220001,52.330002,53.139999,44.149258
2016-03-02,53.240002,52.910000,53.180000,44.182491
2016-03-03,53.610001,53.060001,53.560001,44.498199
2016-03-04,54.099998,53.410000,53.779999,44.680984
2016-03-07,53.959999,53.419998,53.939999,44.813911
2016-03-08,53.540001,53.099998,53.180000,44.182491
2016-03-09,53.500000,53.169998,53.349998,44.323738
2016-03-10,53.709999,52.820000,53.270000,44.257278
2016-03-11,54.169998,53.720001,54.040001,44.897003
2016-03-14,54.230000,53.840000,54.090000,44.938538
2016-03-15,54.060001,53.529999,54.060001,44.913616
2016-03-16,54.570000,53.810001,54.250000,45.071465
2016-03-17,55.619999,54.259998,55.439999,46.060120
2016-03-18,55.750000,55.240002,55.630001,46.455120
2016-03-21,55.959999,55.490002,55.959999,46.730694
2016-03-22,55.810001,55.400002,55.639999,46.463486
2016-03-23,55.590000,55.230000,55.279999,46.162842
2016-03-24,55.119999,54.740002,55.119999,46.029236
2016-03-28,55.279999,54.889999,55.139999,46.045937
2016-03-29,55.509998,54.720001,55.500000,46.346554
2016-03-30,56.029999,55.599998,55.599998,46.430069
2016-03-31,55.790001,55.400002,55.470001,46.321507
2016-04-01,55.730000,54.750000,55.730000,46.538616
2016-04-04,55.610001,55.000000,55.099998,46.012527
2016-04-05,55.009998,54.560001,54.759998,45.728603
2016-04-06,55.029999,54.250000,55.029999,45.954098
2016-04-07,54.860001,54.330002,54.500000,45.511486
2016-04-08,55.320000,54.669998,54.709999,45.686859
2016-04-11,55.340000,54.709999,54.730000,45.703552
2016-04-12,55.330002,54.660000,55.049999,45.970783
2016-04-13,56.020000,55.490002,55.869999,46.655537
2016-04-14,56.200001,55.889999,55.970001,46.739056
2016-04-15,56.099998,55.900002,56.049999,46.805859
2016-04-18,56.290001,55.709999,56.099998,46.847588
2016-04-19,56.720001,56.279999,56.500000,47.181644
2016-04-20,56.709999,56.259998,56.410000,47.106472
2016-04-21,56.599998,56.209999,56.270000,46.989571
2016-04-22,56.500000,56.139999,56.410000,47.106472
2016-04-25,56.380001,55.869999,56.139999,46.881008
2016-04-26,56.639999,56.240002,56.639999,47.298531
2016-04-27,57.180000,56.480000,57.040001,47.632580
2016-04-28,57.139999,56.360001,56.490002,47.173286
2016-04-29,56.400002,55.820000,56.160000,46.897713
2016-05-02,56.490002,56.020000,56.450001,47.139870
2016-05-03,56.080002,55.599998,55.990002,46.755756
2016-05-04,55.730000,55.060001,55.299999,46.179558
2016-05-05,55.590000,55.150002,55.270000,46.154491
2016-05-06,55.680000,54.939999,55.639999,46.463486
2016-05-09,55.630001,55.270000,55.389999,46.254692
2016-05-10,56.349998,55.549999,56.340000,47.048023
2016-05-11,56.480000,55.869999,55.869999,46.655537
2016-05-12,56.130001,55.410000,55.750000,46.555325
2016-05-13,55.880001,54.900002,55.049999,45.970783
2016-05-16,55.900002,55.049999,55.730000,46.538616
2016-05-17,56.040001,55.270000,55.459999,46.313160
2016-05-18,55.759998,54.959999,55.270000,46.154491
2016-05-19,55.029999,54.389999,54.750000,45.720253
2016-05-20,55.320000,54.959999,55.029999,45.954098
2016-05-23,55.150002,54.740002,54.930000,45.870567
2016-05-24,55.660000,55.139999,55.500000,46.346554
2016-05-25,56.029999,55.599998,55.880001,46.663887
2016-05-26,56.110001,55.720001,55.720001,46.530273
2016-05-27,55.950001,55.779999,55.930000,46.705643
2016-05-31,56.160000,55.709999,55.919998,46.697300
2016-06-01,56.000000,55.410000,55.970001,46.739056
2016-06-02,56.070000,55.720001,56.040001,46.797501
2016-06-03,56.130001,55.549999,55.990002,46.755756
2016-06-06,56.570000,56.080002,56.520000,47.198334
2016-06-07,56.959999,56.529999,56.790001,47.423809
2016-06-08,57.220001,56.860001,57.150002,47.724426
2016-06-09,57.169998,56.779999,57.139999,47.716076
2016-06-10,56.810001,56.320000,56.470001,47.156578
2016-06-13,56.520000,55.860001,55.860001,46.647198
2016-06-14,56.040001,55.540001,55.869999,46.655537
2016-06-15,56.330002,55.840000,55.889999,46.672226
2016-06-16,56.130001,55.209999,55.990002,46.755756
2016-06-17,55.919998,55.459999,55.730000,46.795208
2016-06-20,56.759998,56.150002,56.240002,47.223446
2016-06-21,56.389999,56.099998,56.200001,47.189873
2016-06-22,56.410000,56.000000,56.040001,47.055511
2016-06-23,56.730000,56.380001,56.689999,47.601307
2016-06-24,55.480000,54.230000,54.380001,45.661648
2016-06-27,54.119999,52.779999,53.099998,44.586857
2016-06-28,54.000000,53.389999,54.000000,45.342579
2016-06-29,55.040001,54.419998,54.959999,46.148670
2016-06-30,56.029999,54.860001,56.009998,47.030323
2016-07-01,56.459999,55.990002,56.189999,47.181465
2016-07-05,56.270000,55.419998,55.680000,46.753223
2016-07-06,56.000000,55.090000,55.959999,46.988346
2016-07-07,56.380001,55.869999,56.110001,47.114304
2016-07-08,57.330002,56.139999,57.230000,48.054737
2016-07-11,57.720001,57.270000,57.590000,48.357018
2016-07-12,58.209999,57.779999,58.119999,48.802036
2016-07-13,58.310001,57.900002,58.259998,48.919605
2016-07-14,58.869999,58.459999,58.700001,49.289055
2016-07-15,58.919998,58.549999,58.689999,49.280659
2016-07-18,58.750000,58.450001,58.639999,49.238674
2016-07-19,58.750000,58.349998,58.669998,49.263863
2016-07-20,58.990002,58.599998,58.779999,49.356216
2016-07-21,58.689999,58.070000,58.180000,48.852417
2016-07-22,58.299999,57.700001,58.290001,48.944790
2016-07-25,58.160000,57.799999,57.980000,48.684486
2016-07-26,58.549999,57.980000,58.459999,49.087532
2016-07-27,58.639999,58.009998,58.230000,48.894402
2016-07-28,58.340000,57.820000,58.209999,48.877609
2016-07-29,58.240002,57.830002,58.040001,48.734867
2016-08-01,58.180000,57.750000,57.970001,48.676094
2016-08-02,57.959999,57.270000,57.430000,48.222656
2016-08-03,57.730000,57.400002,57.709999,48.457767
2016-08-04,57.959999,57.639999,57.730000,48.474556
2016-08-05,58.369999,57.980000,58.310001,48.961578
2016-08-08,58.630001,58.270000,58.389999,49.028763
2016-08-09,58.540001,58.270000,58.369999,49.011959
2016-08-10,58.529999,58.180000,58.340000,48.986771
2016-08-11,58.820000,58.480000,58.720001,49.305862
2016-08-12,58.680000,58.459999,58.560001,49.171501
2016-08-15,59.020000,58.689999,58.950001,49.498959
2016-08-16,58.900002,58.639999,58.689999,49.280659
2016-08-17,58.919998,58.549999,58.860001,49.423401
2016-08-18,59.040001,58.730000,59.040001,49.574543
2016-08-19,59.099998,58.669998,59.020000,49.557751
2016-08-22,59.099998,58.770000,58.970001,49.515766
2016-08-23,59.340000,59.020000,59.020000,49.557751
2016-08-24,59.009998,58.740002,58.840000,49.406620
2016-08-25,58.980000,58.650002,58.830002,49.398220
2016-08-26,59.250000,58.480000,58.660000,49.255470
2016-08-29,59.090000,58.669998,59.080002,49.608131
2016-08-30,59.080002,58.770000,58.919998,49.473785
2016-08-31,58.820000,58.369999,58.590000,49.196693
2016-09-01,58.810001,58.189999,58.639999,49.238674
2016-09-02,59.130001,58.740002,58.930000,49.482189
2016-09-06,58.990002,58.480000,58.759998,49.339432
2016-09-07,58.910000,58.560001,58.830002,49.398220
2016-09-08,58.810001,58.599998,58.779999,49.356216
2016-09-09,58.369999,57.119999,57.119999,47.962357
2016-09-12,58.029999,56.709999,57.849998,48.575314
2016-09-13,57.610001,56.880001,57.000000,47.861610
2016-09-14,57.369999,56.779999,56.950001,47.819622
2016-09-15,57.509998,56.750000,57.400002,48.197472
2016-09-16,57.049999,56.500000,56.610001,47.793911
2016-09-19,57.240002,56.740002,56.860001,48.004978
2016-09-20,57.330002,56.900002,56.910000,48.047184
2016-09-21,57.730000,56.980000,57.650002,48.671940
2016-09-22,58.259998,57.950001,58.060001,49.018101
2016-09-23,57.990002,57.669998,57.720001,48.731049
2016-09-26,57.689999,57.340000,57.470001,48.519985
2016-09-27,57.950001,57.290001,57.869999,48.857693
2016-09-28,58.349998,57.810001,58.320000,49.237606
2016-09-29,58.520000,57.750000,57.860001,48.849247
2016-09-30,58.599998,58.060001,58.380001,49.288280
2016-10-03,58.500000,58.080002,58.430000,49.330479
2016-10-04,58.619999,57.840000,57.939999,48.916794
2016-10-05,58.430000,57.970001,58.310001,49.229149
2016-10-06,58.380001,58.029999,58.310001,49.229149
2016-10-07,57.939999,57.310001,57.560001,48.595963
2016-10-10,58.000000,57.549999,57.619999,48.646626
2016-10-11,57.549999,56.770000,57.020000,48.140068
2016-10-12,57.290001,56.860001,57.130001,48.232948
2016-10-13,57.250000,56.509998,57.110001,48.216053
2016-10-14,57.660000,57.209999,57.230000,48.317368
2016-10-17,57.380001,57.049999,57.080002,48.190720
2016-10-18,57.599998,57.139999,57.200001,48.292019
2016-10-19,57.549999,57.169998,57.380001,48.443989
2016-10-20,57.320000,56.959999,57.070000,48.182278
2016-10-21,57.029999,56.400002,56.990002,48.114738
2016-10-24,57.520000,57.090000,57.099998,48.207619
2016-10-25,57.130001,56.810001,56.950001,48.080959
2016-10-26,57.450001,56.599998,57.150002,48.249809
2016-10-27,57.369999,56.610001,56.759998,47.920570
2016-10-28,57.470001,56.810001,57.099998,48.207619
2016-10-31,57.430000,57.169998,57.209999,48.300484
2016-11-01,57.330002,56.380001,56.720001,47.886772
2016-11-02,56.930000,56.369999,56.509998,47.709484
2016-11-03,56.770000,56.270000,56.419998,47.633503
2016-11-04,56.950001,56.299999,56.470001,47.675709
2016-11-07,57.880001,57.310001,57.860001,48.849247
2016-11-08,58.389999,57.759998,58.209999,49.144737
2016-11-09,59.959999,58.080002,59.669998,50.377365
2016-11-10,61.040001,60.130001,60.939999,51.449585
2016-11-11,61.080002,60.529999,61.049999,51.542465
2016-11-14,61.540001,61.200001,61.310001,51.761963
2016-11-15,61.540001,60.970001,61.540001,51.956154
2016-11-16,61.480000,60.980000,61.189999,51.660664
2016-11-17,61.349998,61.139999,61.320000,51.770405
2016-11-18,61.380001,61.110001,61.299999,51.753521
2016-11-21,61.660000,61.369999,61.630001,52.032139
2016-11-22,61.959999,61.709999,61.910000,52.268520
2016-11-23,62.439999,61.990002,62.369999,52.656895
2016-11-25,62.709999,62.450001,62.709999,52.943939
2016-11-28,62.610001,62.209999,62.279999,52.580887
2016-11-29,62.529999,62.060001,62.330002,52.623116
2016-11-30,62.849998,62.389999,62.410000,52.690662
2016-12-01,63.009998,62.410000,62.820000,53.036812
2016-12-02,63.029999,62.669998,62.810001,53.028374
2016-12-05,63.189999,62.630001,62.759998,52.986145
2016-12-06,62.950001,62.509998,62.880001,53.087460
2016-12-07,64.070000,62.860001,64.050003,54.075260
2016-12-08,64.050003,63.560001,63.689999,53.771317
2016-12-09,64.040001,63.660000,63.980000,54.016148
2016-12-12,63.869999,63.320000,63.750000,53.821976
2016-12-13,64.010002,63.450001,63.660000,53.745995
2016-12-14,63.810001,62.950001,63.020000,53.205666
2016-12-15,63.540001,62.919998,63.090000,53.264763
2016-12-16,63.029999,62.470001,62.580002,53.157730
2016-12-19,62.970001,62.610001,62.930000,53.455021
2016-12-20,63.320000,63.040001,63.290001,53.760830
2016-12-21,63.279999,63.029999,63.049999,53.556965
2016-12-22,63.080002,62.779999,62.930000,53.455021
2016-12-23,63.060001,62.869999,62.990002,53.505997
2016-12-27,63.230000,62.990002,63.119999,53.616428
2016-12-28,63.240002,62.450001,62.459999,53.055798
2016-12-29,62.750000,62.330002,62.439999,53.038807
2016-12-30,62.750000,62.020000,62.220001,52.851936
2017-01-03,63.060001,62.349998,62.590000,53.166225
2017-01-04,63.080002,62.680000,62.959999,53.480507
2017-01-05,63.270000,62.439999,62.779999,53.327621
2017-01-06,63.310001,62.580002,63.139999,53.633411
2017-01-09,63.070000,62.619999,62.650002,53.217186
2017-01-10,63.150002,62.630001,62.910000,53.438049
2017-01-11,63.299999,62.880001,63.240002,53.718357
2017-01-12,63.240002,62.369999,62.980000,53.497498
2017-01-13,63.279999,63.000000,63.220001,53.701382
2017-01-17,62.990002,62.549999,62.730000,53.285160
2017-01-18,63.090000,62.509998,62.970001,53.489006
2017-01-19,63.750000,63.060001,63.430000,53.879749
2017-01-20,63.509998,63.080002,63.439999,53.888241
2017-01-23,63.500000,62.740002,63.090000,53.590946
2017-01-24,63.869999,63.020000,63.720001,54.126099
2017-01-25,64.470001,64.029999,64.389999,54.695210
2017-01-26,64.849998,64.269997,64.540001,54.822628
2017-01-27,64.769997,64.379997,64.489998,54.780151
2017-01-30,64.239998,63.439999,63.939999,54.312950
2017-01-31,63.720001,63.060001,63.380001,53.837276
2017-02-01,63.709999,62.950001,63.270000,53.743835
2017-02-02,63.340000,62.889999,63.150002,53.641914
2017-02-03,63.700001,63.240002,63.619999,54.041134
2017-02-06,63.869999,63.490002,63.709999,54.117596
2017-02-07,64.160004,63.720001,63.820000,54.211037
2017-02-08,63.820000,63.520000,63.730000,54.134586
2017-02-09,64.379997,63.730000,64.220001,54.550808
2017-02-10,64.790001,64.370003,64.730003,54.984024
2017-02-13,65.500000,64.970001,65.379997,55.536152
2017-02-14,65.410004,65.050003,65.410004,55.561630
2017-02-15,65.830002,65.290001,65.760002,55.858925
2017-02-16,65.790001,65.339996,65.779999,55.875931
2017-02-17,65.889999,65.410004,65.889999,55.969349
2017-02-21,66.279999,65.900002,66.220001,56.249672
2017-02-22,66.139999,65.849998,66.040001,56.096786
2017-02-23,66.220001,65.389999,65.610001,55.731529
2017-02-24,65.900002,65.169998,65.889999,55.969349
2017-02-27,66.180000,65.730003,66.129997,56.173225
2017-02-28,66.260002,65.739998,65.860001,55.943871
2017-03-01,67.190002,66.419998,66.970001,56.886761
2017-03-02,67.050003,66.230003,66.250000,56.275158
2017-03-03,66.430000,66.010002,66.320000,56.334629
2017-03-06,66.239998,65.889999,66.160004,56.198719
2017-03-07,66.239998,65.879997,65.970001,56.037319
2017-03-08,66.099998,65.629997,65.739998,55.841949
2017-03-09,65.860001,65.160004,65.440002,55.587112
2017-03-10,65.839996,65.320000,65.839996,55.926888
2017-03-13,65.930000,65.610001,65.800003,55.892906
2017-03-14,65.660004,65.050003,65.180000,55.366264
2017-03-15,66.139999,65.250000,65.919998,55.994854
2017-03-16,66.150002,65.570000,65.620003,55.740028
2017-03-17,65.849998,65.389999,65.680000,56.044640
2017-03-20,65.820000,65.489998,65.559998,55.942238
2017-03-21,65.790001,64.470001,64.559998,55.088943
2017-03-22,64.919998,64.330002,64.790001,55.285225
2017-03-23,65.129997,64.570000,64.699997,55.208416
2017-03-24,64.949997,64.250000,64.529999,55.063354
2017-03-27,64.419998,63.549999,64.300003,54.867107
2017-03-28,65.190002,64.099998,64.980003,55.447346
2017-03-29,65.029999,64.739998,64.970001,55.438812
2017-03-30,65.410004,64.900002,65.330002,55.745991
2017-03-31,65.379997,65.059998,65.059998,55.515598
2017-04-03,65.300003,64.510002,64.919998,55.396137
2017-04-04,65.089996,64.769997,65.089996,55.541203
2017-04-05,65.879997,64.790001,64.879997,55.362003
2017-04-06,65.360001,64.800003,65.059998,55.515598
2017-04-07,65.400002,65.000000,65.129997,55.575329
2017-04-10,65.669998,65.150002,65.290001,55.711872
2017-04-11,65.400002,64.769997,65.379997,55.788651
2017-04-12,65.440002,64.440002,64.480003,55.020679
2017-04-13,64.639999,64.019997,64.019997,54.628174
2017-04-17,64.750000,64.139999,64.720001,55.225483
2017-04-18,64.769997,64.239998,64.510002,55.046272
2017-04-19,64.970001,64.449997,64.570000,55.097488
2017-04-20,65.570000,64.879997,65.349998,55.763054
2017-04-21,65.610001,65.220001,65.410004,55.814255
2017-04-24,66.430000,66.099998,66.339996,56.607811
2017-04-25,66.839996,66.440002,66.660004,56.880886
2017-04-26,67.040001,66.610001,66.669998,56.889408
2017-04-27,66.870003,66.389999,66.650002,56.872353
2017-04-28,66.889999,66.260002,66.339996,56.607811
2017-05-01,66.480003,65.989998,66.139999,56.437153
2017-05-02,66.500000,66.180000,66.459999,56.710224
2017-05-03,66.610001,66.139999,66.510002,56.752876
2017-05-04,66.760002,66.199997,66.580002,56.812626
2017-05-05,66.940002,66.529999,66.919998,57.102737
2017-05-08,66.970001,66.639999,66.739998,56.949142
2017-05-09,67.000000,66.750000,66.830002,57.025951
2017-05-10,66.870003,66.410004,66.690002,56.906479
2017-05-11,66.760002,66.080002,66.669998,56.889408
2017-05-12,66.500000,66.139999,66.300003,56.573692
2017-05-15,66.660004,66.300003,66.610001,56.838219
2017-05-16,66.750000,66.279999,66.540001,56.778484
2017-05-17,66.010002,65.190002,65.209999,55.643597
2017-05-18,65.690002,64.650002,65.300003,55.720383
2017-05-19,66.459999,65.510002,66.160004,56.454239
2017-05-22,66.760002,66.470001,66.669998,56.889408
2017-05-23,66.870003,66.500000,66.809998,57.008873
2017-05-24,67.129997,66.669998,66.889999,57.077145
2017-05-25,67.419998,66.989998,67.330002,57.452595
2017-05-26,67.500000,67.220001,67.410004,57.520851
2017-05-30,67.480003,67.129997,67.389999,57.503796
2017-05-31,67.540001,67.059998,67.519997,57.614697
2017-06-01,68.120003,67.480003,67.940002,57.973103
2017-06-02,68.580002,68.050003,68.209999,58.203495
2017-06-05,68.320000,67.940002,67.970001,57.998703
2017-06-06,67.849998,67.510002,67.510002,57.606171
2017-06-07,67.650002,67.129997,67.430000,57.537907
2017-06-08,67.800003,67.339996,67.650002,57.725662
2017-06-09,68.010002,67.559998,67.910004,57.947506
2017-06-12,68.250000,67.709999,68.160004,58.160824
2017-06-13,68.470001,68.160004,68.440002,58.399750
2017-06-14,68.599998,68.139999,68.370003,58.340019
2017-06-15,68.779999,67.949997,68.779999,58.689880
2017-06-16,68.720001,68.430000,68.680000,58.881916
2017-06-19,69.190002,68.820000,69.099998,59.241997
2017-06-20,69.010002,68.349998,68.360001,58.607574
2017-06-21,68.470001,67.820000,67.900002,58.213200
2017-06-22,67.989998,67.760002,67.760002,58.093178
2017-06-23,68.160004,67.669998,68.010002,58.307487
2017-06-26,68.519997,67.980003,68.029999,58.324638
2017-06-27,68.019997,67.500000,67.519997,57.887398
2017-06-28,68.290001,67.820000,68.129997,58.410393
2017-06-29,68.260002,67.169998,67.550003,57.913124
2017-06-30,68.440002,67.809998,68.110001,58.393238
2017-07-03,68.769997,68.320000,68.529999,58.753300
2017-07-05,68.820000,68.419998,68.730003,58.924789
2017-07-06,68.650002,68.050003,68.129997,58.410393
2017-07-07,68.870003,68.239998,68.660004,58.864765
2017-07-10,69.180000,68.529999,68.860001,59.036247
2017-07-11,68.910004,68.320000,68.800003,58.984783
2017-07-12,69.500000,69.099998,69.180000,59.310585
2017-07-13,69.400002,68.970001,69.129997,59.267704
2017-07-14,69.580002,69.110001,69.430000,59.524921
2017-07-17,69.500000,69.190002,69.389999,59.490627
2017-07-18,69.370003,69.029999,69.230003,59.353447
2017-07-19,69.300003,69.000000,69.300003,59.413452
2017-07-20,69.400002,68.820000,68.910004,59.079102
2017-07-21,68.809998,68.339996,68.779999,58.967659
2017-07-24,68.809998,68.529999,68.629997,58.839066
2017-07-25,68.980003,68.339996,68.540001,58.761871
2017-07-26,68.739998,68.470001,68.629997,58.839066
2017-07-27,68.559998,67.910004,68.239998,58.504700
2017-07-28,68.449997,68.019997,68.400002,58.641853
2017-07-31,68.750000,68.290001,68.309998,58.564678
2017-08-01,68.489998,67.910004,68.110001,58.393238
2017-08-02,68.430000,68.000000,68.410004,58.650452
2017-08-03,68.750000,68.279999,68.750000,58.941933
2017-08-04,68.910004,68.599998,68.879997,59.053394
2017-08-07,68.970001,68.720001,68.879997,59.053394
2017-08-08,69.070000,68.570000,68.669998,58.873344
2017-08-09,68.779999,68.500000,68.690002,58.890480
2017-08-10,68.559998,67.779999,67.820000,58.144600
2017-08-11,68.180000,67.779999,67.860001,58.178894
2017-08-14,68.650002,68.239998,68.570000,58.787617
2017-08-15,68.620003,68.309998,68.419998,58.658997
2017-08-16,68.769997,68.419998,68.610001,58.821903
2017-08-17,68.430000,67.379997,67.419998,57.801670
2017-08-18,67.610001,67.000000,67.150002,57.570198
2017-08-21,67.309998,66.949997,67.260002,57.664513
2017-08-22,68.089996,67.440002,68.029999,58.324638
2017-08-23,67.750000,67.389999,67.389999,57.775959
2017-08-24,67.580002,67.150002,67.180000,57.595898
2017-08-25,67.760002,67.410004,67.500000,57.870266
2017-08-28,67.720001,67.360001,67.459999,57.835968
2017-08-29,68.010002,67.080002,67.949997,58.256050
2017-08-30,68.260002,67.860001,68.230003,58.496120
2017-08-31,68.599998,68.239998,68.459999,58.693314
2017-09-01,68.800003,68.519997,68.519997,58.744732
2017-09-05,68.419998,67.680000,67.830002,58.153172
2017-09-06,68.120003,67.830002,67.900002,58.213200
2017-09-07,68.040001,67.639999,68.040001,58.333229
2017-09-08,68.370003,67.610001,68.269997,58.530392
2017-09-11,68.879997,68.529999,68.860001,59.036247
2017-09-12,69.209999,68.900002,69.190002,59.319168
2017-09-13,69.190002,68.940002,69.089996,59.233410
2017-09-14,69.440002,68.900002,69.419998,59.516342
2017-09-15,69.419998,69.000000,69.389999,59.762672
2017-09-18,69.849998,69.480003,69.779999,60.098572
2017-09-19,69.940002,69.769997,69.849998,60.158821
2017-09-20,70.379997,69.889999,70.360001,60.598080
2017-09-21,70.639999,70.199997,70.570000,60.778965
2017-09-22,70.820000,70.550003,70.750000,60.933964
2017-09-25,70.849998,70.260002,70.750000,60.933964
2017-09-26,70.879997,70.699997,70.750000,60.933964
2017-09-27,71.110001,70.650002,70.830002,61.002857
2017-09-28,70.849998,70.500000,70.790001,60.968430
2017-09-29,71.010002,70.620003,71.000000,61.149284
2017-10-02,71.489998,70.860001,71.489998,61.571312
2017-10-03,71.800003,71.430000,71.800003,61.838291
2017-10-04,71.900002,71.650002,71.779999,61.821075
2017-10-05,72.019997,71.610001,71.949997,61.967476
2017-10-06,72.019997,71.660004,71.940002,61.958862
2017-10-09,72.110001,71.629997,71.739998,61.786629
2017-10-10,72.190002,71.720001,71.849998,61.881355
2017-10-11,71.849998,71.650002,71.809998,61.846893
2017-10-12,72.269997,71.690002,72.190002,62.174187
2017-10-13,72.620003,72.000000,72.059998,62.062222
2017-10-16,72.190002,71.919998,72.139999,62.131119
2017-10-17,72.050003,71.800003,71.949997,61.967476
2017-10-18,72.190002,71.889999,71.980003,61.993328
2017-10-19,72.180000,71.550003,72.180000,62.165569
2017-10-20,72.959999,72.010002,72.959999,62.837360
2017-10-23,72.959999,72.480003,72.500000,62.441185
2017-10-24,73.199997,72.820000,72.910004,62.794304
2017-10-25,72.860001,71.830002,72.190002,62.174187
2017-10-26,72.629997,72.129997,72.290001,62.260319
2017-10-27,72.519997,72.150002,72.320000,62.286133
2017-10-30,72.209999,71.769997,71.820000,61.855526
2017-10-31,72.080002,71.500000,71.529999,61.605766
2017-11-01,71.919998,71.449997,71.489998,61.571312
2017-11-02,71.940002,71.279999,71.900002,61.924423
2017-11-03,71.970001,71.650002,71.830002,61.864155
2017-11-06,72.000000,71.769997,71.870003,61.898586
2017-11-07,72.089996,71.839996,71.980003,61.993328
2017-11-08,71.940002,71.720001,71.860001,61.889961
2017-11-09,71.540001,70.669998,70.959999,61.114857
2017-11-10,71.150002,70.690002,71.059998,61.200966
2017-11-13,71.000000,70.629997,70.820000,60.994240
2017-11-14,70.730003,70.410004,70.629997,60.830612
2017-11-15,70.470001,70.040001,70.230003,60.486122
2017-11-16,70.980003,70.430000,70.889999,61.054527
2017-11-17,70.750000,70.449997,70.500000,60.718655
2017-11-20,70.910004,70.510002,70.820000,60.994240
2017-11-21,71.339996,70.879997,71.330002,61.433514
2017-11-22,71.629997,71.300003,71.410004,61.502422
2017-11-24,71.599998,71.370003,71.410004,61.502422
2017-11-27,71.620003,71.400002,71.529999,61.605766
2017-11-28,72.620003,71.610001,72.620003,62.544518
2017-11-29,73.300003,72.489998,73.260002,63.095737
2017-11-30,74.660004,73.300003,74.510002,64.172295
2017-12-01,74.489998,72.760002,73.589996,63.379944
2017-12-04,75.099998,74.209999,74.209999,63.913944
2017-12-05,74.550003,73.519997,73.580002,63.371323
2017-12-06,73.959999,73.360001,73.690002,63.466064
2017-12-07,74.529999,73.580002,74.370003,64.051743
2017-12-08,74.750000,74.379997,74.690002,64.327309
2017-12-11,74.830002,74.410004,74.540001,64.198135
2017-12-12,74.830002,74.550003,74.620003,64.267036
2017-12-13,75.309998,74.500000,74.910004,64.516808
2017-12-14,75.230003,74.389999,74.400002,64.077560
2017-12-15,74.709999,74.029999,74.519997,64.529587
2017-12-18,75.139999,74.849998,75.050003,64.988518
2017-12-19,75.419998,74.870003,75.070000,65.005867
2017-12-20,75.580002,75.209999,75.320000,65.222328
2017-12-21,75.669998,75.190002,75.379997,65.274261
2017-12-22,75.540001,75.199997,75.400002,65.291618
2017-12-26,75.730003,75.320000,75.480003,65.360878
2017-12-27,75.690002,75.440002,75.660004,65.516731
2017-12-28,75.879997,75.529999,75.809998,65.646637
2017-12-29,76.000000,75.599998,75.669998,65.525414
2018-01-02,76.129997,75.570000,76.120003,65.915077
2018-01-03,76.580002,76.059998,76.529999,66.270119
2018-01-04,77.150002,76.720001,77.089996,66.755028
2018-01-05,77.660004,77.029999,77.620003,67.213997
2018-01-08,77.989998,77.599998,77.940002,67.491096
2018-01-09,78.639999,78.010002,78.440002,67.924049
2018-01-10,78.690002,78.059998,78.430000,67.915382
2018-01-11,79.459999,78.580002,79.430000,68.781326
2018-01-12,80.250000,79.650002,80.169998,69.422096
2018-01-16,80.599998,79.089996,79.449997,68.798653
2018-01-17,79.970001,79.339996,79.889999,69.179634
2018-01-18,80.110001,79.389999,79.459999,68.807312
2018-01-19,79.790001,79.330002,79.690002,69.006477
2018-01-22,79.709999,79.099998,79.690002,69.006477
2018-01-23,79.809998,79.349998,79.730003,69.041115
2018-01-24,80.080002,79.169998,79.660004,68.980507
2018-01-25,79.980003,79.070000,79.739998,69.049774
2018-01-26,80.660004,79.709999,80.660004,69.846451
2018-01-29,80.959999,80.089996,80.120003,69.378830
2018-01-30,79.860001,79.120003,79.489998,68.833321
2018-01-31,80.519997,79.470001,79.730003,69.041115
2018-02-01,80.269997,79.110001,79.589996,68.919884
2018-02-02,79.239998,77.970001,77.989998,67.534370
2018-02-05,78.180000,73.949997,74.449997,64.468987
2018-02-06,76.029999,72.639999,75.809998,65.646637
2018-02-07,77.150002,75.489998,75.949997,65.767876
2018-02-08,76.160004,72.989998,73.019997,63.230675
2018-02-09,74.430000,71.489998,73.809998,63.914742
2018-02-12,75.540001,73.910004,75.000000,64.945244
2018-02-13,75.379997,74.489998,75.169998,65.092453
2018-02-14,76.209999,74.720001,76.120003,65.915077
2018-02-15,77.269997,76.070000,77.269997,66.910904
2018-02-16,78.070000,77.029999,77.290001,66.928215
2018-02-20,77.279999,76.239998,76.510002,66.252808
2018-02-21,77.930000,76.510002,76.529999,66.270119
2018-02-22,77.739998,76.800003,77.040001,66.711739
2018-02-23,77.720001,76.970001,77.680000,67.265923
2018-02-26,78.879997,77.769997,78.750000,68.192513
2018-02-27,79.279999,77.750000,77.760002,67.335205
2018-02-28,78.269997,76.650002,76.650002,66.374046
2018-03-01,77.239998,74.750000,75.150002,65.075111
2018-03-02,75.349998,73.980003,75.129997,65.057793
2018-03-05,76.220001,74.379997,76.029999,65.837158
2018-03-06,76.570000,75.790001,76.370003,66.131584
2018-03-07,76.529999,75.239998,76.360001,66.122887
2018-03-08,76.830002,76.019997,76.760002,66.469276
2018-03-09,78.449997,77.029999,78.449997,67.932724
2018-03-12,78.580002,77.260002,77.480003,67.092773
2018-03-13,78.099998,76.949997,77.099998,66.763695
2018-03-14,77.540001,76.040001,76.260002,66.036316
2018-03-15,76.919998,75.989998,76.480003,66.226822
2018-03-16,76.849998,76.089996,76.580002,66.580673
2018-03-19,76.389999,75.370003,75.989998,66.067734
2018-03-20,76.699997,76.089996,76.250000,66.293777
2018-03-21,77.129997,76.019997,76.339996,66.372017
2018-03-22,75.839996,73.720001,73.820000,64.181046
2018-03-23,74.500000,72.680000,72.739998,63.242077
2018-03-26,74.599998,73.129997,74.500000,64.772270
2018-03-27,75.250000,73.040001,73.470001,63.876778
2018-03-28,73.809998,72.639999,73.220001,63.659401
2018-03-29,74.849998,73.500000,74.290001,64.589706
2018-04-02,74.199997,71.779999,72.760002,63.259472
2018-04-03,73.820000,72.629997,73.769997,64.137589
2018-04-04,74.169998,72.010002,74.089996,64.415794
2018-04-05,75.019997,74.279999,74.839996,65.067863
2018-04-06,74.550003,72.110001,72.769997,63.268139
2018-04-09,73.720001,72.430000,72.550003,63.076900
2018-04-10,74.089996,73.139999,73.660004,64.041962
2018-04-11,73.699997,72.989998,73.120003,63.572460
2018-04-12,74.470001,73.559998,74.169998,64.485359
2018-04-13,74.709999,73.629997,73.989998,64.328857
2018-04-16,74.959999,74.410004,74.730003,64.972244
2018-04-17,75.669998,75.099998,75.360001,65.519981
2018-04-18,76.410004,75.739998,76.139999,66.198128
2018-04-19,76.239998,75.419998,75.930000,66.015556
2018-04-20,76.349998,75.330002,75.599998,65.728630
2018-04-23,75.910004,75.150002,75.510002,65.650391
2018-04-24,76.040001,72.480003,73.400002,63.815914
2018-04-25,73.839996,72.480003,73.610001,63.998478
2018-04-26,73.720001,72.680000,73.339996,63.763748
2018-04-27,73.330002,72.720001,73.190002,63.633339
2018-04-30,73.529999,72.209999,72.220001,62.789967
2018-05-01,72.139999,70.790001,71.889999,62.503067
2018-05-02,72.989998,71.180000,71.260002,61.955334
2018-05-03,71.800003,70.029999,71.430000,62.103130
2018-05-04,72.500000,70.820000,72.260002,62.824764
2018-05-07,72.949997,72.410004,72.739998,63.242077
2018-05-08,73.360001,72.550003,73.260002,63.694180
2018-05-09,74.290001,73.410004,74.050003,64.381027
2018-05-10,74.709999,74.199997,74.550003,64.815750
2018-05-11,75.029999,74.510002,74.709999,64.954857
2018-05-14,75.139999,74.410004,74.580002,64.841812
2018-05-15,74.389999,74.010002,74.330002,64.624474
2018-05-16,74.849998,74.239998,74.599998,64.859222
2018-05-17,75.209999,74.519997,74.889999,65.111359
2018-05-18,75.470001,74.860001,75.330002,65.493874
2018-05-21,76.809998,76.000000,76.470001,66.485023
2018-05-22,76.680000,75.500000,75.529999,65.667786
2018-05-23,75.459999,74.769997,75.459999,65.606934
2018-05-24,75.940002,75.180000,75.830002,65.928604
2018-05-25,75.940002,75.470001,75.690002,65.806892
2018-05-29,75.250000,74.129997,74.480003,64.754883
2018-05-30,75.610001,74.720001,75.529999,65.667786
2018-05-31,75.430000,74.209999,74.440002,64.720093
2018-06-01,75.389999,74.820000,75.260002,65.433037
2018-06-04,75.849998,75.040001,75.150002,65.337402
2018-06-05,75.389999,74.919998,75.239998,65.415657
2018-06-06,75.949997,75.169998,75.870003,65.963394
2018-06-07,76.290001,75.709999,76.190002,66.241615
2018-06-08,76.540001,75.919998,76.440002,66.458954
2018-06-11,76.820000,76.349998,76.589996,66.589378
2018-06-12,76.779999,76.320000,76.510002,66.519821
2018-06-13,76.589996,75.849998,75.900002,65.989494
2018-06-14,76.349998,75.410004,75.610001,65.737312
2018-06-15,75.260002,74.290001,75.120003,65.573227
2018-06-18,74.940002,74.339996,74.809998,65.302628
2018-06-19,74.000000,72.949997,73.230003,63.923416
2018-06-20,73.519997,73.019997,73.279999,63.967045
2018-06-21,73.139999,72.110001,72.360001,63.163998
2018-06-22,73.080002,72.529999,72.610001,63.382217
2018-06-25,72.220001,71.220001,71.690002,62.579144
2018-06-26,72.320000,71.800003,71.959999,62.814838
2018-06-27,73.010002,71.349998,71.379997,62.308521
2018-06-28,71.800003,70.820000,71.480003,62.395809
2018-06-29,72.430000,71.599998,71.629997,62.526752
2018-07-02,71.800003,70.889999,71.790001,62.666443
2018-07-03,72.400002,71.370003,71.559998,62.465645
2018-07-05,71.959999,71.220001,71.910004,62.771168
2018-07-06,72.379997,71.430000,72.160004,62.989407
2018-07-09,73.519997,72.410004,73.500000,64.159134
2018-07-10,73.900002,73.339996,73.730003,64.359871
2018-07-11,73.099998,72.360001,72.519997,63.303658
2018-07-12,73.449997,72.610001,73.370003,64.045624
2018-07-13,73.879997,73.300003,73.750000,64.377319
2018-07-16,74.059998,73.260002,73.449997,64.115463
2018-07-17,73.830002,73.190002,73.739998,64.368599
2018-07-18,74.760002,73.910004,74.550003,65.075668
2018-07-19,74.680000,73.970001,74.519997,65.049469
2018-07-20,74.720001,74.120003,74.440002,64.979630
2018-07-23,74.290001,73.839996,73.980003,64.578110
2018-07-24,74.720001,73.959999,74.290001,64.848724
2018-07-25,75.419998,73.949997,75.419998,65.835091
2018-07-26,76.150002,75.250000,76.000000,66.341393
2018-07-27,76.339996,75.650002,76.010002,66.350105
2018-07-30,76.500000,75.180000,75.260002,65.695435
2018-07-31,76.989998,75.690002,76.919998,67.144455
2018-08-01,76.680000,75.690002,75.879997,66.236664
2018-08-02,75.879997,75.110001,75.779999,66.149338
2018-08-03,75.900002,75.379997,75.849998,66.210457
2018-08-06,75.989998,75.500000,75.959999,66.306473
2018-08-07,76.610001,76.010002,76.500000,66.777824
2018-08-08,76.510002,76.059998,76.160004,66.481056
2018-08-09,76.339996,75.690002,75.739998,66.114410
2018-08-10,75.430000,74.860001,75.070000,65.529579
2018-08-13,75.410004,74.510002,74.709999,65.215340
2018-08-14,75.529999,74.940002,75.230003,65.669258
2018-08-15,74.989998,73.989998,74.870003,65.355019
2018-08-16,76.000000,75.250000,75.820000,66.184258
2018-08-17,76.440002,75.610001,76.279999,66.585815
2018-08-20,76.940002,76.400002,76.790001,67.030998
2018-08-21,77.459999,76.879997,77.360001,67.528542
2018-08-22,77.250000,76.610001,76.610001,66.873863
2018-08-23,76.650002,76.209999,76.389999,66.681831
2018-08-24,76.769997,76.360001,76.720001,66.969879
2018-08-27,77.709999,77.010002,77.690002,67.816612
2018-08-28,77.919998,77.470001,77.529999,67.676956
2018-08-29,77.730003,77.360001,77.589996,67.729332
2018-08-30,77.610001,76.860001,77.050003,67.257942
2018-08-31,77.239998,76.790001,77.099998,67.301598
2018-09-04,77.099998,76.650002,77.040001,67.249229
2018-09-05,77.610001,76.709999,77.589996,67.729332
2018-09-06,78.059998,77.500000,77.830002,67.938805
2018-09-07,77.949997,77.180000,77.589996,67.729332
2018-09-10,78.300003,77.889999,77.989998,68.078476
2018-09-11,78.199997,77.470001,77.970001,68.061035
2018-09-12,78.529999,77.769997,78.209999,68.270523
2018-09-13,78.959999,78.389999,78.680000,68.680786
2018-09-14,79.129997,78.440002,79.070000,69.021225
2018-09-17,79.440002,78.959999,79.099998,69.047417
2018-09-18,80.000000,78.930000,79.820000,69.675919
2018-09-19,80.250000,79.650002,79.750000,69.614822
2018-09-20,80.410004,79.540001,79.870003,69.719559
2018-09-21,80.000000,79.629997,80.000000,70.170403
2018-09-24,79.599998,78.550003,78.629997,68.968727
2018-09-25,78.830002,78.309998,78.389999,68.758240
2018-09-26,78.839996,78.190002,78.339996,68.714363
2018-09-27,78.820000,78.190002,78.449997,68.810860
2018-09-28,78.580002,78.129997,78.400002,68.766991
2018-10-01,79.550003,78.809998,79.089996,69.372223
2018-10-02,79.410004,78.800003,79.269997,69.530083
2018-10-03,80.019997,79.430000,79.599998,69.819542
2018-10-04,79.750000,78.739998,79.339996,69.591507
2018-10-05,79.750000,78.519997,78.930000,69.231880
2018-10-08,79.199997,78.309998,79.129997,69.407288
2018-10-09,79.019997,77.900002,77.910004,68.337189
2018-10-10,77.769997,75.190002,75.400002,66.135605
2018-10-11,75.570000,73.199997,73.410004,64.390114
2018-10-12,74.809998,73.050003,73.900002,64.819923
2018-10-15,74.629997,73.790001,74.040001,64.942696
2018-10-16,75.360001,74.000000,75.290001,66.039116
2018-10-17,75.550003,74.339996,74.739998,65.556694
2018-10-18,74.580002,73.000000,73.449997,64.425209
2018-10-19,73.889999,72.919998,73.180000,64.188370
2018-10-22,73.470001,72.589996,72.930000,63.969101
2018-10-23,72.250000,70.669998,71.730003,62.916542
2018-10-24,72.150002,69.169998,69.300003,60.785126
2018-10-25,70.309998,69.250000,69.790001,61.214905
2018-10-26,69.860001,68.120003,69.099998,60.609692
2018-10-29,70.220001,66.989998,67.949997,59.600971
2018-10-30,69.430000,67.610001,69.349998,60.828964
2018-10-31,70.739998,69.839996,69.879997,61.293819
2018-11-01,71.349998,70.019997,71.110001,62.372730
2018-11-02,71.930000,70.550003,70.989998,62.267464
2018-11-05,71.639999,70.860001,71.360001,62.591976
2018-11-06,72.160004,71.190002,72.110001,63.249855
2018-11-07,73.339996,72.000000,73.279999,64.276100
2018-11-08,73.540001,72.860001,73.160004,64.170845
2018-11-09,72.900002,71.910004,72.419998,63.521770
2018-11-12,72.419998,70.879997,70.989998,62.267464
2018-11-13,72.220001,70.860001,71.309998,62.548141
2018-11-14,72.269997,70.599998,71.070000,62.337631
2018-11-15,72.389999,70.269997,72.010002,63.162144
2018-11-16,72.339996,71.360001,71.989998,63.144588
2018-11-19,71.949997,70.570000,70.849998,62.144669
2018-11-20,70.059998,69.080002,69.379997,60.855267
2018-11-21,70.419998,69.739998,69.870003,61.285080
2018-11-23,70.209999,69.339996,69.730003,61.162289
2018-11-26,70.660004,69.730003,70.239998,61.609615
2018-11-27,70.199997,69.430000,70.120003,61.504368
2018-11-28,71.800003,69.980003,71.800003,62.977936
2018-11-29,72.180000,71.129997,71.839996,63.013039
2018-11-30,72.650002,71.599998,72.540001,63.626999
2018-12-03,74.459999,73.070000,73.379997,64.363815
2018-12-04,73.139999,70.160004,70.260002,61.627159
2018-12-06,69.879997,67.800003,69.870003,61.285080
2018-12-07,70.500000,67.800003,68.029999,59.671158
2018-12-10,68.440002,66.699997,68.199997,59.820267
2018-12-11,69.440002,67.389999,67.800003,59.469425
2018-12-12,69.199997,68.129997,68.180000,59.802731
2018-12-13,68.809998,67.720001,67.989998,59.636078
2018-12-14,67.940002,66.830002,67.050003,58.811584
2018-12-17,67.300003,65.540001,65.949997,57.846725
2018-12-18,67.139999,65.900002,66.279999,58.136177
2018-12-19,67.599998,64.589996,65.029999,57.039783
2018-12-20,65.180000,63.130001,63.840000,55.995995
2018-12-21,64.220001,62.110001,62.250000,54.938694
2018-12-24,61.950001,60.290001,60.340000,53.253029
2018-12-26,63.220001,59.919998,63.150002,55.732986
2018-12-27,63.970001,61.529999,63.939999,56.430202
2018-12-28,64.699997,63.549999,63.770000,56.280167
2018-12-31,64.540001,63.730000,64.410004,56.845013
2019-01-02,64.790001,63.090000,64.739998,57.136242
2019-01-03,64.290001,62.490002,62.770000,55.397617
2019-01-04,65.269997,63.689999,65.150002,57.498085
2019-01-07,66.110001,64.800003,65.680000,57.965836
2019-01-08,66.989998,65.949997,66.580002,58.760124
2019-01-09,67.339996,66.599998,67.029999,59.157284
2019-01-10,68.019997,66.489998,67.940002,59.960381
2019-01-11,67.910004,67.239998,67.870003,59.898628
2019-01-14,68.169998,67.160004,67.860001,59.889786
2019-01-15,68.089996,67.269997,67.650002,59.704456
2019-01-16,68.059998,67.620003,67.720001,59.766247
2019-01-17,69.260002,67.349998,68.879997,60.789986
2019-01-18,70.440002,69.269997,70.190002,61.946133
2019-01-22,69.610001,68.279999,68.739998,60.666451
2019-01-23,69.550003,68.070000,68.839996,60.754673
2019-01-24,69.500000,68.800003,69.190002,61.063591
2019-01-25,70.360001,69.660004,70.070000,61.840225
2019-01-28,69.440002,68.779999,69.400002,61.248909
2019-01-29,70.489998,69.680000,70.360001,62.096165
2019-01-30,71.800003,70.290001,71.459999,63.066971
2019-01-31,72.110001,71.300003,71.769997,63.340542
2019-02-01,72.410004,71.690002,71.879997,63.437614
2019-02-04,72.849998,71.790001,72.809998,64.258408
2019-02-05,73.480003,72.699997,73.440002,64.814423
2019-02-06,73.809998,73.209999,73.459999,64.832062
2019-02-07,73.379997,72.400002,72.959999,64.390816
2019-02-08,73.070000,72.150002,73.070000,64.487877
2019-02-11,73.639999,73.239998,73.459999,64.832062
2019-02-12,74.760002,73.870003,74.599998,65.838203
2019-02-13,75.269997,74.669998,75.040001,66.226471
2019-02-14,75.000000,74.410004,74.690002,65.917595
2019-02-15,75.699997,74.989998,75.690002,66.800148
2019-02-19,75.900002,75.220001,75.660004,66.773651
2019-02-20,76.059998,75.540001,76.019997,67.091393
2019-02-21,76.029999,75.459999,75.709999,66.817802
2019-02-22,76.250000,75.680000,76.209999,67.259079
2019-02-25,77.129997,76.480003,76.510002,67.523872
2019-02-26,82.660004,76.279999,76.300003,67.338501
2019-02-27,76.669998,75.889999,76.599998,67.603271
2019-02-28,76.650002,76.290001,76.339996,67.373795
2019-03-01,77.099998,76.010002,76.410004,67.435593
2019-03-04,77.099998,75.480003,76.070000,67.135498
2019-03-05,76.279999,75.559998,75.580002,66.703064
2019-03-06,75.610001,74.849998,74.870003,66.076477
2019-03-07,74.800003,73.769997,74.419998,65.679314
2019-03-08,74.300003,73.610001,74.269997,65.546913
2019-03-11,74.930000,73.040001,74.900002,66.102943
2019-03-12,74.889999,74.139999,74.279999,65.555756
2019-03-13,75.180000,74.459999,74.930000,66.129417
2019-03-14,75.110001,74.489998,74.680000,65.908806
2019-03-15,74.519997,73.849998,73.989998,65.676208
2019-03-18,74.769997,73.800003,74.709999,66.315323
2019-03-19,75.220001,74.160004,74.440002,66.075653
2019-03-20,74.529999,73.519997,73.930000,65.622955
2019-03-21,74.800003,73.650002,74.639999,66.253151
2019-03-22,74.269997,72.900002,72.949997,64.753059
2019-03-25,73.510002,72.790001,73.120003,64.903984
2019-03-26,73.910004,73.160004,73.610001,65.338913
2019-03-27,74.029999,73.139999,73.690002,65.409912
2019-03-28,74.330002,73.690002,74.230003,65.889252
2019-03-29,75.089996,74.660004,75.029999,66.599350
2019-04-01,76.699997,75.669998,76.580002,67.975197
2019-04-02,76.820000,76.360001,76.550003,67.948570
2019-04-03,76.959999,76.120003,76.320000,67.744392
2019-04-04,77.059998,76.269997,76.790001,68.161613
2019-04-05,77.250000,76.889999,77.010002,68.356880
2019-04-08,76.699997,76.099998,76.680000,68.063957
2019-04-09,76.180000,75.510002,75.639999,67.140800
2019-04-10,75.779999,75.160004,75.620003,67.123062
2019-04-11,76.349998,75.589996,76.269997,67.700027
2019-04-12,77.279999,76.739998,77.279999,68.596542
2019-04-15,77.330002,76.739998,76.849998,68.214859
2019-04-16,77.419998,76.930000,77.320000,68.632057
2019-04-17,77.989998,77.400002,77.419998,68.720810
2019-04-18,78.419998,77.739998,78.309998,69.510780
2019-04-22,78.250000,77.690002,78.070000,69.297775
2019-04-23,78.910004,78.059998,78.750000,69.901367
2019-04-24,78.949997,78.489998,78.519997,69.697189
2019-04-25,77.660004,76.589996,76.940002,68.294746
2019-04-26,77.519997,76.839996,77.519997,68.809570
2019-04-29,77.949997,77.430000,77.699997,68.969360
2019-04-30,78.220001,77.349998,78.010002,69.244514
2019-05-01,78.500000,77.500000,77.500000,68.791824
2019-05-02,77.629997,76.809998,77.459999,68.756310
2019-05-03,78.470001,77.730003,78.400002,69.590683
2019-05-06,77.790001,76.699997,77.650002,68.924973
2019-05-07,76.849998,75.489998,76.080002,67.531372
2019-05-08,76.610001,75.830002,76.080002,67.531372
2019-05-09,76.099998,74.830002,75.970001,67.433739
2019-05-10,76.459999,74.589996,76.269997,67.700027
2019-05-13,74.790001,73.599998,74.099998,65.773849
2019-05-14,75.440002,74.269997,74.870003,66.457352
2019-05-15,75.279999,74.029999,74.970001,66.546104
2019-05-16,75.910004,75.160004,75.660004,67.158562
2019-05-17,75.639999,74.730003,74.820000,66.412949
2019-05-20,74.910004,74.279999,74.629997,66.244278
2019-05-21,75.599998,75.070000,75.510002,67.025421
2019-05-22,75.339996,74.889999,74.889999,66.475090
2019-05-23,74.180000,73.290001,73.750000,65.463196
2019-05-24,74.370003,73.580002,73.779999,65.489815
2019-05-28,74.150002,73.089996,73.099998,64.886230
2019-05-29,73.099998,72.080002,72.769997,64.593285
2019-05-30,73.410004,72.800003,73.050003,64.841843
2019-05-31,72.550003,71.989998,72.050003,63.954205
2019-06-03,72.940002,71.910004,72.540001,64.389145
2019-06-04,74.300003,73.110001,74.269997,65.924736
2019-06-05,75.080002,74.400002,74.989998,66.563850
2019-06-06,75.320000,74.440002,75.120003,66.679245
2019-06-07,76.029999,75.349998,75.720001,67.211838
2019-06-10,76.650002,75.800003,75.820000,67.300583
2019-06-11,76.449997,74.870003,75.169998,66.723625
2019-06-12,75.370003,74.930000,75.330002,66.865639
2019-06-13,75.760002,75.260002,75.709999,67.202950
2019-06-14,75.709999,75.089996,75.410004,66.936661
2019-06-17,75.570000,75.089996,75.150002,66.705864
2019-06-18,76.709999,75.540001,76.610001,68.001816
2019-06-19,76.760002,76.190002,76.550003,67.948570
2019-06-20,77.930000,76.959999,77.830002,69.084740
2019-06-21,77.809998,77.050003,77.080002,68.716568
2019-06-24,77.389999,76.900002,76.930000,68.582832
2019-06-25,76.959999,76.290001,76.349998,68.065750
2019-06-26,76.760002,76.349998,76.540001,68.235146
2019-06-27,76.870003,76.290001,76.610001,68.297546
2019-06-28,77.470001,76.720001,77.419998,69.019661
2019-07-01,78.440002,77.160004,77.489998,69.082085
2019-07-02,77.680000,77.209999,77.389999,68.992905
2019-07-03,77.849998,77.360001,77.820000,69.376274
2019-07-05,77.510002,76.449997,77.510002,69.099876
2019-07-08,77.269997,76.669998,76.870003,68.529335
2019-07-09,76.790001,76.279999,76.699997,68.377792
2019-07-10,77.260002,76.449997,76.519997,68.217316
2019-07-11,77.050003,76.379997,77.040001,68.680893
2019-07-12,78.410004,77.300003,78.389999,69.884407
2019-07-15,78.389999,77.959999,78.070000,69.599136
2019-07-16,78.779999,78.059998,78.570000,70.044891
2019-07-17,78.190002,76.860001,76.889999,68.547150
2019-07-18,77.139999,76.559998,77.029999,68.671982
2019-07-19,77.919998,77.400002,77.449997,69.046394
2019-07-22,77.910004,77.260002,77.510002,69.099876
2019-07-23,78.519997,77.760002,78.489998,69.973549
2019-07-24,79.019997,77.830002,78.830002,70.276672
2019-07-25,79.070000,78.320000,78.669998,70.134026
2019-07-26,78.709999,78.239998,78.500000,69.982475
2019-07-29,78.550003,78.230003,78.360001,69.857674
2019-07-30,78.699997,77.599998,78.699997,70.160767
2019-07-31,78.900002,77.220001,77.820000,69.376274
2019-08-01,78.279999,76.169998,76.309998,68.030106
2019-08-02,76.209999,75.300003,75.820000,67.593262
2019-08-05,74.629997,73.080002,73.720001,65.721107
2019-08-06,74.889999,73.879997,74.830002,66.710693
2019-08-07,74.930000,73.320000,74.790001,66.675034
2019-08-08,76.110001,75.029999,76.059998,67.807220
2019-08-09,75.860001,74.980003,75.419998,67.236671
2019-08-12,75.150002,74.139999,74.379997,66.309502
2019-08-13,76.029999,74.150002,75.269997,67.102936
2019-08-14,74.269997,72.889999,72.970001,65.052521
2019-08-15,73.099998,72.190002,72.889999,64.981155
2019-08-16,74.449997,73.410004,74.300003,66.238182
2019-08-19,75.320000,74.870003,75.000000,66.862236
2019-08-20,75.029999,74.500000,74.559998,66.469994
2019-08-21,75.349998,74.900002,75.019997,66.880066
2019-08-22,75.540001,74.570000,75.129997,66.978119
2019-08-23,75.220001,72.769997,73.120003,65.186241
2019-08-26,74.089996,73.019997,73.660004,65.667648
2019-08-27,74.080002,73.110001,73.279999,65.328850
2019-08-28,74.180000,72.769997,74.180000,66.131218
2019-08-29,75.620003,74.699997,75.449997,67.263390
2019-08-30,76.260002,75.610001,75.760002,67.539780
2019-09-03,75.800003,74.260002,74.730003,66.621544
2019-09-04,75.760002,74.730003,75.680000,67.468445
2019-09-05,77.599998,76.540001,77.040001,68.680893
2019-09-06,77.459999,76.970001,77.199997,68.823540
2019-09-09,77.779999,77.250000,77.430000,69.028580
2019-09-10,78.160004,76.959999,78.139999,69.661537
2019-09-11,78.919998,77.879997,78.870003,70.312332
2019-09-12,79.300003,78.570000,78.919998,70.356911
2019-09-13,79.790001,79.250000,79.349998,70.740257
2019-09-16,79.410004,78.940002,79.279999,70.677849
2019-09-17,79.309998,78.669998,79.239998,70.642181
2019-09-18,79.160004,78.239998,79.120003,70.535217
2019-09-19,79.349998,78.680000,78.720001,70.178619
2019-09-20,78.660004,77.589996,77.809998,69.734978
2019-09-23,77.940002,77.220001,77.660004,69.600555
2019-09-24,78.190002,76.830002,77.220001,69.206207
2019-09-25,77.870003,77.070000,77.720001,69.654320
2019-09-26,78.080002,77.419998,77.830002,69.752914
2019-09-27,78.180000,77.160004,77.519997,69.475082
2019-09-30,77.889999,77.610001,77.629997,69.573669
2019-10-01,78.239998,75.690002,75.769997,67.906670
2019-10-02,75.129997,73.790001,74.339996,66.625084
2019-10-03,74.849998,73.180000,74.830002,67.064232
2019-10-04,75.699997,74.800003,75.610001,67.763283
2019-10-07,75.870003,75.070000,75.230003,67.422737
2019-10-08,74.870003,74.019997,74.070000,66.383118
2019-10-09,75.000000,74.279999,74.699997,66.947731
2019-10-10,75.650002,74.550003,75.379997,67.557144
2019-10-11,77.480003,76.180000,76.800003,68.829811
2019-10-14,76.870003,76.410004,76.650002,68.695358
2019-10-15,77.570000,76.629997,77.269997,69.251022
2019-10-16,77.620003,77.089996,77.230003,69.215164
2019-10-17,78.190002,77.540001,77.610001,69.555740
2019-10-18,77.599998,76.860001,76.940002,68.955254
2019-10-21,77.570000,77.110001,77.400002,69.367523
2019-10-22,78.239998,77.199997,78.010002,69.914230
2019-10-23,78.050003,77.669998,78.000000,69.905289
2019-10-24,78.220001,77.550003,78.110001,70.003853
2019-10-25,78.779999,78.050003,78.599998,70.442978
2019-10-28,79.230003,78.760002,78.820000,70.640160
2019-10-29,79.290001,78.400002,79.080002,70.873184
2019-10-30,79.430000,78.800003,79.360001,71.124130
2019-10-31,79.120003,78.110001,78.510002,70.362328
2019-11-01,80.220001,79.010002,80.220001,71.894875
2019-11-04,81.180000,80.660004,81.150002,72.728348
2019-11-05,81.680000,81.080002,81.320000,72.880714
2019-11-06,81.379997,80.900002,81.370003,72.925522
2019-11-07,82.180000,81.519997,81.650002,73.176483
2019-11-08,81.760002,81.230003,81.760002,73.275063
2019-11-11,81.930000,81.129997,81.800003,73.310898
2019-11-12,82.169998,81.620003,81.790001,73.301933
2019-11-13,81.750000,81.199997,81.449997,72.997223
2019-11-14,81.879997,81.279999,81.709999,73.230240
2019-11-15,82.480003,82.099998,82.309998,73.767967
2019-11-18,82.160004,81.830002,82.000000,73.490158
2019-11-19,82.330002,81.750000,81.930000,73.427399
2019-11-20,81.860001,80.959999,81.279999,72.844864
2019-11-21,81.510002,81.000000,81.250000,72.818001
2019-11-22,81.690002,81.190002,81.669998,73.194397
2019-11-25,82.419998,81.760002,82.260002,73.723160
2019-11-26,82.650002,82.180000,82.500000,73.938248
2019-11-27,82.449997,82.099998,82.419998,73.866562
2019-11-29,82.320000,81.900002,82.040001,73.525986
2019-12-02,82.150002,80.650002,80.690002,72.316093
2019-12-03,79.879997,79.260002,79.809998,71.527428
2019-12-04,80.900002,80.040001,80.120003,71.805229
2019-12-05,80.330002,79.790001,80.139999,71.823181
2019-12-06,81.260002,80.860001,81.110001,72.692505
2019-12-09,81.099998,80.760002,80.800003,72.414680
2019-12-10,81.029999,80.559998,80.699997,72.325058
2019-12-11,81.279999,80.580002,81.209999,72.782127
2019-12-12,82.190002,81.040001,81.930000,73.427399
2019-12-13,82.540001,81.440002,81.709999,73.230240
2019-12-16,82.120003,81.660004,81.669998,73.194397
2019-12-17,81.860001,81.540001,81.589996,73.122704
2019-12-18,81.620003,81.099998,81.250000,72.818001
2019-12-19,81.559998,81.169998,81.470001,73.015129
2019-12-20,81.629997,81.160004,81.440002,73.351089
2019-12-23,82.199997,81.790001,82.110001,73.954544
2019-12-24,82.199997,81.690002,81.779999,73.657326
2019-12-26,81.980003,81.580002,81.970001,73.828468
2019-12-27,82.230003,81.790001,81.900002,73.765419
2019-12-30,81.989998,81.360001,81.519997,73.423149
2019-12-31,81.690002,81.180000,81.470001,73.378120
2020-01-02,83.010002,81.830002,83.010002,74.765152
2020-01-03,82.949997,81.989998,82.849998,74.621048
2020-01-06,82.889999,82.269997,82.879997,74.648033
2020-01-07,83.019997,82.290001,82.709999,74.494965
2020-01-08,83.360001,82.629997,82.989998,74.747139
2020-01-09,83.430000,83.080002,83.339996,75.062363
2020-01-10,83.510002,82.610001,82.750000,74.530983
2020-01-13,83.519997,82.849998,83.430000,75.143440
2020-01-14,83.980003,83.330002,83.440002,75.152466
2020-01-15,83.919998,83.379997,83.570000,75.269547
2020-01-16,84.440002,83.930000,84.400002,76.017097
2020-01-17,84.809998,84.300003,84.410004,76.026115
2020-01-21,84.269997,83.110001,83.480003,75.188477
2020-01-22,83.900002,82.980003,83.040001,74.792175
2020-01-23,84.050003,82.629997,83.940002,75.602798
2020-01-24,84.169998,82.930000,83.550003,75.251534
2020-01-27,82.519997,81.970001,81.970001,73.828468
2020-01-28,82.910004,81.860001,82.500000,74.305824
2020-01-29,83.570000,82.849998,82.940002,74.702118
2020-01-30,83.120003,81.970001,83.029999,74.783157
2020-01-31,82.699997,80.800003,81.110001,73.053886
2020-02-03,82.230003,80.989998,81.080002,73.026848
2020-02-04,82.809998,82.239998,82.610001,74.404900
2020-02-05,84.000000,83.110001,83.989998,75.647812
2020-02-06,84.400002,83.720001,84.260002,75.890991
2020-02-07,84.150002,83.580002,83.650002,75.341614
2020-02-10,84.139999,83.419998,84.120003,75.764915
2020-02-11,84.839996,84.230003,84.440002,76.053116
2020-02-12,85.330002,84.699997,85.230003,76.764664
2020-02-13,85.110001,84.459999,84.750000,76.332352
2020-02-14,84.889999,84.300003,84.639999,76.233261
2020-02-18,84.529999,83.769997,84.160004,75.800919
2020-02-19,84.570000,84.089996,84.129997,75.773918
2020-02-20,84.589996,83.400002,84.010002,75.665848
2020-02-21,83.839996,83.209999,83.589996,75.287552
2020-02-24,81.720001,80.709999,81.209999,73.143936
2020-02-25,81.620003,77.690002,77.900002,70.162689
2020-02-26,79.389999,77.139999,77.309998,69.631294
2020-02-27,77.400002,74.389999,74.440002,67.046371
2020-02-28,73.669998,71.300003,73.080002,65.821449
2020-03-02,75.830002,72.589996,75.650002,68.136169
2020-03-03,77.529999,73.349998,73.800003,66.469940
2020-03-04,76.949997,74.260002,76.849998,69.216988
2020-03-05,75.220001,72.769997,73.089996,65.830452
2020-03-06,72.739998,70.449997,72.449997,65.254021
2020-03-09,68.349998,65.080002,65.769997,59.237507
2020-03-10,69.230003,65.349998,69.180000,62.308796
2020-03-11,67.650002,64.400002,65.120003,58.652058
2020-03-12,63.000000,54.099998,58.380001,52.581497
2020-03-13,62.990002,58.590000,62.939999,56.688576
2020-03-16,59.889999,55.570000,55.799999,50.257740
2020-03-17,58.669998,54.610001,58.369999,52.572491
2020-03-18,54.990002,50.360001,54.070000,48.699566
2020-03-19,54.959999,51.290001,54.110001,48.735611
2020-03-20,55.160000,51.180000,51.400002,46.294777
2020-03-23,50.830002,47.709999,48.770000,44.267036
2020-03-24,55.119999,51.610001,54.939999,49.867359
2020-03-25,60.049999,54.639999,57.830002,52.490517
2020-03-26,61.830002,58.410000,61.480000,55.803516
2020-03-27,61.570000,57.970001,58.889999,53.452656
2020-03-30,60.040001,57.980000,59.750000,54.233257
2020-03-31,60.250000,58.759998,59.009998,53.561577
2020-04-01,57.060001,55.540001,56.349998,51.147182
2020-04-02,57.869999,55.630001,57.099998,51.827927
2020-04-03,57.529999,55.720001,56.340000,51.138100
2020-04-06,60.590000,58.810001,60.240002,54.678005
2020-04-07,63.189999,60.060001,60.099998,54.550930
2020-04-08,62.619999,60.430000,62.279999,56.529655
2020-04-09,64.330002,62.650002,63.220001,57.382862
2020-04-13,62.860001,60.799999,61.369999,55.703671
2020-04-14,63.180000,61.919998,62.540001,56.765648
2020-04-15,61.290001,59.790001,60.810001,55.195377
2020-04-16,60.740002,59.369999,60.270000,54.705231
2020-04-17,63.310001,62.110001,63.099998,57.273949
2020-04-20,62.639999,61.220001,61.419998,55.749065
2020-04-21,60.770000,59.730000,59.970001,54.432938
2020-04-22,61.299999,60.230000,60.599998,55.004776
2020-04-23,62.349998,61.060001,61.080002,55.440456
2020-04-24,61.779999,60.580002,61.570000,55.885204
2020-04-27,63.490002,61.880001,63.099998,57.273949
2020-04-28,65.010002,63.610001,64.279999,58.344997
2020-04-29,66.220001,64.919998,65.510002,59.461430
2020-04-30,64.720001,63.740002,64.209999,58.281448
2020-05-01,63.250000,61.860001,62.270000,56.520580
2020-05-04,61.490002,60.599998,61.480000,55.803516
2020-05-05,62.560001,61.650002,61.720001,56.021358
2020-05-06,62.110001,60.790001,60.869999,55.249851
2020-05-07,62.369999,61.340000,61.580002,55.894287
2020-05-08,63.240002,62.310001,63.110001,57.283016
2020-05-11,62.799999,61.889999,62.320000,56.565968
2020-05-12,62.709999,60.560001,60.570000,54.977543
2020-05-13,60.279999,58.500000,59.049999,53.597878
2020-05-14,59.669998,56.970001,59.669998,54.160641
2020-05-15,59.830002,58.700001,59.459999,53.970028
2020-05-18,63.779999,61.650002,63.380001,57.528088
2020-05-19,63.869999,62.560001,62.570000,56.792889
2020-05-20,64.349998,63.470001,63.740002,57.854858
2020-05-21,64.400002,63.410000,63.889999,57.991001
2020-05-22,64.059998,63.270000,63.840000,57.945610
2020-05-26,67.029999,65.820000,66.519997,60.378181
2020-05-27,68.790001,67.290001,68.739998,62.393196
2020-05-28,69.650002,67.970001,68.089996,61.803200
2020-05-29,68.129997,66.750000,67.669998,61.421997
2020-06-01,68.330002,67.339996,67.820000,61.558151
2020-06-02,68.879997,68.040001,68.699997,62.356903
2020-06-03,71.570000,69.669998,71.379997,64.789452
2020-06-04,72.169998,71.040001,72.139999,65.479271
2020-06-05,76.209999,74.489998,74.790001,67.884583
2020-06-08,76.529999,75.720001,76.290001,69.246101
2020-06-09,75.000000,74.059998,74.389999,67.521538
2020-06-10,74.139999,72.379997,72.610001,65.905869
2020-06-11,70.089996,67.410004,67.510002,61.276775
2020-06-12,70.139999,67.139999,68.820000,62.465805
2020-06-15,69.930000,66.360001,69.500000,63.083023
2020-06-16,72.489998,69.589996,70.860001,64.317444
2020-06-17,71.160004,70.180000,70.349998,63.854565
2020-06-18,70.720001,69.550003,70.089996,63.618549
2020-06-19,71.209999,68.760002,69.230003,62.837971
2020-06-22,69.260002,67.940002,69.040001,62.943710
2020-06-23,69.830002,68.879997,69.050003,62.952839
2020-06-24,68.339996,66.480003,66.650002,60.764755
2020-06-25,67.449997,65.629997,67.389999,61.439415
2020-06-26,67.370003,65.849998,66.139999,60.299778
2020-06-29,68.309998,66.690002,68.309998,62.278156
2020-06-30,69.089996,67.589996,68.699997,62.633736
2020-07-01,69.940002,68.330002,68.389999,62.351112
2020-07-02,70.000000,68.809998,68.980003,62.889008
2020-07-06,70.339996,69.459999,69.970001,63.791599
2020-07-07,69.589996,68.550003,68.629997,62.569931
2020-07-08,69.059998,68.050003,68.629997,62.569931
2020-07-09,68.589996,66.919998,67.139999,61.211483
2020-07-10,68.070000,67.080002,68.010002,62.004677
2020-07-13,69.459999,67.930000,68.290001,62.259941
2020-07-14,69.849998,67.769997,69.769997,63.609245
2020-07-15,71.870003,70.660004,71.550003,65.232086
2020-07-16,71.919998,70.889999,71.570000,65.250328
2020-07-17,72.150002,71.519997,72.000000,65.642326
2020-07-20,71.760002,70.910004,71.120003,64.840042
2020-07-21,72.580002,71.629997,72.059998,65.697044
2020-07-22,72.739998,71.760002,72.639999,66.225815
2020-07-23,73.089996,72.139999,72.419998,66.025269
2020-07-24,72.709999,71.629997,71.839996,65.496475
2020-07-27,72.239998,71.400002,72.139999,65.769989
2020-07-28,72.239998,71.580002,71.639999,65.314140
2020-07-29,72.889999,71.959999,72.730003,66.307892
2020-07-30,72.410004,71.470001,72.000000,65.642326
2020-07-31,71.879997,70.529999,71.730003,65.396194
2020-08-03,72.279999,71.370003,72.029999,65.669685
2020-08-04,72.250000,71.750000,72.209999,65.833786
2020-08-05,73.680000,72.610001,73.589996,67.091919
2020-08-06,73.879997,73.400002,73.870003,67.347237
2020-08-07,75.160004,73.709999,75.129997,68.495941
2020-08-10,77.050003,75.360001,76.980003,70.182617
2020-08-11,78.669998,77.230003,77.389999,70.556412
2020-08-12,78.209999,77.339996,77.639999,70.784325
2020-08-13,77.750000,76.930000,77.230003,70.410530
2020-08-14,77.919998,76.720001,77.529999,70.684036
2020-08-17,77.839996,77.029999,77.169998,70.355835
2020-08-18,77.360001,76.639999,76.750000,69.972931
2020-08-19,77.239998,76.379997,76.550003,69.790573
2020-08-20,76.320000,75.709999,76.139999,69.416786
2020-08-21,76.660004,76.019997,76.449997,69.699409
2020-08-24,77.830002,76.610001,77.830002,70.957558
2020-08-25,78.360001,77.320000,77.730003,70.866386
2020-08-26,78.040001,77.199997,77.769997,70.902855
2020-08-27,78.709999,77.790001,78.050003,71.158134
2020-08-28,78.830002,77.949997,78.790001,71.832794
2020-08-31,78.860001,77.809998,77.809998,70.939308
2020-09-01,78.669998,77.279999,78.599998,71.659576
2020-09-02,80.120003,78.660004,79.900002,72.844780
2020-09-03,80.260002,77.160004,77.660004,70.802559
2020-09-04,78.879997,76.809998,77.839996,70.966660
2020-09-08,77.400002,76.169998,76.379997,69.635567
2020-09-09,78.199997,76.879997,77.559998,70.711395
2020-09-10,78.059998,76.330002,76.570000,69.808800
2020-09-11,77.980003,76.800003,77.610001,70.756989
2020-09-14,78.910004,77.970001,78.660004,71.714264
2020-09-15,79.180000,78.580002,78.709999,71.759842
2020-09-16,80.309998,78.889999,79.510002,72.489220
2020-09-17,80.160004,78.010002,79.669998,72.635071
2020-09-18,80.220001,78.720001,78.779999,71.823669
2020-09-21,77.230003,75.110001,75.870003,69.439453
2020-09-22,76.769997,75.769997,76.620003,70.125916
2020-09-23,77.589996,75.169998,75.250000,68.872002
2020-09-24,76.209999,74.349998,75.360001,68.972679
2020-09-25,76.750000,74.900002,76.489998,70.006905
2020-09-28,78.489998,77.449997,77.870003,71.269951
2020-09-29,78.050003,76.959999,77.180000,70.638420
2020-09-30,78.389999,76.410004,76.980003,70.455399
2020-10-01,77.870003,76.209999,76.750000,70.244888
2020-10-02,78.059998,75.470001,77.610001,71.031990
2020-10-05,79.029999,78.269997,78.860001,72.176041
2020-10-06,79.720001,77.820000,77.900002,71.297417
2020-10-07,79.860001,78.790001,79.620003,72.871643
2020-10-08,80.419998,79.440002,80.410004,73.594666
2020-10-09,81.260002,80.459999,80.709999,73.869240
2020-10-12,81.459999,80.830002,81.169998,74.290222
2020-10-13,81.089996,80.029999,80.269997,73.466537
2020-10-14,81.330002,80.389999,80.720001,73.878372
2020-10-15,81.050003,79.720001,81.010002,74.143822
2020-10-16,82.099998,81.389999,81.599998,74.683792
2020-10-19,82.129997,80.290001,80.589996,73.759399
2020-10-20,82.040001,80.820000,81.010002,74.143822
2020-10-21,81.379997,80.190002,80.190002,73.393326
2020-10-22,80.989998,80.120003,80.849998,73.997345
2020-10-23,81.519997,80.550003,81.169998,74.290222
2020-10-26,80.190002,78.279999,79.139999,72.432312
2020-10-27,79.000000,77.389999,77.410004,70.848923
2020-10-28,76.680000,74.779999,74.870003,68.524216
2020-10-29,76.610001,74.639999,75.959999,69.521851
2020-10-30,76.180000,74.720001,75.870003,69.439453
2020-11-02,78.070000,76.440002,77.919998,71.315697
2020-11-03,80.669998,78.800003,80.220001,73.420761
2020-11-04,81.190002,78.870003,79.389999,72.661125
2020-11-05,81.790001,80.419998,81.260002,74.372620
2020-11-06,81.699997,80.760002,81.339996,74.445839
2020-11-09,87.879997,84.050003,84.110001,76.981064
2020-11-10,85.930000,84.129997,85.589996,78.335632
2020-11-11,86.139999,84.440002,84.870003,77.676643
2020-11-12,84.809998,83.330002,83.900002,76.788864
2020-11-13,85.860001,84.550003,85.760002,78.491211
2020-11-16,87.989998,86.430000,87.849998,80.404076
2020-11-17,87.910004,86.320000,87.620003,80.193573
2020-11-18,88.680000,87.169998,87.230003,79.836624
2020-11-19,87.529999,86.440002,87.449997,80.037971
2020-11-20,87.589996,86.459999,86.660004,79.314911
2020-11-23,88.279999,87.400002,88.110001,80.642036
2020-11-24,90.160004,89.019997,89.650002,82.051514
2020-11-25,89.599998,88.529999,88.970001,81.429138
2020-11-27,89.500000,88.559998,88.820000,81.291862
2020-11-30,88.720001,87.529999,88.029999,80.568802
2020-12-01,89.430000,87.769997,87.809998,80.367447
2020-12-02,88.150002,87.379997,87.930000,80.477310
2020-12-03,88.959999,87.989998,88.160004,80.687782
2020-12-04,89.379997,88.419998,89.209999,81.648804
2020-12-07,89.260002,88.519997,88.779999,81.255241
2020-12-08,89.370003,88.470001,89.209999,81.648804
2020-12-09,89.730003,88.769997,89.410004,81.831841
2020-12-10,89.220001,88.169998,88.559998,81.053902
2020-12-11,88.959999,88.000000,88.769997,81.246063
2020-12-14,89.699997,87.599998,87.620003,80.193573
2020-12-15,89.190002,87.730003,88.839996,81.310143
2020-12-16,88.970001,88.099998,88.290001,80.806763
2020-12-17,88.940002,88.320000,88.830002,81.301010
2020-12-18,89.059998,88.139999,88.839996,81.310143
2020-12-21,88.349998,86.389999,87.940002,80.819397
2020-12-22,87.989998,86.879997,87.529999,80.442589
2020-12-23,88.459999,87.870003,87.989998,80.865341
2020-12-24,88.139999,87.500000,88.000000,80.874542
2020-12-28,88.870003,88.010002,88.110001,80.975624
2020-12-29,88.680000,86.989998,87.580002,80.488541
2020-12-30,88.379997,87.680000,88.139999,81.003189
2020-12-31,88.720001,87.660004,88.550003,81.380005
2021-01-04,88.739998,85.919998,86.410004,79.413284
2021-01-05,87.589996,86.239998,87.260002,80.194473
2021-01-06,90.070000,87.550003,89.339996,82.106018
2021-01-07,90.180000,89.099998,89.830002,82.556358
2021-01-08,90.279999,88.709999,89.610001,82.354164
2021-01-11,89.839996,88.599998,89.580002,82.326607
2021-01-12,90.690002,89.050003,90.470001,83.144524
2021-01-13,90.449997,89.550003,89.690002,82.427704
2021-01-14,90.650002,89.839996,90.000000,82.712593
2021-01-15,89.610001,88.080002,88.830002,81.637329
2021-01-19,89.889999,89.089996,89.120003,81.903839
2021-01-20,89.879997,89.089996,89.669998,82.409302
2021-01-21,89.680000,88.839996,88.970001,81.766006
2021-01-22,88.879997,87.769997,88.510002,81.343246
2021-01-25,88.349998,87.040001,87.910004,80.791840
2021-01-26,88.809998,87.050003,87.099998,80.047401
2021-01-27,86.150002,84.720001,85.370003,78.457497
2021-01-28,87.669998,86.110001,86.639999,79.624649
2021-01-29,86.510002,84.510002,84.769997,77.906082
2021-02-01,85.889999,84.940002,85.650002,78.714798
2021-02-02,87.860001,86.570000,87.470001,80.387466
2021-02-03,87.690002,86.790001,87.529999,80.442589
2021-02-04,88.620003,87.709999,88.470001,81.306480
2021-02-05,89.419998,88.760002,88.989998,81.784386
2021-02-08,89.790001,89.150002,89.750000,82.482841
2021-02-09,90.279999,89.059998,89.980003,82.694199
2021-02-10,90.410004,89.430000,89.839996,82.565552
2021-02-11,90.199997,88.739998,89.650002,82.390930
2021-02-12,90.370003,89.349998,90.300003,82.988297
2021-02-16,90.879997,90.010002,90.209999,82.905579
2021-02-17,90.029999,89.260002,89.959999,82.675819
2021-02-18,89.720001,88.839996,89.510002,82.262268
2021-02-19,91.250000,90.080002,90.980003,83.613235
2021-02-22,91.940002,90.440002,91.269997,83.879761
2021-02-23,91.779999,90.190002,91.550003,84.137100
2021-02-24,93.660004,91.360001,93.279999,85.727013
2021-02-25,93.379997,91.180000,91.559998,84.146271
2021-02-26,92.050003,90.360001,90.610001,83.273178
2021-03-01,93.620003,91.800003,92.930000,85.405350
2021-03-02,93.129997,92.260002,92.660004,85.157211
2021-03-03,93.849998,92.529999,92.760002,85.249100
2021-03-04,93.230003,89.849998,91.279999,83.888969
2021-03-05,93.750000,90.269997,93.440002,85.874046
2021-03-08,95.889999,93.809998,94.419998,86.774696
2021-03-09,95.389999,94.019997,94.029999,86.416283
2021-03-10,95.910004,94.160004,95.419998,87.693718
2021-03-11,96.309998,94.919998,95.489998,87.758049
2021-03-12,96.849998,95.750000,96.769997,88.934425
2021-03-15,97.610001,96.190002,97.580002,89.678848
2021-03-16,97.430000,96.080002,96.190002,88.401375
2021-03-17,97.500000,96.129997,97.300003,89.421509
2021-03-18,98.519997,97.019997,97.209999,89.338776
2021-03-19,97.309998,95.930000,96.470001,88.658722
2021-03-22,96.529999,95.449997,96.120003,88.608940
2021-03-23,96.339996,94.089996,94.440002,87.060226
2021-03-24,96.620003,94.889999,95.129997,87.696297
2021-03-25,96.800003,93.949997,96.650002,89.097504
2021-03-26,98.379997,96.809998,98.320000,90.637016
2021-03-29,98.919998,97.839996,98.339996,90.655441
2021-03-30,99.010002,98.150002,98.769997,91.051865
2021-03-31,99.260002,98.120003,98.449997,90.756859
2021-04-01,98.860001,98.139999,98.779999,91.061081
2021-04-05,100.339996,99.559998,100.000000,92.185730
2021-04-06,100.570000,99.660004,99.760002,91.964493
2021-04-07,100.029999,98.989998,99.300003,91.540443
2021-04-08,99.580002,98.610001,99.540001,91.761688
2021-04-09,100.559998,99.580002,100.510002,92.655891
2021-04-12,100.940002,100.309998,100.879997,92.996971
2021-04-13,100.699997,99.680000,100.389999,92.545242
2021-04-14,101.199997,100.400002,100.519997,92.665100
2021-04-15,101.059998,100.190002,100.919998,93.033844
2021-04-16,101.800003,100.699997,101.139999,93.236641
2021-04-19,101.000000,100.220001,100.720001,92.849472
2021-04-20,100.680000,99.000000,99.610001,91.826218
2021-04-21,101.010002,99.279999,100.970001,93.079933
2021-04-22,101.699997,100.360001,100.459999,92.609802
2021-04-23,101.820000,100.400002,101.559998,93.623840
2021-04-26,102.419998,101.199997,101.260002,93.347267
2021-04-27,102.260002,101.309998,102.099998,94.121666
2021-04-28,102.410004,101.760002,101.889999,93.928040
2021-04-29,102.739998,101.860001,102.610001,94.591789
2021-04-30,102.330002,101.570000,101.930000,93.964912
2021-05-03,103.260002,102.320000,102.980003,94.932877
2021-05-04,103.449997,102.180000,103.430000,95.347717
2021-05-05,104.019997,103.419998,103.529999,95.439896
2021-05-06,104.279999,103.339996,104.250000,96.103638
2021-05-07,105.599998,103.620003,105.349998,97.117683
2021-05-10,106.809998,105.400002,105.449997,97.209846
2021-05-11,104.669998,102.839996,103.889999,95.771767
2021-05-12,103.959999,101.330002,101.400002,93.476341
2021-05-13,103.790001,101.400002,103.300003,95.227859
2021-05-14,105.000000,103.739998,104.730003,96.546127
2021-05-17,104.779999,103.650002,104.410004,96.251114
2021-05-18,104.559998,102.849998,102.889999,94.849930
2021-05-19,102.320000,100.669998,102.309998,94.315231
2021-05-20,102.900002,101.919998,102.540001,94.527267
2021-05-21,103.879997,102.680000,103.040001,94.988167
2021-05-24,103.900002,103.120003,103.680000,95.578186
2021-05-25,104.449997,103.230003,103.370003,95.292381
2021-05-26,103.839996,103.120003,103.699997,95.596603
2021-05-27,105.300003,104.540001,105.120003,96.905647
2021-05-28,105.449997,104.760002,105.120003,96.905647
2021-06-01,106.309998,105.320000,105.529999,97.283607
2021-06-02,105.730003,105.070000,105.230003,97.007057
2021-06-03,105.589996,104.250000,105.000000,96.795021
2021-06-04,105.570000,104.800003,105.339996,97.108452
2021-06-07,105.559998,104.330002,104.610001,96.435524
2021-06-08,105.110001,104.160004,104.879997,96.684402
2021-06-09,104.809998,103.769997,103.809998,95.698006
2021-06-10,104.680000,103.250000,103.300003,95.227859
2021-06-11,104.019997,102.970001,103.510002,95.421448
2021-06-14,103.550003,102.470001,103.040001,94.988167
2021-06-15,103.699997,102.769997,103.480003,95.393806
2021-06-16,103.500000,102.180000,102.500000,94.490364
2021-06-17,102.699997,99.970001,100.919998,93.033844
2021-06-18,100.459999,99.489998,99.610001,91.826218
2021-06-21,101.610001,100.010002,101.480003,93.845917
2021-06-22,101.970001,100.900002,101.589996,93.947617
2021-06-23,102.070000,101.330002,101.360001,93.734955
2021-06-24,102.309998,101.419998,102.150002,94.465515
2021-06-25,102.720001,102.070000,102.349998,94.650436
2021-06-28,102.389999,101.349998,101.809998,94.151077
2021-06-29,102.570000,101.510002,101.610001,93.966125
2021-06-30,102.589996,101.510002,102.400002,94.696709
2021-07-01,103.190002,102.589996,103.129997,95.371788
2021-07-02,103.470001,102.699997,103.290001,95.519775
2021-07-06,103.190002,101.180000,102.300003,94.604225
2021-07-07,103.470001,101.970001,103.320000,95.547508
2021-07-08,102.529999,101.029999,101.879997,94.215836
2021-07-09,103.650002,102.870003,103.489998,95.704712
2021-07-12,103.750000,102.599998,103.629997,95.834190
2021-07-13,103.500000,102.580002,102.629997,94.909393
2021-07-14,103.290001,102.260002,102.620003,94.900169
2021-07-15,103.239998,101.989998,102.820000,95.085136
2021-07-16,103.190002,101.779999,101.910004,94.243568
2021-07-19,100.489998,98.769997,99.779999,92.273811
2021-07-20,102.699997,99.940002,102.570000,94.853920
2021-07-21,103.900002,102.900002,103.550003,95.760208
2021-07-22,103.750000,103.010002,103.169998,95.408783
2021-07-23,103.809998,103.099998,103.610001,95.815697
2021-07-26,103.910004,102.889999,103.559998,95.769432
2021-07-27,103.540001,102.400002,102.989998,95.242317
2021-07-28,103.550003,102.209999,102.750000,95.020386
2021-07-29,103.860001,102.980003,103.559998,95.769432
2021-07-30,103.580002,102.860001,103.360001,95.584496
2021-08-02,104.629997,102.559998,102.650002,94.927902
2021-08-03,104.040001,101.970001,103.989998,96.167099
2021-08-04,103.809998,102.559998,102.580002,94.863167
2021-08-05,103.410004,102.669998,103.059998,95.307060
2021-08-06,103.980003,103.349998,103.540001,95.750961
2021-08-09,103.379997,102.629997,103.129997,95.371788
2021-08-10,104.470001,103.199997,104.180000,96.342804
2021-08-11,105.540001,104.010002,105.529999,97.591248
2021-08-12,105.730003,104.790001,105.330002,97.406265
2021-08-13,105.500000,104.860001,105.000000,97.101120
2021-08-16,105.370003,104.000000,105.360001,97.434029
2021-08-17,104.779999,103.230003,104.220001,96.379784
2021-08-18,104.400002,103.050003,103.080002,95.325569
2021-08-19,103.059998,101.779999,102.360001,94.659721
2021-08-20,102.940002,102.139999,102.629997,94.909393
2021-08-23,103.919998,103.059998,103.470001,95.686226
2021-08-24,104.449997,103.650002,103.989998,96.167099
2021-08-25,105.000000,103.750000,104.660004,96.786705
2021-08-26,104.610001,103.989998,104.199997,96.361290
2021-08-27,105.209999,104.320000,104.919998,97.027138
2021-08-30,105.279999,104.550003,104.800003,96.916161
2021-08-31,104.949997,104.279999,104.510002,96.647995
2021-09-01,104.730003,103.720001,104.110001,96.278076
2021-09-02,105.239998,104.519997,105.230003,97.313820
2021-09-03,105.139999,104.519997,104.589996,96.721977
2021-09-07,104.300003,102.709999,102.779999,95.048119
2021-09-08,103.120003,102.139999,102.919998,95.177589
2021-09-09,103.480003,102.169998,102.419998,94.715202
2021-09-10,103.120003,101.919998,101.959999,94.289810
2021-09-13,103.000000,101.459999,102.230003,94.539490
2021-09-14,102.599998,100.769997,101.000000,93.402031
2021-09-15,102.370003,100.830002,102.110001,94.428520
2021-09-16,102.349998,101.239998,101.410004,93.781197
2021-09-17,101.300003,100.180000,100.330002,92.782425
2021-09-20,99.059998,97.779999,98.860001,91.718292
2021-09-21,99.400002,97.889999,98.339996,91.235847
2021-09-22,99.790001,98.629997,99.120003,91.959518
2021-09-23,101.190002,99.550003,100.639999,93.369698
2021-09-24,101.129997,100.309998,100.849998,93.564529
2021-09-27,101.849998,100.889999,100.949997,93.657303
2021-09-28,100.930000,99.550003,99.779999,92.571846
2021-09-29,100.410004,99.739998,99.889999,92.673882
2021-09-30,100.290001,97.730003,97.839996,90.771980
2021-10-01,99.709999,97.480003,99.180000,92.015190
2021-10-04,99.639999,98.019997,98.639999,91.514198
2021-10-05,100.250000,98.389999,99.739998,92.534714
2021-10-06,100.220001,98.209999,100.180000,92.942932
2021-10-07,101.690002,100.870003,100.959999,93.666595
2021-10-08,101.199997,100.519997,100.949997,93.657303
2021-10-11,101.459999,100.129997,100.139999,92.905823
2021-10-12,100.610001,99.610001,99.809998,92.599655
2021-10-13,100.440002,98.930000,100.019997,92.794487
2021-10-14,101.940002,100.620003,101.910004,94.547943
2021-10-15,103.330002,102.470001,102.889999,95.457169
2021-10-18,103.070000,101.900002,102.959999,95.522095
2021-10-19,103.610001,102.860001,103.570000,96.088020
2021-10-20,104.330002,103.349998,104.220001,96.691071
2021-10-21,104.480003,103.739998,104.430000,96.885910
2021-10-22,105.190002,104.480003,104.800003,97.229195
2021-10-25,105.440002,104.300003,105.040001,97.451851
2021-10-26,105.370003,104.379997,104.389999,96.848816
2021-10-27,104.660004,103.150002,103.169998,95.716927
2021-10-28,104.519997,103.320000,104.459999,96.913734
2021-10-29,104.870003,104.070000,104.489998,96.941574
2021-11-01,104.989998,104.269997,104.779999,97.210632
2021-11-02,105.230003,104.629997,105.129997,97.535339
2021-11-03,104.970001,103.989998,104.900002,97.321953
2021-11-04,105.699997,105.080002,105.320000,97.711617
2021-11-05,107.050003,106.040001,106.389999,98.704323
2021-11-08,107.580002,106.419998,106.830002,99.112541
2021-11-09,107.360001,106.510002,107.099998,99.363037
2021-11-10,107.290001,106.209999,106.500000,98.806381
2021-11-11,106.709999,105.949997,106.059998,98.398140
2021-11-12,107.080002,106.019997,106.900002,99.177483
2021-11-15,107.449997,106.860001,107.099998,99.363037
2021-11-16,107.650002,107.019997,107.120003,99.381584
2021-11-17,107.279999,106.110001,106.480003,98.787804
2021-11-18,106.830002,105.709999,106.260002,98.583717
2021-11-19,106.290001,105.580002,105.730003,98.091995
2021-11-22,107.010002,105.809998,106.019997,98.361046
2021-11-23,106.580002,105.650002,106.199997,98.528030
2021-11-24,106.300003,105.709999,106.080002,98.416710
2021-11-26,103.779999,102.480003,103.209999,95.754066
2021-11-29,104.279999,102.839996,103.389999,95.921028
2021-11-30,102.930000,100.669998,100.769997,93.490311
2021-12-01,102.709999,99.330002,99.370003,92.191452
2021-12-02,102.669998,99.790001,102.320000,94.928329
2021-12-03,102.779999,101.169998,102.199997,94.817009
2021-12-06,104.580002,103.050003,103.930000,96.422028
2021-12-07,105.860001,104.680000,104.989998,97.405449
2021-12-08,105.440002,104.730003,105.250000,97.646660
2021-12-09,105.459999,104.559998,104.919998,97.340515
2021-12-10,105.570000,104.839996,105.349998,97.739449
2021-12-13,105.309998,104.080002,104.260002,96.728172
2021-12-14,104.709999,102.860001,103.269997,95.809708
2021-12-15,104.309998,102.860001,104.169998,96.644684
2021-12-16,105.300003,103.849998,104.220001,96.691071
2021-12-17,104.320000,102.410004,102.440002,95.039658
2021-12-20,100.830002,99.559998,100.419998,93.517052
2021-12-21,102.629997,101.129997,102.419998,95.379570
2021-12-22,102.889999,102.199997,102.709999,95.649628
2021-12-23,104.260002,103.059998,103.919998,96.776466
2021-12-27,105.059998,103.930000,105.019997,97.800850
2021-12-28,105.820000,104.860001,105.550003,98.294426
2021-12-29,105.970001,105.260002,105.739998,98.471367
2021-12-30,106.370003,105.279999,105.360001,98.117462
2021-12-31,106.230003,105.059998,105.809998,98.536545
2022-01-03,106.260002,104.400002,104.940002,97.726364
2022-01-04,107.250000,105.500000,107.050003,99.691315
2022-01-05,107.879997,105.989998,106.029999,98.741425
2022-01-06,106.910004,105.980003,106.519997,99.197739
2022-01-07,107.199997,106.449997,106.489998,99.169800
2022-01-10,106.320000,104.470001,105.290001,98.052284
2022-01-11,106.040001,104.260002,105.919998,98.638969
2022-01-12,106.800003,105.919998,106.260002,98.955605
2022-01-13,107.440002,106.120003,106.489998,99.169800
2022-01-14,105.940002,104.779999,105.849998,98.573784
2022-01-18,105.070000,104.029999,104.629997,97.437645
2022-01-19,105.050003,103.379997,103.459999,96.348076
2022-01-20,104.730003,102.010002,102.139999,95.118835
2022-01-21,102.919998,100.800003,101.199997,94.243454
2022-01-24,101.930000,98.050003,101.779999,94.783577
2022-01-25,101.620003,98.370003,100.779999,93.852310
2022-01-26,102.489998,98.879997,99.900002,93.032806
2022-01-27,101.559998,98.360001,99.010002,92.203987
2022-01-28,99.709999,96.940002,99.699997,92.846550
2022-01-31,100.849998,98.800003,100.739998,93.815048
2022-02-01,102.459999,100.760002,102.129997,95.109520
2022-02-02,103.050003,101.580002,102.839996,95.770714
2022-02-03,102.620003,101.059998,101.199997,94.243454
2022-02-04,101.099998,99.279999,100.110001,93.228371
2022-02-07,100.970001,99.839996,100.190002,93.302872
2022-02-08,101.389999,100.050003,101.190002,94.234138
2022-02-09,102.720001,102.010002,102.580002,95.528595
2022-02-10,102.760002,100.379997,100.900002,93.964058
2022-02-11,101.400002,98.870003,99.360001,92.529930
2022-02-14,99.779999,98.199997,98.989998,92.185349
2022-02-15,100.910004,99.910004,100.480003,93.572937
2022-02-16,101.360001,99.959999,101.010002,94.066513
2022-02-17,100.430000,98.989998,99.160004,92.343674
2022-02-18,99.730003,98.019997,98.339996,91.580048
2022-02-22,98.839996,96.860001,97.389999,90.695343
2022-02-23,97.970001,95.449997,95.599998,89.028374
2022-02-24,97.029999,93.400002,96.820000,90.164536
2022-02-25,99.459999,97.000000,99.129997,92.315742
2022-02-28,100.089996,98.160004,99.889999,93.023491
2022-03-01,100.160004,97.760002,98.400002,91.635933
2022-03-02,100.980003,98.739998,100.500000,93.591560
2022-03-03,101.510002,100.169998,100.610001,93.694000
2022-03-04,100.510002,99.000000,100.389999,93.489128
2022-03-07,100.800003,97.669998,97.699997,90.984039
2022-03-08,99.709999,97.010002,97.099998,90.425285
2022-03-09,99.610001,98.410004,98.860001,92.064285
2022-03-10,98.919998,97.529999,98.730003,91.943237
2022-03-11,99.910004,97.879997,97.940002,91.207527
2022-03-14,99.339996,97.580002,98.269997,91.514847
2022-03-15,100.029999,98.570000,99.830002,92.967613
2022-03-16,101.330002,99.150002,101.150002,94.196899
2022-03-17,102.500000,100.500000,102.449997,95.407516
2022-03-18,102.930000,101.510002,102.839996,95.770714
2022-03-21,103.110001,102.089996,102.730003,95.986534
2022-03-22,103.550003,102.750000,103.290001,96.509789
2022-03-23,103.070000,102.279999,102.300003,95.584778
2022-03-24,103.129997,102.290001,103.080002,96.313568
2022-03-25,103.760002,102.839996,103.720001,96.911552
2022-03-28,103.779999,102.800003,103.750000,96.939598
2022-03-29,104.769997,103.699997,104.709999,97.836555
2022-03-30,105.230003,104.129997,104.589996,97.724457
2022-03-31,104.959999,102.959999,102.980003,96.220139
2022-04-01,103.510002,101.430000,102.180000,95.472641
2022-04-04,102.129997,100.790001,102.050003,95.351173
2022-04-05,102.470001,100.389999,100.599998,93.996346
2022-04-06,100.110001,99.139999,99.820000,93.267563
2022-04-07,100.519997,98.559998,100.160004,93.585243
2022-04-08,100.489998,99.370003,99.599998,93.062004
2022-04-11,100.400002,99.099998,99.279999,92.763000
2022-04-12,100.559998,98.690002,99.120003,92.613518
2022-04-13,100.160004,99.309998,100.050003,93.482468
2022-04-14,100.910004,99.919998,99.940002,93.379707
2022-04-18,100.599998,99.169998,99.589996,93.052666
2022-04-19,101.540001,99.870003,101.400002,94.743851
2022-04-20,102.650002,101.809998,101.949997,95.257744
2022-04-21,103.120003,100.669998,100.910004,94.286011
2022-04-22,100.459999,98.339996,98.430000,91.968826
2022-04-25,98.580002,96.190002,98.430000,91.968826
2022-04-26,98.070000,96.250000,96.279999,89.959938
2022-04-27,97.510002,95.779999,96.639999,90.296303
2022-04-28,98.110001,95.730003,97.730003,91.314766
2022-04-29,98.080002,94.949997,95.139999,88.894775
2022-05-02,96.190002,93.500000,95.339996,89.081635
2022-05-03,96.599998,95.139999,95.970001,89.670288
2022-05-04,98.980003,95.660004,98.750000,92.267792
2022-05-05,98.279999,95.400002,96.169998,89.857147
2022-05-06,95.820000,93.959999,95.519997,89.249817
2022-05-09,94.779999,92.830002,93.209999,87.091454
2022-05-10,94.500000,91.680000,92.599998,86.521500
2022-05-11,94.139999,91.610001,91.760002,85.736626
2022-05-12,92.510002,90.190002,91.930000,85.895485
2022-05-13,93.629997,92.150002,93.099998,86.988678
2022-05-16,93.709999,92.199997,92.970001,86.867218
2022-05-17,95.220001,93.680000,95.080002,88.838722
2022-05-18,94.400002,91.269997,91.540001,85.531075
2022-05-19,91.879997,89.680000,90.720001,84.764900
2022-05-20,91.190002,88.040001,89.739998,83.849251
2022-05-23,91.440002,90.160004,91.209999,85.222748
2022-05-24,91.370003,89.239998,91.160004,85.176025
2022-05-25,92.040001,90.540001,91.690002,85.671242
2022-05-26,94.010002,92.330002,93.550003,87.409134
2022-05-27,95.489998,94.169998,95.470001,89.203102
2022-05-31,95.360001,93.800003,94.699997,88.483650
2022-06-01,95.489998,93.349998,94.120003,87.941727
2022-06-02,95.970001,93.930000,95.919998,89.623566
2022-06-03,95.800003,94.949997,95.550003,89.277847
2022-06-06,96.540001,95.750000,95.949997,89.651596
2022-06-07,97.339996,94.779999,97.239998,90.856918
2022-06-08,96.750000,95.260002,95.480003,89.212471
2022-06-09,95.459999,93.599998,93.599998,87.455849
2022-06-10,92.150002,90.809998,90.839996,84.877022
2022-06-13,89.180000,87.559998,88.110001,82.326241
2022-06-14,89.150002,87.160004,87.889999,82.120674
2022-06-15,89.800003,87.370003,88.739998,82.914871
2022-06-16,87.059998,85.330002,85.779999,80.149185
2022-06-17,86.410004,84.570000,85.559998,79.943634
2022-06-21,87.070000,85.930000,86.739998,81.401993
2022-06-22,86.959999,85.349998,86.260002,80.951546
2022-06-23,86.559998,84.750000,85.820000,80.538605
2022-06-24,88.830002,86.599998,88.820000,83.353981
2022-06-27,89.290001,88.209999,88.610001,83.156914
2022-06-28,90.199997,87.510002,87.580002,82.190308
2022-06-29,87.760002,86.379997,87.070000,81.711685
2022-06-30,87.720001,85.610001,87.339996,81.965057
2022-07-01,88.389999,86.510002,88.099998,82.678291
2022-07-05,86.820000,85.269997,86.779999,81.439522
2022-07-06,87.820000,86.160004,87.279999,81.908745
2022-07-07,88.529999,87.309998,88.309998,82.875366
2022-07-08,88.470001,87.230003,87.910004,82.500000
2022-07-11,87.910004,87.120003,87.320000,81.946304
2022-07-12,88.230003,86.739998,87.050003,81.692917
2022-07-13,86.720001,85.440002,85.989998,80.698135
2022-07-14,85.599998,84.279999,85.500000,80.238297
2022-07-15,86.970001,85.790001,86.839996,81.495827
2022-07-18,87.949997,86.050003,86.320000,81.007851
2022-07-19,89.559998,87.010002,89.400002,83.898300
2022-07-20,90.330002,89.110001,90.089996,84.545830
2022-07-21,90.760002,89.480003,90.739998,85.155830
2022-07-22,91.330002,90.029999,90.449997,84.883675
2022-07-25,91.139999,90.000000,90.879997,85.287216
2022-07-26,91.220001,90.180000,90.389999,84.827385
2022-07-27,92.239998,90.379997,91.790001,86.141212
2022-07-28,93.809998,91.989998,93.709999,87.943047
2022-07-29,95.839996,93.739998,95.639999,89.754265
2022-08-01,96.050003,94.860001,95.739998,89.848122
2022-08-02,95.910004,94.550003,94.730003,88.900284
2022-08-03,95.919998,94.480003,95.620003,89.735512
2022-08-04,96.250000,95.419998,95.970001,90.063972
2022-08-05,96.190002,94.989998,96.120003,90.204735
2022-08-08,97.139999,95.839996,96.089996,90.176582
2022-08-09,96.230003,95.540001,95.739998,89.848122
2022-08-10,98.150002,97.050003,97.839996,91.818893
2022-08-11,99.230003,98.169998,98.360001,92.306900
2022-08-12,99.870003,98.459999,99.839996,93.695816
2022-08-15,100.220001,99.000000,100.080002,93.921059
2022-08-16,100.970001,99.599998,100.529999,94.343338
2022-08-17,100.190002,99.199997,99.730003,93.592583
2022-08-18,100.279999,99.570000,100.129997,93.967949
2022-08-19,99.540001,98.580002,98.839996,92.757347
2022-08-22,97.779999,96.830002,96.959999,90.993034
2022-08-23,97.779999,96.839996,97.139999,91.161972
2022-08-24,97.750000,97.050003,97.459999,91.462273
2022-08-25,98.980003,97.809998,98.949997,92.860580
2022-08-26,99.190002,95.449997,95.519997,89.641663
2022-08-29,95.849998,94.540001,95.089996,89.238129
2022-08-30,95.430000,93.330002,93.720001,87.952438
2022-08-31,94.269997,92.830002,92.930000,87.211067
2022-09-01,93.120003,91.919998,93.059998,87.333054
2022-09-02,94.220001,91.730003,92.160004,86.488434
2022-09-06,92.769997,91.510002,92.309998,86.629234
2022-09-07,94.029999,91.959999,93.790001,88.018127
2022-09-08,94.110001,92.629997,94.070000,88.280907
2022-09-09,95.489998,94.639999,95.290001,89.425819
2022-09-12,96.349998,95.360001,95.860001,89.960747
2022-09-13,94.540001,91.900002,92.250000,86.572929
2022-09-14,92.480003,90.919998,92.070000,86.403984
2022-09-15,92.650002,90.820000,91.110001,85.503052
2022-09-16,89.610001,88.440002,89.209999,83.719971
2022-09-19,90.120003,88.110001,89.989998,84.856247
2022-09-20,89.379997,88.129997,88.870003,83.800140
2022-09-21,90.360001,87.680000,87.690002,82.687469
2022-09-22,87.610001,86.239998,86.370003,81.442780
2022-09-23,85.599998,83.709999,84.750000,79.915169
2022-09-26,85.209999,83.480003,83.860001,79.075951
2022-09-27,84.889999,82.870003,83.580002,78.811928
2022-09-28,85.889999,83.669998,85.419998,80.546959
2022-09-29,84.750000,83.160004,83.940002,79.151367
2022-09-30,84.449997,82.750000,82.839996,78.114151
2022-10-03,86.010002,83.500000,85.339996,80.471504
2022-10-04,88.330002,86.639999,88.309998,83.272079
2022-10-05,88.580002,86.930000,87.830002,82.819466
2022-10-06,88.029999,86.599998,86.820000,81.867088
2022-10-07,86.129997,84.639999,85.160004,80.301804
2022-10-10,86.330002,84.739998,85.459999,80.584663
2022-10-11,86.599998,84.889999,85.440002,80.565826
2022-10-12,85.790001,84.730003,84.769997,79.934044
2022-10-13,87.089996,82.760002,86.639999,81.697350
2022-10-14,87.400002,84.559998,84.739998,79.905746
2022-10-17,87.059998,86.139999,86.589996,81.650208
2022-10-18,88.910004,87.440002,88.680000,83.620972
2022-10-19,88.849998,87.349998,88.050003,83.026917
2022-10-20,88.309998,86.169998,86.320000,81.395615
2022-10-21,88.870003,86.089996,88.690002,83.630402
2022-10-24,90.209999,89.070000,89.870003,84.743095
2022-10-25,91.150002,89.720001,91.080002,85.884071
2022-10-26,92.709999,91.070000,91.400002,86.185806
2022-10-27,93.580002,92.279999,92.470001,87.194748
2022-10-28,94.699997,92.419998,94.620003,89.222107
2022-10-31,94.949997,93.889999,94.349998,88.967514
2022-11-01,95.169998,93.669998,94.260002,88.882645
2022-11-02,95.720001,92.550003,92.599998,87.317360
2022-11-03,94.410004,91.599998,93.570000,88.232010
2022-11-04,95.339996,93.500000,95.070000,89.646431
2022-11-07,96.239998,94.900002,96.089996,90.608246
2022-11-08,97.379997,95.769997,96.930000,91.400330
2022-11-09,97.000000,95.459999,95.580002,90.127342
2022-11-10,99.720001,97.839996,99.589996,93.908592
2022-11-11,100.239998,99.120003,99.529999,93.852005
2022-11-14,100.260002,98.889999,98.919998,93.276817
2022-11-15,100.180000,98.739998,99.599998,93.918007
2022-11-16,99.680000,98.660004,98.879997,93.239075
2022-11-17,98.750000,97.099998,98.709999,93.078796
2022-11-18,99.889999,98.800003,99.440002,93.767151
2022-11-21,100.059998,99.150002,99.760002,94.068878
2022-11-22,100.760002,100.099998,100.529999,94.794960
2022-11-23,101.290001,100.580002,100.910004,95.153282
2022-11-25,101.500000,101.010002,101.300003,95.521042
2022-11-28,100.940002,99.139999,99.459999,93.785995
2022-11-29,100.230003,99.379997,100.070000,94.361206
2022-11-30,101.739998,98.940002,101.720001,95.917076
2022-12-01,102.360001,100.970001,101.750000,95.945358
2022-12-02,102.690002,100.660004,102.330002,96.492264
2022-12-05,101.519997,100.440002,100.620003,94.879814
2022-12-06,100.900002,98.680000,99.430000,93.757713
2022-12-07,100.000000,99.110001,99.300003,93.635132
2022-12-08,100.500000,99.529999,99.889999,94.191460
2022-12-09,100.260002,99.040001,99.070000,93.418259
2022-12-12,100.800003,99.220001,100.769997,95.021263
2022-12-13,103.309998,100.410004,101.150002,95.379601
2022-12-14,102.279999,100.379997,100.959999,95.200432
2022-12-15,100.050003,98.010002,98.519997,92.899620
2022-12-16,98.309998,97.139999,98.099998,92.503571
2022-12-19,98.269997,96.650002,97.120003,92.016579
2022-12-20,97.870003,96.800003,97.239998,92.130287
2022-12-21,99.239998,98.050003,99.070000,93.864136
2022-12-22,98.470001,96.300003,97.809998,92.670334
2022-12-23,98.529999,97.370003,98.389999,93.219841
2022-12-27,99.180000,98.160004,98.690002,93.504097
2022-12-28,99.099998,97.379997,97.400002,92.281883
2022-12-29,98.900002,97.769997,98.599998,93.418816
2022-12-30,98.400002,97.290001,98.209999,93.049309
2023-01-03,98.940002,97.510002,98.419998,93.248260
2023-01-04,99.610001,98.519997,99.290001,94.072548
2023-01-05,98.959999,97.949997,98.220001,93.058800
2023-01-06,101.190002,99.029999,100.910004,95.607452
2023-01-09,102.070000,100.330002,100.459999,95.181084
2023-01-10,101.070000,100.070000,101.010002,95.702187
2023-01-11,102.000000,101.040001,101.980003,96.621223
2023-01-12,102.980003,101.489998,102.580002,97.189690
2023-01-13,102.540001,101.449997,102.459999,97.075996
2023-01-17,102.540001,101.480003,101.589996,96.251709
2023-01-18,102.169998,99.620003,99.680000,94.442078
2023-01-19,99.320000,97.620003,97.629997,92.499786
2023-01-20,99.019997,97.309998,98.989998,93.788322
2023-01-23,100.610001,98.879997,100.070000,94.811562
2023-01-24,101.029999,98.989998,100.730003,95.436890
2023-01-25,100.440002,98.800003,100.169998,94.906326
2023-01-26,100.879997,99.470001,100.720001,95.427414
2023-01-27,101.620003,100.419998,101.139999,95.825348
2023-01-30,101.489998,100.070000,100.150002,94.887375
2023-01-31,101.879997,100.089996,101.849998,96.498039
2023-02-01,103.330002,100.980003,102.589996,97.199158
2023-02-02,103.989998,102.330002,103.389999,97.957123
2023-02-03,103.699997,102.580002,102.849998,97.445488
2023-02-06,102.989998,102.190002,102.599998,97.208618
2023-02-07,103.190002,101.250000,102.919998,97.511810
2023-02-08,102.830002,102.000000,102.339996,96.962288
2023-02-09,103.080002,101.139999,101.419998,96.090622
2023-02-10,102.220001,101.080002,102.139999,96.772820
2023-02-13,103.129997,102.160004,103.070000,97.653931
2023-02-14,103.260002,101.730003,102.790001,97.388664
2023-02-15,103.459999,102.019997,103.430000,97.995018
2023-02-16,103.139999,101.919998,102.360001,96.981255
2023-02-17,103.089996,101.889999,103.029999,97.616028
2023-02-21,102.580002,100.570000,100.669998,95.380028
2023-02-22,101.250000,100.000000,100.419998,95.143188
2023-02-23,101.500000,99.820000,100.889999,95.588478
2023-02-24,100.470001,99.400002,100.309998,95.038971
2023-02-27,101.970001,100.970001,101.199997,95.882195
2023-02-28,101.599998,100.870003,100.970001,95.664268
2023-03-01,101.900002,100.699997,101.370003,96.043266
2023-03-02,102.760002,100.760002,102.559998,97.170738
2023-03-03,103.839996,102.389999,103.669998,98.222397
2023-03-06,104.180000,103.330002,103.480003,98.042397
2023-03-07,103.639999,102.070000,102.150002,96.782280
2023-03-08,102.639999,101.650002,102.389999,97.009666
2023-03-09,103.300003,100.730003,100.879997,95.579018
2023-03-10,101.230003,98.690002,99.000000,93.797806
2023-03-13,99.360001,97.589996,98.440002,93.267227
2023-03-14,100.489998,98.320000,99.480003,94.252563
2023-03-15,97.820000,95.500000,97.029999,91.931320
2023-03-16,98.570000,96.129997,98.279999,93.115631
2023-03-17,98.019997,96.209999,96.669998,91.590240
2023-03-20,97.790001,96.709999,97.550003,92.803200
2023-03-21,99.089996,98.169998,98.680000,93.878212
2023-03-22,99.139999,96.750000,96.790001,92.080177
2023-03-23,98.150002,95.910004,96.510002,91.813805
2023-03-24,96.980003,95.190002,96.910004,92.194344
2023-03-27,98.050003,97.080002,97.720001,92.964920
2023-03-28,98.610001,97.529999,98.220001,93.440598
2023-03-29,99.699997,98.919998,99.650002,94.801025
2023-03-30,100.339996,99.540001,99.860001,95.000793
2023-03-31,101.239998,100.239998,101.180000,96.256577
2023-04-03,101.769997,100.629997,101.360001,96.427803
2023-04-04,101.419998,98.720001,99.089996,94.268257
2023-04-05,99.019997,97.500000,97.800003,93.041031
2023-04-06,98.169998,97.339996,97.769997,93.012497
2023-04-10,98.680000,97.389999,98.660004,93.859184
2023-04-11,99.709999,98.870003,99.250000,94.420479
2023-04-12,100.169998,99.309998,99.580002,94.734413
2023-04-13,100.139999,98.559998,99.949997,95.086403
2023-04-14,100.379997,99.239998,99.830002,94.972260
2023-04-17,100.650002,99.940002,100.620003,95.723801
2023-04-18,101.699997,100.730003,101.099998,96.180458
2023-04-19,101.190002,100.570000,101.019997,96.104340
2023-04-20,101.230003,100.430000,100.839996,95.933105
2023-04-21,101.169998,100.220001,100.610001,95.714302
2023-04-24,101.199997,100.449997,100.849998,95.942612
2023-04-25,100.290001,98.919998,98.989998,94.173126
2023-04-26,98.610001,96.919998,97.120003,92.394135
2023-04-27,99.160004,97.260002,99.040001,94.220688
2023-04-28,100.160004,98.919998,100.000000,95.133972
2023-05-01,101.110001,100.000000,100.540001,95.647697
2023-05-02,100.360001,98.360001,99.489998,94.648781
2023-05-03,100.510002,99.040001,99.110001,94.287292
2023-05-04,99.220001,97.489998,98.029999,93.259850
2023-05-05,99.809998,98.809998,99.510002,94.667824
2023-05-08,100.070000,98.790001,99.150002,94.325348
2023-05-09,99.519997,98.709999,99.370003,94.534645
2023-05-10,100.120003,97.879997,99.010002,94.192169
2023-05-11,98.620003,97.860001,98.410004,93.621346
2023-05-12,99.150002,97.750000,98.480003,93.687950
2023-05-15,99.300003,98.089996,98.959999,94.144592
2023-05-16,98.589996,97.620003,97.620003,92.869804
2023-05-17,99.620003,98.180000,99.300003,94.468040
2023-05-18,100.180000,98.860001,100.019997,95.153015
2023-05-19,100.889999,99.269997,99.779999,94.924675
2023-05-22,100.379997,98.949997,99.760002,94.905670
2023-05-23,99.599998,98.389999,98.559998,93.764046
2023-05-24,98.300003,97.150002,97.290001,92.555847
2023-05-25,97.849998,96.739998,97.610001,92.860283
2023-05-26,98.720001,97.779999,98.339996,93.554764
2023-05-30,98.720001,97.699997,98.190002,93.412064
2023-05-31,97.949997,96.529999,96.849998,92.137260
2023-06-01,98.309998,96.750000,98.089996,93.316910
2023-06-02,101.239998,99.059998,100.940002,96.028244
2023-06-05,101.150002,100.110001,100.239998,95.362305
2023-06-06,101.029999,99.910004,100.870003,95.961647
2023-06-07,102.559998,100.580002,102.489998,97.502800
2023-06-08,102.910004,101.830002,102.669998,97.674065
2023-06-09,102.760002,101.730003,102.400002,97.417198
2023-06-12,103.309998,102.120003,103.129997,98.111679
2023-06-13,104.419998,103.190002,104.330002,99.253288
2023-06-14,104.870003,103.599998,104.050003,98.986908
2023-06-15,105.830002,103.949997,105.620003,100.480515
2023-06-16,106.599998,105.290001,105.449997,100.318779
2023-06-20,104.660004,103.839996,104.250000,99.573761
2023-06-21,105.129997,103.489998,104.830002,100.127747
2023-06-22,104.550003,103.889999,104.070000,99.401840
2023-06-23,103.680000,102.910004,103.279999,98.647270
2023-06-26,104.339996,103.110001,104.139999,99.468697
2023-06-27,105.510002,104.180000,105.389999,100.662643
2023-06-28,105.599998,105.029999,105.389999,100.662643
2023-06-29,106.440002,105.190002,106.410004,101.636879
2023-06-30,107.620003,106.599998,107.320000,102.506073
2023-07-03,107.550003,106.470001,107.339996,102.525162
2023-07-05,107.120003,106.410004,106.760002,101.971184
2023-07-06,106.290001,105.339996,105.959999,101.207062
2023-07-07,107.220001,105.620003,106.199997,101.436302
2023-07-10,107.709999,106.220001,107.709999,102.878571
2023-07-11,109.139999,107.930000,108.980003,104.091606
2023-07-12,109.879997,108.669998,108.790001,103.910118
2023-07-13,109.180000,108.480003,108.930000,104.043839
2023-07-14,108.889999,108.059998,108.610001,103.738190
2023-07-17,109.379997,108.169998,109.019997,104.129791
2023-07-18,110.000000,109.019997,109.629997,104.712433
2023-07-19,109.900002,108.930000,109.580002,104.664688
2023-07-20,110.349998,109.370003,110.070000,105.132721
2023-07-21,110.190002,109.529999,109.550003,104.636032
2023-07-24,110.160004,109.440002,109.800003,104.874817
2023-07-25,109.750000,108.589996,109.660004,104.741104
2023-07-26,110.540001,109.870003,110.430000,105.476555
2023-07-27,110.470001,109.199997,109.480003,104.569183
2023-07-28,110.370003,109.739998,110.160004,105.218666
2023-07-31,110.589996,110.000000,110.419998,105.467003
2023-08-01,111.120003,110.059998,110.750000,105.782196
2023-08-02,110.599998,109.400002,109.589996,104.674217
2023-08-03,109.449997,108.730003,108.900002,104.015182
2023-08-04,109.400002,108.070000,108.239998,103.384796
2023-08-07,109.720001,108.599998,109.570000,104.655144
2023-08-08,109.279999,108.160004,109.070000,104.177559
2023-08-09,109.500000,108.599998,109.010002,104.120255
2023-08-10,109.949997,108.470001,108.709999,103.833702
2023-08-11,109.169998,108.419998,108.889999,104.005646
2023-08-14,108.989998,108.500000,108.930000,104.043839
2023-08-15,108.339996,107.419998,107.540001,102.716179
2023-08-16,108.199997,106.849998,106.940002,102.143097
2023-08-17,107.500000,106.010002,106.040001,101.283478
2023-08-18,106.580002,105.349998,106.239998,101.474495
2023-08-21,106.449997,105.360001,106.110001,101.350327
2023-08-22,106.699997,105.610001,105.860001,101.111557
2023-08-23,107.070000,105.860001,106.949997,102.152649
2023-08-24,107.300003,105.610001,105.650002,100.910973
2023-08-25,106.910004,105.309998,106.540001,101.761063
2023-08-28,107.769997,107.019997,107.410004,102.592026
2023-08-29,108.290001,107.010002,108.230003,103.375237
2023-08-30,109.080002,108.279999,108.720001,103.843269
2023-08-31,109.150002,108.209999,108.230003,103.375237
2023-09-01,109.139999,108.349998,108.800003,103.919678
2023-09-05,108.639999,106.930000,106.970001,102.171768
2023-09-06,107.309998,105.910004,106.510002,101.732391
2023-09-07,106.620003,105.500000,106.160004,101.398079
2023-09-08,106.330002,105.410004,105.629997,100.891861
2023-09-11,106.099998,105.080002,105.660004,100.920525
2023-09-12,105.870003,105.010002,105.279999,100.557579
2023-09-13,105.480003,104.099998,104.580002,99.888977
2023-09-14,105.629997,104.989998,105.610001,100.872772
2023-09-15,105.650002,104.699997,105.000000,100.290115
2023-09-18,105.290001,104.349998,104.690002,100.401382
2023-09-19,104.599998,103.500000,104.250000,99.979393
2023-09-20,105.330002,103.779999,103.839996,99.586197
2023-09-21,103.500000,102.099998,102.139999,97.955826
2023-09-22,102.440002,101.739998,101.790001,97.620171
2023-09-25,102.339996,101.320000,102.300003,98.109283
2023-09-26,101.959999,100.620003,100.739998,96.613190
2023-09-27,101.809998,100.690002,101.489998,97.332466
2023-09-28,102.629997,101.290001,101.919998,97.744843
2023-09-29,102.629997,101.040001,101.379997,97.226959
2023-10-02,101.370003,99.930000,100.389999,96.277542
2023-10-03,100.779999,99.279999,99.690002,95.606194
2023-10-04,100.190002,98.910004,100.010002,95.913101
2023-10-05,100.129997,99.010002,99.419998,95.347275
2023-10-06,101.360001,98.690002,100.779999,96.651558
2023-10-09,102.480003,100.980003,102.360001,98.166832
2023-10-10,103.589996,102.360001,102.980003,98.761421
2023-10-11,103.650002,102.790001,103.599998,99.356033
2023-10-12,103.919998,101.879997,102.660004,98.454536
2023-10-13,103.150002,101.300003,101.750000,97.581795
2023-10-16,103.400002,102.279999,102.830002,98.617577
2023-10-17,103.820000,102.330002,103.150002,98.924461
2023-10-18,102.519997,100.489998,100.660004,96.536461
2023-10-19,101.449997,99.519997,99.730003,95.644562
2023-10-20,100.040001,98.660004,98.699997,94.656754
2023-10-23,99.620003,98.190002,98.239998,94.215607
2023-10-24,99.660004,98.529999,98.980003,94.925285
2023-10-25,98.919998,97.669998,97.709999,93.707314
2023-10-26,98.459999,97.239998,97.300003,93.314110
2023-10-27,97.510002,96.120003,96.440002,92.489349
2023-10-30,97.970001,96.709999,97.639999,93.640175
2023-10-31,98.470001,97.269997,98.360001,94.330673
2023-11-01,98.879997,97.790001,98.680000,94.637573
2023-11-02,100.809998,99.550003,100.709999,96.584419
2023-11-03,102.150002,101.550003,101.599998,97.437958
2023-11-06,101.730003,100.849998,101.330002,97.179016
2023-11-07,101.239998,100.400002,101.080002,96.939255
2023-11-08,101.629997,100.900002,101.309998,97.159828
2023-11-09,102.120003,100.900002,101.089996,96.948853
2023-11-10,102.660004,101.290001,102.550003,98.349030
2023-11-13,102.870003,102.129997,102.639999,98.435341
2023-11-14,105.120003,103.889999,104.699997,100.410957
2023-11-15,105.720001,104.839996,104.919998,100.621956
2023-11-16,105.519997,104.519997,104.940002,100.641136
2023-11-17,105.650002,105.139999,105.610001,101.283699
2023-11-20,106.209999,105.059998,105.930000,101.590584
2023-11-21,106.050003,105.410004,105.849998,101.513855
2023-11-22,106.410004,105.610001,106.080002,101.734436
2023-11-24,106.540001,106.070000,106.339996,101.983780
2023-11-27,106.089996,105.580002,105.739998,101.408356
2023-11-28,106.379997,105.339996,105.489998,101.168610
2023-11-29,106.419998,105.680000,105.889999,101.552216
2023-11-30,107.110001,105.760002,107.050003,102.664688
2023-12-01,108.809998,107.070000,108.739998,104.285461
2023-12-04,108.970001,107.889999,108.919998,104.458092
2023-12-05,108.629997,107.900002,108.040001,103.614143
2023-12-06,109.169998,108.349998,108.519997,104.074471
2023-12-07,108.940002,108.309998,108.620003,104.170380
2023-12-08,109.489998,108.620003,108.959999,104.496468
2023-12-11,110.129997,109.180000,110.000000,105.493843
2023-12-12,110.730003,109.800003,110.500000,105.973366
2023-12-13,111.940002,109.919998,111.730003,107.152992
2023-12-14,113.440002,112.349998,113.169998,108.533989
2023-12-15,113.379997,112.470001,113.019997,108.390129
2023-12-18,112.760002,112.279999,112.400002,108.385307
2023-12-19,113.389999,112.650002,113.269997,109.224236
2023-12-20,113.389999,111.370003,111.440002,107.459610
2023-12-21,112.639999,111.720001,112.589996,108.568535
2023-12-22,113.529999,112.680000,113.129997,109.089249
2023-12-26,114.199997,113.050003,113.930000,109.860664
2023-12-27,114.370003,113.720001,114.099998,110.024597
2023-12-28,114.370003,113.820000,114.129997,110.053520
2023-12-29,114.400002,113.510002,113.989998,109.918526
2024-01-02,113.940002,112.489998,112.839996,108.809593
2024-01-03,112.419998,111.089996,111.160004,107.189613
2024-01-04,112.239998,111.230003,111.300003,107.324615
2024-01-05,111.940002,111.029999,111.430000,107.449959
2024-01-08,112.160004,110.639999,112.160004,108.153893
2024-01-09,111.940002,110.989998,111.809998,107.816399
2024-01-10,112.519997,111.730003,112.379997,108.366028
2024-01-11,112.570000,111.199997,112.120003,108.115326
2024-01-12,112.750000,111.669998,112.110001,108.105675
2024-01-16,111.639999,110.610001,110.980003,107.016045
2024-01-17,110.940002,109.949997,110.230003,106.292824
2024-01-18,111.900002,110.500000,111.720001,107.729607
2024-01-19,112.739998,111.099998,112.449997,108.433517
2024-01-22,113.610001,112.839996,113.320000,109.272446
2024-01-23,113.720001,112.739998,113.230003,109.185669
2024-01-24,113.709999,112.470001,112.529999,108.510666
2024-01-25,113.629997,112.800003,113.610001,109.552086
2024-01-26,114.110001,113.110001,113.430000,109.378532
2024-01-29,114.180000,113.169998,114.169998,110.092087
2024-01-30,114.370003,113.360001,114.209999,110.130669
2024-01-31,114.339996,112.870003,112.889999,108.857811
2024-02-01,114.839996,112.980003,114.809998,110.709221
2024-02-02,116.080002,114.129997,115.580002,111.451729
2024-02-05,115.360001,114.300003,114.949997,110.844231
2024-02-06,116.040001,114.820000,115.980003,111.837448
2024-02-07,117.099998,116.320000,116.750000,112.579941
2024-02-08,117.099998,116.290001,116.769997,112.599213
2024-02-09,116.959999,116.300003,116.949997,112.772804
2024-02-12,117.440002,116.769997,117.120003,112.936737
2024-02-13,116.139999,115.089996,115.919998,111.779587
2024-02-14,117.910004,116.680000,117.860001,113.650307
2024-02-15,118.809998,117.830002,118.739998,114.498856
2024-02-16,118.860001,117.900002,118.029999,113.814217
2024-02-20,118.040001,117.379997,117.660004,113.457443
2024-02-21,118.180000,117.349998,118.129997,113.910645
2024-02-22,119.809998,118.739998,119.589996,115.318497
2024-02-23,120.480003,119.760002,120.220001,115.926003
2024-02-26,120.480003,119.910004,120.040001,115.752426
2024-02-27,120.339996,119.720001,120.220001,115.926003
2024-02-28,120.940002,120.000000,120.629997,116.321350
2024-02-29,121.269997,120.410004,121.000000,116.678146
2024-03-01,121.589996,120.610001,121.519997,117.179558
2024-03-04,122.309998,121.519997,121.959999,117.603851
2024-03-05,122.019997,120.449997,120.959999,116.639565
2024-03-06,122.269997,121.309998,121.589996,117.247063
2024-03-07,122.730003,122.070000,122.570000,118.192078
2024-03-08,123.500000,121.959999,122.300003,117.931717
2024-03-11,122.180000,120.820000,121.669998,117.324196
2024-03-12,122.330002,121.099998,122.209999,117.844917
2024-03-13,122.820000,122.019997,122.540001,118.163132
2024-03-14,122.860001,121.220001,122.019997,117.661705
2024-03-15,122.529999,121.470001,122.040001,117.681000
2024-03-18,122.379997,121.739998,121.879997,117.889908
2024-03-19,122.940002,121.860001,122.930000,118.905548
2024-03-20,124.589996,122.639999,124.410004,120.337105
2024-03-21,125.940002,124.790001,125.639999,121.526833
2024-03-22,126.099998,125.180000,125.209999,121.110909
2024-03-25,125.269997,124.320000,124.400002,120.327408
2024-03-26,124.730003,123.900002,123.949997,119.892151
2024-03-27,125.949997,124.680000,125.940002,121.817009
2024-03-28,126.290001,125.720001,125.959999,121.836357
2024-04-01,126.160004,124.910004,124.989998,120.898117
2024-04-02,124.900002,124.150002,124.410004,120.337105
2024-04-03,125.400002,124.320000,125.050003,120.956154
2024-04-04,126.389999,123.580002,123.949997,119.892151
2024-04-05,126.000000,124.290001,125.669998,121.555840
2024-04-08,126.059998,125.360001,125.449997,121.343033
2024-04-09,125.959999,123.730003,125.160004,121.062531
2024-04-10,124.470001,123.180000,124.089996,120.027557
2024-04-11,124.739998,123.199997,124.230003,120.162994
2024-04-12,123.889999,122.379997,122.900002,118.876534
2024-04-15,124.760002,121.650002,122.019997,118.025330
2024-04-16,122.320000,121.120003,121.739998,117.754494
2024-04-17,122.449997,120.360001,121.110001,117.145134
2024-04-18,122.190002,120.510002,120.690002,116.738869
2024-04-19,121.620003,120.169998,120.470001,116.526085
2024-04-22,122.190002,120.629997,121.379997,117.406288
2024-04-23,123.239998,122.059998,123.070000,119.040962
2024-04-24,123.180000,121.070000,122.089996,118.093048
2024-04-25,122.750000,120.599998,122.459999,118.450943
2024-04-26,123.029999,122.129997,122.660004,118.644394
2024-04-29,123.589996,122.870003,123.480003,119.437553
2024-04-30,123.480003,121.470001,121.519997,117.541702
2024-05-01,122.849998,120.919998,121.220001,117.251526
2024-05-02,122.160004,120.559998,121.919998,117.928612
2024-05-03,123.209999,122.199997,122.769997,118.750786
2024-05-06,124.110001,123.470001,124.010002,119.950188
2024-05-07,124.709999,124.029999,124.349998,120.279068
2024-05-08,124.519997,123.589996,124.349998,120.279068
2024-05-09,125.589996,124.449997,125.589996,121.478455
2024-05-10,126.220001,125.440002,125.680000,121.565521
2024-05-13,126.099998,125.080002,125.150002,121.052864
2024-05-14,125.610001,124.849998,125.120003,121.023842
2024-05-15,126.029999,125.559998,125.940002,121.817009
2024-05-16,125.959999,125.139999,125.190002,121.091568
2024-05-17,125.480003,124.709999,125.330002,121.226974
2024-05-20,126.029999,125.239998,125.570000,121.459114
2024-05-21,125.360001,124.839996,125.160004,121.062531
2024-05-22,125.629997,124.629997,125.309998,121.207619
2024-05-23,125.680000,123.599998,123.830002,119.776085
2024-05-24,124.730003,123.790001,124.459999,120.385460
2024-05-28,124.410004,122.529999,122.940002,118.915222
2024-05-29,121.989998,121.099998,121.199997,117.232178
2024-05-30,122.120003,121.330002,122.029999,118.035011
2024-05-31,123.559998,121.330002,123.510002,119.466560
2024-06-03,123.959999,120.870003,122.000000,118.005981
2024-06-04,122.230003,121.010002,121.699997,117.715820
2024-06-05,122.949997,121.440002,122.930000,118.905548
2024-06-06,123.089996,121.720001,122.199997,118.199440
2024-06-07,123.139999,121.580002,122.330002,118.325195
2024-06-10,122.879997,122.089996,122.709999,118.692741
2024-06-11,122.169998,121.199997,122.010002,118.015671
2024-06-12,123.889999,122.629997,123.169998,119.137680
2024-06-13,123.070000,121.339996,122.379997,118.373558
2024-06-14,121.330002,119.660004,121.150002,117.183823
2024-06-17,122.690002,120.540001,122.489998,118.479935
2024-06-18,123.160004,122.230003,123.150002,119.118332
2024-06-20,123.559998,122.739998,123.230003,119.195717
2024-06-21,123.279999,121.919998,122.970001,118.944252
2024-06-24,124.209999,122.610001,123.070000,119.449905
2024-06-25,122.970001,121.449997,122.019997,118.430801
2024-06-26,121.879997,121.209999,121.690002,118.110504
2024-06-27,122.050003,121.379997,121.820000,118.236679
2024-06-28,122.959999,121.279999,121.870003,118.285217
2024-07-01,122.690002,120.290001,120.559998,117.013733
2024-07-02,121.260002,120.290001,121.220001,117.654335
2024-07-03,122.099998,121.150002,121.660004,118.081375
2024-07-05,121.629997,120.250000,121.220001,117.654335
2024-07-08,122.209999,121.000000,121.370003,117.799911
2024-07-09,121.620003,120.809998,120.839996,117.285507
2024-07-10,121.959999,120.760002,121.919998,118.333725
2024-07-11,123.910004,122.059998,123.470001,119.838135
2024-07-12,124.910004,123.870003,124.180000,120.527267
2024-07-15,125.660004,124.279999,125.070000,121.391083
2024-07-16,128.309998,125.430000,128.190002,124.419319
2024-07-17,127.900002,126.519997,126.550003,122.827553
2024-07-18,127.809998,125.379997,125.559998,121.866676
2024-07-19,126.099998,124.589996,124.870003,121.196960
2024-07-22,126.230003,124.480003,126.139999,122.429604
2024-07-23,126.589996,125.440002,125.900002,122.196663
2024-07-24,125.529999,123.070000,123.190002,119.566391
2024-07-25,126.099998,123.029999,124.180000,120.527267
2024-07-26,127.190002,125.389999,126.300003,122.584900
2024-07-29,126.699997,125.680000,126.080002,122.371376
2024-07-30,127.339996,125.940002,126.449997,122.730492
2024-07-31,129.070007,127.290001,127.860001,124.099014
2024-08-01,128.559998,124.730003,125.489998,121.798721
2024-08-02,124.349998,121.570000,122.730003,119.119919
2024-08-05,121.839996,119.169998,120.599998,117.052559
2024-08-06,123.779999,120.779999,122.050003,118.459923
2024-08-07,124.230003,121.389999,121.459999,117.887276
2024-08-08,124.349998,122.339996,124.260002,120.604919
2024-08-09,124.529999,123.000000,124.279999,120.624321
2024-08-12,124.480003,123.250000,123.650002,120.012848
2024-08-13,125.050003,123.339996,124.949997,121.274612
2024-08-14,125.680000,124.839996,125.459999,121.769615
2024-08-15,127.510002,126.300003,127.150002,123.409889
2024-08-16,127.330002,126.410004,126.970001,123.235191
2024-08-19,127.779999,126.940002,127.739998,123.982536
2024-08-20,127.849998,127.010002,127.389999,123.642830
2024-08-21,128.380005,127.540001,128.160004,124.390205
2024-08-22,128.669998,127.599998,128.000000,124.234886
2024-08-23,129.580002,128.190002,129.279999,125.477242
2024-08-26,130.000000,128.869995,129.139999,125.341362
2024-08-27,129.289993,128.509995,129.220001,125.419014
2024-08-28,129.949997,128.509995,129.160004,125.360779
2024-08-29,131.199997,129.100006,130.070007,126.244026
2024-08-30,131.589996,129.589996,131.460007,127.593124
2024-09-03,131.020004,128.059998,128.550003,124.768730
2024-09-04,129.460007,128.190002,128.679993,124.894897
2024-09-05,128.559998,126.470001,127.180000,123.439018
2024-09-06,128.270004,125.639999,125.889999,122.186966
2024-09-09,128.330002,126.919998,127.820000,124.060188
2024-09-10,128.320007,126.970001,128.039993,124.273712
2024-09-11,128.429993,125.110001,128.270004,124.496964
2024-09-12,129.270004,127.589996,129.259995,125.457840
2024-09-13,131.059998,129.559998,130.570007,126.729294
2024-09-16,132.029999,130.449997,131.240005,127.379608
2024-09-17,132.429993,131.220001,131.960007,128.078430
2024-09-18,133.669998,131.649994,131.850006,127.971680
2024-09-19,134.369995,132.970001,134.119995,130.174866
2024-09-20,133.460007,132.440002,133.179993,129.262527
2024-09-23,133.850006,132.759995,133.639999,130.130127
2024-09-24,134.639999,133.699997,134.600006,131.064926
2024-09-25,135.149994,133.869995,133.970001,130.451477
2024-09-26,135.470001,134.470001,134.639999,131.103851
2024-09-27,135.699997,134.619995,134.830002,131.288879
2024-09-30,135.570007,134.039993,135.440002,131.882858
2024-10-01,136.160004,134.289993,135.509995,131.951004
2024-10-02,135.779999,134.690002,135.259995,131.707565
2024-10-03,135.259995,134.070007,134.570007,131.035706
2024-10-04,135.919998,134.270004,135.509995,131.951004
2024-10-07,135.740005,134.509995,135.179993,131.629654
2024-10-08,135.899994,134.960007,135.479996,131.921799
2024-10-09,136.779999,135.300003,136.690002,133.100021
2024-10-10,136.369995,135.529999,135.990005,132.418411
2024-10-11,138.470001,136.490005,138.419998,134.784576
2024-10-14,139.320007,137.850006,139.250000,135.592804
2024-10-15,139.770004,138.059998,138.179993,134.550873
2024-10-16,139.550003,138.339996,139.250000,135.592804
2024-10-17,139.470001,138.600006,138.850006,135.203293
2024-10-18,139.330002,138.429993,139.270004,135.612274
2024-10-21,139.449997,138.220001,138.779999,135.135132
2024-10-22,138.279999,136.389999,137.100006,133.499268
2024-10-23,137.539993,136.000000,136.699997,133.109756
2024-10-24,136.490005,135.369995,135.759995,132.194443
2024-10-25,136.750000,135.119995,135.399994,131.843887
2024-10-28,136.399994,135.759995,135.800003,132.233398
2024-10-29,136.149994,134.589996,135.619995,132.058121
2024-10-30,136.119995,134.789993,135.389999,131.834167
2024-10-31,134.669998,133.410004,133.830002,130.315140
2024-11-01,135.240005,133.979996,134.009995,130.490402
2024-11-04,134.880005,133.490005,133.860001,130.344345
2024-11-05,136.130005,133.990005,136.100006,132.525513
2024-11-06,141.679993,139.169998,141.429993,137.715530
2024-11-07,141.889999,140.389999,140.580002,136.887863
2024-11-08,142.529999,140.720001,142.089996,138.358200
2024-11-11,143.720001,142.860001,143.190002,139.429306
2024-11-12,143.669998,141.380005,141.960007,138.231628
2024-11-13,143.059998,142.070007,142.259995,138.523727
2024-11-14,142.309998,139.710007,139.860001,136.186768
2024-11-15,140.210007,138.750000,139.110001,135.456467
2024-11-18,139.490005,138.580002,138.919998,135.271454
2024-11-19,139.160004,137.820007,138.800003,135.154602
2024-11-20,139.279999,137.929993,138.949997,135.300690
2024-11-21,141.179993,139.080002,140.690002,136.994965
2024-11-22,142.690002,140.929993,142.649994,138.903473
2024-11-25,143.929993,142.919998,143.539993,139.770111
2024-11-26,143.970001,142.830002,143.710007,139.935654
2024-11-27,144.509995,143.139999,143.179993,139.419556
2024-11-29,144.259995,143.399994,143.990005,140.208313
2024-12-02,144.110001,142.740005,142.929993,139.176117
2024-12-03,143.220001,141.559998,142.029999,138.299759
2024-12-04,142.660004,141.660004,142.649994,138.903473
2024-12-05,142.770004,140.889999,140.919998,137.218903
2024-12-06,141.660004,140.330002,140.559998,136.868378
2024-12-09,140.750000,139.259995,139.339996,135.680420
2024-12-10,139.520004,138.190002,139.000000,135.349350
2024-12-11,139.929993,138.619995,138.679993,135.037750
2024-12-12,138.949997,137.720001,137.789993,134.171112
2024-12-13,138.100006,137.289993,137.429993,133.820572
2024-12-16,138.059998,137.110001,137.550003,133.937424
2024-12-17,137.270004,135.970001,136.289993,132.710526
2024-12-18,136.789993,132.350006,132.440002,128.961639
2024-12-19,134.050003,132.220001,132.270004,128.796097
2024-12-20,134.809998,131.809998,133.820007,130.305405
2024-12-23,133.320007,132.009995,133.119995,130.276016
2024-12-24,134.220001,132.729996,134.160004,131.293839
2024-12-26,134.589996,133.509995,134.259995,131.391663
2024-12-27,134.259995,132.490005,133.259995,130.413040
2024-12-30,132.539993,130.639999,131.919998,129.101669
2024-12-31,132.529999,131.360001,131.759995,128.945084
2025-01-02,132.949997,130.710007,131.300003,128.494904
2025-01-03,133.000000,131.330002,132.720001,129.884598
2025-01-06,133.820007,132.190002,132.429993,129.600784
2025-01-07,133.160004,131.850006,132.300003,129.473541
2025-01-08,132.949997,131.250000,132.820007,129.982468
2025-01-10,132.250000,131.050003,131.330002,128.524292
2025-01-13,132.949997,130.449997,132.869995,130.031387
2025-01-14,134.639999,133.210007,134.440002,131.567841
2025-01-15,136.639999,135.039993,135.289993,132.399658
2025-01-16,137.130005,135.509995,136.929993,134.004654
2025-01-17,138.259995,137.210007,137.750000,134.807144
2025-01-21,140.580002,138.960007,140.580002,137.576675
2025-01-22,141.169998,140.190002,140.250000,137.253708
2025-01-23,141.899994,140.559998,141.669998,138.643372
2025-01-24,141.649994,140.789993,141.070007,138.056198
2025-01-27,139.509995,138.500000,139.179993,136.206589
2025-01-28,139.630005,137.850006,138.259995,135.306213
2025-01-29,139.229996,137.710007,137.789993,134.846252
2025-01-30,139.589996,137.589996,139.330002,136.353363
2025-01-31,139.740005,138.190002,138.350006,135.394318
2025-02-03,137.970001,135.330002,136.979996,134.053574
2025-02-04,137.750000,136.720001,137.020004,134.092728
2025-02-05,137.740005,136.160004,137.119995,134.190582
2025-02-06,137.880005,136.789993,137.740005,134.797333
2025-02-07,138.539993,137.050003,137.330002,134.396088
2025-02-10,138.610001,137.630005,138.559998,135.599792
2025-02-11,138.679993,137.699997,138.610001,135.648743
2025-02-12,138.240005,136.410004,137.750000,134.807144
2025-02-13,138.250000,137.309998,137.889999,134.944122
2025-02-14,138.250000,137.389999,137.550003,134.611389
2025-02-18,138.889999,137.880005,138.630005,135.668335
2025-02-19,139.080002,138.070007,138.770004,135.805359
2025-02-20,138.630005,136.869995,137.860001,134.914764
2025-02-21,138.000000,134.309998,134.839996,131.959305
2025-02-24,135.600006,134.050003,134.229996,131.362305
2025-02-25,135.399994,133.490005,134.919998,132.037582
2025-02-26,136.360001,134.820007,135.000000,132.115875
2025-02-27,136.429993,134.350006,134.529999,131.655930
2025-02-28,136.460007,134.240005,136.330002,133.417450
2025-03-03,137.639999,133.669998,134.389999,131.518906
2025-03-04,134.000000,130.789993,131.770004,128.954880
2025-03-05,134.399994,132.100006,133.850006,130.990448
2025-03-06,133.600006,131.740005,132.699997,129.865036
2025-03-07,134.600006,131.529999,134.250000,131.381912
2025-03-10,134.080002,131.100006,132.149994,129.326752
2025-03-11,132.020004,129.419998,130.119995,127.340126
2025-03-12,131.490005,128.990005,130.110001,127.330345
2025-03-13,130.399994,128.259995,128.779999,126.028770
2025-03-14,131.380005,129.470001,131.130005,128.328552
2025-03-17,133.550003,130.800003,132.940002,130.099869
2025-03-18,132.580002,131.130005,131.880005,129.062546
2025-03-19,134.389999,132.149994,133.630005,130.775131
2025-03-20,133.940002,132.320007,132.960007,130.119446
2025-03-21,132.410004,130.979996,132.250000,129.424606
2025-03-24,134.520004,133.100006,134.289993,131.824722
2025-03-25,134.940002,133.839996,134.490005,132.021072
2025-03-26,135.380005,133.199997,133.600006,131.147415
2025-03-27,134.009995,132.270004,132.889999,130.450424
2025-03-28,132.800003,130.080002,130.149994,127.760735
2025-03-31,131.850006,128.419998,131.070007,128.663849
2025-04-01,132.089996,129.649994,131.809998,129.390259
2025-04-02,133.509995,130.259995,133.050003,130.607529
2025-04-03,129.710007,125.760002,125.849998,123.539680
2025-04-04,122.680000,117.790001,117.940002,115.774887
2025-04-07,121.800003,112.750000,117.389999,115.234985
2025-04-08,121.669998,114.639999,116.419998,114.282791
2025-04-09,127.550003,115.230003,126.760002,124.432976
2025-04-10,124.980003,119.910004,123.489998,121.223007
2025-04-11,126.320000,121.989998,125.669998,123.362984
2025-04-14,127.820000,125.919998,126.980003,124.648933
2025-04-15,127.809998,126.160004,126.349998,124.030502
2025-04-16,126.430000,123.639999,124.620003,122.332260
2025-04-17,126.489998,124.669998,125.300003,122.999794
2025-04-21,124.349998,121.139999,122.489998,120.241356
2025-04-22,125.180000,123.120003,124.629997,122.342079
2025-04-23,129.130005,125.820000,126.190002,123.873436
2025-04-24,129.259995,125.760002,129.020004,126.651497
2025-04-25,129.500000,128.100006,129.009995,126.641670
2025-04-28,130.300003,128.220001,129.440002,127.063766
2025-04-29,130.539993,128.940002,130.279999,127.888351
2025-04-30,131.589996,127.849998,131.220001,128.811096
2025-05-01,133.160004,131.250000,132.210007,129.782913
2025-05-02,135.110001,133.699997,134.580002,132.109406
2025-05-05,135.449997,133.669998,134.649994,132.178131
2025-05-06,134.229996,132.960007,133.470001,131.019791
2025-05-07,134.740005,133.419998,134.149994,131.687317
2025-05-08,137.350006,134.940002,136.000000,133.503342
2025-05-09,136.559998,135.199997,136.110001,133.611343
2025-05-12,140.350006,138.979996,140.300003,137.724426
2025-05-13,142.179993,140.589996,141.279999,138.686401
2025-05-14,141.419998,140.199997,140.600006,138.018890
2025-05-15,142.380005,140.800003,142.160004,139.550278
2025-05-16,143.779999,141.910004,143.779999,141.140533
2025-05-19,144.389999,142.389999,144.270004,141.621536
2025-05-20,144.460007,143.190002,143.750000,141.111084
2025-05-21,143.389999,141.110001,141.320007,138.725708
2025-05-22,142.160004,140.529999,141.289993,138.696228
2025-05-23,141.339996,139.630005,140.830002,138.244659
2025-05-27,143.429993,141.699997,143.309998,140.679153
2025-05-28,143.789993,142.399994,142.600006,139.982208
2025-05-29,143.289993,141.720001,142.729996,140.109802
2025-05-30,143.320007,141.559998,142.820007,140.198151
2025-06-02,142.699997,140.839996,142.639999,140.021454
2025-06-03,143.830002,142.550003,143.740005,141.101273
2025-06-04,144.570007,143.809998,143.820007,141.179794
2025-06-05,144.350006,143.169998,143.720001,141.081635
2025-06-06,145.559998,144.470001,144.929993,142.269394
2025-06-09,145.520004,144.509995,144.800003,142.141800
2025-06-10,145.080002,143.410004,144.169998,141.523346
2025-06-11,144.690002,142.839996,144.240005,141.592102
2025-06-12,143.979996,142.960007,143.860001,141.219055
2025-06-13,143.919998,142.220001,142.649994,140.031250
2025-06-16,144.529999,143.330002,143.630005,140.993301
2025-06-17,143.580002,142.350006,142.550003,139.933121
2025-06-18,143.660004,142.119995,142.210007,139.599350
2025-06-20,143.419998,141.889999,142.369995,139.756409
2025-06-23,143.940002,141.279999,143.860001,141.648865
2025-06-24,145.300003,143.820007,145.059998,142.830429
2025-06-25,145.240005,143.460007,143.779999,141.570114
2025-06-26,145.509995,144.100006,145.339996,143.106110
2025-06-27,147.429993,145.429993,146.789993,144.533844
2025-06-30,147.729996,146.580002,147.520004,145.252625
2025-07-01,148.360001,146.910004,148.009995,145.735077
2025-07-02,148.160004,147.300003,148.160004,145.882782
2025-07-03,149.539993,148.550003,149.419998,147.123413
2025-07-07,149.820007,147.869995,148.899994,146.611389
2025-07-08,149.309998,148.139999,148.860001,146.572021
2025-07-09,150.039993,148.899994,149.899994,147.596039
2025-07-10,151.259995,150.009995,150.740005,148.423111
2025-07-11,150.610001,149.619995,150.199997,147.891418
2025-07-14,151.139999,149.899994,151.009995,148.688965
2025-07-15,151.479996,149.860001,149.880005,147.576355
2025-07-16,150.520004,148.389999,150.410004,148.098190
2025-07-17,151.979996,150.809998,151.800003,149.466843
2025-07-18,152.479996,150.789993,151.460007,149.132065
2025-07-21,152.039993,150.600006,150.660004,148.344345
2025-07-22,151.320007,149.710007,151.020004,148.698822
2025-07-23,153.809998,152.039993,153.729996,151.367157
2025-07-24,154.589996,153.050003,153.470001,151.111145
2025-07-25,155.059998,153.360001,154.990005,152.607819
2025-07-28,155.149994,154.070007,154.509995,152.135178
2025-07-29,154.600006,152.240005,152.750000,150.402222
2025-07-30,152.839996,151.289993,152.000000,149.663742
2025-07-31,153.070007,151.509995,152.009995,149.673584
2025-08-01,150.350006,148.130005,149.740005,147.438492
2025-08-04,151.259995,150.119995,151.119995,148.797287
2025-08-05,151.600006,149.779999,150.809998,148.492050
2025-08-06,151.250000,149.809998,150.929993,148.610199
2025-08-07,151.839996,149.789993,150.710007,148.393600
2025-08-08,151.789993,150.440002,150.830002,148.511749
2025-08-11,150.940002,149.979996,150.339996,148.029266
2025-08-12,151.960007,150.679993,151.899994,149.565308
2025-08-13,152.570007,150.740005,152.479996,150.136368
2025-08-14,151.899994,150.850006,151.130005,148.807144
2025-08-15,151.259995,150.330002,150.440002,148.127747
2025-08-18,151.190002,150.300003,151.029999,148.708679
2025-08-19,152.300003,150.750000,151.360001,149.033600
2025-08-20,151.570007,150.270004,151.220001,148.895752
2025-08-21,151.389999,150.419998,150.679993,148.364029
2025-08-22,154.199997,151.449997,153.139999,150.786209
2025-08-25,153.389999,151.589996,151.610001,149.279739
2025-08-26,153.320007,151.610001,153.169998,150.815781
2025-08-27,153.399994,152.850006,153.149994,150.796082
2025-08-28,153.750000,152.839996,153.419998,151.061920
2025-08-29,153.309998,151.410004,152.009995,149.673584
2025-09-02,150.720001,149.610001,150.559998,148.245880
2025-09-03,150.619995,149.100006,149.800003,147.497589
2025-09-04,151.520004,149.679993,151.490005,149.161606
2025-09-05,152.080002,149.399994,150.929993,148.610199
2025-09-08,151.539993,150.110001,151.270004,148.944977
2025-09-09,151.009995,149.320007,150.250000,147.940659
2025-09-10,151.839996,150.470001,151.360001,149.033600
2025-09-11,153.270004,151.220001,152.800003,150.451462
2025-09-12,152.839996,151.490005,151.580002,149.250214
2025-09-15,152.679993,151.699997,152.279999,149.939453
2025-09-16,152.679993,151.339996,151.830002,149.496368
2025-09-17,152.699997,150.149994,151.139999,148.816986
2025-09-18,153.100006,151.190002,152.750000,150.402222
2025-09-19,153.460007,151.910004,153.119995,150.766556
2025-09-22,153.240005,151.690002,153.000000,151.270782
2025-09-23,154.259995,152.429993,153.039993,151.310318
2025-09-24,153.699997,152.220001,152.250000,150.529282
2025-09-25,151.770004,150.619995,151.220001,149.510910
2025-09-26,153.210007,152.020004,152.580002,150.855530
2025-09-29,153.919998,152.529999,153.050003,151.320221
2025-09-30,154.380005,152.839996,154.229996,152.486893
2025-10-01,154.110001,153.110001,153.800003,152.061752
2025-10-02,154.800003,153.279999,154.199997,152.457214
2025-10-03,155.410004,153.940002,154.410004,152.664856
2025-10-06,155.440002,154.169998,155.130005,153.376709
2025-10-07,155.770004,153.899994,154.250000,152.506653
2025-10-08,155.820007,153.960007,155.589996,153.831512
2025-10-09,155.940002,153.070007,153.289993,151.557495
2025-10-10,154.199997,149.889999,149.899994,148.205826
2025-10-13,152.039993,150.690002,151.460007,149.748199
2025-10-14,153.929993,149.979996,153.240005,151.508072
2025-10-15,154.649994,151.259995,152.600006,150.875290
2025-10-16,153.309998,150.839996,151.600006,149.886612
2025-10-17,152.350006,150.990005,151.729996,150.015121
2025-10-20,153.850006,152.479996,153.520004,151.784912
2025-10-21,155.649994,153.720001,154.880005,153.129547
2025-10-22,155.460007,152.410004,152.869995,151.142242
2025-10-23,155.009995,153.199997,154.779999,153.030670
2025-10-24,156.039993,154.839996,154.910004,153.159210
2025-10-27,156.050003,155.089996,155.789993,154.029236
2025-10-28,156.289993,154.660004,154.679993,152.931793
2025-10-29,156.270004,154.350006,155.080002,153.327271
2025-10-30,156.990005,154.309998,154.690002,152.941681
2025-10-31,155.630005,154.289993,155.059998,153.307510
2025-11-03,155.050003,153.250000,154.399994,152.654968
2025-11-04,153.000000,151.809998,152.610001,150.885208
2025-11-05,154.039993,152.029999,153.199997,151.468521
2025-11-06,153.770004,152.210007,152.589996,150.865417
2025-11-07,153.550003,151.139999,153.330002,151.597061
2025-11-10,154.630005,152.529999,154.199997,152.457214
2025-11-11,154.690002,153.350006,154.240005,152.496765
2025-11-12,155.539993,154.289993,154.389999,152.645081
2025-11-13,154.830002,151.679993,152.000000,150.282074
2025-11-14,152.880005,150.789993,152.009995,150.291946
2025-11-17,152.289993,149.880005,150.520004,148.818817
2025-11-18,150.759995,149.100006,149.850006,148.156403
2025-11-19,150.860001,149.600006,150.350006,148.650757
2025-11-20,152.720001,147.720001,147.830002,146.159210
2025-11-21,150.289993,147.139999,149.630005,147.938858
2025-11-24,150.610001,148.929993,150.000000,148.304688
2025-11-25,152.179993,149.309998,151.919998,150.202988
2025-11-26,153.570007,151.899994,152.800003,151.073044
2025-11-28,153.860001,152.770004,153.690002,151.952988
2025-12-01,153.009995,151.369995,151.440002,149.728424
2025-12-02,153.210007,151.690002,152.759995,151.033493
2025-12-03,154.250000,152.550003,154.210007,152.467102
2025-12-04,155.470001,154.110001,155.009995,153.258057
2025-12-05,155.330002,154.110001,154.580002,152.832932
2025-12-08,155.009995,154.020004,154.389999,152.645081
2025-12-09,155.020004,153.190002,153.259995,151.527847
2025-12-10,156.720001,153.839996,156.059998,154.296204
2025-12-11,157.880005,155.759995,157.729996,155.947327
2025-12-12,158.460007,156.259995,156.740005,154.968521
2025-12-15,157.740005,156.610001,156.990005,155.215683
2025-12-16,157.289993,155.410004,156.059998,154.296204
2025-12-17,156.449997,153.369995,153.529999,151.794800
2025-12-18,155.779999,154.059998,154.529999,152.783493
2025-12-19,156.119995,154.589996,155.860001,154.098465
2025-12-22,157.179993,155.710007,157.050003,155.806824
2025-12-23,157.369995,156.679993,156.990005,155.747299
2025-12-24,157.690002,156.800003,157.500000,156.253265
2025-12-26,157.419998,156.789993,157.210007,155.965576
2025-12-29,157.570007,156.529999,156.869995,155.628235
2025-12-30,157.070007,156.389999,156.419998,155.181824
2025-12-31,156.559998,155.059998,155.119995,153.892105
2026-01-02,158.009995,154.979996,157.979996,156.729462
2026-01-05,160.570007,158.300003,159.850006,158.584671
2026-01-06,162.160004,159.179993,162.020004,160.737488
2026-01-07,162.600006,158.869995,158.970001,157.711639
2026-01-08,161.360001,159.759995,160.169998,158.902145
2026-01-09,162.220001,160.630005,161.929993,160.648193
2026-01-12,163.250000,161.369995,163.169998,161.878372
2026-01-13,164.539993,163.419998,164.009995,162.711731
2026-01-14,164.300003,162.809998,164.270004,162.969681
2026-01-15,166.050003,164.990005,165.779999,164.467712
2026-01-16,167.199997,166.119995,166.899994,165.578857
2026-01-20,165.710007,163.179993,163.529999,162.235519
2026-01-21,167.009995,164.169998,166.360001,165.043137
2026-01-22,167.009995,165.190002,165.500000,164.189926
2026-01-23,165.820007,163.710007,164.220001,162.920074
2026-01-26,164.669998,163.850006,164.380005,163.078827
2026-01-27,165.380005,163.710007,165.059998,163.753418
2026-01-28,165.279999,163.520004,164.139999,162.840698
2026-01-29,166.910004,164.050003,165.860001,164.547073
2026-01-30,166.309998,163.729996,165.440002,164.130417
2026-02-02,167.619995,165.059998,167.529999,166.203857
2026-02-03,169.800003,166.919998,168.940002,167.602707
2026-02-04,170.770004,167.850006,169.389999,168.049149
2026-02-05,169.320007,167.449997,168.369995,167.037231
2026-02-06,173.389999,169.809998,173.179993,171.809143
2026-02-09,174.130005,172.639999,173.699997,172.325012
2026-02-10,174.850006,173.429993,173.910004,172.533386
2026-02-11,176.750000,174.080002,174.839996,173.455994
2026-02-12,177.759995,172.449997,172.750000,171.382538
2026-02-13,175.309998,172.639999,174.169998,172.791306
2026-02-17,175.970001,173.399994,175.080002,173.694092
2026-02-18,176.000000,174.380005,175.039993,173.654419
2026-02-19,176.940002,174.750000,176.339996,174.944138
2026-02-20,178.220001,175.610001,177.229996,175.827087
2026-02-23,176.919998,174.350006,174.830002,173.446091
2026-02-24,177.220001,174.369995,176.979996,175.579056
2026-02-25,177.759995,174.440002,175.600006,174.209991
2026-02-26,176.970001,173.910004,176.699997,175.301285
2026-02-27,177.229996,175.029999,177.139999,175.737793
2026-03-02,179.309998,175.660004,178.899994,177.483871
2026-03-03,176.190002,172.669998,175.440002,174.051270
2026-03-04,176.929993,174.690002,175.970001,174.577057
2026-03-05,175.240005,170.210007,172.059998,170.698013
2026-03-06,170.660004,168.259995,169.940002,168.594788
2026-03-09,171.399994,166.169998,170.940002,169.586884
2026-03-10,172.380005,169.820007,170.020004,168.674149
2026-03-11,170.320007,168.369995,169.490005,168.148361
2026-03-12,168.119995,165.160004,165.240005,163.932007
2026-03-13,166.820007,163.729996,164.649994,163.346664
2026-03-16,167.139999,165.339996,166.059998,164.745499
2026-03-17,167.559998,165.050003,166.500000,165.182022
2026-03-18,167.169998,165.059998,165.179993,163.872467
2026-03-19,164.990005,162.250000,164.059998,162.761337
2026-03-20,164.649994,160.309998,161.669998,160.390244
2026-03-23,166.179993,163.020004,163.050003,162.213852
2026-03-24,164.559998,161.139999,164.000000,163.158997
2026-03-25,166.320007,164.320007,165.100006,164.253357
2026-03-26,164.610001,161.089996,161.270004,160.442993
2026-03-27,161.289993,158.850006,159.199997,158.383606
2026-03-30,160.740005,156.080002,156.610001,155.806885
2026-03-31,162.240005,158.050003,161.729996,160.900635
2026-04-01,165.770004,163.270004,164.429993,163.586761
2026-04-02,165.740005,161.139999,163.770004,162.930176
2026-04-06,164.639999,162.770004,164.610001,163.765869
2026-04-07,164.679993,162.800003,164.279999,163.437561
2026-04-08,171.059998,169.110001,170.440002,169.565964
2026-04-09,173.160004,169.800003,172.190002,171.306992
2026-04-10,172.699997,171.210007,171.520004,170.640427
2026-04-13,172.779999,170.610001,172.729996,171.844208
2026-04-14,174.039993,172.029999,173.350006,172.461044
2026-04-15,173.149994,170.080002,171.179993,170.302170
2026-04-16,172.059998,169.520004,170.330002,169.456528
2026-04-17,175.130005,172.139999,173.509995,172.620209
2026-04-20,173.979996,172.559998,173.899994,173.008209
2026-04-21,174.690002,170.929993,171.440002,170.560837
2026-04-22,173.919998,170.330002,171.039993,170.162872
2026-04-23,174.789993,171.600006,174.070007,173.177353
2026-04-24,174.179993,171.960007,172.470001,171.585556
2026-04-27,173.509995,171.520004,172.509995,171.625351
2026-04-28,171.860001,169.539993,170.979996,170.103195
2026-04-29,171.710007,169.229996,169.929993,169.058578
2026-04-30,174.820007,171.139999,174.580002,173.684738
2026-05-01,175.429993,172.940002,172.960007,172.073044
2026-05-04,173.210007,170.660004,170.979996,170.103195
2026-05-05,173.059998,171.199997,172.410004,171.525864
2026-05-06,177.339996,174.250000,176.869995,175.962997
2026-05-07,177.720001,173.429993,174.000000,173.107697
2026-05-08,175.320007,173.089996,173.199997,172.311813
2026-05-11,175.550003,172.880005,175.039993,174.142365
2026-05-12,174.789993,172.139999,174.350006,173.455917
2026-05-13,174.610001,172.520004,173.619995,172.729645
2026-05-14,174.729996,172.839996,174.509995,173.615082
2026-05-15,172.800003,170.929993,171.399994,170.521027
2026-05-18,171.570007,169.500000,170.750000,169.874374
2026-05-19,170.179993,168.110001,168.740005,167.874680
2026-05-20,171.479996,168.369995,170.729996,169.854462
2026-05-21,171.300003,168.910004,170.529999,169.655502
2026-05-22,172.880005,170.419998,171.770004,170.889145
2026-05-26,174.779999,172.869995,174.300003,173.406174
2026-05-27,174.860001,173.470001,174.300003,173.406174
2026-05-28,174.710007,172.059998,173.800003,172.908737
2026-05-29,173.880005,172.369995,173.130005,172.242172
2026-06-01,172.860001,170.389999,172.399994,171.515915
2026-06-02,174.500000,172.369995,174.190002,173.296738
2026-06-03,176.100006,173.550003,174.050003,173.157455
2026-06-04,176.479996,174.279999,176.160004,175.256638
2026-06-05,176.369995,173.479996,174.179993,173.286774
2026-06-08,175.330002,173.270004,173.630005,172.739609
2026-06-09,176.589996,171.729996,175.600006,174.699509
2026-06-10,174.580002,169.449997,169.660004,168.789963
2026-06-11,175.679993,170.990005,175.149994,174.251801
2026-06-12,176.610001,174.630005,176.179993,175.276520
2026-06-15,179.979996,178.509995,178.679993,177.763687
2026-06-16,181.100006,179.309998,179.850006,178.927704
2026-06-17,182.330002,179.130005,179.600006,178.678986
2026-06-18,182.919998,180.449997,180.910004,179.982285
2026-06-22,182.279999,180.690002,181.800003,181.312698
2026-06-23,180.009995,177.229996,178.149994,177.672470
2026-06-24,181.889999,178.339996,180.210007,179.726974
2026-06-25,186.089996,182.059998,184.119995,183.626480
2026-06-26,183.070007,180.910004,181.199997,180.714310
2026-06-29,183.580002,181.350006,182.759995,182.270126
2026-06-30,185.449997,182.699997,185.229996,184.733505
2026-07-01,185.649994,182.720001,183.360001,182.868515
2026-07-02,185.479996,181.910004,183.910004,183.417053
2026-07-06,186.449997,184.699997,185.559998,185.062622
2026-07-07,184.919998,180.660004,182.380005,181.891144
2026-07-08,181.889999,179.080002,180.419998,179.936401
2026-07-09,182.750000,180.729996,181.110001,180.624542
2026-07-10,182.580002,180.160004,181.919998,181.432373
2026-07-13,182.179993,179.800003,180.369995,179.886520
2026-07-14,182.509995,179.860001,180.449997,179.966309
2026-07-15,181.020004,177.779999,180.059998,179.577362
2026-07-16,180.559998,178.550003,180.149994,179.667114
2026-07-17,181.460007,177.600006,179.410004,178.929108
2026-07-20,181.270004,177.589996,178.119995,177.642563
2026-07-21,179.940002,177.759995,178.660004,178.181122
2026-07-22,179.839996,178.139999,178.850006,178.370605
2026-07-23,182.979996,179.089996,181.940002,181.452332
2026-07-24,183.899994,181.740005,182.660004,182.170395
2026-07-27,184.419998,180.839996,183.199997,182.708939
2026-07-28,182.949997,181.440002,182.490005,182.000854
2026-07-29,181.440002,176.350006,176.660004,176.186478
2026-07-30,179.100006,175.960007,178.389999,177.911835
2026-07-31,180.919998,177.889999,179.839996,179.357956
2026-08-03,183.350006,180.100006,183.160004,182.669052
2026-08-04,186.869995,183.279999,186.399994,185.900360
2026-08-05,188.190002,185.990005,186.350006,185.850510
2026-08-06,187.460007,184.500000,184.759995,184.264755
2026-08-07,185.869995,183.990005,185.179993,184.683640
2026-08-10,185.929993,184.369995,184.600006,184.105194
2026-08-11,187.259995,185.029999,185.699997,185.202240
2026-08-12,187.410004,185.149994,185.880005,185.381775
2026-08-13,186.669998,184.740005,185.789993,185.291992
2026-08-14,186.880005,185.600006,186.509995,186.010071
2026-08-17,187.389999,186.179993,186.320007,185.820587
2026-08-18,185.580002,183.509995,183.570007,183.077957
2026-08-19,184.619995,181.720001,181.949997,181.462296
2026-08-20,182.029999,179.550003,179.770004,179.288147
2026-08-21,181.240005,179.789993,180.250000,179.766861
2026-08-24,180.300003,178.360001,179.000000,178.520203
2026-08-25,180.960007,178.160004,178.399994,177.921814
2026-08-26,180.899994,178.899994,180.339996,179.856613
2026-08-27,180.490005,178.179993,178.800003,178.320740
2026-08-28,179.520004,176.649994,177.139999,176.665192
2026-08-31,176.259995,174.729996,175.130005,174.660583
2026-09-01,175.440002,172.149994,172.729996,172.267014
2026-09-02,173.339996,171.619995,172.779999,172.316879
2026-09-03,174.559998,172.020004,174.559998,174.092102
2026-09-04,175.779999,174.100006,175.270004,174.800201
2026-09-08,175.710007,174.270004,174.419998,173.952484
2026-09-09,174.160004,171.710007,171.789993,171.329529
2026-09-10,171.679993,170.000000,170.550003,170.092850
2026-09-11,172.919998,171.869995,172.369995,171.907974
2026-09-14,170.139999,168.339996,169.929993,169.474503
2026-09-15,171.029999,168.419998,168.850006,168.397415
2026-09-16,170.679993,167.490005,168.710007,168.257797
2026-09-17,171.509995,168.660004,169.009995,168.556976
2026-09-18,169.919998,168.479996,169.750000,169.294998
2026-09-21,170.690002,168.559998,169.979996,169.979996
2026-09-22,170.710007,169.130005,170.270004,170.270004
2026-09-23,171.130005,169.580002,170.100006,170.100006
2026-09-24,170.050003,168.250000,168.830002,168.830002
2026-09-25,171.020004,169.029999,170.429993,170.429993
